0 COSMOS 2251 DEB
1 33813U 93036BE  09130.35880722  .00000200  00000-0  45925-4 0  9998
2 33813 074.0520 208.7305 0122206 054.8599 306.3942 14.57679536 12795
0 COSMOS 2251 DEB
1 33813U 93036BE  09130.70195688 +.00000228 +00000-0 +51488-4 0  9998
2 33813 074.0519 208.0786 0122259 054.1072 307.1368 14.57679967012841
0 COSMOS 2251 DEB
1 33813U 93036BE  09131.66277529  .00000274  00000-0  60529-4 0  9996
2 33813 074.0517 206.2537 0122273 051.9734 309.2395 14.57680945 12985
0 COSMOS 2251 DEB
1 33813U 93036BE  09132.69222296 +.00000285 +00000-0 +62737-4 0  9996
2 33813 074.0522 204.2985 0122281 049.7345 311.4432 14.57681718013132
0 COSMOS 2251 DEB
1 33813U 93036BE  09133.17263174  .00000286  00000-0  62948-4 0  9995
2 33813 074.0521 203.3861 0122287 048.6811 312.4810 14.57682087 13205
0 COSMOS 2251 DEB
1 33813U 93036BE  09133.65304039 +.00000317 +00000-0 +69159-4 0  9990
2 33813 074.0520 202.4735 0122294 047.6224 313.5234 14.57682605013274
0 COSMOS 2251 DEB
1 33813U 93036BE  09134.27070762  .00000290  00000-0  63807-4 0  9996
2 33813 074.0520 201.3003 0122267 046.3127 314.8066 14.57682789 13368
0 COSMOS 2251 DEB
1 33813U 93036BE  09134.68248671 +.00000295 +00000-0 +64777-4 0  9999
2 33813 074.0522 200.5184 0122253 045.4073 315.6995 14.57683069013425
0 COSMOS 2251 DEB
1 33813U 93036BE  09135.36878376  .00000278  00000-0  61433-4 0  9993
2 33813 074.0521 199.2150 0122216 043.9333 317.1459 14.57683332 13528
0 COSMOS 2251 DEB
1 33813U 93036BE  09135.64330274 +.00000291 +00000-0 +64074-4 0  9993
2 33813 074.0520 198.6934 0122253 043.3270 317.7430 14.57683616013569
0 COSMOS 2251 DEB
1 33813U 93036BE  09136.67274798  .00000282  00000-0  62311-4 0  9997
2 33813 074.0520 196.7382 0122305 041.0768 319.9536 14.57684212 13711
0 COSMOS 2251 DEB
1 33813U 93036BE  09137.63356246 +.00000281 +00000-0 +62125-4 0  9995
2 33813 074.0517 194.9130 0122326 039.0017 321.9890 14.57684808013857
0 COSMOS 2251 DEB
1 33813U 93036BE  09138.11396957  .00000271  00000-0  60172-4 0  9991
2 33813 074.0516 194.0006 0122275 037.9828 322.9883 14.57685041 13920
0 COSMOS 2251 DEB
1 33813U 93036BE  09138.66300630 +.00000271 +00000-0 +60075-4 0  9996
2 33813 074.0517 192.9579 0122333 036.7723 324.1758 14.57685350014007
0 COSMOS 2251 DEB
1 33813U 93036BE  09139.14341306  .00000276  00000-0  60986-4 0  9991
2 33813 074.0519 192.0455 0122319 035.7355 325.1930 14.57685740 14070
0 COSMOS 2251 DEB
1 33813U 93036BE  09139.62381965 +.00000274 +00000-0 +60602-4 0  9992
2 33813 074.0520 191.1331 0122317 034.7022 326.2045 14.57685984014140
0 COSMOS 2251 DEB
1 33813U 93036BE  09140.24148496  .00000281  00000-0  62103-4 0  9998
2 33813 074.0522 189.9600 0122308 033.3650 327.5145 14.57686458 14230
0 COSMOS 2251 DEB
1 33813U 93036BE  09140.65326180 +.00000303 +00000-0 +66363-4 0  9998
2 33813 074.0522 189.1780 0122338 032.4534 328.4085 14.57686906014292
0 COSMOS 2251 DEB
1 33813U 93036BE  09141.27092661  .00000272  00000-0  60318-4 0  9990
2 33813 074.0527 188.0052 0122340 031.1068 329.7242 14.57687028 14383
0 COSMOS 2251 DEB
1 33813U 93036BE  09141.61407421 +.00000296 +00000-0 +64952-4 0  9996
2 33813 074.0522 187.3530 0122374 030.3673 330.4520 14.57687458014432
0 COSMOS 2251 DEB
1 33813U 93036BE  09142.64351478  .00000300  00000-0  65779-4 0  9994
2 33813 074.0522 185.3976 0122339 028.1377 332.6335 14.57688202 14583
0 COSMOS 2251 DEB
1 33813U 93036BE  09143.60432542 +.00000302 +00000-0 +66268-4 0  9999
2 33813 074.0525 183.5729 0122435 026.0280 334.6967 14.57688896014727
0 COSMOS 2251 DEB
1 33813U 93036BE  09144.08473069  .00000297  00000-0  65159-4 0  9992
2 33813 074.0522 182.6604 0122381 025.0297 335.6736 14.57689194 14797
0 COSMOS 2251 DEB
1 33813U 93036BE  09144.56513544 +.00000321 +00000-0 +70008-4 0  9995
2 33813 074.0518 181.7473 0122440 023.9572 336.7220 14.57689709014865
0 COSMOS 2251 DEB
1 33813U 93036BE  09145.45731591  .00000333  00000-0  72354-4 0  9997
2 33813 074.0524 180.0532 0122544 022.0020 338.6346 14.57690473 14997
0 COSMOS 2251 DEB
1 33813U 93036BE  09145.59457426 +.00000330 +00000-0 +71863-4 0  9995
2 33813 074.0521 179.7921 0122608 021.6824 338.9465 14.57690545015018
0 COSMOS 2251 DEB
1 33813U 93036BE  09146.48675420  .00000323  00000-0  70400-4 0  9998
2 33813 074.0521 178.0976 0122565 019.7569 340.8283 14.57691073 15147
0 COSMOS 2251 DEB
1 33813U 93036BE  09146.55538336 +.00000323 +00000-0 +70361-4 0  9996
2 33813 074.0520 177.9671 0122576 019.6019 340.9795 14.57691114015153
0 COSMOS 2251 DEB
1 33813U 93036BE  09147.58482100  .00000302  00000-0  66346-4 0  9992
2 33813 074.0519 176.0115 0122592 017.3578 343.1716 14.57691659 15306
0 COSMOS 2251 DEB
1 33813U 93036BE  09148.54562912 +.00000292 +00000-0 +64323-4 0  9990
2 33813 074.0516 174.1864 0122558 015.2873 345.1938 14.57692169015440
0 COSMOS 2251 DEB
1 33813U 93036BE  09149.09466208  .00000284  00000-0  62704-4 0  9994
2 33813 074.0516 173.1437 0122545 014.1139 346.3389 14.57692432 15529
0 COSMOS 2251 DEB
1 33813U 93036BE  09149.57506615 +.00000270 +00000-0 +59988-4 0  9999
2 33813 074.0516 172.2310 0122564 013.0662 347.3633 14.57692627015595
0 COSMOS 2251 DEB
1 33813U 93036BE  09150.53587341  .00000262  00000-0  58343-4 0  9997
2 33813 074.0515 170.4061 0122491 011.0042 349.3771 14.57693155 15734
0 COSMOS 2251 DEB
1 33813U 93036BE  09150.81038938 +.00000264 +00000-0 +58837-4 0  9991
2 33813 074.0515 169.8847 0122495 010.4050 349.9612 14.57693367015773
0 COSMOS 2251 DEB
1 33813U 93036BE  09151.83982461  .00000304  00000-0  66769-4 0  9991
2 33813 074.0519 167.9296 0122566 008.1586 352.1556 14.57694450 15925
0 COSMOS 2251 DEB
1 33813U 93036BE  09152.86925883 +.00000320 +00000-0 +69866-4 0  9999
2 33813 074.0518 165.9740 0122685 005.9054 354.3535 14.57695345016075
0 COSMOS 2251 DEB
1 33813U 93036BE  09153.14377438  .00000313  00000-0  68401-4 0  9994
2 33813 074.0520 165.4527 0122650 005.3259 354.9164 14.57695430 16113
0 COSMOS 2251 DEB
1 33813U 93036BE  09153.83006372 +.00000358 +00000-0 +77464-4 0  9994
2 33813 074.0518 164.1491 0122672 003.8224 356.3882 14.57696438016218
0 COSMOS 2251 DEB
1 33813U 93036BE  09154.17320801  .00000338  00000-0  73523-4 0  9998
2 33813 074.0517 163.4969 0122595 003.0918 357.0973 14.57696411 16260
0 COSMOS 2251 DEB
1 33813U 93036BE  09154.79086780 +.00000375 +00000-0 +80730-4 0  9990
2 33813 074.0517 162.3235 0122644 001.7449 358.4136 14.57697287016351
0 COSMOS 2251 DEB
1 33813U 93036BE  09155.40852732  .00000375  00000-0  80765-4 0  9995
2 33813 074.0518 161.1504 0122652 000.4040 359.7205 14.57697744 16449
0 COSMOS 2251 DEB
1 33813U 93036BE  09155.82030023 +.00000378 +00000-0 +81266-4 0  9992
2 33813 074.0516 160.3681 0122633 359.5069 000.5968 14.57698153016501
0 COSMOS 2251 DEB
1 33813U 93036BE  09156.50658872  .00000367  00000-0  79249-4 0  9992
2 33813 074.0521 159.0646 0122715 358.0395 002.0273 14.57698528 16603
0 COSMOS 2251 DEB
1 33813U 93036BE  09157.46739220 +.00000346 +00000-0 +75009-4 0  9992
2 33813 074.0519 157.2395 0122693 355.9761 004.0408 14.57699036016741
0 COSMOS 2251 DEB
1 33813U 93036BE  09158.01642229  .00000328  00000-0  71558-4 0  9991
2 33813 074.0519 156.1967 0122643 354.7942 005.1930 14.57699285 16824
0 COSMOS 2251 DEB
1 33813U 93036BE  09158.77133896 +.00000315 +00000-0 +68931-4 0  9996
2 33813 074.0524 154.7630 0122731 353.1530 006.7957 14.57699770016932
0 COSMOS 2251 DEB
1 33813U 93036BE  09159.04585382  .00000330  00000-0  71815-4 0  9990
2 33813 074.0525 154.2415 0122720 352.5471 007.3881 14.57700138 16972
0 COSMOS 2251 DEB
1 33813U 93036BE  09159.45762561 +.00000349 +00000-0 +75566-4 0  9998
2 33813 074.0521 153.4590 0122664 351.6738 008.2388 14.57700613017034
0 COSMOS 2251 DEB
1 33813U 93036BE  09160.41842746  .00000369  00000-0  79563-4 0  9993
2 33813 074.0521 151.6341 0122692 349.6029 010.2617 14.57701541 17173
0 COSMOS 2251 DEB
1 33813U 93036BE  09160.96745643 +.00000376 +00000-0 +80966-4 0  9998
2 33813 074.0520 150.5912 0122695 348.4233 011.4126 14.57702101017251
0 COSMOS 2251 DEB
1 33813U 93036BE  09161.44785662  .00000391  00000-0  84026-4 0  9995
2 33813 074.0517 149.6784 0122693 347.3963 012.4138 14.57702599 17322
0 COSMOS 2251 DEB
1 33813U 93036BE  09162.40865744 +.00000409 +00000-0 +87418-4 0  9990
2 33813 074.0515 147.8533 0122714 345.3323 014.4308 14.57703549017466
0 COSMOS 2251 DEB
1 33813U 93036BE  09163.09494291  .00000393  00000-0  84369-4 0  9995
2 33813 074.0515 146.5495 0122682 343.8680 015.8582 14.57704011 17567
0 COSMOS 2251 DEB
1 33813U 93036BE  09163.78122864 +.00000418 +00000-0 +89229-4 0  9993
2 33813 074.0512 145.2457 0122832 342.3872 017.3065 14.57704852017669
0 COSMOS 2251 DEB
1 33813U 93036BE  09164.39888515  .00000422  00000-0  90041-4 0  9992
2 33813 074.0514 144.0726 0122814 341.0442 018.6169 14.57705405 17750
0 COSMOS 2251 DEB
1 33813U 93036BE  09164.74202769 +.00000432 +00000-0 +91998-4 0  9995
2 33813 074.0515 143.4209 0122836 340.3028 019.3420 14.57705835017807
0 COSMOS 2251 DEB
1 33813U 93036BE  09165.70282721  .00000397  00000-0  85048-4 0  9997
2 33813 074.0510 141.5953 0122898 338.2444 021.3535 14.57706300 17946
0 COSMOS 2251 DEB
1 33813U 93036BE  09166.38911196 +.00000384 +00000-0 +82583-4 0  9994
2 33813 074.0511 140.2916 0122867 336.7587 022.8045 14.57706727018046
0 COSMOS 2251 DEB
1 33813U 93036BE  09167.00676815  .00000332  00000-0  72349-4 0  9992
2 33813 074.0511 139.1182 0122889 335.4391 024.0908 14.57706714 18139
0 COSMOS 2251 DEB
1 33813U 93036BE  09167.69305389 +.00000325 +00000-0 +71035-4 0  9995
2 33813 074.0510 137.8144 0122923 333.9410 025.5613 14.57707168018239
0 COSMOS 2251 DEB
1 33813U 93036BE  09168.37933837  .00000320  00000-0  69965-4 0  9990
2 33813 074.0513 136.5110 0123011 332.4704 026.9973 14.57707557 18337
0 COSMOS 2251 DEB
1 33813U 93036BE  09168.72248072 +.00000320 +00000-0 +70015-4 0  9997
2 33813 074.0514 135.8593 0123001 331.7258 027.7269 14.57707827018382
0 COSMOS 2251 DEB
1 33813U 93036BE  09169.40876588  .00000261  00000-0  58262-4 0  9996
2 33813 074.0518 134.5559 0122940 330.2397 029.1811 14.57707712 18486
0 COSMOS 2251 DEB
1 33813U 93036BE  09169.88916506 +.00000257 +00000-0 +57603-4 0  9996
2 33813 074.0520 133.6434 0122967 329.2091 030.1896 14.57707980018559
0 COSMOS 2251 DEB
1 33813U 93036BE  09170.64407826  .00000242  00000-0  54564-4 0  9999
2 33813 074.0517 132.2091 0122945 327.5663 031.7989 14.57708246 18669
0 COSMOS 2251 DEB
1 33813U 93036BE  09170.91859197 +.00000237 +00000-0 +53528-4 0  9994
2 33813 074.0517 131.6878 0122933 326.9759 032.3762 14.57708332018708
0 COSMOS 2251 DEB
1 33813U 93036BE  09171.87939046  .00000216  00000-0  49424-4 0  9999
2 33813 074.0518 129.8625 0122965 324.9161 034.3942 14.57708663 18842
0 COSMOS 2251 DEB
1 33813U 93036BE  09172.90881745 +.00000204 +00000-0 +47195-4 0  9996
2 33813 074.0519 127.9073 0122986 322.6950 036.5719 14.57709050018996
0 COSMOS 2251 DEB
1 33813U 93036BE  09172.97744587  .00000203  00000-0  46893-4 0  9998
2 33813 074.0520 127.7769 0122997 322.5495 036.7142 14.57709069 19008
0 COSMOS 2251 DEB
1 33813U 93036BE  09173.86961537 +.00000203 +00000-0 +46925-4 0  9999
2 33813 074.0518 126.0822 0123004 320.6378 038.5878 14.57709502019138
0 COSMOS 2251 DEB
1 33813U 93036BE  09174.28138659  .00000205  00000-0  47367-4 0  9990
2 33813 074.0523 125.3002 0123038 319.7675 039.4434 14.57709687 19190
0 COSMOS 2251 DEB
1 33813U 93036BE  09174.83041398 +.00000190 +00000-0 +44360-4 0  9997
2 33813 074.0519 124.2572 0122992 318.5736 040.6148 14.57709816019277
0 COSMOS 2251 DEB
1 33813U 93036BE  09175.31081339  .00000187  00000-0  43839-4 0  9996
2 33813 074.0520 123.3447 0122938 317.5208 041.6496 14.57709947 19343
0 COSMOS 2251 DEB
1 33813U 93036BE  09175.85984083 +.00000157 +00000-0 +37832-4 0  9996
2 33813 074.0520 122.3017 0122861 316.3190 042.8283 14.57709892019422
0 COSMOS 2251 DEB
1 33813U 93036BE  09176.34024093  .00000135  00000-0  33479-4 0  9996
2 33813 074.0521 121.3890 0122946 315.3087 043.8223 14.57709826 19498
0 COSMOS 2251 DEB
1 33813U 93036BE  09176.82064011 +.00000136 +00000-0 +33788-4 0  9997
2 33813 074.0521 120.4765 0122930 314.2676 044.8461 14.57710044019561
0 COSMOS 2251 DEB
1 33813U 93036BE  09177.85006697  .00000119  00000-0  30403-4 0  9999
2 33813 074.0526 118.5215 0122893 312.0568 047.0169 14.57710202 19711
0 COSMOS 2251 DEB
1 33813U 93036BE  09178.81086630 +.00000092 +00000-0 +25041-4 0  9993
2 33813 074.0526 116.6962 0122923 310.0121 049.0301 14.57710265019850
0 COSMOS 2251 DEB
1 33813U 93036BE  09178.94812335  .00000089  00000-0  24411-4 0  9992
2 33813 074.0528 116.4355 0122937 309.7190 049.3186 14.57710279 19873
0 COSMOS 2251 DEB
1 33813U 93036BE  09179.77166515 +.00000100 +00000-0 +26581-4 0  9990
2 33813 074.0521 114.8709 0122909 307.9388 051.0719 14.57710586019995
0 COSMOS 2251 DEB
1 33813U 93036BE  09179.97755061  .00000077  00000-0  22056-4 0  9998
2 33813 074.0531 114.4803 0122967 307.5225 051.4786 14.57710420 20028
0 COSMOS 2251 DEB
1 33813U 93036BE  09180.86972147 +.00000078 +00000-0 +22299-4 0  9994
2 33813 074.0532 112.7858 0123010 305.6287 053.3453 14.57710664020153
0 COSMOS 2251 DEB
1 33813U 93036BE  09181.28149296  .00000085  00000-0  23707-4 0  9995
2 33813 074.0525 112.0031 0122941 304.7103 054.2543 14.57710799 20216
0 COSMOS 2251 DEB
1 33813U 93036BE  09181.76189232 +.00000088 +00000-0 +24261-4 0  9991
2 33813 074.0525 111.0907 0122926 303.6609 055.2886 14.57710961020288
0 COSMOS 2251 DEB
1 33813U 93036BE  09182.79132014  .00000105  00000-0  27593-4 0  9992
2 33813 074.0526 109.1352 0122923 301.4740 057.4463 14.57711367 20433
0 COSMOS 2251 DEB
1 33813U 93036BE  09183.82074784  .00000108  00000-0  28227-4 0  9994
2 33813 074.0526 107.1798 0122926 299.2502 059.6424 14.57711726 20584
0 COSMOS 2251 DEB
1 33813U 93036BE  09184.78154709 +.00000117 +00000-0 +29920-4 0  9997
2 33813 074.0527 105.3550 0122943 297.1961 061.6712 14.57712081020720
0 COSMOS 2251 DEB
1 33813U 93036BE  09184.85017568  .00000095  00000-0  25573-4 0  9991
2 33813 074.0528 105.2244 0122918 297.0424 061.8221 14.57711879 20737
0 COSMOS 2251 DEB
1 33813U 93036BE  09185.74234699 +.00000114 +00000-0 +29404-4 0  9995
2 33813 074.0529 103.5300 0122926 295.1161 063.7300 14.57712328020861
0 COSMOS 2251 DEB
1 33813U 93036BE  09185.94823243  .00000110  00000-0  28591-4 0  9998
2 33813 074.0531 103.1391 0122915 294.6587 064.1810 14.57712323 20893
0 COSMOS 2251 DEB
1 33813U 93036BE  09186.84040373 +.00000092 +00000-0 +25126-4 0  9993
2 33813 074.0530 101.4443 0122886 292.7416 066.0780 14.57712384021028
0 COSMOS 2251 DEB
1 33813U 93036BE  09187.25217552  .00000096  00000-0  25838-4 0  9998
2 33813 074.0528 100.6620 0122905 291.8589 066.9542 14.57712515 21083
0 COSMOS 2251 DEB
1 33813U 93036BE  09187.80120403 +.00000089 +00000-0 +24450-4 0  9998
2 33813 074.0531 099.6196 0122929 290.6834 068.1178 14.57712597021166
0 COSMOS 2251 DEB
1 33813U 93036BE  09188.76200432  .00000083  00000-0  23337-4 0  9992
2 33813 074.0531 097.7946 0122902 288.5978 070.1859 14.57712756 21306
0 COSMOS 2251 DEB
1 33813U 93036BE  09189.72280562 +.00000055 +00000-0 +17828-4 0  9998
2 33813 074.0531 095.9697 0122926 286.5527 072.2176 14.57712712021445
0 COSMOS 2251 DEB
1 33813U 93036BE  09189.92869127  .00000041  00000-0  15039-4 0  9997
2 33813 074.0533 095.5787 0122905 286.1004 072.6645 14.57712601 21471
0 COSMOS 2251 DEB
1 33813U 93036BE  09190.88949234 +.00000034 +00000-0 +13574-4 0  9996
2 33813 074.0530 093.7534 0122860 284.0065 074.7456 14.57712678021615
0 COSMOS 2251 DEB
1 33813U 93036BE  09191.16400712  .00000046  00000-0  15978-4 0  9994
2 33813 074.0532 093.2323 0122870 283.4283 075.3217 14.57712847 21658
0 COSMOS 2251 DEB
1 33813U 93036BE  09191.71303626 +.00000051 +00000-0 +16974-4 0  9994
2 33813 074.0532 092.1893 0122888 282.2441 076.4996 14.57713013021731
0 COSMOS 2251 DEB
1 33813U 93036BE  09192.19343679  .00000061  00000-0  19029-4 0  9994
2 33813 074.0532 091.2768 0122878 281.2082 077.5301 14.57713187 21803
0 COSMOS 2251 DEB
1 33813U 93036BE  09192.81109450 +.00000058 +00000-0 +18381-4 0  9996
2 33813 074.0533 090.1037 0122872 279.8674 078.8631 14.57713282021890
0 COSMOS 2251 DEB
1 33813U 93036BE  09193.22286647  .00000081  00000-0  22863-4 0  9992
2 33813 074.0533 089.3215 0122876 278.9845 079.7434 14.57713590 21952
0 COSMOS 2251 DEB
1 33813U 93036BE  09193.77189553 +.00000082 +00000-0 +23016-4 0  9992
2 33813 074.0533 088.2785 0122868 277.8055 080.9171 14.57713770022036
0 COSMOS 2251 DEB
1 33813U 93036BE  09194.66406823  .00000103  00000-0  27197-4 0  9991
2 33813 074.0529 086.5837 0122874 275.8812 082.8367 14.57714206 22163
0 COSMOS 2251 DEB
1 33813U 93036BE  09194.80132540 +.00000101 +00000-0 +26927-4 0  9997
2 33813 074.0530 086.3230 0122867 275.5785 083.1375 14.57714222022181
0 COSMOS 2251 DEB
1 33813U 93036BE  09195.69349808  .00000130  00000-0  32643-4 0  9996
2 33813 074.0528 084.6282 0122878 273.6822 085.0303 14.57714757 22319
0 COSMOS 2251 DEB
1 33813U 93036BE  09195.76212667 +.00000116 +00000-0 +29797-4 0  9996
2 33813 074.0530 084.4977 0122865 273.5443 085.1664 14.57714652022321
0 COSMOS 2251 DEB
1 33813U 93036BE  09196.72292814  .00000139  00000-0  34437-4 0  9997
2 33813 074.0527 082.6726 0122867 271.4888 087.2201 14.57715183 22466
0 COSMOS 2251 DEB
1 33813U 93036BE  09196.72292814 +.00000139 +00000-0 +34437-4 0  9997
2 33813 074.0527 082.6726 0122867 271.4888 087.2201 14.57715183022466
0 COSMOS 2251 DEB
1 33813U 93036BE  09197.75235828 +.00000144 +00000-0 +35435-4 0  9998
2 33813 074.0530 080.7172 0122848 269.2983 089.4092 14.57715620022619
0 COSMOS 2251 DEB
1 33813U 93036BE  09198.16413068  .00000147  00000-0  35853-4 0  9995
2 33813 074.0528 079.9348 0122852 268.4045 090.3047 14.57715773 22672
0 COSMOS 2251 DEB
1 33813U 93036BE  09198.71316000 +.00000149 +00000-0 +36331-4 0  9998
2 33813 074.0528 078.8919 0122863 267.2247 091.4845 14.57716012022751
0 COSMOS 2251 DEB
1 33813U 93036BE  09199.67396185 +.00000152 +00000-0 +36842-4 0  9997
2 33813 074.0529 077.0670 0122873 265.1573 093.5548 14.57716379022891
0 COSMOS 2251 DEB
1 33813U 93036BE  09200.77202143 +.00000129 +00000-0 +32440-4 0  9995
2 33813 074.0533 074.9811 0122863 262.8402 095.8768 14.57716588023053
0 COSMOS 2251 DEB
1 33813U 93036BE  09201.73282397 +.00000113 +00000-0 +29144-4 0  9991
2 33813 074.0534 073.1560 0122846 260.8262 097.8974 14.57716732023196
0 COSMOS 2251 DEB
1 33813U 93036BE  09202.07596798  .00000130  00000-0  32482-4 0  9990
2 33813 074.0535 072.5044 0122844 260.1201 098.6087 14.57717012 23243
0 COSMOS 2251 DEB
1 33813U 93036BE  09202.69362647 +.00000108 +00000-0 +28296-4 0  9995
2 33813 074.0536 071.3311 0122837 258.7807 099.9513 14.57716988023334
0 COSMOS 2251 DEB
1 33813U 93036BE  09203.10539936  .00000124  00000-0  31282-4 0  9996
2 33813 074.0532 070.5486 0122829 257.8993 100.8400 14.57717250 23397
0 COSMOS 2251 DEB
1 33813U 93036BE  09203.65442916 +.00000124 +00000-0 +31398-4 0  9995
2 33813 074.0532 069.5058 0122832 256.7032 102.0414 14.57717437023471
0 COSMOS 2251 DEB
1 33813U 93036BE  09204.13483051  .00000133  00000-0  33213-4 0  9992
2 33813 074.0536 068.5932 0122801 255.6886 103.0632 14.57717730 23543
0 COSMOS 2251 DEB
1 33813U 93036BE  09204.68385998 +.00000141 +00000-0 +34671-4 0  9991
2 33813 074.0537 067.5504 0122803 254.5235 104.2334 14.57718034023625
0 COSMOS 2251 DEB
1 33813U 93036BE  09205.57603334  .00000183  00000-0  42954-4 0  9996
2 33813 074.0532 065.8553 0122801 252.5978 106.1742 14.57718821 23757
0 COSMOS 2251 DEB
1 33813U 93036BE  09205.71329057 +.00000182 +00000-0 +42800-4 0  9998
2 33813 074.0533 065.5945 0122796 252.3091 106.4636 14.57718877023775
0 COSMOS 2251 DEB
1 33813U 93036BE  09206.67409212  .00000226  00000-0  51410-4 0  9992
2 33813 074.0533 063.7691 0122782 250.2475 108.5407 14.57719774 23913
0 COSMOS 2251 DEB
1 33813U 93036BE  09207.63489366 +.00000263 +00000-0 +58778-4 0  9992
2 33813 074.0528 061.9435 0122778 248.1747 110.6317 14.57720663024055
0 COSMOS 2251 DEB
1 33813U 93036BE  09208.04666594  .00000281  00000-0  62349-4 0  9997
2 33813 074.0527 061.1614 0122794 247.2896 111.5263 14.57721071 24119
0 COSMOS 2251 DEB
1 33813U 93036BE  09208.66432391 +.00000279 +00000-0 +62025-4 0  9999
2 33813 074.0530 059.9879 0122752 245.9651 112.8615 14.57721432024205
0 COSMOS 2251 DEB
1 33813U 93036BE  09209.07609606  .00000299  00000-0  65964-4 0  9997
2 33813 074.0526 059.2053 0122747 245.0840 113.7526 14.57721856 24269
0 COSMOS 2251 DEB
1 33813U 93036BE  09209.62512552 +.00000300 +00000-0 +65994-4 0  9997
2 33813 074.0527 058.1622 0122766 243.8739 114.9755 14.57722214024349
0 COSMOS 2251 DEB
1 33813U 93036BE  09210.65455567  .00000278  00000-0  61629-4 0  9999
2 33813 074.0532 056.2065 0122703 241.6880 117.1844 14.57722709 24498
0 COSMOS 2251 DEB
1 33813U 93036BE  09211.68398607  .00000267  00000-0  59514-4 0  9992
2 33813 074.0529 054.2503 0122711 239.4872 119.4128 14.57723255 24648
0 COSMOS 2251 DEB
1 33813U 93036BE  09212.91930235 +.00000255 +00000-0 +57226-4 0  9993
2 33813 074.0531 051.9038 0122713 236.8318 122.1022 14.57723879024822
0 COSMOS 2251 DEB
1 33813U 93036BE  09213.05655983  .00000260  00000-0  58213-4 0  9996
2 33813 074.0528 051.6425 0122702 236.5490 122.3905 14.57724025 24849
0 COSMOS 2251 DEB
1 33813U 93036BE  09213.60558870 +.00000267 +00000-0 +59517-4 0  9999
2 33813 074.0529 050.5995 0122705 235.3697 123.5843 14.57724443024926
0 COSMOS 2251 DEB
1 33813U 93036BE  09214.63501852  .00000272  00000-0  60424-4 0  9996
2 33813 074.0530 048.6441 0122708 233.1390 125.8471 14.57725128 25071
0 COSMOS 2251 DEB
1 33813U 93036BE  09215.93896247 +.00000300 +00000-0 +65977-4 0  9995
2 33813 074.0529 046.1669 0122683 230.3526 128.6771 14.57726266025265
0 COSMOS 2251 DEB
1 33813U 93036BE  09216.00759097  .00000301  00000-0  66163-4 0  9994
2 33813 074.0527 046.0363 0122671 230.2135 128.8180 14.57726314 25276
0 COSMOS 2251 DEB
1 33813U 93036BE  09216.62524829 +.00000307 +00000-0 +67392-4 0  9996
2 33813 074.0529 044.8630 0122695 228.8620 130.1902 14.57726806025363
0 COSMOS 2251 DEB
1 33813U 93036BE  09217.51742012  .00000330  00000-0  71833-4 0  9992
2 33813 074.0529 043.1682 0122673 226.9548 132.1298 14.57727635 25491
0 COSMOS 2251 DEB
1 33813U 93036BE  09217.99782040 +.00000323 +00000-0 +70464-4 0  9990
2 33813 074.0526 042.2553 0122672 225.9201 133.1819 14.57727886025565
0 COSMOS 2251 DEB
1 33813U 93036BE  09218.88999175 +.00000334 +00000-0 +72639-4 0  9996
2 33813 074.0528 040.5607 0122697 223.9906 135.1444 14.57728627025699
0 COSMOS 2251 DEB
1 33813U 93036BE  09219.02724892  .00000328  00000-0  71561-4 0  9991
2 33813 074.0526 040.2997 0122710 223.6910 135.4494 14.57728679 25712
0 COSMOS 2251 DEB
1 33813U 93036BE  09219.57627744 +.00000313 +00000-0 +68534-4 0  9999
2 33813 074.0527 039.2567 0122664 222.5191 136.6412 14.57728938025790
0 COSMOS 2251 DEB
1 33813U 93036BE  09220.46844893  .00000327  00000-0  71355-4 0  9995
2 33813 074.0522 037.5612 0122666 220.6209 138.5766 14.57729689 25920
0 COSMOS 2251 DEB
1 33813U 93036BE  09220.88022015 +.00000328 +00000-0 +71405-4 0  9992
2 33813 074.0523 036.7791 0122684 219.7289 139.4847 14.57729972025988
0 COSMOS 2251 DEB
1 33813U 93036BE  09221.49787695  .00000320  00000-0  69820-4 0  9992
2 33813 074.0520 035.6055 0122725 218.3782 140.8608 14.57730341 26079
0 COSMOS 2251 DEB
1 33813U 93036BE  09221.56650546 +.00000297 +00000-0 +65281-4 0  9994
2 33813 074.0523 035.4750 0122704 218.2219 141.0183 14.57730181026087
0 COSMOS 2251 DEB
1 33813U 93036BE  09222.52730514  .00000305  00000-0  66869-4 0  9998
2 33813 074.0522 033.6494 0122704 216.1640 143.1185 14.57730912 26229
0 COSMOS 2251 DEB
1 33813U 93036BE  09222.93907628 +.00000307 +00000-0 +67391-4 0  9998
2 33813 074.0522 032.8672 0122683 215.2917 144.0081 14.57731200026283
0 COSMOS 2251 DEB
1 33813U 93036BE  09223.62536146  .00000274  00000-0  60878-4 0  9994
2 33813 074.0524 031.5634 0122717 213.7982 145.5293 14.57731310 26386
0 COSMOS 2251 DEB
1 33813U 93036BE  09224.86067514 +.00000277 +00000-0 +61376-4 0  9996
2 33813 074.0523 029.2165 0122726 211.1469 148.2388 14.57732122026567
0 COSMOS 2251 DEB
1 33813U 93036BE  09224.92930356  .00000276  00000-0  61182-4 0  9990
2 33813 074.0523 029.0861 0122721 211.0019 148.3864 14.57732151 26576
0 COSMOS 2251 DEB
1 33813U 93036BE  09225.54696003 +.00000266 +00000-0 +59278-4 0  9999
2 33813 074.0527 027.9127 0122716 209.6662 149.7500 14.57732469026667
0 COSMOS 2251 DEB
1 33813U 93036BE  09225.95873114  .00000260  00000-0  58060-4 0  9996
2 33813 074.0526 027.1304 0122749 208.7748 150.6612 14.57732657 26727
0 COSMOS 2251 DEB
1 33813U 93036BE  09226.85090136 +.00000263 +00000-0 +58544-4 0  9991
2 33813 074.0529 025.4356 0122695 206.8808 152.5966 14.57733239026858
0 COSMOS 2251 DEB
1 33813U 93036BE  09227.39992924  .00000261  00000-0  58287-4 0  9999
2 33813 074.0528 024.3926 0122736 205.6894 153.8151 14.57733563 26935
0 COSMOS 2251 DEB
1 33813U 93036BE  09227.88032856 +.00000258 +00000-0 +57574-4 0  9996
2 33813 074.0532 023.4802 0122715 204.6616 154.8654 14.57733793027004
0 COSMOS 2251 DEB
1 33813U 93036BE  09228.42935623  .00000254  00000-0  56808-4 0  9996
2 33813 074.0531 022.4368 0122722 203.4821 156.0715 14.57734078 27089
0 COSMOS 2251 DEB
1 33813U 93036BE  09228.90975559 +.00000242 +00000-0 +54436-4 0  9993
2 33813 074.0531 021.5241 0122693 202.4649 157.1115 14.57734200027154
0 COSMOS 2251 DEB
1 33813U 93036BE  09229.80192552  .00000241  00000-0  54176-4 0  9997
2 33813 074.0533 019.8295 0122750 200.5346 159.0863 14.57734667 27284
0 COSMOS 2251 DEB
1 33813U 93036BE  09230.83135135  .00000230  00000-0  51979-4 0  9992
2 33813 074.0531 017.8732 0123222 198.3500 161.3210 14.57735094 27431
0 COSMOS 2251 DEB
1 33813U 93036BE  09231.79214933 +.00000243 +00000-0 +54602-4 0  9992
2 33813 074.0533 016.0484 0123202 196.3020 163.4184 14.57735726027571
0 COSMOS 2251 DEB
1 33813U 93036BE  09232.34117631  .00000202  00000-0  46518-4 0  9993
2 33813 074.0529 015.0048 0123295 195.1279 164.6185 14.57735670 27657
0 COSMOS 2251 DEB
1 33813U 93036BE  09232.40980480 +.00000195 +00000-0 +45027-4 0  9995
2 33813 074.0535 014.8741 0123208 194.9861 164.7633 14.57735664027662
0 COSMOS 2251 DEB
1 33813U 93036BE  09233.43923155  .00000136  00000-0  33470-4 0  9999
2 33813 074.0537 012.9187 0123142 192.7612 167.0389 14.57735506 27810
0 COSMOS 2251 DEB
1 33813U 93036BE  09234.81180079  .00000187  00000-0  43411-4 0  9994
2 33813 074.0547 010.3119 0123076 189.7914 170.0862 14.57736444 28010
0 COSMOS 2251 DEB
1 33813U 93036BE  09235.77259738 +.00000190 +00000-0 +44107-4 0  9996
2 33813 074.0552 008.4870 0123159 187.7323 172.1933 14.57736965028157
0 COSMOS 2251 DEB
1 33813U 93036BE  09236.32162470  .00000158  00000-0  37765-4 0  9990
2 33813 074.0553 007.4442 0123099 186.5375 173.4175 14.57736970 28236
0 COSMOS 2251 DEB
1 33813U 93036BE  09236.73339530 +.00000172 +00000-0 +40569-4 0  9990
2 33813 074.0558 006.6627 0123095 185.6440 174.3357 14.57737301028293
0 COSMOS 2251 DEB
1 33813U 93036BE  09237.41967732  .00000192  00000-0  44468-4 0  9991
2 33813 074.0551 005.3594 0123163 184.1868 175.8243 14.57737821 28397
0 COSMOS 2251 DEB
1 33813U 93036BE  09238.44910341  .00000198  00000-0  45559-4 0  9997
2 33813 074.0554 003.4038 0123143 182.0212 178.0493 14.57738279 28547
0 COSMOS 2251 DEB
1 33813U 93036BE  09239.40989960 +.00000171 +00000-0 +40384-4 0  9999
2 33813 074.0550 001.5779 0123147 179.9619 180.1571 14.57738435028684
0 COSMOS 2251 DEB
1 33813U 93036BE  09239.75304131  .00000208  00000-0  47519-4 0  9996
2 33813 074.0556 000.9263 0123083 179.2321 180.9075 14.57738921 28736
0 COSMOS 2251 DEB
1 33813U 93036BE  09240.43932387 +.00000210 +00000-0 +47911-4 0  9992
2 33813 074.0559 359.6229 0123168 177.7669 182.4080 14.57739254028831
0 COSMOS 2251 DEB
1 33813U 93036BE  09241.40011954  .00000183  00000-0  42703-4 0  9991
2 33813 074.0562 357.7983 0123178 175.7075 184.5165 14.57739480 28974
0 COSMOS 2251 DEB
1 33813U 93036BE  09241.74326114 +.00000139 +00000-0 +33908-4 0  9993
2 33813 074.0552 357.1451 0123050 174.9976 185.2414 14.57739117029026
0 COSMOS 2251 DEB
1 33813U 93036BE  09242.42954435  .00000133  00000-0  32800-4 0  9996
2 33813 074.0561 355.8417 0123119 173.5261 186.7526 14.57739360 29122
0 COSMOS 2251 DEB
1 33813U 93036BE  09243.39034023 +.00000095 +00000-0 +25234-4 0  9995
2 33813 074.0561 354.0169 0123104 171.4778 188.8509 14.57739337029264
0 COSMOS 2251 DEB
1 33813U 93036BE  09244.28250786  .00000127  00000-0  31596-4 0  9994
2 33813 074.0564 352.3228 0123156 169.5692 190.8113 14.57739948 29390
0 COSMOS 2251 DEB
1 33813U 93036BE  09244.69427653 +.00000128 +00000-0 +31790-4 0  9995
2 33813 074.0558 351.5398 0123049 168.6852 191.7123 14.57740059029454
0 COSMOS 2251 DEB
1 33813U 93036BE  09245.31193061  .00000130  00000-0  32104-4 0  9991
2 33813 074.0558 350.3667 0123032 167.3592 193.0716 14.57740300 29541
0 COSMOS 2251 DEB
1 33813U 93036BE  09245.72369972 +.00000136 +00000-0 +33303-4 0  9990
2 33813 074.0549 349.5831 0122925 166.5101 193.9403 14.57740408029609
0 COSMOS 2251 DEB
1 33813U 93036BE  09246.34135349  .00000154  00000-0  36971-4 0  9992
2 33813 074.0555 348.4097 0122911 165.1950 195.2897 14.57740886 29691
0 COSMOS 2251 DEB
1 33813U 93036BE  09247.37077556  .00000129  00000-0  31993-4 0  9992
2 33813 074.0566 346.4550 0122929 162.9760 197.5587 14.57741113 29840
0 COSMOS 2251 DEB
1 33813U 93036BE  09248.33156893 +.00000158 +00000-0 +37628-4 0  9994
2 33813 074.0562 344.6289 0122849 160.9444 199.6369 14.57741691029980
0 COSMOS 2251 DEB
1 33813U 93036BE  09248.67470974  .00000166  00000-0  39195-4 0  9990
2 33813 074.0560 343.9772 0122814 160.1966 200.4035 14.57741904 30036
0 COSMOS 2251 DEB
1 33813U 93036BE  09249.63550306 +.00000219 +00000-0 +49696-4 0  9991
2 33813 074.0566 342.1531 0122923 158.1462 202.5056 14.57742811030174
0 COSMOS 2251 DEB
1 33813U 93036BE  09249.70413029  .00000205  00000-0  46967-4 0  9992
2 33813 074.0559 342.0218 0122844 158.0040 202.6455 14.57742688 30187
0 COSMOS 2251 DEB
1 33813U 93036BE  09250.32178297 +.00000181 +00000-0 +42250-4 0  9991
2 33813 074.0561 340.8489 0122867 156.6678 204.0109 14.57742725030276
0 COSMOS 2251 DEB
1 33813U 93036BE  09251.35120491 +.00000174 +00000-0 +40877-4 0  9993
2 33813 074.0557 338.8936 0122670 154.4797 206.2523 14.57743014030428
0 COSMOS 2251 DEB
1 33813U 93036BE  09252.65513674  .00000108  00000-0  27799-4 0  9991
2 33813 074.0557 336.4162 0122615 151.6980 209.0891 14.57742888 30613
0 COSMOS 2251 DEB
1 33813U 93036BE  09253.34141698 +.00000143 +00000-0 +34574-4 0  9999
2 33813 074.0558 335.1131 0122548 150.2277 210.5941 14.57743448030712
0 COSMOS 2251 DEB
1 33813U 93036BE  09254.23358055  .00000154  00000-0  36822-4 0  9995
2 33813 074.0560 333.4191 0122522 148.3088 212.5546 14.57743921 30845
0 COSMOS 2251 DEB
1 33813U 93036BE  09254.64534790 +.00000041 +00000-0 +14500-4 0  9996
2 33813 074.0568 332.6370 0122705 147.4867 213.3840 14.57742817030907
0 COSMOS 2251 DEB
1 33813U 93036BE  09255.26300064  .00000065  00000-0  19308-4 0  9997
2 33813 074.0566 331.4641 0122674 146.1777 214.7287 14.57743269 30995
0 COSMOS 2251 DEB
1 33813U 93036BE  09256.29242010  .00000051  00000-0  16577-4 0  9997
2 33813 074.0570 329.5093 0122598 143.9670 216.9842 14.57743406 31143
0 COSMOS 2251 DEB
1 33813U 93036BE  09256.63555976 +.00000058 +00000-0 +17834-4 0  9997
2 33813 074.0566 328.8571 0122490 143.1896 217.7767 14.57743565031190
0 COSMOS 2251 DEB
1 33813U 93036BE  09257.59634986  .00000082  00000-0  22585-4 0  9998
2 33813 074.0558 327.0311 0122396 141.1123 219.8929 14.57744024 31330
0 COSMOS 2251 DEB
1 33813U 93036BE  09258.28262838 +.00000154 +00000-0 +36734-4 0  9999
2 33813 074.0565 325.7280 0122408 139.6556 221.3795 14.57744840031430
0 COSMOS 2251 DEB
1 33813U 93036BE  09259.24341752  .00000137  00000-0  33396-4 0  9991
2 33813 074.0568 323.9037 0122418 137.5805 223.4889 14.57745031 31573
0 COSMOS 2251 DEB
1 33813U 93036BE  09259.58655686 +.00000141 +00000-0 +34205-4 0  9997
2 33813 074.0560 323.2510 0122300 136.8326 224.2513 14.57745153031628
0 COSMOS 2251 DEB
1 33813U 93036BE  09260.27283471  .00000175  00000-0  40973-4 0  9990
2 33813 074.0563 321.9480 0122295 135.3801 225.7329 14.57745809 31727
0 COSMOS 2251 DEB
1 33813U 93036BE  09260.61597271 +.00000188 +00000-0 +43473-4 0  9996
2 33813 074.0552 321.2946 0122190 134.6042 226.5168 14.57745971031773
0 COSMOS 2251 DEB
1 33813U 93036BE  09261.57676108  .00000183  00000-0  42505-4 0  9999
2 33813 074.0552 319.4693 0122034 132.5090 228.6450 14.57746253 31915
0 COSMOS 2251 DEB
1 33813U 93036BE  09262.26303805 +.00000186 +00000-0 +43101-4 0  9993
2 33813 074.0551 318.1661 0122094 131.0821 230.0960 14.57746535032015
0 COSMOS 2251 DEB
1 33813U 93036BE  09263.15519791  .00000159  00000-0  37813-4 0  9998
2 33813 074.0551 316.4712 0122092 129.1866 232.0222 14.57746724 32145
0 COSMOS 2251 DEB
1 33813U 93036BE  09263.56696381 +.00000098 +00000-0 +25672-4 0  9996
2 33813 074.0549 315.6886 0122116 128.3047 232.9133 14.57746257032202
0 COSMOS 2251 DEB
1 33813U 93036BE  09264.52775101  .00000146  00000-0  35154-4 0  9991
2 33813 074.0549 313.8642 0122048 126.2490 235.0041 14.57747063 32348
0 COSMOS 2251 DEB
1 33813U 93036BE  09265.55716465  .00000143  00000-0  34531-4 0  9998
2 33813 074.0550 311.9086 0121963 124.0322 237.2495 14.57747383 32494
0 COSMOS 2251 DEB
1 33813U 93036BE  09266.17481226 +.00000160 +00000-0 +37893-4 0  9994
2 33813 074.0548 310.7356 0121960 122.7515 238.5484 14.57747825032587
0 COSMOS 2251 DEB
1 33813U 93036BE  09267.13559742  .00000156  00000-0  37191-4 0  9996
2 33813 074.0551 308.9111 0121988 120.6946 240.6312 14.57748202 32724
0 COSMOS 2251 DEB
1 33813U 93036BE  09267.54736231 +.00000180 +00000-0 +41866-4 0  9992
2 33813 074.0552 308.1292 0121883 119.7935 241.5422 14.57748525032784
0 COSMOS 2251 DEB
1 33813U 93036BE  09268.50814626  .00000170  00000-0  39878-4 0  9993
2 33813 074.0540 306.3034 0121787 117.7162 243.6406 14.57748808 32923
0 COSMOS 2251 DEB
1 33813U 93036BE  09269.53755648  .00000230  00000-0  51808-4 0  9999
2 33813 074.0534 304.3475 0121660 115.5270 245.8536 14.57749883 33078
0 COSMOS 2251 DEB
1 33813U 93036BE  09269.53755648 +.00000230 +00000-0 +51808-4 0  9999
2 33813 074.0534 304.3475 0121660 115.5270 245.8536 14.57749883033078
0 COSMOS 2251 DEB
1 33813U 93036BE  09270.49833922 +.00000196 +00000-0 +45037-4 0  9996
2 33813 074.0529 302.5218 0121540 113.4160 247.9804 14.57749960033212
0 COSMOS 2251 DEB
1 33813U 93036BE  09271.18461312  .00000181  00000-0  42122-4 0  9999
2 33813 074.0533 301.2185 0121576 111.9603 249.4523 14.57750118 33313
0 COSMOS 2251 DEB
1 33813U 93036BE  09271.52774989 +.00000149 +00000-0 +35896-4 0  9998
2 33813 074.0528 300.5660 0121465 111.1954 250.2235 14.57750014033365
0 COSMOS 2251 DEB
1 33813U 93036BE  09272.48853249  .00000147  00000-0  35459-4 0  9994
2 33813 074.0527 298.7403 0121440 109.0730 252.3644 14.57750316 33506
0 COSMOS 2251 DEB
1 33813U 93036BE  09272.48853249 +.00000147 +00000-0 +35459-4 0  9994
2 33813 074.0527 298.7403 0121440 109.0730 252.3644 14.57750316033506
0 COSMOS 2251 DEB
1 33813U 93036BE  09273.44931300 +.00000189 +00000-0 +43701-4 0  9991
2 33813 074.0526 296.9156 0121365 107.0053 254.4458 14.57751130033648
0 COSMOS 2251 DEB
1 33813U 93036BE  09274.20421203  .00000182  00000-0  42352-4 0  9996
2 33813 074.0532 295.4814 0121292 105.3553 256.1053 14.57751429 33758
0 COSMOS 2251 DEB
1 33813U 93036BE  09274.47872069 +.00000197 +00000-0 +45252-4 0  9993
2 33813 074.0523 294.9591 0121326 104.7909 256.6765 14.57751732033796
0 COSMOS 2251 DEB
1 33813U 93036BE  09275.09636438 +.00000207 +00000-0 +47323-4 0  9993
2 33813 074.0522 293.7860 0121269 103.4609 258.0126 14.57752158033880
0 COSMOS 2251 DEB
1 33813U 93036BE  09276.12577038  .00000205  00000-0  46831-4 0  9999
2 33813 074.0528 291.8308 0121259 101.2645 260.2183 14.57752679 34031
0 COSMOS 2251 DEB
1 33813U 93036BE  09276.46890553 +.00000293 +00000-0 +64251-4 0  9999
2 33813 074.0527 291.1787 0121213 100.4703 261.0192 14.57753645034088
0 COSMOS 2251 DEB
1 33813U 93036BE  09277.42968188  .00000311  00000-0  67799-4 0  9997
2 33813 074.0529 289.3541 0121188 098.4041 263.0876 14.57754510 34228
0 COSMOS 2251 DEB
1 33813U 93036BE  09278.45908565  .00000354  00000-0  76288-4 0  9994
2 33813 074.0527 287.3984 0121189 096.1850 265.3171 14.57755693 34371
0 COSMOS 2251 DEB
1 33813U 93036BE  09279.41986058 +.00000356 +00000-0 +76826-4 0  9994
2 33813 074.0525 285.5727 0121138 094.0073 267.4914 14.57756377034516
0 COSMOS 2251 DEB
1 33813U 93036BE  09280.03750234  .00000364  00000-0  78254-4 0  9995
2 33813 074.0527 284.3996 0121124 092.6590 268.8453 14.57756954 34600
0 COSMOS 2251 DEB
1 33813U 93036BE  09280.44926273 +.00000353 +00000-0 +76058-4 0  9996
2 33813 074.0530 283.6171 0121131 091.7439 269.7594 14.57757197034663
0 COSMOS 2251 DEB
1 33813U 93036BE  09281.06690343  .00000336  00000-0  72763-4 0  9991
2 33813 074.0531 282.4434 0121141 090.4427 271.0609 14.57757478 34752
0 COSMOS 2251 DEB
1 33813U 93036BE  09281.41003717 +.00000332 +00000-0 +71952-4 0  9998
2 33813 074.0522 281.7907 0121073 089.6575 271.8457 14.57757635034807
0 COSMOS 2251 DEB
1 33813U 93036BE  09282.09630404  .00000323  00000-0  70275-4 0  9999
2 33813 074.0523 280.4874 0121078 088.1851 273.3170 14.57758049 34903
0 COSMOS 2251 DEB
1 33813U 93036BE  09282.43943742 +.00000312 +00000-0 +68082-4 0  9990
2 33813 074.0519 279.8351 0121038 087.4255 274.0755 14.57758185034959
0 COSMOS 2251 DEB
1 33813U 93036BE  09283.33158347  .00000302  00000-0  66087-4 0  9991
2 33813 074.0523 278.1403 0121018 085.4969 276.0004 14.57758728 35089
0 COSMOS 2251 DEB
1 33813U 93036BE  09284.42960844  .00000319  00000-0  69382-4 0  9994
2 33813 074.0522 276.0544 0120995 083.0999 278.3918 14.57759637 35248
0 COSMOS 2251 DEB
1 33813U 93036BE  09285.93939111  .00000319  00000-0  69428-4 0  9995
2 33813 074.0526 273.1860 0120935 079.7876 281.6912 14.57760714 35464
0 COSMOS 2251 DEB
1 33813U 93036BE  09285.93939111 +.00000319 +00000-0 +69428-4 0  9995
2 33813 074.0526 273.1860 0120935 079.7876 281.6912 14.57760714035464
0 COSMOS 2251 DEB
1 33813U 93036BE  09286.35114945 +.00000330 +00000-0 +71659-4 0  9994
2 33813 074.0528 272.4041 0120929 078.8944 282.5802 14.57761141035528
0 COSMOS 2251 DEB
1 33813U 93036BE  09286.96878672  .00000328  00000-0  71164-4 0  9993
2 33813 074.0528 271.2311 0120914 077.5610 283.9058 14.57761594 35615
0 COSMOS 2251 DEB
1 33813U 93036BE  09287.38054477 +.00000364 +00000-0 +78302-4 0  9990
2 33813 074.0528 270.4480 0120882 076.6447 284.8185 14.57762226035675
0 COSMOS 2251 DEB
1 33813U 93036BE  09288.06680740  .00000388  00000-0  83082-4 0  9991
2 33813 074.0528 269.1443 0120874 075.1621 286.2909 14.57762985 35771
0 COSMOS 2251 DEB
1 33813U 93036BE  09288.34131223 +.00000393 +00000-0 +84111-4 0  9999
2 33813 074.0528 268.6230 0120872 074.5715 286.8766 14.57763262035815
0 COSMOS 2251 DEB
1 33813U 93036BE  09289.37070539  .00000425  00000-0  90480-4 0  9997
2 33813 074.0527 266.6671 0120902 072.3551 289.0790 14.57764469 35967
0 COSMOS 2251 DEB
1 33813U 93036BE  09290.33147103 +.00000418 +00000-0 +88989-4 0  9990
2 33813 074.0524 264.8418 0120853 070.3055 291.1103 14.57765266036100
0 COSMOS 2251 DEB
1 33813U 93036BE  09291.01773190  .00000399  00000-0  85272-4 0  9997
2 33813 074.0527 263.5378 0120910 068.7874 292.6138 14.57765727 36205
0 COSMOS 2251 DEB
1 33813U 93036BE  09291.90987015 +.00000445 +00000-0 +94393-4 0  9994
2 33813 074.0531 261.8428 0120952 066.8446 294.5405 14.57767014036330
0 COSMOS 2251 DEB
1 33813U 93036BE  09292.32162609  .00000415  00000-0  88429-4 0  9995
2 33813 074.0525 261.0595 0120903 065.8769 295.4945 14.57766982 36391
0 COSMOS 2251 DEB
1 33813U 93036BE  09292.93926053 +.00000418 +00000-0 +89099-4 0  9990
2 33813 074.0526 259.8865 0120909 064.5399 296.8221 14.57767587036482
0 COSMOS 2251 DEB
1 33813U 93036BE  09293.35101603  .00000386  00000-0  82809-4 0  9999
2 33813 074.0526 259.1038 0121026 063.5687 297.7796 14.57767649 36540
0 COSMOS 2251 DEB
1 33813U 93036BE  09294.31177926 +.00000382 +00000-0 +82011-4 0  9998
2 33813 074.0522 257.2781 0120992 061.4738 299.8531 14.57768356036686
0 COSMOS 2251 DEB
1 33813U 93036BE  09294.92941223  .00000373  00000-0  80251-4 0  9998
2 33813 074.0521 256.1049 0120946 060.1912 301.1223 14.57768807 36775
0 COSMOS 2251 DEB
1 33813U 93036BE  09295.34116699 +.00000366 +00000-0 +78713-4 0  9998
2 33813 074.0525 255.3226 0120954 059.2636 302.0369 14.57769105036838
0 COSMOS 2251 DEB
1 33813U 93036BE  09296.02742507  .00000357  00000-0  77077-4 0  9999
2 33813 074.0532 254.0192 0120989 057.7689 303.5127 14.57769611 36934
0 COSMOS 2251 DEB
1 33813U 93036BE  09296.30192829 +.00000367 +00000-0 +78944-4 0  9991
2 33813 074.0530 253.4977 0120959 057.1609 304.1141 14.57769914036972
0 COSMOS 2251 DEB
1 33813U 93036BE  09297.33131318  .00000395  00000-0  84568-4 0  9991
2 33813 074.0530 251.5422 0120872 054.9439 306.3006 14.57771160 37124
0 COSMOS 2251 DEB
1 33813U 93036BE  09297.88031822 +.00000413 +00000-0 +88097-4 0  9992
2 33813 074.0530 250.4995 0120804 053.7697 307.4594 14.57771868037203
0 COSMOS 2251 DEB
1 33813U 93036BE  09298.90970062  .00000520  00000-0  10930-3 0  9993
2 33813 074.0533 248.5440 0120804 051.5633 309.6356 14.57774031 37356
0 COSMOS 2251 DEB
1 33813U 93036BE  09299.93908145  .00000547  00000-0  11468-3 0  9996
2 33813 074.0533 246.5876 0120881 049.3289 311.8303 14.57775439 37501
0 COSMOS 2251 DEB
1 33813U 93036BE  09299.93908145 +.00000547 +00000-0 +11468-3 0  9996
2 33813 074.0533 246.5876 0120881 049.3289 311.8303 14.57775439037501
0 COSMOS 2251 DEB
1 33813U 93036BE  09300.83121068 +.00000655 +00000-0 +13600-3 0  9999
2 33813 074.0535 244.8925 0120955 047.3332 313.7969 14.57777591037632
0 COSMOS 2251 DEB
1 33813U 93036BE  09301.24296201  .00000655  00000-0  13597-3 0  9992
2 33813 074.0531 244.1100 0120944 046.4380 314.6748 14.57778123 37690
0 COSMOS 2251 DEB
1 33813U 93036BE  09301.92921451 +.00000646 +00000-0 +13415-3 0  9998
2 33813 074.0535 242.8064 0121033 044.9376 316.1495 14.57779025037795
0 COSMOS 2251 DEB
1 33813U 93036BE  09302.27234076  .00000671  00000-0  13911-3 0  9996
2 33813 074.0534 242.1543 0120985 044.1561 316.9197 14.57779673 37844
0 COSMOS 2251 DEB
1 33813U 93036BE  09302.88996692 +.00000641 +00000-0 +13317-3 0  9999
2 33813 074.0536 240.9813 0121002 042.8510 318.1972 14.57780198037931
0 COSMOS 2251 DEB
1 33813U 93036BE  09303.85071899 +.00000652 +00000-0 +13543-3 0  9993
2 33813 074.0531 239.1559 0121025 040.7432 320.2713 14.57781622038074
0 COSMOS 2251 DEB
1 33813U 93036BE  09304.88009466 +.00000600 +00000-0 +12501-3 0  9994
2 33813 074.0535 237.2006 0121113 038.4846 322.4847 14.57782482038229
0 COSMOS 2251 DEB
1 33813U 93036BE  09305.90946975 +.00000563 +00000-0 +11773-3 0  9991
2 33813 074.0537 235.2456 0121117 036.2633 324.6640 14.57783451038370
0 COSMOS 2251 DEB
1 33813U 93036BE  09306.93884309  .00000591  00000-0  12337-3 0  9995
2 33813 074.0543 233.2906 0121077 034.0623 326.8241 14.57785085 38528
0 COSMOS 2251 DEB
1 33813U 93036BE  09306.93884309 +.00000591 +00000-0 +12337-3 0  9995
2 33813 074.0543 233.2906 0121077 034.0623 326.8241 14.57785085038528
0 COSMOS 2251 DEB
1 33813U 93036BE  09307.89959037 +.00000598 +00000-0 +12459-3 0  9994
2 33813 074.0542 231.4656 0121134 031.9771 328.8658 14.57786333038669
0 COSMOS 2251 DEB
1 33813U 93036BE  09308.24271444  .00000620  00000-0  12908-3 0  9998
2 33813 074.0543 230.8140 0121130 031.2378 329.5935 14.57787033 38713
0 COSMOS 2251 DEB
1 33813U 93036BE  09308.86033650 +.00000596 +00000-0 +12418-3 0  9999
2 33813 074.0546 229.6409 0121287 029.8863 330.9114 14.57787593038801
0 COSMOS 2251 DEB
1 33813U 93036BE  09309.75245842  .00000600  00000-0  12509-3 0  9993
2 33813 074.0550 227.9458 0121272 027.9329 332.8291 14.57788730 38936
0 COSMOS 2251 DEB
1 33813U 93036BE  09310.78182731  .00000617  00000-0  12841-3 0  9992
2 33813 074.0551 225.9909 0121328 025.6990 335.0132 14.57790171 39085
0 COSMOS 2251 DEB
1 33813U 93036BE  09311.81119636  .00000551  00000-0  11531-3 0  9993
2 33813 074.0556 224.0352 0121427 023.4847 337.1772 14.57790759 39231
0 COSMOS 2251 DEB
1 33813U 93036BE  09312.77194002 +.00000532 +00000-0 +11173-3 0  9990
2 33813 074.0557 222.2108 0121360 021.4352 339.1829 14.57791678039377
0 COSMOS 2251 DEB
1 33813U 93036BE  09313.18368687  .00000509  00000-0  10702-3 0  9999
2 33813 074.0563 221.4277 0121436 020.5336 340.0633 14.57791967 39430
0 COSMOS 2251 DEB
1 33813U 93036BE  09313.80130716 +.00000480 +00000-0 +10143-3 0  9995
2 33813 074.0565 220.2548 0121502 019.2073 341.3577 14.57792317039528
0 COSMOS 2251 DEB
1 33813U 93036BE  09314.76204990  .00000461  00000-0  97573-4 0  9999
2 33813 074.0563 218.4299 0121497 017.1517 343.3703 14.57793146 39660
0 COSMOS 2251 DEB
1 33813U 93036BE  09315.72279101 +.00000477 +00000-0 +10072-3 0  9997
2 33813 074.0562 216.6038 0121481 015.0360 345.4401 14.57794314039808
0 COSMOS 2251 DEB
1 33813U 93036BE  09316.13453621  .00000486  00000-0  10263-3 0  9996
2 33813 074.0555 215.8209 0121541 014.1336 346.3177 14.57794769 39861
0 COSMOS 2251 DEB
1 33813U 93036BE  09317.09527619 +.00000489 +00000-0 +10312-3 0  9999
2 33813 074.0553 213.9962 0121538 012.0547 348.3483 14.57795794040000
0 COSMOS 2251 DEB
1 33813U 93036BE  09318.05601530  .00000493  00000-0  10401-3 0  9995
2 33813 074.0554 212.1715 0121543 009.9715 350.3814 14.57796800 40141
0 COSMOS 2251 DEB
1 33813U 93036BE  09318.12463956 +.00000487 +00000-0 +10283-3 0  9992
2 33813 074.0547 212.0399 0121573 009.8120 350.5373 14.57796786040158
0 COSMOS 2251 DEB
1 33813U 93036BE  09319.08537808  .00000500  00000-0  10533-3 0  9990
2 33813 074.0547 210.2152 0121601 007.7280 352.5736 14.57797957 40292
0 COSMOS 2251 DEB
1 33813U 93036BE  09319.15400189 +.00000555 +00000-0 +11618-3 0  9994
2 33813 074.0543 210.0840 0121738 007.5700 352.7298 14.57798581040307
0 COSMOS 2251 DEB
1 33813U 93036BE  09320.11473918  .00000522  00000-0  10962-3 0  9997
2 33813 074.0532 208.2575 0121957 005.4878 354.7590 14.57799338 40448
0 COSMOS 2251 DEB
1 33813U 93036BE  09320.66373159 +.00000526 +00000-0 +11048-3 0  9993
2 33813 074.0532 207.2149 0121941 004.2905 355.9283 14.57800012040528
0 COSMOS 2251 DEB
1 33813U 93036BE  09321.14409956  .00000513  00000-0  10790-3 0  9991
2 33813 074.0536 206.3025 0121921 003.2480 356.9444 14.57800454 40597
0 COSMOS 2251 DEB
1 33813U 93036BE  09321.76171561 +.00000510 +00000-0 +10736-3 0  9994
2 33813 074.0537 205.1294 0121916 001.9181 358.2424 14.57801107040689
0 COSMOS 2251 DEB
1 33813U 93036BE  09322.10483551 +.00000525 +00000-0 +11018-3 0  9998
2 33813 074.0541 204.4774 0122025 001.1614 358.9829 14.57801722040739
0 COSMOS 2251 DEB
1 33813U 93036BE  09323.06557015  .00000547  00000-0  11454-3 0  9999
2 33813 074.0546 202.6529 0122009 359.0964 000.9967 14.57803010 40871
0 COSMOS 2251 DEB
1 33813U 93036BE  09323.68318492 +.00000544 +00000-0 +11394-3 0  9991
2 33813 074.0544 201.4799 0121987 357.7591 002.3019 14.57803733040966
0 COSMOS 2251 DEB
1 33813U 93036BE  09324.09492785  .00000564  00000-0  11794-3 0  9991
2 33813 074.0546 200.6975 0122012 356.8736 003.1656 14.57804378 41026
0 COSMOS 2251 DEB
1 33813U 93036BE  09325.12428475  .00000574  00000-0  11989-3 0  9998
2 33813 074.0547 198.7426 0122060 354.6528 005.3318 14.57805685 41170
0 COSMOS 2251 DEB
1 33813U 93036BE  09326.77125419  .00000548  00000-0  11471-3 0  9999
2 33813 074.0553 195.6137 0122089 351.0984 008.7999 14.57807497 41412
0 COSMOS 2251 DEB
1 33813U 93036BE  09326.77125419 +.00000548 +00000-0 +11471-3 0  9999
2 33813 074.0553 195.6137 0122089 351.0984 008.7999 14.57807497041412
0 COSMOS 2251 DEB
1 33813U 93036BE  09327.04574921 +.00000552 +00000-0 +11560-3 0  9990
2 33813 074.0550 195.0922 0122071 350.5274 009.3593 14.57807896041456
0 COSMOS 2251 DEB
1 33813U 93036BE  09328.00648021  .00000550  00000-0  11520-3 0  9994
2 33813 074.0551 193.2678 0122068 348.4552 011.3814 14.57809002 41591
0 COSMOS 2251 DEB
1 33813U 93036BE  09328.07510387 +.00000590 +00000-0 +12300-3 0  9995
2 33813 074.0546 193.1367 0122193 348.3156 011.5187 14.57809427041605
0 COSMOS 2251 DEB
1 33813U 93036BE  09329.03583382  .00000593  00000-0  12370-3 0  9997
2 33813 074.0540 191.3112 0122198 346.2396 013.5453 14.57810652 41740
0 COSMOS 2251 DEB
1 33813U 93036BE  09329.72206904 +.00000570 +00000-0 +11911-3 0  9990
2 33813 074.0549 190.0079 0122130 344.7645 014.9834 14.57811269041847
0 COSMOS 2251 DEB
1 33813U 93036BE  09330.06518702  .00000584  00000-0  12195-3 0  9991
2 33813 074.0544 189.3554 0122097 344.0378 015.6966 14.57811841 41894
0 COSMOS 2251 DEB
1 33813U 93036BE  09330.61417465 +.00000594 +00000-0 +12390-3 0  9994
2 33813 074.0545 188.3124 0122116 342.8592 016.8470 14.57812629041970
0 COSMOS 2251 DEB
1 33813U 93036BE  09331.57490342  .00000581  00000-0  12133-3 0  9996
2 33813 074.0541 186.4860 0122116 340.7977 018.8615 14.57813620 42118
0 COSMOS 2251 DEB
1 33813U 93036BE  09332.60425436  .00000564  00000-0  11800-3 0  9994
2 33813 074.0544 184.5307 0122048 338.5709 021.0365 14.57814747 42263
0 COSMOS 2251 DEB
1 33813U 93036BE  09333.56498167 +.00000564 +00000-0 +11802-3 0  9993
2 33813 074.0543 182.7059 0122070 336.4991 023.0625 14.57815883042400
0 COSMOS 2251 DEB
1 33813U 93036BE  09333.97672163  .00000578  00000-0  12066-3 0  9996
2 33813 074.0545 181.9238 0122063 335.6073 023.9339 14.57816440 42463
0 COSMOS 2251 DEB
1 33813U 93036BE  09334.59433148 +.00000559 +00000-0 +11693-3 0  9997
2 33813 074.0545 180.7509 0122046 334.2721 025.2397 14.57817047042550
0 COSMOS 2251 DEB
1 33813U 93036BE  09335.00607133  .00000539  00000-0  11313-3 0  9998
2 33813 074.0543 179.9686 0122047 333.3890 026.1018 14.57817294 42613
0 COSMOS 2251 DEB
1 33813U 93036BE  09336.30991449  .00000508  00000-0  10689-3 0  9999
2 33813 074.0539 177.4915 0122053 330.5520 028.8814 14.57818416 42803
0 COSMOS 2251 DEB
1 33813U 93036BE  09337.61375553  .00000449  00000-0  95283-4 0  9994
2 33813 074.0538 175.0137 0122199 327.8061 031.5585 14.57819094 42991
0 COSMOS 2251 DEB
1 33813U 93036BE  09337.95687355 +.00000439 +00000-0 +93305-4 0  9999
2 33813 074.0535 174.3615 0122327 327.0758 032.2808 14.57819280043049
0 COSMOS 2251 DEB
1 33813U 93036BE  09338.98622220  .00000398  00000-0  85190-4 0  9990
2 33813 074.0535 172.4059 0122416 324.9152 034.3958 14.57819881 43195
0 COSMOS 2251 DEB
1 33813U 93036BE  09339.53520854 +.00000388 +00000-0 +83312-4 0  9995
2 33813 074.0535 171.3621 0122459 323.7056 035.5860 14.57820317043275
0 COSMOS 2251 DEB
1 33813U 93036BE  09340.29006352  .00000401  00000-0  85913-4 0  9997
2 33813 074.0538 169.9279 0122511 322.0304 037.2304 14.57821151 43388
0 COSMOS 2251 DEB
1 33813U 93036BE  09341.52528068  .00000346  00000-0  75039-4 0  9993
2 33813 074.0540 167.5816 0122718 319.3649 039.8396 14.57821609 43569
0 COSMOS 2251 DEB
1 33813U 93036BE  09342.28013573 +.00000396 +00000-0 +84775-4 0  9999
2 33813 074.0543 166.1475 0122729 317.7162 041.4629 14.57822695043678
0 COSMOS 2251 DEB
1 33813U 93036BE  09342.96636628  .00000364  00000-0  78436-4 0  9998
2 33813 074.0534 164.8434 0122754 316.1960 042.9483 14.57822808 43776
0 COSMOS 2251 DEB
1 33813U 93036BE  09343.58397517 +.00000323 +00000-0 +70453-4 0  9994
2 33813 074.0546 163.6690 0122762 314.8293 044.2938 14.57823003043861
0 COSMOS 2251 DEB
1 33813U 93036BE  09344.61332192  .00000341  00000-0  74076-4 0  9992
2 33813 074.0541 161.7140 0122829 312.5549 046.5312 14.57823972 44012
0 COSMOS 2251 DEB
1 33813U 93036BE  09345.57404524 +.00000367 +00000-0 +79170-4 0  9995
2 33813 074.0542 159.8891 0122924 310.4730 048.5777 14.57824913044157
0 COSMOS 2251 DEB
1 33813U 93036BE  09345.91716054  .00000332  00000-0  72180-4 0  9993
2 33813 074.0538 159.2369 0123051 309.7507 049.2848 14.57824867 44202
0 COSMOS 2251 DEB
1 33813U 93036BE  09346.60339188 +.00000282 +00000-0 +62307-4 0  9993
2 33813 074.0534 157.9335 0123100 308.3319 050.6771 14.57824810044307
0 COSMOS 2251 DEB
1 33813U 93036BE  09347.49549324  .00000280  00000-0  62037-4 0  9994
2 33813 074.0529 156.2387 0122865 306.3728 052.6149 14.57825372 44438
0 COSMOS 2251 DEB
1 33813U 93036BE  09348.86795527  .00000292  00000-0  64365-4 0  9993
2 33813 074.0526 153.6303 0122850 303.3862 055.5618 14.57826393 44633
0 COSMOS 2251 DEB
1 33813U 93036BE  09348.86795527 +.00000292 +00000-0 +64365-4 0  9993
2 33813 074.0526 153.6303 0122850 303.3862 055.5618 14.57826393044633
0 COSMOS 2251 DEB
1 33813U 93036BE  09349.48556264 +.00000316 +00000-0 +69038-4 0  9994
2 33813 074.0533 152.4574 0122830 302.0119 056.9187 14.57827071044727
0 COSMOS 2251 DEB
1 33813U 93036BE  09349.89730051  .00000315  00000-0  68843-4 0  9999
2 33813 074.0530 151.6752 0122869 301.1319 057.7831 14.57827302 44785
0 COSMOS 2251 DEB
1 33813U 93036BE  09350.85802362 +.00000365 +00000-0 +78797-4 0  9996
2 33813 074.0527 149.8476 0122899 299.1269 059.7686 14.57828543044920
0 COSMOS 2251 DEB
1 33813U 93036BE  09351.61287601  .00000346  00000-0  74975-4 0  9997
2 33813 074.0532 148.4143 0122864 297.4647 061.4053 14.57828936 45032
0 COSMOS 2251 DEB
1 33813U 93036BE  09352.43635267 +.00000354 +00000-0 +76658-4 0  9992
2 33813 074.0536 146.8497 0122873 295.6712 063.1822 14.57829692045159
0 COSMOS 2251 DEB
1 33813U 93036BE  09352.84809040  .00000390  00000-0  83731-4 0  9999
2 33813 074.0535 146.0676 0122864 294.8000 064.0438 14.57830335 45216
0 COSMOS 2251 DEB
1 33813U 93036BE  09353.46569708 +.00000409 +00000-0 +87377-4 0  9993
2 33813 074.0535 144.8942 0122882 293.4845 065.3454 14.57831045045301
0 COSMOS 2251 DEB
1 33813U 93036BE  09354.49504141  .00000381  00000-0  81875-4 0  9993
2 33813 074.0541 142.9369 0122934 291.3082 067.4995 14.57831817 45454
0 COSMOS 2251 DEB
1 33813U 93036BE  09355.45576261 +.00000430 +00000-0 +91574-4 0  9994
2 33813 074.0537 141.1117 0122958 289.2779 069.5133 14.57833092045595
0 COSMOS 2251 DEB
1 33813U 93036BE  09356.21061449  .00000466  00000-0  98555-4 0  9991
2 33813 074.0535 139.6778 0122968 287.6704 071.1098 14.57834214 45708
0 COSMOS 2251 DEB
1 33813U 93036BE  09356.55372832 +.00000457 +00000-0 +96825-4 0  9997
2 33813 074.0563 139.0273 0123087 286.8901 071.8775 14.57834396045751
0 COSMOS 2251 DEB
1 33813U 93036BE  09357.44582651  .00000439  00000-0  93311-4 0  9995
2 33813 074.0562 137.3327 0123083 284.9505 073.8064 14.57835110 45888
0 COSMOS 2251 DEB
1 33813U 93036BE  09358.81828334  .00000483  00000-0  10198-3 0  9998
2 33813 074.0559 134.7254 0123203 282.0321 076.7060 14.57836836 46080
0 COSMOS 2251 DEB
1 33813U 93036BE  09358.81828334 +.00000483 +00000-0 +10198-3 0  9998
2 33813 074.0559 134.7254 0123203 282.0321 076.7060 14.57836836046080
0 COSMOS 2251 DEB
1 33813U 93036BE  09359.77900185 +.00000469 +00000-0 +99034-4 0  9990
2 33813 074.0548 132.8990 0123315 280.0200 078.7005 14.57837644046227
0 COSMOS 2251 DEB
1 33813U 93036BE  09360.19073997  .00000487  00000-0  10269-3 0  9992
2 33813 074.0549 132.1171 0123341 279.1421 079.5824 14.57838273 46288
0 COSMOS 2251 DEB
1 33813U 93036BE  09360.53385364 +.00000459 +00000-0 +97160-4 0  9999
2 33813 074.0552 131.4654 0123382 278.4220 080.2945 14.57838307046331
0 COSMOS 2251 DEB
1 33813U 93036BE  09361.76906404  .00000458  00000-0  97023-4 0  9996
2 33813 074.0538 129.1178 0123494 275.8104 082.8973 14.57839497 46516
0 COSMOS 2251 DEB
1 33813U 93036BE  09362.52391464 +.00000454 +00000-0 +96169-4 0  9991
2 33813 074.0545 127.6845 0123579 274.1823 084.5210 14.57840220046623
0 COSMOS 2251 DEB
1 33813U 93036BE  09363.41601087  .00000408  00000-0  87131-4 0  9993
2 33813 074.0543 125.9895 0123660 272.2372 086.4626 14.57840676 46757
0 COSMOS 2251 DEB
1 33813U 93036BE  09363.75912496 +.00000421 +00000-0 +89697-4 0  9993
2 33813 074.0538 125.3367 0123642 271.4913 087.2103 14.57841096046803
0 COSMOS 2251 DEB
1 33813U 93036BE  09364.85708772  .00000453  00000-0  95977-4 0  9998
2 33813 074.0541 123.2521 0123800 269.1548 089.5430 14.57842554 46965
0 COSMOS 2251 DEB
1 33813U 93036BE  09365.74918332 +.00000418 +00000-0 +88946-4 0  9991
2 33813 074.0542 121.5567 0123881 267.2731 091.4213 14.57842923047095
0 COSMOS 2251 DEB
1 33813U 93036BE  10001.36678852  .00000398  00000-0  85067-4 0  9996
2 33813 074.0539 120.3832 0123841 265.9183 092.7805 14.57843265 47186
0 COSMOS 2251 DEB
1 33813U 93036BE  10001.77852514 +.00000397 +00000-0 +84827-4 0  9992
2 33813 074.0540 119.6012 0123858 265.0274 093.6741 14.57843614047243
0 COSMOS 2251 DEB
1 33813U 93036BE  10002.73924286  .00000391  00000-0  83744-4 0  9996
2 33813 074.0551 117.7764 0124004 262.9968 095.7060 14.57844379 47389
0 COSMOS 2251 DEB
1 33813U 93036BE  10003.69996184 +.00000329 +00000-0 +71456-4 0  9996
2 33813 074.0547 115.9507 0124005 260.9465 097.7627 14.57844468047526
0 COSMOS 2251 DEB
1 33813U 93036BE  10004.38618961  .00000286  00000-0  63106-4 0  9992
2 33813 074.0550 114.6473 0124050 259.4275 099.2892 14.57844633 47626
0 COSMOS 2251 DEB
1 33813U 93036BE  10004.52343518 +.00000260 +00000-0 +57901-4 0  9999
2 33813 074.0556 114.3865 0124106 259.1701 099.5465 14.57844517047649
0 COSMOS 2251 DEB
1 33813U 93036BE  10005.34690844 +.00000254 +00000-0 +56732-4 0  9991
2 33813 074.0557 112.8222 0124090 257.3856 101.3410 14.57844969047769
0 COSMOS 2251 DEB
1 33813U 93036BE  10006.23900426  .00000280  00000-0  61796-4 0  9995
2 33813 074.0563 111.1278 0124058 255.4549 103.2867 14.57845871 47895
0 COSMOS 2251 DEB
1 33813U 93036BE  10006.37624902 +.00000293 +00000-0 +64462-4 0  9999
2 33813 074.0572 110.8671 0124095 255.1033 103.6381 14.57846114047913
0 COSMOS 2251 DEB
1 33813U 93036BE  10007.06247597 +.00000383 +00000-0 +82095-4 0  9999
2 33813 074.0579 109.5633 0124093 253.7449 105.0112 14.57847611048019
0 COSMOS 2251 DEB
1 33813U 93036BE  10008.09181460  .00000439  00000-0  93088-4 0  9995
2 33813 074.0566 107.6061 0124234 251.6251 107.1382 14.57848807 48160
0 COSMOS 2251 DEB
1 33813U 93036BE  10008.36630497 +.00000379 +00000-0 +81244-4 0  9998
2 33813 074.0560 107.0841 0124264 251.0070 107.7539 14.57848322048207
0 COSMOS 2251 DEB
1 33813U 93036BE  10009.25840077  .00000349  00000-0  75321-4 0  9990
2 33813 074.0560 105.3892 0124276 249.1155 109.6644 14.57848748 48333
0 COSMOS 2251 DEB
1 33813U 93036BE  10009.39564660 +.00000357 +00000-0 +76918-4 0  9998
2 33813 074.0562 105.1281 0124270 248.8026 109.9838 14.57848955048352
0 COSMOS 2251 DEB
1 33813U 93036BE  10010.28774101  .00000342  00000-0  73950-4 0  9998
2 33813 074.0569 103.4353 0124245 246.8431 111.9590 14.57849529 48480
0 COSMOS 2251 DEB
1 33813U 93036BE  10010.69947727 +.00000399 +00000-0 +85068-4 0  9994
2 33813 074.0567 102.6525 0124231 245.9747 112.8420 14.57850415048540
0 COSMOS 2251 DEB
1 33813U 93036BE  10011.31708011  .00000369  00000-0  79308-4 0  9992
2 33813 074.0579 101.4809 0124350 244.7803 114.0412 14.57850756 48630
0 COSMOS 2251 DEB
1 33813U 93036BE  10012.34641973  .00000352  00000-0  75999-4 0  9993
2 33813 074.0547 099.5198 0124265 242.5067 116.3428 14.57851346 48780
0 COSMOS 2251 DEB
1 33813U 93036BE  10013.30713602 +.00000361 +00000-0 +77650-4 0  9995
2 33813 074.0554 097.6951 0124273 240.4108 118.4620 14.57852186048922
0 COSMOS 2251 DEB
1 33813U 93036BE  10014.26785263  .00000347  00000-0  74838-4 0  9992
2 33813 074.0556 095.8708 0124457 238.5932 120.3005 14.57852861 49066
0 COSMOS 2251 DEB
1 33813U 93036BE  10014.67958839 +.00000382 +00000-0 +81869-4 0  9999
2 33813 074.0536 095.0862 0124364 237.6135 121.2983 14.57853472049120
0 COSMOS 2251 DEB
1 33813U 93036BE  10015.29719060  .00000472  00000-0  99500-4 0  9990
2 33813 074.0542 093.9126 0124358 236.3503 122.5764 14.57854758 49214
0 COSMOS 2251 DEB
1 33813U 93036BE  10016.60101815  .00000456  00000-0  96341-4 0  9991
2 33813 074.0538 091.4361 0124297 233.5117 125.4532 14.57855896 49405
0 COSMOS 2251 DEB
1 33813U 93036BE  10017.28724387 +.00000414 +00000-0 +88118-4 0  9998
2 33813 074.0548 090.1343 0124184 231.9828 127.0069 14.57856249049505
0 COSMOS 2251 DEB
1 33813U 93036BE  10018.17933645  .00000419  00000-0  89053-4 0  9990
2 33813 074.0546 088.4393 0124149 230.0832 128.9384 14.57857166 49637
0 COSMOS 2251 DEB
1 33813U 93036BE  10018.59107105 +.00000468 +00000-0 +98716-4 0  9990
2 33813 074.0540 087.6558 0124005 229.2308 129.8042 14.57857872049695
0 COSMOS 2251 DEB
1 33813U 93036BE  10019.20867310  .00000470  00000-0  99121-4 0  9994
2 33813 074.0540 086.4827 0124006 227.9036 131.1537 14.57858523 49784
0 COSMOS 2251 DEB
1 33813U 93036BE  10019.62040763 +.00000473 +00000-0 +99680-4 0  9998
2 33813 074.0542 085.7003 0124006 227.0371 132.0347 14.57858970049849
0 COSMOS 2251 DEB
1 33813U 93036BE  10020.30663173  .00000497  00000-0  10429-3 0  9990
2 33813 074.0551 084.3967 0124067 225.5437 133.5542 14.57859849 49946
0 COSMOS 2251 DEB
1 33813U 93036BE  10020.58112107 +.00000459 +00000-0 +96882-4 0  9992
2 33813 074.0543 083.8742 0124085 224.9707 134.1341 14.57859766049981
0 COSMOS 2251 DEB
1 33813U 93036BE  10021.26734537 +.00000441 +00000-0 +93343-4 0  9995
2 33813 074.0543 082.5709 0124097 223.4668 135.6647 14.57860234050083
0 COSMOS 2251 DEB
1 33813U 93036BE  10022.29668143  .00000384  00000-0  82224-4 0  9990
2 33813 074.0550 080.6159 0124129 221.3754 137.7950 14.57860799 50231
0 COSMOS 2251 DEB
1 33813U 93036BE  10023.32601513  .00000416  00000-0  88305-4 0  9995
2 33813 074.0546 078.6606 0124307 219.2276 139.9806 14.57862149 50384
0 COSMOS 2251 DEB
1 33813U 93036BE  10024.49259424  .00000477  00000-0  10037-3 0  9997
2 33813 074.0550 076.4449 0124427 216.6859 142.5759 14.57863888 50558
0 COSMOS 2251 DEB
1 33813U 93036BE  10024.56121620 +.00000465 +00000-0 +97925-4 0  9990
2 33813 074.0548 076.3144 0124445 216.5530 142.7100 14.57863873050568
0 COSMOS 2251 DEB
1 33813U 93036BE  10025.52192831  .00000437  00000-0  92363-4 0  9999
2 33813 074.0544 074.4891 0124462 214.4771 144.8273 14.57864489 50709
0 COSMOS 2251 DEB
1 33813U 93036BE  10026.55126259  .00000402  00000-0  85529-4 0  9992
2 33813 074.0546 072.5338 0124481 212.2979 147.0523 14.57865109 50852
0 COSMOS 2251 DEB
1 33813U 93036BE  10027.51197423 +.00000392 +00000-0 +83662-4 0  9994
2 33813 074.0550 070.7089 0124454 210.2340 149.1604 14.57865833050992
0 COSMOS 2251 DEB
1 33813U 93036BE  10028.12957430  .00000393  00000-0  83875-4 0  9991
2 33813 074.0549 069.5358 0124493 208.8944 150.5298 14.57866381 51086
0 COSMOS 2251 DEB
1 33813U 93036BE  10028.54130742 +.00000451 +00000-0 +95074-4 0  9995
2 33813 074.0550 068.7534 0124497 208.0436 151.4027 14.57867275051147
0 COSMOS 2251 DEB
1 33813U 93036BE  10029.15890618  .00000403  00000-0  85773-4 0  9990
2 33813 074.0552 067.5802 0124428 206.7537 152.7136 14.57867399 51237
0 COSMOS 2251 DEB
1 33813U 93036BE  10029.50201784 +.00000432 +00000-0 +91456-4 0  9996
2 33813 074.0552 066.9282 0124430 206.0340 153.4558 14.57867984051281
0 COSMOS 2251 DEB
1 33813U 93036BE  10030.53134953  .00000431  00000-0  91203-4 0  9993
2 33813 074.0550 064.9727 0124310 203.8648 155.6720 14.57868941 51430
0 COSMOS 2251 DEB
1 33813U 93036BE  10031.49205927 +.00000458 +00000-0 +96541-4 0  9998
2 33813 074.0555 063.1477 0124149 201.9561 157.6280 14.57870113051573
0 COSMOS 2251 DEB
1 33813U 93036BE  10032.10965751  .00000419  00000-0  88950-4 0  9997
2 33813 074.0554 061.9744 0124146 200.5758 159.0354 14.57870326 51669
0 COSMOS 2251 DEB
1 33813U 93036BE  10032.52139051 +.00000447 +00000-0 +94442-4 0  9993
2 33813 074.0546 061.1909 0124122 199.6100 160.0268 14.57870858051721
0 COSMOS 2251 DEB
1 33813U 93036BE  10033.41347797 +.00000463 +00000-0 +97430-4 0  9998
2 33813 074.0544 059.4948 0123958 197.5615 162.1251 14.57871699051859
0 COSMOS 2251 DEB
1 33813U 93036BE  10034.44280841  .00000418  00000-0  88674-4 0  9998
2 33813 074.0549 057.5397 0123918 195.3979 164.3397 14.57872274 52009
0 COSMOS 2251 DEB
1 33813U 93036BE  10035.47213810  .00000372  00000-0  79632-4 0  9997
2 33813 074.0545 055.5833 0123837 193.1964 166.5913 14.57872740 52150
0 COSMOS 2251 DEB
1 33813U 93036BE  10036.08973667 +.00000347 +00000-0 +74684-4 0  9992
2 33813 074.0546 054.4099 0123865 191.8599 167.9624 14.57872955052245
0 COSMOS 2251 DEB
1 33813U 93036BE  10037.05044455  .00000359  00000-0  77164-4 0  9993
2 33813 074.0545 052.5844 0123829 189.7858 170.0909 14.57873844 52389
0 COSMOS 2251 DEB
1 33813U 93036BE  10037.46217590 +.00000324 +00000-0 +70149-4 0  9998
2 33813 074.0543 051.8003 0123584 188.9164 170.9756 14.57873752052449
0 COSMOS 2251 DEB
1 33813U 93036BE  10038.07977433  .00000338  00000-0  72955-4 0  9997
2 33813 074.0544 050.6269 0123548 187.6033 172.3284 14.57874393 52536
0 COSMOS 2251 DEB
1 33813U 93036BE  10038.42288350 +.00000337 +00000-0 +72864-4 0  9997
2 33813 074.0545 049.9749 0123522 186.8769 173.0709 14.57874654052585
0 COSMOS 2251 DEB
1 33813U 93036BE  10039.45221183  .00000358  00000-0  76873-4 0  9999
2 33813 074.0546 048.0188 0123577 184.6373 175.3670 14.57875578 52735
0 COSMOS 2251 DEB
1 33813U 93036BE  10040.00118649 +.00000375 +00000-0 +80187-4 0  9996
2 33813 074.0545 046.9748 0123632 183.4791 176.5563 14.57876221052815
0 COSMOS 2251 DEB
1 33813U 93036BE  10041.37362208  .00000409  00000-0  86946-4 0  9996
2 33813 074.0541 044.3674 0123679 180.4964 179.6129 14.57877692 53019
0 COSMOS 2251 DEB
1 33813U 93036BE  10041.99121734 +.00000425 +00000-0 +90040-4 0  9999
2 33813 074.0539 043.1935 0123672 179.1680 180.9736 14.57878425053100
0 COSMOS 2251 DEB
1 33813U 93036BE  10043.43227323 +.00000430 +00000-0 +90930-4 0  9995
2 33813 074.0538 040.4532 0123387 176.0946 184.1234 14.57879762053313
0 COSMOS 2251 DEB
1 33813U 93036BE  10044.04986773 +.00000426 +00000-0 +90316-4 0  9997
2 33813 074.0539 039.2801 0123385 174.7594 185.4891 14.57880291053403
0 COSMOS 2251 DEB
1 33813U 93036BE  10045.42230006 +.00000426 +00000-0 +90248-4 0  9995
2 33813 074.0535 036.6718 0123311 171.8115 188.5116 14.57881588053609
0 COSMOS 2251 DEB
1 33813U 93036BE  10046.03989387  .00000402  00000-0  85540-4 0  9999
2 33813 074.0537 035.4985 0123301 170.4618 189.8901 14.57881864 53698
0 COSMOS 2251 DEB
1 33813U 93036BE  10046.38300224 +.00000414 +00000-0 +87941-4 0  9994
2 33813 074.0540 034.8464 0123249 169.7190 190.6541 14.57882293053747
0 COSMOS 2251 DEB
1 33813U 93036BE  10047.34370323 +.00000435 +00000-0 +92015-4 0  9999
2 33813 074.0540 033.0208 0123254 167.6484 192.7768 14.57883422053887
0 COSMOS 2251 DEB
1 33813U 93036BE  10048.37302569 +.00000464 +00000-0 +97594-4 0  9999
2 33813 074.0537 031.0646 0123311 165.4247 195.0640 14.57884833054034
0 COSMOS 2251 DEB
1 33813U 93036BE  10049.33372249 +.00000514 +00000-0 +10753-3 0  9995
2 33813 074.0534 029.2394 0123183 163.3568 197.1706 14.57886255054171
0 COSMOS 2251 DEB
1 33813U 93036BE  10050.01993542  .00000608  00000-0  12607-3 0  9991
2 33813 074.0538 027.9354 0122757 161.7808 198.7771 14.57887665 54277
0 COSMOS 2251 DEB
1 33813U 93036BE  10050.36304250 +.00000659 +00000-0 +13599-3 0  9998
2 33813 074.0536 027.2835 0122766 160.9965 199.5872 14.57888615054320
0 COSMOS 2251 DEB
1 33813U 93036BE  10051.94132888  .00000664  00000-0  13709-3 0  9998
2 33813 074.0538 024.2856 0122637 157.5768 203.0820 14.57890756 54550
0 COSMOS 2251 DEB
1 33813U 93036BE  10051.94132888 +.00000664 +00000-0 +13709-3 0  9998
2 33813 074.0538 024.2856 0122637 157.5768 203.0820 14.57890756054550
0 COSMOS 2251 DEB
1 33813U 93036BE  10052.35305544 +.00000614 +00000-0 +12733-3 0  9996
2 33813 074.0549 023.5024 0121881 156.5179 204.1509 14.57890970054617
0 COSMOS 2251 DEB
1 33813U 93036BE  10052.97064701  .00000627  00000-0  12992-3 0  9992
2 33813 074.0544 022.3292 0122062 155.2126 205.4985 14.57891808 54709
0 COSMOS 2251 DEB
1 33813U 93036BE  10053.93134017 +.00000666 +00000-0 +13739-3 0  9990
2 33813 074.0543 020.5039 0122362 153.2354 207.5249 14.57893480054840
0 COSMOS 2251 DEB
1 33813U 93036BE  10054.34306838 +.00000553 +00000-0 +11520-3 0  9999
2 33813 074.0548 019.7222 0122017 152.3734 208.4017 14.57892635054909
0 COSMOS 2251 DEB
1 33813U 93036BE  10055.30376101  .00000477  00000-0  10027-3 0  9992
2 33813 074.0551 017.8949 0122421 150.2865 210.5278 14.57892900 55043
0 COSMOS 2251 DEB
1 33813U 93036BE  10055.64686669 +.00000503 +00000-0 +10547-3 0  9999
2 33813 074.0557 017.2430 0121932 149.7483 211.0939 14.57893959055093
0 COSMOS 2251 DEB
1 33813U 93036BE  10055.98996842 +.00000503 +00000-0 +10539-3 0  9994
2 33813 074.0560 016.5909 0122056 149.0263 211.8174 14.57894270055149
0 COSMOS 2251 DEB
1 33813U 93036BE  10056.95066037  .00000433  00000-0  91572-4 0  9995
2 33813 074.0561 014.7661 0122189 146.9881 213.8953 14.57894561 55289
0 COSMOS 2251 DEB
1 33813U 93036BE  10057.84273164 +.00000429 +00000-0 +90797-4 0  9998
2 33813 074.0563 013.0714 0122194 145.0890 215.8379 14.57895440055414
0 COSMOS 2251 DEB
1 33813U 93036BE  10058.87204282  .00000400  00000-0  85110-4 0  9999
2 33813 074.0563 011.1159 0122335 142.9572 218.0106 14.57896039 55560
0 COSMOS 2251 DEB
1 33813U 93036BE  10059.90135269  .00000468  00000-0  98514-4 0  9998
2 33813 074.0558 009.1587 0122316 140.6864 220.3246 14.57897643 55714
0 COSMOS 2251 DEB
1 33813U 93036BE  10060.86204196 +.00000445 +00000-0 +93841-4 0  9994
2 33813 074.0558 007.3339 0122345 138.6562 222.3945 14.57898370055854
0 COSMOS 2251 DEB
1 33813U 93036BE  10061.27376556  .00000435  00000-0  91922-4 0  9997
2 33813 074.0556 006.5513 0122366 137.7811 223.2843 14.57898591 55916
0 COSMOS 2251 DEB
1 33813U 93036BE  10061.82273048 +.00000401 +00000-0 +85173-4 0  9994
2 33813 074.0559 005.5083 0122371 136.5602 224.5242 14.57898727055997
0 COSMOS 2251 DEB
1 33813U 93036BE  10062.23445471 +.00000408 +00000-0 +86662-4 0  9992
2 33813 074.0558 004.7253 0122331 135.6550 225.4502 14.57899179056053
0 COSMOS 2251 DEB
1 33813U 93036BE  10063.19514184  .00000368  00000-0  78776-4 0  9998
2 33813 074.0558 002.9007 0122402 133.5708 227.5679 14.57899686 56197
0 COSMOS 2251 DEB
1 33813U 93036BE  10063.26376275 +.00000380 +00000-0 +81037-4 0  9991
2 33813 074.0559 002.7702 0122366 133.4018 227.7433 14.57899939056203
0 COSMOS 2251 DEB
1 33813U 93036BE  10064.22444894  .00000387  00000-0  82409-4 0  9992
2 33813 074.0552 000.9440 0122277 131.2631 229.9142 14.57900775 56340
0 COSMOS 2251 DEB
1 33813U 93036BE  10065.80271731 +.00000401 +00000-0 +85174-4 0  9994
2 33813 074.0546 357.9452 0122248 127.7290 233.4983 14.57902238056574
0 COSMOS 2251 DEB
1 33813U 93036BE  10066.76340197 +.00000435 +00000-0 +91961-4 0  9991
2 33813 074.0539 356.1197 0122196 125.6267 235.6363 14.57903447056711
0 COSMOS 2251 DEB
1 33813U 93036BE  10066.90064229  .00000435  00000-0  91853-4 0  9996
2 33813 074.0543 355.8589 0122205 125.3264 235.9396 14.57903575 56735
0 COSMOS 2251 DEB
1 33813U 93036BE  10067.79270514 +.00000459 +00000-0 +96707-4 0  9999
2 33813 074.0542 354.1640 0122173 123.3810 237.9135 14.57904675056862
0 COSMOS 2251 DEB
1 33813U 93036BE  10068.89062692  .00000414  00000-0  87801-4 0  9993
2 33813 074.0552 352.0783 0122066 121.0040 240.3121 14.57905162 57023
0 COSMOS 2251 DEB
1 33813U 93036BE  10069.16510854 +.00000419 +00000-0 +88860-4 0  9993
2 33813 074.0555 351.5570 0122028 120.3896 240.9403 14.57905503057065
0 COSMOS 2251 DEB
1 33813U 93036BE  10069.91992930  .00000397  00000-0  84475-4 0  9998
2 33813 074.0555 350.1230 0121986 118.7161 242.6328 14.57906091 57171
0 COSMOS 2251 DEB
1 33813U 93036BE  10070.19440950 +.00000476 +00000-0 +10002-3 0  9992
2 33813 074.0546 349.6009 0122254 118.2600 243.1057 14.57907173057212
0 COSMOS 2251 DEB
1 33813U 93036BE  10071.15508734  .00000486  00000-0  10200-3 0  9995
2 33813 074.0545 347.7762 0122243 116.1886 245.1918 14.57908252 57359
0 COSMOS 2251 DEB
1 33813U 93036BE  10072.18438388  .00000630  00000-0  13028-3 0  9998
2 33813 074.0548 345.8207 0122293 114.0732 247.3331 14.57910804 57503
0 COSMOS 2251 DEB
1 33813U 93036BE  10072.80196081 +.00000627 +00000-0 +12968-3 0  9996
2 33813 074.0553 344.6476 0122298 112.7464 248.6677 14.57911605057592
0 COSMOS 2251 DEB
1 33813U 93036BE  10073.14505945 +.00000628 +00000-0 +12979-3 0  9990
2 33813 074.0559 343.9956 0122235 111.9885 249.4323 14.57912081057644
0 COSMOS 2251 DEB
1 33813U 93036BE  10073.96849541  .00000641  00000-0  13246-3 0  9996
2 33813 074.0560 342.4313 0122262 110.2182 251.2185 14.57913295 57767
0 COSMOS 2251 DEB
1 33813U 93036BE  10074.79193037 +.00000683 +00000-0 +14062-3 0  9993
2 33813 074.0565 340.8674 0122296 108.4254 253.0259 14.57914763057886
0 COSMOS 2251 DEB
1 33813U 93036BE  10075.13502783  .00000686  00000-0  14115-3 0  9996
2 33813 074.0562 340.2149 0122272 107.6828 253.7746 14.57915324 57934
0 COSMOS 2251 DEB
1 33813U 93036BE  10076.16431891  .00000703  00000-0  14454-3 0  9997
2 33813 074.0577 338.2591 0122302 105.5347 255.9364 14.57917029 58086
0 COSMOS 2251 DEB
1 33813U 93036BE  10076.78189315 +.00000687 +00000-0 +14142-3 0  9991
2 33813 074.0581 337.0857 0122294 104.2054 257.2726 14.57917808058176
0 COSMOS 2251 DEB
1 33813U 93036BE  10077.67394373  .00000708  00000-0  14558-3 0  9997
2 33813 074.0572 335.3906 0122278 102.2813 259.2080 14.57919335 58302
0 COSMOS 2251 DEB
1 33813U 93036BE  10078.70323167  .00000712  00000-0  14640-3 0  9992
2 33813 074.0579 333.4352 0122264 100.0338 261.4654 14.57920962 58452
0 COSMOS 2251 DEB
1 33813U 93036BE  10079.66389805 +.00000793 +00000-0 +16212-3 0  9995
2 33813 074.0572 331.6094 0122323 097.9090 263.5986 14.57923240058591
0 COSMOS 2251 DEB
1 33813U 93036BE  10080.69318235  .00000832  00000-0  16984-3 0  9999
2 33813 074.0566 329.6537 0122272 095.5924 265.9214 14.57925283 58742
0 COSMOS 2251 DEB
1 33813U 93036BE  10081.65384528 +.00000869 +00000-0 +17715-3 0  9997
2 33813 074.0554 327.8277 0122262 093.4510 268.0651 14.57927334058880
0 COSMOS 2251 DEB
1 33813U 93036BE  10082.06555768  .00000867  00000-0  17666-3 0  9992
2 33813 074.0553 327.0456 0122258 092.5846 268.9321 14.57928037 58948
0 COSMOS 2251 DEB
1 33813U 93036BE  10083.09483813  .00000819  00000-0  16732-3 0  9997
2 33813 074.0550 325.0893 0122240 090.3033 271.2121 14.57929376 59092
0 COSMOS 2251 DEB
1 33813U 93036BE  10084.74168442  .00000762  00000-0  15615-3 0  9994
2 33813 074.0552 321.9609 0122286 086.7326 274.7789 14.57931479 59330
0 COSMOS 2251 DEB
1 33813U 93036BE  10084.74168442 +.00000762 +00000-0 +15615-3 0  9994
2 33813 074.0552 321.9609 0122286 086.7326 274.7789 14.57931479059330
0 COSMOS 2251 DEB
1 33813U 93036BE  10085.63372547 +.00000699 +00000-0 +14376-3 0  9998
2 33813 074.0547 320.2656 0122315 084.7372 276.7725 14.57932298059466
0 COSMOS 2251 DEB
1 33813U 93036BE  10086.04543612  .00000696  00000-0  14322-3 0  9995
2 33813 074.0543 319.4832 0122312 083.8338 277.6748 14.57932883 59529
0 COSMOS 2251 DEB
1 33813U 93036BE  10086.59438295 +.00000701 +00000-0 +14415-3 0  9995
2 33813 074.0544 318.4405 0122273 082.6694 278.8365 14.57933772059608
0 COSMOS 2251 DEB
1 33813U 93036BE  10087.07471080  .00000739  00000-0  15155-3 0  9991
2 33813 074.0534 317.5276 0122277 081.5435 279.9585 14.57934820 59676
0 COSMOS 2251 DEB
1 33813U 93036BE  10087.69227457 +.00000708 +00000-0 +14547-3 0  9996
2 33813 074.0538 316.3536 0122285 080.2083 281.2840 14.57935458059768
0 COSMOS 2251 DEB
1 33813U 93036BE  10088.58431109  .00000732  00000-0  15015-3 0  9994
2 33813 074.0534 314.6585 0122288 078.2582 283.2283 14.57937059 59899
0 COSMOS 2251 DEB
1 33813U 93036BE  10089.06463765 +.00000762 +00000-0 +15614-3 0  9999
2 33813 074.0535 313.7450 0122331 077.1952 284.2852 14.57938016059964
0 COSMOS 2251 DEB
1 33813U 93036BE  10090.02528984  .00000766  00000-0  15691-3 0  9991
2 33813 074.0534 311.9200 0122339 075.1127 286.3549 14.57939584 60101
0 COSMOS 2251 DEB
1 33813U 93036BE  10090.64285125 +.00000766 +00000-0 +15690-3 0  9995
2 33813 074.0535 310.7468 0122337 073.7807 287.6777 14.57940574060199
0 COSMOS 2251 DEB
1 33813U 93036BE  10091.05455856  .00000790  00000-0  16159-3 0  9999
2 33813 074.0533 309.9642 0122346 072.8930 288.5620 14.57941517 60250
0 COSMOS 2251 DEB
1 33813U 93036BE  10092.01520725 +.00000780 +00000-0 +15957-3 0  9998
2 33813 074.0522 308.1372 0122438 070.7623 290.6718 14.57942938060392
0 COSMOS 2251 DEB
1 33813U 93036BE  10092.97585561  .00000783  00000-0  16013-3 0  9999
2 33813 074.0522 306.3121 0122422 068.7001 292.7185 14.57944525 60535
0 COSMOS 2251 DEB
1 33813U 93036BE  10093.66203150 +.00000759 +00000-0 +15551-3 0  9996
2 33813 074.0522 305.0079 0122464 067.2016 294.1991 14.57945398060630
0 COSMOS 2251 DEB
1 33813U 93036BE  10094.00512018  .00000775  00000-0  15866-3 0  9998
2 33813 074.0516 304.3549 0122452 066.4737 294.9260 14.57946104 60683
0 COSMOS 2251 DEB
1 33813U 93036BE  10094.69129499 +.00000783 +00000-0 +16029-3 0  9991
2 33813 074.0517 303.0512 0122411 064.9989 296.3848 14.57947350060780
0 COSMOS 2251 DEB
1 33813U 93036BE  10095.92640821  .00000789  00000-0  16135-3 0  9999
2 33813 074.0515 300.7040 0122404 062.3202 299.0316 14.57949385 60960
0 COSMOS 2251 DEB
1 33813U 93036BE  10095.92640821 +.00000789 +00000-0 +16135-3 0  9999
2 33813 074.0515 300.7040 0122404 062.3202 299.0316 14.57949385060960
0 COSMOS 2251 DEB
1 33813U 93036BE  10096.54396399 +.00000829 +00000-0 +16927-3 0  9990
2 33813 074.0517 299.5301 0122417 060.9449 300.3935 14.57950876061059
0 COSMOS 2251 DEB
1 33813U 93036BE  10096.95566710  .00000839  00000-0  17111-3 0  9998
2 33813 074.0513 298.7473 0122433 060.0663 301.2610 14.57951731 61111
0 COSMOS 2251 DEB
1 33813U 93036BE  10097.98492436  .00000873  00000-0  17782-3 0  9997
2 33813 074.0518 296.7912 0122527 057.8163 303.4838 14.57953954 61266
0 COSMOS 2251 DEB
1 33813U 93036BE  10098.94556088 +.00000956 +00000-0 +19403-3 0  9992
2 33813 074.0527 294.9652 0122571 055.6881 305.5802 14.57956689061407
0 COSMOS 2251 DEB
1 33813U 93036BE  10099.90619765  .00001007  00000-0  20408-3 0  9996
2 33813 074.0529 293.1407 0122563 053.6539 307.5893 14.57959086 61548
0 COSMOS 2251 DEB
1 33813U 93036BE  10099.90619765 +.00001007 +00000-0 +20408-3 0  9996
2 33813 074.0529 293.1407 0122563 053.6539 307.5893 14.57959086061548
0 COSMOS 2251 DEB
1 33813U 93036BE  10100.59236453 +.00001035 +00000-0 +20966-3 0  9993
2 33813 074.0528 291.8364 0122535 052.2003 309.0196 14.57960832061649
0 COSMOS 2251 DEB
1 33813U 93036BE  10100.93544776  .00001084  00000-0  21922-3 0  9998
2 33813 074.0529 291.1838 0122444 051.4347 309.7736 14.57961913 61693
0 COSMOS 2251 DEB
1 33813U 93036BE  10101.62161353 +.00001056 +00000-0 +21381-3 0  9999
2 33813 074.0527 289.8802 0122396 050.0061 311.1745 14.57963102061790
0 COSMOS 2251 DEB
1 33813U 93036BE  10101.96469690  .00001053  00000-0  21323-3 0  9994
2 33813 074.0527 289.2282 0122395 049.2644 311.9062 14.57963780 61840
0 COSMOS 2251 DEB
1 33813U 93036BE  10102.58224575 +.00001012 +00000-0 +20510-3 0  9996
2 33813 074.0530 288.0547 0122432 047.9430 313.2028 14.57964656061935
0 COSMOS 2251 DEB
1 33813U 93036BE  10103.88595928  .00000968  00000-0  19655-3 0  9990
2 33813 074.0521 285.5770 0122396 045.1221 315.9786 14.57966829 62128
0 COSMOS 2251 DEB
1 33813U 93036BE  10103.88595928 +.00000968 +00000-0 +19655-3 0  9990
2 33813 074.0521 285.5770 0122396 045.1221 315.9786 14.57966829062128
0 COSMOS 2251 DEB
1 33813U 93036BE  10104.84658818 +.00000880 +00000-0 +17913-3 0  9993
2 33813 074.0518 283.7509 0122430 043.0644 317.9966 14.57967921062260
0 COSMOS 2251 DEB
1 33813U 93036BE  10104.91520550  .00000828  00000-0  16908-3 0  9997
2 33813 074.0512 283.6197 0122421 042.9193 318.1415 14.57967548 62271
0 COSMOS 2251 DEB
1 33813U 93036BE  10105.87583396 +.00000819 +00000-0 +16734-3 0  9997
2 33813 074.0512 281.7946 0122415 040.8555 320.1694 14.57969094062410
0 COSMOS 2251 DEB
1 33813U 93036BE  10106.56199621  .00000741  00000-0  15200-3 0  9999
2 33813 074.0514 280.4904 0122470 039.4268 321.5637 14.57969362 62519
0 COSMOS 2251 DEB
1 33813U 93036BE  10107.86570500  .00000700  00000-0  14390-3 0  9996
2 33813 074.0510 278.0126 0122405 036.5699 324.3723 14.57970912 62709
0 COSMOS 2251 DEB
1 33813U 93036BE  10107.86570500 +.00000700 +00000-0 +14390-3 0  9996
2 33813 074.0510 278.0126 0122405 036.5699 324.3723 14.57970912062709
0 COSMOS 2251 DEB
1 33813U 93036BE  10109.44387463  .00000625  00000-0  12926-3 0  9995
2 33813 074.0515 275.0131 0122350 033.1782 327.6917 14.57972408 62930
0 COSMOS 2251 DEB
1 33813U 93036BE  10110.47311562  .00000576  00000-0  11970-3 0  9990
2 33813 074.0514 273.0570 0122193 030.9798 329.8480 14.57973247 63089
0 COSMOS 2251 DEB
1 33813U 93036BE  10110.88481175 +.00000500 +00000-0 +10470-3 0  9994
2 33813 074.0517 272.2740 0122319 030.0063 330.7949 14.57972831063144
0 COSMOS 2251 DEB
1 33813U 93036BE  10112.87467532  .00000471  00000-0  99094-4 0  9993
2 33813 074.0536 268.4927 0122275 025.5857 335.1287 14.57974672 63431
0 COSMOS 2251 DEB
1 33813U 93036BE  10113.21775470 +.00000471 +00000-0 +99094-4 0  9995
2 33813 074.0536 267.8409 0122275 024.8459 335.8523 14.57975018063489
0 COSMOS 2251 DEB
1 33813U 93036BE  10114.38422380  .00000471  00000-0  99094-4 0  9993
2 33813 074.0536 265.6250 0122274 022.3307 338.3115 14.57976195 63654
0 COSMOS 2251 DEB
1 33813U 93036BE  10114.79591851 +.00000473 +00000-0 +99342-4 0  9996
2 33813 074.0549 264.8428 0122246 021.4347 339.1876 14.57976660063716
0 COSMOS 2251 DEB
1 33813U 93036BE  10115.48207586  .00000447  00000-0  94410-4 0  9994
2 33813 074.0537 263.5374 0122257 019.9686 340.6189 14.57977100 63814
0 COSMOS 2251 DEB
1 33813U 93036BE  10116.51131148  .00000466  00000-0  98021-4 0  9992
2 33813 074.0528 261.5802 0122163 017.7282 342.8124 14.57978378 63969
0 COSMOS 2251 DEB
1 33813U 93036BE  10117.40331423 +.00000490 +00000-0 +10278-3 0  9993
2 33813 074.0527 259.8851 0122270 015.7543 344.7374 14.57979466064091
0 COSMOS 2251 DEB
1 33813U 93036BE  10118.36393242  .00000512  00000-0  10706-3 0  9997
2 33813 074.0529 258.0590 0122277 013.6739 346.7708 14.57980708 64235
0 COSMOS 2251 DEB
1 33813U 93036BE  10119.53039554  .00000445  00000-0  93919-4 0  9993
2 33813 074.0551 255.8449 0122113 011.0517 349.3214 14.57981215 64407
0 COSMOS 2251 DEB
1 33813U 93036BE  10120.76547548  .00000469  00000-0  98669-4 0  9990
2 33813 074.0550 253.4978 0122114 008.3660 351.9510 14.57982657 64584
0 COSMOS 2251 DEB
1 33813U 93036BE  10121.79470701  .00000420  00000-0  89048-4 0  9998
2 33813 074.0532 251.5402 0122200 006.1474 354.1144 14.57983189 64736
0 COSMOS 2251 DEB
1 33813U 93036BE  10122.41224586 +.00000382 +00000-0 +81632-4 0  9994
2 33813 074.0534 250.3669 0122181 004.8453 355.3817 14.57983304064829
0 COSMOS 2251 DEB
1 33813U 93036BE  10123.37286223  .00000356  00000-0  76562-4 0  9993
2 33813 074.0528 248.5406 0122183 002.7740 357.4072 14.57983892 64961
0 COSMOS 2251 DEB
1 33813U 93036BE  10123.44147765 +.00000371 +00000-0 +79559-4 0  9994
2 33813 074.0529 248.4103 0122199 002.6227 357.5564 14.57984123064977
0 COSMOS 2251 DEB
1 33813U 93036BE  10124.74516755  .00000464  00000-0  97679-4 0  9993
2 33813 074.0535 245.9325 0122180 359.7966 000.3157 14.57986296 65164
0 COSMOS 2251 DEB
1 33813U 93036BE  10125.43131942 +.00000482 +00000-0 +10121-3 0  9997
2 33813 074.0536 244.6292 0122253 358.2869 001.7858 14.57987135065268
0 COSMOS 2251 DEB
1 33813U 93036BE  10126.32331716  .00000507  00000-0  10628-3 0  9997
2 33813 074.0548 242.9357 0122308 356.2877 003.7416 14.57988499 65392
0 COSMOS 2251 DEB
1 33813U 93036BE  10126.39193137 +.00000560 +00000-0 +11651-3 0  9993
2 33813 074.0539 242.8024 0122323 356.1822 003.8410 14.57988925065409
0 COSMOS 2251 DEB
1 33813U 93036BE  10127.35254283  .00000600  00000-0  12435-3 0  9996
2 33813 074.0562 240.9809 0122482 354.0733 005.8993 14.57990586 65548
0 COSMOS 2251 DEB
1 33813U 93036BE  10127.42115753 +.00000646 +00000-0 +13348-3 0  9996
2 33813 074.0546 240.8472 0122376 353.9497 006.0206 14.57990963065552
0 COSMOS 2251 DEB
1 33813U 93036BE  10128.72484228  .00000655  00000-0  13517-3 0  9994
2 33813 074.0542 238.3695 0122307 351.1379 008.7627 14.57992783 65749
0 COSMOS 2251 DEB
1 33813U 93036BE  10129.68545192 +.00000678 +00000-0 +13976-3 0  9992
2 33813 074.0537 236.5430 0122413 349.1309 010.7215 14.57994184065886
0 COSMOS 2251 DEB
1 33813U 93036BE  10130.37160077  .00000643  00000-0  13287-3 0  9992
2 33813 074.0542 235.2391 0122454 347.6769 012.1370 14.57994810 65987
0 COSMOS 2251 DEB
1 33813U 93036BE  10131.67528470  .00000568  00000-0  11814-3 0  9991
2 33813 074.0537 232.7610 0122356 344.8932 014.8583 14.57995729 66176
0 COSMOS 2251 DEB
1 33813U 93036BE  10132.70450693  .00000529  00000-0  11051-3 0  9997
2 33813 074.0538 230.8054 0122677 342.5827 017.1081 14.57996507 66323
0 COSMOS 2251 DEB
1 33813U 93036BE  10133.66511590 +.00000466 +00000-0 +98246-4 0  9999
2 33813 074.0537 228.9795 0122506 340.5103 019.1399 14.57996956066465
0 COSMOS 2251 DEB
1 33813U 93036BE  10134.28264902  .00000466  00000-0  98128-4 0  9999
2 33813 074.0537 227.8063 0122504 339.1830 020.4367 14.57997569 66551
0 COSMOS 2251 DEB
1 33813U 93036BE  10134.35126381 +.00000365 +00000-0 +78268-4 0  9996
2 33813 074.0539 227.6739 0122517 339.0041 020.6076 14.57996736066563
0 COSMOS 2251 DEB
1 33813U 93036BE  10135.31187191  .00000345  00000-0  74399-4 0  9998
2 33813 074.0540 225.8491 0122492 336.9459 022.6210 14.57997252 66703
0 COSMOS 2251 DEB
1 33813U 93036BE  10136.34109267  .00000358  00000-0  76925-4 0  9991
2 33813 074.0548 223.8918 0122710 334.6765 024.8383 14.57998415 66854
0 COSMOS 2251 DEB
1 33813U 93036BE  10137.37031405  .00000333  00000-0  72095-4 0  9990
2 33813 074.0555 221.9356 0122612 332.3192 027.1476 14.57999010 67006
0 COSMOS 2251 DEB
1 33813U 93036BE  10138.39953419  .00000364  00000-0  78166-4 0  9990
2 33813 074.0574 219.9831 0123063 329.9732 029.4386 14.58000180 67158
0 COSMOS 2251 DEB
1 33813U 93036BE  10139.29152581 +.00000356 +00000-0 +76582-4 0  9992
2 33813 074.0575 218.2889 0122996 328.0470 031.3271 14.58000805067280
0 COSMOS 2251 DEB
1 33813U 93036BE  10140.32074613  .00000413  00000-0  87811-4 0  9998
2 33813 074.0572 216.3330 0123064 325.7816 033.5535 14.58002318 67437
0 COSMOS 2251 DEB
1 33813U 93036BE  10141.34996232  .00000523  00000-0  10936-3 0  9996
2 33813 074.0578 214.3771 0123105 323.5020 035.7811 14.58004401 67581
0 COSMOS 2251 DEB
1 33813U 93036BE  10142.37918131  .00000480  00000-0  10072-3 0  9995
2 33813 074.0578 212.4215 0123644 321.2076 038.0248 14.58004898 67734
0 COSMOS 2251 DEB
1 33813U 93036BE  10143.33978485 +.00000450 +00000-0 +94769-4 0  9993
2 33813 074.0588 210.5983 0124515 319.0924 040.0954 14.58005934067875
0 COSMOS 2251 DEB
1 33813U 93036BE  10143.95731522  .00000453  00000-0  95418-4 0  9995
2 33813 074.0589 209.4251 0124518 317.7553 041.4072 14.58006575 67965
0 COSMOS 2251 DEB
1 33813U 93036BE  10144.30038757 +.00000380 +00000-0 +81104-4 0  9991
2 33813 074.0581 208.7713 0124310 316.9750 042.1705 14.58006106068010
0 COSMOS 2251 DEB
1 33813U 93036BE  10145.19237697  .00000396  00000-0  84170-4 0  9996
2 33813 074.0581 207.0773 0124338 315.0503 044.0657 14.58007013 68143
0 COSMOS 2251 DEB
1 33813U 93036BE  10145.60406369 +.00000371 +00000-0 +79485-4 0  9992
2 33813 074.0579 206.2946 0124150 314.1429 044.9559 14.58007067068208
0 COSMOS 2251 DEB
1 33813U 93036BE  10146.90773927  .00000383  00000-0  81781-4 0  9998
2 33813 074.0578 203.8179 0124151 311.3353 047.7202 14.58008320 68393
0 COSMOS 2251 DEB
1 33813U 93036BE  10146.90773927 +.00000383 +00000-0 +81781-4 0  9998
2 33813 074.0578 203.8179 0124151 311.3353 047.7202 14.58008320068393
0 COSMOS 2251 DEB
1 33813U 93036BE  10147.79972763 +.00000371 +00000-0 +79431-4 0  9991
2 33813 074.0559 202.1154 0123893 309.4726 049.5569 14.58008833068521
0 COSMOS 2251 DEB
1 33813U 93036BE  10148.21141360  .00000367  00000-0  78702-4 0  9995
2 33813 074.0560 201.3333 0123982 308.5860 050.4259 14.58009211 68585
0 COSMOS 2251 DEB
1 33813U 93036BE  10148.69171451 +.00000407 +00000-0 +86482-4 0  9990
2 33813 074.0552 200.4179 0124153 307.6465 051.3489 14.58009918068653
0 COSMOS 2251 DEB
1 33813U 93036BE  10149.51508699  .00000421  00000-0  89252-4 0  9994
2 33813 074.0549 198.8519 0124346 306.0006 052.9630 14.58010684 68775
0 COSMOS 2251 DEB
1 33813U 93036BE  10150.26984527 +.00000500 +00000-0 +10458-3 0  9995
2 33813 074.0540 197.4163 0124365 304.4230 054.5221 14.58012108068887
0 COSMOS 2251 DEB
1 33813U 93036BE  10150.95598875  .00000547  00000-0  11384-3 0  9998
2 33813 074.0537 196.1133 0124497 302.9627 055.9655 14.58013387 68982
0 COSMOS 2251 DEB
1 33813U 93036BE  10151.29905948 +.00000559 +00000-0 +11611-3 0  9995
2 33813 074.0536 195.4611 0124652 302.2648 056.6479 14.58013841069037
0 COSMOS 2251 DEB
1 33813U 93036BE  10152.46550112  .00000661  00000-0  13592-3 0  9998
2 33813 074.0534 193.2444 0124867 299.8604 059.0213 14.58016298 69207
0 COSMOS 2251 DEB
1 33813U 93036BE  10153.49471392  .00000649  00000-0  13360-3 0  9993
2 33813 074.0532 191.2877 0124732 297.6398 061.2149 14.58017501 69357
0 COSMOS 2251 DEB
1 33813U 93036BE  10154.45531282 +.00000678 +00000-0 +13934-3 0  9994
2 33813 074.0538 189.4627 0124764 295.6309 063.2053 14.58019058069490
0 COSMOS 2251 DEB
1 33813U 93036BE  10155.21006696  .00000646  00000-0  13304-3 0  9991
2 33813 074.0539 188.0288 0124808 294.0290 064.7817 14.58019793 69603
0 COSMOS 2251 DEB
1 33813U 93036BE  10155.48452397 +.00000666 +00000-0 +13696-3 0  9999
2 33813 074.0538 187.5071 0124833 293.4387 065.3700 14.58020323069647
0 COSMOS 2251 DEB
1 33813U 93036BE  10156.23927842  .00000678  00000-0  13929-3 0  9997
2 33813 074.0526 186.0715 0124755 291.7902 067.0051 14.58021507 69755
0 COSMOS 2251 DEB
1 33813U 93036BE  10157.19987305 +.00000695 +00000-0 +14267-3 0  9998
2 33813 074.0518 184.2443 0124987 289.8219 068.9472 14.58023100069893
0 COSMOS 2251 DEB
1 33813U 93036BE  10157.88601335  .00000697  00000-0  14293-3 0  9991
2 33813 074.0514 182.9403 0125086 288.3503 070.4101 14.58024139 69992
0 COSMOS 2251 DEB
1 33813U 93036BE  10158.84660807 +.00000685 +00000-0 +14057-3 0  9992
2 33813 074.0523 181.1158 0125172 286.3542 072.3852 14.58025408070139
0 COSMOS 2251 DEB
1 33813U 93036BE  10159.18967830  .00000656  00000-0  13491-3 0  9995
2 33813 074.0520 180.4639 0125249 285.6727 073.0612 14.58025569 70189
0 COSMOS 2251 DEB
1 33813U 93036BE  10159.80720407 +.00000655 +00000-0 +13462-3 0  9998
2 33813 074.0522 179.2942 0125191 284.0915 074.6408 14.58026411070279
0 COSMOS 2251 DEB
1 33813U 93036BE  10160.42472803  .00000640  00000-0  13186-3 0  9999
2 33813 074.0516 178.1183 0125183 282.7389 075.9807 14.58027095 70364
0 COSMOS 2251 DEB
1 33813U 93036BE  10161.11086664 +.00000611 +00000-0 +12609-3 0  9999
2 33813 074.0523 176.8140 0125209 281.3428 077.3650 14.58027740070468
0 COSMOS 2251 DEB
1 33813U 93036BE  10162.07146122  .00000454  00000-0  95569-4 0  9993
2 33813 074.0520 174.9890 0125159 279.2976 079.3889 14.58027222 70601
0 COSMOS 2251 DEB
1 33813U 93036BE  10163.16928724  .00000399  00000-0  84771-4 0  9991
2 33813 074.0519 172.9028 0125230 276.9170 081.7763 14.58027759 70760
0 COSMOS 2251 DEB
1 33813U 93036BE  10163.78681240 +.00000425 +00000-0 +89879-4 0  9992
2 33813 074.0508 171.7282 0125345 275.7156 082.9793 14.58028824070855
0 COSMOS 2251 DEB
1 33813U 93036BE  10164.81601915  .00000456  00000-0  95819-4 0  9993
2 33813 074.0503 169.7710 0125398 273.4305 085.2587 14.58030165 71008
0 COSMOS 2251 DEB
1 33813U 93036BE  10165.77660858 +.00000584 +00000-0 +12079-3 0  9998
2 33813 074.0509 167.9475 0125019 270.9909 087.6934 14.58032537071146
0 COSMOS 2251 DEB
1 33813U 93036BE  10166.18829109  .00000575  00000-0  11912-3 0  9995
2 33813 074.0518 167.1654 0124956 269.9625 088.7212 14.58032866 71202
0 COSMOS 2251 DEB
1 33813U 93036BE  10166.39413252 +.00000600 +00000-0 +12401-3 0  9999
2 33813 074.0523 166.7756 0124956 269.5402 089.1441 14.58033324071237
0 COSMOS 2251 DEB
1 33813U 93036BE  10167.42333866  .00000568  00000-0  11776-3 0  9993
2 33813 074.0523 164.8202 0124919 267.3082 091.3765 14.58034274 71386
0 COSMOS 2251 DEB
1 33813U 93036BE  10168.79561382  .00000507  00000-0  10586-3 0  9991
2 33813 074.0527 162.2112 0124785 264.3151 094.3740 14.58035147 71585
0 COSMOS 2251 DEB
1 33813U 93036BE  10168.79561382 +.00000507 +00000-0 +10586-3 0  9991
2 33813 074.0527 162.2112 0124785 264.3151 094.3740 14.58035147071585
0 COSMOS 2251 DEB
1 33813U 93036BE  10169.75620639 +.00000495 +00000-0 +10355-3 0  9999
2 33813 074.0530 160.3832 0124775 262.2357 096.4628 14.58036072071723
0 COSMOS 2251 DEB
1 33813U 93036BE  10170.09927485  .00000399  00000-0  84851-4 0  9993
2 33813 074.0530 159.7303 0124717 261.5197 097.1767 14.58035660 71777
0 COSMOS 2251 DEB
1 33813U 93036BE  10170.37373071 +.00000369 +00000-0 +79017-4 0  9995
2 33813 074.0530 159.2087 0124736 260.9132 097.7901 14.58035719071810
0 COSMOS 2251 DEB
1 33813U 93036BE  10171.12848175  .00000424  00000-0  89675-4 0  9994
2 33813 074.0532 157.7752 0124717 259.2117 099.5063 14.58037027 71922
0 COSMOS 2251 DEB
1 33813U 93036BE  10171.40293512 +.00000442 +00000-0 +93101-4 0  9993
2 33813 074.0531 157.2534 0124721 258.6524 100.0619 14.58037466071960
0 COSMOS 2251 DEB
1 33813U 93036BE  10172.36352448  .00000529  00000-0  11007-3 0  9993
2 33813 074.0534 155.4272 0124848 256.6739 102.0480 14.58039406 72109
0 COSMOS 2251 DEB
1 33813U 93036BE  10173.94163701  .00000565  00000-0  11717-3 0  9998
2 33813 074.0543 152.4301 0124884 253.2489 105.4943 14.58041472 72336
0 COSMOS 2251 DEB
1 33813U 93036BE  10173.94163701 +.00000565 +00000-0 +11717-3 0  9998
2 33813 074.0543 152.4301 0124884 253.2489 105.4943 14.58041472072336
0 COSMOS 2251 DEB
1 33813U 93036BE  10174.69638638 +.00000580 +00000-0 +11997-3 0  9994
2 33813 074.0543 150.9948 0124928 251.7496 107.0042 14.58042440072442
0 COSMOS 2251 DEB
1 33813U 93036BE  10175.10806752  .00000548  00000-0  11385-3 0  9990
2 33813 074.0545 150.2125 0124911 250.9431 107.8124 14.58042571 72507
0 COSMOS 2251 DEB
1 33813U 93036BE  10175.72559016 +.00000550 +00000-0 +11410-3 0  9998
2 33813 074.0542 149.0379 0124928 249.6210 109.1517 14.58043356072591
0 COSMOS 2251 DEB
1 33813U 93036BE  10176.68617970  .00000516  00000-0  10749-3 0  9994
2 33813 074.0543 147.2119 0124953 247.5614 111.2278 14.58044016 72735
0 COSMOS 2251 DEB
1 33813U 93036BE  10177.71538265  .00000481  00000-0  10062-3 0  9997
2 33813 074.0547 145.2566 0124942 245.4111 113.3997 14.58044844 72886
0 COSMOS 2251 DEB
1 33813U 93036BE  10179.08765258  .00000439  00000-0  92552-4 0  9991
2 33813 074.0542 142.6475 0124863 242.5644 116.2753 14.58045804 73084
0 COSMOS 2251 DEB
1 33813U 93036BE  10179.29349348 +.00000433 +00000-0 +91430-4 0  9990
2 33813 074.0544 142.2568 0124873 242.1400 116.7069 14.58045980073116
0 COSMOS 2251 DEB
1 33813U 93036BE  10180.32269492  .00000492  00000-0  10279-3 0  9993
2 33813 074.0548 140.3006 0124901 239.8812 118.9934 14.58047461 73265
0 COSMOS 2251 DEB
1 33813U 93036BE  10181.62635012  .00000474  00000-0  99225-4 0  9991
2 33813 074.0551 137.8228 0124886 237.0838 121.8270 14.58048628 73459
0 COSMOS 2251 DEB
1 33813U 93036BE  10182.31248436 +.00000467 +00000-0 +97915-4 0  9994
2 33813 074.0552 136.5188 0124818 235.5999 123.3331 14.58049323073556
0 COSMOS 2251 DEB
1 33813U 93036BE  10182.99861786  .00000472  00000-0  98845-4 0  9996
2 33813 074.0558 135.2153 0124827 234.1319 124.8204 14.58050052 73658
0 COSMOS 2251 DEB
1 33813U 93036BE  10183.27307133 +.00000479 +00000-0 +10020-3 0  9994
2 33813 074.0555 134.6932 0124817 233.5321 125.4296 14.58050384073698
0 COSMOS 2251 DEB
1 33813U 93036BE  10184.30227163  .00000501  00000-0  10464-3 0  9991
2 33813 074.0562 132.7380 0124742 231.3448 127.6519 14.58051701 73848
0 COSMOS 2251 DEB
1 33813U 93036BE  10185.88037706  .00000480  00000-0  10043-3 0  9996
2 33813 074.0561 129.7393 0124674 227.9909 131.0559 14.58053179 74074
0 COSMOS 2251 DEB
1 33813U 93036BE  10185.88037706 +.00000480 +00000-0 +10043-3 0  9996
2 33813 074.0561 129.7393 0124674 227.9909 131.0559 14.58053179074074
0 COSMOS 2251 DEB
1 33813U 93036BE  10187.25264268  .00000475  00000-0  99553-4 0  9992
2 33813 074.0562 127.1312 0124554 225.0976 133.9989 14.58054507 74274
0 COSMOS 2251 DEB
1 33813U 93036BE  10187.59570964 +.00000463 +00000-0 +97080-4 0  9992
2 33813 074.0564 126.4790 0124519 224.3815 134.7313 14.58054771074322
0 COSMOS 2251 DEB
1 33813U 93036BE  10188.00738918 +.00000461 +00000-0 +96696-4 0  9994
2 33813 074.0558 125.6961 0124538 223.4483 135.6808 14.58055072074388
0 COSMOS 2251 DEB
1 33813U 93036BE  10188.96797449  .00000426  00000-0  89998-4 0  9991
2 33813 074.0556 123.8716 0124413 221.4245 137.7397 14.58055675 74521
0 COSMOS 2251 DEB
1 33813U 93036BE  10189.58549423 +.00000423 +00000-0 +89309-4 0  9990
2 33813 074.0550 122.6989 0124429 220.1094 139.0854 14.58056282074617
0 COSMOS 2251 DEB
1 33813U 93036BE  10190.20301268  .00000387  00000-0  82354-4 0  9996
2 33813 074.0545 121.5256 0124496 218.7893 140.4262 14.58056423 74706
0 COSMOS 2251 DEB
1 33813U 93036BE  10190.88914516 +.00000347 +00000-0 +74431-4 0  9999
2 33813 074.0540 120.2224 0124501 217.2766 141.9679 14.58056561074804
0 COSMOS 2251 DEB
1 33813U 93036BE  10191.23221185  .00000381  00000-0  81136-4 0  9990
2 33813 074.0539 119.5716 0124560 216.5041 142.7624 14.58057207 74854
0 COSMOS 2251 DEB
1 33813U 93036BE  10191.57527707 +.00000393 +00000-0 +83381-4 0  9993
2 33813 074.0539 118.9196 0124557 215.7886 143.4902 14.58057642074909
0 COSMOS 2251 DEB
1 33813U 93036BE  10192.81031463  .00000322  00000-0  69630-4 0  9993
2 33813 074.0542 116.5726 0124565 213.1089 146.2223 14.58057917 75084
0 COSMOS 2251 DEB
1 33813U 93036BE  10193.90812525  .00000349  00000-0  74911-4 0  9997
2 33813 074.0539 114.4858 0124380 210.8306 148.5493 14.58058921 75242
0 COSMOS 2251 DEB
1 33813U 93036BE  10193.90812525 +.00000349 +00000-0 +74911-4 0  9997
2 33813 074.0539 114.4858 0124380 210.8306 148.5493 14.58058921075242
0 COSMOS 2251 DEB
1 33813U 93036BE  10194.86870897 +.00000338 +00000-0 +72753-4 0  9999
2 33813 074.0537 112.6609 0124425 208.7134 150.7122 14.58059626075381
0 COSMOS 2251 DEB
1 33813U 93036BE  10195.21177501  .00000359  00000-0  76820-4 0  9993
2 33813 074.0534 112.0088 0124359 207.9889 151.4565 14.58060095 75434
0 COSMOS 2251 DEB
1 33813U 93036BE  10195.82929268 +.00000343 +00000-0 +73679-4 0  9997
2 33813 074.0534 110.8353 0124272 206.6548 152.8170 14.58060409075523
0 COSMOS 2251 DEB
1 33813U 93036BE  10196.85848896  .00000321  00000-0  69320-4 0  9992
2 33813 074.0530 108.8795 0124516 204.3949 155.1287 14.58060980 75672
0 COSMOS 2251 DEB
1 33813U 93036BE  10196.85848896 +.00000321 +00000-0 +69320-4 0  9992
2 33813 074.0530 108.8795 0124516 204.3949 155.1287 14.58060980075672
0 COSMOS 2251 DEB
1 33813U 93036BE  10197.20155451 +.00000347 +00000-0 +74423-4 0  9998
2 33813 074.0530 108.2278 0124273 203.7194 155.8199 14.58061446075720
0 COSMOS 2251 DEB
1 33813U 93036BE  10198.09352451  .00000347  00000-0  74423-4 0  9995
2 33813 074.0530 106.5330 0124273 201.7960 157.7893 14.58062125 75850
0 COSMOS 2251 DEB
1 33813U 93036BE  10198.50520274 +.00000347 +00000-0 +74423-4 0  9991
2 33813 074.0530 105.7508 0124272 200.9082 158.6978 14.58062439075912
0 COSMOS 2251 DEB
1 33813U 93036BE  10199.19133326  .00000360  00000-0  77066-4 0  9996
2 33813 074.0520 104.4446 0124226 199.4255 160.2171 14.58063025 76019
0 COSMOS 2251 DEB
1 33813U 93036BE  10199.80884997 +.00000343 +00000-0 +73757-4 0  9995
2 33813 074.0523 103.2708 0123777 198.1292 161.5381 14.58063386076104
0 COSMOS 2251 DEB
1 33813U 93036BE  10200.76943271  .00000370  00000-0  79047-4 0  9992
2 33813 074.0527 101.4449 0123674 196.0657 163.6572 14.58064407 76243
0 COSMOS 2251 DEB
1 33813U 93036BE  10201.79862555 +.00000330 +00000-0 +71263-4 0  9999
2 33813 074.0523 099.4872 0122921 193.8757 165.8837 14.58064847076397
0 COSMOS 2251 DEB
1 33813U 93036BE  10202.75920906 +.00000359 +00000-0 +76808-4 0  9992
2 33813 074.0523 097.6602 0123035 191.7967 168.0305 14.58065845076535
0 COSMOS 2251 DEB
1 33813U 93036BE  10203.10227364  .00000393  00000-0  83440-4 0  9998
2 33813 074.0522 097.0089 0123370 191.0312 168.8217 14.58066486 76583
0 COSMOS 2251 DEB
1 33813U 93036BE  10203.71978802 +.00000396 +00000-0 +84094-4 0  9994
2 33813 074.0528 095.8336 0123401 189.6841 170.1958 14.58067091076676
0 COSMOS 2251 DEB
1 33813U 93036BE  10204.13146483  .00000362  00000-0  77432-4 0  9994
2 33813 074.0526 095.0501 0123256 188.8335 171.0617 14.58067026 76734
0 COSMOS 2251 DEB
1 33813U 93036BE  10204.47452993 +.00000369 +00000-0 +78727-4 0  9992
2 33813 074.0531 094.3969 0123208 188.1072 171.8114 14.58067398076785
0 COSMOS 2251 DEB
1 33813U 93036BE  10205.50372273  .00000332  00000-0  71511-4 0  9993
2 33813 074.0542 092.4396 0123174 185.9261 174.0474 14.58067887 76931
0 COSMOS 2251 DEB
1 33813U 93036BE  10206.46430152 +.00000343 +00000-0 +73739-4 0  9996
2 33813 074.0544 090.6155 0123197 183.9022 176.1222 14.58068770077076
0 COSMOS 2251 DEB
1 33813U 93036BE  10207.01320317  .00000346  00000-0  74216-4 0  9993
2 33813 074.0545 089.5705 0123288 182.6904 177.3609 14.58069124 77156
0 COSMOS 2251 DEB
1 33813U 93036BE  10207.08181604 +.00000338 +00000-0 +72722-4 0  9995
2 33813 074.0546 089.4402 0123209 182.5696 177.4856 14.58069169077165
0 COSMOS 2251 DEB
1 33813U 93036BE  10208.04239438  .00000371  00000-0  79200-4 0  9996
2 33813 074.0550 087.6149 0123337 180.4603 179.6505 14.58070268 77308
0 COSMOS 2251 DEB
1 33813U 93036BE  10208.11100644 +.00000402 +00000-0 +85244-4 0  9990
2 33813 074.0545 087.4829 0123496 180.2664 179.8495 14.58070654077316
0 COSMOS 2251 DEB
1 33813U 93036BE  10209.07158313  .00000470  00000-0  98479-4 0  9991
2 33813 074.0546 085.6563 0123837 178.2113 181.9583 14.58071964 77459
0 COSMOS 2251 DEB
1 33813U 93036BE  10210.10077125  .00000479  00000-0  10004-3 0  9994
2 33813 074.0541 083.7010 0123822 176.0186 184.2013 14.58073050 77609
0 COSMOS 2251 DEB
1 33813U 93036BE  10210.85550908 +.00000460 +00000-0 +96387-4 0  9990
2 33813 074.0537 082.2675 0123905 174.3662 185.8906 14.58073558077710
0 COSMOS 2251 DEB
1 33813U 93036BE  10211.74747239  .00000438  00000-0  92169-4 0  9993
2 33813 074.0533 080.5729 0123884 172.4136 187.8913 14.58074209 77846
0 COSMOS 2251 DEB
1 33813U 93036BE  10212.70804771 +.00000462 +00000-0 +96801-4 0  9999
2 33813 074.0532 078.7478 0123878 170.3437 190.0157 14.58075338077984
0 COSMOS 2251 DEB
1 33813U 93036BE  10213.05110990  .00000464  00000-0  97235-4 0  9995
2 33813 074.0532 078.0956 0123868 169.6285 190.7506 14.58075787 78039
0 COSMOS 2251 DEB
1 33813U 93036BE  10213.66862122 +.00000468 +00000-0 +97953-4 0  9994
2 33813 074.0530 076.9220 0123902 168.3149 192.0965 14.58076496078124
0 COSMOS 2251 DEB
1 33813U 93036BE  10214.69780677  .00000446  00000-0  93721-4 0  9997
2 33813 074.0518 074.9657 0123810 166.0810 194.3812 14.58077241 78271
0 COSMOS 2251 DEB
1 33813U 93036BE  10215.65837909 +.00000480 +00000-0 +10034-3 0  9998
2 33813 074.0512 073.1405 0123751 163.9408 196.5723 14.58078555078410
0 COSMOS 2251 DEB
1 33813U 93036BE  10215.79560393  .00000510  00000-0  10621-3 0  9999
2 33813 074.0513 072.8781 0123757 163.6040 196.9196 14.58078976 78436
0 COSMOS 2251 DEB
1 33813U 93036BE  10216.68756286 +.00000487 +00000-0 +10176-3 0  9994
2 33813 074.0512 071.1826 0123453 161.5778 198.9854 14.58079732078563
0 COSMOS 2251 DEB
1 33813U 93036BE  10217.03062516  .00000538  00000-0  11154-3 0  9994
2 33813 074.0507 070.5291 0123510 160.8458 199.7461 14.58080565 78612
0 COSMOS 2251 DEB
1 33813U 93036BE  10217.64813369 +.00000541 +00000-0 +11218-3 0  9996
2 33813 074.0506 069.3549 0123481 159.5121 201.1064 14.58081305078702
0 COSMOS 2251 DEB
1 33813U 93036BE  10218.67731414  .00000549  00000-0  11380-3 0  9998
2 33813 074.0516 067.4007 0123476 157.3004 203.3661 14.58082729 78855
0 COSMOS 2251 DEB
1 33813U 93036BE  10219.36343390 +.00000656 +00000-0 +13462-3 0  9999
2 33813 074.0509 066.0967 0123797 155.9869 204.7239 14.58084663078952
0 COSMOS 2251 DEB
1 33813U 93036BE  10219.91232753  .00000654  00000-0  13414-3 0  9995
2 33813 074.0507 065.0527 0124063 154.8231 205.9065 14.58085330 79031
0 COSMOS 2251 DEB
1 33813U 93036BE  10220.59844634 +.00000666 +00000-0 +13645-3 0  9997
2 33813 074.0505 063.7489 0124047 153.3336 207.4292 14.58086416079139
0 COSMOS 2251 DEB
1 33813U 93036BE  10221.01011727  .00000726  00000-0  14820-3 0  9997
2 33813 074.0503 062.9657 0124085 152.4425 208.3444 14.58087615 79193
0 COSMOS 2251 DEB
1 33813U 93036BE  10221.62762233 +.00000715 +00000-0 +14592-3 0  9993
2 33813 074.0499 061.7916 0124267 151.1224 209.6896 14.58088401079286
0 COSMOS 2251 DEB
1 33813U 93036BE  10222.58818531  .00000756  00000-0  15391-3 0  9995
2 33813 074.0500 059.9656 0124453 149.0879 211.7673 14.58090203 79424
0 COSMOS 2251 DEB
1 33813U 93036BE  10223.61736125  .00000698  00000-0  14278-3 0  9996
2 33813 074.0495 058.0101 0123520 146.6623 214.2320 14.58091203 79570
0 COSMOS 2251 DEB
1 33813U 93036BE  10224.71514737  .00000720  00000-0  14706-3 0  9993
2 33813 074.0494 055.9243 0123716 144.3410 216.6129 14.58093048 79738
0 COSMOS 2251 DEB
1 33813U 93036BE  10225.53848433 +.00000706 +00000-0 +14435-3 0  9990
2 33813 074.0495 054.3587 0123584 142.5524 218.4325 14.58094187079858
0 COSMOS 2251 DEB
1 33813U 93036BE  10225.95015294  .00000701  00000-0  14338-3 0  9994
2 33813 074.0493 053.5759 0123394 141.6441 219.3576 14.58094787 79916
0 COSMOS 2251 DEB
1 33813U 93036BE  10226.56765529 +.00000701 +00000-0 +14343-3 0  9991
2 33813 074.0492 052.4023 0123408 140.3076 220.7201 14.58095691080001
0 COSMOS 2251 DEB
1 33813U 93036BE  10227.52821309  .00000720  00000-0  14703-3 0  9998
2 33813 074.0491 050.5768 0123459 138.2577 222.8104 14.58097349 80145
0 COSMOS 2251 DEB
1 33813U 93036BE  10228.55737950  .00000763  00000-0  15543-3 0  9990
2 33813 074.0484 048.6210 0123300 136.0811 225.0225 14.58099364 80293
0 COSMOS 2251 DEB
1 33813U 93036BE  10229.51793507 +.00000766 +00000-0 +15624-3 0  9990
2 33813 074.0501 046.7926 0122374 133.3999 227.7245 14.58100983080430
0 COSMOS 2251 DEB
1 33813U 93036BE  10229.92960472  .00000805  00000-0  16401-3 0  9990
2 33813 074.0501 046.0114 0122381 132.4662 228.6923 14.58101966 80498
0 COSMOS 2251 DEB
1 33813U 93036BE  10230.54710330 +.00000789 +00000-0 +16084-3 0  9994
2 33813 074.0501 044.8379 0122475 131.1659 230.0142 14.58102803080584
0 COSMOS 2251 DEB
1 33813U 93036BE  10231.50765547  .00000784  00000-0  15977-3 0  9996
2 33813 074.0502 043.0127 0122548 129.1204 232.0927 14.58104351 80720
0 COSMOS 2251 DEB
1 33813U 93036BE  10232.26237407 +.00000777 +00000-0 +15849-3 0  9999
2 33813 074.0510 041.5750 0122534 127.4808 233.7563 14.58105558080836
0 COSMOS 2251 DEB
1 33813U 93036BE  10233.22292426  .00000796  00000-0  16216-3 0  9998
2 33813 074.0511 039.7492 0122231 125.4070 235.8617 14.58107362 80975
0 COSMOS 2251 DEB
1 33813U 93036BE  10233.63458743 +.00000744 +00000-0 +15204-3 0  9998
2 33813 074.0510 038.9667 0122186 124.6146 236.6591 14.58107409081033
0 COSMOS 2251 DEB
1 33813U 93036BE  10234.52652559  .00000724  00000-0  14807-3 0  9994
2 33813 074.0505 037.2717 0122234 122.7296 238.5716 14.58108572 81160
0 COSMOS 2251 DEB
1 33813U 93036BE  10235.62429322  .00000719  00000-0  14707-3 0  9999
2 33813 074.0508 035.1846 0122244 120.4700 240.8606 14.58110227 81321
0 COSMOS 2251 DEB
1 33813U 93036BE  10235.62429322 +.00000719 +00000-0 +14707-3 0  9999
2 33813 074.0508 035.1846 0122244 120.4700 240.8606 14.58110227081321
0 COSMOS 2251 DEB
1 33813U 93036BE  10236.58484060 +.00000665 +00000-0 +13654-3 0  9995
2 33813 074.0510 033.3588 0121932 118.2939 243.0593 14.58111038081465
0 COSMOS 2251 DEB
1 33813U 93036BE  10237.20233398  .00000665  00000-0  13654-3 0  9991
2 33813 074.0510 032.1853 0121931 116.9625 244.4056 14.58111899 81557
0 COSMOS 2251 DEB
1 33813U 93036BE  10237.61399596 +.00000602 +00000-0 +12423-3 0  9993
2 33813 074.0518 031.4005 0121627 116.0467 245.3220 14.58111727081613
0 COSMOS 2251 DEB
1 33813U 93036BE  10238.57454147  .00000589  00000-0  12175-3 0  9991
2 33813 074.0520 029.5755 0121556 113.9596 247.4358 14.58112887 81754
0 COSMOS 2251 DEB
1 33813U 93036BE  10239.53508463 +.00000589 +00000-0 +12175-3 0  9999
2 33813 074.0520 027.7502 0121555 111.8882 249.5260 14.58114080081895
0 COSMOS 2251 DEB
1 33813U 93036BE  10239.60369482  .00000589  00000-0  12175-3 0  9993
2 33813 074.0520 027.6198 0121554 111.7403 249.6752 14.58114165 81905
0 COSMOS 2251 DEB
1 33813U 93036BE  10240.42701663 +.00000531 +00000-0 +11049-3 0  9992
2 33813 074.0516 026.0542 0121514 110.0208 251.4052 14.58114523082023
0 COSMOS 2251 DEB
1 33813U 93036BE  10240.63284774  .00000541  00000-0  11228-3 0  9994
2 33813 074.0516 025.6621 0121520 109.6091 251.8272 14.58114930 82050
0 COSMOS 2251 DEB
1 33813U 93036BE  10241.45616822 +.00000549 +00000-0 +11389-3 0  9994
2 33813 074.0521 024.0955 0121438 107.7316 253.7143 14.58116011082179
0 COSMOS 2251 DEB
1 33813U 93036BE  10242.48531819  .00000573  00000-0  11868-3 0  9999
2 33813 074.0524 022.1395 0121350 105.5867 255.8748 14.58117414 82328
0 COSMOS 2251 DEB
1 33813U 93036BE  10243.51446685  .00000547  00000-0  11366-3 0  9994
2 33813 074.0520 020.1816 0121164 103.2869 258.1826 14.58118352 82471
0 COSMOS 2251 DEB
1 33813U 93036BE  10243.51446685 +.00000547 +00000-0 +11366-3 0  9994
2 33813 074.0520 020.1816 0121164 103.2869 258.1826 14.58118352082471
0 COSMOS 2251 DEB
1 33813U 93036BE  10244.54361428  .00000545  00000-0  11317-3 0  9993
2 33813 074.0528 018.2258 0121076 101.1120 260.3674 14.58119568 82629
0 COSMOS 2251 DEB
1 33813U 93036BE  10245.77859037  .00000520  00000-0  10823-3 0  9991
2 33813 074.0531 015.8780 0120983 098.3233 263.1633 14.58120709 82809
0 COSMOS 2251 DEB
1 33813U 93036BE  10246.53329800 +.00000468 +00000-0 +98058-4 0  9994
2 33813 074.0534 014.4440 0121083 096.7770 264.7166 14.58120977082917
0 COSMOS 2251 DEB
1 33813U 93036BE  10247.49383365  .00000465  00000-0  97535-4 0  9992
2 33813 074.0540 012.6180 0121035 094.5862 266.9120 14.58121956 83058
0 COSMOS 2251 DEB
1 33813U 93036BE  10248.45436813 +.00000461 +00000-0 +96646-4 0  9994
2 33813 074.0540 010.7933 0121003 092.4769 269.0241 14.58122878083198
0 COSMOS 2251 DEB
1 33813U 93036BE  10248.52297794  .00000420  00000-0  88632-4 0  9996
2 33813 074.0535 010.6611 0120962 092.3048 269.1964 14.58122615 83200
0 COSMOS 2251 DEB
1 33813U 93036BE  10249.48351154 +.00000452 +00000-0 +95030-4 0  9998
2 33813 074.0541 008.8361 0120938 090.2137 271.2921 14.58123909083346
0 COSMOS 2251 DEB
1 33813U 93036BE  10250.10099598  .00000454  00000-0  95290-4 0  9990
2 33813 074.0545 007.6631 0120927 088.8876 272.6140 14.58124523 83439
0 COSMOS 2251 DEB
1 33813U 93036BE  10251.47318382  .00000424  00000-0  89599-4 0  9998
2 33813 074.0556 005.0571 0120778 086.0397 275.4574 14.58125558 83631
0 COSMOS 2251 DEB
1 33813U 93036BE  10252.50232319  .00000438  00000-0  92308-4 0  9995
2 33813 074.0564 003.1017 0120814 083.7637 277.7246 14.58126600 83782
0 COSMOS 2251 DEB
1 33813U 93036BE  10252.70815155 +.00000444 +00000-0 +93458-4 0  9996
2 33813 074.0558 002.7094 0120870 083.4327 278.0606 14.58126853083818
0 COSMOS 2251 DEB
1 33813U 93036BE  10254.08033537  .00000481  00000-0  10070-3 0  9994
2 33813 074.0564 000.1018 0120878 080.3334 281.1483 14.58128647 84019
0 COSMOS 2251 DEB
1 33813U 93036BE  10254.49198972 +.00000444 +00000-0 +93381-4 0  9990
2 33813 074.0562 359.3190 0120896 079.3972 282.0743 14.58128656084078
0 COSMOS 2251 DEB
1 33813U 93036BE  10255.45251750  .00000438  00000-0  92232-4 0  9998
2 33813 074.0563 357.4936 0120826 077.3120 284.1508 14.58129535 84217
0 COSMOS 2251 DEB
1 33813U 93036BE  10256.68747993  .00000482  00000-0  10089-3 0  9991
2 33813 074.0571 355.1453 0120856 074.7446 286.7075 14.58131162 84395
0 COSMOS 2251 DEB
1 33813U 93036BE  10256.68747993 +.00000482 +00000-0 +10089-3 0  9991
2 33813 074.0571 355.1453 0120856 074.7446 286.7075 14.58131162084395
0 COSMOS 2251 DEB
1 33813U 93036BE  10257.71661356  .00000462  00000-0  97009-4 0  9990
2 33813 074.0564 353.1894 0120844 072.5223 288.9105 14.58131941 84540
0 COSMOS 2251 DEB
1 33813U 93036BE  10258.67713752 +.00000483 +00000-0 +10110-3 0  9994
2 33813 074.0575 351.3644 0120856 070.3897 291.0259 14.58133115084686
0 COSMOS 2251 DEB
1 33813U 93036BE  10259.02018171  .00000470  00000-0  98506-4 0  9999
2 33813 074.0574 350.7128 0120857 069.6785 291.7321 14.58133387 84737
0 COSMOS 2251 DEB
1 33813U 93036BE  10259.36322562 +.00000415 +00000-0 +87745-4 0  9990
2 33813 074.0570 350.0604 0120820 068.9512 292.4487 14.58133147084785
0 COSMOS 2251 DEB
1 33813U 93036BE  10260.04931414  .00000432  00000-0  91000-4 0  9997
2 33813 074.0571 348.7569 0120811 067.4777 293.9144 14.58133972 84880
0 COSMOS 2251 DEB
1 33813U 93036BE  10260.66679230 +.00000452 +00000-0 +94958-4 0  9997
2 33813 074.0566 347.5821 0120854 066.2429 295.1392 14.58134790084978
0 COSMOS 2251 DEB
1 33813U 93036BE  10261.35287834  .00000465  00000-0  97620-4 0  9992
2 33813 074.0569 346.2786 0120875 064.7316 296.6334 14.58135674 85074
0 COSMOS 2251 DEB
1 33813U 93036BE  10261.62731252 +.00000470 +00000-0 +98472-4 0  9992
2 33813 074.0563 345.7562 0120889 064.1378 297.2193 14.58135939085110
0 COSMOS 2251 DEB
1 33813U 93036BE  10262.38200694  .00000508  00000-0  10594-3 0  9997
2 33813 074.0561 344.3203 0120771 062.5679 298.7730 14.58136944 85223
0 COSMOS 2251 DEB
1 33813U 93036BE  10263.27391653 +.00000501 +00000-0 +10467-3 0  9994
2 33813 074.0562 342.6248 0120759 060.6228 300.6888 14.58137853085350
0 COSMOS 2251 DEB
1 33813U 93036BE  10264.02861047  .00000522  00000-0  10875-3 0  9993
2 33813 074.0564 341.1910 0120755 059.0128 302.2859 14.58138928 85461
0 COSMOS 2251 DEB
1 33813U 93036BE  10265.40077742  .00000450  00000-0  94728-4 0  9997
2 33813 074.0565 338.5833 0120876 056.0122 305.2357 14.58139577 85660
0 COSMOS 2251 DEB
1 33813U 93036BE  10266.36129548 +.00000427 +00000-0 +90108-4 0  9997
2 33813 074.0574 336.7583 0120829 053.8943 307.3293 14.58140302085802
0 COSMOS 2251 DEB
1 33813U 93036BE  10266.97877095  .00000438  00000-0  92282-4 0  9998
2 33813 074.0571 335.5849 0120782 052.4721 308.7376 14.58141081 85899
0 COSMOS 2251 DEB
1 33813U 93036BE  10267.93928652 +.00000422 +00000-0 +89092-4 0  9999
2 33813 074.0568 333.7583 0120789 050.3352 310.8412 14.58141743086031
0 COSMOS 2251 DEB
1 33813U 93036BE  10268.35093535  .00000405  00000-0  85785-4 0  9995
2 33813 074.0567 332.9764 0120709 049.4992 311.6629 14.58142032 86090
0 COSMOS 2251 DEB
1 33813U 93036BE  10269.31144871 +.00000489 +00000-0 +10228-3 0  9993
2 33813 074.0574 331.1512 0120916 047.2221 313.9029 14.58143720086231
0 COSMOS 2251 DEB
1 33813U 93036BE  10269.99752956  .00000556  00000-0  11540-3 0  9999
2 33813 074.0570 329.8473 0120935 045.6492 315.4565 14.58145193 86339
0 COSMOS 2251 DEB
1 33813U 93036BE  10270.34056839 +.00000546 +00000-0 +11343-3 0  9997
2 33813 074.0574 329.1961 0120847 044.9242 316.1611 14.58145429086382
0 COSMOS 2251 DEB
1 33813U 93036BE  10271.23247199 +.00000520 +00000-0 +10844-3 0  9994
2 33813 074.0577 327.5011 0120903 042.7607 318.2875 14.58146359086510
0 COSMOS 2251 DEB
1 33813U 93036BE  10271.91855128  .00000599  00000-0  12397-3 0  9997
2 33813 074.0579 326.1977 0120869 041.2412 319.7872 14.58147955 86614
0 COSMOS 2251 DEB
1 33813U 93036BE  10272.26158918 +.00000610 +00000-0 +12605-3 0  9995
2 33813 074.0582 325.5470 0120922 040.4909 320.5147 14.58148353086664
0 COSMOS 2251 DEB
1 33813U 93036BE  10272.94766768  .00000632  00000-0  13030-3 0  9995
2 33813 074.0583 324.2437 0120882 039.0298 321.9542 14.58149509 86763
0 COSMOS 2251 DEB
1 33813U 93036BE  10273.56513699 +.00000621 +00000-0 +12817-3 0  9997
2 33813 074.0570 323.0682 0120943 037.5178 323.4348 14.58150139086858
0 COSMOS 2251 DEB
1 33813U 93036BE  10274.31982156  .00000566  00000-0  11732-3 0  9992
2 33813 074.0573 321.6341 0121012 035.8242 325.0911 14.58150560 86962
0 COSMOS 2251 DEB
1 33813U 93036BE  10274.86868385 +.00000571 +00000-0 +11842-3 0  9997
2 33813 074.0573 320.5914 0121007 034.6364 326.2612 14.58151288087041
0 COSMOS 2251 DEB
1 33813U 93036BE  10275.89779779  .00000570  00000-0  11817-3 0  9990
2 33813 074.0565 318.6338 0121005 032.3824 328.4690 14.58152454 87196
0 COSMOS 2251 DEB
1 33813U 93036BE  10275.89779779 +.00000570 +00000-0 +11817-3 0  9990
2 33813 074.0565 318.6338 0121005 032.3824 328.4690 14.58152454087196
0 COSMOS 2251 DEB
1 33813U 93036BE  10276.51526638 +.00000512 +00000-0 +10685-3 0  9992
2 33813 074.0559 317.4596 0120821 031.1828 329.6438 14.58152568087287
0 COSMOS 2251 DEB
1 33813U 93036BE  10277.20134162  .00000508  00000-0  10612-3 0  9991
2 33813 074.0571 316.1547 0120704 029.7548 331.0428 14.58153362 87385
0 COSMOS 2251 DEB
1 33813U 93036BE  10277.47577127 +.00000513 +00000-0 +10714-3 0  9991
2 33813 074.0573 315.6340 0120656 029.1841 331.5994 14.58153685087424
0 COSMOS 2251 DEB
1 33813U 93036BE  10278.23045310  .00000456  00000-0  95905-4 0  9992
2 33813 074.0580 314.1998 0120739 027.5134 333.2270 14.58153887 87536
0 COSMOS 2251 DEB
1 33813U 93036BE  10279.46538852  .00000460  00000-0  96770-4 0  9992
2 33813 074.0571 311.8517 0120714 024.8826 335.8106 14.58155171 87712
0 COSMOS 2251 DEB
1 33813U 93036BE  10280.49449880  .00000436  00000-0  92063-4 0  9993
2 33813 074.0567 309.8943 0120769 022.5931 338.0478 14.58155980 87860
0 COSMOS 2251 DEB
1 33813U 93036BE  10281.86664502  .00000480  00000-0  10065-3 0  9995
2 33813 074.0570 307.2880 0120923 019.5671 341.0097 14.58157821 88065
0 COSMOS 2251 DEB
1 33813U 93036BE  10281.86664502 +.00000480 +00000-0 +10065-3 0  9995
2 33813 074.0570 307.2880 0120923 019.5671 341.0097 14.58157821088065
0 COSMOS 2251 DEB
1 33813U 93036BE  10282.82714583 +.00000529 +00000-0 +11025-3 0  9998
2 33813 074.0573 305.4621 0121021 017.4329 343.0969 14.58159325088205
0 COSMOS 2251 DEB
1 33813U 93036BE  10283.23878813  .00000538  00000-0  11193-3 0  9997
2 33813 074.0571 304.6793 0120924 016.5827 343.9256 14.58159885 88263
0 COSMOS 2251 DEB
1 33813U 93036BE  10283.85625195 +.00000556 +00000-0 +11558-3 0  9993
2 33813 074.0570 303.5066 0120847 015.2559 345.2225 14.58160824088351
0 COSMOS 2251 DEB
1 33813U 93036BE  10284.81675033  .00000619  00000-0  12793-3 0  9998
2 33813 074.0559 301.6784 0121105 013.1029 347.3265 14.58162557 88498
0 COSMOS 2251 DEB
1 33813U 93036BE  10285.84585460  .00000650  00000-0  13392-3 0  9997
2 33813 074.0557 299.7220 0121201 010.8352 349.5410 14.58164204 88642
0 COSMOS 2251 DEB
1 33813U 93036BE  10286.80635022 +.00000710 +00000-0 +14557-3 0  9995
2 33813 074.0545 297.8947 0121337 008.6995 351.6261 14.58166081088780
0 COSMOS 2251 DEB
1 33813U 93036BE  10287.14938376  .00000696  00000-0  14279-3 0  9995
2 33813 074.0540 297.2418 0121427 007.9525 352.3511 14.58166445 88839
0 COSMOS 2251 DEB
1 33813U 93036BE  10287.83545188 +.00000719 +00000-0 +14743-3 0  9998
2 33813 074.0538 295.9379 0121422 006.4515 353.8200 14.58167694088934
0 COSMOS 2251 DEB
1 33813U 93036BE  10288.17848511  .00000727  00000-0  14899-3 0  9993
2 33813 074.0532 295.2849 0121339 005.7356 354.5170 14.58168226 88986
0 COSMOS 2251 DEB
1 33813U 93036BE  10288.38430514 +.00000758 +00000-0 +15498-3 0  9996
2 33813 074.0527 294.8927 0121425 005.2811 354.9612 14.58168794089019
0 COSMOS 2251 DEB
1 33813U 93036BE  10289.41340477  .00000760  00000-0  15548-3 0  9998
2 33813 074.0531 292.9367 0121441 003.0350 357.1530 14.58170468 89164
0 COSMOS 2251 DEB
1 33813U 93036BE  10290.37389708 +.00000756 +00000-0 +15457-3 0  9999
2 33813 074.0541 291.1108 0121493 000.9769 359.1611 14.58171949089309
0 COSMOS 2251 DEB
1 33813U 93036BE  10291.05996222  .00000767  00000-0  15675-3 0  9994
2 33813 074.0542 289.8066 0121468 359.4759 000.6294 14.58173263 89407
0 COSMOS 2251 DEB
1 33813U 93036BE  10291.81463276 +.00000795 +00000-0 +16210-3 0  9993
2 33813 074.0546 288.3714 0121699 357.8087 002.2552 14.58174795089515
0 COSMOS 2251 DEB
1 33813U 93036BE  10292.43208978  .00000829  00000-0  16885-3 0  9994
2 33813 074.0538 287.1964 0121758 356.4952 003.5362 14.58176119 89607
0 COSMOS 2251 DEB
1 33813U 93036BE  10292.77512114 +.00000862 +00000-0 +17522-3 0  9997
2 33813 074.0539 286.5443 0121891 355.7213 004.2931 14.58177128089659
0 COSMOS 2251 DEB
1 33813U 93036BE  10293.80421407  .00000921  00000-0  18683-3 0  9991
2 33813 074.0543 284.5876 0122017 353.4605 006.5000 14.58179661 89806
0 COSMOS 2251 DEB
1 33813U 93036BE  10294.35306259 +.00000975 +00000-0 +19716-3 0  9996
2 33813 074.0548 283.5437 0122194 352.3190 007.6116 14.58181283089887
0 COSMOS 2251 DEB
1 33813U 93036BE  10295.03912302  .00000985  00000-0  19929-3 0  9991
2 33813 074.0550 282.2399 0122147 350.8285 009.0673 14.58182849 89983
0 COSMOS 2251 DEB
1 33813U 93036BE  10295.38215264 +.00001118 +00000-0 +22508-3 0  9998
2 33813 074.0549 281.5865 0122606 350.1229 009.7560 14.58184785090033
0 COSMOS 2251 DEB
1 33813U 93036BE  10296.06821108  .00001116  00000-0  22456-3 0  9994
2 33813 074.0553 280.2828 0122631 348.6468 011.1924 14.58186331 90139
0 COSMOS 2251 DEB
1 33813U 93036BE  10296.34263471 +.00001184 +00000-0 +23808-3 0  9995
2 33813 074.0554 279.7622 0122397 348.1040 011.7290 14.58187649090174
0 COSMOS 2251 DEB
1 33813U 93036BE  10297.30311374  .00001235  00000-0  24800-3 0  9998
2 33813 074.0556 277.9364 0122323 346.0141 013.7658 14.58190507 90310
0 COSMOS 2251 DEB
1 33813U 93036BE  10297.71474748 +.00001269 +00000-0 +25467-3 0  9995
2 33813 074.0557 277.1545 0122339 345.1076 014.6532 14.58191951090379
0 COSMOS 2251 DEB
1 33813U 93036BE  10298.33219709  .00001291  00000-0  25906-3 0  9991
2 33813 074.0555 275.9817 0122173 343.7748 015.9532 14.58193714 90464
0 COSMOS 2251 DEB
1 33813U 93036BE  10298.74382996 +.00001312 +00000-0 +26300-3 0  9998
2 33813 074.0556 275.1990 0122233 342.8749 016.8331 14.58195071090529
0 COSMOS 2251 DEB
1 33813U 93036BE  10299.70430569  .00001341  00000-0  26872-3 0  9991
2 33813 074.0558 273.3727 0122366 340.8139 018.8461 14.58197974 90662
0 COSMOS 2251 DEB
1 33813U 93036BE  10300.66477940 +.00001353 +00000-0 +27102-3 0  9993
2 33813 074.0552 271.5464 0122324 338.7317 020.8784 14.58200632090805
0 COSMOS 2251 DEB
1 33813U 93036BE  10301.07641071  .00001312  00000-0  26299-3 0  9998
2 33813 074.0555 270.7639 0122304 337.8392 021.7481 14.58201353 90865
0 COSMOS 2251 DEB
1 33813U 93036BE  10301.28222686 +.00001325 +00000-0 +26548-3 0  9999
2 33813 074.0554 270.3726 0122336 337.4020 022.1780 14.58201986090898
0 COSMOS 2251 DEB
1 33813U 93036BE  10302.31130542  .00001230  00000-0  24699-3 0  9993
2 33813 074.0556 268.4158 0122113 335.1777 024.3546 14.58203666 91043
0 COSMOS 2251 DEB
1 33813U 93036BE  10303.34038211  .00001156  00000-0  23252-3 0  9998
2 33813 074.0564 266.4596 0122272 332.9786 026.5019 14.58205528 91191
0 COSMOS 2251 DEB
1 33813U 93036BE  10304.30085438 +.00001043 +00000-0 +21044-3 0  9990
2 33813 074.0559 264.6323 0122588 330.9472 028.4895 14.58206630091337
0 COSMOS 2251 DEB
1 33813U 93036BE  10304.98690425  .00001002  00000-0  20223-3 0  9995
2 33813 074.0561 263.3284 0122882 329.5489 029.8507 14.58207675 91437
0 COSMOS 2251 DEB
1 33813U 93036BE  10305.67295453 +.00000989 +00000-0 +19985-3 0  9990
2 33813 074.0561 262.0229 0122779 328.0392 031.3382 14.58209105091534
0 COSMOS 2251 DEB
1 33813U 93036BE  10306.29039804  .00000935  00000-0  18931-3 0  9996
2 33813 074.0562 260.8483 0122745 326.6469 032.6976 14.58209788 91625
0 COSMOS 2251 DEB
1 33813U 93036BE  10306.70202771 +.00000902 +00000-0 +18283-3 0  9991
2 33813 074.0561 260.0662 0122868 325.7904 033.5358 14.58210293091688
0 COSMOS 2251 DEB
1 33813U 93036BE  10307.31947175  .00000911  00000-0  18457-3 0  9996
2 33813 074.0549 258.8900 0122692 324.4516 034.8539 14.58211493 91772
0 COSMOS 2251 DEB
1 33813U 93036BE  10307.66249530 +.00000917 +00000-0 +18583-3 0  9990
2 33813 074.0554 258.2386 0122726 323.7239 035.5645 14.58212225091828
0 COSMOS 2251 DEB
1 33813U 93036BE  10308.89738048  .00000882  00000-0  17883-3 0  9996
2 33813 074.0560 255.8897 0122670 321.0615 038.1722 14.58214151 92008
0 COSMOS 2251 DEB
1 33813U 93036BE  10308.89738048 +.00000882 +00000-0 +17883-3 0  9996
2 33813 074.0560 255.8897 0122670 321.0615 038.1722 14.58214151092008
0 COSMOS 2251 DEB
1 33813U 93036BE  10309.92645107  .00000853  00000-0  17338-3 0  9997
2 33813 074.0564 253.9317 0122453 318.8462 040.3485 14.58215730 92152
0 COSMOS 2251 DEB
1 33813U 93036BE  10309.92645107 +.00000853 +00000-0 +17338-3 0  9997
2 33813 074.0564 253.9317 0122453 318.8462 040.3485 14.58215730092152
0 COSMOS 2251 DEB
1 33813U 93036BE  10310.88691633 +.00000783 +00000-0 +15948-3 0  9996
2 33813 074.0564 252.1058 0122810 316.8987 042.2514 14.58216714092294
0 COSMOS 2251 DEB
1 33813U 93036BE  10311.22994122  .00000783  00000-0  15949-3 0  9995
2 33813 074.0563 251.4533 0122774 316.1773 042.9704 14.58217318 92343
0 COSMOS 2251 DEB
1 33813U 93036BE  10312.25900899  .00000875  00000-0  17756-3 0  9997
2 33813 074.0558 249.4958 0122842 313.9736 045.1401 14.58220011 92494
0 COSMOS 2251 DEB
1 33813U 93036BE  10313.21947131 +.00000866 +00000-0 +17573-3 0  9991
2 33813 074.0552 247.6700 0122600 311.9426 047.1363 14.58221595092632
0 COSMOS 2251 DEB
1 33813U 93036BE  10313.97411930  .00000850  00000-0  17282-3 0  9997
2 33813 074.0549 246.2355 0122490 310.3114 048.7393 14.58222820 92747
0 COSMOS 2251 DEB
1 33813U 93036BE  10314.86597560 +.00000895 +00000-0 +18143-3 0  9996
2 33813 074.0547 244.5407 0122480 308.4273 050.5944 14.58224859092878
0 COSMOS 2251 DEB
1 33813U 93036BE  10315.20899709  .00000946  00000-0  19161-3 0  9993
2 33813 074.0550 243.8879 0122314 307.6565 051.3593 14.58225997 92927
0 COSMOS 2251 DEB
1 33813U 93036BE  10316.16945608 +.00000967 +00000-0 +19562-3 0  9997
2 33813 074.0542 242.0620 0122436 305.6937 053.2883 14.58227997093060
0 COSMOS 2251 DEB
1 33813U 93036BE  10316.92410177  .00000960  00000-0  19415-3 0  9999
2 33813 074.0545 240.6277 0122523 304.1438 054.8121 14.58229426 93175
0 COSMOS 2251 DEB
1 33813U 93036BE  10317.19851890 +.00001005 +00000-0 +20282-3 0  9995
2 33813 074.0544 240.1070 0122685 303.6981 055.2503 14.58230319093213
0 COSMOS 2251 DEB
1 33813U 93036BE  10318.22757999  .00001075  00000-0  21662-3 0  9995
2 33813 074.0543 238.1479 0122692 301.5928 057.3364 14.58233420 93368
0 COSMOS 2251 DEB
1 33813U 93036BE  10318.84501439 +.00001076 +00000-0 +21677-3 0  9996
2 33813 074.0543 236.9741 0122657 300.2451 058.6624 14.58234808093458
0 COSMOS 2251 DEB
1 33813U 93036BE  10319.18803378 +.00001104 +00000-0 +22221-3 0  9999
2 33813 074.0546 236.3216 0122525 299.4464 059.4554 14.58235854093508
0 COSMOS 2251 DEB
1 33813U 93036BE  10319.94267541  .00001148  00000-0  23076-3 0  9996
2 33813 074.0547 234.8870 0122556 297.8057 061.0761 14.58237988 93613
0 COSMOS 2251 DEB
1 33813U 93036BE  10320.14848615 +.00001152 +00000-0 +23155-3 0  9990
2 33813 074.0547 234.4960 0122561 297.3609 061.5128 14.58238514093644
0 COSMOS 2251 DEB
1 33813U 93036BE  10321.86357873  .00001186  00000-0  23815-3 0  9991
2 33813 074.0549 231.2362 0122451 293.5705 065.2676 14.58242861 93896
0 COSMOS 2251 DEB
1 33813U 93036BE  10321.86357873 +.00001186 +00000-0 +23815-3 0  9991
2 33813 074.0549 231.2362 0122451 293.5705 065.2676 14.58242861093896
0 COSMOS 2251 DEB
1 33813U 93036BE  10322.82402810 +.00001157 +00000-0 +23260-3 0  9992
2 33813 074.0545 229.4105 0122390 291.4615 067.3517 14.58244856094035
0 COSMOS 2251 DEB
1 33813U 93036BE  10322.89263193  .00001133  00000-0  22795-3 0  9994
2 33813 074.0555 229.2790 0122462 291.3125 067.4997 14.58244846 94042
0 COSMOS 2251 DEB
1 33813U 93036BE  10323.78447762 +.00001135 +00000-0 +22824-3 0  9994
2 33813 074.0555 227.5840 0122460 289.3872 069.4092 14.58246954094177
0 COSMOS 2251 DEB
1 33813U 93036BE  10324.12749483  .00001088  00000-0  21912-3 0  9992
2 33813 074.0563 226.9327 0122423 288.5796 070.2098 14.58247394 94225
0 COSMOS 2251 DEB
1 33813U 93036BE  10325.15654600  .00001070  00000-0  21564-3 0  9996
2 33813 074.0557 224.9758 0122447 286.2944 072.4804 14.58249617 94375
0 COSMOS 2251 DEB
1 33813U 93036BE  10326.11699253 +.00001027 +00000-0 +20720-3 0  9991
2 33813 074.0559 223.1513 0122482 284.1294 074.6292 14.58251323094519
0 COSMOS 2251 DEB
1 33813U 93036BE  10326.87162864  .00000992  00000-0  20034-3 0  9995
2 33813 074.0565 221.7165 0122442 282.5436 076.1967 14.58252330 94626
0 COSMOS 2251 DEB
1 33813U 93036BE  10327.14604347 +.00001004 +00000-0 +20273-3 0  9993
2 33813 074.0559 221.1930 0122502 282.0063 076.7394 14.58252974094669
0 COSMOS 2251 DEB
1 33813U 93036BE  10328.03788556  .00000970  00000-0  19599-3 0  9997
2 33813 074.0561 219.4990 0122620 280.6121 078.1084 14.58254492 94791
0 COSMOS 2251 DEB
1 33813U 93036BE  10329.13554252  .00000814  00000-0  16570-3 0  9996
2 33813 074.0560 217.4120 0122564 278.0795 080.6521 14.58254917 94952
0 COSMOS 2251 DEB
1 33813U 93036BE  10330.78201994  .00000699  00000-0  14327-3 0  9990
2 33813 074.0562 214.2817 0122581 274.6919 084.0234 14.58256573 95197
0 COSMOS 2251 DEB
1 33813U 93036BE  10332.08548081  .00000679  00000-0  13926-3 0  9998
2 33813 074.0563 211.8041 0122593 272.0117 086.7003 14.58258360 95385
0 COSMOS 2251 DEB
1 33813U 93036BE  10333.73195618  .00000648  00000-0  13310-3 0  9998
2 33813 074.0566 208.6752 0122655 268.4780 090.2323 14.58260270 95620
0 COSMOS 2251 DEB
1 33813U 93036BE  10334.76100159  .00000660  00000-0  13559-3 0  9997
2 33813 074.0564 206.7164 0122542 266.1071 092.6077 14.58261796 95779
0 COSMOS 2251 DEB
1 33813U 93036BE  10335.72144399 +.00000614 +00000-0 +12653-3 0  9991
2 33813 074.0567 204.8913 0122590 263.9664 094.7499 14.58262635095919
0 COSMOS 2251 DEB
1 33813U 93036BE  10335.79004743  .00000568  00000-0  11759-3 0  9990
2 33813 074.0572 204.7608 0122646 263.7933 094.9240 14.58262354 95929
0 COSMOS 2251 DEB
1 33813U 93036BE  10336.68188708 +.00000576 +00000-0 +11910-3 0  9991
2 33813 074.0572 203.0660 0122653 261.8855 096.8388 14.58263527096051
0 COSMOS 2251 DEB
1 33813U 93036BE  10336.81909298  .00000604  00000-0  12465-3 0  9999
2 33813 074.0576 202.8054 0122645 261.5356 097.1909 14.58263906 96079
0 COSMOS 2251 DEB
1 33813U 93036BE  10337.71093153 +.00000555 +00000-0 +11509-3 0  9996
2 33813 074.0571 201.1110 0122659 259.6403 099.0886 14.58264590096205
0 COSMOS 2251 DEB
1 33813U 93036BE  10338.05394706  .00000552  00000-0  11443-3 0  9996
2 33813 074.0564 200.4580 0122657 258.9254 099.8102 14.58264978 96258
0 COSMOS 2251 DEB
1 33813U 93036BE  10339.76902031  .00000583  00000-0  12048-3 0  9997
2 33813 074.0567 197.1986 0122713 255.2154 103.5389 14.58267314 96500
0 COSMOS 2251 DEB
1 33813U 93036BE  10340.04343197 +.00000542 +00000-0 +11239-3 0  9998
2 33813 074.0560 196.6755 0122816 254.6052 104.1503 14.58267188096543
0 COSMOS 2251 DEB
1 33813U 93036BE  10341.00387307  .00000562  00000-0  11643-3 0  9997
2 33813 074.0552 194.8491 0122793 252.6463 106.1232 14.58268436 96682
0 COSMOS 2251 DEB
1 33813U 93036BE  10341.68990208 +.00000533 +00000-0 +11076-3 0  9999
2 33813 074.0551 193.5441 0122752 251.1635 107.6161 14.58268954096785
0 COSMOS 2251 DEB
1 33813U 93036BE  10342.03291693  .00000538  00000-0  11161-3 0  9991
2 33813 074.0550 192.8917 0122855 250.3252 108.4672 14.58269463 96832
0 COSMOS 2251 DEB
1 33813U 93036BE  10342.99335599 +.00000563 +00000-0 +11655-3 0  9996
2 33813 074.0549 191.0651 0122817 248.3161 110.4891 14.58270779096973
0 COSMOS 2251 DEB
1 33813U 93036BE  10344.02239821  .00000639  00000-0  13128-3 0  9994
2 33813 074.0546 189.1088 0122748 246.1819 112.6492 14.58272844 97125
0 COSMOS 2251 DEB
1 33813U 93036BE  10345.60025954  .00000606  00000-0  12488-3 0  9991
2 33813 074.0546 186.1068 0122821 242.8355 116.0206 14.58274587 97352
0 COSMOS 2251 DEB
1 33813U 93036BE  10346.62930095  .00000640  00000-0  13153-3 0  9993
2 33813 074.0535 184.1497 0122541 240.6701 118.2165 14.58276185 97505
0 COSMOS 2251 DEB
1 33813U 93036BE  10347.58973843 +.00000613 +00000-0 +12630-3 0  9996
2 33813 074.0533 182.3225 0122485 238.5920 120.3195 14.58277112097641
0 COSMOS 2251 DEB
1 33813U 93036BE  10347.93275206  .00000586  00000-0  12108-3 0  9992
2 33813 074.0538 181.6700 0122418 237.9270 120.9933 14.58277343 97690
0 COSMOS 2251 DEB
1 33813U 93036BE  10348.96179182  .00000577  00000-0  11927-3 0  9990
2 33813 074.0536 179.7139 0122347 235.7337 123.2185 14.58278571 97849
0 COSMOS 2251 DEB
1 33813U 93036BE  10349.57921527 +.00000583 +00000-0 +12041-3 0  9991
2 33813 074.0537 178.5397 0122355 234.4070 124.5666 14.58279454097931
0 COSMOS 2251 DEB
1 33813U 93036BE  10350.60825272  .00000596  00000-0  12291-3 0  9998
2 33813 074.0541 176.5839 0122382 232.1419 126.8637 14.58280966 98087
0 COSMOS 2251 DEB
1 33813U 93036BE  10351.56868595 +.00000714 +00000-0 +14604-3 0  9991
2 33813 074.0536 174.7570 0122253 229.9795 129.0665 14.58283753098220
0 COSMOS 2251 DEB
1 33813U 93036BE  10351.91169659  .00000809  00000-0  16452-3 0  9993
2 33813 074.0525 174.1048 0122195 229.2437 129.8098 14.58284967 98274
0 COSMOS 2251 DEB
1 33813U 93036BE  10352.59771881 +.00000900 +00000-0 +18236-3 0  9998
2 33813 074.0522 172.7998 0122104 227.7731 131.3031 14.58286950098379
0 COSMOS 2251 DEB
1 33813U 93036BE  10353.55815009  .00000931  00000-0  18835-3 0  9995
2 33813 074.0525 170.9746 0122112 225.7298 133.3820 14.58289068 98515
0 COSMOS 2251 DEB
1 33813U 93036BE  10354.65578429  .00000946  00000-0  19120-3 0  9993
2 33813 074.0520 168.8875 0121943 223.5708 135.5727 14.58291127 98678
0 COSMOS 2251 DEB
1 33813U 93036BE  10354.65578429 +.00000946 +00000-0 +19120-3 0  9993
2 33813 074.0520 168.8875 0121943 223.5708 135.5727 14.58291127098678
0 COSMOS 2251 DEB
1 33813U 93036BE  10355.68481622  .00000939  00000-0  18994-3 0  9995
2 33813 074.0514 166.9314 0121570 221.4662 137.7167 14.58293069 98826
0 COSMOS 2251 DEB
1 33813U 93036BE  10356.57664354 +.00000915 +00000-0 +18526-3 0  9994
2 33813 074.0517 165.2364 0121617 219.5437 139.6802 14.58294596098953
0 COSMOS 2251 DEB
1 33813U 93036BE  10357.88008073  .00000874  00000-0  17742-3 0  9992
2 33813 074.0516 162.7596 0121365 216.8535 142.4195 14.58296684 99149
0 COSMOS 2251 DEB
1 33813U 93036BE  10357.88008073 +.00000874 +00000-0 +17742-3 0  9992
2 33813 074.0516 162.7596 0121365 216.8535 142.4195 14.58296684099149
0 COSMOS 2251 DEB
1 33813U 93036BE  10358.90910779  .00000901  00000-0  18251-3 0  9998
2 33813 074.0517 160.8013 0121692 214.6222 144.6985 14.58299012 99290
0 COSMOS 2251 DEB
1 33813U 93036BE  10358.90910779 +.00000901 +00000-0 +18251-3 0  9998
2 33813 074.0517 160.8013 0121692 214.6222 144.6985 14.58299012099290
0 COSMOS 2251 DEB
1 33813U 93036BE  10359.52652378 +.00000851 +00000-0 +17261-3 0  9999
2 33813 074.0519 159.6272 0121806 213.2479 146.0953 14.58299566099386
0 COSMOS 2251 DEB
1 33813U 93036BE  10360.48694923  .00000819  00000-0  16635-3 0  9996
2 33813 074.0518 157.8006 0121814 211.1369 148.2497 14.58300814 99526
0 COSMOS 2251 DEB
1 33813U 93036BE  10361.51597573  .00000810  00000-0  16446-3 0  9995
2 33813 074.0523 155.8415 0122294 208.8705 150.5742 14.58302605 99679
0 COSMOS 2251 DEB
1 33813U 93036BE  10361.58457585 +.00000810 +00000-0 +16446-3 0  9990
2 33813 074.0523 155.7111 0122294 208.7225 150.7171 14.58302721099685
0 COSMOS 2251 DEB
1 33813U 93036BE  10362.47639731 +.00000810 +00000-0 +16446-3 0  9994
2 33813 074.0523 154.0159 0122292 206.7987 152.6828 14.58304225099816
0 COSMOS 2251 DEB
1 33813U 93036BE  10362.61360054  .00000810  00000-0  16446-3 0  9999
2 33813 074.0523 153.7551 0122292 206.5028 152.9853 14.58304457 99832
0 COSMOS 2251 DEB
1 33813U 93036BE  10363.50542111 +.00000810 +00000-0 +16446-3 0  9994
2 33813 074.0523 152.0599 0122290 204.5790 154.9518 14.58305961099963
0 COSMOS 2251 DEB
1 33813U 93036BE  10363.84842881  .00000729  00000-0  14861-3 0  9996
2 33813 074.0534 151.4059 0122462 203.9030 155.6365 14.58305631100011
0 COSMOS 2251 DEB
1 33813U 93036BE  10364.60304603 +.00000797 +00000-0 +16183-3 0  9990
2 33813 074.0534 149.9711 0122646 202.2307 157.3546 14.58307499100127
0 COSMOS 2251 DEB
1 33813U 93036BE  10365.49486451  .00000797  00000-0  16179-3 0  9995
2 33813 074.0536 148.2758 0122594 200.3078 159.3185 14.58308997100257
0 COSMOS 2251 DEB
1 33813U 93036BE  10365.83787172 +.00000842 +00000-0 +17063-3 0  9991
2 33813 074.0537 147.6232 0122761 199.5572 160.0925 14.58310049100300
0 COSMOS 2251 DEB
1 33813U 93036BE  11001.79828950  .00001000  00000-0  20128-3 0  9997
2 33813 074.0536 145.7976 0122716 197.4991 162.2024 14.58313169100440
0 COSMOS 2251 DEB
1 33813U 93036BE  11001.79828950 +.00001000 +00000-0 +20128-3 0  9997
2 33813 074.0536 145.7976 0122716 197.4991 162.2024 14.58313169100440
0 COSMOS 2251 DEB
1 33813U 93036BE  11002.82730573  .00001027  00000-0  20666-3 0  9991
2 33813 074.0534 143.8416 0122584 195.3014 164.4447 14.58315614100598
0 COSMOS 2251 DEB
1 33813U 93036BE  11004.40512999  .00001037  00000-0  20847-3 0  9999
2 33813 074.0537 140.8418 0122712 191.9267 167.9021 14.58319096100825
0 COSMOS 2251 DEB
1 33813U 93036BE  11005.43414360  .00001042  00000-0  20937-3 0  9992
2 33813 074.0534 138.8852 0122669 189.7372 170.1417 14.58321287100970
0 COSMOS 2251 DEB
1 33813U 93036BE  11005.77714796 +.00001079 +00000-0 +21672-3 0  9992
2 33813 074.0540 138.2327 0122534 189.0682 170.8289 14.58322400101025
0 COSMOS 2251 DEB
1 33813U 93036BE  11006.80615944  .00001078  00000-0  21659-3 0  9996
2 33813 074.0530 136.2772 0122262 186.8901 173.0575 14.58324691101176
0 COSMOS 2251 DEB
1 33813U 93036BE  11007.76656929 +.00001058 +00000-0 +21259-3 0  9994
2 33813 074.0530 134.4506 0122231 184.8090 175.1897 14.58326621101315
0 COSMOS 2251 DEB
1 33813U 93036BE  11008.45257569  .00001005  00000-0  20226-3 0  9993
2 33813 074.0533 133.1470 0122234 183.3181 176.7117 14.58327440101415
0 COSMOS 2251 DEB
1 33813U 93036BE  11008.72697944 +.00000999 +00000-0 +20123-3 0  9995
2 33813 074.0524 132.6250 0122250 182.7188 177.3331 14.58327943101450
0 COSMOS 2251 DEB
1 33813U 93036BE  11009.75598748  .00000995  00000-0  20045-3 0  9990
2 33813 074.0527 130.6689 0122066 180.5946 179.5107 14.58330100101601
0 COSMOS 2251 DEB
1 33813U 93036BE  11010.51059171 +.00001038 +00000-0 +20882-3 0  9996
2 33813 074.0527 129.2350 0122141 178.9961 181.1498 14.58332110101719
0 COSMOS 2251 DEB
1 33813U 93036BE  11011.47099553  .00001072  00000-0  21533-3 0  9992
2 33813 074.0529 127.4097 0122090 176.9578 183.2362 14.58334514101852
0 COSMOS 2251 DEB
1 33813U 93036BE  11012.36279841 +.00001083 +00000-0 +21752-3 0  9996
2 33813 074.0530 125.7138 0122064 175.0467 185.1954 14.58336629101980
0 COSMOS 2251 DEB
1 33813U 93036BE  11013.32319980  .00001096  00000-0  22006-3 0  9999
2 33813 074.0533 123.8881 0122085 172.9658 187.3277 14.58338964102121
0 COSMOS 2251 DEB
1 33813U 93036BE  11013.39179952 +.00001102 +00000-0 +22111-3 0  9994
2 33813 074.0536 123.7574 0122078 172.8020 187.4937 14.58339182102134
0 COSMOS 2251 DEB
1 33813U 93036BE  11013.73479967 +.00001108 +00000-0 +22251-3 0  9992
2 33813 074.0536 123.1042 0121442 172.0131 188.2952 14.58340096102184
0 COSMOS 2251 DEB
1 33813U 93036BE  11015.31259873  .00001095  00000-0  21990-3 0  9994
2 33813 074.0538 120.1038 0121638 168.6274 191.7645 14.58343275102410
0 COSMOS 2251 DEB
1 33813U 93036BE  11015.38119936 +.00001090 +00000-0 +21899-3 0  9999
2 33813 074.0538 119.9734 0121709 168.4609 191.9394 14.58343403102425
0 COSMOS 2251 DEB
1 33813U 93036BE  11016.34159636  .00001056  00000-0  21229-3 0  9996
2 33813 074.0541 118.1467 0121738 166.3668 194.0797 14.58345158102562
0 COSMOS 2251 DEB
1 33813U 93036BE  11016.68459580 +.00001005 +00000-0 +20236-3 0  9995
2 33813 074.0538 117.4937 0121580 165.6618 194.8015 14.58345403102614
0 COSMOS 2251 DEB
1 33813U 93036BE  11017.71359307  .00000938  00000-0  18928-3 0  9995
2 33813 074.0539 115.5379 0121609 163.4263 197.0937 14.58346784102765
0 COSMOS 2251 DEB
1 33813U 93036BE  11018.67398789 +.00000837 +00000-0 +16964-3 0  9994
2 33813 074.0537 113.7110 0121673 161.3546 199.2092 14.58347659102902
0 COSMOS 2251 DEB
1 33813U 93036BE  11019.29138505  .00000766  00000-0  15568-3 0  9991
2 33813 074.0539 112.5375 0121780 159.9575 200.6346 14.58347872102993
0 COSMOS 2251 DEB
1 33813U 93036BE  11020.32038012  .00000673  00000-0  13768-3 0  9996
2 33813 074.0543 110.5807 0121335 157.5899 203.0492 14.58348534103148
0 COSMOS 2251 DEB
1 33813U 93036BE  11020.66338052 +.00000628 +00000-0 +12898-3 0  9993
2 33813 074.0540 109.9286 0121335 156.8586 203.8094 14.58348621103191
0 COSMOS 2251 DEB
1 33813U 93036BE  11021.62377363  .00000641  00000-0  13133-3 0  9996
2 33813 074.0541 108.1017 0121358 154.7783 205.9370 14.58350031103330
0 COSMOS 2251 DEB
1 33813U 93036BE  11022.65276531  .00000587  00000-0  12107-3 0  9994
2 33813 074.0549 106.1449 0120689 152.4617 208.2910 14.58350912103482
0 COSMOS 2251 DEB
1 33813U 93036BE  11023.61315865 +.00000565 +00000-0 +11662-3 0  9996
2 33813 074.0548 104.3192 0120900 150.4206 210.3883 14.58351918103620
0 COSMOS 2251 DEB
1 33813U 93036BE  11024.23055247  .00000530  00000-0  10983-3 0  9997
2 33813 074.0550 103.1456 0121025 149.1404 211.6960 14.58352399103711
0 COSMOS 2251 DEB
1 33813U 93036BE  11024.64214818 +.00000533 +00000-0 +11044-3 0  9995
2 33813 074.0550 102.3633 0120985 148.2249 212.6286 14.58352895103779
0 COSMOS 2251 DEB
1 33813U 93036BE  11025.25954182  .00000577  00000-0  11881-3 0  9995
2 33813 074.0548 101.1896 0121627 147.1481 213.7475 14.58354141103862
0 COSMOS 2251 DEB
1 33813U 93036BE  11025.60253503 +.00000594 +00000-0 +12227-3 0  9997
2 33813 074.0550 100.5376 0121128 146.4312 214.4583 14.58354636103915
0 COSMOS 2251 DEB
1 33813U 93036BE  11026.28852727  .00000595  00000-0  12248-3 0  9999
2 33813 074.0551 099.2337 0121129 144.9479 215.9736 14.58355511104016
0 COSMOS 2251 DEB
1 33813U 93036BE  11026.63152298 +.00000614 +00000-0 +12617-3 0  9996
2 33813 074.0544 098.5810 0121051 144.1951 216.7415 14.58356100104060
0 COSMOS 2251 DEB
1 33813U 93036BE  11027.24891471 +.00000580 +00000-0 +11947-3 0  9994
2 33813 074.0542 097.4073 0121212 142.8815 218.0784 14.58356467104150
0 COSMOS 2251 DEB
1 33813U 93036BE  11028.27790109  .00000527  00000-0  10910-3 0  9994
2 33813 074.0548 095.4516 0121136 140.7180 220.2828 14.58357225104307
0 COSMOS 2251 DEB
1 33813U 93036BE  11029.23828771 +.00000479 +00000-0 +99714-4 0  9994
2 33813 074.0548 093.6255 0121135 138.6792 222.3594 14.58357826104446
0 COSMOS 2251 DEB
1 33813U 93036BE  11030.19867372  .00000507  00000-0  10533-3 0  9994
2 33813 074.0552 091.7998 0121164 136.6202 224.4626 14.58359209104581
0 COSMOS 2251 DEB
1 33813U 93036BE  11030.61026625 +.00000510 +00000-0 +10581-3 0  9996
2 33813 074.0548 091.0167 0120939 135.6995 225.3914 14.58359633104642
0 COSMOS 2251 DEB
1 33813U 93036BE  11032.53103353  .00000481  00000-0  10018-3 0  9995
2 33813 074.0536 087.3641 0120896 131.5527 229.6052 14.58361324104923
0 COSMOS 2251 DEB
1 33813U 93036BE  11033.49141623 +.00000488 +00000-0 +10153-3 0  9990
2 33813 074.0536 085.5375 0120776 129.4974 231.6950 14.58362380105065
0 COSMOS 2251 DEB
1 33813U 93036BE  11033.56001487  .00000451  00000-0  94356-4 0  9999
2 33813 074.0524 085.4040 0120677 129.3454 231.8456 14.58362012105078
0 COSMOS 2251 DEB
1 33813U 93036BE  11034.52039689 +.00000486 +00000-0 +10120-3 0  9995
2 33813 074.0518 083.5781 0120525 127.2222 234.0032 14.58363304105210
0 COSMOS 2251 DEB
1 33813U 93036BE  11035.13778404  .00000489  00000-0  10186-3 0  9993
2 33813 074.0518 082.4039 0120508 125.8950 235.3483 14.58363995105307
0 COSMOS 2251 DEB
1 33813U 93036BE  11035.20638246 +.00000429 +00000-0 +90100-4 0  9999
2 33813 074.0530 082.2728 0120577 125.5407 235.6946 14.58363362105310
0 COSMOS 2251 DEB
1 33813U 93036BE  11036.16676504  .00000455  00000-0  95145-4 0  9997
2 33813 074.0527 080.4467 0120479 123.4572 237.8221 14.58364606105454
0 COSMOS 2251 DEB
1 33813U 93036BE  11037.47013500  .00000439  00000-0  92013-4 0  9996
2 33813 074.0545 077.9684 0120384 120.5733 240.7340 14.58365885105644
0 COSMOS 2251 DEB
1 33813U 93036BE  11038.49911093  .00000523  00000-0  10845-3 0  9999
2 33813 074.0543 076.0127 0120509 118.3826 242.9564 14.58367708105795
0 COSMOS 2251 DEB
1 33813U 93036BE  11039.52808474  .00000545  00000-0  11277-3 0  9996
2 33813 074.0535 074.0558 0120434 116.1196 245.2414 14.58369071105947
0 COSMOS 2251 DEB
1 33813U 93036BE  11040.48845980 +.00000549 +00000-0 +11347-3 0  9998
2 33813 074.0531 072.2297 0120400 114.0280 247.3542 14.58370201106085
0 COSMOS 2251 DEB
1 33813U 93036BE  11041.10584312  .00000622  00000-0  12766-3 0  9995
2 33813 074.0527 071.0558 0120341 112.7078 248.6909 14.58371567106178
0 COSMOS 2251 DEB
1 33813U 93036BE  11041.51743065 +.00000560 +00000-0 +11564-3 0  9998
2 33813 074.0527 070.2732 0120283 111.7023 249.6905 14.58371376106239
0 COSMOS 2251 DEB
1 33813U 93036BE  11042.13481504  .00000578  00000-0  11910-3 0  9998
2 33813 074.0528 069.0994 0120226 110.3435 251.0702 14.58372270106321
0 COSMOS 2251 DEB
1 33813U 93036BE  11042.47780502 +.00000594 +00000-0 +12227-3 0  9995
2 33813 074.0527 068.4473 0120174 109.6018 251.8183 14.58372859106374
0 COSMOS 2251 DEB
1 33813U 93036BE  11043.50677296  .00000644  00000-0  13204-3 0  9997
2 33813 074.0521 066.4893 0120038 107.3515 254.0820 14.58374692106525
0 COSMOS 2251 DEB
1 33813U 93036BE  11044.46714332 +.00000576 +00000-0 +11892-3 0  9991
2 33813 074.0518 064.6601 0119961 105.3089 256.1382 14.58375340106667
0 COSMOS 2251 DEB
1 33813U 93036BE  11045.08452335  .00000552  00000-0  11414-3 0  9996
2 33813 074.0518 063.4860 0119959 104.0443 257.4102 14.58375884106755
0 COSMOS 2251 DEB
1 33813U 93036BE  11045.42751202 +.00000577 +00000-0 +11911-3 0  9998
2 33813 074.0518 062.8343 0119973 103.2434 258.2133 14.58376482106805
0 COSMOS 2251 DEB
1 33813U 93036BE  11046.45647783  .00000597  00000-0  12293-3 0  9996
2 33813 074.0523 060.8771 0119865 100.8753 260.5907 14.58377943106955
0 COSMOS 2251 DEB
1 33813U 93036BE  11047.41684422 +.00000650 +00000-0 +13333-3 0  9990
2 33813 074.0523 059.0514 0119905 098.7729 262.7040 14.58379743107091
0 COSMOS 2251 DEB
1 33813U 93036BE  11048.03422183  .00000655  00000-0  13426-3 0  9991
2 33813 074.0526 057.8775 0119907 097.4371 264.0441 14.58380653107182
0 COSMOS 2251 DEB
1 33813U 93036BE  11048.44580657 +.00000708 +00000-0 +14459-3 0  9993
2 33813 074.0528 057.0938 0119869 096.5042 264.9825 14.58381780107243
0 COSMOS 2251 DEB
1 33813U 93036BE  11049.06318241  .00000727  00000-0  14836-3 0  9990
2 33813 074.0527 055.9200 0119819 095.1703 266.3169 14.58382901107338
0 COSMOS 2251 DEB
1 33813U 93036BE  11049.40616872 +.00000753 +00000-0 +15339-3 0  9997
2 33813 074.0531 055.2682 0120006 094.3892 267.0979 14.58383628107389
0 COSMOS 2251 DEB
1 33813U 93036BE  11050.43512770  .00000788  00000-0  16013-3 0  9992
2 33813 074.0523 053.3101 0120157 092.2865 269.2106 14.58385626107532
0 COSMOS 2251 DEB
1 33813U 93036BE  11051.39548439 +.00000899 +00000-0 +18192-3 0  9992
2 33813 074.0528 051.4847 0119871 090.3517 271.1392 14.58388354107672
0 COSMOS 2251 DEB
1 33813U 93036BE  11052.01285731  .00000913  00000-0  18466-3 0  9996
2 33813 074.0526 050.3106 0119875 089.0153 272.4749 14.58389614107761
0 COSMOS 2251 DEB
1 33813U 93036BE  11052.42443888 +.00000930 +00000-0 +18798-3 0  9997
2 33813 074.0528 049.5280 0119930 088.1109 273.3791 14.58390587107824
0 COSMOS 2251 DEB
1 33813U 93036BE  11053.04181067  .00000911  00000-0  18424-3 0  9999
2 33813 074.0527 048.3540 0119995 086.8031 274.6826 14.58391494107910
0 COSMOS 2251 DEB
1 33813U 93036BE  11054.41374620  .00000967  00000-0  19507-3 0  9994
2 33813 074.0525 045.7447 0120012 083.8543 277.6316 14.58394749108118
0 COSMOS 2251 DEB
1 33813U 93036BE  11055.37409891 +.00000928 +00000-0 +18752-3 0  9997
2 33813 074.0528 043.9186 0119910 081.7720 279.7030 14.58396188108250
0 COSMOS 2251 DEB
1 33813U 93036BE  11056.06006413  .00000925  00000-0  18692-3 0  9997
2 33813 074.0526 042.6143 0119882 080.3118 281.1573 14.58397488108355
0 COSMOS 2251 DEB
1 33813U 93036BE  11056.40304634 +.00000950 +00000-0 +19181-3 0  9993
2 33813 074.0525 041.9621 0119962 079.5882 281.8788 14.58398376108402
0 COSMOS 2251 DEB
1 33813U 93036BE  11057.02041379 +.00000926 +00000-0 +18702-3 0  9997
2 33813 074.0525 040.7879 0119992 078.2484 283.2079 14.58399280108494
0 COSMOS 2251 DEB
1 33813U 93036BE  11057.98076310  .00000884  00000-0  17883-3 0  9997
2 33813 074.0528 038.9615 0119950 076.1693 285.2755 14.58400686108639
0 COSMOS 2251 DEB
1 33813U 93036BE  11058.32374506 +.00000856 +00000-0 +17353-3 0  9995
2 33813 074.0529 038.3097 0119945 075.5001 285.9434 14.58401087108680
0 COSMOS 2251 DEB
1 33813U 93036BE  11059.00970741  .00000817  00000-0  16591-3 0  9994
2 33813 074.0532 037.0047 0119940 074.0482 287.3836 14.58401928108784
0 COSMOS 2251 DEB
1 33813U 93036BE  11060.31303459  .00000826  00000-0  16754-3 0  9997
2 33813 074.0539 034.5274 0119936 071.2395 290.1737 14.58404240108975
0 COSMOS 2251 DEB
1 33813U 93036BE  11060.93039903 +.00000820 +00000-0 +16637-3 0  9999
2 33813 074.0539 033.3538 0119980 070.0579 291.3478 14.58405255109068
0 COSMOS 2251 DEB
1 33813U 93036BE  11061.34197473  .00000793  00000-0  16098-3 0  9992
2 33813 074.0549 032.5697 0120314 068.8301 292.5569 14.58405757109125
0 COSMOS 2251 DEB
1 33813U 93036BE  11062.91968140  .00000843  00000-0  17082-3 0  9993
2 33813 074.0548 029.5688 0120219 065.4350 295.9322 14.58409045109354
0 COSMOS 2251 DEB
1 33813U 93036BE  11062.91968140 +.00000843 +00000-0 +17082-3 0  9993
2 33813 074.0548 029.5688 0120219 065.4350 295.9322 14.58409045109354
0 COSMOS 2251 DEB
1 33813U 93036BE  11063.94861381  .00001028  00000-0  20703-3 0  9996
2 33813 074.0550 027.6115 0119947 063.0386 298.3035 14.58413063109500
0 COSMOS 2251 DEB
1 33813U 93036BE  11063.94861381 +.00001028 +00000-0 +20703-3 0  9996
2 33813 074.0550 027.6115 0119947 063.0386 298.3035 14.58413063109500
0 COSMOS 2251 DEB
1 33813U 93036BE  11064.90894984 +.00001053 +00000-0 +21178-3 0  9993
2 33813 074.0552 025.7856 0119938 060.9585 300.3568 14.58415446109647
0 COSMOS 2251 DEB
1 33813U 93036BE  11065.32052168  .00001199  00000-0  24029-3 0  9999
2 33813 074.0555 025.0038 0120294 060.0527 301.2568 14.58417781109700
0 COSMOS 2251 DEB
1 33813U 93036BE  11065.93787828 +.00001292 +00000-0 +25830-3 0  9999
2 33813 074.0561 023.8316 0120233 058.6819 302.6149 14.58420422109797
0 COSMOS 2251 DEB
1 33813U 93036BE  11066.28085221 +.00001372 +00000-0 +27392-3 0  9990
2 33813 074.0567 023.1796 0120123 058.0314 303.2522 14.58422063109841
0 COSMOS 2251 DEB
1 33813U 93036BE  11066.96680160  .00001442  00000-0  28759-3 0  9994
2 33813 074.0561 021.8741 0120311 056.6950 304.5716 14.58424700109949
0 COSMOS 2251 DEB
1 33813U 93036BE  11067.30977539 +.00001568 +00000-0 +31199-3 0  9993
2 33813 074.0550 021.2196 0120498 056.1068 305.1590 14.58427023109999
0 COSMOS 2251 DEB
1 33813U 93036BE  11068.27010012  .00001764  00000-0  35018-3 0  9996
2 33813 074.0552 019.3934 0120579 053.8359 307.3977 14.58431971110134
0 COSMOS 2251 DEB
1 33813U 93036BE  11068.95604375 +.00001919 +00000-0 +38029-3 0  9999
2 33813 074.0557 018.0883 0120429 052.2216 308.9980 14.58436401110232
0 COSMOS 2251 DEB
1 33813U 93036BE  11070.05354820  .00002192  00000-0  43357-3 0  9994
2 33813 074.0571 016.0027 0120303 049.9329 311.2546 14.58443547110396
0 COSMOS 2251 DEB
1 33813U 93036BE  11070.87667083 +.00002443 +00000-0 +48261-3 0  9990
2 33813 074.0569 014.4370 0120030 047.8335 313.3247 14.58450208110514
0 COSMOS 2251 DEB
1 33813U 93036BE  11071.28822699  .00002684  00000-0  52987-3 0  9999
2 33813 074.0565 013.6531 0119662 047.1396 313.9918 14.58454320110575
0 COSMOS 2251 DEB
1 33813U 93036BE  11071.90556432 +.00002749 +00000-0 +54248-3 0  9991
2 33813 074.0561 012.4802 0119606 045.6633 315.4318 14.58458409110667
0 COSMOS 2251 DEB
1 33813U 93036BE  11072.79727205  .00003117  00000-0  61459-3 0  9999
2 33813 074.0556 010.7823 0119222 043.8991 317.1821 14.58467353110796
0 COSMOS 2251 DEB
1 33813U 93036BE  11073.82615668  .00003263  00000-0  64269-3 0  9997
2 33813 074.0563 008.8262 0119517 041.6776 319.3410 14.58475255110948
0 COSMOS 2251 DEB
1 33813U 93036BE  11074.85504083  .00003276  00000-0  64518-3 0  9990
2 33813 074.0560 006.8684 0119343 039.4625 321.5098 14.58481732111097
0 COSMOS 2251 DEB
1 33813U 93036BE  11075.88392242  .00003149  00000-0  62086-3 0  9993
2 33813 074.0562 004.9128 0118829 037.4442 323.4893 14.58486949111240
0 COSMOS 2251 DEB
1 33813U 93036BE  11076.56984435 +.00002914 +00000-0 +57516-3 0  9991
2 33813 074.0565 003.6097 0118748 035.8549 325.0509 14.58488851111341
0 COSMOS 2251 DEB
1 33813U 93036BE  11077.18716966  .00002316  00000-0  45843-3 0  9998
2 33813 074.0568 002.4350 0118933 034.4127 326.4333 14.58487457111437
0 COSMOS 2251 DEB
1 33813U 93036BE  11077.80450194 +.00002092 +00000-0 +41457-3 0  9993
2 33813 074.0577 001.2603 0119164 033.0695 327.7726 14.58488679111524
0 COSMOS 2251 DEB
1 33813U 93036BE  11078.83338206  .00001854  00000-0  36790-3 0  9995
2 33813 074.0579 359.3045 0119495 030.7987 330.0023 14.58490621111671
0 COSMOS 2251 DEB
1 33813U 93036BE  11079.79366681 +.00001773 +00000-0 +35215-3 0  9990
2 33813 074.0581 357.4793 0119474 028.7372 332.0261 14.58493294111816
0 COSMOS 2251 DEB
1 33813U 93036BE  11080.20521665  .00001654  00000-0  32895-3 0  9992
2 33813 074.0576 356.6963 0119334 027.8052 332.9371 14.58493640111872
0 COSMOS 2251 DEB
1 33813U 93036BE  11080.82254077 +.00001590 +00000-0 +31635-3 0  9990
2 33813 074.0576 355.5223 0119616 026.4290 334.2789 14.58494901111960
0 COSMOS 2251 DEB
1 33813U 93036BE  11081.85141456  .00001458  00000-0  29080-3 0  9994
2 33813 074.0574 353.5667 0119403 024.2307 336.4391 14.58496887112113
0 COSMOS 2251 DEB
1 33813U 93036BE  11081.85141456 +.00001458 +00000-0 +29080-3 0  9994
2 33813 074.0574 353.5667 0119403 024.2307 336.4391 14.58496887112113
0 COSMOS 2251 DEB
1 33813U 93036BE  11082.81169259 +.00001388 +00000-0 +27701-3 0  9992
2 33813 074.0578 351.7410 0119563 022.2012 338.4201 14.58499146112259
0 COSMOS 2251 DEB
1 33813U 93036BE  11083.15464986  .00001364  00000-0  27228-3 0  9993
2 33813 074.0573 351.0887 0119534 021.4585 339.1523 14.58499888112303
0 COSMOS 2251 DEB
1 33813U 93036BE  11083.77197029 +.00001372 +00000-0 +27396-3 0  9997
2 33813 074.0573 349.9150 0119534 020.1166 340.4662 14.58501726112396
0 COSMOS 2251 DEB
1 33813U 93036BE  11084.80083466  .00001404  00000-0  28011-3 0  9992
2 33813 074.0574 347.9599 0119757 017.9261 342.6045 14.58505086112548
0 COSMOS 2251 DEB
1 33813U 93036BE  11085.82969638  .00001507  00000-0  30012-3 0  9997
2 33813 074.0568 346.0007 0119584 015.6638 344.8246 14.58509303112695
0 COSMOS 2251 DEB
1 33813U 93036BE  11086.78996375 +.00001549 +00000-0 +30828-3 0  9992
2 33813 074.0564 344.1743 0119680 013.6236 346.8102 14.58512667112832
0 COSMOS 2251 DEB
1 33813U 93036BE  11087.13291657  .00001642  00000-0  32634-3 0  9994
2 33813 074.0562 343.5208 0119709 012.8782 347.5456 14.58514663112881
0 COSMOS 2251 DEB
1 33813U 93036BE  11087.75022906 +.00001639 +00000-0 +32575-3 0  9991
2 33813 074.0564 342.3470 0119692 011.5592 348.8272 14.58516699112978
0 COSMOS 2251 DEB
1 33813U 93036BE  11088.09318081 +.00001698 +00000-0 +33726-3 0  9995
2 33813 074.0564 341.6940 0119720 010.8528 349.5196 14.58518354113025
0 COSMOS 2251 DEB
1 33813U 93036BE  11088.84767287  .00001719  00000-0  34132-3 0  9990
2 33813 074.0563 340.2598 0119621 009.2084 351.1259 14.58521149113134
0 COSMOS 2251 DEB
1 33813U 93036BE  11089.80793301 +.00001754 +00000-0 +34816-3 0  9991
2 33813 074.0561 338.4332 0119766 007.1053 353.1790 14.58524975113277
0 COSMOS 2251 DEB
1 33813U 93036BE  11090.08229244  .00001778  00000-0  35272-3 0  9996
2 33813 074.0560 337.9114 0119841 006.5272 353.7421 14.58526171113310
0 COSMOS 2251 DEB
1 33813U 93036BE  11090.83678066 +.00001811 +00000-0 +35903-3 0  9998
2 33813 074.0564 336.4762 0120041 004.8960 355.3365 14.58529347113421
0 COSMOS 2251 DEB
1 33813U 93036BE  11091.11113924  .00001858  00000-0  36803-3 0  9998
2 33813 074.0562 335.9540 0120093 004.3263 355.8932 14.58530812113463
0 COSMOS 2251 DEB
1 33813U 93036BE  11091.79703506 +.00001895 +00000-0 +37538-3 0  9990
2 33813 074.0559 334.6495 0119926 002.7800 357.4089 14.58533887113563
0 COSMOS 2251 DEB
1 33813U 93036BE  11092.48292795  .00001975  00000-0  39086-3 0  9999
2 33813 074.0554 333.3448 0120034 001.3066 358.8436 14.58537404113664
0 COSMOS 2251 DEB
1 33813U 93036BE  11093.44317609 +.00002101 +00000-0 +41514-3 0  9999
2 33813 074.0553 331.5197 0120193 359.2793 000.8206 14.58542625113808
0 COSMOS 2251 DEB
1 33813U 93036BE  11094.06047716  .00002337  00000-0  46112-3 0  9997
2 33813 074.0554 330.3441 0120067 357.8795 002.2072 14.58547797113895
0 COSMOS 2251 DEB
1 33813U 93036BE  11094.47200585 +.00002369 +00000-0 +46736-3 0  9994
2 33813 074.0553 329.5615 0120068 356.9608 003.0845 14.58550096113951
0 COSMOS 2251 DEB
1 33813U 93036BE  11095.08930360  .00002564  00000-0  50489-3 0  9990
2 33813 074.0554 328.3877 0120440 355.6383 004.3842 14.58555160114048
0 COSMOS 2251 DEB
1 33813U 93036BE  11095.70659745 +.00002605 +00000-0 +51298-3 0  9999
2 33813 074.0553 327.2139 0120310 354.3050 005.6772 14.58558749114131
0 COSMOS 2251 DEB
1 33813U 93036BE  11096.66682968  .00002768  00000-0  54476-3 0  9999
2 33813 074.0555 325.3876 0120132 352.2105 007.7203 14.58565552114277
0 COSMOS 2251 DEB
1 33813U 93036BE  11097.69564654  .00002885  00000-0  56736-3 0  9995
2 33813 074.0553 323.4309 0120109 349.9742 009.9050 14.58572584114423
0 COSMOS 2251 DEB
1 33813U 93036BE  11098.65587105 +.00002966 +00000-0 +58307-3 0  9994
2 33813 074.0550 321.6045 0119983 347.8778 011.9479 14.58578879114567
0 COSMOS 2251 DEB
1 33813U 93036BE  11098.99880848  .00002940  00000-0  57813-3 0  9994
2 33813 074.0551 320.9520 0120010 347.1250 012.6826 14.58580622114618
0 COSMOS 2251 DEB
1 33813U 93036BE  11099.68468171 +.00002919 +00000-0 +57387-3 0  9994
2 33813 074.0552 319.6477 0119997 345.6652 014.1082 14.58584424114712
0 COSMOS 2251 DEB
1 33813U 93036BE  11100.02761806  .00002847  00000-0  55978-3 0  9990
2 33813 074.0545 318.9942 0120132 344.8910 014.8622 14.58585681114762
0 COSMOS 2251 DEB
1 33813U 93036BE  11100.57631553 +.00002829 +00000-0 +55633-3 0  9993
2 33813 074.0546 317.9509 0120145 343.7355 015.9927 14.58588601114840
0 COSMOS 2251 DEB
1 33813U 93036BE  11101.60512119  .00002692  00000-0  52980-3 0  9994
2 33813 074.0548 315.9944 0119897 341.4655 018.2159 14.58592909114998
0 COSMOS 2251 DEB
1 33813U 93036BE  11102.56533678 +.00002473 +00000-0 +48731-3 0  9999
2 33813 074.0553 314.1681 0119835 339.4459 020.1782 14.58595633115132
0 COSMOS 2251 DEB
1 33813U 93036BE  11102.97685892  .00002364  00000-0  46627-3 0  9991
2 33813 074.0544 313.3851 0119612 338.4802 021.1284 14.58596403115196
0 COSMOS 2251 DEB
1 33813U 93036BE  11103.59413953 +.00002293 +00000-0 +45245-3 0  9993
2 33813 074.0554 312.2111 0119580 337.1632 022.4189 14.58598702115287
0 COSMOS 2251 DEB
1 33813U 93036BE  11104.00565949  .00002146  00000-0  42379-3 0  9995
2 33813 074.0555 311.4272 0119689 336.2003 023.3540 14.58598997115343
0 COSMOS 2251 DEB
1 33813U 93036BE  11104.62293994 +.00002058 +00000-0 +40652-3 0  9995
2 33813 074.0560 310.2530 0119931 335.0417 024.4832 14.58600748115433
0 COSMOS 2251 DEB
1 33813U 93036BE  11105.65174045  .00001852  00000-0  36662-3 0  9991
2 33813 074.0555 308.2961 0119996 332.7918 026.6945 14.58602836115588
0 COSMOS 2251 DEB
1 33813U 93036BE  11106.54336453 +.00001715 +00000-0 +33970-3 0  9990
2 33813 074.0547 306.5975 0120311 330.9602 028.4836 14.58604759115718
0 COSMOS 2251 DEB
1 33813U 93036BE  11106.95488336  .00001674  00000-0  33178-3 0  9997
2 33813 074.0553 305.8148 0120298 330.0886 029.3411 14.58605841115776
0 COSMOS 2251 DEB
1 33813U 93036BE  11107.64074585 +.00001581 +00000-0 +31373-3 0  9993
2 33813 074.0552 304.5111 0120164 328.5753 030.8193 14.58607139115875
0 COSMOS 2251 DEB
1 33813U 93036BE  11107.98367813  .00001502  00000-0  29840-3 0  9998
2 33813 074.0544 303.8579 0120287 327.8105 031.5726 14.58607542115929
0 COSMOS 2251 DEB
1 33813U 93036BE  11108.53236778 +.00001471 +00000-0 +29240-3 0  9994
2 33813 074.0546 302.8139 0120338 326.6793 032.6782 14.58608852116008
0 COSMOS 2251 DEB
1 33813U 93036BE  11109.56116089  .00001385  00000-0  27580-3 0  9999
2 33813 074.0545 300.8576 0120200 324.4277 034.8899 14.58610938116158
0 COSMOS 2251 DEB
1 33813U 93036BE  11110.58995154  .00001328  00000-0  26466-3 0  9990
2 33813 074.0548 298.8999 0120292 322.2221 037.0517 14.58613222116300
0 COSMOS 2251 DEB
1 33813U 93036BE  11111.55015571 +.00001251 +00000-0 +24961-3 0  9997
2 33813 074.0547 297.0730 0120256 320.1571 039.0817 14.58615052116441
0 COSMOS 2251 DEB
1 33813U 93036BE  11111.68732730  .00001207  00000-0  24110-3 0  9991
2 33813 074.0534 296.8107 0120224 319.8387 039.3922 14.58614953116468
0 COSMOS 2251 DEB
1 33813U 93036BE  11112.57894344 +.00001182 +00000-0 +23617-3 0  9993
2 33813 074.0539 295.1144 0120294 317.9646 041.2298 14.58616920116598
0 COSMOS 2251 DEB
1 33813U 93036BE  11113.53914526  .00001168  00000-0  23356-3 0  9999
2 33813 074.0538 293.2877 0120325 315.8949 043.2688 14.58619123116736
0 COSMOS 2251 DEB
1 33813U 93036BE  11114.56792984  .00001174  00000-0  23463-3 0  9991
2 33813 074.0538 291.3305 0120363 313.6661 045.4581 14.58621671116883
0 COSMOS 2251 DEB
1 33813U 93036BE  11115.87105544  .00001211  00000-0  24179-3 0  9993
2 33813 074.0533 288.8506 0120656 310.9284 048.1479 14.58625066117078
0 COSMOS 2251 DEB
1 33813U 93036BE  11115.87105544 +.00001211 +00000-0 +24179-3 0  9993
2 33813 074.0533 288.8506 0120656 310.9284 048.1479 14.58625066117078
0 COSMOS 2251 DEB
1 33813U 93036BE  11116.62549528 +.00001181 +00000-0 +23602-3 0  9997
2 33813 074.0531 287.4143 0120408 309.2733 049.7788 14.58626643117187
0 COSMOS 2251 DEB
1 33813U 93036BE  11117.51710534  .00001163  00000-0  23246-3 0  9997
2 33813 074.0533 285.7179 0120411 307.3426 051.6807 14.58628630117318
0 COSMOS 2251 DEB
1 33813U 93036BE  11118.47729985 +.00001146 +00000-0 +22920-3 0  9992
2 33813 074.0529 283.8904 0120405 305.2140 053.7819 14.58630773117453
0 COSMOS 2251 DEB
1 33813U 93036BE  11118.88881091  .00001151  00000-0  23008-3 0  9998
2 33813 074.0521 283.1048 0120579 304.4752 054.5036 14.58631755117517
0 COSMOS 2251 DEB
1 33813U 93036BE  11119.78041909 +.00001139 +00000-0 +22775-3 0  9990
2 33813 074.0517 281.4071 0120564 302.5647 056.3920 14.58633708117641
0 COSMOS 2251 DEB
1 33813U 93036BE  11120.46627021  .00001135  00000-0  22694-3 0  9998
2 33813 074.0516 280.1020 0120569 301.0534 057.8852 14.58635310117746
0 COSMOS 2251 DEB
1 33813U 93036BE  11120.87778036 +.00001124 +00000-0 +22491-3 0  9999
2 33813 074.0521 279.3199 0120649 300.1939 058.7293 14.58636128117801
0 COSMOS 2251 DEB
1 33813U 93036BE  11121.49504613  .00001163  00000-0  23231-3 0  9992
2 33813 074.0523 278.1460 0120794 298.8210 060.0934 14.58638080117893
0 COSMOS 2251 DEB
1 33813U 93036BE  11121.83796971 +.00001181 +00000-0 +23591-3 0  9999
2 33813 074.0528 277.4938 0120689 298.0187 060.8848 14.58639152117947
0 COSMOS 2251 DEB
1 33813U 93036BE  11122.86674119  .00001323  00000-0  26330-3 0  9994
2 33813 074.0527 275.5367 0120902 295.9025 062.9774 14.58643270118090
0 COSMOS 2251 DEB
1 33813U 93036BE  11123.82692611 +.00001432 +00000-0 +28432-3 0  9994
2 33813 074.0529 273.7104 0120943 293.8557 065.0037 14.58646949118231
0 COSMOS 2251 DEB
1 33813U 93036BE  11124.37560151  .00001486  00000-0  29484-3 0  9995
2 33813 074.0527 272.6661 0120852 292.4411 066.4121 14.58649228118319
0 COSMOS 2251 DEB
1 33813U 93036BE  11124.78710601 +.00001603 +00000-0 +31747-3 0  9993
2 33813 074.0527 271.8833 0120920 291.6281 067.2128 14.58651778118378
0 COSMOS 2251 DEB
1 33813U 93036BE  11125.47294726  .00001663  00000-0  32901-3 0  9994
2 33813 074.0527 270.5783 0121056 290.2745 068.5436 14.58654728118474
0 COSMOS 2251 DEB
1 33813U 93036BE  11126.57029318  .00001715  00000-0  33906-3 0  9993
2 33813 074.0533 268.4894 0121125 287.7720 071.0205 14.58658728118636
0 COSMOS 2251 DEB
1 33813U 93036BE  11127.46188710 +.00001694 +00000-0 +33487-3 0  9994
2 33813 074.0535 266.7932 0121114 285.8469 072.9349 14.58661578118769
0 COSMOS 2251 DEB
1 33813U 93036BE  11127.80480750  .00001682  00000-0  33256-3 0  9992
2 33813 074.0539 266.1411 0121185 285.1116 073.6655 14.58662616118817
0 COSMOS 2251 DEB
1 33813U 93036BE  11128.76498407 +.00001492 +00000-0 +29575-3 0  9994
2 33813 074.0543 264.3154 0121214 282.9932 075.7680 14.58664044118953
0 COSMOS 2251 DEB
1 33813U 93036BE  11129.38223995  .00001496  00000-0  29640-3 0  9998
2 33813 074.0543 263.1412 0121229 281.6638 077.0948 14.58665976119040
0 COSMOS 2251 DEB
1 33813U 93036BE  11129.79374286 +.00001418 +00000-0 +28132-3 0  9992
2 33813 074.0546 262.3578 0121196 280.8622 077.8851 14.58666494119108
0 COSMOS 2251 DEB
1 33813U 93036BE  11130.41099853  .00001389  00000-0  27575-3 0  9994
2 33813 074.0547 261.1842 0121153 279.5354 079.2094 14.58667914119192
0 COSMOS 2251 DEB
1 33813U 93036BE  11131.43975636  .00001300  00000-0  25855-3 0  9991
2 33813 074.0539 259.2261 0121182 277.2731 081.4661 14.58669857119342
0 COSMOS 2251 DEB
1 33813U 93036BE  11131.78267514 +.00001284 +00000-0 +25552-3 0  9993
2 33813 074.0538 258.5730 0121123 276.5678 082.1693 14.58670635119395
0 COSMOS 2251 DEB
1 33813U 93036BE  11132.74284682  .00001273  00000-0  25317-3 0  9992
2 33813 074.0544 256.7454 0121324 274.5709 084.1604 14.58673033119536
0 COSMOS 2251 DEB
1 33813U 93036BE  11133.77160030  .00001290  00000-0  25656-3 0  9991
2 33813 074.0540 254.7878 0121232 272.3097 086.4221 14.58675940119689
0 COSMOS 2251 DEB
1 33813U 93036BE  11134.73176806 +.00001305 +00000-0 +25942-3 0  9991
2 33813 074.0543 252.9605 0121460 270.4335 088.2887 14.58678585119829
0 COSMOS 2251 DEB
1 33813U 93036BE  11135.34901887  .00001236  00000-0  24602-3 0  9999
2 33813 074.0538 251.7858 0121358 269.0028 089.7197 14.58679516119914
0 COSMOS 2251 DEB
1 33813U 93036BE  11135.76051963 +.00001144 +00000-0 +22828-3 0  9992
2 33813 074.0535 251.0020 0121095 267.9686 090.7492 14.58679319119977
0 COSMOS 2251 DEB
1 33813U 93036BE  11136.37777212  .00001109  00000-0  22157-3 0  9998
2 33813 074.0536 249.8278 0120993 266.7212 092.0057 14.58680434120060
0 COSMOS 2251 DEB
1 33813U 93036BE  11136.44635640 +.00001081 +00000-0 +21622-3 0  9999
2 33813 074.0532 249.6963 0120934 266.5663 092.1646 14.58680325120073
0 COSMOS 2251 DEB
1 33813U 93036BE  11137.47510552  .00001100  00000-0  21982-3 0  9998
2 33813 074.0527 247.7391 0121039 264.3302 094.4043 14.58682870120224
0 COSMOS 2251 DEB
1 33813U 93036BE  11138.70960354  .00001131  00000-0  22583-3 0  9996
2 33813 074.0531 245.3905 0121068 261.6128 097.1352 14.58686097120400
0 COSMOS 2251 DEB
1 33813U 93036BE  11139.46401696 +.00001119 +00000-0 +22338-3 0  9993
2 33813 074.0532 243.9552 0121084 259.9966 098.7530 14.58687809120510
0 COSMOS 2251 DEB
1 33813U 93036BE  11140.28701337  .00001110  00000-0  22171-3 0  9996
2 33813 074.0530 242.3892 0121117 258.1962 100.5610 14.58689660120633
0 COSMOS 2251 DEB
1 33813U 93036BE  11140.62992815 +.00001140 +00000-0 +22749-3 0  9991
2 33813 074.0537 241.7366 0121061 257.5151 101.2428 14.58690626120684
0 COSMOS 2251 DEB
1 33813U 93036BE  11141.31575810  .00001094  00000-0  21848-3 0  9997
2 33813 074.0539 240.4321 0121115 256.0058 102.7580 14.58691690120781
0 COSMOS 2251 DEB
1 33813U 93036BE  11141.65867350 +.00001096 +00000-0 +21889-3 0  9994
2 33813 074.0536 239.7799 0121131 255.3183 103.4513 14.58692411120839
0 COSMOS 2251 DEB
1 33813U 93036BE  11142.68741723  .00001008  00000-0  20188-3 0  9997
2 33813 074.0541 237.8239 0121350 253.0938 105.6836 14.58693721120982
0 COSMOS 2251 DEB
1 33813U 93036BE  11143.37324689 +.00000984 +00000-0 +19719-3 0  9992
2 33813 074.0543 236.5191 0121331 251.5751 107.2178 14.58694947121082
0 COSMOS 2251 DEB
1 33813U 93036BE  11144.26482383  .00000910  00000-0  18287-3 0  9995
2 33813 074.0544 234.8232 0121301 249.5171 109.2923 14.58696136121217
0 COSMOS 2251 DEB
1 33813U 93036BE  11144.33340697 +.00000907 +00000-0 +18223-3 0  9990
2 33813 074.0545 234.6927 0121292 249.3678 109.4443 14.58696229121229
0 COSMOS 2251 DEB
1 33813U 93036BE  11145.63647931  .00000908  00000-0  18231-3 0  9995
2 33813 074.0546 232.2147 0121453 246.6422 112.1928 14.58698770121417
0 COSMOS 2251 DEB
1 33813U 93036BE  11146.66522007  .00000874  00000-0  17583-3 0  9996
2 33813 074.0549 230.2582 0121512 244.4751 114.3795 14.58700356121564
0 COSMOS 2251 DEB
1 33813U 93036BE  11147.62537726 +.00000887 +00000-0 +17829-3 0  9994
2 33813 074.0552 228.4306 0121572 242.3659 116.5110 14.58702099121708
0 COSMOS 2251 DEB
1 33813U 93036BE  11148.24262092  .00000881  00000-0  17719-3 0  9996
2 33813 074.0552 227.2569 0121586 241.0242 117.8688 14.58703169121797
0 COSMOS 2251 DEB
1 33813U 93036BE  11148.65411644 +.00000862 +00000-0 +17336-3 0  9994
2 33813 074.0550 226.4734 0121644 240.2612 118.6390 14.58703728121854
0 COSMOS 2251 DEB
1 33813U 93036BE  11149.61427183  .00000846  00000-0  17025-3 0  9993
2 33813 074.0540 224.6445 0121734 238.2037 120.7221 14.58705327121999
0 COSMOS 2251 DEB
1 33813U 93036BE  11150.64300818  .00000973  00000-0  19481-3 0  9992
2 33813 074.0536 222.6875 0121666 236.1193 122.8422 14.58708650122149
0 COSMOS 2251 DEB
1 33813U 93036BE  11151.60315815 +.00001055 +00000-0 +21058-3 0  9997
2 33813 074.0539 220.8610 0121815 234.1133 124.8690 14.58711532122284
0 COSMOS 2251 DEB
1 33813U 93036BE  11152.22039799  .00001071  00000-0  21372-3 0  9997
2 33813 074.0538 219.6866 0121823 232.8309 126.1712 14.58713135122372
0 COSMOS 2251 DEB
1 33813U 93036BE  11152.56330838 +.00001149 +00000-0 +22880-3 0  9993
2 33813 074.0540 219.0343 0121745 232.1056 126.9079 14.58714561122428
0 COSMOS 2251 DEB
1 33813U 93036BE  11153.24912894  .00001166  00000-0  23211-3 0  9995
2 33813 074.0540 217.7298 0121721 230.6095 128.4255 14.58716369122524
0 COSMOS 2251 DEB
1 33813U 93036BE  11153.59203896 +.00001311 +00000-0 +26002-3 0  9991
2 33813 074.0538 217.0770 0121674 229.8422 129.2119 14.58718495122575
0 COSMOS 2251 DEB
1 33813U 93036BE  11154.62076586  .00001325  00000-0  26271-3 0  9993
2 33813 074.0531 215.1198 0121662 227.6208 131.4593 14.58721340122727
0 COSMOS 2251 DEB
1 33813U 93036BE  11155.58091088 +.00001376 +00000-0 +27254-3 0  9991
2 33813 074.0533 213.2923 0121725 225.5232 133.5947 14.58724470122866
0 COSMOS 2251 DEB
1 33813U 93036BE  11156.12956421  .00001378  00000-0  27286-3 0  9990
2 33813 074.0531 212.2485 0121764 224.3530 134.7850 14.58726079122949
0 COSMOS 2251 DEB
1 33813U 93036BE  11156.54105375 +.00001388 +00000-0 +27486-3 0  9993
2 33813 074.0533 211.4662 0121745 223.4598 135.6921 14.58727316123004
0 COSMOS 2251 DEB
1 33813U 93036BE  11157.15828804  .00001374  00000-0  27219-3 0  9999
2 33813 074.0532 210.2916 0121790 222.1183 137.0580 14.58728971123092
0 COSMOS 2251 DEB
1 33813U 93036BE  11157.56977711 +.00001335 +00000-0 +26461-3 0  9991
2 33813 074.0529 209.5081 0121763 221.2494 137.9394 14.58729711123159
0 COSMOS 2251 DEB
1 33813U 93036BE  11158.18701108  .00001349  00000-0  26729-3 0  9997
2 33813 074.0534 208.3340 0121805 219.9056 139.3142 14.58731660123248
0 COSMOS 2251 DEB
1 33813U 93036BE  11158.52991758 +.00001375 +00000-0 +27228-3 0  9991
2 33813 074.0536 207.6821 0121755 219.1827 140.0477 14.58732811123292
0 COSMOS 2251 DEB
1 33813U 93036BE  11159.21573093  .00001374  00000-0  27209-3 0  9994
2 33813 074.0536 206.3773 0121802 217.6940 141.5641 14.58734721123398
0 COSMOS 2251 DEB
1 33813U 93036BE  11160.51877478  .00001370  00000-0  27120-3 0  9991
2 33813 074.0536 203.8980 0121772 214.8967 144.4168 14.58738298123584
0 COSMOS 2251 DEB
1 33813U 93036BE  11161.54749122  .00001353  00000-0  26804-3 0  9998
2 33813 074.0545 201.9406 0121751 212.6784 146.6782 14.58741052123731
0 COSMOS 2251 DEB
1 33813U 93036BE  11162.50762662 +.00001288 +00000-0 +25540-3 0  9992
2 33813 074.0542 200.1141 0121739 210.5960 148.8062 14.58743041123874
0 COSMOS 2251 DEB
1 33813U 93036BE  11163.12485521  .00001296  00000-0  25692-3 0  9994
2 33813 074.0544 198.9400 0121758 209.2625 150.1696 14.58744775123966
0 COSMOS 2251 DEB
1 33813U 93036BE  11163.53634027 +.00001253 +00000-0 +24864-3 0  9999
2 33813 074.0543 198.1570 0121745 208.3865 151.0594 14.58745380124025
0 COSMOS 2251 DEB
1 33813U 93036BE  11164.15356865  .00001199  00000-0  23819-3 0  9997
2 33813 074.0544 196.9829 0121688 207.0297 152.4435 14.58746333124118
0 COSMOS 2251 DEB
1 33813U 93036BE  11164.49647399 +.00001187 +00000-0 +23589-3 0  9990
2 33813 074.0546 196.3306 0121764 206.2837 153.2124 14.58747089124168
0 COSMOS 2251 DEB
1 33813U 93036BE  11165.52518598  .00001159  00000-0  23056-3 0  9991
2 33813 074.0548 194.3741 0121592 204.0898 155.4529 14.58749217124318
0 COSMOS 2251 DEB
1 33813U 93036BE  11166.48531711 +.00000989 +00000-0 +19760-3 0  9996
2 33813 074.0540 192.5433 0121466 202.1655 157.4183 14.58749738124459
0 COSMOS 2251 DEB
1 33813U 93036BE  11167.03396356  .00001004  00000-0  20060-3 0  9996
2 33813 074.0540 191.4997 0121564 201.0054 158.6132 14.58751069124538
0 COSMOS 2251 DEB
1 33813U 93036BE  11167.17112416 +.00000966 +00000-0 +19307-3 0  9992
2 33813 074.0539 191.2391 0121659 200.6567 158.9626 14.58750899124554
0 COSMOS 2251 DEB
1 33813U 93036BE  11168.06267285  .00000954  00000-0  19072-3 0  9992
2 33813 074.0539 189.5433 0121685 198.7160 160.9507 14.58752566124684
0 COSMOS 2251 DEB
1 33813U 93036BE  11168.47415640 +.00000878 +00000-0 +17615-3 0  9993
2 33813 074.0539 188.7593 0121678 197.7923 161.8909 14.58752623124747
0 COSMOS 2251 DEB
1 33813U 93036BE  11169.09138257  .00000853  00000-0  17125-3 0  9997
2 33813 074.0537 187.5849 0121680 196.4880 163.2300 14.58753482124832
0 COSMOS 2251 DEB
1 33813U 93036BE  11169.43428554 +.00000833 +00000-0 +16741-3 0  9998
2 33813 074.0537 186.9328 0121703 195.7426 163.9936 14.58753919124883
0 COSMOS 2251 DEB
1 33813U 93036BE  11170.46299278  .00000806  00000-0  16229-3 0  9993
2 33813 074.0530 184.9736 0121603 193.5915 166.1941 14.58755439125033
0 COSMOS 2251 DEB
1 33813U 93036BE  11171.42311893 +.00000799 +00000-0 +16084-3 0  9998
2 33813 074.0526 183.1472 0121773 191.5401 168.2968 14.58756995125177
0 COSMOS 2251 DEB
1 33813U 93036BE  11172.04034237  .00000779  00000-0  15694-3 0  9995
2 33813 074.0525 181.9731 0121800 190.2026 169.6655 14.58757815125260
0 COSMOS 2251 DEB
1 33813U 93036BE  11172.45182470 +.00000786 +00000-0 +15827-3 0  9999
2 33813 074.0525 181.1899 0121803 189.3076 170.5830 14.58758501125320
0 COSMOS 2251 DEB
1 33813U 93036BE  11173.41194852 +.00000781 +00000-0 +15733-3 0  9994
2 33813 074.0517 179.3629 0121777 187.2661 172.6734 14.58760050125461
0 COSMOS 2251 DEB
1 33813U 93036BE  11174.44065212 +.00000791 +00000-0 +15924-3 0  9998
2 33813 074.0513 177.4054 0121836 185.0594 174.9365 14.58761787125615
0 COSMOS 2251 DEB
1 33813U 93036BE  11175.40077375 +.00000781 +00000-0 +15717-3 0  9997
2 33813 074.0509 175.5783 0121833 183.0063 177.0376 14.58763260125753
0 COSMOS 2251 DEB
1 33813U 93036BE  11176.36089506  .00000794  00000-0  15980-3 0  9998
2 33813 074.0506 173.7516 0121782 180.9364 179.1613 14.58764999125899
0 COSMOS 2251 DEB
1 33813U 93036BE  11176.42947475 +.00000783 +00000-0 +15763-3 0  9990
2 33813 074.0506 173.6209 0121773 180.8014 179.2980 14.58765042125908
0 COSMOS 2251 DEB
1 33813U 93036BE  11177.38959433 +.00000800 +00000-0 +16100-3 0  9999
2 33813 074.0502 171.7931 0121799 178.7596 181.3910 14.58766792126040
0 COSMOS 2251 DEB
1 33813U 93036BE  11178.41829231 +.00000864 +00000-0 +17330-3 0  9992
2 33813 074.0500 169.8359 0121667 176.5556 183.6506 14.58769200126195
0 COSMOS 2251 DEB
1 33813U 93036BE  11179.37840860 +.00000890 +00000-0 +17832-3 0  9995
2 33813 074.0504 168.0086 0121634 174.5011 185.7527 14.58771177126333
0 COSMOS 2251 DEB
1 33813U 93036BE  11179.99562595  .00000884  00000-0  17720-3 0  9998
2 33813 074.0504 166.8344 0121673 173.1667 187.1190 14.58772240126425
0 COSMOS 2251 DEB
1 33813U 93036BE  11180.40710406 +.00000902 +00000-0 +18057-3 0  9997
2 33813 074.0496 166.0515 0121667 172.3018 188.0073 14.58773145126482
0 COSMOS 2251 DEB
1 33813U 93036BE  11181.02432024  .00000834  00000-0  16741-3 0  9995
2 33813 074.0507 164.8764 0121627 170.9815 189.3535 14.58773681126574
0 COSMOS 2251 DEB
1 33813U 93036BE  11181.36721904 +.00000807 +00000-0 +16225-3 0  9997
2 33813 074.0507 164.2234 0121543 170.2591 190.0960 14.58774020126626
0 COSMOS 2251 DEB
1 33813U 93036BE  11182.39591314  .00000803  00000-0  16147-3 0  9990
2 33813 074.0505 162.2664 0121587 168.0340 192.3767 14.58775595126778
0 COSMOS 2251 DEB
1 33813U 93036BE  11182.94454901 +.00000779 +00000-0 +15677-3 0  9990
2 33813 074.0508 161.2227 0121544 166.8294 193.6064 14.58776240126853
0 COSMOS 2251 DEB
1 33813U 93036BE  11183.97324299  .00000669  00000-0  13553-3 0  9999
2 33813 074.0504 159.2643 0121365 164.5965 195.8941 14.58776731127000
0 COSMOS 2251 DEB
1 33813U 93036BE  11183.97324299 +.00000669 +00000-0 +13553-3 0  9999
2 33813 074.0504 159.2643 0121365 164.5965 195.8941 14.58776731127000
0 COSMOS 2251 DEB
1 33813U 93036BE  11184.93335515 +.00000660 +00000-0 +13382-3 0  9990
2 33813 074.0508 157.4379 0121308 162.5010 198.0385 14.58777982127147
0 COSMOS 2251 DEB
1 33813U 93036BE  11185.34483156  .00000613  00000-0  12483-3 0  9990
2 33813 074.0511 156.6548 0121336 161.6173 198.9423 14.58778215127200
0 COSMOS 2251 DEB
1 33813U 93036BE  11185.89346667 +.00000621 +00000-0 +12642-3 0  9991
2 33813 074.0511 155.6110 0121346 160.4396 200.1497 14.58779022127281
0 COSMOS 2251 DEB
1 33813U 93036BE  11186.92215627  .00000588  00000-0  11987-3 0  9990
2 33813 074.0514 153.6539 0121371 158.2426 202.3959 14.58780019127436
0 COSMOS 2251 DEB
1 33813U 93036BE  11186.92215627 +.00000588 +00000-0 +11987-3 0  9990
2 33813 074.0514 153.6539 0121371 158.2426 202.3959 14.58780019127436
0 COSMOS 2251 DEB
1 33813U 93036BE  11187.33363187 +.00000616 +00000-0 +12537-3 0  9995
2 33813 074.0515 152.8710 0121292 157.2916 203.3679 14.58780807127495
0 COSMOS 2251 DEB
1 33813U 93036BE  11188.29374072  .00000633  00000-0  12855-3 0  9998
2 33813 074.0512 151.0441 0121276 155.2162 205.4919 14.58782255127632
0 COSMOS 2251 DEB
1 33813U 93036BE  11189.32242740  .00000633  00000-0  12868-3 0  9993
2 33813 074.0516 149.0870 0121200 152.9734 207.7827 14.58783666127781
0 COSMOS 2251 DEB
1 33813U 93036BE  11190.62542944  .00000634  00000-0  12883-3 0  9995
2 33813 074.0518 146.6078 0121173 150.1974 210.6188 14.58785289127978
0 COSMOS 2251 DEB
1 33813U 93036BE  11191.31121809 +.00000670 +00000-0 +13584-3 0  9994
2 33813 074.0513 145.3029 0121022 148.6995 212.1457 14.58786626128077
0 COSMOS 2251 DEB
1 33813U 93036BE  11191.99700681  .00000739  00000-0  14916-3 0  9995
2 33813 074.0522 143.9978 0120900 147.2539 213.6256 14.58788337128172
0 COSMOS 2251 DEB
1 33813U 93036BE  11192.95710845 +.00000782 +00000-0 +15755-3 0  9995
2 33813 074.0527 142.1713 0120787 145.1846 215.7324 14.58790310128315
0 COSMOS 2251 DEB
1 33813U 93036BE  11193.30000148  .00000780  00000-0  15716-3 0  9998
2 33813 074.0522 141.5184 0120790 144.4575 216.4713 14.58790805128364
0 COSMOS 2251 DEB
1 33813U 93036BE  11193.64289486 +.00000785 +00000-0 +15799-3 0  9995
2 33813 074.0526 140.8655 0120743 143.7586 217.1865 14.58791501128411
0 COSMOS 2251 DEB
1 33813U 93036BE  11194.67157380  .00000815  00000-0  16396-3 0  9994
2 33813 074.0530 138.9082 0120444 141.5180 219.4678 14.58793446128565
0 COSMOS 2251 DEB
1 33813U 93036BE  11195.28878027 +.00000804 +00000-0 +16187-3 0  9996
2 33813 074.0529 137.7336 0120451 140.2002 220.8082 14.58794311128656
0 COSMOS 2251 DEB
1 33813U 93036BE  11195.97456474  .00000819  00000-0  16470-3 0  9991
2 33813 074.0534 136.4286 0120268 138.7027 222.3302 14.58795511128753
0 COSMOS 2251 DEB
1 33813U 93036BE  11196.24887858 +.00000824 +00000-0 +16569-3 0  9991
2 33813 074.0534 135.9069 0120263 138.1117 222.9330 14.58796016128797
0 COSMOS 2251 DEB
1 33813U 93036BE  11197.00324047  .00000836  00000-0  16799-3 0  9990
2 33813 074.0532 134.4720 0120246 136.5023 224.5707 14.58797342128904
0 COSMOS 2251 DEB
1 33813U 93036BE  11197.62044501 +.00000767 +00000-0 +15480-3 0  9991
2 33813 074.0535 133.2979 0119960 135.1162 225.9754 14.58797973128996
0 COSMOS 2251 DEB
1 33813U 93036BE  11198.23764977  .00000766  00000-0  15448-3 0  9998
2 33813 074.0528 132.1226 0120359 133.8924 227.2293 14.58798937129081
0 COSMOS 2251 DEB
1 33813U 93036BE  11198.58054013 +.00000785 +00000-0 +15814-3 0  9997
2 33813 074.0529 131.4701 0120318 133.1671 227.9652 14.58799706129136
0 COSMOS 2251 DEB
1 33813U 93036BE  11199.88352450  .00000751  00000-0  15155-3 0  9998
2 33813 074.0528 128.9909 0120311 130.3458 230.8277 14.58801388129328
0 COSMOS 2251 DEB
1 33813U 93036BE  11200.77503917 +.00000775 +00000-0 +15622-3 0  9990
2 33813 074.0530 127.2939 0120184 128.4174 232.7887 14.58803087129457
0 COSMOS 2251 DEB
1 33813U 93036BE  11201.18650631  .00000778  00000-0  15681-3 0  9990
2 33813 074.0531 126.5110 0120248 127.5507 233.6657 14.58803752129513
0 COSMOS 2251 DEB
1 33813U 93036BE  11201.80370745 +.00000749 +00000-0 +15118-3 0  9997
2 33813 074.0527 125.3373 0120319 126.2592 234.9760 14.58804498129602
0 COSMOS 2251 DEB
1 33813U 93036BE  11202.21517472  .00000833  00000-0  16735-3 0  9993
2 33813 074.0531 124.5540 0120352 125.3909 235.8649 14.58806055129666
0 COSMOS 2251 DEB
1 33813U 93036BE  11202.76379545 +.00000798 +00000-0 +16051-3 0  9991
2 33813 074.0530 123.5102 0120374 124.2325 237.0290 14.58806619129743
0 COSMOS 2251 DEB
1 33813U 93036BE  11203.86103726  .00000877  00000-0  17572-3 0  9996
2 33813 074.0527 121.4223 0120547 121.8720 239.4235 14.58809444129906
0 COSMOS 2251 DEB
1 33813U 93036BE  11204.75254430 +.00000946 +00000-0 +18896-3 0  9991
2 33813 074.0528 119.7259 0120656 119.9132 241.4075 14.58811920130035
0 COSMOS 2251 DEB
1 33813U 93036BE  11205.16400916  .00001044  00000-0  20803-3 0  9990
2 33813 074.0528 118.9423 0120691 118.9646 242.3734 14.58813692130093
0 COSMOS 2251 DEB
1 33813U 93036BE  11205.78120428 +.00001049 +00000-0 +20890-3 0  9996
2 33813 074.0529 117.7680 0120664 117.6057 243.7423 14.58815086130187
0 COSMOS 2251 DEB
1 33813U 93036BE  11206.19266794  .00001103  00000-0  21936-3 0  9992
2 33813 074.0527 116.9849 0120712 116.6760 244.6844 14.58816477130246
0 COSMOS 2251 DEB
1 33813U 93036BE  11207.15274789 +.00001126 +00000-0 +22386-3 0  9997
2 33813 074.0534 115.1580 0120614 114.5647 246.8144 14.58818844130381
0 COSMOS 2251 DEB
1 33813U 93036BE  11208.11282634  .00001106  00000-0  21995-3 0  9995
2 33813 074.0531 113.3316 0120644 112.4905 248.9045 14.58820732130520
0 COSMOS 2251 DEB
1 33813U 93036BE  11208.18140410 +.00001096 +00000-0 +21797-3 0  9995
2 33813 074.0530 113.2005 0120571 112.3236 249.0765 14.58820827130535
0 COSMOS 2251 DEB
1 33813U 93036BE  11209.14148466  .00000944  00000-0  18852-3 0  9990
2 33813 074.0521 111.3732 0120665 110.0051 251.4133 14.58821239130674
0 COSMOS 2251 DEB
1 33813U 93036BE  11209.82725395 +.00000939 +00000-0 +18764-3 0  9993
2 33813 074.0522 110.0685 0120671 108.5850 252.8476 14.58822512130775
0 COSMOS 2251 DEB
1 33813U 93036BE  11210.17013794  .00000887  00000-0  17760-3 0  9993
2 33813 074.0519 109.4160 0120794 107.7660 253.6682 14.58822764130820
0 COSMOS 2251 DEB
1 33813U 93036BE  11210.78733001 +.00000857 +00000-0 +17176-3 0  9998
2 33813 074.0515 108.2418 0120793 106.4023 255.0436 14.58823604130914
0 COSMOS 2251 DEB
1 33813U 93036BE  11211.74740426  .00000876  00000-0  17548-3 0  9998
2 33813 074.0520 106.4151 0120809 104.3362 257.1242 14.58825503131059
0 COSMOS 2251 DEB
1 33813U 93036BE  11212.70747786 +.00000803 +00000-0 +16139-3 0  9996
2 33813 074.0520 104.5883 0120676 102.2724 259.1980 14.58826425131191
0 COSMOS 2251 DEB
1 33813U 93036BE  11213.11893739  .00000812  00000-0  16310-3 0  9993
2 33813 074.0529 103.8054 0120656 101.3222 260.1526 14.58827255131250
0 COSMOS 2251 DEB
1 33813U 93036BE  11213.73612607 +.00000797 +00000-0 +16028-3 0  9992
2 33813 074.0530 102.6312 0120616 099.9908 261.4898 14.58828201131343
0 COSMOS 2251 DEB
1 33813U 93036BE  11214.07900835 +.00000816 +00000-0 +16380-3 0  9996
2 33813 074.0528 101.9789 0120627 099.2582 262.2265 14.58828964131391
0 COSMOS 2251 DEB
1 33813U 93036BE  11215.03907754  .00000853  00000-0  17104-3 0  9996
2 33813 074.0533 100.1525 0120556 097.1879 264.3046 14.58830984131534
0 COSMOS 2251 DEB
1 33813U 93036BE  11215.65626149 +.00000963 +00000-0 +19219-3 0  9991
2 33813 074.0526 098.9773 0120632 095.9445 265.5504 14.58833294131624
0 COSMOS 2251 DEB
1 33813U 93036BE  11216.06771816  .00000998  00000-0  19895-3 0  9997
2 33813 074.0520 098.1941 0120597 095.0139 266.4825 14.58834424131686
0 COSMOS 2251 DEB
1 33813U 93036BE  11217.43923827  .00001095  00000-0  21763-3 0  9996
2 33813 074.0521 095.5834 0120508 091.9666 269.5349 14.58838240131888
0 COSMOS 2251 DEB
1 33813U 93036BE  11217.78211691 +.00000975 +00000-0 +19448-3 0  9996
2 33813 074.0523 094.9313 0120579 091.3810 270.1073 14.58837670131932
0 COSMOS 2251 DEB
1 33813U 93036BE  11218.74218120  .00001013  00000-0  20189-3 0  9995
2 33813 074.0525 093.1044 0120525 089.2654 272.2347 14.58839988132076
0 COSMOS 2251 DEB
1 33813U 93036BE  11219.70224022 +.00001107 +00000-0 +22012-3 0  9991
2 33813 074.0521 091.2764 0120509 087.2053 274.2946 14.58843046132216
0 COSMOS 2251 DEB
1 33813U 93036BE  11220.04511737  .00001133  00000-0  22497-3 0  9998
2 33813 074.0517 090.6236 0120589 086.4983 274.9980 14.58844064132260
0 COSMOS 2251 DEB
1 33813U 93036BE  11220.66229692 +.00001158 +00000-0 +22984-3 0  9990
2 33813 074.0519 089.4492 0120550 085.1368 276.3579 14.58845831132356
0 COSMOS 2251 DEB
1 33813U 93036BE  11221.07374906  .00001182  00000-0  23446-3 0  9996
2 33813 074.0526 088.6674 0120576 084.2418 277.2496 14.58847112132410
0 COSMOS 2251 DEB
1 33813U 93036BE  11221.69092706 +.00001196 +00000-0 +23722-3 0  9991
2 33813 074.0533 087.4928 0120479 082.8828 278.6071 14.58848966132500
0 COSMOS 2251 DEB
1 33813U 93036BE  11222.44525346  .00001324  00000-0  26185-3 0  9995
2 33813 074.0532 086.0576 0120536 081.1670 280.3172 14.58852096132617
0 COSMOS 2251 DEB
1 33813U 93036BE  11223.61102814  .00001331  00000-0  26318-3 0  9992
2 33813 074.0528 083.8384 0120477 078.6180 282.8457 14.58855140132789
0 COSMOS 2251 DEB
1 33813U 93036BE  11224.77680179  .00001307  00000-0  25857-3 0  9995
2 33813 074.0529 081.6196 0120366 076.0476 285.3979 14.58857807132952
0 COSMOS 2251 DEB
1 33813U 93036BE  11224.77680179 +.00001307 +00000-0 +25857-3 0  9995
2 33813 074.0529 081.6196 0120366 076.0476 285.3979 14.58857807132952
0 COSMOS 2251 DEB
1 33813U 93036BE  11225.73684936 +.00001215 +00000-0 +24082-3 0  9994
2 33813 074.0531 079.7918 0120358 073.9018 287.5294 14.58859488133091
0 COSMOS 2251 DEB
1 33813U 93036BE  11226.01114936  .00001151  00000-0  22863-3 0  9998
2 33813 074.0528 079.2693 0120284 073.3292 288.1028 14.58859674133132
0 COSMOS 2251 DEB
1 33813U 93036BE  11226.76547061 +.00001095 +00000-0 +21766-3 0  9997
2 33813 074.0527 077.8343 0120246 071.7029 289.7123 14.58860800133243
0 COSMOS 2251 DEB
1 33813U 93036BE  11227.72551547  .00000997  00000-0  19872-3 0  9993
2 33813 074.0524 076.0065 0120335 069.5158 291.8792 14.58861999133380
0 COSMOS 2251 DEB
1 33813U 93036BE  11228.54841063 +.00000999 +00000-0 +19918-3 0  9992
2 33813 074.0519 074.4396 0120273 067.7623 293.6264 14.58863818133501
0 COSMOS 2251 DEB
1 33813U 93036BE  11228.95985679  .00000957  00000-0  19112-3 0  9999
2 33813 074.0514 073.6563 0120191 066.8682 294.5081 14.58864262133564
0 COSMOS 2251 DEB
1 33813U 93036BE  11229.57702639 +.00000964 +00000-0 +19241-3 0  9992
2 33813 074.0518 072.4825 0120190 065.5201 295.8445 14.58865573133652
0 COSMOS 2251 DEB
1 33813U 93036BE  11229.98847219  .00000984  00000-0  19632-3 0  9997
2 33813 074.0517 071.6986 0120185 064.6562 296.7009 14.58866571133716
0 COSMOS 2251 DEB
1 33813U 93036BE  11230.53706580 +.00000942 +00000-0 +18819-3 0  9995
2 33813 074.0518 070.6547 0120233 063.4234 297.9152 14.58867273133796
0 COSMOS 2251 DEB
1 33813U 93036BE  11231.56567952  .00000920  00000-0  18391-3 0  9998
2 33813 074.0517 068.6966 0120303 061.2175 300.0993 14.58868991133949
0 COSMOS 2251 DEB
1 33813U 93036BE  11232.93715972  .00000902  00000-0  18046-3 0  9994
2 33813 074.0519 066.0858 0120318 058.2267 303.0479 14.58871426134149
0 COSMOS 2251 DEB
1 33813U 93036BE  11232.93715972 +.00000902 +00000-0 +18046-3 0  9994
2 33813 074.0519 066.0858 0120318 058.2267 303.0479 14.58871426134149
0 COSMOS 2251 DEB
1 33813U 93036BE  11233.55432663 +.00000878 +00000-0 +17585-3 0  9995
2 33813 074.0520 064.9117 0120280 056.9146 304.3496 14.58872385134233
0 COSMOS 2251 DEB
1 33813U 93036BE  11233.96577009  .00000893  00000-0  17876-3 0  9994
2 33813 074.0521 064.1281 0120271 056.0284 305.2249 14.58873262134299
0 COSMOS 2251 DEB
1 33813U 93036BE  11234.92580529 +.00000838 +00000-0 +16799-3 0  9994
2 33813 074.0516 062.3005 0120439 053.9072 307.3170 14.58874286134433
0 COSMOS 2251 DEB
1 33813U 93036BE  11235.95441164  .00000821  00000-0  16481-3 0  9999
2 33813 074.0511 060.3428 0120419 051.7244 309.4684 14.58875944134581
0 COSMOS 2251 DEB
1 33813U 93036BE  11235.95441164 +.00000821 +00000-0 +16481-3 0  9999
2 33813 074.0511 060.3428 0120419 051.7244 309.4684 14.58875944134581
0 COSMOS 2251 DEB
1 33813U 93036BE  11236.50300099 +.00000772 +00000-0 +15533-3 0  9994
2 33813 074.0511 059.2981 0120500 050.4887 310.6819 14.58876421134666
0 COSMOS 2251 DEB
1 33813U 93036BE  11237.46303246  .00000799  00000-0  16052-3 0  9993
2 33813 074.0511 057.4707 0120534 048.4420 312.7035 14.58878315134802
0 COSMOS 2251 DEB
1 33813U 93036BE  11237.53160543 +.00000808 +00000-0 +16230-3 0  9991
2 33813 074.0514 057.3406 0120553 048.2775 312.8631 14.58878556134813
0 COSMOS 2251 DEB
1 33813U 93036BE  11238.49163438  .00000839  00000-0  16816-3 0  9997
2 33813 074.0515 055.5136 0120678 046.1327 314.9771 14.58880659134952
0 COSMOS 2251 DEB
1 33813U 93036BE  11240.48026037  .00000953  00000-0  19005-3 0  9992
2 33813 074.0509 051.7281 0120853 041.7427 319.3011 14.58885557135242
0 COSMOS 2251 DEB
1 33813U 93036BE  11240.89169675 +.00001044 +00000-0 +20771-3 0  9997
2 33813 074.0503 050.9441 0120789 040.8983 320.1227 14.58887195135306
0 COSMOS 2251 DEB
1 33813U 93036BE  11241.50885301  .00001047  00000-0  20819-3 0  9993
2 33813 074.0503 049.7697 0120789 039.5610 321.4295 14.58888562135394
0 COSMOS 2251 DEB
1 33813U 93036BE  11242.60602004  .00001069  00000-0  21250-3 0  9996
2 33813 074.0505 047.6824 0120820 037.2246 323.7210 14.58891098135559
0 COSMOS 2251 DEB
1 33813U 93036BE  11242.60602004 +.00001069 +00000-0 +21250-3 0  9996
2 33813 074.0505 047.6824 0120820 037.2246 323.7210 14.58891098135559
0 COSMOS 2251 DEB
1 33813U 93036BE  11243.49746684 +.00001080 +00000-0 +21466-3 0  9999
2 33813 074.0502 045.9858 0120758 035.3188 325.5919 14.58893197135680
0 COSMOS 2251 DEB
1 33813U 93036BE  11243.63461198  .00001091  00000-0  21680-3 0  9999
2 33813 074.0496 045.7243 0120723 035.0597 325.8450 14.58893605135701
0 COSMOS 2251 DEB
1 33813U 93036BE  11244.86891970  .00001063  00000-0  21134-3 0  9993
2 33813 074.0507 043.3751 0120906 032.3082 328.5350 14.58895996135887
0 COSMOS 2251 DEB
1 33813U 93036BE  11244.86891970 +.00001063 +00000-0 +21134-3 0  9993
2 33813 074.0507 043.3751 0120906 032.3082 328.5350 14.58895996135887
0 COSMOS 2251 DEB
1 33813U 93036BE  11245.82893644 +.00001056 +00000-0 +21006-3 0  9990
2 33813 074.0509 041.5480 0120823 030.2595 330.5471 14.58898070136022
0 COSMOS 2251 DEB
1 33813U 93036BE  11246.44608869  .00001039  00000-0  20678-3 0  9997
2 33813 074.0510 040.3736 0120715 028.9623 331.8172 14.58899285136112
0 COSMOS 2251 DEB
1 33813U 93036BE  11246.85752312 +.00000985 +00000-0 +19642-3 0  9993
2 33813 074.0515 039.5904 0120679 028.0945 332.6608 14.58899572136179
0 COSMOS 2251 DEB
1 33813U 93036BE  11247.47467563  .00000920  00000-0  18392-3 0  9993
2 33813 074.0520 038.4160 0120583 026.7679 333.9607 14.58900216136261
0 COSMOS 2251 DEB
1 33813U 93036BE  11247.81753810 +.00000904 +00000-0 +18066-3 0  9994
2 33813 074.0521 037.7633 0120638 025.9852 334.7287 14.58900706136317
0 COSMOS 2251 DEB
1 33813U 93036BE  11248.84612284  .00000912  00000-0  18224-3 0  9992
2 33813 074.0526 035.8052 0120797 023.7425 336.9247 14.58902835136465
0 COSMOS 2251 DEB
1 33813U 93036BE  11249.46327212 +.00000925 +00000-0 +18470-3 0  9992
2 33813 074.0529 034.6304 0120718 022.3985 338.2380 14.58904177136558
0 COSMOS 2251 DEB
1 33813U 93036BE  11250.42328211  .00000933  00000-0  18641-3 0  9999
2 33813 074.0529 032.8038 0120739 020.3219 340.2697 14.58906129136691
0 COSMOS 2251 DEB
1 33813U 93036BE  11250.83471434 +.00000960 +00000-0 +19147-3 0  9992
2 33813 074.0530 032.0203 0120781 019.4322 341.1410 14.58907231136755
0 COSMOS 2251 DEB
1 33813U 93036BE  11251.45186065  .00001033  00000-0  20560-3 0  9997
2 33813 074.0535 030.8448 0120578 018.0960 342.4453 14.58909198136849
0 COSMOS 2251 DEB
1 33813U 93036BE  11251.45186065 +.00001033 +00000-0 +20560-3 0  9997
2 33813 074.0535 030.8448 0120578 018.0960 342.4453 14.58909198136849
0 COSMOS 2251 DEB
1 33813U 93036BE  11252.82329753  .00001061  00000-0  21100-3 0  9994
2 33813 074.0530 028.2348 0120656 015.0936 345.3783 14.58912302137043
0 COSMOS 2251 DEB
1 33813U 93036BE  11253.50901407 +.00001082 +00000-0 +21489-3 0  9995
2 33813 074.0543 026.9295 0120880 013.4274 347.0025 14.58913976137146
0 COSMOS 2251 DEB
1 33813U 93036BE  11254.12615961  .00001082  00000-0  21489-3 0  9991
2 33813 074.0543 025.7554 0120878 012.0946 348.3074 14.58915352137237
0 COSMOS 2251 DEB
1 33813U 93036BE  11254.53758921 +.00001126 +00000-0 +22343-3 0  9999
2 33813 074.0538 024.9715 0120932 011.1527 349.2319 14.58916746137293
0 COSMOS 2251 DEB
1 33813U 93036BE  11255.36044643  .00001156  00000-0  22913-3 0  9996
2 33813 074.0534 023.4047 0120947 009.3121 351.0292 14.58919034137414
0 COSMOS 2251 DEB
1 33813U 93036BE  11255.77187406 +.00001183 +00000-0 +23440-3 0  9992
2 33813 074.0538 022.6218 0120935 008.4282 351.8891 14.58920280137478
0 COSMOS 2251 DEB
1 33813U 93036BE  11256.45758544  .00001275  00000-0  25215-3 0  9999
2 33813 074.0537 021.3162 0120935 006.8921 353.3881 14.58923014137578
0 COSMOS 2251 DEB
1 33813U 93036BE  11257.41758192 +.00001317 +00000-0 +26018-3 0  9994
2 33813 074.0537 019.4891 0120886 004.8309 355.4032 14.58926002137715
0 COSMOS 2251 DEB
1 33813U 93036BE  11258.10329178  .00001484  00000-0  29225-3 0  9997
2 33813 074.0534 018.1833 0120942 003.3296 356.8787 14.58929635137814
0 COSMOS 2251 DEB
1 33813U 93036BE  11258.44614363 +.00001466 +00000-0 +28885-3 0  9998
2 33813 074.0533 017.5305 0121025 002.5312 357.6417 14.58930434137866
0 COSMOS 2251 DEB
1 33813U 93036BE  11259.13185252  .00001491  00000-0  29363-3 0  9995
2 33813 074.0535 016.2256 0121082 001.0231 359.1190 14.58932842137967
0 COSMOS 2251 DEB
1 33813U 93036BE  11259.47470570 +.00001559 +00000-0 +30664-3 0  9993
2 33813 074.0540 015.5724 0121146 000.2190 359.9011 14.58934284138010
0 COSMOS 2251 DEB
1 33813U 93036BE  11260.43469456  .00001565  00000-0  30764-3 0  9990
2 33813 074.0542 013.7455 0121255 358.0791 001.9887 14.58937375138159
0 COSMOS 2251 DEB
1 33813U 93036BE  11261.39468137 +.00001561 +00000-0 +30703-3 0  9990
2 33813 074.0546 011.9186 0121162 356.0254 003.9920 14.58940410138292
0 COSMOS 2251 DEB
1 33813U 93036BE  11262.08038546  .00001686  00000-0  33107-3 0  9993
2 33813 074.0547 010.6142 0121164 354.4673 005.5274 14.58944031138394
0 COSMOS 2251 DEB
1 33813U 93036BE  11262.42323415 +.00001691 +00000-0 +33200-3 0  9993
2 33813 074.0550 009.9618 0121156 353.7252 006.2390 14.58945263138444
0 COSMOS 2251 DEB
1 33813U 93036BE  11263.31464587  .00001702  00000-0  33403-3 0  9996
2 33813 074.0550 008.2654 0121116 351.7993 008.1210 14.58948510138576
0 COSMOS 2251 DEB
1 33813U 93036BE  11263.72606560 +.00001759 +00000-0 +34512-3 0  9994
2 33813 074.0555 007.4827 0120983 350.9375 008.9653 14.58950542138634
0 COSMOS 2251 DEB
1 33813U 93036BE  11264.41176366  .00001827  00000-0  35795-3 0  9997
2 33813 074.0560 006.1773 0121229 349.3191 010.5481 14.58953859138731
0 COSMOS 2251 DEB
1 33813U 93036BE  11265.44030694  .00001957  00000-0  38316-3 0  9990
2 33813 074.0552 004.2187 0121079 347.1611 012.6522 14.58958968138887
0 COSMOS 2251 DEB
1 33813U 93036BE  11266.40027874 +.00002036 +00000-0 +39823-3 0  9996
2 33813 074.0559 002.3921 0121254 345.0856 014.6767 14.58963545139029
0 COSMOS 2251 DEB
1 33813U 93036BE  11267.01740208  .00002075  00000-0  40568-3 0  9998
2 33813 074.0558 001.2176 0121231 343.7766 015.9547 14.58966448139113
0 COSMOS 2251 DEB
1 33813U 93036BE  11267.42881694 +.00002063 +00000-0 +40333-3 0  9995
2 33813 074.0552 000.4341 0121129 342.8477 016.8599 14.58967939139176
0 COSMOS 2251 DEB
1 33813U 93036BE  11268.04593911  .00002056  00000-0  40200-3 0  9991
2 33813 074.0553 359.2597 0121138 341.5261 018.1512 14.58970451139265
0 COSMOS 2251 DEB
1 33813U 93036BE  11268.38878442 +.00001979 +00000-0 +38725-3 0  9995
2 33813 074.0559 358.6065 0121155 340.8129 018.8415 14.58971035139312
0 COSMOS 2251 DEB
1 33813U 93036BE  11269.41731982  .00001925  00000-0  37666-3 0  9991
2 33813 074.0564 356.6505 0121297 338.5768 021.0301 14.58974717139461
0 COSMOS 2251 DEB
1 33813U 93036BE  11270.30871455 +.00001893 +00000-0 +37050-3 0  9992
2 33813 074.0567 354.9545 0121401 336.6718 022.8938 14.58978040139592
0 COSMOS 2251 DEB
1 33813U 93036BE  11270.99440166  .00001950  00000-0  38131-3 0  9993
2 33813 074.0571 353.6500 0121522 335.1788 024.3629 14.58981440139692
0 COSMOS 2251 DEB
1 33813U 93036BE  11271.33724302 +.00002005 +00000-0 +39185-3 0  9991
2 33813 074.0577 352.9983 0121537 334.4647 025.0593 14.58983462139747
0 COSMOS 2251 DEB
1 33813U 93036BE  11272.02292625  .00002072  00000-0  40474-3 0  9993
2 33813 074.0575 351.6938 0121549 333.0069 026.4870 14.58987038139844
0 COSMOS 2251 DEB
1 33813U 93036BE  11272.64003867 +.00002229 +00000-0 +43495-3 0  9999
2 33813 074.0582 350.5197 0121401 331.6895 027.7812 14.58991354139931
0 COSMOS 2251 DEB
1 33813U 93036BE  11273.32571718 +.00002397 +00000-0 +46730-3 0  9991
2 33813 074.0582 349.2148 0121237 330.1450 029.3072 14.58996596140032
0 COSMOS 2251 DEB
1 33813U 93036BE  11274.62849742 +.00002636 +00000-0 +51293-3 0  9996
2 33813 074.0575 346.7337 0121494 327.2944 032.0744 14.59005123140222
0 COSMOS 2251 DEB
1 33813U 93036BE  11275.58844042  .00002696  00000-0  52420-3 0  9999
2 33813 074.0573 344.9072 0121682 325.2196 034.1047 14.59010707140360
0 COSMOS 2251 DEB
1 33813U 93036BE  11276.34267955 +.00002642 +00000-0 +51350-3 0  9998
2 33813 074.0568 343.4700 0121960 323.5260 035.7598 14.59014136140478
0 COSMOS 2251 DEB
1 33813U 93036BE  11277.16548437  .00002558  00000-0  49753-3 0  9996
2 33813 074.0568 341.9037 0121778 321.7997 037.4508 14.59017634140597
0 COSMOS 2251 DEB
1 33813U 93036BE  11277.30261965 +.00002479 +00000-0 +48253-3 0  9996
2 33813 074.0565 341.6423 0121640 321.4037 037.8458 14.59017591140613
0 COSMOS 2251 DEB
1 33813U 93036BE  11278.33112274  .00002377  00000-0  46263-3 0  9994
2 33813 074.0580 339.6861 0122031 319.2731 039.9267 14.59021833140765
0 COSMOS 2251 DEB
1 33813U 93036BE  11279.90815643  .00002304  00000-0  44850-3 0  9998
2 33813 074.0578 336.6834 0122061 315.7928 043.3548 14.59028923140994
0 COSMOS 2251 DEB
1 33813U 93036BE  11279.90815643 +.00002304 +00000-0 +44850-3 0  9998
2 33813 074.0578 336.6834 0122061 315.7928 043.3548 14.59028923140994
0 COSMOS 2251 DEB
1 33813U 93036BE  11280.59381865 +.00002408 +00000-0 +46861-3 0  9998
2 33813 074.0574 335.3774 0121740 314.3119 044.8144 14.59033293141095
0 COSMOS 2251 DEB
1 33813U 93036BE  11281.21091390  .00002501  00000-0  48632-3 0  9991
2 33813 074.0578 334.2024 0121889 312.9626 046.1471 14.59037436141187
0 COSMOS 2251 DEB
1 33813U 93036BE  11281.55374215 +.00002596 +00000-0 +50439-3 0  9990
2 33813 074.0580 333.5494 0122003 312.2723 046.8175 14.59039966141237
0 COSMOS 2251 DEB
1 33813U 93036BE  11282.30796537  .00002675  00000-0  51939-3 0  9993
2 33813 074.0576 332.1140 0122097 310.6603 048.3999 14.59044724141348
0 COSMOS 2251 DEB
1 33813U 93036BE  11283.47357920  .00002840  00000-0  55080-3 0  9996
2 33813 074.0572 329.8937 0122284 308.1380 050.8865 14.59052767141518
0 COSMOS 2251 DEB
1 33813U 93036BE  11283.88497035 +.00002866 +00000-0 +55560-3 0  9994
2 33813 074.0572 329.1108 0122328 307.2445 051.7639 14.59055444141572
0 COSMOS 2251 DEB
1 33813U 93036BE  11284.29636123 +.00002944 +00000-0 +57042-3 0  9997
2 33813 074.0572 328.3276 0122500 306.4047 052.5897 14.59058510141639
0 COSMOS 2251 DEB
1 33813U 93036BE  11284.91344637  .00002957  00000-0  57287-3 0  9997
2 33813 074.0573 327.1535 0122457 305.0727 053.9013 14.59062339141725
0 COSMOS 2251 DEB
1 33813U 93036BE  11285.25627087 +.00002993 +00000-0 +57936-3 0  9999
2 33813 074.0576 326.5002 0122737 304.3734 054.5870 14.59064634141774
0 COSMOS 2251 DEB
1 33813U 93036BE  11286.07904824  .00003016  00000-0  58394-3 0  9993
2 33813 074.0567 324.9335 0122487 302.5612 056.3809 14.59069895141891
0 COSMOS 2251 DEB
1 33813U 93036BE  11286.90182251 +.00003028 +00000-0 +58632-3 0  9995
2 33813 074.0564 323.3678 0122460 300.7955 058.1220 14.59074994142010
0 COSMOS 2251 DEB
1 33813U 93036BE  11287.45033704  .00002999  00000-0  58070-3 0  9996
2 33813 074.0554 322.3220 0122502 299.6433 059.2550 14.59078010142094
0 COSMOS 2251 DEB
1 33813U 93036BE  11287.86172304 +.00003054 +00000-0 +59129-3 0  9990
2 33813 074.0551 321.5384 0122392 298.7115 060.1861 14.59081151142150
0 COSMOS 2251 DEB
1 33813U 93036BE  11288.47879829  .00003077  00000-0  59557-3 0  9994
2 33813 074.0542 320.3632 0122367 297.4008 061.4752 14.59085158142246
0 COSMOS 2251 DEB
1 33813U 93036BE  11289.50725481  .00003185  00000-0  61612-3 0  9998
2 33813 074.0539 318.4047 0122402 295.2160 063.6374 14.59092680142393
0 COSMOS 2251 DEB
1 33813U 93036BE  11290.26145099 +.00003333 +00000-0 +64437-3 0  9997
2 33813 074.0538 316.9687 0122436 293.5300 065.3059 14.59099187142500
0 COSMOS 2251 DEB
1 33813U 93036BE  11290.87852015  .00003348  00000-0  64718-3 0  9995
2 33813 074.0537 315.7943 0122445 292.1987 066.6240 14.59103528142597
0 COSMOS 2251 DEB
1 33813U 93036BE  11291.42702464 +.00003530 +00000-0 +68207-3 0  9999
2 33813 074.0536 314.7502 0122297 290.9759 067.8489 14.59109047142673
0 COSMOS 2251 DEB
1 33813U 93036BE  11292.04408765  .00003669  00000-0  70843-3 0  9997
2 33813 074.0536 313.5754 0122350 289.5712 069.2453 14.59115123142761
0 COSMOS 2251 DEB
1 33813U 93036BE  11292.45545987 +.00003807 +00000-0 +73495-3 0  9990
2 33813 074.0535 312.7923 0122234 288.7497 070.0519 14.59119564142824
0 COSMOS 2251 DEB
1 33813U 93036BE  11293.07251958  .00003894  00000-0  75118-3 0  9991
2 33813 074.0535 311.6174 0122338 287.4302 071.3608 14.59125286142917
0 COSMOS 2251 DEB
1 33813U 93036BE  11293.82669828 +.00004107 +00000-0 +79181-3 0  9995
2 33813 074.0541 310.1824 0122344 285.7814 072.9944 14.59133521143020
0 COSMOS 2251 DEB
1 33813U 93036BE  11294.16950614  .00004201  00000-0  80958-3 0  9998
2 33813 074.0542 309.5293 0122466 285.0558 073.7151 14.59137268143072
0 COSMOS 2251 DEB
1 33813U 93036BE  11294.85512035 +.00004315 +00000-0 +83097-3 0  9998
2 33813 074.0541 308.2243 0122582 283.7174 075.0415 14.59144165143173
0 COSMOS 2251 DEB
1 33813U 93036BE  11295.19792601  .00004398  00000-0  84674-3 0  9998
2 33813 074.0543 307.5719 0122581 282.9291 075.8278 14.59147988143222
0 COSMOS 2251 DEB
1 33813U 93036BE  11295.47216924 +.00004470 +00000-0 +86056-3 0  9995
2 33813 074.0541 307.0492 0122474 282.3458 076.4049 14.59151055143260
0 COSMOS 2251 DEB
1 33813U 93036BE  11296.43201658  .00004743  00000-0  91231-3 0  9994
2 33813 074.0547 305.2201 0122636 280.3088 078.4306 14.59162750143409
0 COSMOS 2251 DEB
1 33813U 93036BE  11297.46041864  .00004951  00000-0  95154-3 0  9998
2 33813 074.0551 303.2621 0122701 278.2004 080.5336 14.59174951143554
0 COSMOS 2251 DEB
1 33813U 93036BE  11298.42025123 +.00005225 +00000-0 +10037-2 0  9996
2 33813 074.0555 301.4344 0122637 275.9967 082.7338 14.59187461143691
0 COSMOS 2251 DEB
1 33813U 93036BE  11299.03728282  .00005335  00000-0  10242-2 0  9990
2 33813 074.0554 300.2600 0122828 274.7905 083.9343 14.59195229143783
0 COSMOS 2251 DEB
1 33813U 93036BE  11299.17439902 +.00005530 +00000-0 +10614-2 0  9993
2 33813 074.0558 299.9988 0122720 274.5541 084.1709 14.59198523143807
0 COSMOS 2251 DEB
1 33813U 93036BE  11300.06566043  .00005661  00000-0  10858-2 0  9996
2 33813 074.0556 298.3023 0122821 272.5911 086.1336 14.59209883143933
0 COSMOS 2251 DEB
1 33813U 93036BE  11300.95690955 +.00006004 +00000-0 +11510-2 0  9992
2 33813 074.0554 296.6044 0122709 270.6150 088.0981 14.59223601144060
0 COSMOS 2251 DEB
1 33813U 93036BE  11301.16258230  .00006092  00000-0  11678-2 0  9994
2 33813 074.0549 296.2120 0122643 270.2294 088.4842 14.59226795144097
0 COSMOS 2251 DEB
1 33813U 93036BE  11301.98527098 +.00006090 +00000-0 +11673-2 0  9998
2 33813 074.0552 294.6457 0122620 268.4550 090.2552 14.59236808144214
0 COSMOS 2251 DEB
1 33813U 93036BE  11302.39661380  .00006097  00000-0  11682-2 0  9994
2 33813 074.0538 293.8604 0122735 267.6835 091.0208 14.59241488144270
0 COSMOS 2251 DEB
1 33813U 93036BE  11302.73939955 +.00006061 +00000-0 +11615-2 0  9995
2 33813 074.0542 293.2078 0122638 266.9212 091.7864 14.59245241144329
0 COSMOS 2251 DEB
1 33813U 93036BE  11303.76775219  .00005763  00000-0  11049-2 0  9999
2 33813 074.0538 291.2493 0122491 264.5431 094.1578 14.59254005144470
0 COSMOS 2251 DEB
1 33813U 93036BE  11304.11053727  .00005402  00000-0  10359-2 0  9995
2 33813 074.0533 290.5960 0122497 264.0488 094.6371 14.59254198144524
0 COSMOS 2251 DEB
1 33813U 93036BE  11304.72755023 +.00005208 +00000-0 +99893-3 0  9995
2 33813 074.0527 289.4204 0122565 262.7988 095.9066 14.59258834144617
0 COSMOS 2251 DEB
1 33813U 93036BE  11305.13889018  .00005022  00000-0  96362-3 0  9995
2 33813 074.0529 288.6376 0122429 261.6282 097.0854 14.59261115144674
0 COSMOS 2251 DEB
1 33813U 93036BE  11305.34456102 +.00004840 +00000-0 +92854-3 0  9991
2 33813 074.0528 288.2451 0122653 260.9829 097.7433 14.59261699144702
0 COSMOS 2251 DEB
1 33813U 93036BE  11306.37290403  .00004474  00000-0  85886-3 0  9995
2 33813 074.0530 286.2866 0122577 259.0500 099.6803 14.59268218144855
0 COSMOS 2251 DEB
1 33813U 93036BE  11307.33268476 +.00004350 +00000-0 +83509-3 0  9990
2 33813 074.0520 284.4586 0122595 256.8994 101.8474 14.59275822144999
0 COSMOS 2251 DEB
1 33813U 93036BE  11308.90945179 +.00004476 +00000-0 +85884-3 0  9993
2 33813 074.0528 281.4546 0122558 253.4082 105.3707 14.59291563145225
0 COSMOS 2251 DEB
1 33813U 93036BE  11309.32077803 +.00004738 +00000-0 +90872-3 0  9994
2 33813 074.0532 280.6711 0122434 252.5641 106.2289 14.59297945145280
0 COSMOS 2251 DEB
1 33813U 93036BE  11310.34908746  .00004986  00000-0  95582-3 0  9995
2 33813 074.0531 278.7126 0122340 250.2938 108.5086 14.59310242145430
0 COSMOS 2251 DEB
1 33813U 93036BE  11310.89751653 +.00005028 +00000-0 +96359-3 0  9999
2 33813 074.0531 277.6679 0122436 249.0427 109.7677 14.59316293145516
0 COSMOS 2251 DEB
1 33813U 93036BE  11311.65160187  .00005257  00000-0  10070-2 0  9999
2 33813 074.0531 276.2315 0122397 247.6313 111.1857 14.59326159145623
0 COSMOS 2251 DEB
1 33813U 93036BE  11312.33713193 +.00005351 +00000-0 +10247-2 0  9997
2 33813 074.0529 274.9255 0122351 246.1939 112.6375 14.59334285145727
0 COSMOS 2251 DEB
1 33813U 93036BE  11313.09121140  .00005351  00000-0  10244-2 0  9993
2 33813 074.0537 273.4897 0122343 244.5781 114.2677 14.59342413145837
0 COSMOS 2251 DEB
1 33813U 93036BE  11313.29686892 +.00005378 +00000-0 +10297-2 0  9992
2 33813 074.0536 273.0978 0122315 244.1386 114.7140 14.59344887145868
0 COSMOS 2251 DEB
1 33813U 93036BE  11314.32515079  .00005438  00000-0  10409-2 0  9997
2 33813 074.0538 271.1397 0122253 241.8564 117.0244 14.59356696146017
0 COSMOS 2251 DEB
1 33813U 93036BE  11314.94211562 +.00005491 +00000-0 +10505-2 0  9991
2 33813 074.0544 269.9629 0122406 240.5823 118.3186 14.59364244146108
0 COSMOS 2251 DEB
1 33813U 93036BE  11315.90183076  .00005622  00000-0  10753-2 0  9997
2 33813 074.0549 268.1352 0122290 238.5498 120.3692 14.59376217146246
0 COSMOS 2251 DEB
1 33813U 93036BE  11316.31313569 +.00005719 +00000-0 +10937-2 0  9996
2 33813 074.0548 267.3522 0122156 237.6128 121.3240 14.59381913146302
0 COSMOS 2251 DEB
1 33813U 93036BE  11316.99864004  .00005867  00000-0  11216-2 0  9990
2 33813 074.0549 266.0462 0122135 236.0592 122.9004 14.59391146146402
0 COSMOS 2251 DEB
1 33813U 93036BE  11317.88978730 +.00006053 +00000-0 +11565-2 0  9996
2 33813 074.0535 264.3467 0122193 234.1304 124.8570 14.59403822146535
0 COSMOS 2251 DEB
1 33813U 93036BE  11318.30108315  .00006171  00000-0  11792-2 0  9991
2 33813 074.0534 263.5636 0122015 233.3173 125.6781 14.59409944146591
0 COSMOS 2251 DEB
1 33813U 93036BE  11318.84947674 +.00006180 +00000-0 +11807-2 0  9996
2 33813 074.0534 262.5190 0122022 232.1400 126.8690 14.59416864146673
0 COSMOS 2251 DEB
1 33813U 93036BE  11319.60351329  .00006324  00000-0  12075-2 0  9995
2 33813 074.0539 261.0825 0122062 230.5187 128.5149 14.59427612146788
0 COSMOS 2251 DEB
1 33813U 93036BE  11320.90593032  .00006372  00000-0  12163-2 0  9990
2 33813 074.0545 258.6015 0122038 227.6921 131.3858 14.59444591146979
0 COSMOS 2251 DEB
1 33813U 93036BE  11321.59140724 +.00006388 +00000-0 +12190-2 0  9999
2 33813 074.0543 257.2952 0122034 226.2071 132.8963 14.59453509147073
0 COSMOS 2251 DEB
1 33813U 93036BE  11322.20833284  .00006373  00000-0  12159-2 0  9997
2 33813 074.0540 256.1201 0122034 224.8871 134.2349 14.59461169147162
0 COSMOS 2251 DEB
1 33813U 93036BE  11322.89380280 +.00006330 +00000-0 +12075-2 0  9995
2 33813 074.0541 254.8144 0122055 223.4082 135.7398 14.59469522147268
0 COSMOS 2251 DEB
1 33813U 93036BE  11323.23653663  .00006171  00000-0  11774-2 0  9990
2 33813 074.0534 254.1610 0122026 222.7794 136.3681 14.59472102147317
0 COSMOS 2251 DEB
1 33813U 93036BE  11323.85345767 +.00006126 +00000-0 +11689-2 0  9996
2 33813 074.0539 252.9862 0121946 221.4135 137.7660 14.59479157147401
0 COSMOS 2251 DEB
1 33813U 93036BE  11324.81310552  .00006000  00000-0  11441-2 0  9994
2 33813 074.0533 251.1579 0122216 219.3422 139.8810 14.59489494147547
0 COSMOS 2251 DEB
1 33813U 93036BE  11325.77275151  .00005614  00000-0  10719-2 0  9992
2 33813 074.0545 249.3292 0121606 217.3799 141.8757 14.59496514147687
0 COSMOS 2251 DEB
1 33813U 93036BE  11326.86948179  .00005247  00000-0  10013-2 0  9999
2 33813 074.0536 247.2396 0122164 214.6754 144.6350 14.59504780147843
0 COSMOS 2251 DEB
1 33813U 93036BE  11326.86948179 +.00005247 +00000-0 +10013-2 0  9999
2 33813 074.0536 247.2396 0122164 214.6754 144.6350 14.59504780147843
0 COSMOS 2251 DEB
1 33813U 93036BE  11327.82911425 +.00004917 +00000-0 +93899-3 0  9997
2 33813 074.0547 245.4106 0121907 212.7724 146.5654 14.59511387147988
0 COSMOS 2251 DEB
1 33813U 93036BE  11328.17184182  .00004740  00000-0  90517-3 0  9996
2 33813 074.0542 244.7570 0122102 212.0054 147.3586 14.59513144148030
0 COSMOS 2251 DEB
1 33813U 93036BE  11328.78874521 +.00004700 +00000-0 +89732-3 0  9999
2 33813 074.0542 243.5829 0122206 210.6531 148.7455 14.59518712148129
0 COSMOS 2251 DEB
1 33813U 93036BE  11329.20001204  .00004607  00000-0  87963-3 0  9997
2 33813 074.0541 242.7993 0122123 209.8150 149.5948 14.59521667148181
0 COSMOS 2251 DEB
1 33813U 93036BE  11329.74836784 +.00004533 +00000-0 +86571-3 0  9997
2 33813 074.0540 241.7542 0121989 208.7329 150.7043 14.59526126148268
0 COSMOS 2251 DEB
1 33813U 93036BE  11330.57089821  .00004462  00000-0  85224-3 0  9997
2 33813 074.0541 240.1873 0121902 206.9657 152.5142 14.59532949148381
0 COSMOS 2251 DEB
1 33813U 93036BE  11331.87322924  .00004219  00000-0  80665-3 0  9999
2 33813 074.0541 237.7068 0121563 204.2536 155.2687 14.59541795148573
0 COSMOS 2251 DEB
1 33813U 93036BE  11331.87322924 +.00004219 +00000-0 +80665-3 0  9999
2 33813 074.0541 237.7068 0121563 204.2536 155.2687 14.59541795148573
0 COSMOS 2251 DEB
1 33813U 93036BE  11332.90138282  .00004084  00000-0  78068-3 0  9990
2 33813 074.0541 235.7485 0121672 202.0500 157.5326 14.59549045148720
0 COSMOS 2251 DEB
1 33813U 93036BE  11332.90138282 +.00004084 +00000-0 +78068-3 0  9990
2 33813 074.0541 235.7485 0121672 202.0500 157.5326 14.59549045148720
0 COSMOS 2251 DEB
1 33813U 93036BE  11333.86098664 +.00003871 +00000-0 +74072-3 0  9999
2 33813 074.0543 233.9202 0121290 200.0077 159.6124 14.59554730148863
0 COSMOS 2251 DEB
1 33813U 93036BE  11334.47787546  .00003815  00000-0  72992-3 0  9998
2 33813 074.0541 232.7444 0121393 198.6693 160.9996 14.59559076148956
0 COSMOS 2251 DEB
1 33813U 93036BE  11334.88913141 +.00003763 +00000-0 +71991-3 0  9995
2 33813 074.0542 231.9615 0121490 197.7646 161.9227 14.59561715149013
0 COSMOS 2251 DEB
1 33813U 93036BE  11335.84872609  .00003708  00000-0  70952-3 0  9990
2 33813 074.0544 230.1330 0121264 195.7517 163.9861 14.59568691149155
0 COSMOS 2251 DEB
1 33813U 93036BE  11335.84872609 +.00003708 +00000-0 +70952-3 0  9990
2 33813 074.0544 230.1330 0121264 195.7517 163.9861 14.59568691149155
0 COSMOS 2251 DEB
1 33813U 93036BE  11336.80831413 +.00003787 +00000-0 +72435-3 0  9990
2 33813 074.0539 228.3038 0121386 193.6648 166.1286 14.59576987149298
0 COSMOS 2251 DEB
1 33813U 93036BE  11337.15102211  .00003820  00000-0  73061-3 0  9990
2 33813 074.0538 227.6506 0121322 192.9253 166.8821 14.59579966149341
0 COSMOS 2251 DEB
1 33813U 93036BE  11337.76789642 +.00003846 +00000-0 +73551-3 0  9998
2 33813 074.0538 226.4756 0121301 191.6147 168.2248 14.59585037149435
0 COSMOS 2251 DEB
1 33813U 93036BE  11338.79601377  .00004004  00000-0  76507-3 0  9991
2 33813 074.0542 224.5171 0121309 189.4252 170.4685 14.59594754149582
0 COSMOS 2251 DEB
1 33813U 93036BE  11339.75558436 +.00004123 +00000-0 +78751-3 0  9990
2 33813 074.0546 222.6893 0121306 187.3128 172.6297 14.59603673149722
0 COSMOS 2251 DEB
1 33813U 93036BE  11340.09828686  .00004205  00000-0  80283-3 0  9990
2 33813 074.0548 222.0361 0121405 186.5727 173.3910 14.59607270149776
0 COSMOS 2251 DEB
1 33813U 93036BE  11340.78368928 +.00004190 +00000-0 +80000-3 0  9994
2 33813 074.0544 220.7305 0121387 185.0934 174.8996 14.59612913149879
0 COSMOS 2251 DEB
1 33813U 93036BE  11341.81178947  .00004209  00000-0  80320-3 0  9995
2 33813 074.0549 218.7722 0121432 182.8672 177.1815 14.59621796150023
0 COSMOS 2251 DEB
1 33813U 93036BE  11342.70280437 +.00004182 +00000-0 +79803-3 0  9996
2 33813 074.0548 217.0745 0121428 180.9433 179.1495 14.59629099150152
0 COSMOS 2251 DEB
1 33813U 93036BE  11343.04550190  .00004168  00000-0  79532-3 0  9993
2 33813 074.0547 216.4216 0121463 180.2061 179.9067 14.59631821150201
0 COSMOS 2251 DEB
1 33813U 93036BE  11343.66235502 +.00004130 +00000-0 +78814-3 0  9999
2 33813 074.0550 215.2466 0121438 178.8456 181.2988 14.59636684150291
0 COSMOS 2251 DEB
1 33813U 93036BE  11344.62190107  .00004085  00000-0  77951-3 0  9997
2 33813 074.0551 213.4185 0121320 176.7673 183.4268 14.59644090150439
0 COSMOS 2251 DEB
1 33813U 93036BE  11345.78705747  .00004052  00000-0  77310-3 0  9990
2 33813 074.0543 211.1983 0121315 174.2639 185.9937 14.59653188150607
0 COSMOS 2251 DEB
1 33813U 93036BE  11345.78705747 +.00004052 +00000-0 +77310-3 0  9990
2 33813 074.0543 211.1983 0121315 174.2639 185.9937 14.59653188150607
0 COSMOS 2251 DEB
1 33813U 93036BE  11346.74659093 +.00004016 +00000-0 +76671-3 0  9998
2 33813 074.0538 209.3686 0120972 172.2020 188.1005 14.59660792150745
0 COSMOS 2251 DEB
1 33813U 93036BE  11347.02074373  .00004014  00000-0  76615-3 0  9998
2 33813 074.0534 208.8463 0120995 171.6012 188.7217 14.59662974150786
0 COSMOS 2251 DEB
1 33813U 93036BE  11347.77465865 +.00003984 +00000-0 +76025-3 0  9990
2 33813 074.0534 207.4106 0121088 169.9539 190.4071 14.59668773150896
0 COSMOS 2251 DEB
1 33813U 93036BE  11348.04880918  .00004005  00000-0  76437-3 0  9993
2 33813 074.0532 206.8868 0120964 169.3667 191.0123 14.59671229150930
0 COSMOS 2251 DEB
1 33813U 93036BE  11348.66564491 +.00003955 +00000-0 +75491-3 0  9998
2 33813 074.0533 205.7118 0120884 167.9728 192.4291 14.59675610151020
0 COSMOS 2251 DEB
1 33813U 93036BE  11349.62516592  .00003934  00000-0  75101-3 0  9999
2 33813 074.0526 203.8827 0120788 165.8835 194.5738 14.59682951151167
0 COSMOS 2251 DEB
1 33813U 93036BE  11350.58468096 +.00003808 +00000-0 +72734-3 0  9990
2 33813 074.0528 202.0528 0120504 163.7001 196.7947 14.59689077151304
0 COSMOS 2251 DEB
1 33813U 93036BE  11350.99590301  .00003663  00000-0  69996-3 0  9995
2 33813 074.0517 201.2683 0120487 162.9028 197.6153 14.59690630151367
0 COSMOS 2251 DEB
1 33813U 93036BE  11351.40712368 +.00003656 +00000-0 +69853-3 0  9995
2 33813 074.0518 200.4849 0120508 162.0050 198.5432 14.59693590151428
0 COSMOS 2251 DEB
1 33813U 93036BE  11352.02395038  .00003539  00000-0  67627-3 0  9992
2 33813 074.0519 199.3094 0120478 160.6934 199.8775 14.59696955151510
0 COSMOS 2251 DEB
1 33813U 93036BE  11352.36663277 +.00003448 +00000-0 +65958-3 0  9996
2 33813 074.0519 198.6568 0120085 159.9702 200.6167 14.59698555151565
0 COSMOS 2251 DEB
1 33813U 93036BE  11352.98345853  .00003137  00000-0  60066-3 0  9991
2 33813 074.0515 197.4808 0120021 158.6516 201.9504 14.59699701151657
0 COSMOS 2251 DEB
1 33813U 93036BE  11353.73735829 +.00003000 +00000-0 +57478-3 0  9993
2 33813 074.0514 196.0453 0119983 157.0570 203.5911 14.59703024151761
0 COSMOS 2251 DEB
1 33813U 93036BE  11354.01150392  .00002943  00000-0  56391-3 0  9999
2 33813 074.0510 195.5223 0119925 156.5037 204.1668 14.59704234151809
0 COSMOS 2251 DEB
1 33813U 93036BE  11354.76539732 +.00002860 +00000-0 +54803-3 0  9994
2 33813 074.0514 194.0860 0120032 154.8371 205.8642 14.59707891151911
0 COSMOS 2251 DEB
1 33813U 93036BE  11355.38221900  .00002836  00000-0  54367-3 0  9996
2 33813 074.0507 192.9097 0119956 153.5415 207.1971 14.59711381152000
0 COSMOS 2251 DEB
1 33813U 93036BE  11355.72489583 +.00002827 +00000-0 +54185-3 0  9995
2 33813 074.0503 192.2569 0119996 152.8023 207.9499 14.59713284152056
0 COSMOS 2251 DEB
1 33813U 93036BE  11356.75292463  .00002877  00000-0  55126-3 0  9999
2 33813 074.0502 190.2979 0119903 150.5733 210.2301 14.59719803152208
0 COSMOS 2251 DEB
1 33813U 93036BE  11357.64387628 +.00003087 +00000-0 +59083-3 0  9996
2 33813 074.0495 188.5988 0119960 148.6736 212.1771 14.59727393152332
0 COSMOS 2251 DEB
1 33813U 93036BE  11357.98654739  .00003142  00000-0  60126-3 0  9995
2 33813 074.0497 187.9459 0119865 147.8929 212.9639 14.59730097152380
0 COSMOS 2251 DEB
1 33813U 93036BE  11358.60335738 +.00003201 +00000-0 +61247-3 0  9991
2 33813 074.0495 186.7707 0119856 146.6156 214.2710 14.59734644152477
0 COSMOS 2251 DEB
1 33813U 93036BE  11359.35723025  .00003478  00000-0  66489-3 0  9993
2 33813 074.0496 185.3330 0119766 144.9315 215.9871 14.59742394152582
0 COSMOS 2251 DEB
1 33813U 93036BE  11360.59083703  .00003549  00000-0  67795-3 0  9993
2 33813 074.0497 182.9823 0119912 142.3573 218.6123 14.59751744152763
0 COSMOS 2251 DEB
1 33813U 93036BE  11361.34470224 +.00003682 +00000-0 +70311-3 0  9991
2 33813 074.0503 181.5450 0119918 140.7419 220.2550 14.59758434152877
0 COSMOS 2251 DEB
1 33813U 93036BE  11361.68736745  .00003673  00000-0  70123-3 0  9992
2 33813 074.0501 180.8921 0119929 140.0151 220.9902 14.59760767152924
0 COSMOS 2251 DEB
1 33813U 93036BE  11362.71536129  .00003648  00000-0  69669-3 0  9996
2 33813 074.0507 178.9328 0119709 137.6959 223.3451 14.59768137153075
0 COSMOS 2251 DEB
1 33813U 93036BE  11363.67481766 +.00003647 +00000-0 +69641-3 0  9997
2 33813 074.0507 177.1045 0119630 135.6460 225.4349 14.59775263153213
0 COSMOS 2251 DEB
1 33813U 93036BE  11364.22307630  .00003633  00000-0  69376-3 0  9996
2 33813 074.0507 176.0593 0119653 134.4906 226.6125 14.59779205153299
0 COSMOS 2251 DEB
1 33813U 93036BE  11364.63426885 +.00003670 +00000-0 +70072-3 0  9991
2 33813 074.0511 175.2763 0119606 133.5960 227.5242 14.59782659153356
0 COSMOS 2251 DEB
1 33813U 93036BE  11365.52518162  .00003750  00000-0  71593-3 0  9998
2 33813 074.0512 173.5777 0119457 131.7205 229.4352 14.59790368153482
0 COSMOS 2251 DEB
1 33813U 93036BE  12001.48461977 +.00003872 +00000-0 +73903-3 0  9994
2 33813 074.0515 171.7492 0119250 129.5621 231.6215 14.59798966153628
0 COSMOS 2251 DEB
1 33813U 93036BE  12001.89580543  .00003998  00000-0  76260-3 0  9998
2 33813 074.0522 170.9659 0119364 128.6953 232.5065 14.59803508153684
0 COSMOS 2251 DEB
1 33813U 93036BE  12002.51258136 +.00004062 +00000-0 +77469-3 0  9993
2 33813 074.0519 169.7907 0119294 127.4103 233.8082 14.59809235153774
0 COSMOS 2251 DEB
1 33813U 93036BE  12003.47200585  .00004179  00000-0  79684-3 0  9994
2 33813 074.0521 167.9620 0119272 125.3286 235.9112 14.59818236153918
0 COSMOS 2251 DEB
1 33813U 93036BE  12004.49995658  .00004202  00000-0  80121-3 0  9994
2 33813 074.0521 166.0033 0119096 123.0187 238.2477 14.59827091154061
0 COSMOS 2251 DEB
1 33813U 93036BE  12004.84260564 +.00004254 +00000-0 +81100-3 0  9999
2 33813 074.0527 165.3496 0119054 122.3018 238.9763 14.59830380154117
0 COSMOS 2251 DEB
1 33813U 93036BE  12005.87054724  .00004220  00000-0  80447-3 0  9998
2 33813 074.0526 163.3907 0118989 120.0865 241.2109 14.59838669154267
0 COSMOS 2251 DEB
1 33813U 93036BE  12006.82995605 +.00004064 +00000-0 +77521-3 0  9991
2 33813 074.0521 161.5613 0118708 117.9193 243.3967 14.59845172154402
0 COSMOS 2251 DEB
1 33813U 93036BE  12007.24113079  .00004064  00000-0  77508-3 0  9990
2 33813 074.0522 160.7779 0118727 117.0295 244.3044 14.59848529154464
0 COSMOS 2251 DEB
1 33813U 93036BE  12007.58377439 +.00004014 +00000-0 +76569-3 0  9990
2 33813 074.0523 160.1250 0118729 116.2939 245.0447 14.59850830154510
0 COSMOS 2251 DEB
1 33813U 93036BE  12008.61170245  .00003860  00000-0  73673-3 0  9992
2 33813 074.0526 158.1652 0118515 113.9414 247.4114 14.59857569154660
0 COSMOS 2251 DEB
1 33813U 93036BE  12009.57109857 +.00003768 +00000-0 +71921-3 0  9990
2 33813 074.0519 156.3360 0118566 111.8996 249.4768 14.59863989154802
0 COSMOS 2251 DEB
1 33813U 93036BE  12010.46196159  .00003651  00000-0  69711-3 0  9996
2 33813 074.0517 154.6379 0118449 109.9304 251.4594 14.59869584154933
0 COSMOS 2251 DEB
1 33813U 93036BE  12010.80460119 +.00003622 +00000-0 +69162-3 0  9992
2 33813 074.0514 153.9841 0118420 109.1894 252.2112 14.59871791154984
0 COSMOS 2251 DEB
1 33813U 93036BE  12011.83251307  .00003511  00000-0  67045-3 0  9998
2 33813 074.0515 152.0247 0118394 106.9949 254.4172 14.59878142155136
0 COSMOS 2251 DEB
1 33813U 93036BE  12012.79189468 +.00003345 +00000-0 +63921-3 0  9996
2 33813 074.0516 150.1957 0118198 104.7603 256.6595 14.59883211155270
0 COSMOS 2251 DEB
1 33813U 93036BE  12013.40863868  .00003280  00000-0  62678-3 0  9994
2 33813 074.0519 149.0205 0118345 103.4663 257.9650 14.59886626155361
0 COSMOS 2251 DEB
1 33813U 93036BE  12013.81980064 +.00003117 +00000-0 +59600-3 0  9997
2 33813 074.0518 148.2364 0118297 102.7049 258.7271 14.59887637155421
0 COSMOS 2251 DEB
1 33813U 93036BE  12014.77917614  .00002954  00000-0  56529-3 0  9999
2 33813 074.0521 146.4078 0118128 100.4180 261.0183 14.59891865155563
0 COSMOS 2251 DEB
1 33813U 93036BE  12015.73854958 +.00002739 +00000-0 +52459-3 0  9996
2 33813 074.0522 144.5796 0118044 098.3831 263.0643 14.59895359155706
0 COSMOS 2251 DEB
1 33813U 93036BE  12016.14970920  .00002731  00000-0  52294-3 0  9999
2 33813 074.0523 143.7959 0118059 097.5013 263.9576 14.59897552155765
0 COSMOS 2251 DEB
1 33813U 93036BE  12016.56086649 +.00002566 +00000-0 +49186-3 0  9993
2 33813 074.0523 143.0119 0118037 096.5139 264.9330 14.59898106155822
0 COSMOS 2251 DEB
1 33813U 93036BE  12017.45170900  .00002449  00000-0  46967-3 0  9990
2 33813 074.0521 141.3133 0117936 094.5210 266.9396 14.59901654155953
0 COSMOS 2251 DEB
1 33813U 93036BE  12017.79433970 +.00002425 +00000-0 +46525-3 0  9990
2 33813 074.0522 140.6605 0117916 093.8130 267.6532 14.59903210156008
0 COSMOS 2251 DEB
1 33813U 93036BE  12018.54812389  .00002390  00000-0  45850-3 0  9990
2 33813 074.0521 139.2237 0117854 092.1224 269.3440 14.59906730156118
0 COSMOS 2251 DEB
1 33813U 93036BE  12019.71305855  .00002431  00000-0  46627-3 0  9994
2 33813 074.0520 137.0032 0117791 089.5780 271.8887 14.59912841156284
0 COSMOS 2251 DEB
1 33813U 93036BE  12020.74093760 +.00002464 +00000-0 +47249-3 0  9995
2 33813 074.0523 135.0446 0117715 087.3116 274.1510 14.59918221156433
0 COSMOS 2251 DEB
1 33813U 93036BE  12021.70028775 +.00002488 +00000-0 +47710-3 0  9995
2 33813 074.0524 133.2152 0117632 085.2113 276.2447 14.59923129156570
0 COSMOS 2251 DEB
1 33813U 93036BE  12022.72815989 +.00002473 +00000-0 +47419-3 0  9999
2 33813 074.0520 131.2554 0117617 082.9985 278.4524 14.59928088156720
0 COSMOS 2251 DEB
1 33813U 93036BE  12023.68750323 +.00002484 +00000-0 +47631-3 0  9993
2 33813 074.0523 129.4261 0117561 080.8039 280.6388 14.59933051156866
0 COSMOS 2251 DEB
1 33813U 93036BE  12024.50979460 +.00002533 +00000-0 +48548-3 0  9993
2 33813 074.0521 127.8580 0117531 079.0265 282.4140 14.59937777156986
0 COSMOS 2251 DEB
1 33813U 93036BE  12025.40060619  .00002605  00000-0  49917-3 0  9991
2 33813 074.0523 126.1599 0117426 076.9976 284.4358 14.59943286157119
0 COSMOS 2251 DEB
1 33813U 93036BE  12025.67469983 +.00002648 +00000-0 +50726-3 0  9994
2 33813 074.0524 125.6375 0117476 076.3978 285.0262 14.59945160157155
0 COSMOS 2251 DEB
1 33813U 93036BE  12026.70255297  .00002757  00000-0  52794-3 0  9998
2 33813 074.0528 123.6789 0117436 073.9753 287.4328 14.59951877157304
0 COSMOS 2251 DEB
1 33813U 93036BE  12027.66187866 +.00002826 +00000-0 +54083-3 0  9990
2 33813 074.0532 121.8503 0117377 071.9148 289.4780 14.59957755157443
0 COSMOS 2251 DEB
1 33813U 93036BE  12028.07301677  .00002831  00000-0  54183-3 0  9991
2 33813 074.0533 121.0667 0117378 071.0062 290.3779 14.59960163157507
0 COSMOS 2251 DEB
1 33813U 93036BE  12028.41563157 +.00002795 +00000-0 +53500-3 0  9993
2 33813 074.0533 120.4141 0117322 070.2426 291.1302 14.59961643157551
0 COSMOS 2251 DEB
1 33813U 93036BE  12029.44347422  .00002656  00000-0  50853-3 0  9996
2 33813 074.0539 118.4540 0117453 067.8138 293.5261 14.59965883157701
0 COSMOS 2251 DEB
1 33813U 93036BE  12029.92313616 +.00002620 +00000-0 +50179-3 0  9999
2 33813 074.0536 117.5391 0117396 066.7250 294.6208 14.59968146157776
0 COSMOS 2251 DEB
1 33813U 93036BE  12030.67688601  .00002422  00000-0  46450-3 0  9999
2 33813 074.0533 116.1025 0117265 065.2747 296.0557 14.59970032157884
0 COSMOS 2251 DEB
1 33813U 93036BE  12031.43063458 +.00002137 +00000-0 +41047-3 0  9991
2 33813 074.0531 114.6652 0117311 063.4388 297.8636 14.59970962157995
0 COSMOS 2251 DEB
1 33813U 93036BE  12032.25290467  .00002076  00000-0  39889-3 0  9997
2 33813 074.0531 113.0980 0117352 061.7555 299.5333 14.59973801158117
0 COSMOS 2251 DEB
1 33813U 93036BE  12032.66403927 +.00001952 +00000-0 +37546-3 0  9999
2 33813 074.0532 112.3150 0117225 060.8609 300.4161 14.59974337158170
0 COSMOS 2251 DEB
1 33813U 93036BE  12033.28074018  .00001877  00000-0  36131-3 0  9998
2 33813 074.0529 111.1398 0117274 059.4902 301.7705 14.59975980158264
0 COSMOS 2251 DEB
1 33813U 93036BE  12033.62335218 +.00001767 +00000-0 +34060-3 0  9995
2 33813 074.0528 110.4863 0117235 058.7345 302.5179 14.59976280158316
0 COSMOS 2251 DEB
1 33813U 93036BE  12034.65118501  .00001637  00000-0  31602-3 0  9998
2 33813 074.0529 108.5270 0117242 056.5031 304.7227 14.59978654158464
0 COSMOS 2251 DEB
1 33813U 93036BE  12035.61049355 +.00001527 +00000-0 +29499-3 0  9994
2 33813 074.0526 106.6978 0117358 054.3766 306.8193 14.59980654158608
0 COSMOS 2251 DEB
1 33813U 93036BE  12036.15866959  .00001498  00000-0  28967-3 0  9997
2 33813 074.0526 105.6527 0117386 053.1851 307.9995 14.59982109158687
0 COSMOS 2251 DEB
1 33813U 93036BE  12036.36423531 +.00001477 +00000-0 +28562-3 0  9993
2 33813 074.0526 105.2610 0117385 052.7793 308.3995 14.59982504158713
0 COSMOS 2251 DEB
1 33813U 93036BE  12037.18649626  .00001453  00000-0  28114-3 0  9996
2 33813 074.0523 103.6932 0117339 051.0200 310.1344 14.59984766158837
0 COSMOS 2251 DEB
1 33813U 93036BE  12037.59762608 +.00001440 +00000-0 +27859-3 0  9998
2 33813 074.0524 102.9087 0117372 050.1146 311.0239 14.59985780158893
0 COSMOS 2251 DEB
1 33813U 93036BE  12038.21432065  .00001403  00000-0  27165-3 0  9998
2 33813 074.0524 101.7328 0117346 048.8112 312.3085 14.59987248158980
0 COSMOS 2251 DEB
1 33813U 93036BE  12038.35136397 +.00001401 +00000-0 +27132-3 0  9994
2 33813 074.0524 101.4717 0117335 048.5480 312.5692 14.59987633159000
0 COSMOS 2251 DEB
1 33813U 93036BE  12039.58474930  .00001404  00000-0  27180-3 0  9994
2 33813 074.0524 099.1193 0117356 045.8989 315.1750 14.59991146159185
0 COSMOS 2251 DEB
1 33813U 93036BE  12040.33848367 +.00001363 +00000-0 +26399-3 0  9993
2 33813 074.0524 097.6815 0117329 044.3157 316.7318 14.59992879159293
0 COSMOS 2251 DEB
1 33813U 93036BE  12041.16073780  .00001337  00000-0  25918-3 0  9991
2 33813 074.0523 096.1147 0117300 042.5784 318.4393 14.59994954159411
0 COSMOS 2251 DEB
1 33813U 93036BE  12041.50334341 +.00001306 +00000-0 +25315-3 0  9999
2 33813 074.0522 095.4606 0117444 041.7646 319.2363 14.59995549159461
0 COSMOS 2251 DEB
1 33813U 93036BE  12042.18855457  .00001306  00000-0  25317-3 0  9992
2 33813 074.0522 094.1544 0117437 040.2873 320.6922 14.59997396159566
0 COSMOS 2251 DEB
1 33813U 93036BE  12042.32559647 +.00001305 +00000-0 +25309-3 0  9990
2 33813 074.0524 093.8932 0117400 039.9774 320.9958 14.59997727159582
0 COSMOS 2251 DEB
1 33813U 93036BE  12043.49045136  .00001277  00000-0  24770-3 0  9991
2 33813 074.0522 091.6722 0117419 037.3907 323.5321 14.60000530159754
0 COSMOS 2251 DEB
1 33813U 93036BE  12044.51826351  .00001216  00000-0  23615-3 0  9991
2 33813 074.0520 089.7121 0117476 035.1510 325.7292 14.60002552159906
0 COSMOS 2251 DEB
1 33813U 93036BE  12045.47755323 +.00001190 +00000-0 +23134-3 0  9994
2 33813 074.0516 087.8831 0117403 033.0562 327.7867 14.60004698160042
0 COSMOS 2251 DEB
1 33813U 93036BE  12046.16275875  .00001190  00000-0  23117-3 0  9991
2 33813 074.0516 086.5767 0117475 031.5480 329.2653 14.60006398160147
0 COSMOS 2251 DEB
1 33813U 93036BE  12046.43684076 +.00001176 +00000-0 +22854-3 0  9999
2 33813 074.0512 086.0536 0117434 030.9637 329.8386 14.60006952160183
0 COSMOS 2251 DEB
1 33813U 93036BE  12047.32760583  .00001239  00000-0  24046-3 0  9991
2 33813 074.0511 084.3550 0117493 029.0127 331.7540 14.60009808160319
0 COSMOS 2251 DEB
1 33813U 93036BE  12048.49244694  .00001392  00000-0  26943-3 0  9998
2 33813 074.0509 082.1329 0117272 026.4972 334.2192 14.60014551160480
0 COSMOS 2251 DEB
1 33813U 93036BE  12049.52024567  .00001534  00000-0  29615-3 0  9995
2 33813 074.0511 080.1739 0117429 024.2427 336.4299 14.60019062160632
0 COSMOS 2251 DEB
1 33813U 93036BE  12050.47951952 +.00001690 +00000-0 +32575-3 0  9990
2 33813 074.0517 078.3448 0117189 022.1935 338.4317 14.60023659160773
0 COSMOS 2251 DEB
1 33813U 93036BE  12051.09619441  .00001695  00000-0  32670-3 0  9994
2 33813 074.0517 077.1692 0117215 020.8472 339.7419 14.60025852160866
0 COSMOS 2251 DEB
1 33813U 93036BE  12051.50731135 +.00001811 +00000-0 +34852-3 0  9999
2 33813 074.0517 076.3853 0117338 019.8988 340.6757 14.60028363160925
0 COSMOS 2251 DEB
1 33813U 93036BE  12052.12398442  .00001812  00000-0  34872-3 0  9991
2 33813 074.0517 075.2099 0117340 018.5631 341.9760 14.60030654161014
0 COSMOS 2251 DEB
1 33813U 93036BE  12052.46658076 +.00001895 +00000-0 +36437-3 0  9990
2 33813 074.0513 074.5557 0117426 017.7662 342.7600 14.60032674161062
0 COSMOS 2251 DEB
1 33813U 93036BE  12053.42584732  .00001938  00000-0  37244-3 0  9999
2 33813 074.0507 072.7265 0117480 015.6282 344.8491 14.60036826161206
0 COSMOS 2251 DEB
1 33813U 93036BE  12053.83696047 +.00001941 +00000-0 +37293-3 0  9995
2 33813 074.0509 071.9427 0117492 014.7354 345.7188 14.60038489161268
0 COSMOS 2251 DEB
1 33813U 93036BE  12054.79622292  .00002032  00000-0  38995-3 0  9994
2 33813 074.0511 070.1134 0117758 012.4082 348.0006 14.60043490161404
0 COSMOS 2251 DEB
1 33813U 93036BE  12055.48140732 +.00002060 +00000-0 +39524-3 0  9995
2 33813 074.0513 068.8071 0117744 010.9150 349.4539 14.60046668161501
0 COSMOS 2251 DEB
1 33813U 93036BE  12056.09807328  .00002076  00000-0  39806-3 0  9994
2 33813 074.0514 067.6305 0117839 009.5579 350.7801 14.60049448161598
0 COSMOS 2251 DEB
1 33813U 93036BE  12056.44066482 +.00002133 +00000-0 +40880-3 0  9999
2 33813 074.0519 066.9779 0117872 008.8110 351.5101 14.60051376161641
0 COSMOS 2251 DEB
1 33813U 93036BE  12057.39991858  .00002179  00000-0  41756-3 0  9991
2 33813 074.0521 065.1487 0117903 006.6815 353.5882 14.60055982161784
0 COSMOS 2251 DEB
1 33813U 93036BE  12057.81102692 +.00002196 +00000-0 +42058-3 0  9993
2 33813 074.0521 064.3650 0117964 005.7784 354.4721 14.60057995161844
0 COSMOS 2251 DEB
1 33813U 93036BE  12058.42768801  .00002216  00000-0  42439-3 0  9997
2 33813 074.0520 063.1882 0117849 004.4450 355.7751 14.60060886161935
0 COSMOS 2251 DEB
1 33813U 93036BE  12058.77027671 +.00002241 +00000-0 +42907-3 0  9996
2 33813 074.0519 062.5349 0117906 003.6573 356.5456 14.60062731161982
0 COSMOS 2251 DEB
1 33813U 93036BE  12059.18138244 +.00002269 +00000-0 +43435-3 0  9998
2 33813 074.0519 061.7509 0117936 002.7490 357.4311 14.60064850162044
0 COSMOS 2251 DEB
1 33813U 93036BE  12060.07211053  .00002294  00000-0  43902-3 0  9995
2 33813 074.0517 060.0518 0117999 000.8025 359.3340 14.60069289162174
0 COSMOS 2251 DEB
1 33813U 93036BE  12060.41469696 +.00002378 +00000-0 +45498-3 0  9996
2 33813 074.0517 059.3980 0117702 000.1020 000.0247 14.60071790162220
0 COSMOS 2251 DEB
1 33813U 93036BE  12061.16838383 +.00002532 +00000-0 +48396-3 0  9994
2 33813 074.0516 057.9604 0117851 358.3785 001.7067 14.60077080162335
0 COSMOS 2251 DEB
1 33813U 93036BE  12062.40168643 +.00002756 +00000-0 +52642-3 0  9994
2 33813 074.0516 055.6090 0117482 355.7286 004.3069 14.60085880162514
0 COSMOS 2251 DEB
1 33813U 93036BE  12063.36091182 +.00003000 +00000-0 +57205-3 0  9996
2 33813 074.0520 053.7801 0117628 353.6338 006.3388 14.60093815162653
0 COSMOS 2251 DEB
1 33813U 93036BE  12064.93677740 +.00003267 +00000-0 +62213-3 0  9990
2 33813 074.0517 050.7746 0117705 350.2491 009.6491 14.60106513162889
0 COSMOS 2251 DEB
1 33813U 93036BE  12065.34786939 +.00003392 +00000-0 +64539-3 0  9999
2 33813 074.0522 049.9901 0117881 349.4046 010.4675 14.60110366162941
0 COSMOS 2251 DEB
1 33813U 93036BE  12066.37559830  .00003505  00000-0  66687-3 0  9993
2 33813 074.0520 048.0304 0117669 347.1913 012.6303 14.60118524163091
0 COSMOS 2251 DEB
1 33813U 93036BE  12066.92371823 +.00003525 +00000-0 +67052-3 0  9997
2 33813 074.0518 046.9854 0117699 345.9979 013.7951 14.60122642163172
0 COSMOS 2251 DEB
1 33813U 93036BE  12067.12926264 +.00003607 +00000-0 +68583-3 0  9996
2 33813 074.0520 046.5929 0117727 345.5537 014.2321 14.60124891163201
0 COSMOS 2251 DEB
1 33813U 93036BE  12068.01995303  .00003649  00000-0  69358-3 0  9992
2 33813 074.0518 044.8945 0117810 343.6512 016.0909 14.60131934163334
0 COSMOS 2251 DEB
1 33813U 93036BE  12068.36252462 +.00003712 +00000-0 +70567-3 0  9997
2 33813 074.0517 044.2415 0117694 342.9438 016.7827 14.60135075163389
0 COSMOS 2251 DEB
1 33813U 93036BE  12069.32172056  .00003895  00000-0  74012-3 0  9995
2 33813 074.0519 042.4119 0117556 340.8316 018.8510 14.60144330163523
0 COSMOS 2251 DEB
1 33813U 93036BE  12070.34942605  .00004166  00000-0  79051-3 0  9994
2 33813 074.0514 040.4507 0117854 338.6562 020.9966 14.60155514163677
0 COSMOS 2251 DEB
1 33813U 93036BE  12071.30860187  .00004541  00000-0  86082-3 0  9994
2 33813 074.0517 038.6220 0117779 336.5185 023.0753 14.60167827163819
0 COSMOS 2251 DEB
1 33813U 93036BE  12072.06223573  .00004880  00000-0  92416-3 0  9994
2 33813 074.0513 037.1835 0117943 334.9111 024.6402 14.60178191163921
0 COSMOS 2251 DEB
1 33813U 93036BE  12073.29545023  .00005148  00000-0  97404-3 0  9997
2 33813 074.0516 034.8306 0118014 332.2063 027.2845 14.60192873164102
0 COSMOS 2251 DEB
1 33813U 93036BE  12074.04907760 +.00005171 +00000-0 +97844-3 0  9995
2 33813 074.0514 033.3935 0117833 330.6116 028.8450 14.60200642164216
0 COSMOS 2251 DEB
1 33813U 93036BE  12075.00823380  .00005046  00000-0  95470-3 0  9991
2 33813 074.0529 031.5633 0117871 328.6032 030.7984 14.60209225164358
0 COSMOS 2251 DEB
1 33813U 93036BE  12075.28228031 +.00004995 +00000-0 +94483-3 0  9998
2 33813 074.0526 031.0400 0118100 327.9935 031.4059 14.60211503164399
0 COSMOS 2251 DEB
1 33813U 93036BE  12076.03589879  .00004878  00000-0  92309-3 0  9997
2 33813 074.0526 029.6032 0117897 326.3425 033.0195 14.60217798164506
0 COSMOS 2251 DEB
1 33813U 93036BE  12077.06355616  .00004689  00000-0  88717-3 0  9999
2 33813 074.0529 027.6424 0117997 324.1564 035.1608 14.60226188164654
0 COSMOS 2251 DEB
1 33813U 93036BE  12077.26908888 +.00004665 +00000-0 +88265-3 0  9998
2 33813 074.0524 027.2494 0117965 323.6898 035.6307 14.60227934164685
0 COSMOS 2251 DEB
1 33813U 93036BE  12078.02269861 +.00004625 +00000-0 +87525-3 0  9998
2 33813 074.0528 025.8129 0117825 322.0454 037.2438 14.60234724164794
0 COSMOS 2251 DEB
1 33813U 93036BE  12078.98183367  .00004549  00000-0  86093-3 0  9993
2 33813 074.0528 023.9829 0117743 319.9503 039.2975 14.60242892164938
0 COSMOS 2251 DEB
1 33813U 93036BE  12079.59841865 +.00004540 +00000-0 +85926-3 0  9990
2 33813 074.0529 022.8074 0117750 318.6084 040.6198 14.60248463165021
0 COSMOS 2251 DEB
1 33813U 93036BE  12080.00947354  .00004488  00000-0  84938-3 0  9991
2 33813 074.0531 022.0233 0117754 317.7063 041.5007 14.60251574165086
0 COSMOS 2251 DEB
1 33813U 93036BE  12080.28351075 +.00004473 +00000-0 +84634-3 0  9997
2 33813 074.0535 021.5013 0117828 317.1180 042.0819 14.60253882165122
0 COSMOS 2251 DEB
1 33813U 93036BE  12081.24263889  .00004195  00000-0  79302-3 0  9996
2 33813 074.0531 019.6720 0118642 315.1657 043.9921 14.60259388165269
0 COSMOS 2251 DEB
1 33813U 93036BE  12081.85921729 +.00004133 +00000-0 +78176-3 0  9997
2 33813 074.0538 018.4958 0118296 313.8650 045.2687 14.60263791165356
0 COSMOS 2251 DEB
1 33813U 93036BE  12082.61281333  .00003900  00000-0  73825-3 0  9999
2 33813 074.0538 017.0591 0118189 312.0539 047.0573 14.60267584165462
0 COSMOS 2251 DEB
1 33813U 93036BE  12083.64044241  .00003454  00000-0  65415-3 0  9998
2 33813 074.0538 015.0988 0118537 309.8553 049.2145 14.60270913165613
0 COSMOS 2251 DEB
1 33813U 93036BE  12084.80508297  .00003207  00000-0  60835-3 0  9990
2 33813 074.0537 012.8781 0118059 307.0751 051.9647 14.60276477165783
0 COSMOS 2251 DEB
1 33813U 93036BE  12085.62718237 +.00002921 +00000-0 +55447-3 0  9993
2 33813 074.0534 011.3097 0118362 305.3915 053.6219 14.60278820165906
0 COSMOS 2251 DEB
1 33813U 93036BE  12086.17524541  .00002824  00000-0  53607-3 0  9995
2 33813 074.0539 010.2645 0118394 304.2694 054.7219 14.60281147165981
0 COSMOS 2251 DEB
1 33813U 93036BE  12086.58629355 +.00002824 +00000-0 +53615-3 0  9998
2 33813 074.0539 009.4808 0118392 303.3814 055.6067 14.60283508166046
0 COSMOS 2251 DEB
1 33813U 93036BE  12087.20286366  .00002720  00000-0  51630-3 0  9999
2 33813 074.0538 008.3039 0118715 302.1682 056.7993 14.60286035166136
0 COSMOS 2251 DEB
1 33813U 93036BE  12088.84704239  .00002685  00000-0  50970-3 0  9990
2 33813 074.0540 005.1686 0118776 298.6251 060.3013 14.60294729166379
0 COSMOS 2251 DEB
1 33813U 93036BE  12088.84704239 +.00002685 +00000-0 +50970-3 0  9990
2 33813 074.0540 005.1686 0118776 298.6251 060.3013 14.60294729166379
0 COSMOS 2251 DEB
1 33813U 93036BE  12089.80614191 +.00002695 +00000-0 +51142-3 0  9997
2 33813 074.0547 003.3396 0118869 296.5993 062.3043 14.60300132166514
0 COSMOS 2251 DEB
1 33813U 93036BE  12090.14867646  .00002722  00000-0  51631-3 0  9995
2 33813 074.0547 002.6863 0118860 295.8638 063.0333 14.60302304166562
0 COSMOS 2251 DEB
1 33813U 93036BE  12090.55971713 +.00002737 +00000-0 +51910-3 0  9997
2 33813 074.0547 001.9019 0118910 294.9988 063.8885 14.60304782166620
0 COSMOS 2251 DEB
1 33813U 93036BE  12091.51880999  .00002761  00000-0  52352-3 0  9997
2 33813 074.0543 000.0704 0118990 292.9444 065.9206 14.60310316166765
0 COSMOS 2251 DEB
1 33813U 93036BE  12092.47790046 +.00002740 +00000-0 +51938-3 0  9992
2 33813 074.0542 358.2410 0119041 290.9302 067.9143 14.60315409166901
0 COSMOS 2251 DEB
1 33813U 93036BE  12092.88893842  .00002696  00000-0  51130-3 0  9999
2 33813 074.0544 357.4580 0118990 290.0391 068.7940 14.60317148166965
0 COSMOS 2251 DEB
1 33813U 93036BE  12093.84802551 +.00002633 +00000-0 +49924-3 0  9992
2 33813 074.0543 355.6264 0119226 288.0946 070.7206 14.60321780167101
0 COSMOS 2251 DEB
1 33813U 93036BE  12093.91653265  .00002646  00000-0  50169-3 0  9993
2 33813 074.0545 355.4963 0119209 287.9448 070.8752 14.60322249167112
0 COSMOS 2251 DEB
1 33813U 93036BE  12094.80710993 +.00002623 +00000-0 +49732-3 0  9993
2 33813 074.0548 353.7977 0119155 286.0088 072.7953 14.60326749167248
0 COSMOS 2251 DEB
1 33813U 93036BE  12095.14963954  .00002618  00000-0  49629-3 0  9997
2 33813 074.0547 353.1445 0119178 285.2670 073.5338 14.60328477167295
0 COSMOS 2251 DEB
1 33813U 93036BE  12095.83469680 +.00002554 +00000-0 +48438-3 0  9996
2 33813 074.0549 351.8368 0119113 283.8720 074.9161 14.60331551167392
0 COSMOS 2251 DEB
1 33813U 93036BE  12096.86228109  .00002476  00000-0  46983-3 0  9995
2 33813 074.0559 349.8773 0119091 281.6661 077.1103 14.60336153167546
0 COSMOS 2251 DEB
1 33813U 93036BE  12097.47883057 +.00002471 +00000-0 +46871-3 0  9993
2 33813 074.0559 348.7007 0119157 280.3561 078.4199 14.60339316167635
0 COSMOS 2251 DEB
1 33813U 93036BE  12098.09537784  .00002473  00000-0  46920-3 0  9992
2 33813 074.0558 347.5249 0119160 279.0269 079.7423 14.60342402167727
0 COSMOS 2251 DEB
1 33813U 93036BE  12098.50640890 +.00002469 +00000-0 +46834-3 0  9990
2 33813 074.0559 346.7411 0119133 278.1355 080.6306 14.60344426167781
0 COSMOS 2251 DEB
1 33813U 93036BE  12099.46548023  .00002441  00000-0  46316-3 0  9996
2 33813 074.0557 344.9113 0119122 276.0990 082.6603 14.60348781167924
0 COSMOS 2251 DEB
1 33813U 93036BE  12100.49305421  .00002354  00000-0  44679-3 0  9998
2 33813 074.0560 342.9505 0119035 273.8236 084.9302 14.60352823168072
0 COSMOS 2251 DEB
1 33813U 93036BE  12101.79464589  .00002157  00000-0  40990-3 0  9996
2 33813 074.0561 340.4703 0119232 271.2940 087.4460 14.60356737168261
0 COSMOS 2251 DEB
1 33813U 93036BE  12101.79464589 +.00002157 +00000-0 +40990-3 0  9996
2 33813 074.0561 340.4703 0119232 271.2940 087.4460 14.60356737168261
0 COSMOS 2251 DEB
1 33813U 93036BE  12102.82221632  .00001895  00000-0  36088-3 0  9992
2 33813 074.0567 338.5098 0119259 268.7826 089.9494 14.60358200168413
0 COSMOS 2251 DEB
1 33813U 93036BE  12103.43876066 +.00001754 +00000-0 +33451-3 0  9992
2 33813 074.0564 337.3336 0119146 267.4463 091.2978 14.60359307168502
0 COSMOS 2251 DEB
1 33813U 93036BE  12104.05530274  .00001670  00000-0  31890-3 0  9991
2 33813 074.0556 336.1546 0119255 266.2300 092.5166 14.60360677168595
0 COSMOS 2251 DEB
1 33813U 93036BE  12104.67184395 +.00001586 +00000-0 +30331-3 0  9993
2 33813 074.0556 334.9789 0118983 264.8536 093.8939 14.60361838168684
0 COSMOS 2251 DEB
1 33813U 93036BE  12105.08287249  .00001515  00000-0  29005-3 0  9999
2 33813 074.0554 334.1942 0118978 263.9737 094.7834 14.60362583168741
0 COSMOS 2251 DEB
1 33813U 93036BE  12105.42539507 +.00001504 +00000-0 +28779-3 0  9999
2 33813 074.0556 333.5410 0119017 263.2907 095.4708 14.60363641168792
0 COSMOS 2251 DEB
1 33813U 93036BE  12106.45296038  .00001480  00000-0  28326-3 0  9993
2 33813 074.0556 331.5817 0119091 261.0771 097.6924 14.60366633168943
0 COSMOS 2251 DEB
1 33813U 93036BE  12106.79548120 +.00001491 +00000-0 +28531-3 0  9992
2 33813 074.0550 330.9288 0119049 260.3133 098.4575 14.60367755168991
0 COSMOS 2251 DEB
1 33813U 93036BE  12107.75453937  .00001507  00000-0  28841-3 0  9992
2 33813 074.0547 329.0987 0119044 258.2279 100.5534 14.60370920169139
0 COSMOS 2251 DEB
1 33813U 93036BE  12108.71359483 +.00001555 +00000-0 +29734-3 0  9995
2 33813 074.0545 327.2688 0119021 256.0637 102.7277 14.60374387169278
0 COSMOS 2251 DEB
1 33813U 93036BE  12109.05611444  .00001611  00000-0  30778-3 0  9994
2 33813 074.0540 326.6147 0118882 255.3666 103.4300 14.60375939169329
0 COSMOS 2251 DEB
1 33813U 93036BE  12109.67264913 +.00001606 +00000-0 +30703-3 0  9999
2 33813 074.0543 325.4385 0118821 254.0550 104.7486 14.60377940169417
0 COSMOS 2251 DEB
1 33813U 93036BE  12110.42619098  .00001634  00000-0  31217-3 0  9994
2 33813 074.0539 324.0012 0118880 252.4246 106.3923 14.60380613169520
0 COSMOS 2251 DEB
1 33813U 93036BE  12111.38524122 +.00001674 +00000-0 +31958-3 0  9999
2 33813 074.0536 322.1715 0118866 250.3634 108.4683 14.60384281169664
0 COSMOS 2251 DEB
1 33813U 93036BE  12112.00177276  .00001679  00000-0  32049-3 0  9990
2 33813 074.0535 320.9952 0118800 249.0099 109.8330 14.60386475169751
0 COSMOS 2251 DEB
1 33813U 93036BE  12112.68680633 +.00001675 +00000-0 +31970-3 0  9998
2 33813 074.0539 319.6882 0118837 247.5034 111.3498 14.60388850169857
0 COSMOS 2251 DEB
1 33813U 93036BE  12113.30333678  .00001705  00000-0  32524-3 0  9992
2 33813 074.0541 318.5119 0118872 246.1745 112.6948 14.60391256169942
0 COSMOS 2251 DEB
1 33813U 93036BE  12113.71435589 +.00001770 +00000-0 +33744-3 0  9998
2 33813 074.0535 317.7275 0118759 245.3654 113.5161 14.60393473170002
0 COSMOS 2251 DEB
1 33813U 93036BE  12114.67339798  .00001901  00000-0  36190-3 0  9993
2 33813 074.0537 315.8968 0118864 243.2426 115.6659 14.60398421170141
0 COSMOS 2251 DEB
1 33813U 93036BE  12115.56393268 +.00002032 +00000-0 +38631-3 0  9992
2 33813 074.0532 314.1982 0118751 241.3734 117.5503 14.60403324170272
0 COSMOS 2251 DEB
1 33813U 93036BE  12115.97494804  .00002202  00000-0  41811-3 0  9998
2 33813 074.0530 313.4131 0118593 240.4108 118.5323 14.60406806170333
0 COSMOS 2251 DEB
1 33813U 93036BE  12116.59146875 +.00002264 +00000-0 +42963-3 0  9996
2 33813 074.0529 312.2369 0118661 239.1301 119.8220 14.60410275170422
0 COSMOS 2251 DEB
1 33813U 93036BE  12117.55049688  .00002499  00000-0  47361-3 0  9994
2 33813 074.0531 310.4071 0118595 237.1502 121.8213 14.60417340170562
0 COSMOS 2251 DEB
1 33813U 93036BE  12118.30401813  .00002811  00000-0  53173-3 0  9996
2 33813 074.0533 308.9695 0118628 235.5396 123.4792 14.60424901170671
0 COSMOS 2251 DEB
1 33813U 93036BE  12118.92052862 +.00003009 +00000-0 +56841-3 0  9995
2 33813 074.0538 307.7939 0118864 234.0611 124.9676 14.60430449170761
0 COSMOS 2251 DEB
1 33813U 93036BE  12119.33153407  .00003058  00000-0  57757-3 0  9999
2 33813 074.0537 307.0101 0118831 233.1760 125.8491 14.60433429170826
0 COSMOS 2251 DEB
1 33813U 93036BE  12119.67404051 +.00003125 +00000-0 +58992-3 0  9997
2 33813 074.0542 306.3580 0118864 232.4720 126.5630 14.60436147170877
0 COSMOS 2251 DEB
1 33813U 93036BE  12120.63305616  .00003267  00000-0  61656-3 0  9990
2 33813 074.0537 304.5279 0118678 230.4858 128.5771 14.60443360171019
0 COSMOS 2251 DEB
1 33813U 93036BE  12121.66056946  .00003204  00000-0  60477-3 0  9994
2 33813 074.0532 302.5673 0118631 228.3270 130.7632 14.60449294171162
0 COSMOS 2251 DEB
1 33813U 93036BE  12122.61957960 +.00003053 +00000-0 +57660-3 0  9998
2 33813 074.0527 300.7358 0118474 226.2894 132.8293 14.60453847171301
0 COSMOS 2251 DEB
1 33813U 93036BE  12122.68808245  .00002998  00000-0  56648-3 0  9998
2 33813 074.0524 300.6042 0118428 226.2552 132.8725 14.60453732171311
0 COSMOS 2251 DEB
1 33813U 93036BE  12123.23608707 +.00002958 +00000-0 +55891-3 0  9996
2 33813 074.0525 299.5590 0118352 225.0499 134.0988 14.60456664171399
0 COSMOS 2251 DEB
1 33813U 93036BE  12123.92109111  .00002783  00000-0  52608-3 0  9996
2 33813 074.0522 298.2520 0118617 223.5053 135.6595 14.60458838171495
0 COSMOS 2251 DEB
1 33813U 93036BE  12124.26359479 +.00002701 +00000-0 +51089-3 0  9990
2 33813 074.0519 297.5985 0118449 222.7892 136.3947 14.60460054171541
0 COSMOS 2251 DEB
1 33813U 93036BE  12125.29110114  .00002528  00000-0  47883-3 0  9999
2 33813 074.0522 295.6369 0118089 220.7148 138.5114 14.60463919171691
0 COSMOS 2251 DEB
1 33813U 93036BE  12125.90760223 +.00002447 +00000-0 +46372-3 0  9991
2 33813 074.0512 294.4601 0118116 219.4122 139.8362 14.60466273171789
0 COSMOS 2251 DEB
1 33813U 93036BE  12126.66110192  .00002399  00000-0  45454-3 0  9995
2 33813 074.0513 293.0224 0118149 217.8685 141.4092 14.60469602171898
0 COSMOS 2251 DEB
1 33813U 93036BE  12127.62009925 +.00002331 +00000-0 +44180-3 0  9994
2 33813 074.0511 291.1914 0118301 215.7648 143.5528 14.60473601172035
0 COSMOS 2251 DEB
1 33813U 93036BE  12127.89409846  .00002333  00000-0  44211-3 0  9996
2 33813 074.0509 290.6682 0118358 215.1428 144.1911 14.60474962172078
0 COSMOS 2251 DEB
1 33813U 93036BE  12128.51059428 +.00002323 +00000-0 +44023-3 0  9993
2 33813 074.0508 289.4922 0118334 213.8280 145.5299 14.60477821172166
0 COSMOS 2251 DEB
1 33813U 93036BE  12129.46958611  .00002350  00000-0  44490-3 0  9998
2 33813 074.0506 287.6611 0118585 211.6608 147.7453 14.60482650172305
0 COSMOS 2251 DEB
1 33813U 93036BE  12129.88058047 +.00002349 +00000-0 +44473-3 0  9997
2 33813 074.0504 286.8763 0118538 210.7889 148.6281 14.60484569172367
0 COSMOS 2251 DEB
1 33813U 93036BE  12130.83956859  .00002386  00000-0  45173-3 0  9991
2 33813 074.0509 285.0446 0118530 208.6999 150.7661 14.60489538172504
0 COSMOS 2251 DEB
1 33813U 93036BE  12131.59305494 +.00002432 +00000-0 +46013-3 0  9994
2 33813 074.0508 283.6074 0118547 207.0866 152.4101 14.60493751172610
0 COSMOS 2251 DEB
1 33813U 93036BE  12132.48353789  .00002429  00000-0  45966-3 0  9995
2 33813 074.0508 281.9085 0118502 205.1722 154.3640 14.60498147172741
0 COSMOS 2251 DEB
1 33813U 93036BE  12132.82603081 +.00002579 +00000-0 +48734-3 0  9998
2 33813 074.0509 281.2552 0118663 204.3426 155.2263 14.60501503172791
0 COSMOS 2251 DEB
1 33813U 93036BE  12133.57950999  .00002727  00000-0  51490-3 0  9992
2 33813 074.0512 279.8169 0118605 202.8044 156.7964 14.60507017172900
0 COSMOS 2251 DEB
1 33813U 93036BE  12133.57950999 +.00002727 +00000-0 +51490-3 0  9992
2 33813 074.0512 279.8169 0118605 202.8044 156.7964 14.60507017172900
0 COSMOS 2251 DEB
1 33813U 93036BE  12134.46998276 +.00002800 +00000-0 +52848-3 0  9991
2 33813 074.0507 278.1183 0118534 200.9131 158.7237 14.60512762173032
0 COSMOS 2251 DEB
1 33813U 93036BE  12134.81247095  .00002962  00000-0  55865-3 0  9997
2 33813 074.0507 277.4639 0118600 200.1030 159.5578 14.60516388173084
0 COSMOS 2251 DEB
1 33813U 93036BE  12135.49744534 +.00003056 +00000-0 +57614-3 0  9991
2 33813 074.0503 276.1563 0118580 198.7271 160.9646 14.60521644173182
0 COSMOS 2251 DEB
1 33813U 93036BE  12136.18241686  .00003171  00000-0  59756-3 0  9995
2 33813 074.0506 274.8490 0118496 197.2352 162.4809 14.60526977173282
0 COSMOS 2251 DEB
1 33813U 93036BE  12136.79889110 +.00003278 +00000-0 +61734-3 0  9999
2 33813 074.0503 273.6718 0118446 195.8492 163.9010 14.60531935173373
0 COSMOS 2251 DEB
1 33813U 93036BE  12137.34686595  .00003310  00000-0  62326-3 0  9998
2 33813 074.0497 272.6264 0118514 194.7007 165.0750 14.60535909173454
0 COSMOS 2251 DEB
1 33813U 93036BE  12137.55235563 +.00003397 +00000-0 +63959-3 0  9994
2 33813 074.0497 272.2344 0118388 194.2638 165.5194 14.60537988173482
0 COSMOS 2251 DEB
1 33813U 93036BE  12138.57980467  .00003435  00000-0  64667-3 0  9997
2 33813 074.0509 270.2739 0118243 192.0369 167.7971 14.60545430173634
0 COSMOS 2251 DEB
1 33813U 93036BE  12139.53875234 +.00003459 +00000-0 +65121-3 0  9991
2 33813 074.0504 268.4437 0118144 190.0006 169.8829 14.60552424173770
0 COSMOS 2251 DEB
1 33813U 93036BE  12140.15521618  .00003495  00000-0  65791-3 0  9998
2 33813 074.0504 267.2672 0118084 188.6577 171.2578 14.60557119173861
0 COSMOS 2251 DEB
1 33813U 93036BE  12140.56619077 +.00003540 +00000-0 +66611-3 0  9993
2 33813 074.0511 266.4838 0118112 187.7747 172.1628 14.60560492173926
0 COSMOS 2251 DEB
1 33813U 93036BE  12141.52512701  .00003636  00000-0  68387-3 0  9994
2 33813 074.0507 264.6528 0118164 185.7597 174.2264 14.60568411174069
0 COSMOS 2251 DEB
1 33813U 93036BE  12142.55255351  .00003728  00000-0  70106-3 0  9997
2 33813 074.0506 262.6920 0117950 183.5458 176.4893 14.60576854174215
0 COSMOS 2251 DEB
1 33813U 93036BE  12143.51148073 +.00003781 +00000-0 +71079-3 0  9995
2 33813 074.0502 260.8611 0117895 181.5189 178.5688 14.60584617174351
0 COSMOS 2251 DEB
1 33813U 93036BE  12144.05943597  .00003845  00000-0  72273-3 0  9997
2 33813 074.0498 259.8146 0117816 180.3465 179.7668 14.60589342174433
0 COSMOS 2251 DEB
1 33813U 93036BE  12144.47040138 +.00003847 +00000-0 +72326-3 0  9993
2 33813 074.0505 259.0310 0117674 179.4723 180.6574 14.60592537174498
0 COSMOS 2251 DEB
1 33813U 93036BE  12145.49781242  .00003880  00000-0  72933-3 0  9995
2 33813 074.0508 257.0697 0117665 177.2904 182.8972 14.60600960174647
0 COSMOS 2251 DEB
1 33813U 93036BE  12146.73069656  .00003923  00000-0  73740-3 0  9996
2 33813 074.0521 254.7192 0117446 174.6358 185.6084 14.60611042174825
0 COSMOS 2251 DEB
1 33813U 93036BE  12146.73069656 +.00003923 +00000-0 +73740-3 0  9996
2 33813 074.0521 254.7192 0117446 174.6358 185.6084 14.60611042174825
0 COSMOS 2251 DEB
1 33813U 93036BE  12147.68960191 +.00003866 +00000-0 +72685-3 0  9998
2 33813 074.0525 252.8880 0117240 172.6336 187.6568 14.60618083174964
0 COSMOS 2251 DEB
1 33813U 93036BE  12148.10056016  .00003862  00000-0  72625-3 0  9998
2 33813 074.0525 252.1041 0117179 171.7465 188.5661 14.60621258175020
0 COSMOS 2251 DEB
1 33813U 93036BE  12148.71699533 +.00003767 +00000-0 +70853-3 0  9997
2 33813 074.0518 250.9267 0117141 170.4762 189.8583 14.60624930175110
0 COSMOS 2251 DEB
1 33813U 93036BE  12149.47041534  .00003632  00000-0  68315-3 0  9994
2 33813 074.0521 249.4881 0117199 168.8087 191.5600 14.60629144175227
0 COSMOS 2251 DEB
1 33813U 93036BE  12150.42931159 +.00003504 +00000-0 +65904-3 0  9991
2 33813 074.0526 247.6589 0117390 166.7047 193.7200 14.60634789175369
0 COSMOS 2251 DEB
1 33813U 93036BE  12150.70328158  .00003438  00000-0  64659-3 0  9993
2 33813 074.0524 247.1356 0117454 166.1865 194.2549 14.60636095175406
0 COSMOS 2251 DEB
1 33813U 93036BE  12151.66217619  .00003099  00000-0  58342-3 0  9993
2 33813 074.0524 245.3055 0117446 164.0131 196.4773 14.60639050175548
0 COSMOS 2251 DEB
1 33813U 93036BE  12151.66217619 +.00003099 +00000-0 +58342-3 0  9993
2 33813 074.0524 245.3055 0117446 164.0131 196.4773 14.60639050175548
0 COSMOS 2251 DEB
1 33813U 93036BE  12152.62106534 +.00002841 +00000-0 +53537-3 0  9998
2 33813 074.0529 243.4761 0117401 162.0054 198.5238 14.60642365175686
0 COSMOS 2251 DEB
1 33813U 93036BE  12153.30598483  .00002725  00000-0  51410-3 0  9991
2 33813 074.0530 242.1690 0117024 160.3785 200.1794 14.60645139175788
0 COSMOS 2251 DEB
1 33813U 93036BE  12153.64844615 +.00002610 +00000-0 +49257-3 0  9998
2 33813 074.0529 241.5153 0117164 159.7249 200.8607 14.60646026175837
0 COSMOS 2251 DEB
1 33813U 93036BE  12154.67582052  .00002514  00000-0  47470-3 0  9994
2 33813 074.0527 239.5542 0117045 157.5274 203.1055 14.60650583175988
0 COSMOS 2251 DEB
1 33813U 93036BE  12155.63469937 +.00002485 +00000-0 +46929-3 0  9992
2 33813 074.0523 237.7248 0116905 155.4243 205.2509 14.60655262176127
0 COSMOS 2251 DEB
1 33813U 93036BE  12156.04564751  .00002490  00000-0  47041-3 0  9990
2 33813 074.0521 236.9402 0116761 154.5409 206.1582 14.60657425176182
0 COSMOS 2251 DEB
1 33813U 93036BE  12156.38810284 +.00002539 +00000-0 +47940-3 0  9994
2 33813 074.0524 236.2867 0116906 153.8167 206.9039 14.60659734176233
0 COSMOS 2251 DEB
1 33813U 93036BE  12157.41546504  .00002671  00000-0  50399-3 0  9999
2 33813 074.0511 234.3255 0116713 151.5762 209.1963 14.60666535176385
0 COSMOS 2251 DEB
1 33813U 93036BE  12158.37433055 +.00002887 +00000-0 +54457-3 0  9999
2 33813 074.0513 232.4952 0116299 149.4887 211.3301 14.60674165176528
0 COSMOS 2251 DEB
1 33813U 93036BE  12159.19620945  .00002973  00000-0  56042-3 0  9994
2 33813 074.0511 230.9269 0116420 147.7451 213.0991 14.60679861176649
0 COSMOS 2251 DEB
1 33813U 93036BE  12159.60714773 +.00003180 +00000-0 +59880-3 0  9997
2 33813 074.0511 230.1422 0116556 146.8230 214.0452 14.60684327176700
0 COSMOS 2251 DEB
1 33813U 93036BE  12160.36053069  .00003316  00000-0  62423-3 0  9994
2 33813 074.0508 228.7045 0116378 145.2326 215.6569 14.60690582176819
0 COSMOS 2251 DEB
1 33813U 93036BE  12161.38786951  .00003421  00000-0  64355-3 0  9993
2 33813 074.0513 226.7431 0116362 143.0429 217.8872 14.60698452176966
0 COSMOS 2251 DEB
1 33813U 93036BE  12162.34671392 +.00003410 +00000-0 +64150-3 0  9993
2 33813 074.0508 224.9131 0116368 141.0224 219.9356 14.60704777177109
0 COSMOS 2251 DEB
1 33813U 93036BE  12162.96311337  .00003411  00000-0  64148-3 0  9999
2 33813 074.0507 223.7365 0116435 139.6873 221.2993 14.60708986177190
0 COSMOS 2251 DEB
1 33813U 93036BE  12163.37404480 +.00003297 +00000-0 +62048-3 0  9996
2 33813 074.0506 222.9528 0116253 138.7834 222.2059 14.60710469177256
0 COSMOS 2251 DEB
1 33813U 93036BE  12164.33288511  .00003133  00000-0  58986-3 0  9993
2 33813 074.0501 221.1227 0116212 136.7086 224.3167 14.60715035177392
0 COSMOS 2251 DEB
1 33813U 93036BE  12165.49718596  .00002972  00000-0  55999-3 0  9993
2 33813 074.0505 218.9003 0116074 134.1657 226.9043 14.60720912177564
0 COSMOS 2251 DEB
1 33813U 93036BE  12166.31904208 +.00002900 +00000-0 +54655-3 0  9991
2 33813 074.0504 217.3321 0116001 132.3466 228.7531 14.60725159177680
0 COSMOS 2251 DEB
1 33813U 93036BE  12166.93543272  .00002873  00000-0  54155-3 0  9993
2 33813 074.0503 216.1551 0115997 131.0369 230.0898 14.60728581177776
0 COSMOS 2251 DEB
1 33813U 93036BE  12167.34635807 +.00002824 +00000-0 +53246-3 0  9991
2 33813 074.0501 215.3695 0115884 130.0761 231.0585 14.60730469177833
0 COSMOS 2251 DEB
1 33813U 93036BE  12167.96274604  .00002828  00000-0  53321-3 0  9991
2 33813 074.0497 214.1925 0115892 128.7627 232.3992 14.60734112177929
0 COSMOS 2251 DEB
1 33813U 93036BE  12168.51064368 +.00002776 +00000-0 +52340-3 0  9999
2 33813 074.0496 213.1466 0115936 127.5946 233.5755 14.60736573178000
0 COSMOS 2251 DEB
1 33813U 93036BE  12169.33249000  .00002717  00000-0  51245-3 0  9996
2 33813 074.0496 211.5785 0115906 125.8364 235.3570 14.60740458178123
0 COSMOS 2251 DEB
1 33813U 93036BE  12170.49676831  .00002654  00000-0  50059-3 0  9993
2 33813 074.0493 209.3559 0115829 123.3184 237.9116 14.60746202178296
0 COSMOS 2251 DEB
1 33813U 93036BE  12171.45558128 +.00002611 +00000-0 +49253-3 0  9995
2 33813 074.0491 207.5260 0115800 121.2290 240.0263 14.60750942178437
0 COSMOS 2251 DEB
1 33813U 93036BE  12171.93498666  .00002610  00000-0  49256-3 0  9990
2 33813 074.0491 206.6106 0115596 120.1115 241.1577 14.60753592178504
0 COSMOS 2251 DEB
1 33813U 93036BE  12172.27741805 +.00002546 +00000-0 +48066-3 0  9990
2 33813 074.0494 205.9567 0115614 119.4183 241.8561 14.60754846178555
0 COSMOS 2251 DEB
1 33813U 93036BE  12173.44168281  .00002490  00000-0  47020-3 0  9998
2 33813 074.0494 203.7341 0115584 116.8738 244.4248 14.60760245178724
0 COSMOS 2251 DEB
1 33813U 93036BE  12174.26351506 +.00002379 +00000-0 +44940-3 0  9997
2 33813 074.0496 202.1649 0115614 115.1240 246.1885 14.60763063178844
0 COSMOS 2251 DEB
1 33813U 93036BE  12174.87988878  .00002364  00000-0  44647-3 0  9990
2 33813 074.0497 200.9883 0115681 113.8077 247.5251 14.60765859178935
0 COSMOS 2251 DEB
1 33813U 93036BE  12175.49625984 +.00002219 +00000-0 +41949-3 0  9996
2 33813 074.0492 199.8116 0115684 112.5485 248.7857 14.60767166179026
0 COSMOS 2251 DEB
1 33813U 93036BE  12176.45506141  .00001939  00000-0  36720-3 0  9995
2 33813 074.0490 197.9813 0115797 110.4727 250.8751 14.60768352179168
0 COSMOS 2251 DEB
1 33813U 93036BE  12177.48234663  .00001697  00000-0  32202-3 0  9998
2 33813 074.0489 196.0211 0116005 108.5867 252.7806 14.60769712179314
0 COSMOS 2251 DEB
1 33813U 93036BE  12178.44114995  .00001284  00000-0  24539-3 0  9996
2 33813 074.0490 194.1902 0115574 106.1723 255.2085 14.60768729179456
0 COSMOS 2251 DEB
1 33813U 93036BE  12179.46843495  .00001134  00000-0  21746-3 0  9994
2 33813 074.0490 192.2287 0115542 103.8318 257.5682 14.60769936179606
0 COSMOS 2251 DEB
1 33813U 93036BE  12180.42723202 +.00001005 +00000-0 +19338-3 0  9996
2 33813 074.0493 190.3982 0115673 101.7349 259.6783 14.60770917179747
0 COSMOS 2251 DEB
1 33813U 93036BE  12181.04360052  .00001014  00000-0  19506-3 0  9992
2 33813 074.0493 189.2213 0115715 100.5434 260.8841 14.60772326179835
0 COSMOS 2251 DEB
1 33813U 93036BE  12181.45451104 +.00001043 +00000-0 +20037-3 0  9999
2 33813 074.0489 188.4367 0115803 099.6762 261.7546 14.60773555179894
0 COSMOS 2251 DEB
1 33813U 93036BE  12182.07087672  .00001025  00000-0  19696-3 0  9992
2 33813 074.0489 187.2600 0115845 098.3567 263.0746 14.60774728179986
0 COSMOS 2251 DEB
1 33813U 93036BE  12182.41330238 +.00001051 +00000-0 +20178-3 0  9995
2 33813 074.0485 186.6053 0115861 097.5985 263.8372 14.60775681180030
0 COSMOS 2251 DEB
1 33813U 93036BE  12183.44056495  .00001147  00000-0  21972-3 0  9998
2 33813 074.0483 184.6436 0115942 095.4042 266.0430 14.60779033180183
0 COSMOS 2251 DEB
1 33813U 93036BE  12184.19389600 +.00001294 +00000-0 +24704-3 0  9997
2 33813 074.0478 183.2048 0116051 093.7385 267.7106 14.60782271180292
0 COSMOS 2251 DEB
1 33813U 93036BE  12185.01571099  .00001323  00000-0  25246-3 0  9999
2 33813 074.0476 181.6353 0115868 091.8102 269.6346 14.60784768180416
0 COSMOS 2251 DEB
1 33813U 93036BE  12185.42661812 +.00001480 +00000-0 +28163-3 0  9992
2 33813 074.0480 180.8524 0115993 090.8145 270.6414 14.60787598180475
0 COSMOS 2251 DEB
1 33813U 93036BE  12186.38539592 +.00001713 +00000-0 +32505-3 0  9991
2 33813 074.0479 179.0220 0115752 088.5391 272.9151 14.60793009180619
0 COSMOS 2251 DEB
1 33813U 93036BE  12187.07023455  .00001752  00000-0  33230-3 0  9993
2 33813 074.0479 177.7139 0115636 086.9957 274.4483 14.60795896180716
0 COSMOS 2251 DEB
1 33813U 93036BE  12187.41265348 +.00001877 +00000-0 +35553-3 0  9998
2 33813 074.0475 177.0592 0115713 086.3115 275.1373 14.60798351180764
0 COSMOS 2251 DEB
1 33813U 93036BE  12188.37142264  .00002078  00000-0  39314-3 0  9998
2 33813 074.0476 175.2292 0115464 084.3128 277.1278 14.60804041180903
0 COSMOS 2251 DEB
1 33813U 93036BE  12189.39867206  .00002205  00000-0  41670-3 0  9991
2 33813 074.0479 173.2674 0115341 082.0387 279.3901 14.60809688181050
0 COSMOS 2251 DEB
1 33813U 93036BE  12190.35743482 +.00002310 +00000-0 +43629-3 0  9991
2 33813 074.0484 171.4380 0115227 079.9427 281.4741 14.60815001181190
0 COSMOS 2251 DEB
1 33813U 93036BE  12191.04226380  .00002338  00000-0  44143-3 0  9993
2 33813 074.0485 170.1305 0115179 078.3795 283.0301 14.60818577181293
0 COSMOS 2251 DEB
1 33813U 93036BE  12191.38467726 +.00002347 +00000-0 +44319-3 0  9996
2 33813 074.0488 169.4773 0115119 077.5708 283.8319 14.60820341181340
0 COSMOS 2251 DEB
1 33813U 93036BE  12192.34343326  .00002458  00000-0  46386-3 0  9991
2 33813 074.0493 167.6467 0115113 075.4118 285.9829 14.60826142181481
0 COSMOS 2251 DEB
1 33813U 93036BE  12193.37066416  .00002676  00000-0  50435-3 0  9999
2 33813 074.0495 165.6860 0115028 073.1703 288.2124 14.60833864181638
0 COSMOS 2251 DEB
1 33813U 93036BE  12194.32940812 +.00002960 +00000-0 +55719-3 0  9992
2 33813 074.0500 163.8559 0114988 071.1920 290.1831 14.60842008181775
0 COSMOS 2251 DEB
1 33813U 93036BE  12195.01422088  .00003098  00000-0  58295-3 0  9994
2 33813 074.0494 162.5482 0114781 069.7507 291.6123 14.60847666181879
0 COSMOS 2251 DEB
1 33813U 93036BE  12195.35662435 +.00003178 +00000-0 +59767-3 0  9997
2 33813 074.0498 161.8956 0114845 069.0105 292.3338 14.60850570181929
0 COSMOS 2251 DEB
1 33813U 93036BE  12196.04143504  .00003245  00000-0  61037-3 0  9993
2 33813 074.0498 160.5890 0114706 067.5025 293.8284 14.60855552182025
0 COSMOS 2251 DEB
1 33813U 93036BE  12196.31535796 +.00003348 +00000-0 +62935-3 0  9993
2 33813 074.0498 160.0657 0114867 066.8440 294.4789 14.60858182182065
0 COSMOS 2251 DEB
1 33813U 93036BE  12197.27408825  .00003318  00000-0  62369-3 0  9999
2 33813 074.0499 158.2355 0114832 064.6961 296.6005 14.60864111182206
0 COSMOS 2251 DEB
1 33813U 93036BE  12197.68497206 +.00003288 +00000-0 +61803-3 0  9993
2 33813 074.0504 157.4506 0114921 063.7662 297.5221 14.60866562182267
0 COSMOS 2251 DEB
1 33813U 93036BE  12198.91761912  .00003189  00000-0  59929-3 0  9994
2 33813 074.0503 155.0974 0115033 060.8789 300.3777 14.60873501182442
0 COSMOS 2251 DEB
1 33813U 93036BE  12198.91761912 +.00003189 +00000-0 +59929-3 0  9994
2 33813 074.0503 155.0974 0115033 060.8789 300.3777 14.60873501182442
0 COSMOS 2251 DEB
1 33813U 93036BE  12199.67089964 +.00003177 +00000-0 +59722-3 0  9996
2 33813 074.0500 153.6597 0114939 059.2788 301.9661 14.60878384182554
0 COSMOS 2251 DEB
1 33813U 93036BE  12200.08177792  .00003146  00000-0  59109-3 0  9996
2 33813 074.0501 152.8743 0115179 058.2183 303.0103 14.60880876182614
0 COSMOS 2251 DEB
1 33813U 93036BE  12200.62961569 +.00003168 +00000-0 +59529-3 0  9999
2 33813 074.0500 151.8279 0115046 057.0407 304.1810 14.60884669182694
0 COSMOS 2251 DEB
1 33813U 93036BE  12201.65680609  .00003131  00000-0  58818-3 0  9996
2 33813 074.0502 149.8665 0115141 054.7529 306.4358 14.60890919182841
0 COSMOS 2251 DEB
1 33813U 93036BE  12202.61551358 +.00003109 +00000-0 +58401-3 0  9994
2 33813 074.0502 148.0365 0115226 052.6186 308.5374 14.60896582182987
0 COSMOS 2251 DEB
1 33813U 93036BE  12203.02638735  .00003017  00000-0  56717-3 0  9991
2 33813 074.0501 147.2524 0114998 051.8521 309.2861 14.60897965183046
0 COSMOS 2251 DEB
1 33813U 93036BE  12203.30030415 +.00003017 +00000-0 +56713-3 0  9999
2 33813 074.0502 146.7293 0114960 051.2865 309.8513 14.60899606183086
0 COSMOS 2251 DEB
1 33813U 93036BE  12204.25900749  .00002839  00000-0  53399-3 0  9998
2 33813 074.0500 144.8986 0114931 049.1221 311.9775 14.60903319183229
0 COSMOS 2251 DEB
1 33813U 93036BE  12205.21771289  .00002492  00000-0  46933-3 0  9991
2 33813 074.0504 143.0687 0115180 047.1494 313.9240 14.60905006183368
0 COSMOS 2251 DEB
1 33813U 93036BE  12206.03945749 +.00002093 +00000-0 +39562-3 0  9993
2 33813 074.0502 141.4992 0114489 045.8286 315.2209 14.60905187183485
0 COSMOS 2251 DEB
1 33813U 93036BE  12206.99815490  .00001781  00000-0  33724-3 0  9994
2 33813 074.0516 139.6702 0115027 043.8291 317.1558 14.60905892183628
0 COSMOS 2251 DEB
1 33813U 93036BE  12207.81990222 +.00001572 +00000-0 +29844-3 0  9999
2 33813 074.0509 138.1000 0115041 042.0305 318.9510 14.60906984183741
0 COSMOS 2251 DEB
1 33813U 93036BE  12208.23077418  .00001520  00000-0  28875-3 0  9995
2 33813 074.0511 137.3155 0115054 041.1185 319.8545 14.60907824183805
0 COSMOS 2251 DEB
1 33813U 93036BE  12208.84707924 +.00001525 +00000-0 +28962-3 0  9996
2 33813 074.0510 136.1390 0115054 039.7884 321.1653 14.60909798183898
0 COSMOS 2251 DEB
1 33813U 93036BE  12209.25794821  .00001547  00000-0  29384-3 0  9997
2 33813 074.0510 135.3536 0114963 038.9691 321.9736 14.60911390183954
0 COSMOS 2251 DEB
1 33813U 93036BE  12209.80577201 +.00001528 +00000-0 +29039-3 0  9995
2 33813 074.0510 134.3080 0114934 037.8069 323.1096 14.60912973184033
0 COSMOS 2251 DEB
1 33813U 93036BE  12210.83294074  .00001574  00000-0  29878-3 0  9996
2 33813 074.0511 132.3469 0115161 035.5054 325.3689 14.60916781184184
0 COSMOS 2251 DEB
1 33813U 93036BE  12211.79162830 +.00001654 +00000-0 +31372-3 0  9997
2 33813 074.0510 130.5168 0115075 033.5714 327.2680 14.60920834184326
0 COSMOS 2251 DEB
1 33813U 93036BE  12212.20249391  .00001776  00000-0  33619-3 0  9993
2 33813 074.0508 129.7317 0115217 032.7721 328.0588 14.60923475184382
0 COSMOS 2251 DEB
1 33813U 93036BE  12212.81878989 +.00001807 +00000-0 +34192-3 0  9993
2 33813 074.0505 128.5556 0115380 031.3409 329.4595 14.60926157184473
0 COSMOS 2251 DEB
1 33813U 93036BE  12213.77746893  .00002006  00000-0  37862-3 0  9996
2 33813 074.0508 126.7259 0115656 029.1960 331.5610 14.60931925184616
0 COSMOS 2251 DEB
1 33813U 93036BE  12214.80462066  .00002302  00000-0  43285-3 0  9993
2 33813 074.0503 124.7653 0116471 026.6193 334.0935 14.60939575184766
0 COSMOS 2251 DEB
1 33813U 93036BE  12215.76328988 +.00002547 +00000-0 +47796-3 0  9995
2 33813 074.0505 122.9353 0116727 024.5089 336.1601 14.60946696184901
0 COSMOS 2251 DEB
1 33813U 93036BE  12216.17414716  .00002685  00000-0  50333-3 0  9990
2 33813 074.0510 122.1517 0116904 023.6857 336.9683 14.60950158184963
0 COSMOS 2251 DEB
1 33813U 93036BE  12216.72195530 +.00002728 +00000-0 +51235-3 0  9991
2 33813 074.0503 121.1033 0115521 022.7599 337.8867 14.60953699185041
0 COSMOS 2251 DEB
1 33813U 93036BE  12217.13280675  .00002971  00000-0  55713-3 0  9997
2 33813 074.0504 120.3190 0115917 021.6981 338.9130 14.60958153185101
0 COSMOS 2251 DEB
1 33813U 93036BE  12217.74908674 +.00002992 +00000-0 +56119-3 0  9994
2 33813 074.0502 119.1414 0115685 020.3986 340.1785 14.60962025185190
0 COSMOS 2251 DEB
1 33813U 93036BE  12218.15993953  .00003099  00000-0  58086-3 0  9998
2 33813 074.0497 118.3569 0115771 019.5493 341.0111 14.60965522185259
0 COSMOS 2251 DEB
1 33813U 93036BE  12218.70774174 +.00003129 +00000-0 +58636-3 0  9996
2 33813 074.0499 117.3117 0115729 018.3483 342.1840 14.60969325185333
0 COSMOS 2251 DEB
1 33813U 93036BE  12219.73486737  .00003201  00000-0  59973-3 0  9991
2 33813 074.0497 115.3493 0115669 016.1416 344.3390 14.60976518185483
0 COSMOS 2251 DEB
1 33813U 93036BE  12220.69351439 +.00003241 +00000-0 +60713-3 0  9996
2 33813 074.0492 113.5183 0115581 014.0486 346.3882 14.60983135185628
0 COSMOS 2251 DEB
1 33813U 93036BE  12221.10436122  .00003268  00000-0  61212-3 0  9990
2 33813 074.0491 112.7343 0115578 013.1328 347.2814 14.60986056185683
0 COSMOS 2251 DEB
1 33813U 93036BE  12221.72063064 +.00003268 +00000-0 +61212-3 0  9999
2 33813 074.0490 111.5575 0115587 011.7957 348.5873 14.60990137185772
0 COSMOS 2251 DEB
1 33813U 93036BE  12222.13147611  .00003279  00000-0  61415-3 0  9993
2 33813 074.0490 110.7729 0115568 010.9138 349.4504 14.60992973185833
0 COSMOS 2251 DEB
1 33813U 93036BE  12222.67926863 +.00003284 +00000-0 +61497-3 0  9992
2 33813 074.0490 109.7274 0115598 009.7227 350.6140 14.60996677185918
0 COSMOS 2251 DEB
1 33813U 93036BE  12223.70637594  .00003285  00000-0  61517-3 0  9991
2 33813 074.0489 107.7655 0115475 007.4898 352.7953 14.61003463186065
0 COSMOS 2251 DEB
1 33813U 93036BE  12224.66500687 +.00003214 +00000-0 +60180-3 0  9996
2 33813 074.0490 105.9348 0115563 005.4580 354.7769 14.61008863186202
0 COSMOS 2251 DEB
1 33813U 93036BE  12225.07584789  .00003108  00000-0  58215-3 0  9995
2 33813 074.0488 105.1500 0115621 004.4823 355.7267 14.61010398186261
0 COSMOS 2251 DEB
1 33813U 93036BE  12225.62363558 +.00003093 +00000-0 +57938-3 0  9999
2 33813 074.0489 104.1040 0115637 003.3022 356.8866 14.61013699186349
0 COSMOS 2251 DEB
1 33813U 93036BE  12226.10294982  .00002956  00000-0  55403-3 0  9999
2 33813 074.0486 103.1887 0115420 002.2718 357.8944 14.61015129186410
0 COSMOS 2251 DEB
1 33813U 93036BE  12227.67783095  .00002712  00000-0  50891-3 0  9996
2 33813 074.0486 100.1815 0115426 358.8745 001.2098 14.61021684186642
0 COSMOS 2251 DEB
1 33813U 93036BE  12228.63645409  .00002370  00000-0  44549-3 0  9992
2 33813 074.0487 098.3490 0115541 356.8957 003.1287 14.61022765186788
0 COSMOS 2251 DEB
1 33813U 93036BE  12229.66354978  .00002158  00000-0  40609-3 0  9991
2 33813 074.0487 096.3880 0115658 354.5457 005.4407 14.61025520186936
0 COSMOS 2251 DEB
1 33813U 93036BE  12230.69063992  .00001998  00000-0  37639-3 0  9999
2 33813 074.0489 094.4267 0115589 352.3100 007.6251 14.61028383187088
0 COSMOS 2251 DEB
1 33813U 93036BE  12231.58078576 +.00001784 +00000-0 +33686-3 0  9993
2 33813 074.0485 092.7260 0115724 350.2988 009.5930 14.61029566187214
0 COSMOS 2251 DEB
1 33813U 93036BE  12232.06009293  .00001676  00000-0  31686-3 0  9995
2 33813 074.0489 091.8109 0115510 349.2973 010.5655 14.61030177187288
0 COSMOS 2251 DEB
1 33813U 93036BE  12232.67634594 +.00001597 +00000-0 +30231-3 0  9997
2 33813 074.0491 090.6342 0115568 348.0112 011.8216 14.61031412187372
0 COSMOS 2251 DEB
1 33813U 93036BE  12233.63496217  .00001453  00000-0  27551-3 0  9994
2 33813 074.0486 088.8029 0115662 345.9258 013.8663 14.61032890187514
0 COSMOS 2251 DEB
1 33813U 93036BE  12234.59357497 +.00001374 +00000-0 +26086-3 0  9990
2 33813 074.0487 086.9717 0115574 343.8557 015.8916 14.61034910187652
0 COSMOS 2251 DEB
1 33813U 93036BE  12234.93593638  .00001302  00000-0  24748-3 0  9991
2 33813 074.0486 086.3175 0115676 343.1263 016.6017 14.61035218187702
0 COSMOS 2251 DEB
1 33813U 93036BE  12235.55218694 +.00001305 +00000-0 +24810-3 0  9999
2 33813 074.0485 085.1407 0115697 341.7777 017.9269 14.61036932187799
0 COSMOS 2251 DEB
1 33813U 93036BE  12236.03149148  .00001238  00000-0  23561-3 0  9997
2 33813 074.0485 084.2252 0115736 340.7188 018.9574 14.61037576187869
0 COSMOS 2251 DEB
1 33813U 93036BE  12236.57926888 +.00001226 +00000-0 +23351-3 0  9994
2 33813 074.0486 083.1792 0115713 339.5288 020.1255 14.61038875187942
0 COSMOS 2251 DEB
1 33813U 93036BE  12237.53787783 +.00001184 +00000-0 +22573-3 0  9998
2 33813 074.0483 081.3482 0115746 337.4161 022.1938 14.61040783188085
0 COSMOS 2251 DEB
1 33813U 93036BE  12238.56495649  .00001178  00000-0  22459-3 0  9995
2 33813 074.0485 079.3870 0115754 335.1802 024.3817 14.61043232188230
0 COSMOS 2251 DEB
1 33813U 93036BE  12238.97578764 +.00001158 +00000-0 +22080-3 0  9998
2 33813 074.0484 078.6020 0115884 334.3317 025.2092 14.61044026188297
0 COSMOS 2251 DEB
1 33813U 93036BE  12240.00286496  .00001179  00000-0  22460-3 0  9998
2 33813 074.0490 076.6409 0115910 332.0945 027.4057 14.61046748188440
0 COSMOS 2251 DEB
1 33813U 93036BE  12240.55063805 +.00001160 +00000-0 +22124-3 0  9992
2 33813 074.0490 075.5947 0115888 330.9236 028.5489 14.61047888188525
0 COSMOS 2251 DEB
1 33813U 93036BE  12241.50924124  .00001189  00000-0  22644-3 0  9996
2 33813 074.0489 073.7636 0116023 328.8040 030.6320 14.61050533188663
0 COSMOS 2251 DEB
1 33813U 93036BE  12242.53631257  .00001214  00000-0  23102-3 0  9991
2 33813 074.0489 071.8017 0116186 326.5768 032.8117 14.61053413188812
0 COSMOS 2251 DEB
1 33813U 93036BE  12243.49491111 +.00001250 +00000-0 +23764-3 0  9994
2 33813 074.0491 069.9697 0116235 324.4776 034.8717 14.61056301188950
0 COSMOS 2251 DEB
1 33813U 93036BE  12243.97420959  .00001293  00000-0  24571-3 0  9993
2 33813 074.0495 069.0546 0116188 323.4503 035.8783 14.61057920189023
0 COSMOS 2251 DEB
1 33813U 93036BE  12244.52197911 +.00001299 +00000-0 +24673-3 0  9993
2 33813 074.0495 068.0085 0116199 322.2670 037.0391 14.61059449189100
0 COSMOS 2251 DEB
1 33813U 93036BE  12245.54904567  .00001313  00000-0  24931-3 0  9993
2 33813 074.0497 066.0460 0116145 320.0656 039.1995 14.61062313189251
0 COSMOS 2251 DEB
1 33813U 93036BE  12246.50763934 +.00001333 +00000-0 +25304-3 0  9998
2 33813 074.0503 064.2156 0116128 317.9586 041.2705 14.61065197189390
0 COSMOS 2251 DEB
1 33813U 93036BE  12246.91846499  .00001412  00000-0  26766-3 0  9992
2 33813 074.0501 063.4307 0116144 317.1070 042.1126 14.61067096189459
0 COSMOS 2251 DEB
1 33813U 93036BE  12247.53470155 +.00001424 +00000-0 +26980-3 0  9994
2 33813 074.0503 062.2538 0116133 315.7798 043.4139 14.61069023189543
0 COSMOS 2251 DEB
1 33813U 93036BE  12248.56175695 +.00001699 +00000-0 +32077-3 0  9997
2 33813 074.0503 060.2926 0115837 313.4273 045.7396 14.61075527189697
0 COSMOS 2251 DEB
1 33813U 93036BE  12249.45186745  .00002081  00000-0  39143-3 0  9991
2 33813 074.0499 058.5937 0115821 311.3248 047.8201 14.61082651189824
0 COSMOS 2251 DEB
1 33813U 93036BE  12250.47891219  .00002270  00000-0  42601-3 0  9997
2 33813 074.0493 056.6310 0116086 309.2695 049.8232 14.61089139189978
0 COSMOS 2251 DEB
1 33813U 93036BE  12251.50595322  .00002806  00000-0  52513-3 0  9996
2 33813 074.0500 054.6676 0115787 307.0630 052.0109 14.61099393190123
0 COSMOS 2251 DEB
1 33813U 93036BE  12251.84829795 +.00002840 +00000-0 +53146-3 0  9998
2 33813 074.0500 054.0138 0115778 306.3436 052.7114 14.61101732190175
0 COSMOS 2251 DEB
1 33813U 93036BE  12252.80686641  .00002934  00000-0  54850-3 0  9993
2 33813 074.0504 052.1824 0116033 304.3754 054.6498 14.61108067190316
0 COSMOS 2251 DEB
1 33813U 93036BE  12253.56002457 +.00002990 +00000-0 +55885-3 0  9995
2 33813 074.0505 050.7422 0115943 302.7537 056.2499 14.61112918190426
0 COSMOS 2251 DEB
1 33813U 93036BE  12253.83389976  .00002976  00000-0  55627-3 0  9997
2 33813 074.0504 050.2188 0115945 302.1511 056.8442 14.61114428190463
0 COSMOS 2251 DEB
1 33813U 93036BE  12254.45011814 +.00002974 +00000-0 +55582-3 0  9997
2 33813 074.0503 049.0418 0115913 300.8042 058.1753 14.61118094190556
0 COSMOS 2251 DEB
1 33813U 93036BE  12254.86092958  .00002923  00000-0  54616-3 0  9991
2 33813 074.0503 048.2575 0116149 299.9453 059.0167 14.61119984190612
0 COSMOS 2251 DEB
1 33813U 93036BE  12255.47714673 +.00002744 +00000-0 +51327-3 0  9991
2 33813 074.0506 047.0793 0116033 298.5148 060.4180 14.61121387190703
0 COSMOS 2251 DEB
1 33813U 93036BE  12256.43570761  .00002593  00000-0  48534-3 0  9994
2 33813 074.0510 045.2489 0116061 296.4209 062.4984 14.61125242190849
0 COSMOS 2251 DEB
1 33813U 93036BE  12256.77805093 +.00002453 +00000-0 +45951-3 0  9995
2 33813 074.0510 044.5953 0116126 295.6451 063.2661 14.61125646190893
0 COSMOS 2251 DEB
1 33813U 93036BE  12257.39426699  .00002306  00000-0  43226-3 0  9995
2 33813 074.0512 043.4181 0116135 294.3420 064.5454 14.61126819190985
0 COSMOS 2251 DEB
1 33813U 93036BE  12257.59967560 +.00002085 +00000-0 +39152-3 0  9991
2 33813 074.0506 043.0253 0116131 293.7935 065.0951 14.61125553191011
0 COSMOS 2251 DEB
1 33813U 93036BE  12258.42129743  .00002046  00000-0  38442-3 0  9995
2 33813 074.0506 041.4562 0116110 292.0042 066.8803 14.61128693191130
0 COSMOS 2251 DEB
1 33813U 93036BE  12258.83210682 +.00001911 +00000-0 +35928-3 0  9999
2 33813 074.0504 040.6711 0116249 291.1139 067.7541 14.61129012191196
0 COSMOS 2251 DEB
1 33813U 93036BE  12259.79066250  .00001679  00000-0  31645-3 0  9998
2 33813 074.0509 038.8387 0116269 289.2310 069.6120 14.61130440191337
0 COSMOS 2251 DEB
1 33813U 93036BE  12260.40687907 +.00001672 +00000-0 +31519-3 0  9999
2 33813 074.0511 037.6621 0116252 287.8884 070.9625 14.61132477191427
0 COSMOS 2251 DEB
1 33813U 93036BE  12261.36543139  .00001559  00000-0  29435-3 0  9991
2 33813 074.0506 035.8297 0116344 285.8615 072.9658 14.61134515191560
0 COSMOS 2251 DEB
1 33813U 93036BE  12261.57083715 +.00001486 +00000-0 +28082-3 0  9999
2 33813 074.0519 035.4388 0116393 285.3289 073.5012 14.61134550191590
0 COSMOS 2251 DEB
1 33813U 93036BE  12262.39245319  .00001467  00000-0  27724-3 0  9991
2 33813 074.0519 033.8698 0116339 283.5106 075.3116 14.61136872191712
0 COSMOS 2251 DEB
1 33813U 93036BE  12262.80326065 +.00001451 +00000-0 +27440-3 0  9993
2 33813 074.0523 033.0861 0116432 282.6212 076.1940 14.61137941191771
0 COSMOS 2251 DEB
1 33813U 93036BE  12263.76181018  .00001465  00000-0  27683-3 0  9990
2 33813 074.0537 031.2553 0116496 280.5393 078.2668 14.61140994191919
0 COSMOS 2251 DEB
1 33813U 93036BE  12264.78882566  .00001546  00000-0  29169-3 0  9990
2 33813 074.0529 029.2926 0116501 278.3671 080.4379 14.61145019192066
0 COSMOS 2251 DEB
1 33813U 93036BE  12265.74736911 +.00001773 +00000-0 +33356-3 0  9994
2 33813 074.0524 027.4602 0116575 276.1830 082.6281 14.61150561192206
0 COSMOS 2251 DEB
1 33813U 93036BE  12266.36357089  .00001790  00000-0  33661-3 0  9996
2 33813 074.0524 026.2834 0116610 274.8707 083.9171 14.61152996192293
0 COSMOS 2251 DEB
1 33813U 93036BE  12266.43203782 +.00001827 +00000-0 +34342-3 0  9992
2 33813 074.0523 026.1526 0116634 274.7385 084.0489 14.61153576192307
0 COSMOS 2251 DEB
1 33813U 93036BE  12267.39057780  .00002000  00000-0  37509-3 0  9995
2 33813 074.0521 024.3218 0116867 272.6688 086.1346 14.61159381192444
0 COSMOS 2251 DEB
1 33813U 93036BE  12267.73290803 +.00002215 +00000-0 +41473-3 0  9991
2 33813 074.0534 023.6696 0116869 271.8953 086.8967 14.61162832192494
0 COSMOS 2251 DEB
1 33813U 93036BE  12268.75990586  .00002465  00000-0  46067-3 0  9990
2 33813 074.0537 021.7085 0116733 269.7149 089.0834 14.61170270192641
0 COSMOS 2251 DEB
1 33813U 93036BE  12269.71842871 +.00002813 +00000-0 +52491-3 0  9995
2 33813 074.0533 019.8770 0116578 267.6121 091.1745 14.61178427192782
0 COSMOS 2251 DEB
1 33813U 93036BE  12270.74541669 +.00003005 +00000-0 +56011-3 0  9997
2 33813 074.0530 017.9151 0116541 265.4875 093.3103 14.61186663192933
0 COSMOS 2251 DEB
1 33813U 93036BE  12271.36160565  .00003053  00000-0  56892-3 0  9998
2 33813 074.0531 016.7364 0116552 264.0505 094.7446 14.61190985193022
0 COSMOS 2251 DEB
1 33813U 93036BE  12271.70393200 +.00003283 +00000-0 +61125-3 0  9990
2 33813 074.0527 016.0805 0116547 263.1087 095.7004 14.61195367193074
0 COSMOS 2251 DEB
1 33813U 93036BE  12272.32011626  .00003438  00000-0  63937-3 0  9993
2 33813 074.0525 014.9034 0116886 261.9605 096.8476 14.61201409193161
0 COSMOS 2251 DEB
1 33813U 93036BE  12272.73090315 +.00003733 +00000-0 +69337-3 0  9998
2 33813 074.0521 014.1192 0116951 261.3630 097.4496 14.61207551193229
0 COSMOS 2251 DEB
1 33813U 93036BE  12273.34708177  .00003811  00000-0  70759-3 0  9995
2 33813 074.0523 012.9422 0117028 259.9522 098.8519 14.61213103193313
0 COSMOS 2251 DEB
1 33813U 93036BE  12273.48400916 +.00004181 +00000-0 +77544-3 0  9990
2 33813 074.0518 012.6808 0117152 259.6886 099.1265 14.61217516193336
0 COSMOS 2251 DEB
1 33813U 93036BE  12274.30557636  .00004287  00000-0  79446-3 0  9994
2 33813 074.0518 011.1110 0117335 257.9459 100.8697 14.61225860193459
0 COSMOS 2251 DEB
1 33813U 93036BE  12274.71635717 +.00004579 +00000-0 +84856-3 0  9991
2 33813 074.0515 010.3266 0116881 257.2781 101.5410 14.61232278193514
0 COSMOS 2251 DEB
1 33813U 93036BE  12275.60638151  .00004948  00000-0  91569-3 0  9994
2 33813 074.0520 008.6267 0117219 255.1923 103.6540 14.61243959193641
0 COSMOS 2251 DEB
1 33813U 93036BE  12276.42793111 +.00005340 +00000-0 +98806-3 0  9991
2 33813 074.0538 007.0570 0116747 253.3337 105.5128 14.61255953193767
0 COSMOS 2251 DEB
1 33813U 93036BE  12277.31794067  .00005352  00000-0  99021-3 0  9994
2 33813 074.0538 005.3575 0116717 251.4173 107.4295 14.61265666193899
0 COSMOS 2251 DEB
1 33813U 93036BE  12277.66025143 +.00005581 +00000-0 +10322-2 0  9994
2 33813 074.0543 004.7040 0116689 250.6017 108.2690 14.61271713193945
0 COSMOS 2251 DEB
1 33813U 93036BE  12278.41332809  .00005640  00000-0  10428-2 0  9991
2 33813 074.0544 003.2656 0116632 249.0777 109.7861 14.61280453194056
0 COSMOS 2251 DEB
1 33813U 93036BE  12279.64563317  .00005442  00000-0  10060-2 0  9999
2 33813 074.0541 000.9107 0116768 246.7630 112.1022 14.61291827194234
0 COSMOS 2251 DEB
1 33813U 93036BE  12280.60409166 +.00005191 +00000-0 +96029-3 0  9999
2 33813 074.0558 359.0798 0116469 244.5088 114.3869 14.61299458194373
0 COSMOS 2251 DEB
1 33813U 93036BE  12280.67255480  .00005139  00000-0  95040-3 0  9998
2 33813 074.0560 358.9498 0116597 244.3066 114.5987 14.61299542194385
0 COSMOS 2251 DEB
1 33813U 93036BE  12281.28870101  .00004772  00000-0  88334-3 0  9999
2 33813 074.0567 357.7734 0116413 242.6739 116.2248 14.61302086194474
0 COSMOS 2251 DEB
1 33813U 93036BE  12282.24715446  .00004317  00000-0  79932-3 0  9995
2 33813 074.0559 355.9416 0116687 240.5243 118.3890 14.61305832194616
0 COSMOS 2251 DEB
1 33813U 93036BE  12282.65792370  .00003659  00000-0  67848-3 0  9992
2 33813 074.0553 355.1565 0116811 239.7130 119.2160 14.61303855194670
0 COSMOS 2251 DEB
1 33813U 93036BE  12283.27407347 +.00003473 +00000-0 +64432-3 0  9998
2 33813 074.0550 353.9786 0116687 238.3823 120.5702 14.61306179194762
0 COSMOS 2251 DEB
1 33813U 93036BE  12283.95868150  .00003240  00000-0  60111-3 0  9998
2 33813 074.0536 352.6695 0117110 237.3392 121.6290 14.61308576194861
0 COSMOS 2251 DEB
1 33813U 93036BE  12284.36944628 +.00003054 +00000-0 +56696-3 0  9995
2 33813 074.0538 351.8853 0117206 236.3412 122.6458 14.61309644194929
0 COSMOS 2251 DEB
1 33813U 93036BE  12285.32789157  .00002922  00000-0  54260-3 0  9994
2 33813 074.0541 350.0538 0117147 234.3731 124.6481 14.61314614195067
0 COSMOS 2251 DEB
1 33813U 93036BE  12285.60173202 +.00002946 +00000-0 +54717-3 0  9996
2 33813 074.0537 349.5303 0117118 233.7085 125.3250 14.61316535195109
0 COSMOS 2251 DEB
1 33813U 93036BE  12286.35478981  .00003031  00000-0  56243-3 0  9993
2 33813 074.0534 348.0913 0117255 232.1276 126.9252 14.61321862195214
0 COSMOS 2251 DEB
1 33813U 93036BE  12287.58706329  .00003058  00000-0  56732-3 0  9991
2 33813 074.0528 345.7366 0117224 229.4752 129.6156 14.61329594195399
0 COSMOS 2251 DEB
1 33813U 93036BE  12288.54549347 +.00003130 +00000-0 +58047-3 0  9995
2 33813 074.0531 343.9060 0117265 227.4599 131.6623 14.61336184195537
0 COSMOS 2251 DEB
1 33813U 93036BE  12289.16162545  .00003158  00000-0  58546-3 0  9999
2 33813 074.0532 342.7290 0117267 226.1490 132.9974 14.61340426195625
0 COSMOS 2251 DEB
1 33813U 93036BE  12289.57237856 +.00003212 +00000-0 +59543-3 0  9991
2 33813 074.0531 341.9437 0117258 225.2372 133.9257 14.61343609195684
0 COSMOS 2251 DEB
1 33813U 93036BE  12290.32542364  .00003362  00000-0  62267-3 0  9992
2 33813 074.0530 340.5049 0117378 223.6383 135.5598 14.61350181195795
0 COSMOS 2251 DEB
1 33813U 93036BE  12291.55767144  .00003540  00000-0  65513-3 0  9998
2 33813 074.0527 338.1512 0117324 220.9496 138.2933 14.61360424195979
0 COSMOS 2251 DEB
1 33813U 93036BE  12292.58453683  .00003775  00000-0  69806-3 0  9991
2 33813 074.0527 336.1894 0117235 218.7604 140.5241 14.61370384196129
0 COSMOS 2251 DEB
1 33813U 93036BE  12293.88522169  .00004011  00000-0  74082-3 0  9997
2 33813 074.0523 333.7032 0117394 215.9005 143.4288 14.61383004196319
0 COSMOS 2251 DEB
1 33813U 93036BE  12294.50133351 +.00004176 +00000-0 +77084-3 0  9995
2 33813 074.0532 332.5261 0117513 214.5626 144.7945 14.61389399196404
0 COSMOS 2251 DEB
1 33813U 93036BE  12295.11744216  .00004194  00000-0  77407-3 0  9990
2 33813 074.0530 331.3492 0117493 213.2377 146.1391 14.61394806196490
0 COSMOS 2251 DEB
1 33813U 93036BE  12295.52818071 +.00004266 +00000-0 +78712-3 0  9996
2 33813 074.0526 330.5644 0117513 212.3747 147.0223 14.61398951196555
0 COSMOS 2251 DEB
1 33813U 93036BE  12296.14428605  .00004277  00000-0  78892-3 0  9996
2 33813 074.0526 329.3868 0117513 211.0562 148.3645 14.61404409196648
0 COSMOS 2251 DEB
1 33813U 93036BE  12296.28119785 +.00004341 +00000-0 +80069-3 0  9998
2 33813 074.0528 329.1251 0117447 210.7772 148.6506 14.61406202196663
0 COSMOS 2251 DEB
1 33813U 93036BE  12297.51340146  .00004391  00000-0  80981-3 0  9990
2 33813 074.0520 326.7710 0117371 208.1658 151.3163 14.61417508196849
0 COSMOS 2251 DEB
1 33813U 93036BE  12298.47177411 +.00004496 +00000-0 +82878-3 0  9992
2 33813 074.0522 324.9374 0117395 206.1784 153.3478 14.61427215196983
0 COSMOS 2251 DEB
1 33813U 93036BE  12298.88250301  .00004528  00000-0  83461-3 0  9992
2 33813 074.0523 324.1523 0117306 205.3223 154.2195 14.61431319197047
0 COSMOS 2251 DEB
1 33813U 93036BE  12299.49859492 +.00004618 +00000-0 +85135-3 0  9996
2 33813 074.0527 322.9756 0117077 204.0336 155.5343 14.61437781197139
0 COSMOS 2251 DEB
1 33813U 93036BE  12300.25159376  .00004638  00000-0  85479-3 0  9990
2 33813 074.0531 321.5360 0117118 202.4153 157.1890 14.61444939197245
0 COSMOS 2251 DEB
1 33813U 93036BE  12301.48376663  .00004600  00000-0  84781-3 0  9990
2 33813 074.0528 319.1817 0117006 199.7889 159.8706 14.61455893197427
0 COSMOS 2251 DEB
1 33813U 93036BE  12303.12665311  .00004410  00000-0  81274-3 0  9997
2 33813 074.0529 316.0429 0117024 196.2315 163.5067 14.61468691197667
0 COSMOS 2251 DEB
1 33813U 93036BE  12304.42726379  .00003855  00000-0  71203-3 0  9996
2 33813 074.0528 313.5556 0116373 193.5070 166.2592 14.61473867197858
0 COSMOS 2251 DEB
1 33813U 93036BE  12305.45406397  .00003530  00000-0  65290-3 0  9994
2 33813 074.0529 311.5923 0115900 191.3536 168.4753 14.61478301198002
0 COSMOS 2251 DEB
1 33813U 93036BE  12308.05527495  .00002573  00000-0  47653-3 0  9995
2 33813 074.0527 306.6205 0117187 185.6390 174.3353 14.61484739198386
0 COSMOS 2251 DEB
1 33813U 93036BE  12309.42432602  .00002258  00000-0  41927-3 0  9990
2 33813 074.0518 304.0025 0116901 182.7716 177.2755 14.61488709198582
0 COSMOS 2251 DEB
1 33813U 93036BE  12310.99872989  .00002031  00000-0  37775-3 0  9995
2 33813 074.0516 300.9932 0116587 179.3323 180.7967 14.61493244198818
0 COSMOS 2251 DEB
1 33813U 93036BE  12312.02551084  .00001902  00000-0  35413-3 0  9994
2 33813 074.0516 299.0309 0116642 177.0997 183.0753 14.61495887198968
0 COSMOS 2251 DEB
1 33813U 93036BE  12313.39455107  .00001754  00000-0  32715-3 0  9991
2 33813 074.0515 296.4141 0116359 174.1915 186.0572 14.61499511199168
0 COSMOS 2251 DEB
1 33813U 93036BE  12315.10584528  .00001562  00000-0  29200-3 0  9994
2 33813 074.0517 293.1429 0116489 170.4496 189.8901 14.61503483199419
0 COSMOS 2251 DEB
1 33813U 93036BE  12316.13261829  .00001455  00000-0  27238-3 0  9994
2 33813 074.0515 291.1787 0116324 168.1995 192.1881 14.61505734199569
0 COSMOS 2251 DEB
1 33813U 93036BE  12317.36474391  .00001526  00000-0  28550-3 0  9997
2 33813 074.0513 288.8236 0116322 165.4470 195.0122 14.61510097199743
0 COSMOS 2251 DEB
1 33813U 93036BE  12319.00757084  .00001546  00000-0  28900-3 0  9994
2 33813 074.0516 285.6847 0116221 161.8701 198.6695 14.61515398199983
0 COSMOS 2251 DEB
1 33813U 93036BE  12320.03433253  .00001756  00000-0  32737-3 0  9994
2 33813 074.0512 283.7220 0116383 159.7208 200.8859 14.61521251200133
0 COSMOS 2251 DEB
1 33813U 93036BE  12321.33488299  .00002175  00000-0  40359-3 0  9993
2 33813 074.0512 281.2366 0116713 156.9393 203.7184 14.61530664200320
0 COSMOS 2251 DEB
1 33813U 93036BE  12322.29317694  .00002533  00000-0  46918-3 0  9994
2 33813 074.0508 279.4036 0116376 155.0452 205.6431 14.61538698200465
0 COSMOS 2251 DEB
1 33813U 93036BE  12323.31992081  .00002832  00000-0  52438-3 0  9993
2 33813 074.0509 277.4416 0115541 152.7047 208.0315 14.61546994200616
0 COSMOS 2251 DEB
1 33813U 93036BE  12324.96269515  .00003211  00000-0  59319-3 0  9991
2 33813 074.0514 274.3013 0115907 149.0661 211.7418 14.61560603200852
0 COSMOS 2251 DEB
1 33813U 93036BE  12326.26321751  .00003324  00000-0  61378-3 0  9990
2 33813 074.0522 271.8138 0115875 146.2677 214.5971 14.61570080201048
0 COSMOS 2251 DEB
1 33813U 93036BE  12327.97441781  .00003324  00000-0  61388-3 0  9996
2 33813 074.0523 268.5438 0115671 142.5131 218.4184 14.61581839201293
0 COSMOS 2251 DEB
1 33813U 93036BE  12329.00113112  .00003369  00000-0  62219-3 0  9999
2 33813 074.0518 266.5827 0115475 140.2823 220.6884 14.61589196201445
0 COSMOS 2251 DEB
1 33813U 93036BE  12330.16473380  .00003382  00000-0  62447-3 0  9992
2 33813 074.0522 264.3590 0115314 137.7498 223.2627 14.61597130201614
0 COSMOS 2251 DEB
1 33813U 93036BE  12331.19143685  .00003370  00000-0  62234-3 0  9999
2 33813 074.0523 262.3970 0115275 135.5210 225.5283 14.61603941201766
0 COSMOS 2251 DEB
1 33813U 93036BE  12332.21813835  .00003183  00000-0  58821-3 0  9993
2 33813 074.0520 260.4350 0115052 133.1653 227.9193 14.61608809201913
0 COSMOS 2251 DEB
1 33813U 93036BE  12333.86085056  .00002884  00000-0  53341-3 0  9990
2 33813 074.0521 257.2961 0115155 129.5760 231.5497 14.61615697202156
0 COSMOS 2251 DEB
1 33813U 93036BE  12333.86085056 +.00002884 +00000-0 +53341-3 0  9990
2 33813 074.0521 257.2961 0115155 129.5760 231.5497 14.61615697202156
0 COSMOS 2251 DEB
1 33813U 93036BE  12335.22977399  .00002476  00000-0  45856-3 0  9991
2 33813 074.0522 254.6800 0115358 126.9378 234.2315 14.61619235202354
0 COSMOS 2251 DEB
1 33813U 93036BE  12336.80403142  .00002229  00000-0  41397-3 0  9998
2 33813 074.0519 251.6729 0114544 123.1305 238.0807 14.61624270202580
0 COSMOS 2251 DEB
1 33813U 93036BE  12337.76227737  .00001884  00000-0  35099-3 0  9996
2 33813 074.0527 249.8374 0114281 120.5867 240.6487 14.61624488202726
0 COSMOS 2251 DEB
1 33813U 93036BE  12338.78896307  .00001698  00000-0  31666-3 0  9993
2 33813 074.0526 247.8744 0114828 118.7718 242.5028 14.61626387202873
0 COSMOS 2251 DEB
1 33813U 93036BE  12339.81564468  .00001550  00000-0  28940-3 0  9996
2 33813 074.0528 245.9107 0115119 116.6634 244.6329 14.61628407203025
0 COSMOS 2251 DEB
1 33813U 93036BE  12341.18455287  .00001426  00000-0  26668-3 0  9994
2 33813 074.0528 243.2939 0115108 113.5431 247.7878 14.61631487203225
0 COSMOS 2251 DEB
1 33813U 93036BE  12342.75878992  .00001386  00000-0  25939-3 0  9995
2 33813 074.0527 240.2840 0115071 110.1054 251.2528 14.61635557203454
0 COSMOS 2251 DEB
1 33813U 93036BE  12344.12768793  .00001332  00000-0  24984-3 0  9995
2 33813 074.0519 237.6672 0114389 106.9171 254.4546 14.61638749203655
0 COSMOS 2251 DEB
1 33813U 93036BE  12345.83880457  .00001230  00000-0  23114-3 0  9997
2 33813 074.0527 234.3969 0114416 103.2356 258.1536 14.61642339203901
0 COSMOS 2251 DEB
1 33813U 93036BE  12346.86547335  .00001219  00000-0  22914-3 0  9990
2 33813 074.0526 232.4345 0114414 101.0256 260.3819 14.61644843204058
0 COSMOS 2251 DEB
1 33813U 93036BE  12348.09747028  .00001252  00000-0  23515-3 0  9993
2 33813 074.0533 230.0785 0114359 098.1957 263.2200 14.61648487204234
0 COSMOS 2251 DEB
1 33813U 93036BE  12349.12413189  .00001362  00000-0  25524-3 0  9990
2 33813 074.0531 228.1154 0114442 096.0516 265.3807 14.61652368204386
0 COSMOS 2251 DEB
1 33813U 93036BE  12350.69833679  .00001515  00000-0  28311-3 0  9991
2 33813 074.0522 225.1056 0114588 092.6779 268.7543 14.61658538204613
0 COSMOS 2251 DEB
1 33813U 93036BE  12352.06720471  .00001719  00000-0  32037-3 0  9995
2 33813 074.0516 222.4875 0114560 089.5756 271.8573 14.61665124204814
0 COSMOS 2251 DEB
1 33813U 93036BE  12353.09385026  .00001938  00000-0  36031-3 0  9993
2 33813 074.0518 220.5256 0114698 087.2598 274.1705 14.61671016204965
0 COSMOS 2251 DEB
1 33813U 93036BE  12354.66803335  .00002152  00000-0  39909-3 0  9991
2 33813 074.0509 217.5140 0114941 084.0105 277.4204 14.61679466205196
0 COSMOS 2251 DEB
1 33813U 93036BE  12356.74331264  .00001590  00000-0  29661-3 0  9998
2 33813 074.0516 213.5430 0114703 079.0421 038.1387 14.61688087205499
0 COSMOS 2251 DEB
1 33813U 93036BE  12357.77041115  .00001653  00000-0  30812-3 0  9995
2 33813 074.0513 211.5795 0114720 076.7905 042.8388 14.61691220205641
0 COSMOS 2251 DEB
1 33813U 93036BE  12358.79307113  .00001731  00000-0  32229-3 0  9992
2 33813 074.0505 209.6231 0114832 074.4940 024.2481 14.61694477205794
0 COSMOS 2251 DEB
1 33813U 93036BE  12359.82023032  .00001938  00000-0  36000-3 0  9992
2 33813 074.0504 207.6592 0114893 072.2405 029.2931 14.61697545205941
0 COSMOS 2251 DEB
1 33813U 93036BE  12361.06019797  .00001876  00000-0  34856-3 0  9992
2 33813 074.0504 205.2884 0114946 069.5214 074.1764 14.61701538206127
0 COSMOS 2251 DEB
1 33813U 93036BE  12362.08695914  .00001755  00000-0  32645-3 0  9996
2 33813 074.0504 203.3252 0114978 067.2682 077.1525 14.61705533206277
0 COSMOS 2251 DEB
1 33813U 93036BE  12363.57192723  .00001485  00000-0  27719-3 0  9997
2 33813 074.0505 200.4859 0115020 064.0199 331.2965 14.61710422206495
0 COSMOS 2251 DEB
1 33813U 93036BE  12364.60229398  .00001579  00000-0  29425-3 0  9991
2 33813 074.0504 198.5158 0115049 061.7597 353.2774 14.61713128206645
0 COSMOS 2251 DEB
1 33813U 93036BE  12365.91444639  .00001626  00000-0  30285-3 0  9992
2 33813 074.0505 196.0069 0115099 058.8860 058.0782 14.61717305206836
0 COSMOS 2251 DEB
1 33813U 93036BE  12366.94994622  .00001603  00000-0  29852-3 0  9991
2 33813 074.0504 194.0270 0115150 056.6044 107.1065 14.61720204206983
0 COSMOS 2251 DEB
1 33813U 93036BE  13002.04134172  .00001837  00000-0  34123-3 0  9992
2 33813 074.0503 191.9401 0115199 054.2052 090.2748 14.61724179207144
0 COSMOS 2251 DEB
1 33813U 93036BE  13003.59962671  .00001832  00000-0  34031-3 0  9999
2 33813 074.0504 188.9605 0115247 050.8156 010.3122 14.61729096207375
0 COSMOS 2251 DEB
1 33813U 93036BE  13004.91784013  .00002188  00000-0  40497-3 0  9996
2 33813 074.0505 186.4401 0115311 047.9267 107.0853 14.61734042207568
0 COSMOS 2251 DEB
1 33813U 93036BE  13006.01089449  .00002333  00000-0  43140-3 0  9990
2 33813 074.0506 184.3501 0115348 045.5356 099.0243 14.61739805207723
0 COSMOS 2251 DEB
1 33813U 93036BE  13007.56938382  .00002159  00000-0  39953-3 0  9993
2 33813 074.0508 181.3700 0115395 042.1366 020.2350 14.61746988207959
0 COSMOS 2251 DEB
1 33813U 93036BE  13008.88561788  .00002500  00000-0  46169-3 0  9998
2 33813 074.0506 178.8547 0115339 039.2440 106.6828 14.61751837208145
0 COSMOS 2251 DEB
1 33813U 93036BE  13009.91185914  .00002508  00000-0  46307-3 0  9998
2 33813 074.0507 176.8923 0115360 036.9654 107.1371 14.61756512208297
0 COSMOS 2251 DEB
1 33813U 93036BE  13010.93837826  .00003560  00000-0  65457-3 0  9994
2 33813 074.0511 174.9294 0115418 034.7424 109.0173 14.61758903208441
0 COSMOS 2251 DEB
1 33813U 93036BE  13012.22141532  .00003112  00000-0  57291-3 0  9990
2 33813 074.0514 172.4761 0115466 031.9439 020.8191 14.61765917208638
0 COSMOS 2251 DEB
1 33813U 93036BE  13013.52827295  .00002750  00000-0  50692-3 0  9996
2 33813 074.0519 169.9774 0115525 029.0738 058.0197 14.61772228208827
0 COSMOS 2251 DEB
1 33813U 93036BE  13014.90782617  .00002360  00000-0  43583-3 0  9995
2 33813 074.0519 167.3394 0115589 026.0485 117.8025 14.61780005209022
0 COSMOS 2251 DEB
1 33813U 93036BE  13015.93459374  .00002023  00000-0  37435-3 0  9995
2 33813 074.0518 165.3763 0115640 023.7987 121.1009 14.61785152209172
0 COSMOS 2251 DEB
1 33813U 93036BE  13017.91929995  .00002190  00000-0  40475-3 0  9999
2 33813 074.0517 161.5812 0115730 019.4581 125.5275 14.61795364209467
0 COSMOS 2251 DEB
1 33813U 93036BE  13019.13286944  .00001943  00000-0  35963-3 0  9996
2 33813 074.0517 159.2608 0115776 016.7985 031.9245 14.61800827209640
0 COSMOS 2251 DEB
1 33813U 93036BE  13020.16015656  .00001287  00000-0  24038-3 0  9993
2 33813 074.0517 157.2962 0115823 014.5482 038.0281 14.61804003209796
0 COSMOS 2251 DEB
1 33813U 93036BE  13021.46209975  .00001269  00000-0  23708-3 0  9999
2 33813 074.0520 154.8066 0115889 011.6865 049.5382 14.61807100209984
0 COSMOS 2251 DEB
1 33813U 93036BE  13022.84659080  .00001127  00000-0  21126-3 0  9993
2 33813 074.0523 152.1592 0115961 008.6658 135.4547 14.61810932210188
0 COSMOS 2251 DEB
1 33813U 93036BE  13023.87335894  .00001330  00000-0  24799-3 0  9996
2 33813 074.0520 150.1942 0116137 006.3955 138.8882 14.61812413210335
0 COSMOS 2251 DEB
1 33813U 93036BE  13025.43151046  .00001336  00000-0  24901-3 0  9996
2 33813 074.0519 147.2147 0116224 002.9886 058.7312 14.61817032210564
0 COSMOS 2251 DEB
1 33813U 93036BE  13026.46906130  .00001274  00000-0  23776-3 0  9992
2 33813 074.0519 145.2307 0116303 000.7146 118.9087 14.61820826210713
0 COSMOS 2251 DEB
1 33813U 93036BE  13027.49635569  .00001396  00000-0  25999-3 0  9995
2 33813 074.0519 143.2664 0116346 358.4832 125.1084 14.61824564210865
0 COSMOS 2251 DEB
1 33813U 93036BE  13028.80059079  .00001600  00000-0  29699-3 0  9996
2 33813 074.0519 140.7724 0116436 355.6422 148.7525 14.61825588211058
0 COSMOS 2251 DEB
1 33813U 93036BE  13029.82736282  .00001991  00000-0  36791-3 0  9991
2 33813 074.0519 138.8089 0116500 353.4044 152.2329 14.61827265211201
0 COSMOS 2251 DEB
1 33813U 93036BE  13031.24263091  .00001468  00000-0  27290-3 0  9996
2 33813 074.0518 136.1025 0116571 350.3187 040.2193 14.61832328211417
0 COSMOS 2251 DEB
1 33813U 93036BE  13032.26959970  .00001576  00000-0  29238-3 0  9991
2 33813 074.0519 134.1387 0116628 348.1054 044.7277 14.61834962211562
0 COSMOS 2251 DEB
1 33813U 93036BE  13033.37049068  .00001645  00000-0  30493-3 0  9994
2 33813 074.0519 132.0333 0116684 345.7106 078.2927 14.61838665211729
0 COSMOS 2251 DEB
1 33813U 93036BE  13034.75453341  .00001857  00000-0  34331-3 0  9990
2 33813 074.0517 129.3864 0116766 342.7081 161.9893 14.61843085211921
0 COSMOS 2251 DEB
1 33813U 93036BE  13035.78130796  .00002106  00000-0  38843-3 0  9990
2 33813 074.0516 127.4227 0116836 340.4730 165.5407 14.61845024212079
0 COSMOS 2251 DEB
1 33813U 93036BE  13037.26990006  .00001756  00000-0  32488-3 0  9992
2 33813 074.0514 124.5759 0116917 337.2330 079.4912 14.61848742212293
0 COSMOS 2251 DEB
1 33813U 93036BE  13038.36942278  .00001903  00000-0  35153-3 0  9998
2 33813 074.0513 122.4732 0116998 334.8496 105.9033 14.61852898212459
0 COSMOS 2251 DEB
1 33813U 93036BE  13039.60854753  .00001861  00000-0  34386-3 0  9996
2 33813 074.0512 120.1033 0117058 332.1646 147.0127 14.61857774212632
0 COSMOS 2251 DEB
1 33813U 93036BE  13040.64023694  .00002087  00000-0  38474-3 0  9997
2 33813 074.0511 118.1303 0117111 329.9260 176.4787 14.61859163212782
0 COSMOS 2251 DEB
1 33813U 93036BE  13041.66153028  .00002058  00000-0  37941-3 0  9991
2 33813 074.0510 116.1770 0117187 327.7093 151.2385 14.61863378212935
0 COSMOS 2251 DEB
1 33813U 93036BE  13042.69301959  .00001887  00000-0  34834-3 0  9990
2 33813 074.0510 114.2043 0117226 325.4781 179.6643 14.61866617213087
0 COSMOS 2251 DEB
1 33813U 93036BE  13043.71979396  .00001704  00000-0  31524-3 0  9991
2 33813 074.0510 112.2405 0117266 323.2584 183.2880 14.61869754213234
0 COSMOS 2251 DEB
1 33813U 93036BE  13045.20837685  .00001791  00000-0  33079-3 0  9994
2 33813 074.0510 109.3935 0117358 320.0494 097.2907 14.61874974213454
0 COSMOS 2251 DEB
1 33813U 93036BE  13046.23425653  .00001756  00000-0  32440-3 0  9998
2 33813 074.0509 107.4313 0117411 317.8385 096.2310 14.61878219213604
0 COSMOS 2251 DEB
1 33813U 93036BE  13047.26256024  .00001833  00000-0  33835-3 0  9991
2 33813 074.0507 105.4645 0117453 315.6178 107.9451 14.61881337213757
0 COSMOS 2251 DEB
1 33813U 93036BE  13048.57858476  .00002209  00000-0  40646-3 0  9991
2 33813 074.0506 102.9474 0117498 312.7848 193.8763 14.61885190213941
0 COSMOS 2251 DEB
1 33813U 93036BE  13049.67356554  .00002520  00000-0  46251-3 0  9997
2 33813 074.0505 100.8528 0117577 310.4281 196.5196 14.61889809214101
0 COSMOS 2251 DEB
1 33813U 93036BE  13051.23165442  .00002364  00000-0  43426-3 0  9993
2 33813 074.0501 097.8724 0117570 307.0733 116.4260 14.61898415214338
0 COSMOS 2251 DEB
1 33813U 93036BE  13052.54770176  .00002232  00000-0  41027-3 0  9993
2 33813 074.0501 095.3551 0117617 304.2370 202.5525 14.61902168214520
0 COSMOS 2251 DEB
1 33813U 93036BE  13053.57395584  .00001803  00000-0  33274-3 0  9991
2 33813 074.0501 093.3920 0117648 302.0308 203.5556 14.61906433214679
0 COSMOS 2251 DEB
1 33813U 93036BE  13054.60047704  .00001638  00000-0  30283-3 0  9997
2 33813 074.0501 091.4282 0117682 299.8281 205.9771 14.61910166214820
0 COSMOS 2251 DEB
1 33813U 93036BE  13055.62724230  .00001824  00000-0  33648-3 0  9991
2 33813 074.0502 089.4639 0117749 297.6305 209.6936 14.61912150214976
0 COSMOS 2251 DEB
1 33813U 93036BE  13057.18540157  .00001828  00000-0  33709-3 0  9990
2 33813 074.0503 086.4831 0117779 294.2820 130.0877 14.61917285215208
0 COSMOS 2251 DEB
1 33813U 93036BE  13058.56954845  .00001922  00000-0  35396-3 0  9995
2 33813 074.0503 083.8352 0117826 291.3245 214.6846 14.61921466215402
0 COSMOS 2251 DEB
1 33813U 93036BE  13059.59631008  .00002134  00000-0  39224-3 0  9992
2 33813 074.0503 081.8710 0117823 289.1155 218.4337 14.61925007215558
0 COSMOS 2251 DEB
1 33813U 93036BE  13061.15753183  .00002558  00000-0  46888-3 0  9990
2 33813 074.0503 078.8839 0117828 285.7644 155.0208 14.61933444215788
0 COSMOS 2251 DEB
1 33813U 93036BE  13062.19156234  .00002320  00000-0  42571-3 0  9991
2 33813 074.0503 076.9059 0117806 283.5138 197.0991 14.61938861215931
0 COSMOS 2251 DEB
1 33813U 93036BE  13063.56532997  .00002622  00000-0  48029-3 0  9996
2 33813 074.0510 074.2801 0117793 280.5325 227.2270 14.61946237216130
0 COSMOS 2251 DEB
1 33813U 93036BE  13065.80739003  .00002917  00000-0  53338-3 0  9998
2 33813 074.0509 069.9908 0117786 275.7285 147.1892 14.61958004216461
0 COSMOS 2251 DEB
1 33813U 93036BE  13066.83509181  .00002950  00000-0  53923-3 0  9991
2 33813 074.0509 068.0246 0117765 273.5187 156.0242 14.61964393216613
0 COSMOS 2251 DEB
1 33813U 93036BE  13068.14476778  .00003294  00000-0  60126-3 0  9997
2 33813 074.0512 065.5189 0117744 270.6986 208.9371 14.61971654216806
0 COSMOS 2251 DEB
1 33813U 93036BE  13069.17236815  .00003182  00000-0  58112-3 0  9995
2 33813 074.0514 063.5529 0117708 268.5028 217.2771 14.61977716216955
0 COSMOS 2251 DEB
1 33813U 93036BE  13070.47644650  .00002970  00000-0  54268-3 0  9992
2 33813 074.0518 061.0579 0117634 265.7088 240.7789 14.61986176217142
0 COSMOS 2251 DEB
1 33813U 93036BE  13071.50317497  .00003234  00000-0  59031-3 0  9990
2 33813 074.0521 059.0937 0117583 263.5024 244.5942 14.61992044217290
0 COSMOS 2251 DEB
1 33813U 93036BE  13072.78847477  .00003472  00000-0  63317-3 0  9993
2 33813 074.0524 056.6348 0117563 260.7242 169.3535 14.61999092217484
0 COSMOS 2251 DEB
1 33813U 93036BE  13074.09810208  .00003438  00000-0  62702-3 0  9990
2 33813 074.0526 054.1296 0117519 257.8989 222.1799 14.62008268217675
0 COSMOS 2251 DEB
1 33813U 93036BE  13075.12562628  .00004496  00000-0  81768-3 0  9993
2 33813 074.0527 052.1640 0117486 255.6876 230.2692 14.62014579217822
0 COSMOS 2251 DEB
1 33813U 93036BE  13076.42966649  .00003350  00000-0  61103-3 0  9997
2 33813 074.0527 049.6696 0117367 252.8798 253.7516 14.62027311218019
0 COSMOS 2251 DEB
1 33813U 93036BE  13077.45636913  .00002433  00000-0  44573-3 0  9992
2 33813 074.0528 047.7063 0117187 250.6539 257.6025 14.62032066218163
0 COSMOS 2251 DEB
1 33813U 93036BE  13078.74154380  .00004237  00000-0  77089-3 0  9990
2 33813 074.0527 045.2479 0117237 247.8772 181.9070 14.62044773218357
0 COSMOS 2251 DEB
1 33813U 93036BE  13080.05122218  .00002565  00000-0  46927-3 0  9991
2 33813 074.0530 042.7414 0117212 245.0474 235.2003 14.62050381218546
0 COSMOS 2251 DEB
1 33813U 93036BE  13081.42506550  .00001972  00000-0  36228-3 0  9992
2 33813 074.0533 040.1119 0117147 242.0899 266.2457 14.62056458218748
0 COSMOS 2251 DEB
1 33813U 93036BE  13082.83983810  .00001632  00000-0  30090-3 0  9990
2 33813 074.0537 037.4051 0117042 239.0190 152.7751 14.62062944218956
0 COSMOS 2251 DEB
1 33813U 93036BE  13083.93504292  .00001718  00000-0  31653-3 0  9996
2 33813 074.0540 035.3098 0116930 236.6542 157.2913 14.62064102219114
0 COSMOS 2251 DEB
1 33813U 93036BE  13084.96101499  .00001772  00000-0  32631-3 0  9999
2 33813 074.0544 033.3471 0116867 234.4410 157.4148 14.62065882219264
0 COSMOS 2251 DEB
1 33813U 93036BE  13086.35133992  .00001801  00000-0  33155-3 0  9992
2 33813 074.0534 030.6854 0116771 231.4329 275.2981 14.62071132219469
0 COSMOS 2251 DEB
1 33813U 93036BE  13087.37801749  .00001621  00000-0  29907-3 0  9997
2 33813 074.0536 028.7212 0116688 229.2180 279.1603 14.62074188219619
0 COSMOS 2251 DEB
1 33813U 93036BE  13088.86175914  .00001690  00000-0  31151-3 0  9990
2 33813 074.0537 025.8828 0116632 225.9932 168.8021 14.62078989219833
0 COSMOS 2251 DEB
1 33813U 93036BE  13089.97436253  .00002203  00000-0  40406-3 0  9993
2 33813 074.0538 023.7541 0116602 223.5839 264.9844 14.62083329219992
0 COSMOS 2251 DEB
1 33813U 93036BE  13091.00042435  .00002466  00000-0  45142-3 0  9998
2 33813 074.0540 021.7913 0116520 221.3366 265.6974 14.62086842220140
0 COSMOS 2251 DEB
1 33813U 93036BE  13092.02176481  .00002747  00000-0  50203-3 0  9996
2 33813 074.0541 019.8374 0116497 219.1344 241.5329 14.62092480220292
0 COSMOS 2251 DEB
1 33813U 93036BE  13093.18896441  .00002658  00000-0  48591-3 0  9997
2 33813 074.0544 017.6066 0116517 216.6038 265.1329 14.62097022220462
0 COSMOS 2251 DEB
1 33813U 93036BE  13094.28847161  .00002568  00000-0  46974-3 0  9997
2 33813 074.0546 015.5029 0116457 214.2074 292.4636 14.62102175220625
0 COSMOS 2251 DEB
1 33813U 93036BE  13095.31512872  .00002548  00000-0  46617-3 0  9992
2 33813 074.0547 013.5390 0116389 211.9702 296.3588 14.62107022220772
0 COSMOS 2251 DEB
1 33813U 93036BE  13096.80482970  .00002594  00000-0  47428-3 0  9994
2 33813 074.0547 010.6892 0116337 208.7299 217.5499 14.62114088220995
0 COSMOS 2251 DEB
1 33813U 93036BE  13097.83065514  .00002929  00000-0  53475-3 0  9990
2 33813 074.0547 008.7268 0116288 206.5076 217.1024 14.62120503221141
0 COSMOS 2251 DEB
1 33813U 93036BE  13098.85104839  .00002822  00000-0  51548-3 0  9998
2 33813 074.0545 006.7745 0116221 204.2879 188.0938 14.62125352221293
0 COSMOS 2251 DEB
1 33813U 93036BE  13100.17398185  .00004184  00000-0  76096-3 0  9994
2 33813 074.0543 004.2437 0116145 201.3927 311.6023 14.62131408221488
0 COSMOS 2251 DEB
1 33813U 93036BE  13101.26781307  .00003216  00000-0  58632-3 0  9998
2 33813 074.0541 002.1508 0116078 199.0006 309.2026 14.62138850221640
0 COSMOS 2251 DEB
1 33813U 93036BE  13102.75165120  .00004192  00000-0  76229-3 0  9998
2 33813 074.0539 359.3119 0115999 195.7666 199.7191 14.62148307221865
0 COSMOS 2251 DEB
1 33813U 93036BE  13103.77783419  .00003388  00000-0  61720-3 0  9994
2 33813 074.0538 357.3485 0115956 193.5155 201.3017 14.62157572222019
0 COSMOS 2251 DEB
1 33813U 93036BE  13104.81185228  .00002549  00000-0  46603-3 0  9995
2 33813 074.0537 355.3699 0115872 191.2842 244.1175 14.62161056222166
0 COSMOS 2251 DEB
1 33813U 93036BE  13106.19374127  .00001913  00000-0  35129-3 0  9991
2 33813 074.0535 352.7265 0115873 188.2962 318.0699 14.62164639222368
0 COSMOS 2251 DEB
1 33813U 93036BE  13107.22035469  .00001763  00000-0  32423-3 0  9996
2 33813 074.0537 350.7621 0115823 186.0395 321.9841 14.62169012222514
0 COSMOS 2251 DEB
1 33813U 93036BE  13108.63536162  .00001641  00000-0  30225-3 0  9991
2 33813 074.0540 348.0542 0115741 182.9288 210.3544 14.62172868222722
0 COSMOS 2251 DEB
1 33813U 93036BE  13109.73041288  .00001571  00000-0  28957-3 0  9994
2 33813 074.0536 345.9590 0115709 180.5491 214.5179 14.62175830222889
0 COSMOS 2251 DEB
1 33813U 93036BE  13110.75627853  .00002024  00000-0  37134-3 0  9997
2 33813 074.0537 343.9965 0115659 178.3030 214.5279 14.62178252223032
0 COSMOS 2251 DEB
1 33813U 93036BE  13112.14619751  .00003240  00000-0  59064-3 0  9997
2 33813 074.0518 341.3347 0115492 175.2800 330.8600 14.62180593223236
0 COSMOS 2251 DEB
1 33813U 93036BE  13114.65676576  .00002681  00000-0  48982-3 0  9998
2 33813 074.0516 336.5301 0115411 169.7906 226.2030 14.62193744223604
0 COSMOS 2251 DEB
1 33813U 93036BE  13115.68290510  .00002653  00000-0  48475-3 0  9998
2 33813 074.0517 334.5666 0115364 167.5421 227.7199 14.62198221223755
0 COSMOS 2251 DEB
1 33813U 93036BE  13117.07220435  .00002720  00000-0  49673-3 0  9998
2 33813 074.0518 331.9079 0115327 164.4984 340.9174 14.62204642223952
0 COSMOS 2251 DEB
1 33813U 93036BE  13118.09856015  .00003094  00000-0  56416-3 0  9998
2 33813 074.0518 329.9437 0115274 162.2606 343.6132 14.62209503224108
0 COSMOS 2251 DEB
1 33813U 93036BE  13119.12513814  .00003300  00000-0  60098-3 0  9991
2 33813 074.0525 327.9809 0115318 160.0395 347.4788 14.62217401224258
0 COSMOS 2251 DEB
1 33813U 93036BE  13120.54028410  .00004553  00000-0  82670-3 0  9993
2 33813 074.0526 325.2729 0115279 156.9503 236.8255 14.62228079224468
0 COSMOS 2251 DEB
1 33813U 93036BE  13121.63526683  .00005726  00000-0  10379-2 0  9998
2 33813 074.0521 323.1772 0115131 154.5857 240.8477 14.62241563224623
0 COSMOS 2251 DEB
1 33813U 93036BE  13125.07728694  .00005406  00000-0  97949-3 0  9990
2 33813 074.0517 316.5908 0115031 147.0868 000.1473 14.62279139225122
0 COSMOS 2251 DEB
1 33813U 93036BE  13126.49245299  .00004741  00000-0  85948-3 0  9999
2 33813 074.0513 313.8823 0114994 143.9976 249.9217 14.62294878225335
0 COSMOS 2251 DEB
1 33813U 93036BE  13127.51851126  .00004090  00000-0  74227-3 0  9990
2 33813 074.0512 311.9178 0114912 141.7459 251.4001 14.62306177225489
0 COSMOS 2251 DEB
1 33813U 93036BE  13128.69421051  .00004775  00000-0  86533-3 0  9993
2 33813 074.0512 309.6675 0114868 139.1791 320.6743 14.62317627225658
0 COSMOS 2251 DEB
1 33813U 93036BE  13129.72101929  .00003881  00000-0  70447-3 0  9991
2 33813 074.0514 307.7018 0114860 136.9658 326.1491 14.62327200225805
0 COSMOS 2251 DEB
1 33813U 93036BE  13130.96034594  .00004164  00000-0  75528-3 0  9992
2 33813 074.0517 305.3296 0114768 134.2641 010.4649 14.62336996225989
0 COSMOS 2251 DEB
1 33813U 93036BE  13131.98660809  .00004787  00000-0  86719-3 0  9994
2 33813 074.0519 303.3652 0114700 131.9979 013.1859 14.62346376226133
0 COSMOS 2251 DEB
1 33813U 93036BE  13133.01309148  .00005395  00000-0  97643-3 0  9990
2 33813 074.0521 301.4003 0114621 129.7269 017.1092 14.62354612226285
0 COSMOS 2251 DEB
1 33813U 93036BE  13134.50621779  .00005663  00000-0  10245-2 0  9992
2 33813 074.0523 298.5426 0114536 126.4365 317.7212 14.62368250226509
0 COSMOS 2251 DEB
1 33813U 93036BE  13135.52813082  .00004916  00000-0  89000-3 0  9991
2 33813 074.0522 296.5863 0114468 124.2312 297.6152 14.62381439226652
0 COSMOS 2251 DEB
1 33813U 93036BE  13136.84419894  .00005739  00000-0  10377-2 0  9994
2 33813 074.0522 294.0674 0114380 121.3395 026.2139 14.62395013226842
0 COSMOS 2251 DEB
1 33813U 93036BE  13137.93823656  .00006232  00000-0  11261-2 0  9992
2 33813 074.0519 291.9728 0114327 118.9547 025.9419 14.62406165227003
0 COSMOS 2251 DEB
1 33813U 93036BE  13138.96467267  .00006550  00000-0  11828-2 0  9990
2 33813 074.0518 290.0080 0114257 116.6919 029.8430 14.62422885227152
0 COSMOS 2251 DEB
1 33813U 93036BE  13140.52320709  .00004864  00000-0  87981-3 0  9994
2 33813 074.0516 287.0243 0114188 113.2670 315.1831 14.62441750227380
0 COSMOS 2251 DEB
1 33813U 93036BE  13141.83749396  .00004753  00000-0  85985-3 0  9995
2 33813 074.0518 284.5078 0114101 110.3926 034.6752 14.62453680227578
0 COSMOS 2251 DEB
1 33813U 93036BE  13142.85957546  .00004210  00000-0  76220-3 0  9996
2 33813 074.0521 282.5507 0114032 108.1552 015.7998 14.62464946227726
0 COSMOS 2251 DEB
1 33813U 93036BE  13143.88958922  .00005435  00000-0  98186-3 0  9994
2 33813 074.0527 280.5791 0113990 105.8891 038.7367 14.62473143227877
0 COSMOS 2251 DEB
1 33813U 93036BE  13144.91597618  .00004380  00000-0  79248-3 0  9996
2 33813 074.0529 278.6142 0113949 103.6234 042.6177 14.62484277228029
0 COSMOS 2251 DEB
1 33813U 93036BE  13146.47440191  .00003474  00000-0  62966-3 0  9994
2 33813 074.0530 275.6311 0113854 100.2126 327.7053 14.62500628228258
0 COSMOS 2251 DEB
1 33813U 93036BE  13147.50221856  .00002922  00000-0  53068-3 0  9994
2 33813 074.0529 273.6638 0113814 097.9650 339.1871 14.62507814228402
0 COSMOS 2251 DEB
1 33813U 93036BE  13148.81458919  .00002619  00000-0  47617-3 0  9997
2 33813 074.0524 271.1513 0113798 095.0678 048.9214 14.62516199228594
0 COSMOS 2251 DEB
1 33813U 93036BE  13149.84071698  .00002896  00000-0  52590-3 0  9999
2 33813 074.0521 269.1870 0113739 092.8276 051.5657 14.62521011228745
0 COSMOS 2251 DEB
1 33813U 93036BE  13150.86707058  .00002564  00000-0  46625-3 0  9993
2 33813 074.0520 267.2211 0113689 090.5473 055.4553 14.62525868228898
0 COSMOS 2251 DEB
1 33813U 93036BE  13152.42953589  .00002531  00000-0  46023-3 0  9995
2 33813 074.0523 264.2296 0113675 087.1012 002.0526 14.62537947229123
0 COSMOS 2251 DEB
1 33813U 93036BE  13153.45628166  .00002394  00000-0  43551-3 0  9999
2 33813 074.0526 262.2639 0113616 084.8554 008.0368 14.62547025229279
0 COSMOS 2251 DEB
1 33813U 93036BE  13154.48334755  .00002566  00000-0  46632-3 0  9995
2 33813 074.0527 260.2981 0113620 082.6119 015.7331 14.62551580229429
0 COSMOS 2251 DEB
1 33813U 93036BE  13155.79169561  .00001431  00000-0  26285-3 0  9993
2 33813 074.0530 257.7923 0113581 079.7019 064.5089 14.62558364229612
0 COSMOS 2251 DEB
1 33813U 93036BE  13156.81801774  .00001437  00000-0  26386-3 0  9994
2 33813 074.0530 255.8276 0113543 077.4519 068.3369 14.62562694229760
0 COSMOS 2251 DEB
1 33813U 93036BE  13158.45057527  .00001846  00000-0  33717-3 0  9995
2 33813 074.0528 252.7025 0113529 073.8564 024.1895 14.62575209230008
0 COSMOS 2251 DEB
1 33813U 93036BE  13159.47711200  .00001608  00000-0  29449-3 0  9996
2 33813 074.0524 250.7373 0113540 071.6021 029.2124 14.62579793230154
0 COSMOS 2251 DEB
1 33813U 93036BE  13160.78524659  .00001429  00000-0  26238-3 0  9996
2 33813 074.0520 248.2329 0113484 068.7266 076.9557 14.62585047230347
0 COSMOS 2251 DEB
1 33813U 93036BE  13162.41776248  .00001279  00000-0  23543-3 0  9990
2 33813 074.0516 245.1071 0113480 065.1332 032.7090 14.62589416230585
0 COSMOS 2251 DEB
1 33813U 93036BE  13163.44438963  .00001253  00000-0  23074-3 0  9994
2 33813 074.0515 243.1414 0113471 062.8776 038.2621 14.62592825230735
0 COSMOS 2251 DEB
1 33813U 93036BE  13164.75243635  .00001151  00000-0  21235-3 0  9993
2 33813 074.0511 240.6353 0113544 059.9495 085.6580 14.62596565230927
0 COSMOS 2251 DEB
1 33813U 93036BE  13166.38489976  .00001032  00000-0  19107-3 0  9997
2 33813 074.0510 237.5097 0113566 056.3651 041.1947 14.62602006231164
0 COSMOS 2251 DEB
1 33813U 93036BE  13167.41141495  .00001149  00000-0  21200-3 0  9999
2 33813 074.0509 235.5443 0113572 054.1065 046.2054 14.62604669231316
0 COSMOS 2251 DEB
1 33813U 93036BE  13168.43789442  .00001278  00000-0  23515-3 0  9996
2 33813 074.0509 233.5793 0113580 051.8486 051.0364 14.62608975231460
0 COSMOS 2251 DEB
1 33813U 93036BE  13172.19171632  .00001937  00000-0  35302-3 0  9999
2 33813 074.0504 226.3918 0113623 043.6084 016.5301 14.62626589232015
0 COSMOS 2251 DEB
1 33813U 93036BE  13179.16812903  .00001987  00000-0  36183-3 0  9999
2 33813 074.0509 213.0342 0113667 028.3516 030.9897 14.62655935233032
0 COSMOS 2251 DEB
1 33813U 93036BE  13180.26961017  .00001445  00000-0  26476-3 0  9996
2 33813 074.0510 210.9249 0113748 025.9504 070.9242 14.62661692233198
0 COSMOS 2251 DEB
1 33813U 93036BE  13181.50991634  .00001265  00000-0  23259-3 0  9998
2 33813 074.0509 208.5496 0113796 023.2524 121.8759 14.62667830233378
0 COSMOS 2251 DEB
1 33813U 93036BE  13182.60434448  .00001508  00000-0  27595-3 0  9992
2 33813 074.0506 206.4538 0113836 020.8609 124.7235 14.62672338233539
0 COSMOS 2251 DEB
1 33813U 93036BE  13184.16233191  .00001913  00000-0  34835-3 0  9992
2 33813 074.0502 203.4702 0113864 017.4417 048.5439 14.62677151233767
0 COSMOS 2251 DEB
1 33813U 93036BE  13185.47692350  .00002220  00000-0  40311-3 0  9991
2 33813 074.0501 200.9531 0113912 014.5718 130.7356 14.62682566233953
0 COSMOS 2251 DEB
1 33813U 93036BE  13186.50262890  .00002523  00000-0  45733-3 0  9997
2 33813 074.0499 198.9886 0113931 012.3368 131.7648 14.62688601234105
0 COSMOS 2251 DEB
1 33813U 93036BE  13187.52859014  .00002151  00000-0  39072-3 0  9996
2 33813 074.0501 197.0237 0113965 010.0962 134.1721 14.62694194234250
0 COSMOS 2251 DEB
1 33813U 93036BE  13188.55478453  .00003271  00000-0  59069-3 0  9996
2 33813 074.0502 195.0585 0113956 007.8712 137.8190 14.62701347234408
0 COSMOS 2251 DEB
1 33813U 93036BE  13190.11684141  .00003253  00000-0  58738-3 0  9996
2 33813 074.0506 192.0665 0114000 004.4592 083.2330 14.62712289234630
0 COSMOS 2251 DEB
1 33813U 93036BE  13191.14877903  .00003138  00000-0  56678-3 0  9993
2 33813 074.0511 190.0903 0114048 002.2067 117.1896 14.62717026234788
0 COSMOS 2251 DEB
1 33813U 93036BE  13192.77912891  .00002454  00000-0  44440-3 0  9993
2 33813 074.0514 186.9682 0114043 358.6867 062.2714 14.62732599235029
0 COSMOS 2251 DEB
1 33813U 93036BE  13194.07915149  .00002702  00000-0  48870-3 0  9994
2 33813 074.0517 184.4793 0114028 355.8790 067.9750 14.62739683235219
0 COSMOS 2251 DEB
1 33813U 93036BE  13195.11003822  .00003267  00000-0  58931-3 0  9992
2 33813 074.0517 182.5050 0114040 353.6325 096.5001 14.62747923235367
0 COSMOS 2251 DEB
1 33813U 93036BE  13196.41983080  .00002529  00000-0  45762-3 0  9997
2 33813 074.0515 179.9965 0114089 350.7820 153.7582 14.62758567235558
0 COSMOS 2251 DEB
1 33813U 93036BE  13197.44572344  .00002253  00000-0  40830-3 0  9993
2 33813 074.0513 178.0317 0114132 348.5501 156.0567 14.62765613235703
0 COSMOS 2251 DEB
1 33813U 93036BE  13199.14700808  .00002721  00000-0  49151-3 0  9995
2 33813 074.0511 174.7733 0114135 344.8828 114.9538 14.62775852235954
0 COSMOS 2251 DEB
1 33813U 93036BE  13200.45520922  .00003649  00000-0  65693-3 0  9998
2 33813 074.0513 172.2679 0114165 342.0356 163.9570 14.62784313236141
0 COSMOS 2251 DEB
1 33813U 93036BE  13201.73785012  .00002881  00000-0  51991-3 0  9996
2 33813 074.0522 169.8106 0114203 339.2584 078.3871 14.62795224236339
0 COSMOS 2251 DEB
1 33813U 93036BE  13202.96818035  .00002578  00000-0  46587-3 0  9992
2 33813 074.0526 167.4541 0114230 336.5921 077.3870 14.62801942236518
0 COSMOS 2251 DEB
1 33813U 93036BE  13204.07582382  .00002835  00000-0  51144-3 0  9990
2 33813 074.0528 165.3327 0114233 334.2059 150.3232 14.62806923236674
0 COSMOS 2251 DEB
1 33813U 93036BE  13205.10283352  .00002642  00000-0  47708-3 0  9997
2 33813 074.0528 163.3658 0114245 331.9902 158.6569 14.62812229236820
0 COSMOS 2251 DEB
1 33813U 93036BE  13206.40518505  .00002757  00000-0  49750-3 0  9998
2 33813 074.0526 160.8714 0114256 329.1905 176.9860 14.62817235237018
0 COSMOS 2251 DEB
1 33813U 93036BE  13207.81931300  .00002725  00000-0  49167-3 0  9993
2 33813 074.0524 158.1631 0114242 326.1536 063.9675 14.62826879237222
0 COSMOS 2251 DEB
1 33813U 93036BE  13208.84559105  .00002181  00000-0  39474-3 0  9992
2 33813 074.0523 156.1975 0114241 323.9389 068.5191 14.62832725237377
0 COSMOS 2251 DEB
1 33813U 93036BE  13210.02057552  .00001867  00000-0  33878-3 0  9996
2 33813 074.0523 153.9469 0114286 321.3952 136.2183 14.62837382237544
0 COSMOS 2251 DEB
1 33813U 93036BE  13211.04682978  .00001704  00000-0  30983-3 0  9999
2 33813 074.0525 151.9814 0114294 319.1763 140.6877 14.62841161237697
0 COSMOS 2251 DEB
1 33813U 93036BE  13212.28964250  .00002187  00000-0  39565-3 0  9993
2 33813 074.0525 149.6006 0114318 316.4939 205.6158 14.62846729237875
0 COSMOS 2251 DEB
1 33813U 93036BE  13213.31226753  .00002230  00000-0  40341-3 0  9990
2 33813 074.0530 147.6415 0114309 314.2864 191.0052 14.62850895238024
0 COSMOS 2251 DEB
1 33813U 93036BE  13214.33829907  .00002460  00000-0  44434-3 0  9995
2 33813 074.0531 145.6763 0114284 312.0857 194.3370 14.62854464238170
0 COSMOS 2251 DEB
1 33813U 93036BE  13215.82138337  .00001968  00000-0  35670-3 0  9994
2 33813 074.0533 142.8358 0114299 308.8819 084.6632 14.62861625238391
0 COSMOS 2251 DEB
1 33813U 93036BE  13216.84720545  .00001960  00000-0  35528-3 0  9999
2 33813 074.0534 140.8712 0114267 306.6805 086.9279 14.62865063238549
0 COSMOS 2251 DEB
1 33813U 93036BE  13217.95852448  .00002271  00000-0  41052-3 0  9995
2 33813 074.0533 138.7429 0114240 304.2847 179.4780 14.62870844238706
0 COSMOS 2251 DEB
1 33813U 93036BE  13218.98556336  .00002031  00000-0  36773-3 0  9994
2 33813 074.0530 136.7757 0114228 302.0707 188.1964 14.62875433238858
0 COSMOS 2251 DEB
1 33813U 93036BE  13220.82308250  .00001621  00000-0  29482-3 0  9993
2 33813 074.0525 133.2557 0114200 298.1100 145.1993 14.62880505239126
0 COSMOS 2251 DEB
1 33813U 93036BE  13221.84464267  .00001796  00000-0  32604-3 0  9990
2 33813 074.0523 131.2990 0114195 295.9079 125.1008 14.62883151239277
0 COSMOS 2251 DEB
1 33813U 93036BE  13223.16048465  .00001235  00000-0  22618-3 0  9997
2 33813 074.0519 128.7767 0114154 293.1179 214.7592 14.62889531239463
0 COSMOS 2251 DEB
1 33813U 93036BE  13224.18593959  .00000988  00000-0  18224-3 0  9995
2 33813 074.0518 126.8123 0114131 290.9103 215.1972 14.62891592239618
0 COSMOS 2251 DEB
1 33813U 93036BE  13225.21166569  .00001175  00000-0  21549-3 0  9996
2 33813 074.0518 124.8475 0114094 288.6977 217.0756 14.62893280239760
0 COSMOS 2251 DEB
1 33813U 93036BE  13226.23763279  .00001424  00000-0  25978-3 0  9997
2 33813 074.0516 122.8820 0114073 286.4838 220.2292 14.62897427239914
0 COSMOS 2251 DEB
1 33813U 93036BE  13227.79913384  .00001383  00000-0  25256-3 0  9996
2 33813 074.0513 119.8907 0113997 283.1116 163.7471 14.62902966240142
0 COSMOS 2251 DEB
1 33813U 93036BE  13229.17805861  .00001380  00000-0  25198-3 0  9992
2 33813 074.0511 117.2490 0113945 280.1371 225.7651 14.62909745240345
0 COSMOS 2251 DEB
1 33813U 93036BE  13230.20400366  .00001380  00000-0  25188-3 0  9998
2 33813 074.0508 115.2833 0113930 277.9224 228.8606 14.62910594240499
0 COSMOS 2251 DEB
1 33813U 93036BE  13231.76550088  .00001432  00000-0  26109-3 0  9999
2 33813 074.0506 112.2919 0113897 274.5569 172.4276 14.62916059240721
0 COSMOS 2251 DEB
1 33813U 93036BE  13233.14441179  .00001552  00000-0  28256-3 0  9991
2 33813 074.0505 109.6500 0113876 271.5916 234.4286 14.62919962240924
0 COSMOS 2251 DEB
1 33813U 93036BE  13234.70539080  .00001565  00000-0  28483-3 0  9999
2 33813 074.0505 106.6594 0113816 268.2221 175.3289 14.62927142241151
0 COSMOS 2251 DEB
1 33813U 93036BE  13235.80197831  .00001598  00000-0  29071-3 0  9995
2 33813 074.0504 104.5586 0113784 265.8537 190.5347 14.62931487241314
0 COSMOS 2251 DEB
1 33813U 93036BE  13237.11072215  .00001669  00000-0  30317-3 0  9993
2 33813 074.0504 102.0509 0113746 263.0399 243.0796 14.62936013241509
0 COSMOS 2251 DEB
1 33813U 93036BE  13238.13661987  .00001614  00000-0  29344-3 0  9994
2 33813 074.0503 100.0849 0113652 260.8038 246.0538 14.62938513241654
0 COSMOS 2251 DEB
1 33813U 93036BE  13239.16274212  .00001519  00000-0  27653-3 0  9994
2 33813 074.0501 098.1189 0113631 258.5940 250.1952 14.62940988241801
0 COSMOS 2251 DEB
1 33813U 93036BE  13240.79468340  .00001385  00000-0  25277-3 0  9993
2 33813 074.0499 094.9918 0113599 255.0752 204.9474 14.62948493242049
0 COSMOS 2251 DEB
1 33813U 93036BE  13242.10286216  .00001685  00000-0  30599-3 0  9996
2 33813 074.0497 092.4853 0113553 252.2571 254.5981 14.62951547242235
0 COSMOS 2251 DEB
1 33813U 93036BE  13243.12896007  .00001923  00000-0  34836-3 0  9997
2 33813 074.0497 090.5191 0113524 250.0366 258.6626 14.62955380242381
0 COSMOS 2251 DEB
1 33813U 93036BE  13244.61670841  .00001869  00000-0  33879-3 0  9993
2 33813 074.0497 087.6681 0113476 246.8138 174.0965 14.62959188242600
0 COSMOS 2251 DEB
1 33813U 93036BE  13245.64306416  .00001864  00000-0  33783-3 0  9990
2 33813 074.0498 085.7014 0113446 244.5887 179.5578 14.62962096242751
0 COSMOS 2251 DEB
1 33813U 93036BE  13247.02268919  .00001926  00000-0  34891-3 0  9999
2 33813 074.0499 083.0578 0113398 241.6043 245.5782 14.62966022242952
0 COSMOS 2251 DEB
1 33813U 93036BE  13248.72698832  .00002027  00000-0  36678-3 0  9996
2 33813 074.0501 079.7922 0113357 237.9300 221.5626 14.62971701243200
0 COSMOS 2251 DEB
1 33813U 93036BE  13249.96209102  .00002107  00000-0  38098-3 0  9998
2 33813 074.0501 077.4253 0113295 235.2902 246.4430 14.62975181243386
0 COSMOS 2251 DEB
1 33813U 93036BE  13251.31868876  .00002163  00000-0  39096-3 0  9990
2 33813 074.0502 074.8259 0113230 232.3626 191.2463 14.62979997243588
0 COSMOS 2251 DEB
1 33813U 93036BE  13252.34551171  .00002155  00000-0  38939-3 0  9997
2 33813 074.0502 072.8582 0113226 230.1390 199.2446 14.62984018243730
0 COSMOS 2251 DEB
1 33813U 93036BE  13253.71943146  .00002195  00000-0  39639-3 0  9998
2 33813 074.0503 070.2255 0113303 227.1574 235.3375 14.62990269243936
0 COSMOS 2251 DEB
1 33813U 93036BE  13254.88497031  .00003016  00000-0  54240-3 0  9992
2 33813 074.0505 067.9920 0113224 224.6538 253.9360 14.62993148244103
0 COSMOS 2251 DEB
1 33813U 93036BE  13255.91728361  .00003009  00000-0  54108-3 0  9995
2 33813 074.0506 066.0137 0113179 222.4373 290.8808 14.62999158244256
0 COSMOS 2251 DEB
1 33813U 93036BE  13257.26777586  .00003085  00000-0  55452-3 0  9995
2 33813 074.0509 063.4282 0113189 219.4805 203.6889 14.63004487244454
0 COSMOS 2251 DEB
1 33813U 93036BE  13258.49714672  .00002810  00000-0  50554-3 0  9991
2 33813 074.0510 061.0722 0113169 216.8329 198.5502 14.63009061244636
0 COSMOS 2251 DEB
1 33813U 93036BE  13259.60484688  .00003180  00000-0  57134-3 0  9998
2 33813 074.0513 058.9495 0113113 214.4480 272.6135 14.63014315244793
0 COSMOS 2251 DEB
1 33813U 93036BE  13260.83544264  .00003207  00000-0  57606-3 0  9996
2 33813 074.0517 056.5910 0113058 211.7986 273.9701 14.63021741244976
0 COSMOS 2251 DEB
1 33813U 93036BE  13262.13418059  .00002772  00000-0  49870-3 0  9993
2 33813 074.0522 054.1024 0113002 208.9980 274.2598 14.63029377245166
0 COSMOS 2251 DEB
1 33813U 93036BE  13263.49067549  .00002872  00000-0  51638-3 0  9993
2 33813 074.0525 051.5033 0112954 206.0831 218.7780 14.63038972245368
0 COSMOS 2251 DEB
1 33813U 93036BE  13264.79072056  .00002854  00000-0  51311-3 0  9994
2 33813 074.0528 049.0126 0112867 203.2969 226.0180 14.63048494245557
0 COSMOS 2251 DEB
1 33813U 93036BE  13265.83261498  .00003579  00000-0  64176-3 0  9998
2 33813 074.0530 047.0170 0112851 201.0322 313.6613 14.63054972245708
0 COSMOS 2251 DEB
1 33813U 93036BE  13266.85284905  .00004134  00000-0  74017-3 0  9992
2 33813 074.0530 045.0622 0112798 198.8430 287.2194 14.63061664245853
0 COSMOS 2251 DEB
1 33813U 93036BE  13268.49152963  .00004444  00000-0  79491-3 0  9997
2 33813 074.0527 041.9221 0112722 195.3264 278.1915 14.63078287246099
0 COSMOS 2251 DEB
1 33813U 93036BE  13269.79810399  .00004649  00000-0  83122-3 0  9998
2 33813 074.0527 039.4183 0112627 192.4932 320.0434 14.63088507246282
0 COSMOS 2251 DEB
1 33813U 93036BE  13270.82532856  .00004615  00000-0  82519-3 0  9995
2 33813 074.0526 037.4497 0112583 190.3083 330.5241 14.63094336246438
0 COSMOS 2251 DEB
1 33813U 93036BE  13272.37886743  .00004544  00000-0  81246-3 0  9991
2 33813 074.0528 034.4723 0112487 186.9612 233.2376 14.63105608246669
0 COSMOS 2251 DEB
1 33813U 93036BE  13273.40969850  .00004248  00000-0  75995-3 0  9992
2 33813 074.0532 032.4969 0112413 184.7153 262.8318 14.63113155246816
0 COSMOS 2251 DEB
1 33813U 93036BE  13274.43223400  .00005169  00000-0  92319-3 0  9992
2 33813 074.0537 030.5374 0112340 182.5011 248.7476 14.63118846246964
0 COSMOS 2251 DEB
1 33813U 93036BE  13275.74084881  .00007966  00000-0  14187-2 0  9998
2 33813 074.0541 028.0296 0112223 179.6889 301.5253 14.63134056247158
0 COSMOS 2251 DEB
1 33813U 93036BE  13276.76652876  .00004491  00000-0  80272-3 0  9995
2 33813 074.0542 026.0642 0112153 177.4887 304.0642 14.63144220247309
0 COSMOS 2251 DEB
1 33813U 93036BE  13281.34112238  .00003531  00000-0  63250-3 0  9999
2 33813 074.0535 017.2979 0111797 167.5930 280.1003 14.63173812247975
0 COSMOS 2251 DEB
1 33813U 93036BE  13282.36709517  .00005929  00000-0  10572-2 0  9995
2 33813 074.0537 015.3328 0111765 165.3543 284.3586 14.63189030248124
0 COSMOS 2251 DEB
1 33813U 93036BE  13283.46889944  .00005291  00000-0  94402-3 0  9997
2 33813 074.0536 013.2209 0111663 162.9703 328.0937 14.63199014248282
0 COSMOS 2251 DEB
1 33813U 93036BE  13286.18339829  .00003984  00000-0  71237-3 0  9999
2 33813 074.0542 008.0182 0111418 157.0578 226.8665 14.63220787248683
0 COSMOS 2251 DEB
1 33813U 93036BE  13287.35856622  .00003756  00000-0  67185-3 0  9998
2 33813 074.0544 005.7660 0111356 154.4852 297.2077 14.63228370248851
0 COSMOS 2251 DEB
1 33813U 93036BE  13288.66275698  .00005135  00000-0  91611-3 0  9995
2 33813 074.0544 003.2667 0111231 151.6406 327.2359 14.63242110249044
0 COSMOS 2251 DEB
1 33813U 93036BE  13290.36812322  .00005149  00000-0  91846-3 0  9991
2 33813 074.0542 359.9988 0111025 147.9425 310.5888 14.63257332249290
0 COSMOS 2251 DEB
1 33813U 93036BE  13291.60241093  .00004361  00000-0  77898-3 0  9996
2 33813 074.0537 357.6333 0110934 145.2245 332.5385 14.63267775249470
0 COSMOS 2251 DEB
1 33813U 93036BE  13292.63432759  .00004059  00000-0  72537-3 0  9990
2 33813 074.0533 355.6555 0110879 142.9589 008.4698 14.63274898249620
0 COSMOS 2251 DEB
1 33813U 93036BE  13294.53233860  .00004567  00000-0  81512-3 0  9990
2 33813 074.0529 352.0173 0110786 138.7881 286.8890 14.63286697249904
0 COSMOS 2251 DEB
1 33813U 93036BE  13295.57471350  .00004598  00000-0  82072-3 0  9999
2 33813 074.0529 350.0192 0110677 136.5034 017.9819 14.63294915250052
0 COSMOS 2251 DEB
1 33813U 93036BE  13297.12331509  .00004553  00000-0  81258-3 0  9999
2 33813 074.0529 347.0507 0110636 133.0930 255.8752 14.63304454250284
0 COSMOS 2251 DEB
1 33813U 93036BE  13298.50837848  .00003926  00000-0  70166-3 0  9998
2 33813 074.0529 344.3945 0110494 130.0422 352.3147 14.63310503250480
0 COSMOS 2251 DEB
1 33813U 93036BE  13299.53347860  .00002789  00000-0  50014-3 0  9998
2 33813 074.0528 342.4295 0110459 127.7879 352.5049 14.63319052250634
0 COSMOS 2251 DEB
1 33813U 93036BE  13300.56486174  .00003802  00000-0  67950-3 0  9990
2 33813 074.0526 340.4524 0110374 125.5087 025.8270 14.63324334250789
0 COSMOS 2251 DEB
1 33813U 93036BE  13302.18841420  .00004658  00000-0  83099-3 0  9991
2 33813 074.0523 337.3404 0110304 121.9326 298.7318 14.63331387251025
0 COSMOS 2251 DEB
1 33813U 93036BE  13303.49799253  .00004624  00000-0  82495-3 0  9994
2 33813 074.0519 334.8302 0110246 119.0353 357.6623 14.63340475251215
0 COSMOS 2251 DEB
1 33813U 93036BE  13304.52976815  .00005174  00000-0  92221-3 0  9999
2 33813 074.0516 332.8523 0110219 116.7654 033.1314 14.63349772251361
0 COSMOS 2251 DEB
1 33813U 93036BE  13306.15864778  .00003343  00000-0  59795-3 0  9999
2 33813 074.0516 329.7303 0110116 113.1830 334.2464 14.63362695251602
0 COSMOS 2251 DEB
1 33813U 93036BE  13307.25488688  .00003670  00000-0  65569-3 0  9992
2 33813 074.0514 327.6279 0110122 110.7858 349.3785 14.63369157251769
0 COSMOS 2251 DEB
1 33813U 93036BE  13308.49480675  .00003552  00000-0  63485-3 0  9991
2 33813 074.0515 325.2503 0110089 108.0461 041.4977 14.63375642251945
0 COSMOS 2251 DEB
1 33813U 93036BE  13310.19320905  .00003972  00000-0  70894-3 0  9998
2 33813 074.0518 321.9926 0110073 104.2997 349.0376 14.63386820252193
0 COSMOS 2251 DEB
1 33813U 93036BE  13311.50463310  .00004113  00000-0  73379-3 0  9991
2 33813 074.0519 319.4784 0110019 101.3942 057.9492 14.63397260252381
0 COSMOS 2251 DEB
1 33813U 93036BE  13312.98377789  .00004035  00000-0  71988-3 0  9995
2 33813 074.0520 316.6435 0110003 098.1500 290.4803 14.63407731252601
0 COSMOS 2251 DEB
1 33813U 93036BE  13314.16424148  .00002986  00000-0  53420-3 0  9993
2 33813 074.0518 314.3804 0109958 095.5282 029.5598 14.63419128252771
0 COSMOS 2251 DEB
1 33813U 93036BE  13315.18962387  .00003399  00000-0  60719-3 0  9996
2 33813 074.0515 312.4145 0109944 093.2745 031.6335 14.63430202252925
0 COSMOS 2251 DEB
1 33813U 93036BE  13316.42470850  .00005017  00000-0  89294-3 0  9991
2 33813 074.0511 310.0465 0109944 090.5309 058.5752 14.63440422253103
0 COSMOS 2251 DEB
1 33813U 93036BE  13317.77578428  .00004632  00000-0  82453-3 0  9992
2 33813 074.0509 307.4557 0109967 087.5446 336.6437 14.63452654253307
0 COSMOS 2251 DEB
1 33813U 93036BE  13318.80154192  .00005019  00000-0  89280-3 0  9990
2 33813 074.0509 305.4883 0109933 085.3222 340.7842 14.63461390253457
0 COSMOS 2251 DEB
1 33813U 93036BE  13320.11074178  .00007223  00000-0  12815-2 0  9990
2 33813 074.0510 302.9774 0109900 082.4816 038.2803 14.63480890253644
0 COSMOS 2251 DEB
1 33813U 93036BE  13321.13667238  .00008475  00000-0  15018-2 0  9996
2 33813 074.0513 301.0098 0109906 080.2124 043.4918 14.63491467253793
0 COSMOS 2251 DEB
1 33813U 93036BE  13322.37192325  .00007145  00000-0  12668-2 0  9994
2 33813 074.0518 298.6412 0109925 077.4917 071.5780 14.63509343253970
0 COSMOS 2251 DEB
1 33813U 93036BE  13323.39932603  .00008628  00000-0  15278-2 0  9995
2 33813 074.0520 296.6710 0109932 075.2425 084.6315 14.63518723254129
0 COSMOS 2251 DEB
1 33813U 93036BE  13324.74848262  .00007304  00000-0  12939-2 0  9993
2 33813 074.0522 294.0838 0109951 072.2683 352.9832 14.63537227254325
0 COSMOS 2251 DEB
1 33813U 93036BE  13326.12700182  .00006677  00000-0  11832-2 0  9998
2 33813 074.0523 291.4407 0109946 069.2560 056.0920 14.63550746254526
0 COSMOS 2251 DEB
1 33813U 93036BE  13327.36251713  .00007231  00000-0  12802-2 0  9991
2 33813 074.0520 289.0716 0110002 066.5415 085.8156 14.63563273254703
0 COSMOS 2251 DEB
1 33813U 93036BE  13328.84189323  .00006269  00000-0  11104-2 0  9996
2 33813 074.0516 286.2344 0110006 063.3013 320.4656 14.63577915254922
0 COSMOS 2251 DEB
1 33813U 93036BE  13329.86843304  .00004540  00000-0  80585-3 0  9995
2 33813 074.0515 284.2656 0110079 061.0444 329.2253 14.63587321255077
0 COSMOS 2251 DEB
1 33813U 93036BE  13330.97778208  .00003826  00000-0  67992-3 0  9992
2 33813 074.0515 282.1380 0110142 058.5948 054.3437 14.63594239255233
0 COSMOS 2251 DEB
1 33813U 93036BE  13332.07476499  .00003389  00000-0  60284-3 0  9993
2 33813 074.0517 280.0339 0110166 056.1865 074.3184 14.63600875255396
0 COSMOS 2251 DEB
1 33813U 93036BE  13333.30325418  .00004556  00000-0  80797-3 0  9992
2 33813 074.0519 277.6779 0110194 053.4887 067.2291 14.63609001255573
0 COSMOS 2251 DEB
1 33813U 93036BE  13334.86407186  .00005013  00000-0  88790-3 0  9997
2 33813 074.0525 274.6844 0110322 050.0747 011.2210 14.63623517255805
0 COSMOS 2251 DEB
1 33813U 93036BE  13335.96836604  .00004925  00000-0  87224-3 0  9992
2 33813 074.0528 272.5666 0110344 047.6656 069.8283 14.63633233255964
0 COSMOS 2251 DEB
1 33813U 93036BE  13336.99522296  .00004199  00000-0  74454-3 0  9999
2 33813 074.0529 270.5974 0110373 045.4216 080.4496 14.63643355256114
0 COSMOS 2251 DEB
1 33813U 93036BE  13338.22428302  .00004903  00000-0  86778-3 0  9995
2 33813 074.0527 268.2405 0110442 042.7448 076.5376 14.63656659256292
0 COSMOS 2251 DEB
1 33813U 93036BE  13339.25540056  .00005146  00000-0  91025-3 0  9991
2 33813 074.0523 266.2631 0110514 040.5115 109.6731 14.63668730256447
0 COSMOS 2251 DEB
1 33813U 93036BE  13340.87852186  .00006196  00000-0  10940-2 0  9993
2 33813 074.0518 263.1500 0110548 036.9789 022.2857 14.63686155256681
0 COSMOS 2251 DEB
1 33813U 93036BE  13341.91454042  .00007013  00000-0  12370-2 0  9996
2 33813 074.0517 261.1628 0110570 034.7319 081.3688 14.63699275256831
0 COSMOS 2251 DEB
1 33813U 93036BE  13343.21955907  .00007450  00000-0  13128-2 0  9994
2 33813 074.0518 258.6594 0110601 031.8960 117.9818 14.63721343257025
0 COSMOS 2251 DEB
1 33813U 93036BE  13344.24657153  .00007556  00000-0  13307-2 0  9996
2 33813 074.0520 256.6894 0110685 029.6811 129.7270 14.63736933257171
0 COSMOS 2251 DEB
1 33813U 93036BE  13345.72498714  .00006928  00000-0  12202-2 0  9991
2 33813 074.0523 253.8531 0110657 026.4681 000.2269 14.63760192257399
0 COSMOS 2251 DEB
1 33813U 93036BE  13347.18356809  .00008734  00000-0  15355-2 0  9990
2 33813 074.0525 251.0554 0110682 023.2963 126.3338 14.63780454257606
0 COSMOS 2251 DEB
1 33813U 93036BE  13348.20990609  .00009182  00000-0  16132-2 0  9998
2 33813 074.0525 249.0867 0110762 021.0875 134.7461 14.63795711257755
0 COSMOS 2251 DEB
1 33813U 93036BE  13349.84135594  .00008884  00000-0  15599-2 0  9997
2 33813 074.0522 245.9572 0110749 017.5415 092.0446 14.63829811257999
0 COSMOS 2251 DEB
1 33813U 93036BE  13350.86840574  .00007042  00000-0  12375-2 0  9996
2 33813 074.0520 243.9870 0110783 015.3193 104.3947 14.63844741258143
0 COSMOS 2251 DEB
1 33813U 93036BE  13352.16797596  .00005638  00000-0  99173-3 0  9997
2 33813 074.0515 241.4938 0110851 012.5128 112.9435 14.63861470258334
0 COSMOS 2251 DEB
1 33813U 93036BE  13354.14875174  .00006121  00000-0  10754-2 0  9991
2 33813 074.0509 237.6937 0110911 008.1991 111.5329 14.63887908258622
0 COSMOS 2251 DEB
1 33813U 93036BE  13355.78730410  .00005056  00000-0  88910-3 0  9991
2 33813 074.0507 234.5496 0110953 004.6376 106.7431 14.63904580258862
0 COSMOS 2251 DEB
1 33813U 93036BE  13356.81489713  .00004478  00000-0  78805-3 0  9992
2 33813 074.0508 232.5777 0110982 002.4122 122.2217 14.63914132259017
0 COSMOS 2251 DEB
1 33813U 93036BE  13358.44280661  .00004239  00000-0  74613-3 0  9992
2 33813 074.0511 229.4539 0111027 358.8774 061.4792 14.63923646259252
0 COSMOS 2251 DEB
1 33813U 93036BE  13359.46854508  .00003611  00000-0  63634-3 0  9996
2 33813 074.0512 227.4858 0111069 356.6407 067.2701 14.63931357259409
0 COSMOS 2251 DEB
1 33813U 93036BE  13361.05664126  .00002783  00000-0  49177-3 0  9994
2 33813 074.0512 224.4384 0111119 353.2007 156.8042 14.63943487259630
0 COSMOS 2251 DEB
1 33813U 93036BE  13362.08218669  .00002951  00000-0  52096-3 0  9996
2 33813 074.0509 222.4706 0111164 351.0049 161.6067 14.63948996259781
0 COSMOS 2251 DEB
1 33813U 93036BE  13363.70477106  .00002693  00000-0  47579-3 0  9992
2 33813 074.0497 219.3566 0111253 347.4678 073.0107 14.63959102260023
0 COSMOS 2251 DEB
1 33813U 93036BE  13364.81115439  .00002747  00000-0  48506-3 0  9994
2 33813 074.0494 217.2336 0111304 345.0802 143.9215 14.63966651260183
0 COSMOS 2251 DEB
1 33813U 93036BE  14001.04558207  .00003368  00000-0  59320-3 0  9998
2 33813 074.0493 214.8647 0111351 342.4247 169.6823 14.63973996260366
0 COSMOS 2251 DEB
1 33813U 93036BE  14003.02726190  .00006274  00000-0  10988-2 0  9991
2 33813 074.0495 211.0621 0111369 338.1579 173.7545 14.63990484260658
0 COSMOS 2251 DEB
1 33813U 93036BE  14004.73085766  .00004930  00000-0  86449-3 0  9990
2 33813 074.0499 207.7924 0111431 334.4584 152.3641 14.64004169260900
0 COSMOS 2251 DEB
1 33813U 93036BE  14005.95884247  .00005003  00000-0  87693-3 0  9990
2 33813 074.0501 205.4354 0111488 331.8134 144.3487 14.64012236261083
0 COSMOS 2251 DEB
1 33813U 93036BE  14006.98394602  .00006581  00000-0  11513-2 0  9994
2 33813 074.0500 203.4679 0111505 329.6090 147.0930 14.64016860261233
0 COSMOS 2251 DEB
1 33813U 93036BE  14008.01032888  .00003888  00000-0  68262-3 0  9996
2 33813 074.0501 201.4982 0111545 327.4064 156.5949 14.64030679261385
0 COSMOS 2251 DEB
1 33813U 93036BE  14009.71896319  .00007006  00000-0  12243-2 0  9994
2 33813 074.0499 198.2190 0111586 323.7231 161.9719 14.64040973261636
0 COSMOS 2251 DEB
1 33813U 93036BE  14010.88054472  .00008129  00000-0  14189-2 0  9998
2 33813 074.0496 195.9896 0111637 321.2225 164.1419 14.64049203261809
0 COSMOS 2251 DEB
1 33813U 93036BE  14012.50272641  .00004739  00000-0  83001-3 0  9992
2 33813 074.0494 192.8759 0111640 317.7249 073.9928 14.64063932262045
0 COSMOS 2251 DEB
1 33813U 93036BE  14013.68216663  .00003995  00000-0  70043-3 0  9999
2 33813 074.0495 190.6120 0111700 315.1807 170.3892 14.64074188262219
0 COSMOS 2251 DEB
1 33813U 93036BE  14014.91104205  .00004319  00000-0  75657-3 0  9991
2 33813 074.0499 188.2534 0111745 312.5321 167.3761 14.64084046262390
0 COSMOS 2251 DEB
1 33813U 93036BE  14016.54024932  .00003513  00000-0  61645-3 0  9997
2 33813 074.0505 185.1260 0111780 309.0183 114.4408 14.64093857262634
0 COSMOS 2251 DEB
1 33813U 93036BE  14017.56557992  .00003362  00000-0  59004-3 0  9995
2 33813 074.0507 183.1577 0111874 306.7884 118.6996 14.64098657262788
0 COSMOS 2251 DEB
1 33813U 93036BE  14018.87335863  .00003200  00000-0  56173-3 0  9996
2 33813 074.0511 180.6466 0111930 303.9897 171.6543 14.64107314262977
0 COSMOS 2251 DEB
1 33813U 93036BE  14019.89926234  .00003158  00000-0  55441-3 0  9996
2 33813 074.0511 178.6775 0111973 301.7767 178.9638 14.64112643263120
0 COSMOS 2251 DEB
1 33813U 93036BE  14021.18455102  .00003443  00000-0  60369-3 0  9994
2 33813 074.0512 176.2107 0112035 299.0006 113.4664 14.64121692263317
0 COSMOS 2251 DEB
1 33813U 93036BE  14022.83695707  .00004177  00000-0  73061-3 0  9992
2 33813 074.0513 173.0399 0112048 295.4231 183.0502 14.64135935263555
0 COSMOS 2251 DEB
1 33813U 93036BE  14025.21813321  .00004288  00000-0  74947-3 0  9998
2 33813 074.0509 168.4693 0112117 290.3015 133.9911 14.64155721263908
0 COSMOS 2251 DEB
1 33813U 93036BE  14026.52686440  .00004838  00000-0  84450-3 0  9994
2 33813 074.0510 165.9570 0112157 287.4911 192.2467 14.64166994264091
0 COSMOS 2251 DEB
1 33813U 93036BE  14028.15431260  .00004734  00000-0  82616-3 0  9990
2 33813 074.0516 162.8329 0112171 283.9937 130.5224 14.64179971264332
0 COSMOS 2251 DEB
1 33813U 93036BE  14029.18096920  .00006309  00000-0  10983-2 0  9991
2 33813 074.0520 160.8621 0112209 281.7978 142.0594 14.64191109264484
0 COSMOS 2251 DEB
1 33813U 93036BE  14030.76351598  .00006264  00000-0  10902-2 0  9993
2 33813 074.0525 157.8240 0112193 278.3982 203.8098 14.64207535264713
0 COSMOS 2251 DEB
1 33813U 93036BE  14031.78772689  .00006489  00000-0  11288-2 0  9991
2 33813 074.0525 155.8581 0112218 276.2059 202.5604 14.64216893264861
0 COSMOS 2251 DEB
1 33813U 93036BE  14032.81381648  .00006229  00000-0  10836-2 0  9997
2 33813 074.0524 153.8884 0112196 274.0000 211.2583 14.64226831265015
0 COSMOS 2251 DEB
1 33813U 93036BE  14034.44304804  .00007442  00000-0  12927-2 0  9998
2 33813 074.0518 150.7608 0112227 270.5134 159.2924 14.64245670265250
0 COSMOS 2251 DEB
1 33813U 93036BE  14035.75090668  .00008353  00000-0  14495-2 0  9997
2 33813 074.0516 148.2500 0112205 267.7215 213.3783 14.64261158265440
0 COSMOS 2251 DEB
1 33813U 93036BE  14036.77662303  .00013331  00000-0  23076-2 0  9998
2 33813 074.0517 146.2810 0112160 265.5279 220.2700 14.64270079265593
0 COSMOS 2251 DEB
1 33813U 93036BE  14038.13216749  .00008484  00000-0  14710-2 0  9997
2 33813 074.0518 143.6784 0112151 262.6224 165.8796 14.64294657265792
0 COSMOS 2251 DEB
1 33813U 93036BE  14039.72005390  .00009145  00000-0  15841-2 0  9992
2 33813 074.0520 140.6296 0112127 259.2236 256.3817 14.64321047266029
0 COSMOS 2251 DEB
1 33813U 93036BE  14040.73862162  .00008155  00000-0  14131-2 0  9994
2 33813 074.0523 138.6740 0112074 257.0389 225.8204 14.64339118266174
0 COSMOS 2251 DEB
1 33813U 93036BE  14042.02351477  .00008105  00000-0  14038-2 0  9991
2 33813 074.0524 136.2068 0112009 254.2855 159.2965 14.64361230266362
0 COSMOS 2251 DEB
1 33813U 93036BE  14043.04984418  .00007188  00000-0  12456-2 0  9993
2 33813 074.0526 134.2365 0111985 252.0837 169.7876 14.64373619266518
0 COSMOS 2251 DEB
1 33813U 93036BE  14044.20434822  .00006559  00000-0  11368-2 0  9993
2 33813 074.0525 132.0196 0111969 249.6092 136.0317 14.64388933266682
0 COSMOS 2251 DEB
1 33813U 93036BE  14045.66287833  .00006354  00000-0  11011-2 0  9990
2 33813 074.0521 129.2190 0111941 246.4866 265.1009 14.64405048266896
0 COSMOS 2251 DEB
1 33813U 93036BE  14047.01230257  .00007382  00000-0  12778-2 0  9992
2 33813 074.0516 126.6278 0111920 243.6045 179.0464 14.64418833267090
0 COSMOS 2251 DEB
1 33813U 93036BE  14048.03761627  .00006298  00000-0  10909-2 0  9994
2 33813 074.0513 124.6587 0111890 241.3958 184.4043 14.64431454267246
0 COSMOS 2251 DEB
1 33813U 93036BE  14049.89251278  .00004500  00000-0  78127-3 0  9996
2 33813 074.0508 121.0961 0111813 237.3953 243.3525 14.64448941267511
0 COSMOS 2251 DEB
1 33813U 93036BE  14050.97317348  .00005550  00000-0  96154-3 0  9994
2 33813 074.0509 119.0208 0111773 235.0794 180.6139 14.64465089267679
0 COSMOS 2251 DEB
1 33813U 93036BE  14052.20325773  .00005962  00000-0  10321-2 0  9991
2 33813 074.0511 116.6583 0111726 232.4554 185.6987 14.64485538267851
0 COSMOS 2251 DEB
1 33813U 93036BE  14053.22741975  .00006572  00000-0  11367-2 0  9999
2 33813 074.0510 114.6913 0111627 230.2374 185.2422 14.64500930268003
0 COSMOS 2251 DEB
1 33813U 93036BE  14054.53690845  .00006349  00000-0  10981-2 0  9996
2 33813 074.0513 112.1763 0111559 227.4163 249.1343 14.64513653268198
0 COSMOS 2251 DEB
1 33813U 93036BE  14056.16582899  .00005628  00000-0  97382-3 0  9996
2 33813 074.0512 109.0476 0111454 223.9073 197.2493 14.64540433268430
0 COSMOS 2251 DEB
1 33813U 93036BE  14057.18941309  .00006635  00000-0  11466-2 0  9991
2 33813 074.0507 107.0813 0111371 221.6874 193.9503 14.64554813268587
0 COSMOS 2251 DEB
1 33813U 93036BE  14058.21501522  .00007880  00000-0  13600-2 0  9990
2 33813 074.0502 105.1109 0111308 219.4853 201.3250 14.64567457268739
0 COSMOS 2251 DEB
1 33813U 93036BE  14059.52377757  .00008845  00000-0  15249-2 0  9999
2 33813 074.0497 102.5966 0111181 216.6147 261.7960 14.64595878268925
0 COSMOS 2251 DEB
1 33813U 93036BE  14060.55474091  .00007498  00000-0  12935-2 0  9995
2 33813 074.0495 100.6159 0111096 214.4192 297.5954 14.64617345269078
0 COSMOS 2251 DEB
1 33813U 93036BE  14061.57447682  .00006740  00000-0  11631-2 0  9995
2 33813 074.0495 098.6567 0111005 212.2185 274.2908 14.64634179269227
0 COSMOS 2251 DEB
1 33813U 93036BE  14062.85864068  .00006777  00000-0  11691-2 0  9994
2 33813 074.0496 096.1893 0110925 209.4036 205.3398 14.64651919269416
0 COSMOS 2251 DEB
1 33813U 93036BE  14064.15837957  .00005678  00000-0  98029-3 0  9996
2 33813 074.0499 093.6920 0110826 206.6044 218.5435 14.64673131269609
0 COSMOS 2251 DEB
1 33813U 93036BE  14065.18323340  .00005320  00000-0  91881-3 0  9999
2 33813 074.0501 091.7228 0110731 204.4015 222.4090 14.64686283269751
0 COSMOS 2251 DEB
1 33813U 93036BE  14066.49694522  .00005446  00000-0  94011-3 0  9994
2 33813 074.0502 089.1987 0110688 201.5249 309.4955 14.64701756269943
0 COSMOS 2251 DEB
1 33813U 93036BE  14067.52249877  .00005913  00000-0  10200-2 0  9994
2 33813 074.0502 087.2282 0110634 199.2921 317.1854 14.64711727270092
0 COSMOS 2251 DEB
1 33813U 93036BE  14068.80094377  .00005986  00000-0  10323-2 0  9995
2 33813 074.0500 084.7719 0110519 196.5325 218.3943 14.64725611270286
0 COSMOS 2251 DEB
1 33813U 93036BE  14070.18044959  .00004821  00000-0  83257-3 0  9994
2 33813 074.0497 082.1211 0110425 193.5306 292.5857 14.64742214270480
0 COSMOS 2251 DEB
1 33813U 93036BE  14071.48344292  .00005135  00000-0  88625-3 0  9994
2 33813 074.0493 079.6170 0110336 190.6905 323.3987 14.64755700270677
0 COSMOS 2251 DEB
1 33813U 93036BE  14072.76144664  .00005143  00000-0  88737-3 0  9990
2 33813 074.0494 077.1607 0110246 187.9049 222.5008 14.64772630270860
0 COSMOS 2251 DEB
1 33813U 93036BE  14073.78716736  .00005496  00000-0  94772-3 0  9995
2 33813 074.0495 075.1895 0110187 185.6581 231.3387 14.64781832271018
0 COSMOS 2251 DEB
1 33813U 93036BE  14074.81333057  .00004980  00000-0  85921-3 0  9994
2 33813 074.0497 073.2173 0110126 183.4229 242.5338 14.64790360271168
0 COSMOS 2251 DEB
1 33813U 93036BE  14076.12120160  .00004589  00000-0  79225-3 0  9994
2 33813 074.0502 070.7039 0110048 180.5445 299.3147 14.64800011271353
0 COSMOS 2251 DEB
1 33813U 93036BE  14077.14722428  .00004764  00000-0  82211-3 0  9996
2 33813 074.0506 068.7321 0109993 178.2945 309.8537 14.64808003271500
0 COSMOS 2251 DEB
1 33813U 93036BE  14078.37481517  .00005304  00000-0  91431-3 0  9998
2 33813 074.0511 066.3731 0109949 175.6198 303.3522 14.64822994271684
0 COSMOS 2251 DEB
1 33813U 93036BE  14080.15191228  .00005927  00000-0  10206-2 0  9995
2 33813 074.0512 062.9582 0109843 171.7143 314.7263 14.64842436271941
0 COSMOS 2251 DEB
1 33813U 93036BE  14081.38589476  .00006920  00000-0  11901-2 0  9994
2 33813 074.0511 060.5869 0109762 168.9816 342.1357 14.64857958272122
0 COSMOS 2251 DEB
1 33813U 93036BE  14082.73532784  .00008598  00000-0  14764-2 0  9997
2 33813 074.0509 057.9933 0109700 166.0161 258.4370 14.64877358272327
0 COSMOS 2251 DEB
1 33813U 93036BE  14084.11283936  .00007839  00000-0  13463-2 0  9995
2 33813 074.0506 055.3453 0109654 163.0049 322.8921 14.64894601272523
0 COSMOS 2251 DEB
1 33813U 93036BE  14085.34113833  .00008787  00000-0  15075-2 0  9993
2 33813 074.0509 052.9843 0109612 160.3244 320.5231 14.64915450272708
0 COSMOS 2251 DEB
1 33813U 93036BE  14086.36625959  .00007954  00000-0  13649-2 0  9993
2 33813 074.0512 051.0140 0109569 158.0630 326.7586 14.64930298272850
0 COSMOS 2251 DEB
1 33813U 93036BE  14087.72120260  .00008028  00000-0  13770-2 0  9997
2 33813 074.0518 048.4098 0109494 155.0963 272.4617 14.64953684273050
0 COSMOS 2251 DEB
1 33813U 93036BE  14088.94838312  .00007022  00000-0  12049-2 0  9997
2 33813 074.0522 046.0511 0109450 152.4161 264.4513 14.64973022273236
0 COSMOS 2251 DEB
1 33813U 93036BE  14089.98327541  .00006840  00000-0  11736-2 0  9998
2 33813 074.0525 044.0623 0109385 150.1385 322.4217 14.64986458273380
0 COSMOS 2251 DEB
1 33813U 93036BE  14091.07891280  .00007982  00000-0  13679-2 0  9993
2 33813 074.0527 041.9567 0109351 147.7376 340.8086 14.65001883273547
0 COSMOS 2251 DEB
1 33813U 93036BE  14092.30732612  .00009277  00000-0  15881-2 0  9999
2 33813 074.0527 039.5958 0109302 145.0529 339.5279 14.65018676273728
0 COSMOS 2251 DEB
1 33813U 93036BE  14093.66200830  .00008135  00000-0  13928-2 0  9993
2 33813 074.0526 036.9921 0109298 142.0681 284.3075 14.65039276273920
0 COSMOS 2251 DEB
1 33813U 93036BE  14094.81633242  .00006940  00000-0  11888-2 0  9993
2 33813 074.0525 034.7733 0109252 139.5244 252.4350 14.65061131274098
0 COSMOS 2251 DEB
1 33813U 93036BE  14095.84601031  .00008078  00000-0  13822-2 0  9992
2 33813 074.0524 032.7940 0109196 137.2756 283.1984 14.65073588274245
0 COSMOS 2251 DEB
1 33813U 93036BE  14097.01945409  .00005966  00000-0  10224-2 0  9999
2 33813 074.0524 030.5379 0109171 134.6762 352.3261 14.65087868274410
0 COSMOS 2251 DEB
1 33813U 93036BE  14098.17874825  .00006324  00000-0  10828-2 0  9999
2 33813 074.0525 028.3092 0109186 132.1127 346.8830 14.65105700274586
0 COSMOS 2251 DEB
1 33813U 93036BE  14099.20268956  .00006269  00000-0  10732-2 0  9998
2 33813 074.0528 026.3406 0109149 129.8581 347.5845 14.65117581274733
0 COSMOS 2251 DEB
1 33813U 93036BE  14100.23311146  .00005798  00000-0  99288-3 0  9994
2 33813 074.0531 024.3598 0109111 127.5922 022.5105 14.65129540274883
0 COSMOS 2251 DEB
1 33813U 93036BE  14101.85597734  .00005287  00000-0  90561-3 0  9990
2 33813 074.0535 021.2401 0109065 124.0252 302.3444 14.65150190275120
0 COSMOS 2251 DEB
1 33813U 93036BE  14102.47992020  .00006246  00000-0  10679-2 0  9993
2 33813 074.0536 020.0408 0109053 122.6480 353.3791 14.65179671275215
0 COSMOS 2251 DEB
1 33813U 93036BE  14103.83657492  .00006278  00000-0  10733-2 0  9991
2 33813 074.0536 017.4327 0109066 119.6622 309.2580 14.65184437275417
0 COSMOS 2251 DEB
1 33813U 93036BE  14105.14494561  .00005600  00000-0  95781-3 0  9998
2 33813 074.0533 014.9175 0108976 116.7815 010.5422 14.65199482275602
0 COSMOS 2251 DEB
1 33813U 93036BE  14106.16714958  .00005472  00000-0  93587-3 0  9995
2 33813 074.0529 012.9523 0108969 114.5374 002.4245 14.65213943275758
0 COSMOS 2251 DEB
1 33813U 93036BE  14107.19295730  .00007171  00000-0  12240-2 0  9995
2 33813 074.0526 010.9801 0108939 112.2814 013.3732 14.65228221275907
0 COSMOS 2251 DEB
1 33813U 93036BE  14108.47702699  .00008339  00000-0  14214-2 0  9994
2 33813 074.0523 008.5110 0108859 109.4691 306.6809 14.65254228276092
0 COSMOS 2251 DEB
1 33813U 93036BE  14109.77427810  .00011488  00000-0  19544-2 0  9997
2 33813 074.0522 006.0164 0108854 106.6363 309.6228 14.65274857276282
0 COSMOS 2251 DEB
1 33813U 93036BE  14110.80910100  .00013304  00000-0  22609-2 0  9997
2 33813 074.0525 004.0264 0108799 104.3651 008.3597 14.65297588276432
0 COSMOS 2251 DEB
1 33813U 93036BE  14112.10821524  .00010164  00000-0  17283-2 0  9996
2 33813 074.0528 001.5280 0108752 101.4866 021.3886 14.65326112276623
0 COSMOS 2251 DEB
1 33813U 93036BE  14113.13763015  .00008022  00000-0  13653-2 0  9997
2 33813 074.0529 359.5485 0108729 099.2221 051.7779 14.65337341276770
0 COSMOS 2251 DEB
1 33813U 93036BE  14114.76010181  .00006935  00000-0  11807-2 0  9996
2 33813 074.0528 356.4285 0108680 095.6294 330.7929 14.65362911277015
0 COSMOS 2251 DEB
1 33813U 93036BE  14115.79384020  .00006120  00000-0  10423-2 0  9995
2 33813 074.0525 354.4407 0108681 093.3511 024.1327 14.65378581277166
0 COSMOS 2251 DEB
1 33813U 93036BE  14117.09705631  .00005064  00000-0  86323-3 0  9994
2 33813 074.0521 351.9343 0108761 090.4853 059.1268 14.65393508277358
0 COSMOS 2251 DEB
1 33813U 93036BE  14118.11594920  .00004617  00000-0  78742-3 0  9994
2 33813 074.0517 349.9745 0108712 088.2416 034.2509 14.65403218277501
0 COSMOS 2251 DEB
1 33813U 93036BE  14119.74419275  .00004691  00000-0  79966-3 0  9994
2 33813 074.0513 346.8424 0108719 084.6577 344.0481 14.65417747277741
0 COSMOS 2251 DEB
1 33813U 93036BE  14120.77760980  .00004249  00000-0  72474-3 0  9997
2 33813 074.0512 344.8543 0108716 082.3962 035.8681 14.65431241277898
0 COSMOS 2251 DEB
1 33813U 93036BE  14122.00783417  .00003749  00000-0  64004-3 0  9999
2 33813 074.0510 342.4874 0108697 079.6697 046.0471 14.65440159278079
0 COSMOS 2251 DEB
1 33813U 93036BE  14123.03625140  .00003285  00000-0  56146-3 0  9994
2 33813 074.0510 340.5084 0108669 077.3818 071.6103 14.65448384278221
0 COSMOS 2251 DEB
1 33813U 93036BE  14124.05510169  .00003974  00000-0  67785-3 0  9997
2 33813 074.0514 338.5494 0108679 075.1772 046.6658 14.65455733278372
0 COSMOS 2251 DEB
1 33813U 93036BE  14125.40968109  .00004388  00000-0  74760-3 0  9999
2 33813 074.0516 335.9438 0108667 072.2099 352.9863 14.65470111278570
0 COSMOS 2251 DEB
1 33813U 93036BE  14126.78722396  .00004482  00000-0  76322-3 0  9998
2 33813 074.0516 333.2941 0108670 069.1636 060.5515 14.65482785278774
0 COSMOS 2251 DEB
1 33813U 93036BE  14128.01463602  .00004520  00000-0  76956-3 0  9994
2 33813 074.0514 330.9332 0108696 066.4732 056.0912 14.65492710278955
0 COSMOS 2251 DEB
1 33813U 93036BE  14129.64137119  .00004991  00000-0  84866-3 0  9996
2 33813 074.0509 327.8038 0108682 062.8954 358.4655 14.65512475279199
0 COSMOS 2251 DEB
1 33813U 93036BE  14131.97928671  .00005185  00000-0  88095-3 0  9990
2 33813 074.0502 323.3055 0108687 057.7441 093.0935 14.65536000279532
0 COSMOS 2251 DEB
1 33813U 93036BE  14133.60015594  .00004605  00000-0  78275-3 0  9998
2 33813 074.0502 320.1867 0108664 054.1899 004.7538 14.65553875279774
0 COSMOS 2251 DEB
1 33813U 93036BE  14134.62566058  .00005905  00000-0  10018-2 0  9991
2 33813 074.0504 318.2132 0108719 051.8933 015.3846 14.65562226279920
0 COSMOS 2251 DEB
1 33813U 93036BE  14135.86352098  .00005595  00000-0  94934-3 0  9990
2 33813 074.0507 315.8309 0108670 049.1768 066.4103 14.65574897280106
0 COSMOS 2251 DEB
1 33813U 93036BE  14136.96411676  .00004658  00000-0  79110-3 0  9998
2 33813 074.0512 313.7131 0108764 046.7099 113.3159 14.65585098280261
0 COSMOS 2251 DEB
1 33813U 93036BE  14138.18456140  .00003958  00000-0  67302-3 0  9991
2 33813 074.0516 311.3647 0108735 044.0219 072.5601 14.65595052280443
0 COSMOS 2251 DEB
1 33813U 93036BE  14139.46534791  .00003268  00000-0  55677-3 0  9998
2 33813 074.0514 308.9010 0108684 041.2199 350.1997 14.65605286280631
0 COSMOS 2251 DEB
1 33813U 93036BE  14140.49462740  .00003104  00000-0  52898-3 0  9998
2 33813 074.0511 306.9208 0108664 038.9474 020.9006 14.65611441280781
0 COSMOS 2251 DEB
1 33813U 93036BE  14141.51754780  .00002601  00000-0  44407-3 0  9998
2 33813 074.0509 304.9526 0108760 036.6927 018.0658 14.65617694280938
0 COSMOS 2251 DEB
1 33813U 93036BE  14142.82602307  .00002392  00000-0  40886-3 0  9994
2 33813 074.0504 302.4337 0108784 033.7901 081.9342 14.65624902281123
0 COSMOS 2251 DEB
1 33813U 93036BE  14144.12405241  .00002246  00000-0  38421-3 0  9997
2 33813 074.0504 299.9359 0108857 030.9263 090.7017 14.65634506281317
0 COSMOS 2251 DEB
1 33813U 93036BE  14145.47749134  .00001920  00000-0  32922-3 0  9996
2 33813 074.0508 297.3313 0108870 027.9569 031.8509 14.65638816281515
0 COSMOS 2251 DEB
1 33813U 93036BE  14146.50132332  .00001746  00000-0  29987-3 0  9990
2 33813 074.0511 295.3607 0108931 025.7131 033.9085 14.65642565281666
0 COSMOS 2251 DEB
1 33813U 93036BE  14147.80919572  .00001606  00000-0  27625-3 0  9995
2 33813 074.0514 292.8440 0108934 022.8281 094.6916 14.65645854281855
0 COSMOS 2251 DEB
1 33813U 93036BE  14148.83323825  .00001477  00000-0  25463-3 0  9993
2 33813 074.0517 290.8736 0108966 020.5745 097.8954 14.65649358282007
0 COSMOS 2251 DEB
1 33813U 93036BE  14149.85807383  .00001100  00000-0  19103-3 0  9999
2 33813 074.0509 288.8999 0109094 018.2903 105.3247 14.65652829282152
0 COSMOS 2251 DEB
1 33813U 93036BE  14151.14196399  .00001163  00000-0  20160-3 0  9996
2 33813 074.0508 286.4296 0109114 015.4560 039.6088 14.65660508282342
0 COSMOS 2251 DEB
1 33813U 93036BE  14152.44061828  .00002099  00000-0  35898-3 0  9991
2 33813 074.0508 283.9308 0109162 012.5956 051.8035 14.65666040282534
0 COSMOS 2251 DEB
1 33813U 93036BE  14153.47322891  .00001398  00000-0  24112-3 0  9993
2 33813 074.0508 281.9438 0109222 010.3404 100.2715 14.65663005282685
0 COSMOS 2251 DEB
1 33813U 93036BE  14154.49864644  .00001252  00000-0  21660-3 0  9997
2 33813 074.0508 279.9707 0109279 008.0973 110.7801 14.65665997282839
0 COSMOS 2251 DEB
1 33813U 93036BE  14155.79602179  .00001416  00000-0  24419-3 0  9991
2 33813 074.0509 277.4743 0109324 005.2520 116.2719 14.65669063283020
0 COSMOS 2251 DEB
1 33813U 93036BE  14157.15036082  .00001386  00000-0  23898-3 0  9993
2 33813 074.0510 274.8682 0109374 002.2796 062.3436 14.65673394283223
0 COSMOS 2251 DEB
1 33813U 93036BE  14158.45744201  .00001212  00000-0  20984-3 0  9997
2 33813 074.0511 272.3532 0109425 359.4233 119.0697 14.65678354283412
0 COSMOS 2251 DEB
1 33813U 93036BE  14159.75449096  .00001664  00000-0  28568-3 0  9992
2 33813 074.0510 269.8575 0109487 356.5850 122.8914 14.65684466283606
0 COSMOS 2251 DEB
1 33813U 93036BE  14161.10772035  .00001716  00000-0  29432-3 0  9995
2 33813 074.0509 267.2537 0109524 353.5948 063.2047 14.65690288283807
0 COSMOS 2251 DEB
1 33813U 93036BE  14162.13372611  .00002047  00000-0  35006-3 0  9997
2 33813 074.0519 265.2811 0109469 351.3680 076.9052 14.65694311283952
0 COSMOS 2251 DEB
1 33813U 93036BE  14163.44014263  .00002713  00000-0  46177-3 0  9999
2 33813 074.0516 262.7675 0109540 348.5271 130.2159 14.65699361284147
0 COSMOS 2251 DEB
1 33813U 93036BE  14164.46505600  .00002906  00000-0  49408-3 0  9996
2 33813 074.0513 260.7955 0109583 346.2694 138.2237 14.65704373284295
0 COSMOS 2251 DEB
1 33813U 93036BE  14165.69222963  .00002799  00000-0  47607-3 0  9999
2 33813 074.0510 258.4342 0109635 343.5742 133.4792 14.65711664284472
0 COSMOS 2251 DEB
1 33813U 93036BE  14166.71744223  .00002302  00000-0  39244-3 0  9999
2 33813 074.0508 256.4614 0109690 341.3497 143.0705 14.65715482284623
0 COSMOS 2251 DEB
1 33813U 93036BE  14168.00076412  .00001871  00000-0  32014-3 0  9999
2 33813 074.0506 253.9917 0109749 338.5377 074.6372 14.65720613284811
0 COSMOS 2251 DEB
1 33813U 93036BE  14169.02618058  .00001578  00000-0  27093-3 0  9995
2 33813 074.0508 252.0182 0109790 336.3026 085.3463 14.65723879284963
0 COSMOS 2251 DEB
1 33813U 93036BE  14170.04911787  .00001351  00000-0  23278-3 0  9994
2 33813 074.0503 250.0480 0109925 334.0816 082.9751 14.65729782285119
0 COSMOS 2251 DEB
1 33813U 93036BE  14171.27706758  .00001161  00000-0  20090-3 0  9998
2 33813 074.0501 247.6850 0109957 331.4262 082.3838 14.65732116285295
0 COSMOS 2251 DEB
1 33813U 93036BE  14172.30222999  .00001329  00000-0  22899-3 0  9998
2 33813 074.0500 245.7123 0109998 329.1981 091.7861 14.65734139285447
0 COSMOS 2251 DEB
1 33813U 93036BE  14173.40722801  .00001292  00000-0  22288-3 0  9998
2 33813 074.0498 243.5859 0110046 326.7842 162.4712 14.65736677285608
0 COSMOS 2251 DEB
1 33813U 93036BE  14174.64010118  .00001079  00000-0  18709-3 0  9992
2 33813 074.0496 241.2135 0110091 324.1062 187.9026 14.65739371285787
0 COSMOS 2251 DEB
1 33813U 93036BE  14175.98834485  .00000962  00000-0  16747-3 0  9991
2 33813 074.0494 238.6189 0110147 321.1723 102.1250 14.65740684285986
0 COSMOS 2251 DEB
1 33813U 93036BE  14177.01375204  .00000957  00000-0  16656-3 0  9999
2 33813 074.0492 236.6455 0110184 318.9406 112.8532 14.65743243286134
0 COSMOS 2251 DEB
1 33813U 93036BE  14178.16603838  .00000910  00000-0  15869-3 0  9997
2 33813 074.0491 234.4280 0110222 316.4318 073.0891 14.65746086286306
0 COSMOS 2251 DEB
1 33813U 93036BE  14179.34457988  .00000863  00000-0  15076-3 0  9998
2 33813 074.0491 232.1597 0110261 313.8627 171.8810 14.65749725286478
0 COSMOS 2251 DEB
1 33813U 93036BE  14180.50311124  .00001003  00000-0  17425-3 0  9996
2 33813 074.0491 229.9300 0110287 311.3642 165.0732 14.65753097286646
0 COSMOS 2251 DEB
1 33813U 93036BE  14181.59703582  .00001298  00000-0  22372-3 0  9992
2 33813 074.0491 227.8247 0110302 308.9899 177.3865 14.65757450286805
0 COSMOS 2251 DEB
1 33813U 93036BE  14183.49681951  .00001938  00000-0  33080-3 0  9997
2 33813 074.0490 224.1684 0110327 304.8746 122.0097 14.65764917287083
0 COSMOS 2251 DEB
1 33813U 93036BE  14184.53078954  .00001819  00000-0  31077-3 0  9998
2 33813 074.0489 222.1785 0110344 302.6413 177.9870 14.65773862287231
0 COSMOS 2251 DEB
1 33813U 93036BE  14185.55488993  .00003053  00000-0  51744-3 0  9994
2 33813 074.0499 220.2090 0110335 300.3783 181.9776 14.65775631287387
0 COSMOS 2251 DEB
1 33813U 93036BE  14186.90894744  .00003266  00000-0  55299-3 0  9994
2 33813 074.0497 217.6031 0110359 297.4373 127.0597 14.65782812287580
0 COSMOS 2251 DEB
1 33813U 93036BE  14188.13551084  .00003498  00000-0  59170-3 0  9997
2 33813 074.0494 215.2424 0110375 294.7758 119.4123 14.65791084287763
0 COSMOS 2251 DEB
1 33813U 93036BE  14189.16036226  .00004395  00000-0  74154-3 0  9993
2 33813 074.0489 213.2699 0110375 292.5505 127.4014 14.65799607287919
0 COSMOS 2251 DEB
1 33813U 93036BE  14190.46773547  .00004792  00000-0  80780-3 0  9995
2 33813 074.0489 210.7542 0110353 289.7213 186.2526 14.65809834288105
0 COSMOS 2251 DEB
1 33813U 93036BE  14191.49833436  .00004885  00000-0  82307-3 0  9993
2 33813 074.0486 208.7705 0110334 287.4908 224.6350 14.65819221288254
0 COSMOS 2251 DEB
1 33813U 93036BE  14193.11994889  .00003085  00000-0  52210-3 0  9995
2 33813 074.0486 205.6490 0110341 283.9713 141.8293 14.65832513288495
0 COSMOS 2251 DEB
1 33813U 93036BE  14195.09873403  .00001827  00000-0  31170-3 0  9996
2 33813 074.0494 201.8399 0110326 279.6831 143.8830 14.65845422288780
0 COSMOS 2251 DEB
1 33813U 93036BE  14196.13179691  .00001946  00000-0  33149-3 0  9990
2 33813 074.0498 199.8504 0110343 277.4675 195.3679 14.65848752288938
0 COSMOS 2251 DEB
1 33813U 93036BE  14197.43614340  .00001597  00000-0  27320-3 0  9995
2 33813 074.0499 197.3397 0110342 274.6419 238.4672 14.65853570289124
0 COSMOS 2251 DEB
1 33813U 93036BE  14198.46156256  .00001296  00000-0  22290-3 0  9993
2 33813 074.0497 195.3658 0110329 272.4254 249.6624 14.65855839289275
0 COSMOS 2251 DEB
1 33813U 93036BE  14199.73682301  .00000886  00000-0  15427-3 0  9997
2 33813 074.0496 192.9112 0110319 269.6729 139.2906 14.65858795289468
0 COSMOS 2251 DEB
1 33813U 93036BE  14201.11524072  .00000765  00000-0  13416-3 0  9995
2 33813 074.0493 190.2560 0110182 266.7118 213.2858 14.65861760289668
0 COSMOS 2251 DEB
1 33813U 93036BE  14202.41922738  .00000721  00000-0  12680-3 0  9994
2 33813 074.0495 187.7458 0110107 263.8805 254.5465 14.65864245289859
0 COSMOS 2251 DEB
1 33813U 93036BE  14204.11834258  .00000794  00000-0  13890-3 0  9996
2 33813 074.0498 184.4749 0110051 260.2033 220.9433 14.65867332290103
0 COSMOS 2251 DEB
1 33813U 93036BE  14205.34624991  .00000964  00000-0  16732-3 0  9990
2 33813 074.0500 182.1113 0110019 257.5423 220.7475 14.65868576290287
0 COSMOS 2251 DEB
1 33813U 93036BE  14206.37639171  .00001019  00000-0  17658-3 0  9990
2 33813 074.0501 180.1284 0109973 255.3024 256.9320 14.65871935290435
0 COSMOS 2251 DEB
1 33813U 93036BE  14207.72448949  .00001460  00000-0  25026-3 0  9999
2 33813 074.0503 177.5334 0109942 252.3732 171.0223 14.65875416290631
0 COSMOS 2251 DEB
1 33813U 93036BE  14208.74944831  .00001389  00000-0  23847-3 0  9992
2 33813 074.0503 175.5606 0109912 250.1477 179.8735 14.65879592290789
0 COSMOS 2251 DEB
1 33813U 93036BE  14209.97700972  .00002121  00000-0  36070-3 0  9991
2 33813 074.0504 173.1977 0109921 247.4873 177.9046 14.65881876290966
0 COSMOS 2251 DEB
1 33813U 93036BE  14211.08039882  .00001482  00000-0  25389-3 0  9991
2 33813 074.0506 171.0737 0109885 245.1036 240.6599 14.65887184291122
0 COSMOS 2251 DEB
1 33813U 93036BE  14212.58067192  .00002131  00000-0  36233-3 0  9994
2 33813 074.0506 168.1861 0109813 241.8269 237.9014 14.65893671291342
0 COSMOS 2251 DEB
1 33813U 93036BE  14213.66161919  .00002587  00000-0  43853-3 0  9997
2 33813 074.0506 166.1052 0109768 239.4650 182.3000 14.65899774291504
0 COSMOS 2251 DEB
1 33813U 93036BE  14214.95934030  .00003212  00000-0  54273-3 0  9996
2 33813 074.0507 163.6091 0109795 236.6338 190.6972 14.65907724291697
0 COSMOS 2251 DEB
1 33813U 93036BE  14215.99292174  .00003062  00000-0  51763-3 0  9991
2 33813 074.0507 161.6196 0109745 234.3900 245.1800 14.65913249291848
0 COSMOS 2251 DEB
1 33813U 93036BE  14217.01764428  .00002692  00000-0  45581-3 0  9991
2 33813 074.0511 159.6471 0109708 232.1537 252.9465 14.65920949291991
0 COSMOS 2251 DEB
1 33813U 93036BE  14218.17896541  .00002401  00000-0  40716-3 0  9994
2 33813 074.0514 157.4116 0109623 229.6248 261.6097 14.65926878292167
0 COSMOS 2251 DEB
1 33813U 93036BE  14219.66872373  .00001873  00000-0  31898-3 0  9999
2 33813 074.0518 154.5440 0109554 226.3798 203.5758 14.65933710292382
0 COSMOS 2251 DEB
1 33813U 93036BE  14220.97662615  .00001719  00000-0  29335-3 0  9993
2 33813 074.0520 152.0264 0109492 223.5179 265.8686 14.65938030292577
0 COSMOS 2251 DEB
1 33813U 93036BE  14221.99972402  .00001652  00000-0  28216-3 0  9997
2 33813 074.0520 150.0570 0109449 221.2930 265.1421 14.65940557292721
0 COSMOS 2251 DEB
1 33813U 93036BE  14223.23288235  .00001606  00000-0  27431-3 0  9997
2 33813 074.0517 147.6833 0109377 218.5997 293.0063 14.65945342292902
0 COSMOS 2251 DEB
1 33813U 93036BE  14224.25110462  .00001065  00000-0  18399-3 0  9998
2 33813 074.0508 145.7216 0109236 216.3616 266.5905 14.65949206293054
0 COSMOS 2251 DEB
1 33813U 93036BE  14225.80928012  .00001150  00000-0  19823-3 0  9996
2 33813 074.0507 142.7222 0109180 212.9609 209.7383 14.65951965293288
0 COSMOS 2251 DEB
1 33813U 93036BE  14226.83327797  .00000868  00000-0  15104-3 0  9996
2 33813 074.0508 140.7509 0109133 210.7220 213.8163 14.65954826293436
0 COSMOS 2251 DEB
1 33813U 93036BE  14228.14076530  .00001091  00000-0  18831-3 0  9997
2 33813 074.0508 138.2340 0109068 207.8648 274.0070 14.65955574293627
0 COSMOS 2251 DEB
1 33813U 93036BE  14229.76732941  .00001199  00000-0  20639-3 0  9999
2 33813 074.0507 135.1029 0109000 204.3133 218.1134 14.65959197293864
0 COSMOS 2251 DEB
1 33813U 93036BE  14230.94086157  .00001425  00000-0  24415-3 0  9990
2 33813 074.0506 132.8438 0108946 201.7620 291.3704 14.65961379294032
0 COSMOS 2251 DEB
1 33813U 93036BE  14232.09961913  .00001359  00000-0  23310-3 0  9999
2 33813 074.0503 130.6130 0108889 199.2192 286.6798 14.65968848294202
0 COSMOS 2251 DEB
1 33813U 93036BE  14233.79364591  .00001435  00000-0  24583-3 0  9994
2 33813 074.0500 127.3518 0108807 195.5046 226.9002 14.65972442294456
0 COSMOS 2251 DEB
1 33813U 93036BE  14235.10096231  .00001681  00000-0  28684-3 0  9993
2 33813 074.0498 124.8351 0108744 192.6416 286.2801 14.65975359294645
0 COSMOS 2251 DEB
1 33813U 93036BE  14236.12537052  .00001543  00000-0  26385-3 0  9990
2 33813 074.0496 122.8629 0108689 190.3921 292.6188 14.65980289294796
0 COSMOS 2251 DEB
1 33813U 93036BE  14237.14914965  .00001818  00000-0  30981-3 0  9997
2 33813 074.0495 120.8919 0108650 188.1451 295.6538 14.65984555294945
0 COSMOS 2251 DEB
1 33813U 93036BE  14241.43685683  .00002813  00000-0  47574-3 0  9998
2 33813 074.0499 112.6387 0108527 178.7794 244.3642 14.66007950295578
0 COSMOS 2251 DEB
1 33813U 93036BE  14242.74351538  .00002626  00000-0  44455-3 0  9999
2 33813 074.0500 110.1229 0108482 175.9093 300.4543 14.66015266295764
0 COSMOS 2251 DEB
1 33813U 93036BE  14244.04679025  .00002991  00000-0  50545-3 0  9990
2 33813 074.0501 107.6135 0108394 173.0576 338.7088 14.66022501295958
0 COSMOS 2251 DEB
1 33813U 93036BE  14245.07045286  .00002818  00000-0  47656-3 0  9997
2 33813 074.0500 105.6426 0108346 170.8022 341.3024 14.66026425296103
0 COSMOS 2251 DEB
1 33813U 93036BE  14246.41774699  .00002213  00000-0  37549-3 0  9992
2 33813 074.0498 103.0485 0108266 167.8483 251.9397 14.66034913296306
0 COSMOS 2251 DEB
1 33813U 93036BE  14247.44345079  .00002626  00000-0  44440-3 0  9998
2 33813 074.0495 101.0735 0108247 165.5838 265.3561 14.66040208296459
0 COSMOS 2251 DEB
1 33813U 93036BE  14248.67005692  .00003346  00000-0  56443-3 0  9994
2 33813 074.0491 098.7115 0108213 162.8905 259.0984 14.66047229296636
0 COSMOS 2251 DEB
1 33813U 93036BE  14249.77399514  .00003775  00000-0  63599-3 0  9991
2 33813 074.0489 096.5857 0108143 160.4713 325.4540 14.66056403296792
0 COSMOS 2251 DEB
1 33813U 93036BE  14251.00692066  .00003898  00000-0  65639-3 0  9991
2 33813 074.0488 094.2122 0108112 157.7795 352.6132 14.66065093296970
0 COSMOS 2251 DEB
1 33813U 93036BE  14252.02560179  .00004652  00000-0  78220-3 0  9992
2 33813 074.0487 092.2503 0108025 155.5466 329.0695 14.66073728297128
0 COSMOS 2251 DEB
1 33813U 93036BE  14253.73160875  .00005376  00000-0  90257-3 0  9998
2 33813 074.0491 088.9648 0107956 151.8093 333.2097 14.66090148297377
0 COSMOS 2251 DEB
1 33813U 93036BE  14254.75582196  .00006016  00000-0  10091-2 0  9994
2 33813 074.0494 086.9925 0107879 149.5615 338.9647 14.66100515297524
0 COSMOS 2251 DEB
1 33813U 93036BE  14255.98334453  .00010010  00000-0  16740-2 0  9997
2 33813 074.0498 084.6288 0107768 146.8523 337.8557 14.66117550297705
0 COSMOS 2251 DEB
1 33813U 93036BE  14257.33573828  .00007452  00000-0  12478-2 0  9999
2 33813 074.0499 082.0243 0107645 143.8830 275.9146 14.66139477297901
0 COSMOS 2251 DEB
1 33813U 93036BE  14258.71298637  .00006087  00000-0  10201-2 0  9999
2 33813 074.0499 079.3721 0107599 140.8681 345.2285 14.66156333298108
0 COSMOS 2251 DEB
1 33813U 93036BE  14259.86181863  .00006610  00000-0  11069-2 0  9993
2 33813 074.0497 077.1594 0107540 138.3426 289.0001 14.66168738298276
0 COSMOS 2251 DEB
1 33813U 93036BE  14261.29305610  .00006313  00000-0  10572-2 0  9999
2 33813 074.0494 074.4027 0107438 135.1985 283.4388 14.66187867298488
0 COSMOS 2251 DEB
1 33813U 93036BE  14263.90342627  .00005753  00000-0  96362-3 0  9997
2 33813 074.0494 069.3745 0107246 129.4221 021.9310 14.66220547298869
0 COSMOS 2251 DEB
1 33813U 93036BE  14264.92140292  .00005288  00000-0  88618-3 0  9992
2 33813 074.0494 067.4136 0107175 127.1834 355.2516 14.66231088299019
0 COSMOS 2251 DEB
1 33813U 93036BE  14266.62753981  .00005978  00000-0  10006-2 0  9997
2 33813 074.0500 064.1272 0107045 123.4212 001.0761 14.66250132299263
0 COSMOS 2251 DEB
1 33813U 93036BE  14267.23007807  .00005959  00000-0  99731-3 0  9996
2 33813 074.0503 062.9669 0107007 122.0910 301.5970 14.66259406299353
0 COSMOS 2251 DEB
1 33813U 93036BE  14269.48018429  .00007483  00000-0  12500-2 0  9999
2 33813 074.0512 058.6331 0106826 117.1022 299.0575 14.66291956299682
0 COSMOS 2251 DEB
1 33813U 93036BE  14270.58399564  .00008723  00000-0  14556-2 0  9995
2 33813 074.0514 056.5071 0106736 114.6530 005.7673 14.66309046299847
0 COSMOS 2251 DEB
1 33813U 93036BE  14271.73357730  .00005744  00000-0  96057-3 0  9999
2 33813 074.0513 054.2929 0106652 112.1016 314.1595 14.66331976300011
0 COSMOS 2251 DEB
1 33813U 93036BE  14273.43813366  .00009296  00000-0  15492-2 0  9999
2 33813 074.0512 051.0094 0106561 108.3036 312.3154 14.66363168300262
0 COSMOS 2251 DEB
1 33813U 93036BE  14274.46261010  .00008477  00000-0  14129-2 0  9992
2 33813 074.0510 049.0356 0106473 106.0325 320.4970 14.66383860300410
0 COSMOS 2251 DEB
1 33813U 93036BE  14275.76867948  .00007723  00000-0  12873-2 0  9995
2 33813 074.0510 046.5194 0106393 103.1251 015.3233 14.66409487300606
0 COSMOS 2251 DEB
1 33813U 93036BE  14276.79249383  .00006742  00000-0  11244-2 0  9997
2 33813 074.0512 044.5467 0106243 100.8553 020.1780 14.66427180300759
0 COSMOS 2251 DEB
1 33813U 93036BE  14277.82206219  .00006860  00000-0  11436-2 0  9997
2 33813 074.0515 042.5630 0106226 098.5520 055.4971 14.66446392300906
0 COSMOS 2251 DEB
1 33813U 93036BE  14279.09990087  .00006039  00000-0  10071-2 0  9993
2 33813 074.0520 040.1007 0106152 095.7038 321.5752 14.66469486301099
0 COSMOS 2251 DEB
1 33813U 93036BE  14280.12418821  .00005847  00000-0  97508-3 0  9997
2 33813 074.0526 038.1281 0106075 093.4309 329.1415 14.66482733301243
0 COSMOS 2251 DEB
1 33813U 93036BE  14281.42980521  .00005389  00000-0  89892-3 0  9990
2 33813 074.0528 035.6129 0105974 090.5188 022.0329 14.66501094301434
0 COSMOS 2251 DEB
1 33813U 93036BE  14282.45414983  .00004990  00000-0  83253-3 0  9990
2 33813 074.0528 033.6395 0105939 088.2320 030.0366 14.66519701301580
0 COSMOS 2251 DEB
1 33813U 93036BE  14283.75129436  .00004093  00000-0  68379-3 0  9996
2 33813 074.0527 031.1405 0105925 085.3553 038.3546 14.66537543301771
0 COSMOS 2251 DEB
1 33813U 93036BE  14285.10434809  .00003371  00000-0  56407-3 0  9997
2 33813 074.0524 028.5336 0105867 082.3288 341.9450 14.66552539301979
0 COSMOS 2251 DEB
1 33813U 93036BE  14286.12895361  .00003096  00000-0  51837-3 0  9990
2 33813 074.0523 026.5593 0105859 080.0483 351.4927 14.66560675302127
0 COSMOS 2251 DEB
1 33813U 93036BE  14287.35519413  .00002171  00000-0  36511-3 0  9992
2 33813 074.0523 024.1962 0105867 077.3156 345.6400 14.66572551302303
0 COSMOS 2251 DEB
1 33813U 93036BE  14288.37956495  .00002405  00000-0  40390-3 0  9990
2 33813 074.0523 022.2223 0105811 075.0306 354.0269 14.66583531302456
0 COSMOS 2251 DEB
1 33813U 93036BE  14290.08439774  .00002233  00000-0  37521-3 0  9998
2 33813 074.0526 018.9372 0105762 071.2426 355.1299 14.66598332302700
0 COSMOS 2251 DEB
1 33813U 93036BE  14291.45987021  .00001581  00000-0  26733-3 0  9991
2 33813 074.0529 016.2869 0105719 068.1882 057.3501 14.66609208302902
0 COSMOS 2251 DEB
1 33813U 93036BE  14292.68659770  .00005674  00000-0  94390-3 0  9995
2 33813 074.0530 013.9233 0105724 065.4568 054.2936 14.66619751303082
0 COSMOS 2251 DEB
1 33813U 93036BE  14294.16818171  .00008291  00000-0  13757-2 0  9997
2 33813 074.0529 011.0685 0105720 062.1613 316.9172 14.66638156303306
0 COSMOS 2251 DEB
1 33813U 93036BE  14295.26636536  .00006675  00000-0  11085-2 0  9998
2 33813 074.0527 008.9526 0105743 059.7121 355.2953 14.66653244303469
0 COSMOS 2251 DEB
1 33813U 93036BE  14296.64276644  .00006682  00000-0  11093-2 0  9998
2 33813 074.0522 006.3002 0105732 056.6221 062.7501 14.66668816303662
0 COSMOS 2251 DEB
1 33813U 93036BE  14297.66636793  .00007037  00000-0  11675-2 0  9997
2 33813 074.0518 004.3275 0105770 054.3553 067.4272 14.66680843303810
0 COSMOS 2251 DEB
1 33813U 93036BE  14298.94983997  .00006270  00000-0  10405-2 0  9998
2 33813 074.0515 001.8537 0105792 051.5305 004.2900 14.66697905304004
0 COSMOS 2251 DEB
1 33813U 93036BE  14300.24706425  .00006635  00000-0  11001-2 0  9992
2 33813 074.0512 359.3533 0105817 048.6806 013.8363 14.66717122304192
0 COSMOS 2251 DEB
1 33813U 93036BE  14301.62824069  .00008076  00000-0  13370-2 0  9992
2 33813 074.0515 356.6909 0105789 045.5808 106.8301 14.66738317304394
0 COSMOS 2251 DEB
1 33813U 93036BE  14302.97585656  .00006246  00000-0  10352-2 0  9991
2 33813 074.0518 354.0933 0105810 042.5851 022.6829 14.66753486304592
0 COSMOS 2251 DEB
1 33813U 93036BE  14304.47593928  .00005143  00000-0  85316-3 0  9997
2 33813 074.0521 351.2018 0105857 039.3031 023.6351 14.66769266304813
0 COSMOS 2251 DEB
1 33813U 93036BE  14305.58391354  .00004496  00000-0  74637-3 0  9993
2 33813 074.0519 349.0662 0105875 036.8294 114.2191 14.66780897304972
0 COSMOS 2251 DEB
1 33813U 93036BE  14307.55588285  .00004529  00000-0  75149-3 0  9999
2 33813 074.0513 345.2652 0105953 032.4543 087.1442 14.66794952305266
0 COSMOS 2251 DEB
1 33813U 93036BE  14309.18120419  .00004827  00000-0  80015-3 0  9990
2 33813 074.0506 342.1321 0106001 028.8868 029.6500 14.66815819305500
0 COSMOS 2251 DEB
1 33813U 93036BE  14310.48833813  .00005253  00000-0  86987-3 0  9992
2 33813 074.0503 339.6118 0106047 026.0212 092.0591 14.66827260305692
0 COSMOS 2251 DEB
1 33813U 93036BE  14311.51209155  .00005084  00000-0  84178-3 0  9995
2 33813 074.0503 337.6378 0106079 023.7592 098.1167 14.66840102305841
0 COSMOS 2251 DEB
1 33813U 93036BE  14312.53576671  .00005649  00000-0  93440-3 0  9997
2 33813 074.0504 335.6640 0106120 021.5026 103.8052 14.66851438305994
0 COSMOS 2251 DEB
1 33813U 93036BE  14315.47305462  .00006938  00000-0  11448-2 0  9990
2 33813 074.0509 330.0004 0106198 015.0601 134.8765 14.66892599306421
0 COSMOS 2251 DEB
1 33813U 93036BE  14318.46797352  .00005711  00000-0  94237-3 0  9991
2 33813 074.0508 324.2259 0106298 008.5304 110.7021 14.66936702306866
0 COSMOS 2251 DEB
1 33813U 93036BE  14320.09303873  .00012557  00000-0  20618-2 0  9991
2 33813 074.0505 321.0926 0106322 004.9820 052.7017 14.66967698307106
0 COSMOS 2251 DEB
1 33813U 93036BE  14322.42945990  .00012508  00000-0  20513-2 0  9992
2 33813 074.0499 316.5866 0106439 359.8796 151.7289 14.67011394307445
0 COSMOS 2251 DEB
1 33813U 93036BE  14323.44675856  .00012276  00000-0  20125-2 0  9997
2 33813 074.0498 314.6245 0106419 357.6810 124.3533 14.67031813307597
0 COSMOS 2251 DEB
1 33813U 93036BE  14325.43027066  .00011781  00000-0  19300-2 0  9995
2 33813 074.0502 310.7988 0106338 353.3569 160.0591 14.67076003307881
0 COSMOS 2251 DEB
1 33813U 93036BE  14327.12959492  .00009756  00000-0  15983-2 0  9992
2 33813 074.0506 307.5207 0106390 349.6699 135.0726 14.67112550308132
0 COSMOS 2251 DEB
1 33813U 93036BE  14328.15354524  .00009878  00000-0  16173-2 0  9998
2 33813 074.0508 305.5456 0106409 347.4537 143.1864 14.67134681308284
0 COSMOS 2251 DEB
1 33813U 93036BE  14329.17604218  .00009165  00000-0  15003-2 0  9999
2 33813 074.0510 303.5733 0106401 345.2343 143.7137 14.67156888308435
0 COSMOS 2251 DEB
1 33813U 93036BE  14330.34168851  .00011205  00000-0  18316-2 0  9996
2 33813 074.0510 301.3248 0106387 342.7172 180.3994 14.67178843308609
0 COSMOS 2251 DEB
1 33813U 93036BE  14331.36240625  .00011122  00000-0  18171-2 0  9996
2 33813 074.0508 299.3559 0106339 340.4895 171.7104 14.67204099308757
0 COSMOS 2251 DEB
1 33813U 93036BE  14332.38024571  .00011237  00000-0  18349-2 0  9993
2 33813 074.0505 297.3924 0106339 338.3151 147.8647 14.67226051308904
0 COSMOS 2251 DEB
1 33813U 93036BE  14333.86044215  .00012055  00000-0  19663-2 0  9993
2 33813 074.0501 294.5364 0106277 335.0891 046.3727 14.67264970309122
0 COSMOS 2251 DEB
1 33813U 93036BE  14334.95752755  .00012817  00000-0  20888-2 0  9996
2 33813 074.0502 292.4199 0106249 332.6940 081.3945 14.67291201309288
0 COSMOS 2251 DEB
1 33813U 93036BE  14335.98168051  .00011519  00000-0  18772-2 0  9997
2 33813 074.0503 290.4437 0106224 330.4489 091.2789 14.67316411309433
0 COSMOS 2251 DEB
1 33813U 93036BE  14337.00615874  .00011321  00000-0  18440-2 0  9995
2 33813 074.0507 288.4669 0106198 328.2437 102.9341 14.67341491309585
0 COSMOS 2251 DEB
1 33813U 93036BE  14338.24284302  .00010958  00000-0  17842-2 0  9990
2 33813 074.0511 286.0805 0106147 325.5750 155.6653 14.67370847309766
0 COSMOS 2251 DEB
1 33813U 93036BE  14339.26501185  .00011742  00000-0  19102-2 0  9997
2 33813 074.0515 284.1080 0106138 323.3810 155.3031 14.67392472309919
0 COSMOS 2251 DEB
1 33813U 93036BE  14340.29519917  .00009784  00000-0  15925-2 0  9996
2 33813 074.0517 282.1203 0106123 321.1937 197.3525 14.67410554310060
0 COSMOS 2251 DEB
1 33813U 93036BE  14341.83890294  .00009884  00000-0  16076-2 0  9996
2 33813 074.0516 279.1419 0106082 317.7916 072.3467 14.67442243310298
0 COSMOS 2251 DEB
1 33813U 93036BE  14343.21941666  .00008442  00000-0  13735-2 0  9998
2 33813 074.0513 276.4778 0106050 314.7993 165.3428 14.67465625310491
0 COSMOS 2251 DEB
1 33813U 93036BE  14344.51389184  .00006128  00000-0  99841-3 0  9995
2 33813 074.0510 273.9797 0106084 312.0403 163.8615 14.67485668310686
0 COSMOS 2251 DEB
1 33813U 93036BE  14345.79278285  .00006012  00000-0  97936-3 0  9990
2 33813 074.0504 271.5113 0105988 309.3003 080.1616 14.67508071310879
0 COSMOS 2251 DEB
1 33813U 93036BE  14347.24173264  .00007808  00000-0  12691-2 0  9991
2 33813 074.0506 268.7151 0105962 306.1038 175.0852 14.67534768311088
0 COSMOS 2251 DEB
1 33813U 93036BE  14348.27310769  .00008681  00000-0  14097-2 0  9990
2 33813 074.0504 266.7252 0105880 303.9042 223.9373 14.67554422311232
0 COSMOS 2251 DEB
1 33813U 93036BE  14350.17191333  .00010182  00000-0  16506-2 0  9992
2 33813 074.0509 263.0598 0105782 299.7807 175.8080 14.67600241311514
0 COSMOS 2251 DEB
1 33813U 93036BE  14351.46667744  .00009911  00000-0  16060-2 0  9992
2 33813 074.0511 260.5604 0105759 296.9530 176.5638 14.67626294311707
0 COSMOS 2251 DEB
1 33813U 93036BE  14352.81991924  .00008632  00000-0  13989-2 0  9998
2 33813 074.0513 257.9486 0105673 294.0155 126.3987 14.67657482311909
0 COSMOS 2251 DEB
1 33813U 93036BE  14353.84350005  .00009299  00000-0  15056-2 0  9998
2 33813 074.0517 255.9734 0105672 291.7753 134.5947 14.67678231312053
0 COSMOS 2251 DEB
1 33813U 93036BE  14355.15464640  .00013622  00000-0  22009-2 0  9996
2 33813 074.0510 253.4423 0105467 288.9815 222.2229 14.67704809312243
0 COSMOS 2251 DEB
1 33813U 93036BE  14356.17750882  .00014077  00000-0  22726-2 0  9996
2 33813 074.0506 251.4679 0105417 286.7384 226.8205 14.67736011312391
0 COSMOS 2251 DEB
1 33813U 93036BE  14357.13178796  .00010781  00000-0  17418-2 0  9991
2 33813 074.0501 249.6257 0105394 284.6773 229.1005 14.67757660312533
0 COSMOS 2251 DEB
1 33813U 93036BE  14358.15466661  .00011083  00000-0  17901-2 0  9998
2 33813 074.0501 247.6507 0105209 282.4800 233.9093 14.67777214312684
0 COSMOS 2251 DEB
1 33813U 93036BE  14359.17768825  .00008943  00000-0  14454-2 0  9999
2 33813 074.0497 245.6755 0105225 280.2519 239.5802 14.67794702312830
0 COSMOS 2251 DEB
1 33813U 93036BE  14360.72530389  .00007350  00000-0  11886-2 0  9991
2 33813 074.0500 242.6869 0105175 276.8868 137.3230 14.67824177313066
0 COSMOS 2251 DEB
1 33813U 93036BE  14362.10664568  .00005526  00000-0  89524-3 0  9990
2 33813 074.0501 240.0194 0105084 273.9296 236.5271 14.67836540313268
0 COSMOS 2251 DEB
1 33813U 93036BE  14363.13120042  .00006017  00000-0  97402-3 0  9998
2 33813 074.0505 238.0410 0104934 271.7222 250.4774 14.67848406313412
0 COSMOS 2251 DEB
1 33813U 93036BE  14364.60438275  .00004873  00000-0  78962-3 0  9999
2 33813 074.0501 235.1966 0105008 268.4985 115.1934 14.67869029313637
0 COSMOS 2251 DEB
1 33813U 93036BE  14365.70069759  .00003865  00000-0  62759-3 0  9995
2 33813 074.0495 233.0797 0104979 266.1104 148.4807 14.67877625313798
0 COSMOS 2251 DEB
1 33813U 93036BE  15001.72424882  .00004376  00000-0  70960-3 0  9998
2 33813 074.0491 231.1031 0104938 263.8941 157.2779 14.67884617313944
0 COSMOS 2251 DEB
1 33813U 93036BE  15003.10584170  .00005034  00000-0  81532-3 0  9998
2 33813 074.0489 228.4352 0104806 260.9236 258.1125 14.67895760314145
0 COSMOS 2251 DEB
1 33813U 93036BE  15004.65357465  .00005347  00000-0  86539-3 0  9993
2 33813 074.0486 225.4468 0104743 257.5900 156.9624 14.67909298314373
0 COSMOS 2251 DEB
1 33813U 93036BE  15006.03692265  .00004868  00000-0  78834-3 0  9993
2 33813 074.0484 222.7752 0104675 254.6002 267.2256 14.67922483314572
0 COSMOS 2251 DEB
1 33813U 93036BE  15007.05979521  .00005426  00000-0  87766-3 0  9994
2 33813 074.0481 220.7996 0104686 252.3807 272.6221 14.67934668314724
0 COSMOS 2251 DEB
1 33813U 93036BE  15008.27804519  .00007108  00000-0  11472-2 0  9992
2 33813 074.0480 218.4465 0104644 249.7234 230.5709 14.67949909314904
0 COSMOS 2251 DEB
1 33813U 93036BE  15009.55575906  .00007865  00000-0  12685-2 0  9996
2 33813 074.0489 215.9779 0104496 246.9332 142.8346 14.67965416315090
0 COSMOS 2251 DEB
1 33813U 93036BE  15010.65216985  .00006390  00000-0  10317-2 0  9990
2 33813 074.0491 213.8603 0104404 244.5672 176.9994 14.67977449315250
0 COSMOS 2251 DEB
1 33813U 93036BE  15012.03439838  .00006248  00000-0  10086-2 0  9993
2 33813 074.0491 211.1903 0104391 241.5818 281.6916 14.67994923315454
0 COSMOS 2251 DEB
1 33813U 93036BE  15013.85480443  .00006988  00000-0  11267-2 0  9995
2 33813 074.0488 207.6742 0104295 237.6382 182.1779 14.68018341315720
0 COSMOS 2251 DEB
1 33813U 93036BE  15014.87767597  .00007318  00000-0  11794-2 0  9999
2 33813 074.0487 205.6985 0104231 235.4300 187.9134 14.68032285315879
0 COSMOS 2251 DEB
1 33813U 93036BE  15015.91073508  .00007081  00000-0  11411-2 0  9990
2 33813 074.0481 203.7030 0104182 233.2091 247.5336 14.68045833316029
0 COSMOS 2251 DEB
1 33813U 93036BE  15016.94187773  .00006348  00000-0  10235-2 0  9992
2 33813 074.0481 201.7113 0104151 230.9826 297.0871 14.68059609316171
0 COSMOS 2251 DEB
1 33813U 93036BE  15017.96275296  .00006383  00000-0  10290-2 0  9993
2 33813 074.0480 199.7393 0104062 228.7413 292.4619 14.68069956316326
0 COSMOS 2251 DEB
1 33813U 93036BE  15018.98481856  .00005733  00000-0  92466-3 0  9991
2 33813 074.0482 197.7647 0103989 226.5342 294.1243 14.68082779316478
0 COSMOS 2251 DEB
1 33813U 93036BE  15020.88659372  .00003852  00000-0  62317-3 0  9995
2 33813 074.0488 194.0905 0103859 222.3908 265.2355 14.68101944316759
0 COSMOS 2251 DEB
1 33813U 93036BE  15021.90746212  .00005292  00000-0  85375-3 0  9998
2 33813 074.0494 192.1183 0103791 220.1683 260.6997 14.68112949316909
0 COSMOS 2251 DEB
1 33813U 93036BE  15022.93638071  .00005244  00000-0  84576-3 0  9994
2 33813 074.0497 190.1306 0103770 217.9888 298.6917 14.68123197317052
0 COSMOS 2251 DEB
1 33813U 93036BE  15024.55574736  .00004633  00000-0  74784-3 0  9992
2 33813 074.0497 187.0022 0103691 214.4884 217.4413 14.68138534317299
0 COSMOS 2251 DEB
1 33813U 93036BE  15025.86546353  .00004415  00000-0  71288-3 0  9995
2 33813 074.0496 184.4720 0103577 211.6225 299.7126 14.68152349317480
0 COSMOS 2251 DEB
1 33813U 93036BE  15026.88190010  .00006387  00000-0  10282-2 0  9999
2 33813 074.0494 182.5085 0103504 209.4204 271.9324 14.68165272317631
0 COSMOS 2251 DEB
1 33813U 93036BE  15028.50732282  .00007322  00000-0  11772-2 0  9998
2 33813 074.0492 179.3681 0103370 205.8939 222.9665 14.68190151317875
0 COSMOS 2251 DEB
1 33813U 93036BE  15030.84140316  .00008195  00000-0  13159-2 0  9999
2 33813 074.0497 174.8587 0103150 200.8846 319.7558 14.68228544318216
0 COSMOS 2251 DEB
1 33813U 93036BE  15031.86263545  .00008394  00000-0  13472-2 0  9991
2 33813 074.0499 172.8853 0103074 198.6507 317.6371 14.68248052318367
0 COSMOS 2251 DEB
1 33813U 93036BE  15033.08203998  .00012988  00000-0  20792-2 0  9990
2 33813 074.0504 170.5290 0102943 195.9957 283.0740 14.68277048318540
0 COSMOS 2251 DEB
1 33813U 93036BE  15034.50594793  .00010383  00000-0  16630-2 0  9997
2 33813 074.0508 167.7778 0102802 192.9038 249.6151 14.68310847318756
0 COSMOS 2251 DEB
1 33813U 93036BE  15036.40865851  .00011625  00000-0  18597-2 0  9998
2 33813 074.0508 164.1014 0102556 188.7782 227.2801 14.68352936319036
0 COSMOS 2251 DEB
1 33813U 93036BE  15037.43168963  .00011716  00000-0  18735-2 0  9997
2 33813 074.0511 162.1244 0102433 186.5027 235.1700 14.68376340319182
0 COSMOS 2251 DEB
1 33813U 93036BE  15038.81338713  .00011434  00000-0  18280-2 0  9994
2 33813 074.0507 159.4543 0102231 183.5354 339.0461 14.68406424319381
0 COSMOS 2251 DEB
1 33813U 93036BE  15040.36009323  .00010073  00000-0  16104-2 0  9990
2 33813 074.0504 156.4653 0102064 180.1757 235.4151 14.68443113319618
0 COSMOS 2251 DEB
1 33813U 93036BE  15042.26206480  .00009645  00000-0  15414-2 0  9990
2 33813 074.0501 152.7893 0101808 175.9920 210.1424 14.68483360319890
0 COSMOS 2251 DEB
1 33813U 93036BE  15043.35782181  .00007181  00000-0  11492-2 0  9993
2 33813 074.0503 150.6715 0101714 173.6053 242.9243 14.68500655320059
0 COSMOS 2251 DEB
1 33813U 93036BE  15044.73323028  .00005372  00000-0  86116-3 0  9993
2 33813 074.0506 148.0131 0101531 170.6031 314.1979 14.68519819320257
0 COSMOS 2251 DEB
1 33813U 93036BE  15047.38045869  .00005631  00000-0  90198-3 0  9994
2 33813 074.0512 142.8964 0101329 164.7787 269.3907 14.68549879320641
0 COSMOS 2251 DEB
1 33813U 93036BE  15048.68920528  .00005752  00000-0  92098-3 0  9997
2 33813 074.0511 140.3667 0101205 161.9186 348.4763 14.68567575320831
0 COSMOS 2251 DEB
1 33813U 93036BE  15049.70612767  .00004864  00000-0  77962-3 0  9990
2 33813 074.0507 138.4010 0101103 159.6885 324.8126 14.68582202320984
0 COSMOS 2251 DEB
1 33813U 93036BE  15050.93167914  .00003905  00000-0  62703-3 0  9998
2 33813 074.0503 136.0320 0101016 156.9841 324.2225 14.68595687321169
0 COSMOS 2251 DEB
1 33813U 93036BE  15052.20939869  .00004371  00000-0  70102-3 0  9996
2 33813 074.0497 133.5617 0100911 154.1525 239.5062 14.68607770321359
0 COSMOS 2251 DEB
1 33813U 93036BE  15053.23095091  .00004676  00000-0  74953-3 0  9996
2 33813 074.0494 131.5868 0100826 151.9189 240.4517 14.68617083321509
0 COSMOS 2251 DEB
1 33813U 93036BE  15054.88269823  .00005377  00000-0  86073-3 0  9999
2 33813 074.0494 128.3934 0100657 148.2573 333.3559 14.68632235321745
0 COSMOS 2251 DEB
1 33813U 93036BE  15056.15930863  .00004311  00000-0  69138-3 0  9990
2 33813 074.0497 125.9254 0100467 145.4629 242.9250 14.68646334321935
0 COSMOS 2251 DEB
1 33813U 93036BE  15057.25615775  .00003534  00000-0  56765-3 0  9992
2 33813 074.0497 123.8047 0100460 143.0322 282.1503 14.68656016322092
0 COSMOS 2251 DEB
1 33813U 93036BE  15058.56090678  .00003289  00000-0  52864-3 0  9999
2 33813 074.0495 121.2831 0100478 140.1683 340.5877 14.68663727322281
0 COSMOS 2251 DEB
1 33813U 93036BE  15059.85531514  .00003720  00000-0  59707-3 0  9994
2 33813 074.0495 118.7804 0100416 137.2926 344.4294 14.68673656322470
0 COSMOS 2251 DEB
1 33813U 93036BE  15061.20522499  .00005122  00000-0  81957-3 0  9998
2 33813 074.0494 116.1707 0100333 134.3251 281.7475 14.68688116322673
0 COSMOS 2251 DEB
1 33813U 93036BE  15062.58696303  .00005119  00000-0  81894-3 0  9992
2 33813 074.0490 113.4991 0100227 131.2652 027.4452 14.68702418322871
0 COSMOS 2251 DEB
1 33813U 93036BE  15063.80574367  .00004617  00000-0  73918-3 0  9993
2 33813 074.0487 111.1423 0100119 128.5592 351.5967 14.68713497323056
0 COSMOS 2251 DEB
1 33813U 93036BE  15065.08225698  .00003670  00000-0  58871-3 0  9994
2 33813 074.0483 108.6738 0100034 125.7476 261.0212 14.68721690323241
0 COSMOS 2251 DEB
1 33813U 93036BE  15066.17773426  .00004464  00000-0  71478-3 0  9992
2 33813 074.0481 106.5554 0099946 123.3033 293.3071 14.68732236323401
0 COSMOS 2251 DEB
1 33813U 93036BE  15067.47420289  .00004146  00000-0  66412-3 0  9991
2 33813 074.0479 104.0481 0099889 120.4251 308.3607 14.68742609323593
0 COSMOS 2251 DEB
1 33813U 93036BE  15069.17569792  .00003531  00000-0  56640-3 0  9992
2 33813 074.0479 100.7575 0099786 116.6407 305.0723 14.68756349323843
0 COSMOS 2251 DEB
1 33813U 93036BE  15070.19899391  .00003238  00000-0  51980-3 0  9993
2 33813 074.0480 098.7785 0099776 114.3726 315.8105 14.68763097323999
0 COSMOS 2251 DEB
1 33813U 93036BE  15071.50815247  .00003713  00000-0  59528-3 0  9991
2 33813 074.0482 096.2467 0099592 111.4288 038.1363 14.68772285324180
0 COSMOS 2251 DEB
1 33813U 93036BE  15072.53045584  .00003752  00000-0  60125-3 0  9992
2 33813 074.0483 094.2697 0099660 109.1751 043.6699 14.68779231324337
0 COSMOS 2251 DEB
1 33813U 93036BE  15074.14845880  .00003464  00000-0  55553-3 0  9997
2 33813 074.0484 091.1406 0099618 105.5764 319.1136 14.68790258324574
0 COSMOS 2251 DEB
1 33813U 93036BE  15075.45355110  .00003433  00000-0  55049-3 0  9990
2 33813 074.0482 088.6166 0099586 102.6705 020.0422 14.68799105324760
0 COSMOS 2251 DEB
1 33813U 93036BE  15076.47450778  .00003333  00000-0  53450-3 0  9992
2 33813 074.0480 086.6419 0099581 100.4103 018.5668 14.68806223324911
0 COSMOS 2251 DEB
1 33813U 93036BE  15077.07538019  .00007583  00000-0  12078-2 0  9995
2 33813 074.0478 085.4796 0099547 099.0845 315.8414 14.68823970325002
0 COSMOS 2251 DEB
1 33813U 93036BE  15078.09787931  .00008706  00000-0  13852-2 0  9996
2 33813 074.0475 083.5014 0099516 096.7978 322.6559 14.68842691325151
0 COSMOS 2251 DEB
1 33813U 93036BE  15079.47928775  .00003640  00000-0  58264-3 0  9991
2 33813 074.0474 080.8288 0099512 093.6693 067.4250 14.68851251325355
0 COSMOS 2251 DEB
1 33813U 93036BE  15080.69691122  .00003960  00000-0  63321-3 0  9995
2 33813 074.0480 078.4738 0099512 090.9905 026.0836 14.68861303325531
0 COSMOS 2251 DEB
1 33813U 93036BE  15082.04748344  .00004684  00000-0  74765-3 0  9993
2 33813 074.0484 075.8616 0099489 088.0058 327.8274 14.68874327325731
0 COSMOS 2251 DEB
1 33813U 93036BE  15083.07217469  .00005848  00000-0  93169-3 0  9998
2 33813 074.0488 073.8797 0099467 085.7385 346.3832 14.68887216325889
0 COSMOS 2251 DEB
1 33813U 93036BE  15084.37541811  .00006179  00000-0  98370-3 0  9990
2 33813 074.0493 071.3592 0099468 082.8495 037.9874 14.68902377326079
0 COSMOS 2251 DEB
1 33813U 93036BE  15085.40270926  .00006790  00000-0  10800-2 0  9991
2 33813 074.0495 069.3719 0099457 080.5644 070.4095 14.68916553326223
0 COSMOS 2251 DEB
1 33813U 93036BE  15086.42515262  .00007883  00000-0  12523-2 0  9997
2 33813 074.0493 067.3945 0099476 078.3008 077.2380 14.68932598326375
0 COSMOS 2251 DEB
1 33813U 93036BE  15087.97319286  .00009927  00000-0  15743-2 0  9994
2 33813 074.0491 064.3998 0099471 074.8688 343.6185 14.68959691326600
0 COSMOS 2251 DEB
1 33813U 93036BE  15088.99503962  .00010070  00000-0  15961-2 0  9996
2 33813 074.0491 062.4230 0099457 072.6152 347.4515 14.68979732326757
0 COSMOS 2251 DEB
1 33813U 93036BE  15090.01742411  .00008772  00000-0  13907-2 0  9990
2 33813 074.0492 060.4450 0099475 070.3642 354.1993 14.68998349326906
0 COSMOS 2251 DEB
1 33813U 93036BE  15091.39795411  .00009278  00000-0  14696-2 0  9998
2 33813 074.0495 057.7741 0099447 067.3252 095.0584 14.69023842327101
0 COSMOS 2251 DEB
1 33813U 93036BE  15092.94393740  .00011075  00000-0  17516-2 0  9991
2 33813 074.0500 054.7829 0099443 063.9069 351.0741 14.69055543327334
0 COSMOS 2251 DEB
1 33813U 93036BE  15093.96668568  .00009969  00000-0  15767-2 0  9992
2 33813 074.0504 052.8043 0099444 061.6560 000.0162 14.69074069327485
0 COSMOS 2251 DEB
1 33813U 93036BE  15094.98908729  .00008933  00000-0  14131-2 0  9995
2 33813 074.0504 050.8260 0099424 059.3997 007.2042 14.69092468327636
0 COSMOS 2251 DEB
1 33813U 93036BE  15096.29834546  .00009067  00000-0  14333-2 0  9999
2 33813 074.0507 048.2934 0099451 056.5369 091.5668 14.69116476327827
0 COSMOS 2251 DEB
1 33813U 93036BE  15097.91526134  .00007531  00000-0  11909-2 0  9990
2 33813 074.0511 045.1654 0099497 052.9702 003.2202 14.69139349328063
0 COSMOS 2251 DEB
1 33813U 93036BE  15099.21105475  .00006232  00000-0  98636-3 0  9996
2 33813 074.0510 042.6583 0099493 050.1172 016.5823 14.69153726328254
0 COSMOS 2251 DEB
1 33813U 93036BE  15100.24872021  .00008806  00000-0  13904-2 0  9993
2 33813 074.0510 040.6504 0099501 047.8173 104.7961 14.69171390328406
0 COSMOS 2251 DEB
1 33813U 93036BE  15101.26396536  .00009179  00000-0  14482-2 0  9994
2 33813 074.0509 038.6860 0099554 045.5910 074.4718 14.69189124328551
0 COSMOS 2251 DEB
1 33813U 93036BE  15102.88673553  .00006616  00000-0  10451-2 0  9995
2 33813 074.0508 035.5456 0099574 042.0200 017.5309 14.69215227328797
0 COSMOS 2251 DEB
1 33813U 93036BE  15104.19255764  .00006130  00000-0  96846-3 0  9995
2 33813 074.0511 033.0184 0099591 039.1259 084.3260 14.69232782328986
0 COSMOS 2251 DEB
1 33813U 93036BE  15105.21883481  .00008657  00000-0  13643-2 0  9991
2 33813 074.0516 031.0324 0099586 036.9004 112.5600 14.69252159329132
0 COSMOS 2251 DEB
1 33813U 93036BE  15106.24045837  .00011237  00000-0  17676-2 0  9998
2 33813 074.0520 029.0552 0099585 034.6551 116.2831 14.69275094329284
0 COSMOS 2251 DEB
1 33813U 93036BE  15107.78176880  .00009294  00000-0  14621-2 0  9998
2 33813 074.0524 026.0727 0099633 031.3572 348.8885 14.69308313329508
0 COSMOS 2251 DEB
1 33813U 93036BE  15109.16279414  .00008993  00000-0  14142-2 0  9992
2 33813 074.0523 023.4006 0099564 028.2619 093.9672 14.69334858329716
0 COSMOS 2251 DEB
1 33813U 93036BE  15110.18920948  .00009706  00000-0  15250-2 0  9995
2 33813 074.0521 021.4143 0099587 026.0040 123.3360 14.69354072329861
0 COSMOS 2251 DEB
1 33813U 93036BE  15111.21117178  .00011084  00000-0  17396-2 0  9998
2 33813 074.0517 019.4363 0099555 023.7555 129.2284 14.69376556330017
0 COSMOS 2251 DEB
1 33813U 93036BE  15112.75314833  .00012068  00000-0  18918-2 0  9999
2 33813 074.0514 016.4516 0099555 020.3657 006.0125 14.69413555330249
0 COSMOS 2251 DEB
1 33813U 93036BE  15113.85072047  .00009550  00000-0  14979-2 0  9994
2 33813 074.0513 014.3270 0099544 017.9330 052.1171 14.69435834330405
0 COSMOS 2251 DEB
1 33813U 93036BE  15115.15965330  .00007363  00000-0  11560-2 0  9998
2 33813 074.0512 011.7930 0099535 015.0683 136.3770 14.69457589330599
0 COSMOS 2251 DEB
1 33813U 93036BE  15116.18158299  .00006598  00000-0  10362-2 0  9998
2 33813 074.0514 009.8145 0099532 012.8187 142.4645 14.69471183330740
0 COSMOS 2251 DEB
1 33813U 93036BE  15117.39971330  .00005102  00000-0  80252-3 0  9997
2 33813 074.0517 007.4564 0099547 010.1709 106.4917 14.69483641330923
0 COSMOS 2251 DEB
1 33813U 93036BE  15118.82099215  .00004862  00000-0  76473-3 0  9991
2 33813 074.0519 004.7052 0099559 007.0586 065.2906 14.69498769331139
0 COSMOS 2251 DEB
1 33813U 93036BE  15120.12335003  .00003847  00000-0  60625-3 0  9999
2 33813 074.0518 002.1840 0099568 004.2201 115.0283 14.69510156331326
0 COSMOS 2251 DEB
1 33813U 93036BE  15122.10376029  .00003141  00000-0  49586-3 0  9992
2 33813 074.0513 358.3500 0099628 359.8866 151.9096 14.69524520331616
0 COSMOS 2251 DEB
1 33813U 93036BE  15123.12557184  .00003236  00000-0  51058-3 0  9990
2 33813 074.0508 356.3716 0099669 357.6348 157.6075 14.69531557331767
0 COSMOS 2251 DEB
1 33813U 93036BE  15124.34386666  .00002865  00000-0  45269-3 0  9994
2 33813 074.0504 354.0128 0099703 354.9618 122.7811 14.69538393331940
0 COSMOS 2251 DEB
1 33813U 93036BE  15125.62078013  .00002887  00000-0  45595-3 0  9996
2 33813 074.0497 351.5401 0099740 352.1592 038.1013 14.69546070332136
0 COSMOS 2251 DEB
1 33813U 93036BE  15127.06752060  .00003969  00000-0  62435-3 0  9991
2 33813 074.0495 348.7385 0099767 348.9901 131.9138 14.69559109332349
0 COSMOS 2251 DEB
1 33813U 93036BE  15128.08887591  .00003906  00000-0  61440-3 0  9998
2 33813 074.0497 346.7606 0099825 346.7511 135.3106 14.69566329332494
0 COSMOS 2251 DEB
1 33813U 93036BE  15129.71235916  .00003684  00000-0  57974-3 0  9997
2 33813 074.0499 343.6169 0099853 343.2062 084.2640 14.69578587332731
0 COSMOS 2251 DEB
1 33813U 93036BE  15131.02177873  .00004568  00000-0  71718-3 0  9995
2 33813 074.0501 341.0813 0099830 340.3402 171.7405 14.69590571332923
0 COSMOS 2251 DEB
1 33813U 93036BE  15132.04307716  .00005700  00000-0  89301-3 0  9995
2 33813 074.0501 339.1037 0099861 338.1046 174.9576 14.69602592333070
0 COSMOS 2251 DEB
1 33813U 93036BE  15133.51611935  .00005731  00000-0  89736-3 0  9995
2 33813 074.0500 336.2512 0099909 334.8794 048.2236 14.69619516333295
0 COSMOS 2251 DEB
1 33813U 93036BE  15134.53890799  .00006050  00000-0  94669-3 0  9991
2 33813 074.0498 334.2706 0099933 332.6390 059.4417 14.69632909333442
0 COSMOS 2251 DEB
1 33813U 93036BE  15135.63296558  .00004717  00000-0  73935-3 0  9997
2 33813 074.0493 332.1517 0099957 330.2471 087.7595 14.69643076333600
0 COSMOS 2251 DEB
1 33813U 93036BE  15136.65558765  .00004322  00000-0  67776-3 0  9999
2 33813 074.0491 330.1710 0099994 328.0168 098.1586 14.69651260333756
0 COSMOS 2251 DEB
1 33813U 93036BE  15137.95937992  .00003684  00000-0  57850-3 0  9998
2 33813 074.0490 327.6457 0100017 325.1588 156.2025 14.69659954333940
0 COSMOS 2251 DEB
1 33813U 93036BE  15139.65171424  .00003569  00000-0  56061-3 0  9992
2 33813 074.0490 324.3677 0099910 321.3993 110.0434 14.69672071334190
0 COSMOS 2251 DEB
1 33813U 93036BE  15140.88580219  .00002776  00000-0  43733-3 0  9996
2 33813 074.0492 321.9775 0099878 318.6822 159.4028 14.69678825334376
0 COSMOS 2251 DEB
1 33813U 93036BE  15141.90756839  .00002462  00000-0  38846-3 0  9994
2 33813 074.0491 319.9982 0100000 316.5032 165.3510 14.69683479334522
0 COSMOS 2251 DEB
1 33813U 93036BE  15142.92828461  .00001862  00000-0  29518-3 0  9997
2 33813 074.0492 318.0213 0100053 314.2833 165.8030 14.69686825334678
0 COSMOS 2251 DEB
1 33813U 93036BE  15143.95039492  .00001527  00000-0  24304-3 0  9995
2 33813 074.0494 316.0417 0100082 312.0424 173.6616 14.69689977334823
0 COSMOS 2251 DEB
1 33813U 93036BE  15145.57269392  .00001427  00000-0  22752-3 0  9993
2 33813 074.0481 312.8996 0100123 308.5049 117.0434 14.69693955335062
0 COSMOS 2251 DEB
1 33813U 93036BE  15146.87622294  .00001330  00000-0  21237-3 0  9991
2 33813 074.0482 310.3748 0100140 305.6433 173.8964 14.69697971335256
0 COSMOS 2251 DEB
1 33813U 93036BE  15147.90532277  .00001447  00000-0  23063-3 0  9995
2 33813 074.0482 308.3815 0100169 303.3980 218.7680 14.69701824335405
0 COSMOS 2251 DEB
1 33813U 93036BE  15149.51935235  .00001547  00000-0  24609-3 0  9993
2 33813 074.0483 305.2553 0100209 299.8789 118.4683 14.69707245335640
0 COSMOS 2251 DEB
1 33813U 93036BE  15150.82354105  .00001551  00000-0  24667-3 0  9999
2 33813 074.0484 302.7293 0100239 297.0370 178.8424 14.69711039335833
0 COSMOS 2251 DEB
1 33813U 93036BE  15151.84624726  .00001841  00000-0  29159-3 0  9994
2 33813 074.0485 300.7484 0100268 294.8104 189.9230 14.69715588335983
0 COSMOS 2251 DEB
1 33813U 93036BE  15153.46659104  .00001324  00000-0  21138-3 0  9997
2 33813 074.0485 297.6100 0100305 291.2751 123.0988 14.69717579336222
0 COSMOS 2251 DEB
1 33813U 93036BE  15154.48900293  .00001436  00000-0  22872-3 0  9998
2 33813 074.0486 295.6298 0100343 289.0442 132.6558 14.69721194336376
0 COSMOS 2251 DEB
1 33813U 93036BE  15155.51139311  .00001737  00000-0  27537-3 0  9995
2 33813 074.0486 293.6495 0100366 286.8214 142.1032 14.69725936336528
0 COSMOS 2251 DEB
1 33813U 93036BE  15156.82226987  .00002004  00000-0  31676-3 0  9993
2 33813 074.0486 291.1105 0100417 283.9730 237.9465 14.69731634336713
0 COSMOS 2251 DEB
1 33813U 93036BE  15157.84268192  .00002261  00000-0  35649-3 0  9999
2 33813 074.0488 289.1342 0100439 281.7484 236.9648 14.69736467336868
0 COSMOS 2251 DEB
1 33813U 93036BE  15159.45831769  .00003241  00000-0  50831-3 0  9993
2 33813 074.0488 286.0049 0100468 278.2069 145.3897 14.69748623337104
0 COSMOS 2251 DEB
1 33813U 93036BE  15159.81586721 +.00004151 +00000-0 +64928-3 0  9991
2 33813 074.0498 285.3125 0100495 277.4366 237.1904 14.69750285337086
0 COSMOS 2251 DEB
1 33813U 93036BE  15160.76257830  .00004105  00000-0  64208-3 0  9993
2 33813 074.0497 283.4788 0100508 275.3823 206.3114 14.69756389337294
0 COSMOS 2251 DEB
1 33813U 93036BE  15161.79117813  .00004099  00000-0  64098-3 0  9992
2 33813 074.0496 281.4864 0100534 273.1437 248.7511 14.69764387337447
0 COSMOS 2251 DEB
1 33813U 93036BE  15162.31047899 +.00004439 +00000-0 +69349-3 0  9999
2 33813 074.0495 280.4806 0100527 272.0200 116.4384 14.69769643337459
0 COSMOS 2251 DEB
1 33813U 93036BE  15163.40655326 +.00004410 +00000-0 +68884-3 0  9992
2 33813 074.0495 278.3573 0100529 269.6464 155.9300 14.69778012337683
0 COSMOS 2251 DEB
1 33813U 93036BE  15164.78635617  .00004392  00000-0  68589-3 0  9996
2 33813 074.0500 275.6846 0100580 266.6566 256.7207 14.69788322337883
0 COSMOS 2251 DEB
1 33813U 93036BE  15165.73101895 +.00004477 +00000-0 +69885-3 0  9992
2 33813 074.0503 273.8548 0100571 264.6133 215.1349 14.69796147337951
0 COSMOS 2251 DEB
1 33813U 93036BE  15167.71093694 +.00003828 +00000-0 +59834-3 0  9991
2 33813 074.0506 270.0200 0100584 260.3202 251.3996 14.69810707338312
0 COSMOS 2251 DEB
1 33813U 93036BE  15168.73214255  .00003494  00000-0  54659-3 0  9991
2 33813 074.0507 268.0420 0100551 258.0934 254.9218 14.69818007338467
0 COSMOS 2251 DEB
1 33813U 93036BE  15169.39712968 +.00003057 +00000-0 +47886-3 0  9997
2 33813 074.0506 266.7542 0100536 256.6391 173.5978 14.69821984338490
0 COSMOS 2251 DEB
1 33813U 93036BE  15170.07680250  .00002667  00000-0  41853-3 0  9996
2 33813 074.0505 265.4377 0100563 255.1651 169.9782 14.69825783338666
0 COSMOS 2251 DEB
1 33813U 93036BE  15171.37135429  .00002353  00000-0  36991-3 0  9992
2 33813 074.0499 262.9302 0100586 252.3591 179.9110 14.69831872338858
0 COSMOS 2251 DEB
1 33813U 93036BE  15172.67449990  .00002076  00000-0  32700-3 0  9993
2 33813 074.0495 260.4058 0100635 249.5369 235.3409 14.69837241339047
0 COSMOS 2251 DEB
1 33813U 93036BE  15173.70103427  .00002263  00000-0  35575-3 0  9991
2 33813 074.0492 258.4171 0100656 247.3093 267.1378 14.69841994339194
0 COSMOS 2251 DEB
1 33813U 93036BE  15174.65342529  .00004217  00000-0  65776-3 0  9991
2 33813 074.0491 256.5723 0100569 245.2600 266.6352 14.69854399339334
0 COSMOS 2251 DEB
1 33813U 93036BE  15175.67534931  .00003670  00000-0  57323-3 0  9995
2 33813 074.0489 254.5926 0100556 243.0485 274.0874 14.69859347339483
0 COSMOS 2251 DEB
1 33813U 93036BE  15177.21684169  .00002337  00000-0  36709-3 0  9990
2 33813 074.0490 251.6065 0100595 239.7153 150.8546 14.69866285339716
0 COSMOS 2251 DEB
1 33813U 93036BE  15178.24237876  .00001846  00000-0  29115-3 0  9990
2 33813 074.0492 249.6198 0100544 237.4718 177.5051 14.69870453339863
0 COSMOS 2251 DEB
1 33813U 93036BE  15179.26345991  .00001609  00000-0  25456-3 0  9992
2 33813 074.0493 247.6418 0100552 235.2627 180.5625 14.69873750340014
0 COSMOS 2251 DEB
1 33813U 93036BE  15181.16433836  .00001160  00000-0  18505-3 0  9999
2 33813 074.0492 243.9596 0100513 231.1247 159.1284 14.69878663340290
0 COSMOS 2251 DEB
1 33813U 93036BE  15182.61766111  .00001280  00000-0  20357-3 0  9996
2 33813 074.0488 241.1440 0100483 227.9627 289.5244 14.69883491340507
0 COSMOS 2251 DEB
1 33813U 93036BE  15183.63869986  .00001363  00000-0  21638-3 0  9998
2 33813 074.0478 239.1659 0100463 225.7421 292.4181 14.69886516340651
0 COSMOS 2251 DEB
1 33813U 93036BE  15185.18458271  .00001601  00000-0  25313-3 0  9990
2 33813 074.0476 236.1710 0100418 222.3812 192.5809 14.69892631340888
0 COSMOS 2251 DEB
1 33813U 93036BE  15186.56606829  .00002651  00000-0  41532-3 0  9994
2 33813 074.0476 233.4947 0100397 219.3764 302.8633 14.69903531341084
0 COSMOS 2251 DEB
1 33813U 93036BE  15187.58674105  .00002276  00000-0  35738-3 0  9993
2 33813 074.0473 231.5172 0100366 217.1511 303.8843 14.69905439341232
0 COSMOS 2251 DEB
1 33813U 93036BE  15189.13393475  .00002663  00000-0  41708-3 0  9998
2 33813 074.0480 228.5197 0100325 213.7952 211.0806 14.69914054341466
0 COSMOS 2251 DEB
1 33813U 93036BE  15190.22395644  .00002568  00000-0  40235-3 0  9998
2 33813 074.0481 226.4077 0100292 211.4309 219.1164 14.69919529341621
0 COSMOS 2251 DEB
1 33813U 93036BE  15191.53412369  .00001716  00000-0  27075-3 0  9998
2 33813 074.0480 223.8693 0100254 208.5734 312.1296 14.69922971341818
0 COSMOS 2251 DEB
1 33813U 93036BE  15192.54816025  .00002991  00000-0  46759-3 0  9993
2 33813 074.0478 221.9046 0100170 206.3525 278.1431 14.69932100341960
0 COSMOS 2251 DEB
1 33813U 93036BE  15194.17114633  .00002762  00000-0  43215-3 0  9990
2 33813 074.0477 218.7602 0100109 202.8226 226.5761 14.69940550342201
0 COSMOS 2251 DEB
1 33813U 93036BE  15195.47321043  .00003018  00000-0  47170-3 0  9998
2 33813 074.0475 216.2375 0100058 199.9745 276.8322 14.69949519342399
0 COSMOS 2251 DEB
1 33813U 93036BE  15196.50069273  .00002205  00000-0  34621-3 0  9991
2 33813 074.0474 214.2467 0100012 197.7296 314.0740 14.69952770342544
0 COSMOS 2251 DEB
1 33813U 93036BE  15197.51603947  .00001648  00000-0  26021-3 0  9990
2 33813 074.0473 212.2794 0099982 195.5090 287.1157 14.69956080342691
0 COSMOS 2251 DEB
1 33813U 93036BE  15199.14023150  .00001302  00000-0  20671-3 0  9995
2 33813 074.0471 209.1322 0099899 191.9536 242.0886 14.69961058342930
0 COSMOS 2251 DEB
1 33813U 93036BE  15200.44198944  .00001116  00000-0  17803-3 0  9991
2 33813 074.0470 206.6097 0099826 189.1005 290.8101 14.69964062343121
0 COSMOS 2251 DEB
1 33813U 93036BE  15201.46333043  .00000881  00000-0  14173-3 0  9990
2 33813 074.0463 204.6309 0099790 186.8566 295.6172 14.69964752343276
0 COSMOS 2251 DEB
1 33813U 93036BE  15203.44243664  .00000906  00000-0  14556-3 0  9992
2 33813 074.0464 200.7964 0099749 182.4553 328.8794 14.69969961343561
0 COSMOS 2251 DEB
1 33813U 93036BE  15204.46583175  .00001025  00000-0  16390-3 0  9990
2 33813 074.0466 198.8133 0099690 180.2153 344.5764 14.69973032343718
0 COSMOS 2251 DEB
1 33813U 93036BE  15206.08164699  .00000937  00000-0  15036-3 0  9993
2 33813 074.0467 195.6824 0099598 176.6634 255.3298 14.69976356343950
0 COSMOS 2251 DEB
1 33813U 93036BE  15207.38964888  .00000956  00000-0  15320-3 0  9992
2 33813 074.0468 193.1481 0099534 173.7872 337.1776 14.69979456344141
0 COSMOS 2251 DEB
1 33813U 93036BE  15208.40540185  .00001014  00000-0  16224-3 0  9996
2 33813 074.0470 191.1799 0099488 171.5413 312.4886 14.69982144344291
0 COSMOS 2251 DEB
1 33813U 93036BE  15209.43287985  .00001211  00000-0  19266-3 0  9994
2 33813 074.0472 189.1891 0099441 169.2771 349.8525 14.69985834344443
0 COSMOS 2251 DEB
1 33813U 93036BE  15211.04905647  .00001253  00000-0  19915-3 0  9993
2 33813 074.0473 186.0575 0099365 165.7184 262.5965 14.69990191344680
0 COSMOS 2251 DEB
1 33813U 93036BE  15212.35763366  .00001596  00000-0  25210-3 0  9993
2 33813 074.0475 183.5222 0099301 162.8304 347.5620 14.69995450344871
0 COSMOS 2251 DEB
1 33813U 93036BE  15213.37326282  .00001808  00000-0  28481-3 0  9997
2 33813 074.0476 181.5543 0099238 160.5880 322.2656 14.69999371345022
0 COSMOS 2251 DEB
1 33813U 93036BE  15214.85187256  .00001835  00000-0  28900-3 0  9993
2 33813 074.0476 178.6896 0099190 157.3082 227.0971 14.70003902345249
0 COSMOS 2251 DEB
1 33813U 93036BE  15215.87376529  .00001772  00000-0  27920-3 0  9990
2 33813 074.0476 176.7095 0099157 155.0484 234.9807 14.70006692345393
0 COSMOS 2251 DEB
1 33813U 93036BE  15216.89502106  .00001689  00000-0  26635-3 0  9994
2 33813 074.0478 174.7308 0099113 152.7831 239.5126 14.70009487345549
0 COSMOS 2251 DEB
1 33813U 93036BE  15217.99078093  .00001763  00000-0  27778-3 0  9991
2 33813 074.0479 172.6076 0099080 150.3498 278.3421 14.70013540345707
0 COSMOS 2251 DEB
1 33813U 93036BE  15219.29920159  .00002123  00000-0  33333-3 0  9990
2 33813 074.0482 170.0725 0099026 147.4443 002.6104 14.70020205345893
0 COSMOS 2251 DEB
1 33813U 93036BE  15220.31510036  .00002052  00000-0  32237-3 0  9997
2 33813 074.0483 168.1043 0099006 145.1907 338.8418 14.70023538346045
0 COSMOS 2251 DEB
1 33813U 93036BE  15221.86876738  .00002316  00000-0  36297-3 0  9995
2 33813 074.0485 165.0940 0098975 141.7320 281.0479 14.70031680346272
0 COSMOS 2251 DEB
1 33813U 93036BE  15223.24132932  .00001958  00000-0  30773-3 0  9994
2 33813 074.0487 162.4345 0098921 138.6830 344.8321 14.70035054346471
0 COSMOS 2251 DEB
1 33813U 93036BE  15224.53323067  .00001696  00000-0  26728-3 0  9992
2 33813 074.0487 159.9315 0098868 135.8023 341.7872 14.70038804346666
0 COSMOS 2251 DEB
1 33813U 93036BE  15225.81040403  .00001512  00000-0  23896-3 0  9994
2 33813 074.0488 157.4569 0098839 132.9628 260.8163 14.70042944346853
0 COSMOS 2251 DEB
1 33813U 93036BE  15226.90493053  .00001376  00000-0  21789-3 0  9995
2 33813 074.0488 155.3361 0098814 130.5267 293.2584 14.70045959347011
0 COSMOS 2251 DEB
1 33813U 93036BE  15228.20876966  .00002278  00000-0  35699-3 0  9995
2 33813 074.0489 152.8098 0098775 127.6357 353.4448 14.70055874347200
0 COSMOS 2251 DEB
1 33813U 93036BE  15229.23045959  .00002114  00000-0  33179-3 0  9999
2 33813 074.0489 150.8302 0098752 125.3608 000.4561 14.70058541347350
0 COSMOS 2251 DEB
1 33813U 93036BE  15229.75669834 +.00002124 +00000-0 +33328-3 0  9997
2 33813 074.0488 149.8105 0098746 124.1901 265.4368 14.70060660347368
0 COSMOS 2251 DEB
1 33813U 93036BE  15230.85144617  .00001820  00000-0  28638-3 0  9997
2 33813 074.0488 147.6893 0098735 121.7518 299.1079 14.70062781347597
0 COSMOS 2251 DEB
1 33813U 93036BE  15231.87354624  .00001634  00000-0  25764-3 0  9991
2 33813 074.0489 145.7089 0098733 119.4778 308.3222 14.70065360347740
0 COSMOS 2251 DEB
1 33813U 93036BE  15233.17639061  .00001639  00000-0  25837-3 0  9993
2 33813 074.0489 143.1845 0098726 116.5741 003.3364 14.70070227347930
0 COSMOS 2251 DEB
1 33813U 93036BE  15234.19774689 +.00001285 +00000-0 +20381-3 0  9998
2 33813 074.0489 141.2054 0098709 114.2999 008.6470 14.70071906348080
0 COSMOS 2251 DEB
1 33813U 93036BE  15235.74577640 +.00001664 +00000-0 +26210-3 0  9996
2 33813 074.0487 138.2059 0098695 110.8571 281.2874 14.70079291348241
0 COSMOS 2251 DEB
1 33813U 93036BE  15236.69794348 +.00001691 +00000-0 +26629-3 0  9991
2 33813 074.0486 136.3607 0098695 108.7347 280.4588 14.70082442348453
0 COSMOS 2251 DEB
1 33813U 93036BE  15237.71945678  .00001684  00000-0  26528-3 0  9999
2 33813 074.0484 134.3813 0098695 106.4614 286.6432 14.70085808348602
0 COSMOS 2251 DEB
1 33813U 93036BE  15240.11744272  .00002021  00000-0  31714-3 0  9993
2 33813 074.0480 129.7344 0098639 101.1265 017.6478 14.70097181348954
0 COSMOS 2251 DEB
1 33813U 93036BE  15241.13856468  .00002557  00000-0  39973-3 0  9996
2 33813 074.0490 127.7556 0098648 098.8418 021.8401 14.70104643349103
0 COSMOS 2251 DEB
1 33813U 93036BE  15241.66592088 +.00002627 +00000-0 +41039-3 0  9993
2 33813 074.0489 126.7338 0098683 097.6679 292.8288 14.70108248349112
0 COSMOS 2251 DEB
1 33813U 93036BE  15242.76024716  .00001941  00000-0  30459-3 0  9995
2 33813 074.0487 124.6131 0098697 095.2220 324.4844 14.70112651349347
0 COSMOS 2251 DEB
1 33813U 93036BE  15243.78316350  .00001779  00000-0  27957-3 0  9994
2 33813  74.0487 122.6309 0098733  92.9477 338.2105 14.70117192349495
0 COSMOS 2251 DEB
1 33813U 93036BE  15244.13332089 +.00001795 +00000-0 +28204-3 0  9995
2 33813 074.0485 121.9521 0098725 092.1719 031.3989 14.70118682349477
0 COSMOS 2251 DEB
1 33813U 93036BE  15245.09086068  .00001817  00000-0  28539-3 0  9990
2 33813  74.0483 120.0964 0098744  90.0449  59.1355 14.70122133349688
0 COSMOS 2251 DEB
1 33813U 93036BE  15245.75537060 +.00001711 +00000-0 +26914-3 0  9994
2 33813 074.0482 118.8085 0098761 088.5733 336.0264 14.70124071349716
0 COSMOS 2251 DEB
1 33813U 93036BE  15246.11214119  .00001744  00000-0  27412-3 0  9992
2 33813  74.0483 118.1171 0098772  87.7834  64.2223 14.70125374349836
0 COSMOS 2251 DEB
1 33813U 93036BE  15246.77779020 +.00001688 +00000-0 +26554-3 0  9994
2 33813 074.0483 116.8270 0098763 086.3047 347.1553 14.70127516349864
0 COSMOS 2251 DEB
1 33813U 93036BE  15247.66090280  .00001762  00000-0  27686-3 0  9997
2 33813  74.0476 115.1156 0098778  84.3473 341.0201 14.70131392350062
0 COSMOS 2251 DEB
1 33813U 93036BE  15248.75058456  .00001809  00000-0  28410-3 0  9995
2 33813  74.0475 113.0039 0098805  81.9304 348.1630 14.70135729350225
0 COSMOS 2251 DEB
1 33813U 93036BE  15249.70124991 +.00001767 +00000-0 +27757-3 0  9995
2 33813 074.0474 111.1614 0098823 079.8154 339.5799 14.70139056350295
0 COSMOS 2251 DEB
1 33813U 93036BE  15250.05847804  .00001748  00000-0  27472-3 0  9993
2 33813  74.0474 110.4690 0098825  79.0241  70.2175 14.70140295350410
0 COSMOS 2251 DEB
1 33813U 93036BE  15250.72333095 +.00001784 +00000-0 +28023-3 0  9992
2 33813 074.0472 109.1804 0098834 077.5448 348.9803 14.70143236350446
0 COSMOS 2251 DEB
1 33813U 93036BE  15251.07445394  .00001893  00000-0  29703-3 0  9994
2 33813  74.0472 108.4998 0098831  76.7617  47.3213 14.70145438350562
0 COSMOS 2251 DEB
1 33813U 93036BE  15252.69624352  .00002195  00000-0  34338-3 0  9992
2 33813  74.0480 105.3568 0098831  73.1280 350.7834 14.70154698350802
0 COSMOS 2251 DEB
1 33813U 93036BE  15253.64918581 +.00002228 +00000-0 +34839-3 0  9991
2 33813 074.0478 103.5098 0098861 071.0180 354.3148 14.70160065350876
0 COSMOS 2251 DEB
1 33813U 93036BE  15253.99899782  .00002125  00000-0  33252-3 0  9994
2 33813  74.0478 102.8319 0098891  70.2557  45.7188 14.70161708350999
0 COSMOS 2251 DEB
1 33813U 93036BE  15254.66897005 +.00002270 +00000-0 +35483-3 0  9994
2 33813 074.0476 101.5330 0098888 068.7615 351.6296 14.70165616351025
0 COSMOS 2251 DEB
1 33813U 93036BE  15255.02049931  .00002182  00000-0  34130-3 0  9992
2 33813  74.0479 100.8518 0098918  68.0102  52.1132 14.70167188351147
0 COSMOS 2251 DEB
1 33813U 93036BE  15255.97301069 +.00001856 +00000-0 +29114-3 0  9992
2 33813 074.0475 099.0054 0098902 065.8931 053.4080 14.70170609351211
0 COSMOS 2251 DEB
1 33813U 93036BE  15256.04176748  .00001856  00000-0  29104-3 0  9994
2 33813  74.0475  98.8721 0098899  65.7309  57.3224 14.70170919351297
0 COSMOS 2251 DEB
1 33813U 93036BE  15256.91488575 +.00001768 +00000-0 +27756-3 0  9997
2 33813 074.0472 097.1796 0098903 063.7768 358.4418 14.70174032351358
0 COSMOS 2251 DEB
1 33813U 93036BE  15257.52060414  .00001583  00000-0  24901-3 0  9997
2 33813  74.0471  96.0053 0098921  62.4423 324.2877 14.70175700351516
0 COSMOS 2251 DEB
1 33813U 93036BE  15258.54224348  .00001695  00000-0  26626-3 0  9998
2 33813  74.0472  94.0251 0098942  60.1713 331.4831 14.70179734351662
0 COSMOS 2251 DEB
1 33813U 93036BE  15258.97276179 +.00001677 +00000-0 +26349-3 0  9996
2 33813 074.0472 093.1905 0098946 059.2143 090.0757 14.70181030351654
0 COSMOS 2251 DEB
1 33813U 93036BE  15260.19128564  .00001488  00000-0  23438-3 0  9993
2 33813  74.0466  90.8286 0098975  56.5212  59.3200 14.70184071351909
0 COSMOS 2251 DEB
1 33813U 93036BE  15260.86127492 +.00001504 +00000-0 +23692-3 0  9997
2 33813 074.0466 089.5299 0098971 055.0483 005.3514 14.70186407351935
0 COSMOS 2251 DEB
1 33813U 93036BE  15261.53629546  .00001572  00000-0  24730-3 0  9998
2 33813  74.0466  88.2214 0098985  53.5504 338.0312 14.70189027352103
0 COSMOS 2251 DEB
1 33813U 93036BE  15261.96689523 +.00001616 +00000-0 +25411-3 0  9992
2 33813 074.0466 087.3868 0098994 052.5909 097.0741 14.70190747352093
0 COSMOS 2251 DEB
1 33813U 93036BE  15262.98852696  .00001761  00000-0  27636-3 0  9990
2 33813  74.0466  85.4063 0099013  50.3232 104.2798 14.70194968352314
0 COSMOS 2251 DEB
1 33813U 93036BE  15263.94047762 +.00001919 +00000-0 +30051-3 0  9997
2 33813 074.0466 083.5610 0099022 048.2169 102.6951 14.70199455352382
0 COSMOS 2251 DEB
1 33813U 93036BE  15264.53610494  .00001872  00000-0  29341-3 0  9999
2 33813  74.0465  82.4064 0099022  46.9038  15.1867 14.70201349352540
0 COSMOS 2251 DEB
1 33813U 93036BE  15264.96294066 +.00001843 +00000-0 +28880-3 0  9994
2 33813 074.0466 081.5789 0099030 045.9533 114.3255 14.70202866352530
0 COSMOS 2251 DEB
1 33813U 93036BE  15265.55545441  .00001808  00000-0  28341-3 0  9999
2 33813  74.0466  80.4303 0099047  44.6396  10.3541 14.70204907352699
0 COSMOS 2251 DEB
1 33813U 93036BE  15265.91354844 +.00001818 +00000-0 +28506-3 0  9998
2 33813 074.0467 079.7362 0099067 043.8402 105.6654 14.70206321352670
0 COSMOS 2251 DEB
1 33813U 93036BE  15266.57744252  .00001776  00000-0  27860-3 0  9992
2 33813  74.0467  78.4492 0099077  42.3684  19.5020 14.70208665352849
0 COSMOS 2251 DEB
1 33813U 93036BE  15266.93451096 +.00001795 +00000-0 +28139-3 0  9994
2 33813 074.0468 077.7571 0099086 041.5735 109.3901 14.70210267352823
0 COSMOS 2251 DEB
1 33813U 93036BE  15267.88794580  .00001856  00000-0  29073-3 0  9993
2 33813  74.0469  75.9088 0099095  39.4509 115.7254 14.70214467353034
0 COSMOS 2251 DEB
1 33813U 93036BE  15267.95623060 +.00001849 +00000-0 +28973-3 0  9995
2 33813 074.0469 075.7765 0099096 039.2987 117.1436 14.70214717352971
0 COSMOS 2251 DEB
1 33813U 93036BE  15268.90951206  .00002047  00000-0  32009-3 0  9993
2 33813  74.0470  73.9286 0099119  37.1663 122.6943 14.70219835353189
0 COSMOS 2251 DEB
1 33813U 93036BE  15269.57244029 +.00001888 +00000-0 +29567-3 0  9992
2 33813 074.0477 072.6434 0099159 035.6888 031.4539 14.70221718353218
0 COSMOS 2251 DEB
1 33813U 93036BE  15270.52373258  .00001820  00000-0  28514-3 0  9993
2 33813  74.0478  70.7991 0099160  33.5779  26.4781 14.70225276353423
0 COSMOS 2251 DEB
1 33813U 93036BE  15270.88205098 +.00002039 +00000-0 +31883-3 0  9994
2 33813 074.0479 070.1044 0099134 032.7778 123.0040 14.70227390353407
0 COSMOS 2251 DEB
1 33813U 93036BE  15271.54517529  .00001693  00000-0  26562-3 0  9996
2 33813  74.0481  68.8191 0099190  31.3130  32.8074 14.70228798353571
0 COSMOS 2251 DEB
1 33813U 93036BE  15271.90202806 +.00001926 +00000-0 +30140-3 0  9991
2 33813 074.0475 068.1277 0099195 030.5253 121.5710 14.70230815353558
0 COSMOS 2251 DEB
1 33813U 93036BE  15272.83918123  .00001856  00000-0  29057-3 0  9997
2 33813  74.0475  66.3110 0099229  28.4382  41.7962 14.70234091353766
0 COSMOS 2251 DEB
1 33813U 93036BE  15272.92415233 +.00001861 +00000-0 +29132-3 0  9991
2 33813 074.0475 066.1463 0099237 028.2463 131.5398 14.70234441353706
0 COSMOS 2251 DEB
1 33813U 93036BE  15273.87501138  .00001974  00000-0  30876-3 0  9998
2 33813  74.0476  64.3030 0099268  26.1344 124.3165 14.70238719353913
0 COSMOS 2251 DEB
1 33813U 93036BE  15274.82931041 +.00002029 +00000-0 +31705-3 0  9998
2 33813 074.0478 062.4531 0099298 024.0151 135.3131 14.70242702353985
0 COSMOS 2251 DEB
1 33813U 93036BE  15275.49076574  .00002401  00000-0  37421-3 0  9998
2 33813  74.0478  61.1708 0099315  22.5430  36.3384 14.70247656354153
0 COSMOS 2251 DEB
1 33813U 93036BE  15276.86982890  .00002609  00000-0  40602-3 0  9992
2 33813  74.0491  58.4975 0099379  19.4624 135.6228 14.70253427354358
0 COSMOS 2251 DEB
1 33813U 93036BE  15277.39071463 +.00002311 +00000-0 +36030-3 0  9996
2 33813 074.0491 057.4878 0099415 018.3284 012.6151 14.70255089354366
0 COSMOS 2251 DEB
1 33813U 93036BE  15278.41020164  .00002089  00000-0  32609-3 0  9992
2 33813  74.0491  55.5117 0099388  16.0300   8.7470 14.70259763354581
0 COSMOS 2251 DEB
1 33813U 93036BE  15278.84245822 +.00001867 +00000-0 +29207-3 0  9992
2 33813 074.0491 054.6737 0099428 015.0758 136.6581 14.70261055354570
0 COSMOS 2251 DEB
1 33813U 93036BE  15279.43769376  .00001711  00000-0  26816-3 0  9994
2 33813  74.0491  53.5198 0099427  13.7446  47.2301 14.70263206354732
0 COSMOS 2251 DEB
1 33813U 93036BE  15279.86582984 +.00001616 +00000-0 +25350-3 0  9995
2 33813 074.0492 052.6900 0099465 012.8199 153.3175 14.70264625354724
0 COSMOS 2251 DEB
1 33813U 93036BE  15280.81544760  .00002143  00000-0  33438-3 0  9994
2 33813  74.0493  50.8491 0099496  10.7085 139.6349 14.70270211354936
0 COSMOS 2251 DEB
1 33813U 93036BE  15281.40959086 +.00002172 +00000-0 +33870-3 0  9993
2 33813 074.0494 049.6974 0099524 009.4034 044.4187 14.70272735354958
0 COSMOS 2251 DEB
1 33813U 93036BE  15282.43212183  .00001801  00000-0  28185-3 0  9998
2 33813  74.0496  47.7152 0099561   7.1298  56.6861 14.70275664355178
0 COSMOS 2251 DEB
1 33813U 93036BE  15282.79066756 +.00001555 +00000-0 +24413-3 0  9996
2 33813 074.0496 047.0201 0099577 006.3390 154.4683 14.70276172355159
0 COSMOS 2251 DEB
1 33813U 93036BE  15283.45416675  .00001453  00000-0  22851-3 0  9990
2 33813  74.0498  45.7340 0099608   4.8755  66.3757 14.70278572355321
0 COSMOS 2251 DEB
1 33813U 93036BE  15283.81145109 +.00001280 +00000-0 +20186-3 0  9998
2 33813 074.0499 045.0414 0099622 004.0729 157.4999 14.70279222355307
0 COSMOS 2251 DEB
1 33813U 93036BE  15284.76417568  .00001369  00000-0  21557-3 0  9995
2 33813  74.0492  43.1949 0099661   1.9647 160.2920 14.70281299355516
0 COSMOS 2251 DEB
1 33813U 93036BE  15285.78277434  .00001368  00000-0  21534-3 0  9998
2 33813  74.0494  41.2206 0099712 359.7175 151.7628 14.70284570355661
0 COSMOS 2251 DEB
1 33813U 93036BE  15286.73532392 +.00001420 +00000-0 +22324-3 0  9998
2 33813 074.0495 039.3741 0099750 357.6139 153.6490 14.70287963355738
0 COSMOS 2251 DEB
1 33813U 93036BE  15287.39967067  .00001714  00000-0  26832-3 0  9996
2 33813  74.0496  38.0863 0099781 356.1474  70.0725 14.70291768355900
0 COSMOS 2251 DEB
1 33813U 93036BE  15287.68228935 +.00001744 +00000-0 +27287-3 0  9990
2 33813 074.0496 037.5385 0099794 355.5208 125.9924 14.70292801355871
0 COSMOS 2251 DEB
1 33813U 93036BE  15288.77160098  .00001701  00000-0  26630-3 0  9990
2 33813  74.0497  35.4269 0099854 353.1198 131.7850 14.70295935356100
0 COSMOS 2251 DEB
1 33813U 93036BE  15289.72353064 +.00002031 +00000-0 +31685-3 0  9996
2 33813 074.0498 033.5817 0099901 351.0140 130.4334 14.70301151356174
0 COSMOS 2251 DEB
1 33813U 93036BE  15290.39334260  .00002031  00000-0  31677-3 0  9999
2 33813  74.0498  32.2833 0099934 349.5349  75.8107 14.70303578356341
0 COSMOS 2251 DEB
1 33813U 93036BE  15290.74421691 +.00002097 +00000-0 +32679-3 0  9998
2 33813 074.0498 031.6030 0099943 348.7588 133.0267 14.70305308356324
0 COSMOS 2251 DEB
1 33813U 93036BE  15291.69616286  .00002729  00000-0  42347-3 0  9994
2 33813  74.0506  29.7578 0100006 346.6390 131.8083 14.70311811356531
0 COSMOS 2251 DEB
1 33813U 93036BE  15291.96891497 +.00002970 +00000-0 +46029-3 0  9992
2 33813 074.0506 029.2291 0100023 346.0369 135.5248 14.70314354356503
0 COSMOS 2251 DEB
1 33813U 93036BE  15292.72300041  .00003050  00000-0  47258-3 0  9992
2 33813  74.0506  27.7673 0100063 344.3718 167.0078 14.70318700356682
0 COSMOS 2251 DEB
1 33813U 93036BE  15293.66985244 +.00003242 +00000-0 +50180-3 0  9991
2 33813 074.0506 025.9318 0100125 342.2842 138.8522 14.70325275356755
0 COSMOS 2251 DEB
1 33813U 93036BE  15294.33895359  .00003451  00000-0  53364-3 0  9992
2 33813  74.0506  24.6347 0100169 340.8197  80.5173 14.70330333356923
0 COSMOS 2251 DEB
1 33813U 93036BE  15294.69598870 +.00003402 +00000-0 +52612-3 0  9990
2 33813 074.0504 023.9423 0100184 340.0072 170.3988 14.70332366356907
0 COSMOS 2251 DEB
1 33813U 93036BE  15295.36135838  .00003467  00000-0  53605-3 0  9990
2 33813  74.0508  22.6524 0100217 338.5595  92.3215 14.70337031357077
0 COSMOS 2251 DEB
1 33813U 93036BE  15296.38280277  .00003766  00000-0  58161-3 0  9995
2 33813  74.0510  20.6723 0100287 336.3169  99.0555 14.70345197357229
0 COSMOS 2251 DEB
1 33813U 93036BE  15297.68423399  .00003804  00000-0  58716-3 0  9992
2 33813  74.0514  18.1494 0100389 333.4408 147.8766 14.70354293357411
0 COSMOS 2251 DEB
1 33813U 93036BE  15298.71329831  .00003567  00000-0  55085-3 0  9995
2 33813  74.0514  16.1546 0100431 331.1953 194.9878 14.70360600357567
0 COSMOS 2251 DEB
1 33813U 93036BE  15299.66491193 +.00002939 +00000-0 +45482-3 0  9993
2 33813 074.0513 014.3099 0100489 329.1075 192.1638 14.70365211357639
0 COSMOS 2251 DEB
1 33813U 93036BE  15300.18411977  .00002879  00000-0  44555-3 0  9998
2 33813  74.0510  13.3034 0100499 327.9770  60.4851 14.70368059357786
0 COSMOS 2251 DEB
1 33813U 93036BE  15300.67894793 +.00002674 +00000-0 +41422-3 0  9996
2 33813 074.0510 012.3442 0100514 326.8910 159.7696 14.70370135357787
0 COSMOS 2251 DEB
1 33813U 93036BE  15301.27897898  .00002622  00000-0  40627-3 0  9991
2 33813  74.0509  11.1810 0100538 325.5831  95.9249 14.70373296357949
0 COSMOS 2251 DEB
1 33813U 93036BE  15301.63809703 +.00002581 +00000-0 +40001-3 0  9999
2 33813 074.0508 010.4848 0100558 324.7960 196.8579 14.70374970357922
0 COSMOS 2251 DEB
1 33813U 93036BE  15302.30021321  .00002484  00000-0  38513-3 0  9993
2 33813  74.0506   9.2011 0100593 323.3471 101.6654 14.70377985358095
0 COSMOS 2251 DEB
1 33813U 93036BE  15302.65118346 +.00002609 +00000-0 +40426-3 0  9990
2 33813 074.0505 008.5206 0100614 322.5786 159.4754 14.70380104358073
0 COSMOS 2251 DEB
1 33813U 93036BE  15303.60423737  .00002777  00000-0  42978-3 0  9999
2 33813  74.0504   6.6728 0100670 320.4879 164.3432 14.70385396358281
0 COSMOS 2251 DEB
1 33813U 93036BE  15304.63001044  .00002817  00000-0  43579-3 0  9999
2 33813  74.0501   4.6839 0100723 318.2399 194.1585 14.70390929358435
0 COSMOS 2251 DEB
1 33813U 93036BE  15305.65261046  .00003484  00000-0  53746-3 0  9990
2 33813  74.0501   2.7012 0100779 316.0059 207.1897 14.70398353358583
0 COSMOS 2251 DEB
1 33813U 93036BE  15306.59741654 +.00003605 +00000-0 +55582-3 0  9997
2 33813 074.0498 000.8693 0100813 313.9427 168.4422 14.70403579358654
0 COSMOS 2251 DEB
1 33813U 93036BE  15307.26764299  .00003181  00000-0  49108-3 0  9998
2 33813  74.0499 359.5698 0100821 312.4847 116.2359 14.70405936358821
0 COSMOS 2251 DEB
1 33813U 93036BE  15307.61833366 +.00003423 +00000-0 +52797-3 0  9996
2 33813 074.0499 358.8897 0100867 311.7189 172.5983 14.70408648358804
0 COSMOS 2251 DEB
1 33813U 93036BE  15308.49131110  .00003590  00000-0  55326-3 0  9997
2 33813  74.0501 357.1971 0100888 309.8097 113.6752 14.70414490359007
0 COSMOS 2251 DEB
1 33813U 93036BE  15309.59117228  .00003089  00000-0  47683-3 0  9993
2 33813  74.0502 355.0645 0100935 307.4113 175.7669 14.70419666359162
0 COSMOS 2251 DEB
1 33813U 93036BE  15310.61887284  .00002639  00000-0  40821-3 0  9991
2 33813  74.0502 353.0720 0100981 305.1715 215.8997 14.70424561359315
0 COSMOS 2251 DEB
1 33813U 93036BE  15311.56979301 +.00003372 +00000-0 +51969-3 0  9998
2 33813 074.0501 351.2280 0101012 303.1170 209.6035 14.70433055359383
0 COSMOS 2251 DEB
1 33813U 93036BE  15312.23414697  .00003440  00000-0  53001-3 0  9990
2 33813  74.0504 349.9400 0101039 301.6679 126.3930 14.70437342359551
0 COSMOS 2251 DEB
1 33813U 93036BE  15312.58521142 +.00003173 +00000-0 +48928-3 0  9997
2 33813 074.0503 349.2594 0101049 300.9139 184.7628 14.70439210359537
0 COSMOS 2251 DEB
1 33813U 93036BE  15313.54251767  .00003527  00000-0  54316-3 0  9998
2 33813  74.0501 347.4030 0101066 298.8306 212.3367 14.70447390359749
0 COSMOS 2251 DEB
1 33813U 93036BE  15313.80821852 +.00003507 +00000-0 +54010-3 0  9994
2 33813 074.0499 346.8878 0101068 298.2561 178.8450 14.70449410359718
0 COSMOS 2251 DEB
1 33813U 93036BE  15314.20662123 +.00003416 +00000-0 +52615-3 0  9991
2 33813 074.0498 346.1152 0101077 297.3831 127.8358 14.70452187359777
0 COSMOS 2251 DEB
1 33813U 93036BE  15315.22892003  .00004225  00000-0  64919-3 0  9995
2 33813  74.0495 344.1328 0101098 295.1649 139.4936 14.70461830359993
0 COSMOS 2251 DEB
1 33813U 93036BE  15315.78176105 +.00003462 +00000-0 +53294-3 0  9990
2 33813 074.0494 343.0608 0101145 293.9775 186.0201 14.70464241360006
0 COSMOS 2251 DEB
1 33813U 93036BE  15316.53642306  .00003355  00000-0  51654-3 0  9994
2 33813  74.0492 341.5973 0101148 292.3352 220.9417 14.70469300360186
0 COSMOS 2251 DEB
1 33813U 93036BE  15317.55809968  .00002949  00000-0  45476-3 0  9999
2 33813  74.0490 339.6157 0101164 290.1164 229.3633 14.70475033360331
0 COSMOS 2251 DEB
1 33813U 93036BE  15318.50913789 +.00003609 +00000-0 +55499-3 0  9992
2 33813 074.0489 337.7709 0101190 288.0448 223.8794 14.70482951360403
0 COSMOS 2251 DEB
1 33813U 93036BE  15319.17333853  .00003184  00000-0  49032-3 0  9998
2 33813  74.0489 336.4826 0101244 286.6155 139.9572 14.70486602360574
0 COSMOS 2251 DEB
1 33813U 93036BE  15319.45562074 +.00003374 +00000-0 +51920-3 0  9998
2 33813 074.0489 335.9352 0101235 286.0068 194.2797 14.70489077360548
0 COSMOS 2251 DEB
1 33813U 93036BE  15320.48411600  .00004004  00000-0  61491-3 0  9996
2 33813  74.0491 333.9405 0101226 283.7736 238.8812 14.70499054360767
0 COSMOS 2251 DEB
1 33813U 93036BE  15321.50308103  .00004357  00000-0  66836-3 0  9992
2 33813  74.0492 331.9644 0101194 281.5524 233.0730 14.70508592360917
0 COSMOS 2251 DEB
1 33813U 93036BE  15322.97355277 +.00004142 +00000-0 +63564-3 0  9995
2 33813 074.0493 329.1125 0101180 278.3590 097.4936 14.70521090361068
0 COSMOS 2251 DEB
1 33813U 93036BE  15323.11804828  .00004162  00000-0  63858-3 0  9991
2 33813  74.0494 328.8325 0101176 278.0547 142.4219 14.70522437361152
0 COSMOS 2251 DEB
1 33813U 93036BE  15323.47044488 +.00004563 +00000-0 +69945-3 0  9996
2 33813 074.0494 328.1491 0101160 277.2811 207.9716 14.70526784361133
0 COSMOS 2251 DEB
1 33813U 93036BE  15324.14013777  .00003559  00000-0  54680-3 0  9992
2 33813  74.0494 326.8503 0101157 275.8354 153.2326 14.70530146361300
0 COSMOS 2251 DEB
1 33813U 93036BE  15324.49719817 +.00003882 +00000-0 +59588-3 0  9999
2 33813 074.0493 326.1578 0101159 275.0725 243.4581 14.70533762361289
0 COSMOS 2251 DEB
1 33813U 93036BE  15325.44815557  .00004006  00000-0  61462-3 0  9996
2 33813  74.0491 324.3134 0101148 273.0151 237.7350 14.70542288361490
0 COSMOS 2251 DEB
1 33813U 93036BE  15325.96877060 +.00003450 +00000-0 +53020-3 0  9993
2 33813 074.0489 323.3036 0101143 271.8871 113.8315 14.70545207361508
0 COSMOS 2251 DEB
1 33813U 93036BE  15326.39428916 +.00003698 +00000-0 +56780-3 0  9993
2 33813 074.0488 322.4783 0101134 270.9695 206.4948 14.70548775361560
0 COSMOS 2251 DEB
1 33813U 93036BE  15327.06278831  .00003321  00000-0  51041-3 0  9995
2 33813  74.0487 321.1817 0101116 269.5284 145.4913 14.70553286361737
0 COSMOS 2251 DEB
1 33813U 93036BE  15327.42146509 +.00003885 +00000-0 +59608-3 0  9993
2 33813 074.0486 320.4859 0101115 268.7418 244.3235 14.70557159361710
0 COSMOS 2251 DEB
1 33813U 93036BE  15328.08478800  .00003266  00000-0  50203-3 0  9993
2 33813  74.0483 319.1993 0101106 267.3181 155.9273 14.70560703361889
0 COSMOS 2251 DEB
1 33813U 93036BE  15328.96287315 +.00002920 +00000-0 +44949-3 0  9995
2 33813 074.0483 317.4958 0101069 265.3932 124.5302 14.70566035361947
0 COSMOS 2251 DEB
1 33813U 93036BE  15329.10694959  .00002866  00000-0  44121-3 0  9999
2 33813  74.0483 317.2163 0101074 265.0711 167.2824 14.70566858362038
0 COSMOS 2251 DEB
1 33813U 93036BE  15329.38829516 +.00003186 +00000-0 +48985-3 0  9996
2 33813 074.0483 316.6705 0101067 264.4623 216.7275 14.70569205362006
0 COSMOS 2251 DEB
1 33813U 93036BE  15330.40852535  .00002818  00000-0  43388-3 0  9991
2 33813  74.0485 314.6915 0101036 262.2509 217.8540 14.70574716362228
0 COSMOS 2251 DEB
1 33813U 93036BE  15330.93526109 +.00002663 +00000-0 +41038-3 0  9992
2 33813 074.0484 313.6699 0101011 261.0999 126.4253 14.70577353362235
0 COSMOS 2251 DEB
1 33813U 93036BE  15331.43663543  .00002956  00000-0  45474-3 0  9995
2 33813  74.0485 312.6973 0101011 260.0096 260.7301 14.70581006362378
0 COSMOS 2251 DEB
1 33813U 93036BE  15331.95623748 +.00002659 +00000-0 +40965-3 0  9995
2 33813 074.0486 311.6895 0100991 258.8831 131.5365 14.70583123362387
0 COSMOS 2251 DEB
1 33813U 93036BE  15332.90809339  .00002866  00000-0  44114-3 0  9993
2 33813  74.0487 309.8431 0100960 256.8168 130.7377 14.70589005362592
0 COSMOS 2251 DEB
1 33813U 93036BE  15333.92896623 +.00002592 +00000-0 +39942-3 0  9997
2 33813 074.0489 307.8630 0100924 254.6039 135.3392 14.70594061362671
0 COSMOS 2251 DEB
1 33813U 93036BE  15334.07493780  .00002595  00000-0  39984-3 0  9990
2 33813  74.0490 307.5798 0100938 254.2817 188.1350 14.70594910362763
0 COSMOS 2251 DEB
1 33813U 93036BE  15334.94930547 +.00002780 +00000-0 +42792-3 0  9990
2 33813 074.0491 305.8839 0100897 252.3806 137.1494 14.70600577362829
0 COSMOS 2251 DEB
1 33813U 93036BE  15335.90137574  .00002819  00000-0  43383-3 0  9996
2 33813  74.0490 304.0372 0100838 250.3234 137.5340 14.70605965363033
0 COSMOS 2251 DEB
1 33813U 93036BE  15335.90137574 +.00002819 +00000-0 +43383-3 0  9996
2 33813 074.0490 304.0372 0100838 250.3234 137.5340 14.70605965362964
0 COSMOS 2251 DEB
1 33813U 93036BE  15338.01768471  .00001922  00000-0  29768-3 0  9992
2 33813  74.0488 299.9323 0100725 245.7328 181.6253 14.70614066363344
0 COSMOS 2251 DEB
1 33813U 93036BE  15338.96892293 +.00001827 +00000-0 +28318-3 0  9990
2 33813 074.0488 298.0873 0100713 243.6561 177.6740 14.70618037363413
0 COSMOS 2251 DEB
1 33813U 93036BE  15339.32639494  .00002147  00000-0  33179-3 0  9990
2 33813  74.0488 297.3939 0100701 242.8817 270.2002 14.70620396363535
0 COSMOS 2251 DEB
1 33813U 93036BE  15339.92198700 +.00002261 +00000-0 +34910-3 0  9997
2 33813 074.0489 296.2387 0100648 241.5737 183.4041 14.70623369363551
0 COSMOS 2251 DEB
1 33813U 93036BE  15340.34836567  .00002379  00000-0  36692-3 0  9994
2 33813  74.0489 295.4117 0100638 240.6438 280.7484 14.70625357363685
0 COSMOS 2251 DEB
1 33813U 93036BE  15340.94056661 +.00002665 +00000-0 +41035-3 0  9994
2 33813 074.0489 294.2629 0100581 239.3605 175.9927 14.70629026363705
0 COSMOS 2251 DEB
1 33813U 93036BE  15341.56576595  .00002635  00000-0  40582-3 0  9999
2 33813  74.0489 293.0502 0100506 238.0036 245.9457 14.70631790363867
0 COSMOS 2251 DEB
1 33813U 93036BE  15341.96190787 +.00002725 +00000-0 +41945-3 0  9992
2 33813 074.0489 292.2818 0100495 237.1431 183.2201 14.70634111363854
0 COSMOS 2251 DEB
1 33813U 93036BE  15342.31946462 +.00002539 +00000-0 +39125-3 0  9991
2 33813 074.0489 291.5883 0100477 236.3612 276.2209 14.70635167363909
0 COSMOS 2251 DEB
1 33813U 93036BE  15343.27300258  .00002348  00000-0  36230-3 0  9996
2 33813  74.0491 289.7386 0100405 234.2820 284.5121 14.70639294364112
0 COSMOS 2251 DEB
1 33813U 93036BE  15343.93509765 +.00002061 +00000-0 +31862-3 0  9991
2 33813 074.0492 288.4543 0100379 232.8318 189.8424 14.70641887364147
0 COSMOS 2251 DEB
1 33813U 93036BE  15344.28568057  .00002517  00000-0  38793-3 0  9995
2 33813  74.0495 287.7745 0100381 232.0714 245.9269 14.70644766364264
0 COSMOS 2251 DEB
1 33813U 93036BE  15344.95605270 +.00002110 +00000-0 +32615-3 0  9994
2 33813 074.0496 286.4741 0100331 230.6085 195.0847 14.70646998364296
0 COSMOS 2251 DEB
1 33813U 93036BE  15345.30716262  .00002725  00000-0  41941-3 0  9992
2 33813  74.0497 285.7931 0100309 229.8418 253.9734 14.70650610364414
0 COSMOS 2251 DEB
1 33813U 93036BE  15345.90649661 +.00002653 +00000-0 +40848-3 0  9991
2 33813 074.0498 284.6305 0100300 228.5288 187.0485 14.70653400364432
0 COSMOS 2251 DEB
1 33813U 93036BE  15346.53117046  .00002685  00000-0  41336-3 0  9996
2 33813  74.0498 283.4191 0100229 227.1292 254.3214 14.70656772364592
0 COSMOS 2251 DEB
1 33813U 93036BE  15346.92810661 +.00002397 +00000-0 +36963-3 0  9992
2 33813 074.0500 282.6490 0100259 226.2642 195.8396 14.70658137364587
0 COSMOS 2251 DEB
1 33813U 93036BE  15347.87917103  .00002558  00000-0  39394-3 0  9996
2 33813  74.0499 280.8042 0100177 224.1766 191.1345 14.70664065364793
0 COSMOS 2251 DEB
1 33813U 93036BE  15348.90050235  .00002566  00000-0  39519-3 0  9993
2 33813  74.0499 278.8232 0100138 221.9388 198.4619 14.70669553364941
0 COSMOS 2251 DEB
1 33813U 93036BE  15349.25198977 +.00003373 +00000-0 +51762-3 0  9999
2 33813 074.0499 278.1414 0100111 221.1662 259.3880 14.70674571364925
0 COSMOS 2251 DEB
1 33813U 93036BE  15350.20438036  .00003242  00000-0  49768-3 0  9997
2 33813  74.0497 276.2942 0100083 219.0857 261.7440 14.70680090365134
0 COSMOS 2251 DEB
1 33813U 93036BE  15350.87369979 +.00002848 +00000-0 +43789-3 0  9997
2 33813 074.0496 274.9960 0100049 217.6334 205.4052 14.70683214365162
0 COSMOS 2251 DEB
1 33813U 93036BE  15351.22418103  .00002427  00000-0  37407-3 0  9994
2 33813  74.0496 274.3160 0099986 216.8479 261.0301 14.70684087365283
0 COSMOS 2251 DEB
1 33813U 93036BE  15352.24592664  .00002309  00000-0  35616-3 0  9991
2 33813  74.0495 272.3341 0099911 214.6054 270.6363 14.70690125365435
0 COSMOS 2251 DEB
1 33813U 93036BE  15352.84500425 +.00002735 +00000-0 +42079-3 0  9995
2 33813 074.0494 271.1720 0099850 213.2890 202.4470 14.70694804365459
0 COSMOS 2251 DEB
1 33813U 93036BE  15353.86642692  .00002660  00000-0  40929-3 0  9990
2 33813  74.0494 269.1908 0099779 211.0439 210.3758 14.70699882365671
0 COSMOS 2251 DEB
1 33813U 93036BE  15354.81762699 +.00002658 +00000-0 +40908-3 0  9990
2 33813 074.0494 267.3456 0099715 208.9544 206.5324 14.70705349365741
0 COSMOS 2251 DEB
1 33813U 93036BE  15355.17036775  .00003443  00000-0  52802-3 0  9998
2 33813  74.0494 266.6613 0099687 208.1815 274.1343 14.70710017365862
0 COSMOS 2251 DEB
1 33813U 93036BE  15355.83983669 +.00004416 +00000-0 +67551-3 0  9992
2 33813 074.0497 265.3626 0099636 206.7086 218.6940 14.70718650365893
0 COSMOS 2251 DEB
1 33813U 93036BE  15356.19000852  .00003708  00000-0  56815-3 0  9990
2 33813  74.0498 264.6833 0099601 205.9375 272.7110 14.70720098366014
0 COSMOS 2251 DEB
1 33813U 93036BE  15356.79169470 +.00003629 +00000-0 +55611-3 0  9993
2 33813 074.0498 263.5161 0099559 204.6117 218.4088 14.70726180366039
0 COSMOS 2251 DEB
1 33813U 93036BE  15357.21731348  .00002846  00000-0  43741-3 0  9991
2 33813  74.0499 262.6906 0099534 203.6699 311.9030 14.70727864366164
0 COSMOS 2251 DEB
1 33813U 93036BE  15358.83251272  .00002630  00000-0  40457-3 0  9995
2 33813  74.0499 259.5575 0099453 200.1274 223.7953 14.70738170366405
0 COSMOS 2251 DEB
1 33813U 93036BE  15359.78328084 +.00002564 +00000-0 +39453-3 0  9996
2 33813 074.0498 257.7133 0099380 198.0274 217.8014 14.70742915366479
0 COSMOS 2251 DEB
1 33813U 93036BE  15360.13487538  .00002151  00000-0  33203-3 0  9996
2 33813  74.0497 257.0313 0099360 197.2561 279.3773 14.70743536366597
0 COSMOS 2251 DEB
1 33813U 93036BE  15360.80455619 +.00002192 +00000-0 +33814-3 0  9998
2 33813 074.0491 255.7323 0099334 195.7814 225.1258 14.70746610366629
0 COSMOS 2251 DEB
1 33813U 93036BE  15361.16290196  .00002164  00000-0  33398-3 0  9991
2 33813  74.0491 255.0371 0099305 194.9808 322.4685 14.70748224366748
0 COSMOS 2251 DEB
1 33813U 93036BE  15361.82679532 +.00002182 +00000-0 +33657-3 0  9997
2 33813 074.0489 253.7492 0099271 193.5152 237.5895 14.70751386366778
0 COSMOS 2251 DEB
1 33813U 93036BE  15362.18304796  .00001871  00000-0  28942-3 0  9999
2 33813  74.0488 253.0581 0099254 192.7370 323.8361 14.70751872366893
0 COSMOS 2251 DEB
1 33813U 93036BE  15362.77805848 +.00001848 +00000-0 +28594-3 0  9995
2 33813 074.0487 251.9038 0099204 191.4170 234.2554 14.70754183366915
0 COSMOS 2251 DEB
1 33813U 93036BE  15363.79832637  .00001773  00000-0  27460-3 0  9992
2 33813  74.0485 249.9246 0099121 189.1479 236.3108 14.70757522367138
0 COSMOS 2251 DEB
1 33813U 93036BE  15364.74885248 +.00001912 +00000-0 +29572-3 0  9995
2 33813 074.0483 248.0806 0099058 187.0530 229.0939 14.70761077367201
0 COSMOS 2251 DEB
1 33813U 93036BE  15365.10692362  .00001421  00000-0  22122-3 0  9998
2 33813  74.0478 247.3859 0099064 186.2640 324.9863 14.70759956367322
0 COSMOS 2251 DEB
1 33813U 93036BE  15365.77058932 +.00001946 +00000-0 +30078-3 0  9991
2 33813 074.0478 246.0984 0099027 184.7972 238.9380 14.70765375367350
0 COSMOS 2251 DEB
1 33813U 93036BE  16001.12741442  .00001994  00000-0  30808-3 0  9997
2 33813  74.0478 245.4062 0099008 184.0074 328.2473 14.70767119367472
0 COSMOS 2251 DEB
1 33813U 93036BE  16001.72137919 +.00001899 +00000-0 +29372-3 0  9999
2 33813 074.0477 244.2540 0098968 182.6913 233.1608 14.70768982367494
0 COSMOS 2251 DEB
1 33813U 93036BE  16002.15045014  .00001599  00000-0  24818-3 0  9998
2 33813  74.0476 243.4216 0098955 181.7535 344.9841 14.70768830367627
0 COSMOS 2251 DEB
1 33813U 93036BE  16002.66911551 +.00001818 +00000-0 +28142-3 0  9990
2 33813 074.0475 242.4154 0098923 180.6070 211.2091 14.70772118367631
0 COSMOS 2251 DEB
1 33813U 93036BE  16003.76426946  .00001902  00000-0  29407-3 0  9990
2 33813  74.0474 240.2909 0098854 178.1858 249.8296 14.70776797367869
0 COSMOS 2251 DEB
1 33813U 93036BE  16004.64164348 +.00001737 +00000-0 +26904-3 0  9998
2 33813 074.0473 238.5888 0098811 176.2462 215.3587 14.70779230367920
0 COSMOS 2251 DEB
1 33813U 93036BE  16005.06632896  .00001694  00000-0  26251-3 0  9990
2 33813  74.0472 237.7649 0098780 175.3106 303.9883 14.70780606368052
0 COSMOS 2251 DEB
1 33813U 93036BE  16005.66114855 +.00001706 +00000-0 +26443-3 0  9993
2 33813 074.0472 236.6108 0098744 173.9771 213.4704 14.70782778368073
0 COSMOS 2251 DEB
1 33813U 93036BE  16006.61480126  .00001751  00000-0  27115-3 0  9993
2 33813  74.0471 234.7607 0098682 171.8595 222.9159 14.70786680368285
0 COSMOS 2251 DEB
1 33813U 93036BE  16006.96027926 +.00001630 +00000-0 +25293-3 0  9997
2 33813 074.0470 234.0904 0098664 171.0952 252.1674 14.70787209368269
0 COSMOS 2251 DEB
1 33813U 93036BE  16007.63450241  .00001691  00000-0  26205-3 0  9993
2 33813  74.0469 232.7823 0098625 169.6129 222.0708 14.70790013368438
0 COSMOS 2251 DEB
1 33813U 93036BE  16008.58508722 +.00001685 +00000-0 +26121-3 0  9996
2 33813 074.0470 230.9382 0098570 167.5057 215.2885 14.70793127368503
0 COSMOS 2251 DEB
1 33813U 93036BE  16009.08759593  .00001683  00000-0  26085-3 0  9993
2 33813  74.0469 229.9633 0098535 166.4008 355.9994 14.70794767368642
0 COSMOS 2251 DEB
1 33813U 93036BE  16009.68098814 +.00001622 +00000-0 +25164-3 0  9991
2 33813 074.0469 228.8120 0098516 165.0738 257.9534 14.70796536368664
0 COSMOS 2251 DEB
1 33813U 93036BE  16010.55836672  .00001725  00000-0  26722-3 0  9996
2 33813  74.0467 227.1098 0098477 163.1473 223.5604 14.70800199368869
0 COSMOS 2251 DEB
1 33813U 93036BE  16011.57955089  .00001893  00000-0  29278-3 0  9998
2 33813  74.0468 225.1286 0098410 160.8675 230.6548 14.70805151369019
0 COSMOS 2251 DEB
1 33813U 93036BE  16012.59987057  .00002360  00000-0  36359-3 0  9999
2 33813  74.0467 223.1490 0098355 158.6058 233.1754 14.70812055369165
0 COSMOS 2251 DEB
1 33813U 93036BE  16013.55178641 +.00002754 +00000-0 +42327-3 0  9996
2 33813 074.0469 221.3021 0098293 156.4891 233.5221 14.70817129369237
0 COSMOS 2251 DEB
1 33813U 93036BE  16013.98406863  .00002359  00000-0  36337-3 0  9998
2 33813  74.0469 220.4633 0098260 155.5238   2.4427 14.70817753369363
0 COSMOS 2251 DEB
1 33813U 93036BE  16015.00455300  .00002177  00000-0  33573-3 0  9990
2 33813  74.0469 218.4833 0098210 153.2580   5.8789 14.70822114369514
0 COSMOS 2251 DEB
1 33813U 93036BE  16015.59714801 +.00002091 +00000-0 +32264-3 0  9999
2 33813 074.0470 217.3334 0098179 151.9383 263.6651 14.70824762369535
0 COSMOS 2251 DEB
1 33813U 93036BE  16015.94925456 +.00002072 +00000-0 +31983-3 0  9994
2 33813 074.0471 216.6503 0098152 151.1645 328.0584 14.70826213369589
0 COSMOS 2251 DEB
1 33813U 93036BE  16016.01800737  .00002071  00000-0  31967-3 0  9998
2 33813  74.0472 216.5169 0098145 151.0093 332.1068 14.70826536369665
0 COSMOS 2251 DEB
1 33813U 93036BE  16016.96951814 +.00002116 +00000-0 +32654-3 0  9999
2 33813 074.0472 214.6707 0098098 148.8917 330.3638 14.70830715369733
0 COSMOS 2251 DEB
1 33813U 93036BE  16017.63954793  .00002285  00000-0  35214-3 0  9995
2 33813  74.0473 213.3707 0098062 147.4176 278.1677 14.70834028369905
0 COSMOS 2251 DEB
1 33813U 93036BE  16018.51721655 +.00002266 +00000-0 +34916-3 0  9999
2 33813 074.0472 211.6678 0098013 145.4497 245.4658 14.70837674369964
0 COSMOS 2251 DEB
1 33813U 93036BE  16019.54438336  .00002737  00000-0  42054-3 0  9999
2 33813  74.0473 209.6748 0097966 143.1867 284.3457 14.70844032370183
0 COSMOS 2251 DEB
1 33813U 93036BE  16019.96854657 +.00002458 +00000-0 +37833-3 0  9992
2 33813 074.0472 208.8519 0097941 142.2405 010.3195 14.70845235370171
0 COSMOS 2251 DEB
1 33813U 93036BE  16020.91574112 +.00003427 +00000-0 +52517-3 0  9997
2 33813 074.0471 207.0139 0097852 140.1346 345.7912 14.70853526370311
0 COSMOS 2251 DEB
1 33813U 93036BE  16021.18677346  .00003534  00000-0  54138-3 0  9990
2 33813  74.0471 206.4880 0097879 139.5377 340.9297 14.70855715370429
0 COSMOS 2251 DEB
1 33813U 93036BE  16021.94080296 +.00003270 +00000-0 +50133-3 0  9994
2 33813 074.0470 205.0250 0097836 137.8639 013.5984 14.70860062370460
0 COSMOS 2251 DEB
1 33813U 93036BE  16022.46057554  .00003414  00000-0  52304-3 0  9995
2 33813  74.0470 204.0164 0097811 136.7090 245.8627 14.70864494370608
0 COSMOS 2251 DEB
1 33813U 93036BE  16023.55517850  .00002910  00000-0  44661-3 0  9993
2 33813  74.0470 201.8924 0097733 134.2804 281.9413 14.70870627370773
0 COSMOS 2251 DEB
1 33813U 93036BE  16023.90721105 +.00002955 +00000-0 +45342-3 0  9998
2 33813 074.0469 201.2092 0097715 133.5022 346.0072 14.70873118370755
0 COSMOS 2251 DEB
1 33813U 93036BE  16024.92776106  .00002466  00000-0  37930-3 0  9993
2 33813  74.0469 199.2289 0097658 131.2311 349.9986 14.70877643370978
0 COSMOS 2251 DEB
1 33813U 93036BE  16024.92776106 +.00002466 +00000-0 +37930-3 0  9993
2 33813 074.0469 199.2289 0097658 131.2311 349.9986 14.70877643370901
0 COSMOS 2251 DEB
1 33813U 93036BE  16025.95468394  .00002022  00000-0  31203-3 0  9999
2 33813  74.0472 197.2364 0097575 128.9454  27.7539 14.70881512371126
0 COSMOS 2251 DEB
1 33813U 93036BE  16025.95468394 +.00002022 +00000-0 +31203-3 0  9999
2 33813 074.0472 197.2364 0097575 128.9454 027.7539 14.70881512371058
0 COSMOS 2251 DEB
1 33813U 93036BE  16026.90559331 +.00002380 +00000-0 +36630-3 0  9993
2 33813 074.0473 195.3913 0097527 126.8246 023.0207 14.70886848371194
0 COSMOS 2251 DEB
1 33813U 93036BE  16027.17255964  .00002076  00000-0  32029-3 0  9998
2 33813  74.0474 194.8733 0097509 126.2296 356.6659 14.70887110371300
0 COSMOS 2251 DEB
1 33813U 93036BE  16027.92767573 +.00001913 +00000-0 +29557-3 0  9996
2 33813 074.0477 193.4082 0097449 124.5512 035.1734 14.70889951371342
0 COSMOS 2251 DEB
1 33813U 93036BE  16028.44769855  .00002024  00000-0  31233-3 0  9997
2 33813  74.0477 192.3991 0097419 123.3963 268.8127 14.70892433371499
0 COSMOS 2251 DEB
1 33813U 93036BE  16028.87997933 +.00002249 +00000-0 +34643-3 0  9991
2 33813 074.0478 191.5603 0097389 122.4321 037.8481 14.70895118371484
0 COSMOS 2251 DEB
1 33813U 93036BE  16029.46689390  .00002135  00000-0  32914-3 0  9995
2 33813  74.0478 190.4215 0097343 121.1287 265.7042 14.70897298371642
0 COSMOS 2251 DEB
1 33813U 93036BE  16029.89857892 +.00002291 +00000-0 +35279-3 0  9996
2 33813 074.0479 189.5839 0097315 120.1663 031.5911 14.70899774371634
0 COSMOS 2251 DEB
1 33813U 93036BE  16030.49259500  .00002197  00000-0  33847-3 0  9990
2 33813  74.0479 188.4313 0097280 118.8419 297.0672 14.70902173371791
0 COSMOS 2251 DEB
1 33813U 93036BE  16030.92172214 +.00002141 +00000-0 +33000-3 0  9994
2 33813 074.0480 187.5986 0097291 117.8803 049.4217 14.70904029371782
0 COSMOS 2251 DEB
1 33813U 93036BE  16031.87048120  .00002452  00000-0  37708-3 0  9991
2 33813  74.0481 185.7577 0097251 115.7669  33.3774 14.70909451371999
0 COSMOS 2251 DEB
1 33813U 93036BE  16032.89218844  .00003061  00000-0  46936-3 0  9996
2 33813  74.0481 183.7753 0097207 113.4795  43.6482 14.70916664372141
0 COSMOS 2251 DEB
1 33813U 93036BE  16033.84321898 +.00002705 +00000-0 +41546-3 0  9992
2 33813 074.0480 181.9299 0097154 111.3666 039.6585 14.70920038372217
0 COSMOS 2251 DEB
1 33813U 93036BE  16034.10899456  .00002380  00000-0  36626-3 0  9994
2 33813  74.0481 181.4142 0097164 110.7705   7.0348 14.70920487372324
0 COSMOS 2251 DEB
1 33813U 93036BE  16034.86496780 +.00002781 +00000-0 +42693-3 0  9996
2 33813 074.0482 179.9474 0097097 109.0808 050.1860 14.70925991372362
0 COSMOS 2251 DEB
1 33813U 93036BE  16035.45757211  .00002461  00000-0  37843-3 0  9997
2 33813  74.0482 178.7975 0097074 107.7587 308.2423 14.70928142372520
0 COSMOS 2251 DEB
1 33813U 93036BE  16035.88530242 +.00002524 +00000-0 +38791-3 0  9990
2 33813 074.0482 177.9674 0097061 106.8037 053.2381 14.70930750372510
0 COSMOS 2251 DEB
1 33813U 93036BE  16036.48068418  .00002548  00000-0  39164-3 0  9999
2 33813  74.0483 176.8121 0097028 105.4711 326.0214 14.70934252372677
0 COSMOS 2251 DEB
1 33813U 93036BE  16036.83575133 +.00002722 +00000-0 +41792-3 0  9999
2 33813 074.0484 176.1231 0097021 104.6798 046.2449 14.70936973372653
0 COSMOS 2251 DEB
1 33813U 93036BE  16037.85842127  .00002834  00000-0  43486-3 0  9998
2 33813  74.0487 174.1387 0096962 102.3895  61.7175 14.70943543372875
0 COSMOS 2251 DEB
1 33813U 93036BE  16038.80220345 +.00003048 +00000-0 +46730-3 0  9999
2 33813 074.0490 172.3075 0096928 100.2704 019.4727 14.70950079372944
0 COSMOS 2251 DEB
1 33813U 93036BE  16039.07501248  .00003159  00000-0  48406-3 0  9998
2 33813  74.0491 171.7781 0096914  99.6628  24.1213 14.70952375373050
0 COSMOS 2251 DEB
1 33813U 93036BE  16039.82275916 +.00003812 +00000-0 +58290-3 0  9999
2 33813 074.0494 170.3270 0096906 097.9895 023.7982 14.70959271373093
0 COSMOS 2251 DEB
1 33813U 93036BE  16040.34990543  .00003249  00000-0  49760-3 0  9994
2 33813  74.0495 169.3042 0096889  96.8062 295.3001 14.70961615373244
0 COSMOS 2251 DEB
1 33813U 93036BE  16041.80063067  .00003063  00000-0  46930-3 0  9998
2 33813  74.0497 166.4892 0096875  93.5494  57.6528 14.70971428373454
0 COSMOS 2251 DEB
1 33813U 93036BE  16042.74715998 +.00003360 +00000-0 +51422-3 0  9991
2 33813 074.0497 164.6525 0096831 091.4282 030.0455 14.70978309373528
0 COSMOS 2251 DEB
1 33813U 93036BE  16043.34239012  .00003531  00000-0  54004-3 0  9995
2 33813  74.0496 163.4975 0096813  90.0948 302.1288 14.70983075373687
0 COSMOS 2251 DEB
1 33813U 93036BE  16043.69877355 +.00003519 +00000-0 +53821-3 0  9993
2 33813 074.0496 162.8060 0096782 089.2920 029.3912 14.70985489373661
0 COSMOS 2251 DEB
1 33813U 93036BE  16044.78799495  .00003003  00000-0  46010-3 0  9992
2 33813  74.0494 160.6921 0096660  86.8519  37.4714 14.70991950373898
0 COSMOS 2251 DEB
1 33813U 93036BE  16046.01105589  .00003140  00000-0  48087-3 0  9993
2 33813  74.0493 158.3189 0096648  84.0995  34.3582 14.71000711374078
0 COSMOS 2251 DEB
1 33813U 93036BE  16046.76546647 +.00002869 +00000-0 +43974-3 0  9996
2 33813 074.0494 156.8551 0096655 082.4067 069.4540 14.71004760374111
0 COSMOS 2251 DEB
1 33813U 93036BE  16047.35938543  .00003144  00000-0  48140-3 0  9999
2 33813  74.0494 155.7026 0096657  81.0789 334.6456 14.71008953374272
0 COSMOS 2251 DEB
1 33813U 93036BE  16048.38061053  .00004110  00000-0  62729-3 0  9999
2 33813  74.0494 153.7208 0096647  78.7892 342.7372 14.71018422374425
0 COSMOS 2251 DEB
1 33813U 93036BE  16048.73158053 +.00003727 +00000-0 +56941-3 0  9997
2 33813 074.0496 153.0397 0096638 078.0058 041.3660 14.71019748374408
0 COSMOS 2251 DEB
1 33813U 93036BE  16049.75247804  .00003269  00000-0  50009-3 0  9993
2 33813  74.0496 151.0586 0096629  75.7209  47.7491 14.71025633374624
0 COSMOS 2251 DEB
1 33813U 93036BE  16050.63548416 +.00002336 +00000-0 +35889-3 0  9998
2 33813 074.0495 149.3451 0096620 073.7452 043.9114 14.71027857374689
0 COSMOS 2251 DEB
1 33813U 93036BE  16051.37401376  .00002154  00000-0  33136-3 0  9994
2 33813  74.0495 147.9118 0096608  72.0886 354.9826 14.71031679374864
0 COSMOS 2251 DEB
1 33813U 93036BE  16051.72462961 +.00001798 +00000-0 +27751-3 0  9999
2 33813 074.0495 147.2314 0096600 071.3031 051.7567 14.71032072374841
0 COSMOS 2251 DEB
1 33813U 93036BE  16052.39580513  .00001579  00000-0  24443-3 0  9999
2 33813  74.0495 145.9289 0096601  69.8043   6.1364 14.71034206375013
0 COSMOS 2251 DEB
1 33813U 93036BE  16052.94819737 +.00001397 +00000-0 +21683-3 0  9994
2 33813 074.0496 144.8570 0096627 068.5705 051.4738 14.71035760375029
0 COSMOS 2251 DEB
1 33813U 93036BE  16053.69671008  .00001393  00000-0  21622-3 0  9993
2 33813  74.0495 143.4045 0096605  66.8960  55.4236 14.71038022375201
0 COSMOS 2251 DEB
1 33813U 93036BE  16054.64898300 +.00001375 +00000-0 +21354-3 0  9997
2 33813 074.0494 141.5565 0096600 064.7576 058.4569 14.71040710375277
0 COSMOS 2251 DEB
1 33813U 93036BE  16055.24221744  .00001331  00000-0  20682-3 0  9991
2 33813  74.0493 140.4053 0096590  63.4348 320.0958 14.71042355375421
0 COSMOS 2251 DEB
1 33813U 93036BE  16055.66862377 +.00001416 +00000-0 +21963-3 0  9997
2 33813 074.0493 139.5778 0096582 062.4781 058.2560 14.71043622375422
0 COSMOS 2251 DEB
1 33813U 93036BE  16056.26816480  .00001422  00000-0  22050-3 0  9993
2 33813  74.0483 138.4140 0096608  61.1482 353.2928 14.71045555375585
0 COSMOS 2251 DEB
1 33813U 93036BE  16056.68947619 +.00001459 +00000-0 +22612-3 0  9992
2 33813 074.0482 137.5963 0096604 060.2021 064.4777 14.71046966375571
0 COSMOS 2251 DEB
1 33813U 93036BE  16057.36026789  .00001407  00000-0  21824-3 0  9991
2 33813  74.0482 136.2945 0096610  58.6971  16.8664 14.71048706375748
0 COSMOS 2251 DEB
1 33813U 93036BE  16058.66716462  .00001360  00000-0  21121-3 0  9997
2 33813  74.0481 133.7582 0096615  55.7662  97.9554 14.71051909375934
0 COSMOS 2251 DEB
1 33813U 93036BE  16059.68837547  .00001345  00000-0  20891-3 0  9994
2 33813  74.0479 131.7762 0096642  53.4717 106.1195 14.71054543376083
0 COSMOS 2251 DEB
1 33813U 93036BE  16060.63884119 +.00001199 +00000-0 +18680-3 0  9998
2 33813 074.0478 129.9316 0096655 051.3308 099.6430 14.71056241376156
0 COSMOS 2251 DEB
1 33813U 93036BE  16061.30315612  .00001387  00000-0  21515-3 0  9990
2 33813  74.0477 128.6422 0096665  49.8443  17.7524 14.71059108376321
0 COSMOS 2251 DEB
1 33813U 93036BE  16061.65375225 +.00001392 +00000-0 +21595-3 0  9998
2 33813 074.0477 127.9619 0096692 049.0753 074.4398 14.71059990376303
0 COSMOS 2251 DEB
1 33813U 93036BE  16062.25528338 +.00001461 +00000-0 +22631-3 0  9999
2 33813 074.0476 126.7944 0096710 047.7302 020.0625 14.71062159376396
0 COSMOS 2251 DEB
1 33813U 93036BE  16063.20527834  .00001415  00000-0  21942-3 0  9998
2 33813  74.0474 124.9505 0096739  45.6090  11.0980 14.71064347376608
0 COSMOS 2251 DEB
1 33813U 93036BE  16063.62529329 +.00001416 +00000-0 +21949-3 0  9993
2 33813 074.0474 124.1353 0096748 044.6654 075.4452 14.71065444376591
0 COSMOS 2251 DEB
1 33813U 93036BE  16064.22505133  .00001391  00000-0  21574-3 0  9993
2 33813  74.0473 122.9711 0096761  43.3252  11.6879 14.71067087376757
0 COSMOS 2251 DEB
1 33813U 93036BE  16064.84974713 +.00001616 +00000-0 +24975-3 0  9993
2 33813 074.0473 121.7587 0096769 041.9315 079.9985 14.71070028376773
0 COSMOS 2251 DEB
1 33813U 93036BE  16065.52910814  .00001722  00000-0  26570-3 0  9992
2 33813  74.0472 120.4402 0096788  40.4105  77.8191 14.71072526376946
0 COSMOS 2251 DEB
1 33813U 93036BE  16065.59777840 +.00001840 +00000-0 +28354-3 0  9992
2 33813 074.0472 120.3069 0096789 040.2579 081.4904 14.71073477376880
0 COSMOS 2251 DEB
1 33813U 93036BE  16066.54903088  .00001855  00000-0  28584-3 0  9994
2 33813  74.0472 118.4606 0096819  38.1326  79.2267 14.71076605377092
0 COSMOS 2251 DEB
1 33813U 93036BE  16066.61821891 +.00001912 +00000-0 +29438-3 0  9996
2 33813 074.0472 118.3263 0096821 037.9774 085.6414 14.71077185377030
0 COSMOS 2251 DEB
1 33813U 93036BE  16067.57008131  .00002354  00000-0  36116-3 0  9998
2 33813  74.0470 116.4787 0096841  35.8542  86.6347 14.71083783377240
0 COSMOS 2251 DEB
1 33813U 93036BE  16067.84073009 +.00002323 +00000-0 +35641-3 0  9992
2 33813 074.0470 115.9533 0096852 035.2510 079.9694 14.71084664377210
0 COSMOS 2251 DEB
1 33813U 93036BE  16068.59066902  .00002459  00000-0  37697-3 0  9992
2 33813  74.0477 114.4979 0096870  33.5620  91.6117 14.71087875377395
0 COSMOS 2251 DEB
1 33813U 93036BE  16068.59066902 +.00002459 +00000-0 +37697-3 0  9992
2 33813 074.0477 114.4979 0096870 033.5620 091.6117 14.71087875377328
0 COSMOS 2251 DEB
1 33813U 93036BE  16069.54226432 +.00002264 +00000-0 +34748-3 0  9992
2 33813 074.0475 112.6506 0096904 031.4538 091.2052 14.71092501377466
0 COSMOS 2251 DEB
1 33813U 93036BE  16070.14201441  .00002103  00000-0  32310-3 0  9998
2 33813  74.0474 111.4863 0096924  30.1102  27.4706 14.71095388377624
0 COSMOS 2251 DEB
1 33813U 93036BE  16070.48330012 +.00002082 +00000-0 +31993-3 0  9994
2 33813 074.0473 110.8239 0096926 029.3569 034.9044 14.71097018377600
0 COSMOS 2251 DEB
1 33813U 93036BE  16071.16149751  .00002036  00000-0  31291-3 0  9998
2 33813  74.0472 109.5073 0096952  27.8471  26.6252 14.71100171377776
0 COSMOS 2251 DEB
1 33813U 93036BE  16071.43482787 +.00002120 +00000-0 +32561-3 0  9992
2 33813 074.0472 108.9767 0096963 027.2380 034.1801 14.71101529377743
0 COSMOS 2251 DEB
1 33813U 93036BE  16072.18244633  .00003003  00000-0  45885-3 0  9995
2 33813  74.0471 107.5252 0097019  25.5503  33.5913 14.71107842377928
0 COSMOS 2251 DEB
1 33813U 93036BE  16072.45525728 +.00002730 +00000-0 +41758-3 0  9993
2 33813 074.0471 106.9957 0097022 024.9458 038.3975 14.71108244377893
0 COSMOS 2251 DEB
1 33813U 93036BE  16073.55498303  .00002364  00000-0  36235-3 0  9990
2 33813  74.0471 104.8607 0097083  22.4970 102.5637 14.71112083378123
0 COSMOS 2251 DEB
1 33813U 93036BE  16074.50556917 +.00001940 +00000-0 +29833-3 0  9997
2 33813 074.0473 103.0157 0097067 020.4187 096.8625 14.71115082378197
0 COSMOS 2251 DEB
1 33813U 93036BE  16075.10608366  .00002265  00000-0  34737-3 0  9990
2 33813  74.0474 101.8498 0097140  19.0963  37.1983 14.71118602378354
0 COSMOS 2251 DEB
1 33813U 93036BE  16075.52681307 +.00002898 +00000-0 +44277-3 0  9994
2 33813 074.0475 101.0331 0097191 018.1416 105.4256 14.71122734378344
0 COSMOS 2251 DEB
1 33813U 93036BE  16076.19734836  .00003105  00000-0  47384-3 0  9998
2 33813  74.0475  99.7315 0097187  16.6696  56.6034 14.71126419378511
0 COSMOS 2251 DEB
1 33813U 93036BE  16076.47917334 +.00003235 +00000-0 +49343-3 0  9996
2 33813 074.0475 099.1843 0097208 016.0414 109.1719 14.71128307378485
0 COSMOS 2251 DEB
1 33813U 93036BE  16077.49860883  .00003314  00000-0  50528-3 0  9990
2 33813  74.0475  97.2055 0097251  13.7924 108.1727 14.71133909378704
0 COSMOS 2251 DEB
1 33813U 93036BE  16077.77058164 +.00002881 +00000-0 +44002-3 0  9990
2 33813 074.0475 096.6776 0097264 013.2045 108.5478 14.71133778378677
0 COSMOS 2251 DEB
1 33813U 93036BE  16078.37062591 +.00002844 +00000-0 +43444-3 0  9994
2 33813 074.0474 095.5126 0097298 011.8598 046.4571 14.71136940378765
0 COSMOS 2251 DEB
1 33813U 93036BE  16079.04547100  .00002598  00000-0  39724-3 0  9995
2 33813  74.0473  94.2025 0097342  10.3621  20.5143 14.71139945378934
0 COSMOS 2251 DEB
1 33813U 93036BE  16079.74269766 +.00002491 +00000-0 +38114-3 0  9995
2 33813 074.0471 092.8488 0097358 008.8312 113.1004 14.71143413378968
0 COSMOS 2251 DEB
1 33813U 93036BE  16080.49114422  .00002534  00000-0  38757-3 0  9998
2 33813  74.0471  91.3957 0097398   7.1759 116.9731 14.71147414379148
0 COSMOS 2251 DEB
1 33813U 93036BE  16081.44803161 +.00002632 +00000-0 +40221-3 0  9997
2 33813 074.0471 089.5380 0097475 005.0580 144.7929 14.71152588379283
0 COSMOS 2251 DEB
1 33813U 93036BE  16082.46835602  .00002536  00000-0  38764-3 0  9997
2 33813  74.0470  87.5570 0097546   2.8123 148.5863 14.71157042379434
0 COSMOS 2251 DEB
1 33813U 93036BE  16083.48982921  .00002324  00000-0  35566-3 0  9999
2 33813  74.0470  85.5737 0097578   0.5671 158.4792 14.71161105379587
0 COSMOS 2251 DEB
1 33813U 93036BE  16084.44048094 +.00002526 +00000-0 +38600-3 0  9996
2 33813 074.0471 083.7279 0097602 358.4758 153.3067 14.71165991379652
0 COSMOS 2251 DEB
1 33813U 93036BE  16085.46234977  .00002092  00000-0  32067-3 0  9995
2 33813  74.0473  81.7440 0097669 356.2303 165.3220 14.71168871379875
0 COSMOS 2251 DEB
1 33813U 93036BE  16085.98163116 +.00001951 +00000-0 +29935-3 0  9991
2 33813 074.0474 080.7357 0097681 355.0945 035.5374 14.71170542379882
0 COSMOS 2251 DEB
1 33813U 93036BE  16087.42721289  .00001899  00000-0  29156-3 0  9999
2 33813  74.0477  77.9293 0097743 351.9326 131.6399 14.71175993380162
0 COSMOS 2251 DEB
1 33813U 93036BE  16087.95400669 +.00002129 +00000-0 +32605-3 0  9993
2 33813 074.0479 076.9066 0097756 350.7820 041.6584 14.71179089380178
0 COSMOS 2251 DEB
1 33813U 93036BE  16088.38436583 +.00002154 +00000-0 +32989-3 0  9998
2 33813 074.0480 076.0711 0097783 349.8367 160.9440 14.71180840380233
0 COSMOS 2251 DEB
1 33813U 93036BE  16089.04703981  .00002370  00000-0  36226-3 0  9999
2 33813  74.0481  74.7846 0097801 348.3894  70.6258 14.71184586380402
0 COSMOS 2251 DEB
1 33813U 93036BE  16089.40436735 +.00002431 +00000-0 +37146-3 0  9999
2 33813 074.0481 074.0909 0097816 347.6074 163.1237 14.71186446380382
0 COSMOS 2251 DEB
1 33813U 93036BE  16090.42529537  .00002305  00000-0  35245-3 0  9994
2 33813  74.0482  72.1089 0097853 345.3675 170.2362 14.71191068380603
0 COSMOS 2251 DEB
1 33813U 93036BE  16090.94567993 +.00002483 +00000-0 +37920-3 0  9998
2 33813 074.0482 071.0986 0097864 344.2313 046.3384 14.71194470380614
0 COSMOS 2251 DEB
1 33813U 93036BE  16091.37660355 +.00002476 +00000-0 +37809-3 0  9990
2 33813 074.0482 070.2619 0097881 343.2899 168.6322 14.71196481380675
0 COSMOS 2251 DEB
1 33813U 93036BE  16091.97085265  .00002397  00000-0  36617-3 0  9995
2 33813  74.0482  69.1082 0097899 341.9970  75.9448 14.71199262380837
0 COSMOS 2251 DEB
1 33813U 93036BE  16092.39685966 +.00002206 +00000-0 +33746-3 0  9995
2 33813 074.0482 068.2811 0097919 341.0581 172.2138 14.71200548380825
0 COSMOS 2251 DEB
1 33813U 93036BE  16092.99010618  .00002219  00000-0  33936-3 0  9992
2 33813  74.0482  67.1293 0097942 339.7661  74.2271 14.71203366380983
0 COSMOS 2251 DEB
1 33813U 93036BE  16093.94380780 +.00002502 +00000-0 +38183-3 0  9992
2 33813 074.0482 065.2777 0097974 337.6871 085.3339 14.71208480381053
0 COSMOS 2251 DEB
1 33813U 93036BE  16094.01207603  .00002510  00000-0  38305-3 0  9998
2 33813  74.0483  65.1451 0097977 337.5368  86.9063 14.71208808381139
0 COSMOS 2251 DEB
1 33813U 93036BE  16094.96205126 +.00002318 +00000-0 +35422-3 0  9993
2 33813 074.0484 063.3006 0097998 335.4732 078.2853 14.71212482381203
0 COSMOS 2251 DEB
1 33813U 93036BE  16095.03305066  .00002317  00000-0  35407-3 0  9998
2 33813  74.0484  63.1628 0098000 335.3168  94.3240 14.71212769381283
0 COSMOS 2251 DEB
1 33813U 93036BE  16095.38986775 +.00002433 +00000-0 +37147-3 0  9990
2 33813 074.0485 062.4700 0098011 334.5359 184.1548 14.71214793381268
0 COSMOS 2251 DEB
1 33813U 93036BE  16096.33504134  .00002307  00000-0  35242-3 0  9995
2 33813  74.0487  60.6349 0098031 332.4826 150.1240 14.71218694381476
0 COSMOS 2251 DEB
1 33813U 93036BE  16097.00417166 +.00002322 +00000-0 +35470-3 0  9998
2 33813 074.0489 059.3357 0098045 331.0236 094.0883 14.71222187381502
0 COSMOS 2251 DEB
1 33813U 93036BE  16097.36103904  .00002242  00000-0  34266-3 0  9992
2 33813  74.0490  58.6429 0098052 330.2408 184.1992 14.71223705381628
0 COSMOS 2251 DEB
1 33813U 93036BE  16097.95410234 +.00002178 +00000-0 +33308-3 0  9998
2 33813 074.0492 057.4915 0098056 328.9566 085.2853 14.71226507381642
0 COSMOS 2251 DEB
1 33813U 93036BE  16098.97580179  .00002220  00000-0  33930-3 0  9996
2 33813  74.0495  55.5079 0098059 326.7364  96.6090 14.71231326381868
0 COSMOS 2251 DEB
1 33813U 93036BE  16098.97580179 +.00002220 +00000-0 +33930-3 0  9996
2 33813 074.0495 055.5079 0098059 326.7364 096.6090 14.71231326381790
0 COSMOS 2251 DEB
1 33813U 93036BE  16099.92596409 +.00002232 +00000-0 +34111-3 0  9990
2 33813 074.0498 053.6632 0098070 324.6623 089.0722 14.71236085381936
0 COSMOS 2251 DEB
1 33813U 93036BE  16100.35365519  .00002117  00000-0  32374-3 0  9997
2 33813  74.0499  52.8330 0098086 323.7321 194.3059 14.71237613382061
0 COSMOS 2251 DEB
1 33813U 93036BE  16100.94739308 +.00002139 +00000-0 +32701-3 0  9991
2 33813 074.0500 051.6804 0098090 322.4493 098.9916 14.71240504382084
0 COSMOS 2251 DEB
1 33813U 93036BE  16101.89786410  .00001959  00000-0  29997-3 0  9994
2 33813  74.0501  49.8352 0098111 320.3820  93.1093 14.71244200382290
0 COSMOS 2251 DEB
1 33813U 93036BE  16102.91970141  .00002061  00000-0  31525-3 0  9999
2 33813  74.0501  47.8514 0098123 318.1536 105.2346 14.71248685382444
0 COSMOS 2251 DEB
1 33813U 93036BE  16102.91970141 +.00002061 +00000-0 +31525-3 0  9999
2 33813 074.0501 047.8514 0098123 318.1536 105.2346 14.71248685382376
0 COSMOS 2251 DEB
1 33813U 93036BE  16103.87274086 +.00002434 +00000-0 +37130-3 0  9992
2 33813 074.0500 046.0012 0098132 316.0781 112.9843 14.71253499382510
0 COSMOS 2251 DEB
1 33813U 93036BE  16104.22217020  .00002838  00000-0  43187-3 0  9994
2 33813  74.0500  45.3228 0098134 315.3163 163.7358 14.71256413382636
0 COSMOS 2251 DEB
1 33813U 93036BE  16104.88989734 +.00002818 +00000-0 +42890-3 0  9992
2 33813 074.0501 044.0264 0098141 313.8416 100.3735 14.71259599382662
0 COSMOS 2251 DEB
1 33813U 93036BE  16105.24247429  .00002728  00000-0  41526-3 0  9996
2 33813  74.0500  43.3418 0098138 313.0810 167.7941 14.71261065382780
0 COSMOS 2251 DEB
1 33813U 93036BE  16105.91075505 +.00002828 +00000-0 +43035-3 0  9992
2 33813 074.0501 042.0444 0098140 311.6372 107.3473 14.71265133382810
0 COSMOS 2251 DEB
1 33813U 93036BE  16106.26230957  .00002551  00000-0  38872-3 0  9991
2 33813  74.0501  41.3618 0098145 310.8682 169.3700 14.71266147382935
0 COSMOS 2251 DEB
1 33813U 93036BE  16106.93223885 +.00002274 +00000-0 +34708-3 0  9993
2 33813 074.0502 040.0612 0098132 309.4123 117.6734 14.71268882382960
0 COSMOS 2251 DEB
1 33813U 93036BE  16107.88310624  .00002144  00000-0  32758-3 0  9995
2 33813  74.0503  38.2150 0098122 307.3398 113.9941 14.71273252383177
0 COSMOS 2251 DEB
1 33813U 93036BE  16108.90414200  .00002108  00000-0  32210-3 0  9997
2 33813  74.0506  36.2328 0098115 305.1217 121.9750 14.71277981383320
0 COSMOS 2251 DEB
1 33813U 93036BE  16109.92623751 +.00001876 +00000-0 +28737-3 0  9993
2 33813 074.0507 034.2482 0098120 302.8887 135.5956 14.71281608383402
0 COSMOS 2251 DEB
1 33813U 93036BE  16110.21197626  .00001893  00000-0  28979-3 0  9991
2 33813  74.0508  33.6937 0098110 302.2717 209.0319 14.71282798383519
0 COSMOS 2251 DEB
1 33813U 93036BE  16110.87482292 +.00001609 +00000-0 +24723-3 0  9997
2 33813 074.0510 032.4068 0098109 300.8271 119.8639 14.71284479383545
0 COSMOS 2251 DEB
1 33813U 93036BE  16111.23231911  .00001365  00000-0  21054-3 0  9991
2 33813  74.0510  31.7127 0098105 300.0567 213.3702 14.71284941383667
0 COSMOS 2251 DEB
1 33813U 93036BE  16111.89650149 +.00001289 +00000-0 +19921-3 0  9996
2 33813 074.0511 030.4233 0098095 298.6118 131.2816 14.71286956383699
0 COSMOS 2251 DEB
1 33813U 93036BE  16112.77962751  .00001412  00000-0  21761-3 0  9992
2 33813  74.0499  28.7088 0098065 296.6872 128.8566 14.71289124383890
0 COSMOS 2251 DEB
1 33813U 93036BE  16112.84639220 +.00001406 +00000-0 +21679-3 0  9993
2 33813 074.0500 028.5792 0098065 296.5411 122.4845 14.71289322383835
0 COSMOS 2251 DEB
1 33813U 93036BE  16113.86838407  .00001238  00000-0  19160-3 0  9999
2 33813  74.0499  26.5950 0098055 294.3187 135.5848 14.71291508384053
0 COSMOS 2251 DEB
1 33813U 93036BE  16114.81741598 +.00001134 +00000-0 +17593-3 0  9992
2 33813 074.0499 024.7524 0098049 292.2494 122.2578 14.71293572384125
0 COSMOS 2251 DEB
1 33813U 93036BE  16115.17018738  .00001067  00000-0  16582-3 0  9997
2 33813  74.0499  24.0675 0098041 291.4836 190.7572 14.71294141384248
0 COSMOS 2251 DEB
1 33813U 93036BE  16115.83880571 +.00001081 +00000-0 +16803-3 0  9994
2 33813 074.0499 022.7694 0098052 290.0299 132.1853 14.71295923384278
0 COSMOS 2251 DEB
1 33813U 93036BE  16116.19591409  .00001096  00000-0  17021-3 0  9992
2 33813  74.0499  22.0761 0098047 289.2533 223.6599 14.71296845384391
0 COSMOS 2251 DEB
1 33813U 93036BE  16116.86086581 +.00001037 +00000-0 +16137-3 0  9998
2 33813 074.0498 020.7850 0098046 287.8041 145.6752 14.71298104384429
0 COSMOS 2251 DEB
1 33813U 93036BE  16117.88237073  .00001009  00000-0  15721-3 0  9992
2 33813  74.0498  18.8017 0098037 285.5736 156.2409 14.71300430384645
0 COSMOS 2251 DEB
1 33813U 93036BE  16118.83147475 +.00001012 +00000-0 +15753-3 0  9993
2 33813 074.0497 016.9590 0098013 283.5023 143.3291 14.71302661384712
0 COSMOS 2251 DEB
1 33813U 93036BE  16119.18225721  .00001027  00000-0  15986-3 0  9997
2 33813  74.0497  16.2779 0097994 282.7449 201.3012 14.71303574384837
0 COSMOS 2251 DEB
1 33813U 93036BE  16119.78261655 +.00001106 +00000-0 +17168-3 0  9991
2 33813 074.0496 015.1122 0097990 281.4331 141.2136 14.71305496384854
0 COSMOS 2251 DEB
1 33813U 93036BE  16120.80252234  .00001131  00000-0  17540-3 0  9991
2 33813  74.0495  13.1320 0097971 279.2161 143.3231 14.71307985385075
0 COSMOS 2251 DEB
1 33813U 93036BE  16121.82406782  .00001149  00000-0  17808-3 0  9999
2 33813  74.0494  11.1485 0097953 276.9896 154.1332 14.71310511385221
0 COSMOS 2251 DEB
1 33813U 93036BE  16122.77376981 +.00001189 +00000-0 +18420-3 0  9996
2 33813 074.0493 009.3046 0097920 274.9102 144.4307 14.71313138385293
0 COSMOS 2251 DEB
1 33813U 93036BE  16123.13145880  .00001326  00000-0  20471-3 0  9991
2 33813  74.0493   8.6101 0097914 274.1337 239.0029 14.71314843385412
0 COSMOS 2251 DEB
1 33813U 93036BE  16123.79647370 +.00001307 +00000-0 +20183-3 0  9993
2 33813 074.0493 007.3188 0097883 272.6802 161.4030 14.71316700385445
0 COSMOS 2251 DEB
1 33813U 93036BE  16124.15195516  .00001324  00000-0  20435-3 0  9993
2 33813  74.0493   6.6286 0097875 271.9061 244.2863 14.71317662385561
0 COSMOS 2251 DEB
1 33813U 93036BE  16125.76639887  .00001248  00000-0  19297-3 0  9994
2 33813  74.0491   3.4937 0097822 268.3779 155.5691 14.71321887385809
0 COSMOS 2251 DEB
1 33813U 93036BE  16126.78819395  .00001148  00000-0  17800-3 0  9998
2 33813  74.0490   1.5096 0097820 266.1514 167.7537 14.71324236385955
0 COSMOS 2251 DEB
1 33813U 93036BE  16127.73792507 +.00001129 +00000-0 +17512-3 0  9998
2 33813 074.0489 359.6655 0097798 264.0767 158.2505 14.71326911386023
0 COSMOS 2251 DEB
1 33813U 93036BE  16128.09695623  .00001130  00000-0  17522-3 0  9992
2 33813  74.0488 358.9683 0097788 263.2930 259.9537 14.71327944386141
0 COSMOS 2251 DEB
1 33813U 93036BE  16128.76003141 +.00001152 +00000-0 +17850-3 0  9992
2 33813 074.0487 357.6807 0097774 261.8402 172.1161 14.71330054386175
0 COSMOS 2251 DEB
1 33813U 93036BE  16129.10972519  .00001137  00000-0  17628-3 0  9991
2 33813  74.0487 357.0017 0097769 261.0714 224.3701 14.71330933386293
0 COSMOS 2251 DEB
1 33813U 93036BE  16129.70986832 +.00001314 +00000-0 +20289-3 0  9994
2 33813 074.0486 355.8363 0097751 259.7584 163.2022 14.71333803386311
0 COSMOS 2251 DEB
1 33813U 93036BE  16130.33207328  .00001129  00000-0  17514-3 0  9992
2 33813  74.0485 354.6282 0097736 258.4134 218.8773 14.71334679386476
0 COSMOS 2251 DEB
1 33813U 93036BE  16130.73034512 +.00001147 +00000-0 +17780-3 0  9994
2 33813 074.0485 353.8548 0097729 257.5472 168.4389 14.71336021386464
0 COSMOS 2251 DEB
1 33813U 93036BE  16131.75239263  .00001412  00000-0  21744-3 0  9997
2 33813  74.0484 351.8702 0097693 255.2983 182.0437 14.71340686386687
0 COSMOS 2251 DEB
1 33813U 93036BE  16131.96402564 +.00001339 +00000-0 +20661-3 0  9991
2 33813 074.0484 351.4592 0097681 254.8439 223.0141 14.71340831386644
0 COSMOS 2251 DEB
1 33813U 93036BE  16132.70138182 +.00001283 +00000-0 +19823-3 0  9992
2 33813 074.0484 350.0272 0097662 253.2276 168.6562 14.71342619386754
0 COSMOS 2251 DEB
1 33813U 93036BE  16132.98451362  .00001198  00000-0  18547-3 0  9997
2 33813  74.0484 349.4775 0097664 252.5998 228.3638 14.71343003386867
0 COSMOS 2251 DEB
1 33813U 93036BE  16133.93560152 +.00001081 +00000-0 +16790-3 0  9990
2 33813 074.0482 347.6306 0097643 250.5235 226.1055 14.71344987386933
0 COSMOS 2251 DEB
1 33813U 93036BE  16134.01178671  .00001084  00000-0  16825-3 0  9993
2 33813  74.0483 347.4827 0097632 250.3294 269.6741 14.71345260387010
0 COSMOS 2251 DEB
1 33813U 93036BE  16134.95596932 +.00001081 +00000-0 +16783-3 0  9990
2 33813 074.0481 345.6491 0097612 248.2863 230.8297 14.71347664387084
0 COSMOS 2251 DEB
1 33813U 93036BE  16135.03013058  .00001078  00000-0  16742-3 0  9994
2 33813  74.0481 345.5050 0097607 248.1363 263.6377 14.71347845387165
0 COSMOS 2251 DEB
1 33813U 93036BE  16135.97575598 +.00001113 +00000-0 +17271-3 0  9997
2 33813 074.0480 343.6686 0097591 246.0695 232.4667 14.71350454387239
0 COSMOS 2251 DEB
1 33813U 93036BE  16136.71515547  .00001277  00000-0  19724-3 0  9994
2 33813  74.0480 342.2327 0097579 244.4521 188.9561 14.71353118387410
0 COSMOS 2251 DEB
1 33813U 93036BE  16137.94724539 +.00001544 +00000-0 +23724-3 0  9995
2 33813 074.0480 339.8401 0097553 241.7263 235.2036 14.71357959387522
0 COSMOS 2251 DEB
1 33813U 93036BE  16138.01606244  .00001542  00000-0  23692-3 0  9998
2 33813  74.0480 339.7064 0097551 241.5756 239.7188 14.71358132387609
0 COSMOS 2251 DEB
1 33813U 93036BE  16138.96802324 +.00001497 +00000-0 +23014-3 0  9996
2 33813 074.0479 337.8577 0097532 239.4876 242.1375 14.71360178387679
0 COSMOS 2251 DEB
1 33813U 93036BE  16139.56891272  .00001476  00000-0  22703-3 0  9994
2 33813  74.0479 336.6907 0097512 238.1654 184.9852 14.71361675387835
0 COSMOS 2251 DEB
1 33813U 93036BE  16139.63624345 +.00001476 +00000-0 +22700-3 0  9994
2 33813 074.0479 336.5599 0097515 238.0156 181.6309 14.71361859387778
0 COSMOS 2251 DEB
1 33813U 93036BE  16140.58727928 +.00001441 +00000-0 +22179-3 0  9993
2 33813 074.0479 334.7129 0097482 235.9455 179.1540 14.71364391387917
0 COSMOS 2251 DEB
1 33813U 93036BE  16140.65755221  .00001442  00000-0  22192-3 0  9994
2 33813  74.0479 334.5765 0097488 235.7851 191.3893 14.71364606387999
0 COSMOS 2251 DEB
1 33813U 93036BE  16141.96725602 +.00001423 +00000-0 +21899-3 0  9991
2 33813 074.0477 332.0329 0097461 232.9285 288.7523 14.71368078388110
0 COSMOS 2251 DEB
1 33813U 93036BE  16142.23110220  .00001403  00000-0  21600-3 0  9994
2 33813  74.0477 331.5204 0097447 232.3579 246.3146 14.71368686388228
0 COSMOS 2251 DEB
1 33813U 93036BE  16142.91052966 +.00001363 +00000-0 +20999-3 0  9996
2 33813 074.0476 330.2010 0097433 230.8740 245.1822 14.71370420388256
0 COSMOS 2251 DEB
1 33813U 93036BE  16143.57902995  .00001400  00000-0  21559-3 0  9990
2 33813  74.0476 328.9028 0097409 229.4176 186.1694 14.71372490388428
0 COSMOS 2251 DEB
1 33813U 93036BE  16143.93148628 +.00001358 +00000-0 +20934-3 0  9993
2 33813 074.0477 328.2184 0097418 228.6377 253.1131 14.71373192388408
0 COSMOS 2251 DEB
1 33813U 93036BE  16144.88296966  .00001191  00000-0  18426-3 0  9995
2 33813  74.0476 326.3704 0097383 226.5611 253.0482 14.71374672388618
0 COSMOS 2251 DEB
1 33813U 93036BE  16144.95158738 +.00001188 +00000-0 +18380-3 0  9992
2 33813 074.0476 326.2372 0097382 226.4100 256.5129 14.71374840388555
0 COSMOS 2251 DEB
1 33813U 93036BE  16145.90236600  .00001060  00000-0  16457-3 0  9995
2 33813  74.0476 324.3907 0097348 224.3366 252.7217 14.71376511388767
0 COSMOS 2251 DEB
1 33813U 93036BE  16146.92340144  .00001180  00000-0  18262-3 0  9996
2 33813  74.0476 322.4077 0097321 222.1093 261.0843 14.71379541388919
0 COSMOS 2251 DEB
1 33813U 93036BE  16147.94347369  .00001115  00000-0  17286-3 0  9998
2 33813  74.0476 320.4266 0097319 219.8716 264.3661 14.71381551389064
0 COSMOS 2251 DEB
1 33813U 93036BE  16147.94347369 +.00001115 +00000-0 +17286-3 0  9998
2 33813 074.0476 320.4266 0097319 219.8716 264.3661 14.71381551388995
0 COSMOS 2251 DEB
1 33813U 93036BE  16148.90048784 +.00001094 +00000-0 +16969-3 0  9997
2 33813 074.0476 318.5680 0097302 217.7794 293.6330 14.71383670389137
0 COSMOS 2251 DEB
1 33813U 93036BE  16149.16684176  .00001094  00000-0  16964-3 0  9992
2 33813  74.0476 318.0507 0097295 217.1976 264.5006 14.71384306389243
0 COSMOS 2251 DEB
1 33813U 93036BE  16149.92081065 +.00001259 +00000-0 +19445-3 0  9994
2 33813 074.0476 316.5864 0097282 215.5487 298.2543 14.71387027389284
0 COSMOS 2251 DEB
1 33813U 93036BE  16150.51416541  .00001270  00000-0  19599-3 0  9995
2 33813  74.0477 315.4341 0097260 214.2487 201.2452 14.71388590389442
0 COSMOS 2251 DEB
1 33813U 93036BE  16150.86693814 +.00001290 +00000-0 +19901-3 0  9992
2 33813 074.0477 314.7491 0097254 213.4762 269.8779 14.71389555389422
0 COSMOS 2251 DEB
1 33813U 93036BE  16151.53501013  .00001405  00000-0  21629-3 0  9994
2 33813  74.0477 313.4515 0097236 212.0140 208.6526 14.71392092389599
0 COSMOS 2251 DEB
1 33813U 93036BE  16151.89211713 +.00001390 +00000-0 +21401-3 0  9999
2 33813 074.0477 312.7580 0097233 211.2371 300.2428 14.71392935389571
0 COSMOS 2251 DEB
1 33813U 93036BE  16152.55707480  .00001388  00000-0  21372-3 0  9998
2 33813  74.0477 311.4666 0097222 209.7821 222.5258 14.71394802389743
0 COSMOS 2251 DEB
1 33813U 93036BE  16152.91286637 +.00001419 +00000-0 +21829-3 0  9996
2 33813 074.0478 310.7756 0097215 209.0097 307.1512 14.71396001389720
0 COSMOS 2251 DEB
1 33813U 93036BE  16153.85825248  .00001397  00000-0  21497-3 0  9993
2 33813  74.0478 308.9396 0097191 206.9460 274.8718 14.71398665389931
0 COSMOS 2251 DEB
1 33813U 93036BE  16154.88409399  .00001434  00000-0  22059-3 0  9999
2 33813  74.0479 306.9473 0097136 204.7058 308.7797 14.71402087390080
0 COSMOS 2251 DEB
1 33813U 93036BE  16155.82958765 +.00001655 +00000-0 +25362-3 0  9995
2 33813 074.0479 305.1111 0097100 202.6393 277.0935 14.71406150390155
0 COSMOS 2251 DEB
1 33813U 93036BE  16156.49827444  .00001684  00000-0  25803-3 0  9990
2 33813  74.0480 303.8125 0097067 201.1767 219.1591 14.71408399390329
0 COSMOS 2251 DEB
1 33813U 93036BE  16156.85725037 +.00001688 +00000-0 +25856-3 0  9997
2 33813 074.0480 303.1153 0097043 200.3928 320.6728 14.71409542390306
0 COSMOS 2251 DEB
1 33813U 93036BE  16157.51942644  .00001624  00000-0  24893-3 0  9996
2 33813  74.0480 301.8294 0097031 198.9460 228.2559 14.71411210390475
0 COSMOS 2251 DEB
1 33813U 93036BE  16157.87638720 +.00001742 +00000-0 +26670-3 0  9998
2 33813 074.0480 301.1361 0097019 198.1705 319.0972 14.71413071390456
0 COSMOS 2251 DEB
1 33813U 93036BE  16158.54113928  .00001680  00000-0  25743-3 0  9992
2 33813  74.0480 299.8451 0097008 196.7156 240.3361 14.71414761390625
0 COSMOS 2251 DEB
1 33813U 93036BE  16158.82704840 +.00001705 +00000-0 +26109-3 0  9997
2 33813 074.0481 299.2898 0096981 196.0864 314.8230 14.71415806390592
0 COSMOS 2251 DEB
1 33813U 93036BE  16159.84747259  .00001512  00000-0  23220-3 0  9998
2 33813  74.0482 297.3080 0096955 193.8558 320.0912 14.71417797390813
0 COSMOS 2251 DEB
1 33813U 93036BE  16160.44086618 +.00001564 +00000-0 +23993-3 0  9995
2 33813 074.0482 296.1556 0096941 192.5609 223.3511 14.71420081390838
0 COSMOS 2251 DEB
1 33813U 93036BE  16161.46163354  .00001417  00000-0  21792-3 0  9993
2 33813  74.0483 294.1731 0096908 190.3324 230.4528 14.71422346391053
0 COSMOS 2251 DEB
1 33813U 93036BE  16162.48292948  .00001348  00000-0  20765-3 0  9990
2 33813  74.0484 292.1897 0096869 188.1004 240.3695 14.71425140391208
0 COSMOS 2251 DEB
1 33813U 93036BE  16162.83968647 +.00001309 +00000-0 +20170-3 0  9992
2 33813 074.0484 291.4969 0096850 187.3192 330.1548 14.71426022391181
0 COSMOS 2251 DEB
1 33813U 93036BE  16163.78499752  .00001402  00000-0  21573-3 0  9995
2 33813  74.0484 289.6611 0096813 185.2464 297.5931 14.71429477391394
0 COSMOS 2251 DEB
1 33813U 93036BE  16164.81091762  .00001372  00000-0  21108-3 0  9999
2 33813  74.0484 287.6686 0096776 183.0078 332.0283 14.71432490391540
0 COSMOS 2251 DEB
1 33813U 93036BE  16165.40415593 +.00001413 +00000-0 +21732-3 0  9996
2 33813 074.0484 286.5165 0096745 181.7121 234.4981 14.71434603391560
0 COSMOS 2251 DEB
1 33813U 93036BE  16166.42513855  .00001477  00000-0  22681-3 0  9993
2 33813  74.0484 284.5338 0096701 179.4770 242.8040 14.71438006391780
0 COSMOS 2251 DEB
1 33813U 93036BE  16166.78206993 +.00001469 +00000-0 +22570-3 0  9992
2 33813 074.0484 283.8407 0096689 178.6998 333.5244 14.71439034391761
0 COSMOS 2251 DEB
1 33813U 93036BE  16167.44681403  .00001543  00000-0  23668-3 0  9991
2 33813  74.0484 282.5497 0096658 177.2425 254.7922 14.71441624391936
0 COSMOS 2251 DEB
1 33813U 93036BE  16167.80300970 +.00001584 +00000-0 +24293-3 0  9998
2 33813 074.0486 281.8581 0096628 176.4468 341.6410 14.71443027391914
0 COSMOS 2251 DEB
1 33813U 93036BE  16168.75576064  .00001693  00000-0  25917-3 0  9997
2 33813  74.0486 280.0079 0096585 174.3652 348.5383 14.71446806392128
0 COSMOS 2251 DEB
1 33813U 93036BE  16169.77526535  .00001440  00000-0  22132-3 0  9994
2 33813  74.0486 278.0281 0096529 172.1287 349.0594 14.71448713392273
0 COSMOS 2251 DEB
1 33813U 93036BE  16170.72510334 +.00001483 +00000-0 +22773-3 0  9999
2 33813 074.0486 276.1834 0096491 170.0511 340.5476 14.71451969392341
0 COSMOS 2251 DEB
1 33813U 93036BE  16171.38883690  .00001424  00000-0  21891-3 0  9995
2 33813  74.0486 274.8944 0096460 168.5964 256.4895 14.71453724392518
0 COSMOS 2251 DEB
1 33813U 93036BE  16171.73933801 +.00001384 +00000-0 +21294-3 0  9996
2 33813 074.0486 274.2137 0096437 167.8278 313.1734 14.71454600392494
0 COSMOS 2251 DEB
1 33813U 93036BE  16172.76734630  .00001251  00000-0  19301-3 0  9998
2 33813  74.0485 272.2173 0096394 165.5705 358.7742 14.71456898392713
0 COSMOS 2251 DEB
1 33813U 93036BE  16173.35961981 +.00001180 +00000-0 +18234-3 0  9990
2 33813 074.0484 271.0670 0096368 164.2703 256.1891 14.71458153392730
0 COSMOS 2251 DEB
1 33813U 93036BE  16174.38107123  .00001083  00000-0  16785-3 0  9995
2 33813  74.0485 269.0834 0096301 162.0264 267.0714 14.71460340392955
0 COSMOS 2251 DEB
1 33813U 93036BE  16174.73147590 +.00001048 +00000-0 +16253-3 0  9997
2 33813 074.0485 268.4030 0096290 161.2434 323.2678 14.71461054392938
0 COSMOS 2251 DEB
1 33813U 93036BE  16175.68240870  .00001002  00000-0  15565-3 0  9992
2 33813  74.0485 266.5562 0096251 159.1567 320.6051 14.71463233393148
0 COSMOS 2251 DEB
1 33813U 93036BE  16176.70849074  .00000996  00000-0  15467-3 0  9999
2 33813  74.0485 264.5636 0096191 156.8925 356.0475 14.71465684393294
0 COSMOS 2251 DEB
1 33813U 93036BE  16177.65318074 +.00000912 +00000-0 +14216-3 0  9994
2 33813 074.0484 262.7289 0096151 154.8178 320.3305 14.71467396393367
0 COSMOS 2251 DEB
1 33813U 93036BE  16178.32292182  .00000906  00000-0  14125-3 0  9992
2 33813  74.0484 261.4283 0096104 153.3483 268.1363 14.71468890393530
0 COSMOS 2251 DEB
1 33813U 93036BE  16178.68126204 +.00000882 +00000-0 +13766-3 0  9995
2 33813 074.0485 260.7325 0096080 152.5516 006.3764 14.71469548393517
0 COSMOS 2251 DEB
1 33813U 93036BE  16179.62520182  .00000877  00000-0  13689-3 0  9991
2 33813  74.0484 258.8994 0096027 150.4681 326.7105 14.71471628393720
0 COSMOS 2251 DEB
1 33813U 93036BE  16180.64576176  .00000793  00000-0  12425-3 0  9993
2 33813  74.0483 256.9173 0095984 148.2225 332.9226 14.71473251393870
0 COSMOS 2251 DEB
1 33813U 93036BE  16181.67242443  .00000755  00000-0  11867-3 0  9991
2 33813  74.0481 254.9235 0095922 145.9664  11.4666 14.71475066394029
0 COSMOS 2251 DEB
1 33813U 93036BE  16182.62294050 +.00000750 +00000-0 +11782-3 0  9999
2 33813 074.0480 253.0775 0095868 143.8707 006.6509 14.71476747394097
0 COSMOS 2251 DEB
1 33813U 93036BE  16183.21815407  .00000796  00000-0  12479-3 0  9994
2 33813  74.0479 251.9216 0095835 142.5560 279.6910 14.71478057394251
0 COSMOS 2251 DEB
1 33813U 93036BE  16183.63714894 +.00000808 +00000-0 +12648-3 0  9990
2 33813 074.0479 251.1078 0095817 141.6273 339.2478 14.71478836394246
0 COSMOS 2251 DEB
1 33813U 93036BE  16184.23676192  .00000781  00000-0  12255-3 0  9999
2 33813  74.0478 249.9433 0095789 140.3017 275.5964 14.71479649394408
0 COSMOS 2251 DEB
1 33813U 93036BE  16184.65758817 +.00000787 +00000-0 +12337-3 0  9997
2 33813 074.0478 249.1259 0095770 139.3702 344.8560 14.71480375394393
0 COSMOS 2251 DEB
1 33813U 93036BE  16185.25753870  .00000799  00000-0  12517-3 0  9991
2 33813  74.0477 247.9608 0095745 138.0396 283.0020 14.71481453394554
0 COSMOS 2251 DEB
1 33813U 93036BE  16185.61456571 +.00000730 +00000-0 +11489-3 0  9991
2 33813 074.0477 247.2674 0095727 137.2476 014.2971 14.71481557394532
0 COSMOS 2251 DEB
1 33813U 93036BE  16186.55981984  .00000684  00000-0  10797-3 0  9995
2 33813  74.0477 245.4316 0095679 135.1585 341.6333 14.71482787394747
0 COSMOS 2251 DEB
1 33813U 93036BE  16186.63480078 +.00000685 +00000-0 +10811-3 0  9990
2 33813 074.0476 245.2860 0095671 134.9895 018.8367 14.71482919394681
0 COSMOS 2251 DEB
1 33813U 93036BE  16187.85247834  .00000631  00000-0  10007-3 0  9994
2 33813  74.0475 242.9211 0095622 132.2900 349.3080 14.71484440394931
0 COSMOS 2251 DEB
1 33813U 93036BE  16188.60019450 +.00000677 +00000-0 +10684-3 0  9990
2 33813 074.0474 241.4689 0095581 130.6348 350.2279 14.71485763394979
0 COSMOS 2251 DEB
1 33813U 93036BE  16189.19978778  .00000660  00000-0  10435-3 0  9998
2 33813  74.0474 240.3044 0095555 129.3086 286.4895 14.71486615395137
0 COSMOS 2251 DEB
1 33813U 93036BE  16189.62061659 +.00000713 +00000-0 +11225-3 0  9994
2 33813 074.0473 239.4870 0095530 128.3731 355.7779 14.71487565395126
0 COSMOS 2251 DEB
1 33813U 93036BE  16190.22050568  .00000818  00000-0  12807-3 0  9992
2 33813  74.0472 238.3220 0095502 127.0407 293.6188 14.71489248395288
0 COSMOS 2251 DEB
1 33813U 93036BE  16190.57102939 +.00000829 +00000-0 +12964-3 0  9996
2 33813 074.0472 237.6412 0095484 126.2618 350.4770 14.71489901395260
0 COSMOS 2251 DEB
1 33813U 93036BE  16191.59780293  .00000972  00000-0  15109-3 0  9997
2 33813  74.0470 235.6470 0095433 123.9855  29.6907 14.71492620395484
0 COSMOS 2251 DEB
1 33813U 93036BE  16192.81515196  .00001057  00000-0  16386-3 0  9994
2 33813  74.0469 233.2827 0095389 121.2823 358.4723 14.71495599395665
0 COSMOS 2251 DEB
1 33813U 93036BE  16193.06963031 +.00001108 +00000-0 +17157-3 0  9991
2 33813 074.0469 232.7885 0095376 120.7170 266.5492 14.71496569395635
0 COSMOS 2251 DEB
1 33813U 93036BE  16194.09057435  .00001165  00000-0  18015-3 0  9994
2 33813  74.0467 230.8055 0095341 118.4456 274.9115 14.71499164395857
0 COSMOS 2251 DEB
1 33813U 93036BE  16195.11015225  .00001234  00000-0  19038-3 0  9992
2 33813  74.0466 228.8253 0095306 116.1791 276.0451 14.71501965396008
0 COSMOS 2251 DEB
1 33813U 93036BE  16195.54202380 +.00001276 +00000-0 +19670-3 0  9997
2 33813 074.0466 227.9865 0095286 115.2164 043.8558 14.71503214395992
0 COSMOS 2251 DEB
1 33813U 93036BE  16196.56214853  .00001432  00000-0  22009-3 0  9992
2 33813  74.0466 226.0051 0095249 112.9448  47.9050 14.71506679396213
0 COSMOS 2251 DEB
1 33813U 93036BE  16197.77783714  .00001412  00000-0  21717-3 0  9996
2 33813  74.0463 223.6437 0095218 110.2276   7.9654 14.71509744396398
0 COSMOS 2251 DEB
1 33813U 93036BE  16198.52700638 +.00001346 +00000-0 +20723-3 0  9996
2 33813 074.0463 222.1886 0095192 108.5559 016.6656 14.71511527396431
0 COSMOS 2251 DEB
1 33813U 93036BE  16199.12579581  .00001180  00000-0  18233-3 0  9993
2 33813  74.0463 221.0256 0095178 107.2356 308.7139 14.71511913396592
0 COSMOS 2251 DEB
1 33813U 93036BE  16199.48350100 +.00001234 +00000-0 +19047-3 0  9990
2 33813 074.0464 220.3309 0095161 106.4409 043.6435 14.71513048396579
0 COSMOS 2251 DEB
1 33813U 93036BE  16200.14689609  .00001178  00000-0  18202-3 0  9994
2 33813  74.0463 219.0424 0095146 104.9725 317.9519 14.71514402396742
0 COSMOS 2251 DEB
1 33813U 93036BE  16200.49771588 +.00001160 +00000-0 +17931-3 0  9999
2 33813 074.0462 218.3609 0095137 104.1929 016.4103 14.71515162396728
0 COSMOS 2251 DEB
1 33813U 93036BE  16201.51814712  .00000958  00000-0  14895-3 0  9990
2 33813  74.0464 216.3790 0095110 101.9028  22.1439 14.71516552396949
0 COSMOS 2251 DEB
1 33813U 93036BE  16202.46856019 +.00001041 +00000-0 +16142-3 0  9992
2 33813 074.0464 214.5331 0095089 099.7858 016.9507 14.71519356397011
0 COSMOS 2251 DEB
1 33813U 93036BE  16203.06967866  .00001016  00000-0  15771-3 0  9991
2 33813  74.0464 213.3655 0095086  98.4553 321.3662 14.71520650397173
0 COSMOS 2251 DEB
1 33813U 93036BE  16203.48930748 +.00000997 +00000-0 +15486-3 0  9996
2 33813 074.0464 212.5505 0095075 097.5173 024.3540 14.71521505397168
0 COSMOS 2251 DEB
1 33813U 93036BE  16204.44078884  .00000941  00000-0  14640-3 0  9997
2 33813  74.0464 210.7024 0095063  95.3881  24.8428 14.71523339397373
0 COSMOS 2251 DEB
1 33813U 93036BE  16204.96667646 +.00001008 +00000-0 +15652-3 0  9993
2 33813 074.0463 209.6810 0095062 094.2212 290.7346 14.71524847397386
0 COSMOS 2251 DEB
1 33813U 93036BE  16205.46705568  .00000933  00000-0  14524-3 0  9998
2 33813  74.0463 208.7090 0095060  93.0976  61.5103 14.71525491397525
0 COSMOS 2251 DEB
1 33813U 93036BE  16206.41933897 +.00000935 +00000-0 +14555-3 0  9998
2 33813 074.0462 206.8591 0095064 090.9720 066.2559 14.71527537397593
0 COSMOS 2251 DEB
1 33813U 93036BE  16207.00792560  .00000856  00000-0  13372-3 0  9992
2 33813  74.0462 205.7159 0095069  89.6556 304.3139 14.71528313397759
0 COSMOS 2251 DEB
1 33813U 93036BE  16207.95856259 +.00001139 +00000-0 +17606-3 0  9991
2 33813 074.0462 203.8695 0095050 087.5309 300.3565 14.71532089397828
0 COSMOS 2251 DEB
1 33813U 93036BE  16208.03411321  .00001133  00000-0  17520-3 0  9997
2 33813  74.0462 203.7226 0095066  87.3760 340.5755 14.71532219397904
0 COSMOS 2251 DEB
1 33813U 93036BE  16208.45208779 +.00000854 +00000-0 +13343-3 0  9992
2 33813 074.0461 202.9107 0095070 086.4401 034.8083 14.71531075397893
0 COSMOS 2251 DEB
1 33813U 93036BE  16209.05158653  .00000905  00000-0  14104-3 0  9997
2 33813  74.0462 201.7462 0095074  85.1040 330.6775 14.71532526398050
0 COSMOS 2251 DEB
1 33813U 93036BE  16210.07334279  .00000900  00000-0  14019-3 0  9991
2 33813  74.0463 199.7616 0095143  82.8360 343.4649 14.71534143398200
0 COSMOS 2251 DEB
1 33813U 93036BE  16210.42332699 +.00000865 +00000-0 +13501-3 0  9999
2 33813 074.0464 199.0818 0095085 082.0346 037.5438 14.71534514398185
0 COSMOS 2251 DEB
1 33813U 93036BE  16211.45020584  .00000798  00000-0  12504-3 0  9997
2 33813  74.0467 197.0876 0095098  79.7308  77.5026 14.71535910398408
0 COSMOS 2251 DEB
1 33813U 93036BE  16211.97048566 +.00000814 +00000-0 +12735-3 0  9999
2 33813 074.0468 196.0770 0095106 078.5724 313.7142 14.71536939398417
0 COSMOS 2251 DEB
1 33813U 93036BE  16212.92069374 +.00000745 +00000-0 +11706-3 0  9995
2 33813 074.0466 194.2311 0095126 076.4489 307.5031 14.71538028398557
0 COSMOS 2251 DEB
1 33813U 93036BE  16212.99446873  .00000742  00000-0  11662-3 0  9993
2 33813  74.0467 194.0878 0095141  76.2865 338.3286 14.71538134398638
0 COSMOS 2251 DEB
1 33813U 93036BE  16213.94200315 +.00000741 +00000-0 +11641-3 0  9994
2 33813 074.0468 192.2474 0095164 074.1774 317.9506 14.71539567398709
0 COSMOS 2251 DEB
1 33813U 93036BE  16214.36612807  .00000755  00000-0  11851-3 0  9992
2 33813  74.0469 191.4236 0095154  73.2300  44.7824 14.71540194398831
0 COSMOS 2251 DEB
1 33813U 93036BE  16215.38655389  .00000768  00000-0  12044-3 0  9996
2 33813  74.0470 189.4416 0095189  70.9513  50.5652 14.71541730398985
0 COSMOS 2251 DEB
1 33813U 93036BE  16216.34372287 +.00000916 +00000-0 +14262-3 0  9995
2 33813 074.0471 187.5826 0095191 068.8241 081.2386 14.71544116399052
0 COSMOS 2251 DEB
1 33813U 93036BE  16217.36374380  .00001049  00000-0  16249-3 0  9999
2 33813  74.0473 185.6015 0095232  66.5457  84.8934 14.71546625399272
0 COSMOS 2251 DEB
1 33813U 93036BE  16218.90521977  .00001058  00000-0  16382-3 0  9994
2 33813  74.0474 182.6075 0095314  63.1198 331.0021 14.71549631399502
0 COSMOS 2251 DEB
1 33813U 93036BE  16219.93023020 +.00001084 +00000-0 +16770-3 0  9994
2 33813 074.0475 180.6167 0095354 060.8493 001.0893 14.71551792399589
0 COSMOS 2251 DEB
1 33813U 93036BE  16219.99956644  .00001082  00000-0  16742-3 0  9994
2 33813  74.0475 180.4820 0095355  60.6923   8.4083 14.71551927399661
0 COSMOS 2251 DEB
1 33813U 93036BE  16220.94870713 +.00001143 +00000-0 +17658-3 0  9998
2 33813 074.0476 178.6383 0095381 058.5829 356.5865 14.71554432399732
0 COSMOS 2251 DEB
1 33813U 93036BE  16221.30647581  .00001204  00000-0  18569-3 0  9994
2 33813  74.0477 177.9435 0095388  57.7857  91.9097 14.71555565399850
0 COSMOS 2251 DEB
1 33813U 93036BE  16221.96964480 +.00001215 +00000-0 +18733-3 0  9991
2 33813 074.0478 176.6553 0095421 056.3161 005.1251 14.71557329399881
0 COSMOS 2251 DEB
1 33813U 93036BE  16222.32035407  .00001207  00000-0  18614-3 0  9999
2 33813  74.0479 175.9742 0095435  55.5347  63.0523 14.71558054400004
0 COSMOS 2251 DEB
1 33813U 93036BE  16222.92096538 +.00001335 +00000-0 +20528-3 0  9996
2 33813 074.0480 174.8078 0095458 054.2103 004.8627 14.71560491400025
0 COSMOS 2251 DEB
1 33813U 93036BE  16223.34091663  .00001414  00000-0  21712-3 0  9991
2 33813  74.0480 173.9920 0095468  53.2689  69.6186 14.71561892400159
0 COSMOS 2251 DEB
1 33813U 93036BE  16223.94202713 +.00001512 +00000-0 +23177-3 0  9993
2 33813 074.0481 172.8246 0095497 051.9461 014.0762 14.71564141400170
0 COSMOS 2251 DEB
1 33813U 93036BE  16224.56342887  .00001516  00000-0  23235-3 0  9998
2 33813  74.0482 171.6177 0095513  50.5587  66.0504 14.71565785400338
0 COSMOS 2251 DEB
1 33813U 93036BE  16224.89224769 +.00001538 +00000-0 +23563-3 0  9990
2 33813 074.0482 170.9790 0095532 049.8299 008.0194 14.71566981400311
0 COSMOS 2251 DEB
1 33813U 93036BE  16225.91150068 +.00001573 +00000-0 +24081-3 0  9999
2 33813 074.0483 168.9994 0095561 047.5731 007.6700 14.71570135400531
0 COSMOS 2251 DEB
1 33813U 93036BE  16226.93241709 +.00001631 +00000-0 +24947-3 0  9991
2 33813 074.0484 167.0165 0095595 045.3132 016.1439 14.71573485400614
0 COSMOS 2251 DEB
1 33813U 93036BE  16227.21554519  .00001605  00000-0  24557-3 0  9997
2 33813  74.0484 166.4666 0095606  44.6833  76.0660 14.71574121400727
0 COSMOS 2251 DEB
1 33813U 93036BE  16227.88282928 +.00001490 +00000-0 +22839-3 0  9995
2 33813 074.0485 165.1705 0095642 043.2059 011.1225 14.71575573400755
0 COSMOS 2251 DEB
1 33813U 93036BE  16228.23630078  .00001458  00000-0  22361-3 0  9992
2 33813  74.0484 164.4838 0095646  42.4277  83.6969 14.71576359400875
0 COSMOS 2251 DEB
1 33813U 93036BE  16228.90424742 +.00001429 +00000-0 +21923-3 0  9996
2 33813 074.0485 163.1864 0095676 040.9516 022.2682 14.71578264400905
0 COSMOS 2251 DEB
1 33813U 93036BE  16229.26046650  .00001363  00000-0  20940-3 0  9999
2 33813  74.0485 162.4946 0095697  40.1599 109.4095 14.71578866401022
0 COSMOS 2251 DEB
1 33813U 93036BE  16229.92443534 +.00001373 +00000-0 +21076-3 0  9996
2 33813 074.0484 161.2050 0095722 038.6650 026.9406 14.71580846401056
0 COSMOS 2251 DEB
1 33813U 93036BE  16230.28093066  .00001306  00000-0  20074-3 0  9991
2 33813  74.0485 160.5126 0095745  37.8872 115.5358 14.71581499401174
0 COSMOS 2251 DEB
1 33813U 93036BE  16230.87418472 +.00001245 +00000-0 +19166-3 0  9990
2 33813 074.0485 159.3603 0095775 036.5761 018.4188 14.71582780401194
0 COSMOS 2251 DEB
1 33813U 93036BE  16231.82667527  .00001227  00000-0  18896-3 0  9992
2 33813  74.0485 157.5102 0095819  34.4751  24.4349 14.71585309401403
0 COSMOS 2251 DEB
1 33813U 93036BE  16231.89545910 +.00001216 +00000-0 +18726-3 0  9990
2 33813 074.0485 157.3766 0095821 034.3250 028.8292 14.71585379401348
0 COSMOS 2251 DEB
1 33813U 93036BE  16232.84557728  .00001184  00000-0  18250-3 0  9992
2 33813  74.0485 155.5311 0095868  32.2381  22.2757 14.71587698401550
0 COSMOS 2251 DEB
1 33813U 93036BE  16233.86626679  .00001159  00000-0  17868-3 0  9993
2 33813  74.0485 153.5486 0095918  29.9843  29.6088 14.71590171401708
0 COSMOS 2251 DEB
1 33813U 93036BE  16234.81693443 +.00001044 +00000-0 +16162-3 0  9991
2 33813 074.0485 151.7020 0095971 027.8936 025.9830 14.71591869401777
0 COSMOS 2251 DEB
1 33813U 93036BE  16235.24382852  .00001051  00000-0  16260-3 0  9995
2 33813  74.0486 150.8729 0095991  26.9534 127.5545 14.71592957401906
0 COSMOS 2251 DEB
1 33813U 93036BE  16235.76440904 +.00000982 +00000-0 +15224-3 0  9996
2 33813 074.0486 149.8617 0096019 025.8094 005.4499 14.71593814401917
0 COSMOS 2251 DEB
1 33813U 93036BE  16236.19465699 +.00001004 +00000-0 +15554-3 0  9994
2 33813 074.0486 149.0260 0096037 024.8590 124.7951 14.71594938401975
0 COSMOS 2251 DEB
1 33813U 93036BE  16237.20952527  .00001054  00000-0  16295-3 0  9996
2 33813  74.0487 147.0548 0096088  22.6248 101.3116 14.71597697402199
0 COSMOS 2251 DEB
1 33813U 93036BE  16237.73580797 +.00000992 +00000-0 +15376-3 0  9999
2 33813 074.0486 146.0326 0096112 021.4696 009.4241 14.71598636402206
0 COSMOS 2251 DEB
1 33813U 93036BE  16238.76170140  .00000991  00000-0  15355-3 0  9996
2 33813  74.0487 144.0400 0096156  19.2087  44.3657 14.71601160402425
0 COSMOS 2251 DEB
1 33813U 93036BE  16239.77959419  .00000947  00000-0  14705-3 0  9991
2 33813  74.0486 142.0628 0096212  16.9780  36.9171 14.71603391402573
0 COSMOS 2251 DEB
1 33813U 93036BE  16240.72560553 +.00000979 +00000-0 +15182-3 0  9990
2 33813 074.0485 140.2252 0096252 014.8946 008.6747 14.71605760402645
0 COSMOS 2251 DEB
1 33813U 93036BE  16241.15768980  .00000976  00000-0  15138-3 0  9990
2 33813  74.0485 139.3859 0096261  13.9400 137.7671 14.71606754402770
0 COSMOS 2251 DEB
1 33813U 93036BE  16242.17224503  .00001032  00000-0  15972-3 0  9991
2 33813  74.0484 137.4151 0096304  11.7043 112.6682 14.71609385402924
0 COSMOS 2251 DEB
1 33813U 93036BE  16242.69830192 +.00001183 +00000-0 +18215-3 0  9995
2 33813 074.0483 136.3932 0096319 010.5484 019.6053 14.71611274402939
0 COSMOS 2251 DEB
1 33813U 93036BE  16243.71788387  .00001088  00000-0  16799-3 0  9996
2 33813  74.0482 134.4128 0096379   8.3068  21.1437 14.71613037403151
0 COSMOS 2251 DEB
1 33813U 93036BE  16244.66941366 +.00001162 +00000-0 +17900-3 0  9997
2 33813 074.0481 132.5644 0096417 006.2234 022.1564 14.71615602403227
0 COSMOS 2251 DEB
1 33813U 93036BE  16245.09490850  .00001186  00000-0  18264-3 0  9992
2 33813  74.0480 131.7379 0096440   5.2866 116.3508 14.71616767403359
0 COSMOS 2251 DEB
1 33813U 93036BE  16245.68960362 +.00001328 +00000-0 +20384-3 0  9991
2 33813 074.0479 130.5827 0096460 003.9783 026.9409 14.71619117403377
0 COSMOS 2251 DEB
1 33813U 93036BE  16246.11975220  .00001340  00000-0  20565-3 0  9994
2 33813  74.0478 129.7471 0096477   3.0359 145.7899 14.71620274403503
0 COSMOS 2251 DEB
1 33813U 93036BE  16246.38549861 +.00001621 +00000-0 +24750-3 0  9993
2 33813 074.0478 129.2308 0096482 002.4540 113.6714 14.71622752403477
0 COSMOS 2251 DEB
1 33813U 93036BE  16247.73534138  .00001546  00000-0  23626-3 0  9991
2 33813  74.0476 126.6085 0096525 359.4652  64.9432 14.71626240403746
0 COSMOS 2251 DEB
1 33813U 93036BE  16248.68606657 +.00001545 +00000-0 +23606-3 0  9999
2 33813 074.0475 124.7616 0096563 357.3717 061.7518 14.71629300403813
0 COSMOS 2251 DEB
1 33813U 93036BE  16249.11189227  .00001549  00000-0  23667-3 0  9998
2 33813  74.0474 123.9343 0096618 356.4557 157.7006 14.71630885403945
0 COSMOS 2251 DEB
1 33813U 93036BE  16249.70467100 +.00001450 +00000-0 +22191-3 0  9994
2 33813 074.0474 122.7827 0096609 355.1661 058.1512 14.71632329403964
0 COSMOS 2251 DEB
1 33813U 93036BE  16250.72534926  .00001285  00000-0  19731-3 0  9991
2 33813  74.0475 120.8001 0096646 352.9517  65.5534 14.71634960404188
0 COSMOS 2251 DEB
1 33813U 93036BE  16251.07631512 +.00001256 +00000-0 +19294-3 0  9991
2 33813 074.0475 120.1183 0096666 352.1748 124.9363 14.71635947404166
0 COSMOS 2251 DEB
1 33813U 93036BE  16252.09768166  .00001122  00000-0  17297-3 0  9993
2 33813  74.0473 118.1340 0096701 349.9447 136.0128 14.71638491404380
0 COSMOS 2251 DEB
1 33813U 93036BE  16252.62378523 +.00001165 +00000-0 +17942-3 0  9990
2 33813 074.0472 117.1119 0096734 348.7783 043.2665 14.71640267404398
0 COSMOS 2251 DEB
1 33813U 93036BE  16253.04819411 +.00001108 +00000-0 +17087-3 0  9990
2 33813 074.0473 116.2873 0096715 347.8552 131.7345 14.71641144404459
0 COSMOS 2251 DEB
1 33813U 93036BE  16254.59457616  .00001093  00000-0  16856-3 0  9992
2 33813  74.0469 113.2828 0096775 344.4549  44.3306 14.71645014404755
0 COSMOS 2251 DEB
1 33813U 93036BE  16254.94054488 +.00001012 +00000-0 +15652-3 0  9995
2 33813 074.0469 112.6106 0096797 343.6814 077.2582 14.71645415404731
0 COSMOS 2251 DEB
1 33813U 93036BE  16255.61457091  .00001021  00000-0  15783-3 0  9992
2 33813  74.0469 111.3011 0096825 342.2121  48.1833 14.71647014404902
0 COSMOS 2251 DEB
1 33813U 93036BE  16256.56604409 +.00001018 +00000-0 +15734-3 0  9996
2 33813 074.0466 109.4524 0096846 340.1292 049.0120 14.71649125404976
0 COSMOS 2251 DEB
1 33813U 93036BE  16257.05974433  .00001006  00000-0  15562-3 0  9994
2 33813  74.0468 108.4933 0096788 339.0777 144.5710 14.71650198405116
0 COSMOS 2251 DEB
1 33813U 93036BE  16257.58595972 +.00000938 +00000-0 +14555-3 0  9993
2 33813 074.0466 107.4708 0096823 337.9211 052.4273 14.71650993405128
0 COSMOS 2251 DEB
1 33813U 93036BE  16258.53661752  .00000890  00000-0  13830-3 0  9991
2 33813  74.0465 105.6237 0096862 335.8365  48.9524 14.71652675405324
0 COSMOS 2251 DEB
1 33813U 93036BE  16258.96299890 +.00000920 +00000-0 +14284-3 0  9996
2 33813 074.0466 104.7954 0096879 334.9003 147.8984 14.71653741405322
0 COSMOS 2251 DEB
1 33813U 93036BE  16259.55729925  .00000979  00000-0  15161-3 0  9998
2 33813  74.0465 103.6407 0096910 333.5901  56.4802 14.71655512405489
0 COSMOS 2251 DEB
1 33813U 93036BE  16260.57503223  .00000975  00000-0  15102-3 0  9994
2 33813  74.0465 101.6634 0096916 331.3591  48.3837 14.71657755405621
0 COSMOS 2251 DEB
1 33813U 93036BE  16261.67164858  .00000956  00000-0  14812-3 0  9999
2 33813  74.0465  99.5326 0096965 328.9602  98.2096 14.71660000405799
0 COSMOS 2251 DEB
1 33813U 93036BE  16262.97394942  .00000936  00000-0  14516-3 0  9991
2 33813  74.0463  97.0020 0096992 326.1051 157.7615 14.71662645405985
0 COSMOS 2251 DEB
1 33813U 93036BE  16262.97394942 +.00000936 +00000-0 +14516-3 0  9991
2 33813 074.0463 097.0020 0096992 326.1051 157.7615 14.71662645405918
0 COSMOS 2251 DEB
1 33813U 93036BE  16263.92458951 +.00001098 +00000-0 +16928-3 0  9997
2 33813 074.0462 095.1548 0097016 324.0254 154.2301 14.71665577406058
0 COSMOS 2251 DEB
1 33813U 93036BE  16263.99367472  .00001103  00000-0  16998-3 0  9995
2 33813  74.0462  95.0206 0097016 323.8765 160.2401 14.71665776406130
0 COSMOS 2251 DEB
1 33813U 93036BE  16264.95047167 +.00001108 +00000-0 +17073-3 0  9998
2 33813 074.0462 093.1616 0097049 321.7820 189.3392 14.71668066406203
0 COSMOS 2251 DEB
1 33813U 93036BE  16265.53941332  .00001113  00000-0  17153-3 0  9995
2 33813  74.0462  92.0172 0097076 320.4993  69.5383 14.71669250406367
0 COSMOS 2251 DEB
1 33813U 93036BE  16265.97022209 +.00001045 +00000-0 +16129-3 0  9992
2 33813 074.0462 091.1801 0097100 319.5566 191.9600 14.71669753406358
0 COSMOS 2251 DEB
1 33813U 93036BE  16266.91694242 +.00001044 +00000-0 +16115-3 0  9993
2 33813 074.0462 089.3405 0097116 317.4782 167.6899 14.71671726406499
0 COSMOS 2251 DEB
1 33813U 93036BE  16267.94142633  .00000982  00000-0  15197-3 0  9998
2 33813  74.0462  87.3498 0097167 315.2417 195.4040 14.71673398406715
0 COSMOS 2251 DEB
1 33813U 93036BE  16267.94142633 +.00000982 +00000-0 +15197-3 0  9998
2 33813 074.0462 087.3498 0097167 315.2417 195.4040 14.71673398406647
0 COSMOS 2251 DEB
1 33813U 93036BE  16268.96335089  .00001010  00000-0  15605-3 0  9997
2 33813  74.0464  85.3642 0097175 313.0054 209.5725 14.71675579406864
0 COSMOS 2251 DEB
1 33813U 93036BE  16268.96335089 +.00001010 +00000-0 +15605-3 0  9997
2 33813 074.0464 085.3642 0097175 313.0054 209.5725 14.71675579406796
0 COSMOS 2251 DEB
1 33813U 93036BE  16269.90813508 +.00001003 +00000-0 +15505-3 0  9990
2 33813 074.0464 083.5283 0097212 310.9390 175.0585 14.71677566406933
0 COSMOS 2251 DEB
1 33813U 93036BE  16270.57545721  .00001058  00000-0  16327-3 0  9997
2 33813  74.0464  82.2317 0097229 309.4784 110.5511 14.71679372407105
0 COSMOS 2251 DEB
1 33813U 93036BE  16271.87933863  .00001337  00000-0  20478-3 0  9991
2 33813  74.0466  79.6981 0097251 306.6223 178.5688 14.71683911407299
0 COSMOS 2251 DEB
1 33813U 93036BE  16272.47320021 +.00001399 +00000-0 +21402-3 0  9990
2 33813 074.0466 078.5442 0097265 305.3208 084.8775 14.71685699407317
0 COSMOS 2251 DEB
1 33813U 93036BE  16273.49807808  .00001529  00000-0  23332-3 0  9995
2 33813  74.0468  76.5529 0097293 303.0889 114.7278 14.71689082407539
0 COSMOS 2251 DEB
1 33813U 93036BE  16274.51712405  .00001488  00000-0  22709-3 0  9998
2 33813  74.0469  74.5728 0097332 300.8517 113.7092 14.71691702407687
0 COSMOS 2251 DEB
1 33813U 93036BE  16274.87749800 +.00001442 +00000-0 +22033-3 0  9996
2 33813 074.0470 073.8727 0097335 300.0663 222.9940 14.71692463407665
0 COSMOS 2251 DEB
1 33813U 93036BE  16275.89518428  .00001408  00000-0  21520-3 0  9991
2 33813  74.0472  71.8953 0097357 297.8429 214.7755 14.71695209407881
0 COSMOS 2251 DEB
1 33813U 93036BE  16275.89518428 +.00001408 +00000-0 +21520-3 0  9991
2 33813 074.0472 071.8953 0097357 297.8429 214.7755 14.71695209407814
0 COSMOS 2251 DEB
1 33813U 93036BE  16276.48968514 +.00001315 +00000-0 +20146-3 0  9992
2 33813 074.0473 070.7402 0097364 296.5543 124.4806 14.71696386407904
0 COSMOS 2251 DEB
1 33813U 93036BE  16277.43553262  .00001342  00000-0  20533-3 0  9998
2 33813  74.0474  68.9024 0097390 294.4838  95.6739 14.71699269408118
0 COSMOS 2251 DEB
1 33813U 93036BE  16277.86626942 +.00001271 +00000-0 +19476-3 0  9996
2 33813 074.0474 068.0654 0097403 293.5331 217.7689 14.71699983408104
0 COSMOS 2251 DEB
1 33813U 93036BE  16278.88670365  .00001328  00000-0  20331-3 0  9992
2 33813  74.0476  66.0827 0097447 291.2982 224.1473 14.71703308408325
0 COSMOS 2251 DEB
1 33813U 93036BE  16279.83977634 +.00001377 +00000-0 +21054-3 0  9994
2 33813 074.0478 064.2310 0097459 289.2669 233.5850 14.71706089408395
0 COSMOS 2251 DEB
1 33813U 93036BE  16280.42567623  .00001399  00000-0  21384-3 0  9994
2 33813  74.0479  63.0925 0097470 287.9755  97.7665 14.71707781408540
0 COSMOS 2251 DEB
1 33813U 93036BE  16280.85759767 +.00001380 +00000-0 +21093-3 0  9990
2 33813 074.0477 062.2532 0097502 287.0241 226.1496 14.71708793408544
0 COSMOS 2251 DEB
1 33813U 93036BE  16281.45066609  .00001507  00000-0  22985-3 0  9995
2 33813  74.0479  61.1009 0097514 285.7145 128.3218 14.71711228408704
0 COSMOS 2251 DEB
1 33813U 93036BE  16281.79372838 +.00001546 +00000-0 +23567-3 0  9996
2 33813 074.0480 060.4343 0097524 284.9653 145.9139 14.71712394408684
0 COSMOS 2251 DEB
1 33813U 93036BE  16282.47346148  .00001562  00000-0  23800-3 0  9995
2 33813  74.0481  59.1137 0097546 283.4897 147.2298 14.71714454408858
0 COSMOS 2251 DEB
1 33813U 93036BE  16282.82890354 +.00001630 +00000-0 +24807-3 0  9991
2 33813 074.0482 058.4230 0097550 282.7128 230.4180 14.71715932408834
0 COSMOS 2251 DEB
1 33813U 93036BE  16283.84912968  .00001629  00000-0  24796-3 0  9995
2 33813  74.0483  56.4407 0097584 280.4848 235.7400 14.71719077409052
0 COSMOS 2251 DEB
1 33813U 93036BE  16284.80013394 +.00001778 +00000-0 +26999-3 0  9999
2 33813 074.0484 054.5929 0097605 278.4125 234.3234 14.71723056409120
0 COSMOS 2251 DEB
1 33813U 93036BE  16285.31861170  .00001812  00000-0  27502-3 0  9999
2 33813  74.0485  53.5855 0097623 277.2832 101.3106 14.71724949409268
0 COSMOS 2251 DEB
1 33813U 93036BE  16285.82003346 +.00001813 +00000-0 +27522-3 0  9991
2 33813 074.0486 052.6113 0097637 276.1919 237.9346 14.71726632409279
0 COSMOS 2251 DEB
1 33813U 93036BE  16286.41301300  .00001834  00000-0  27824-3 0  9996
2 33813  74.0487  51.4592 0097643 274.8969 139.6565 14.71728747409433
0 COSMOS 2251 DEB
1 33813U 93036BE  16286.77129894 +.00001847 +00000-0 +28017-3 0  9990
2 33813 074.0487 050.7631 0097659 274.1207 237.9224 14.71730062409419
0 COSMOS 2251 DEB
1 33813U 93036BE  16287.35779321 +.00001975 +00000-0 +29923-3 0  9990
2 33813 074.0488 049.6235 0097664 272.8446 105.2876 14.71732840409509
0 COSMOS 2251 DEB
1 33813U 93036BE  16288.45486027  .00003010  00000-0  45284-3 0  9990
2 33813  74.0500  47.4917 0097691 270.4639 157.7912 14.71741078409736
0 COSMOS 2251 DEB
1 33813U 93036BE  16288.81170376 +.00003040 +00000-0 +45730-3 0  9996
2 33813 074.0501 046.7983 0097709 269.6938 248.4288 14.71743185409717
0 COSMOS 2251 DEB
1 33813U 93036BE  16289.76239088  .00002431  00000-0  36679-3 0  9992
2 33813  74.0503  44.9512 0097726 267.6316 245.4056 14.71746797409929
0 COSMOS 2251 DEB
1 33813U 93036BE  16290.42547494 +.00002321 +00000-0 +35046-3 0  9995
2 33813 074.0505 043.6629 0097723 266.1915 158.6034 14.71750568409957
0 COSMOS 2251 DEB
1 33813U 93036BE  16291.37522890  .00002283  00000-0  34476-3 0  9996
2 33813  74.0507  41.8177 0097728 264.1267 150.6701 14.71755876410165
0 COSMOS 2251 DEB
1 33813U 93036BE  16291.73343610 +.00002098 +00000-0 +31724-3 0  9994
2 33813 074.0506 041.1216 0097765 263.3505 248.5524 14.71756798410140
0 COSMOS 2251 DEB
1 33813U 93036BE  16292.39692461  .00001918  00000-0  29051-3 0  9998
2 33813  74.0506  39.8325 0097756 261.9124 163.9085 14.71759168410311
0 COSMOS 2251 DEB
1 33813U 93036BE  16292.75313529 +.00001757 +00000-0 +26662-3 0  9999
2 33813 074.0506 039.1404 0097778 261.1366 251.2209 14.71759859410299
0 COSMOS 2251 DEB
1 33813U 93036BE  16293.77455220  .00001484  00000-0  22603-3 0  9995
2 33813  74.0505  37.1559 0097783 258.9157 263.0049 14.71762588410516
0 COSMOS 2251 DEB
1 33813U 93036BE  16294.72615749 +.00001374 +00000-0 +20971-3 0  9999
2 33813 074.0504 035.3068 0097791 256.8508 264.9092 14.71765077410587
0 COSMOS 2251 DEB
1 33813U 93036BE  16295.38746421  .00001372  00000-0  20941-3 0  9999
2 33813  74.0495  34.0219 0097758 255.4057 168.7346 14.71766460410756
0 COSMOS 2251 DEB
1 33813U 93036BE  16296.69552117  .00001436  00000-0  21891-3 0  9997
2 33813  74.0503  31.4802 0097806 252.5753 259.2440 14.71770189410945
0 COSMOS 2251 DEB
1 33813U 93036BE  16297.71540029  .00001430  00000-0  21795-3 0  9997
2 33813  74.0496  29.4986 0097813 250.3559 262.9175 14.71773207411091
0 COSMOS 2251 DEB
1 33813U 93036BE  16298.72976279  .00001491  00000-0  22699-3 0  9990
2 33813  74.0497  27.5278 0097813 248.1551 237.3657 14.71776204411240
0 COSMOS 2251 DEB
1 33813U 93036BE  16299.33072824 +.00001768 +00000-0 +26801-3 0  9997
2 33813 074.0498 026.3601 0097800 246.8407 181.5084 14.71779350411260
0 COSMOS 2251 DEB
1 33813U 93036BE  16300.20637914  .00001972  00000-0  29835-3 0  9990
2 33813  74.0498  24.6588 0097799 244.9458 141.0307 14.71783243411453
0 COSMOS 2251 DEB
1 33813U 93036BE  16300.63284144 +.00001780 +00000-0 +26980-3 0  9995
2 33813 074.0497 023.8301 0097812 244.0288 240.5771 14.71783266411459
0 COSMOS 2251 DEB
1 33813U 93036BE  16301.30069581  .00002001  00000-0  30260-3 0  9999
2 33813  74.0497  22.5324 0097804 242.5737 179.1385 14.71786882411627
0 COSMOS 2251 DEB
1 33813U 93036BE  16301.65232800 +.00001872 +00000-0 +28347-3 0  9991
2 33813 074.0497 021.8491 0097799 241.8108 242.2219 14.71787205411607
0 COSMOS 2251 DEB
1 33813U 93036BE  16302.32033433  .00001796  00000-0  27220-3 0  9991
2 33813  74.0497  20.5512 0097796 240.3603 181.5881 14.71789107411779
0 COSMOS 2251 DEB
1 33813U 93036BE  16302.67734356 +.00001781 +00000-0 +26989-3 0  9996
2 33813 074.0497 019.8576 0097793 239.5866 273.1681 14.71790303411752
0 COSMOS 2251 DEB
1 33813U 93036BE  16303.69845171  .00001840  00000-0  27869-3 0  9991
2 33813  74.0497  17.8734 0097769 237.3662 283.4337 14.71794593411970
0 COSMOS 2251 DEB
1 33813U 93036BE  16304.64861808 +.00001753 +00000-0 +26568-3 0  9990
2 33813 074.0496 016.0272 0097752 235.3031 277.8280 14.71797807412041
0 COSMOS 2251 DEB
1 33813U 93036BE  16305.24183179  .00001662  00000-0  25224-3 0  9992
2 33813  74.0495  14.8745 0097737 234.0161 180.9376 14.71799683412206
0 COSMOS 2251 DEB
1 33813U 93036BE  16305.66293130 +.00001630 +00000-0 +24740-3 0  9994
2 33813 074.0495 014.0562 0097737 233.1056 252.1087 14.71801079412190
0 COSMOS 2251 DEB
1 33813U 93036BE  16306.26285615  .00001445  00000-0  21994-3 0  9992
2 33813  74.0494  12.8905 0097721 231.8051 190.7812 14.71802259412351
0 COSMOS 2251 DEB
1 33813U 93036BE  16306.61407713 +.00001476 +00000-0 +22462-3 0  9991
2 33813 074.0494 012.2081 0097712 231.0480 251.7069 14.71803672412338
0 COSMOS 2251 DEB
1 33813U 93036BE  16307.56622584  .00001369  00000-0  20871-3 0  9994
2 33813  74.0492  10.3578 0097698 228.9867 256.6293 14.71806248412541
0 COSMOS 2251 DEB
1 33813U 93036BE  16308.30341078 +.00001391 +00000-0 +21198-3 0  9991
2 33813 074.0491 008.9253 0097677 227.3851 202.5903 14.71808942412581
0 COSMOS 2251 DEB
1 33813U 93036BE  16309.61208848 +.00001250 +00000-0 +19102-3 0  9999
2 33813 074.0490 006.3823 0097634 224.5454 296.5996 14.71812143412848
0 COSMOS 2251 DEB
1 33813U 93036BE  16310.62514602  .00001168  00000-0  17883-3 0  9992
2 33813  74.0490   4.4139 0097605 222.3513 264.2772 14.71814612412990
0 COSMOS 2251 DEB
1 33813U 93036BE  16311.57584453 +.00001096 +00000-0 +16825-3 0  9993
2 33813 074.0489 002.5664 0097569 220.2854 261.5586 14.71816664413065
0 COSMOS 2251 DEB
1 33813U 93036BE  16312.52753236  .00001091  00000-0  16741-3 0  9998
2 33813  74.0488   0.7171 0097534 218.2229 264.0856 14.71819057413272
0 COSMOS 2251 DEB
1 33813U 93036BE  16312.59607814 +.00001069 +00000-0 +16413-3 0  9996
2 33813 074.0487 000.5839 0097531 218.0734 267.2765 14.71819070413219
0 COSMOS 2251 DEB
1 33813U 93036BE  16313.62279594  .00001028  00000-0  15805-3 0  9990
2 33813  74.0486 358.5887 0097494 215.8437 307.3611 14.71821212413431
0 COSMOS 2251 DEB
1 33813U 93036BE  16314.49782575 +.00000955 +00000-0 +14725-3 0  9992
2 33813 074.0485 356.8882 0097456 213.9426 263.7303 14.71822680413490
0 COSMOS 2251 DEB
1 33813U 93036BE  16315.23642795  .00000865  00000-0  13394-3 0  9995
2 33813  74.0484 355.4528 0097422 212.3370 217.2394 14.71823752413670
0 COSMOS 2251 DEB
1 33813U 93036BE  16315.52589022 +.00000991 +00000-0 +15260-3 0  9994
2 33813 074.0483 354.8903 0097413 211.7126 310.9617 14.71824996413648
0 COSMOS 2251 DEB
1 33813U 93036BE  16316.54445987  .00001387  00000-0  21130-3 0  9991
2 33813  74.0482 352.9109 0097358 209.4997 307.9013 14.71829487413862
0 COSMOS 2251 DEB
1 33813U 93036BE  16317.55840807  .00001177  00000-0  18020-3 0  9994
2 33813  74.0481 350.9403 0097321 207.2902 280.3646 14.71830530414013
0 COSMOS 2251 DEB
1 33813U 93036BE  16318.50966265 +.00001381 +00000-0 +21039-3 0  9998
2 33813 074.0481 349.0916 0097269 205.2129 280.6572 14.71833877414086
0 COSMOS 2251 DEB
1 33813U 93036BE  16319.03393836  .00001139  00000-0  17457-3 0  9995
2 33813  74.0481 348.0728 0097234 204.0768 178.5650 14.71833867414221
0 COSMOS 2251 DEB
1 33813U 93036BE  16319.53574829 +.00001139 +00000-0 +17457-3 0  9993
2 33813 074.0479 347.0976 0097211 202.9816 317.4484 14.71835181414239
0 COSMOS 2251 DEB
1 33813U 93036BE  16320.05462640  .00001073  00000-0  16473-3 0  9993
2 33813  74.0478 346.0892 0097178 201.8496 186.7685 14.71836093414387
0 COSMOS 2251 DEB
1 33813U 93036BE  16321.50511698  .00000899  00000-0  13897-3 0  9994
2 33813  74.0477 343.2703 0097089 198.6945 312.3201 14.71838641414594
0 COSMOS 2251 DEB
1 33813U 93036BE  16321.77115832 +.00000899 +00000-0 +13896-3 0  9992
2 33813 074.0477 342.7532 0097080 198.1018 281.9804 14.71839336414564
0 COSMOS 2251 DEB
1 33813U 93036BE  16322.52527334 +.00000870 +00000-0 +13459-3 0  9994
2 33813 074.0477 341.2877 0097035 196.4480 317.7463 14.71840892414742
0 COSMOS 2251 DEB
1 33813U 93036BE  16323.47634838 +.00000850 +00000-0 +13165-3 0  9999
2 33813 074.0476 339.4393 0096987 194.3721 317.1225 14.71842740414815
0 COSMOS 2251 DEB
1 33813U 93036BE  16324.49600851 +.00000822 +00000-0 +12757-3 0  9995
2 33813 074.0475 337.4576 0096910 192.1433 319.9126 14.71844484414960
0 COSMOS 2251 DEB
1 33813U 93036BE  16325.44937837  .00000799  00000-0  12403-3 0  9999
2 33813  74.0475 335.6046 0096844 190.0457 331.4758 14.71846052415178
0 COSMOS 2251 DEB
1 33813U 93036BE  16326.03652230 +.00000805 +00000-0 +12492-3 0  9992
2 33813 074.0475 334.4635 0096803 188.7505 202.5461 14.71847123415193
0 COSMOS 2251 DEB
1 33813U 93036BE  16326.98640516  .00000701  00000-0  10956-3 0  9998
2 33813  74.0475 332.6173 0096726 186.6615 195.6382 14.71848028415394
0 COSMOS 2251 DEB
1 33813U 93036BE  16327.41248272 +.00000845 +00000-0 +13088-3 0  9998
2 33813 074.0474 331.7890 0096713 185.7171 293.2812 14.71849420415392
0 COSMOS 2251 DEB
1 33813U 93036BE  16328.15153182  .00000761  00000-0  11839-3 0  9994
2 33813  74.0473 330.3527 0096679 184.0959 249.2431 14.71850204415570
0 COSMOS 2251 DEB
1 33813U 93036BE  16328.43810992 +.00000916 +00000-0 +14143-3 0  9997
2 33813 074.0474 329.7958 0096648 183.4629 327.7256 14.71851524415544
0 COSMOS 2251 DEB
1 33813U 93036BE  16329.10101279 +.00000724 +00000-0 +11298-3 0  9998
2 33813 074.0473 328.5074 0096600 182.0052 240.2209 14.71851513415648
0 COSMOS 2251 DEB
1 33813U 93036BE  16330.12242176  .00000888  00000-0  13729-3 0  9996
2 33813  74.0473 326.5222 0096529 179.7545 252.3314 14.71854198415868
0 COSMOS 2251 DEB
1 33813U 93036BE  16330.40366740 +.00000898 +00000-0 +13877-3 0  9996
2 33813 074.0472 325.9755 0096528 179.1332 302.5632 14.71854776415838
0 COSMOS 2251 DEB
1 33813U 93036BE  16331.42870259  .00000903  00000-0  13947-3 0  9999
2 33813  74.0472 323.9833 0096430 176.8653 333.9064 14.71856729416057
0 COSMOS 2251 DEB
1 33813U 93036BE  16332.44335428  .00000884  00000-0  13674-3 0  9991
2 33813  74.0472 322.0113 0096358 174.6199 310.2401 14.71858691416208
0 COSMOS 2251 DEB
1 33813U 93036BE  16332.96949646 +.00000814 +00000-0 +12633-3 0  9998
2 33813 074.0471 320.9887 0096310 173.4543 218.1121 14.71859353416212
0 COSMOS 2251 DEB
1 33813U 93036BE  16333.91979619 +.00000848 +00000-0 +13141-3 0  9999
2 33813 074.0471 319.1417 0096228 171.3467 213.4789 14.71861490416359
0 COSMOS 2251 DEB
1 33813U 93036BE  16334.06293149  .00000841  00000-0  13036-3 0  9999
2 33813  74.0471 318.8635 0096211 171.0296 251.9122 14.71861754416447
0 COSMOS 2251 DEB
1 33813U 93036BE  16334.41964561 +.00000835 +00000-0 +12949-3 0  9996
2 33813 074.0472 318.1703 0096203 170.2425 342.0358 14.71862413416427
0 COSMOS 2251 DEB
1 33813U 93036BE  16335.36499675  .00000812  00000-0  12598-3 0  9995
2 33813  74.0472 316.3330 0096150 168.1509 311.1844 14.71864134416635
0 COSMOS 2251 DEB
1 33813U 93036BE  16336.38523204  .00000787  00000-0  12234-3 0  9992
2 33813  74.0473 314.3502 0096092 165.8866 317.1357 14.71865876416785
0 COSMOS 2251 DEB
1 33813U 93036BE  16336.91024880 +.00000779 +00000-0 +12111-3 0  9992
2 33813 074.0473 313.3298 0096062 164.7194 219.0629 14.71866822416790
0 COSMOS 2251 DEB
1 33813U 93036BE  16337.40548450  .00000771  00000-0  11997-3 0  9994
2 33813  74.0474 312.3672 0096028 163.6222 323.1839 14.71867564416938
0 COSMOS 2251 DEB
1 33813U 93036BE  16337.93130795 +.00000736 +00000-0 +11473-3 0  9991
2 33813 074.0474 311.3453 0096009 162.4570 229.3844 14.71868298416945
0 COSMOS 2251 DEB
1 33813U 93036BE  16338.62773412  .00000755  00000-0  11758-3 0  9994
2 33813  74.0474 309.9916 0095976 160.9154 319.5633 14.71869466417111
0 COSMOS 2251 DEB
1 33813U 93036BE  16339.90245925  .00000748  00000-0  11654-3 0  9996
2 33813  74.0475 307.5141 0095911 158.0687 234.0282 14.71871417417305
0 COSMOS 2251 DEB
1 33813U 93036BE  16339.97497972 +.00000680 +00000-0 +10635-3 0  9997
2 33813 074.0476 307.3732 0095904 157.9078 258.2959 14.71871150417240
0 COSMOS 2251 DEB
1 33813U 93036BE  16340.92197406 +.00000683 +00000-0 +10693-3 0  9990
2 33813 074.0476 305.5327 0095850 155.7991 236.1932 14.71872604417386
0 COSMOS 2251 DEB
1 33813U 93036BE  16340.99529703  .00000682  00000-0  10665-3 0  9994
2 33813  74.0477 305.3902 0095841 155.6338 264.7164 14.71872706417464
0 COSMOS 2251 DEB
1 33813U 93036BE  16341.94604133 +.00000740 +00000-0 +11536-3 0  9994
2 33813 074.0476 303.5424 0095806 153.5221 262.4854 14.71874542417530
0 COSMOS 2251 DEB
1 33813U 93036BE  16342.01612519  .00000739  00000-0  11519-3 0  9999
2 33813  74.0477 303.4063 0095797 153.3640 273.8457 14.71874642417616
0 COSMOS 2251 DEB
1 33813U 93036BE  16342.96706537 +.00000759 +00000-0 +11818-3 0  9991
2 33813 074.0478 301.5581 0095747 151.2482 272.6615 14.71876275417681
0 COSMOS 2251 DEB
1 33813U 93036BE  16343.23919362  .00000760  00000-0  11826-3 0  9995
2 33813  74.0479 301.0293 0095733 150.6450 274.6058 14.71876683417798
0 COSMOS 2251 DEB
1 33813U 93036BE  16343.91853390 +.00000845 +00000-0 +13092-3 0  9999
2 33813 074.0479 299.7090 0095701 149.1258 274.2891 14.71878355417823
0 COSMOS 2251 DEB
1 33813U 93036BE  16344.34316109  .00000887  00000-0  13709-3 0  9990
2 33813  74.0480 298.8838 0095678 148.1820   4.2960 14.71879307417952
0 COSMOS 2251 DEB
1 33813U 93036BE  16344.93667685 +.00000856 +00000-0 +13258-3 0  9998
2 33813 074.0480 297.7303 0095655 146.8587 269.2127 14.71880225417978
0 COSMOS 2251 DEB
1 33813U 93036BE  16345.88991390  .00000876  00000-0  13559-3 0  9992
2 33813  74.0480 295.8778 0095614 144.7304 280.2268 14.71882119418189
0 COSMOS 2251 DEB
1 33813U 93036BE  16345.95696734 +.00000829 +00000-0 +12861-3 0  9997
2 33813 074.0480 295.7475 0095610 144.5774 275.5324 14.71881954418127
0 COSMOS 2251 DEB
1 33813U 93036BE  16346.90770765  .00000776  00000-0  12060-3 0  9992
2 33813  74.0481 293.8997 0095570 142.4565 273.3207 14.71883460418339
0 COSMOS 2251 DEB
1 33813U 93036BE  16347.92982199  .00000693  00000-0  10833-3 0  9995
2 33813  74.0481 291.9133 0095529 140.1645 289.3234 14.71884867418483
0 COSMOS 2251 DEB
1 33813U 93036BE  16347.92982199 +.00000693 +00000-0 +10833-3 0  9995
2 33813 074.0481 291.9133 0095529 140.1645 289.3234 14.71884867418416
0 COSMOS 2251 DEB
1 33813U 93036BE  16348.87968731 +.00000702 +00000-0 +10968-3 0  9996
2 33813 074.0482 290.0674 0095495 138.0275 282.5038 14.71886583418553
0 COSMOS 2251 DEB
1 33813U 93036BE  16349.22997912  .00000662  00000-0  10371-3 0  9992
2 33813  74.0482 289.3866 0095464 137.2363 338.6463 14.71886913418677
0 COSMOS 2251 DEB
1 33813U 93036BE  16349.96953248 +.00000643 +00000-0 +10092-3 0  9996
2 33813 074.0483 287.9494 0095431 135.5837 297.4117 14.71888076418715
0 COSMOS 2251 DEB
1 33813U 93036BE  16350.25622297  .00000650  00000-0  10200-3 0  9996
2 33813  74.0483 287.3922 0095417 134.9423  16.5363 14.71888534418827
0 COSMOS 2251 DEB
1 33813U 93036BE  16350.91888178 +.00000625 +00000-0 +98154-4 0  9998
2 33813 074.0483 286.1044 0095402 133.4536 287.8615 14.71889414418856
0 COSMOS 2251 DEB
1 33813U 93036BE  16351.27557596  .00000623  00000-0  97949-4 0  9994
2 33813  74.0483 285.4111 0095390 132.6514  17.9301 14.71889922418977
0 COSMOS 2251 DEB
1 33813U 93036BE  16351.86938193 +.00000604 +00000-0 +95137-4 0  9991
2 33813 074.0483 284.2571 0095378 131.3155 284.4194 14.71890684418997
0 COSMOS 2251 DEB
1 33813U 93036BE  16352.29022644  .00000627  00000-0  98573-4 0  9996
2 33813  74.0483 283.4393 0095370 130.3713 354.4104 14.71891379419128
0 COSMOS 2251 DEB
1 33813U 93036BE  16353.84100755  .00000689  00000-0  10771-3 0  9999
2 33813  74.0484 280.4255 0095342 126.8899 291.7726 14.71893845419355
0 COSMOS 2251 DEB
1 33813U 93036BE  16354.78745855 +.00000764 +00000-0 +11888-3 0  9993
2 33813 074.0484 278.5862 0095326 124.7699 266.8797 14.71895577419427
0 COSMOS 2251 DEB
1 33813U 93036BE  16355.21767355  .00000671  00000-0  10498-3 0  9994
2 33813  74.0485 277.7502 0095323 123.7992  26.5351 14.71895658419553
0 COSMOS 2251 DEB
1 33813U 93036BE  16355.88054723 +.00000802 +00000-0 +12449-3 0  9999
2 33813 074.0485 276.4620 0095315 122.3162 299.0101 14.71897364419584
0 COSMOS 2251 DEB
1 33813U 93036BE  16356.23824125  .00000703  00000-0  10973-3 0  9990
2 33813  74.0486 275.7668 0095316 121.5124  34.3856 14.71897386419704
0 COSMOS 2251 DEB
1 33813U 93036BE  16356.83103682 +.00000853 +00000-0 +13206-3 0  9992
2 33813 074.0486 274.6148 0095307 120.1933 295.5244 14.71899227419728
0 COSMOS 2251 DEB
1 33813U 93036BE  16357.85192381 +.00000894 +00000-0 +13821-3 0  9997
2 33813 074.0485 272.6308 0095301 117.8963 305.0895 14.71901290419872
0 COSMOS 2251 DEB
1 33813U 93036BE  16358.21004502  .00000827  00000-0  12823-3 0  9992
2 33813  74.0485 271.9348 0095290 117.0934  42.7304 14.71901463419990
0 COSMOS 2251 DEB
1 33813U 93036BE  16358.80268314 +.00000866 +00000-0 +13393-3 0  9996
2 33813 074.0484 270.7831 0095285 115.7648 303.0533 14.71902847420013
0 COSMOS 2251 DEB
1 33813U 93036BE  16359.22277029  .00000898  00000-0  13877-3 0  9998
2 33813  74.0484 269.9668 0095277 114.8227   9.0494 14.71903805420143
0 COSMOS 2251 DEB
1 33813U 93036BE  16359.82166925 +.00000870 +00000-0 +13456-3 0  9999
2 33813 074.0484 268.8028 0095269 113.4900 302.5421 14.71904874420165
0 COSMOS 2251 DEB
1 33813U 93036BE  16360.84241574  .00000844  00000-0  13068-3 0  9997
2 33813  74.0483 266.8192 0095259 111.1974 311.3798 14.71906749420381
0 COSMOS 2251 DEB
1 33813U 93036BE  16361.86368282  .00000842  00000-0  13038-3 0  9991
2 33813  74.0482 264.8345 0095251 108.9071 322.9812 14.71908866420536
0 COSMOS 2251 DEB
1 33813U 93036BE  16362.81338907 +.00000833 +00000-0 +12904-3 0  9999
2 33813 074.0482 262.9889 0095256 106.7718 315.4003 14.71910773420604
0 COSMOS 2251 DEB
1 33813U 93036BE  16363.16970043  .00000791  00000-0  12280-3 0  9991
2 33813  74.0482 262.2965 0095255 105.9727  43.4647 14.71911191420722
0 COSMOS 2251 DEB
1 33813U 93036BE  16363.83399508 +.00000791 +00000-0 +12286-3 0  9992
2 33813 074.0481 261.0054 0095261 104.4818 323.5122 14.71912519420757
0 COSMOS 2251 DEB
1 33813U 93036BE  16364.19039709  .00000781  00000-0  12135-3 0  9998
2 33813  74.0481 260.3128 0095264 103.6791  52.0636 14.71913135420877
0 COSMOS 2251 DEB
1 33813U 93036BE  16364.78326016 +.00000787 +00000-0 +12217-3 0  9990
2 33813 074.0481 259.1606 0095261 102.3538 313.5985 14.71914283420895
0 COSMOS 2251 DEB
1 33813U 93036BE  16365.80395984  .00000828  00000-0  12829-3 0  9999
2 33813  74.0480 257.1771 0095265 100.0628 322.2215 14.71916399421113
0 COSMOS 2251 DEB
1 33813U 93036BE  16366.75420668 +.00000825 +00000-0 +12784-3 0  9999
2 33813 074.0479 255.3304 0095279 097.9311 317.5238 14.71918111421184
0 COSMOS 2251 DEB
1 33813U 93036BE  17001.10598534  .00000798  00000-0  12380-3 0  9994
2 33813  74.0479 254.6467 0095282  97.1418  21.6415 14.71918587421301
0 COSMOS 2251 DEB
1 33813U 93036BE  17001.77464457 +.00000883 +00000-0 +13640-3 0  9998
2 33813 074.0478 253.3472 0095294 095.6407 324.8360 14.71920391421332
0 COSMOS 2251 DEB
1 33813U 93036BE  17002.13139080  .00000797  00000-0  12371-3 0  9994
2 33813  74.0478 252.6539 0095288  94.8452  55.2114 14.71920486421452
0 COSMOS 2251 DEB
1 33813U 93036BE  17002.79556313 +.00000833 +00000-0 +12908-3 0  9995
2 33813 074.0477 251.3631 0095303 093.3582 334.6282 14.71921882421480
0 COSMOS 2251 DEB
1 33813U 93036BE  17003.15282488  .00000775  00000-0  12033-3 0  9999
2 33813  74.0476 250.6688 0095304  92.5555  67.7445 14.71922173421608
0 COSMOS 2251 DEB
1 33813U 93036BE  17003.74475994 +.00000898 +00000-0 +13868-3 0  9993
2 33813 074.0475 249.5184 0095309 091.2344 324.3801 14.71923953421629
0 COSMOS 2251 DEB
1 33813U 93036BE  17004.76574517  .00000929  00000-0  14324-3 0  9990
2 33813  74.0474 247.5341 0095324  88.9469 334.5454 14.71925996421849
0 COSMOS 2251 DEB
1 33813U 93036BE  17005.11675168 +.00000796 +00000-0 +12357-3 0  9990
2 33813 074.0473 246.8520 0095326 088.1600 034.5184 14.71925907421827
0 COSMOS 2251 DEB
1 33813U 93036BE  17006.14375260  .00000871  00000-0  13462-3 0  9996
2 33813  74.0471 244.8560 0095341  85.8639  76.5670 14.71928335422049
0 COSMOS 2251 DEB
1 33813U 93036BE  17006.66288365 +.00000896 +00000-0 +13831-3 0  9999
2 33813 074.0470 243.8470 0095368 084.7003 307.4331 14.71929488422050
0 COSMOS 2251 DEB
1 33813U 93036BE  17008.03935690  .00000870  00000-0  13443-3 0  9993
2 33813  74.0468 241.1718 0095386  81.6216  41.3409 14.71931912422320
0 COSMOS 2251 DEB
1 33813U 93036BE  17008.03935690 +.00000870 +00000-0 +13443-3 0  9993
2 33813 074.0468 241.1718 0095386 081.6216 041.3409 14.71931912422252
0 COSMOS 2251 DEB
1 33813U 93036BE  17009.05837429  .00000829  00000-0  12831-3 0  9991
2 33813  74.0467 239.1912 0095413  79.3402  41.1072 14.71933608422478
0 COSMOS 2251 DEB
1 33813U 93036BE  17009.65224941 +.00000789 +00000-0 +12241-3 0  9996
2 33813 074.0467 238.0370 0095438 078.0081 308.0523 14.71934480422497
0 COSMOS 2251 DEB
1 33813U 93036BE  17010.08691367  .00000812  00000-0  12579-3 0  9996
2 33813  74.0467 237.1922 0095445  77.0350  91.3391 14.71935402422621
0 COSMOS 2251 DEB
1 33813U 93036BE  17010.95048904 +.00000739 +00000-0 +11500-3 0  9996
2 33813 074.0467 235.5137 0095457 075.1073 347.4239 14.71936586422681
0 COSMOS 2251 DEB
1 33813U 93036BE  17011.03504559 +.00000737 +00000-0 +11471-3 0  9994
2 33813 074.0466 235.3494 0095468 074.9206 075.4873 14.71936735422690
0 COSMOS 2251 DEB
1 33813U 93036BE  17012.04853839  .00000677  00000-0  10575-3 0  9991
2 33813  74.0466 233.3795 0095503  72.6533  45.9948 14.71938144422916
0 COSMOS 2251 DEB
1 33813U 93036BE  17012.57525207 +.00000698 +00000-0 +10887-3 0  9993
2 33813 074.0465 232.3558 0095520 071.4769 317.0560 14.71939175422927
0 COSMOS 2251 DEB
1 33813U 93036BE  17013.59540767  .00000670  00000-0  10469-3 0  9990
2 33813  74.0464 230.3729 0095539  69.1950 322.8779 14.71940664423146
0 COSMOS 2251 DEB
1 33813U 93036BE  17014.02557626 +.00000639 +00000-0 +10011-3 0  9999
2 33813 074.0464 229.5369 0095555 068.2355 082.3474 14.71941135423136
0 COSMOS 2251 DEB
1 33813U 93036BE  17014.54577275 +.00000641 +00000-0 +10047-3 0  9990
2 33813 074.0463 228.5258 0095577 067.0767 318.8756 14.71941928423218
0 COSMOS 2251 DEB
1 33813U 93036BE  17015.04529997  .00000578  00000-0  91088-4 0  9998
2 33813  74.0463 227.5549 0095586  65.9604  85.8816 14.71942300423355
0 COSMOS 2251 DEB
1 33813U 93036BE  17015.56623288 +.00000599 +00000-0 +94281-4 0  9994
2 33813 074.0462 226.5424 0095606 064.7983 326.3164 14.71943186423368
0 COSMOS 2251 DEB
1 33813U 93036BE  17016.58582786  .00000590  00000-0  92903-4 0  9994
2 33813  74.0461 224.5606 0095641  62.5199 329.1785 14.71944467423588
0 COSMOS 2251 DEB
1 33813U 93036BE  17017.53680203 +.00000638 +00000-0 +99946-4 0  9990
2 33813 074.0460 222.7122 0095669 060.3998 328.4170 14.71945950423659
0 COSMOS 2251 DEB
1 33813U 93036BE  17018.03024984  .00000574  00000-0  90528-4 0  9990
2 33813  74.0460 221.7531 0095681  59.2971  63.2150 14.71946253423798
0 COSMOS 2251 DEB
1 33813U 93036BE  17018.55681529 +.00000665 +00000-0 +10404-3 0  9996
2 33813 074.0460 220.7296 0095696 058.1239 333.5020 14.71947405423807
0 COSMOS 2251 DEB
1 33813U 93036BE  17019.25334611  .00000773  00000-0  11997-3 0  9999
2 33813  74.0460 219.3758 0095726  56.5621  64.4549 14.71948970423977
0 COSMOS 2251 DEB
1 33813U 93036BE  17020.95792524  .00000689  00000-0  10747-3 0  9997
2 33813  74.0459 216.0625 0095789  52.7618  97.0936 14.71950853424229
0 COSMOS 2251 DEB
1 33813U 93036BE  17020.95792524 +.00000689 +00000-0 +10747-3 0  9997
2 33813 074.0459 216.0625 0095789 052.7618 097.0936 14.71950853424151
0 COSMOS 2251 DEB
1 33813U 93036BE  17021.54460932 +.00000749 +00000-0 +11637-3 0  9994
2 33813 074.0459 214.9221 0095831 051.4540 325.9622 14.71952080424247
0 COSMOS 2251 DEB
1 33813U 93036BE  17021.97762205  .00000699  00000-0  10898-3 0  9991
2 33813  74.0459 214.0805 0095830  50.4908 100.5168 14.71952400424374
0 COSMOS 2251 DEB
1 33813U 93036BE  17022.93066542 +.00000726 +00000-0 +11307-3 0  9996
2 33813 074.0460 212.2280 0095849 048.3613 110.7536 14.71954072424449
0 COSMOS 2251 DEB
1 33813U 93036BE  17023.95030692 +.00000721 +00000-0 +11224-3 0  9999
2 33813 074.0462 210.2463 0095870 046.0877 113.8989 14.71955691424593
0 COSMOS 2251 DEB
1 33813U 93036BE  17024.46902315  .00000734  00000-0  11418-3 0  9995
2 33813  74.0463 209.2381 0095892  44.9290 342.6141 14.71956655424741
0 COSMOS 2251 DEB
1 33813U 93036BE  17024.89410042 +.00000709 +00000-0 +11047-3 0  9993
2 33813 074.0462 208.4118 0095903 043.9800 075.1294 14.71957169424735
0 COSMOS 2251 DEB
1 33813U 93036BE  17025.91934036 +.00000655 +00000-0 +10253-3 0  9999
2 33813 074.0463 206.4190 0095946 041.6915 107.9548 14.71958539424887
0 COSMOS 2251 DEB
1 33813U 93036BE  17026.18598556  .00000641  00000-0  10044-3 0  9995
2 33813  74.0463 205.9007 0095961  41.1072  80.9181 14.71958876424993
0 COSMOS 2251 DEB
1 33813U 93036BE  17026.93895108 +.00000769 +00000-0 +11931-3 0  9998
2 33813 074.0464 204.4371 0095987 039.4324 110.9413 14.71960843425035
0 COSMOS 2251 DEB
1 33813U 93036BE  17027.53247639  .00000798  00000-0  12374-3 0  9999
2 33813  74.0464 203.2835 0096008  38.1084  16.0843 14.71962040425192
0 COSMOS 2251 DEB
1 33813U 93036BE  17027.89215001 +.00000870 +00000-0 +13430-3 0  9991
2 33813 074.0464 202.5843 0096020 037.3040 122.0296 14.71963005425170
0 COSMOS 2251 DEB
1 33813U 93036BE  17028.55443309  .00000832  00000-0  12869-3 0  9992
2 33813  74.0465 201.2970 0096056  35.8378  31.5175 14.71963882425346
0 COSMOS 2251 DEB
1 33813U 93036BE  17028.90972391 +.00000854 +00000-0 +13192-3 0  9993
2 33813 074.0466 200.6065 0096067 035.0443 114.2378 14.71964510425323
0 COSMOS 2251 DEB
1 33813U 93036BE  17029.57339596  .00000790  00000-0  12243-3 0  9996
2 33813  74.0465 199.3165 0096090  33.5508  31.1131 14.71965171425494
0 COSMOS 2251 DEB
1 33813U 93036BE  17029.93005657 +.00000708 +00000-0 +11032-3 0  9998
2 33813 074.0465 198.6233 0096102 032.7535 121.0941 14.71965212425479
0 COSMOS 2251 DEB
1 33813U 93036BE  17030.87481697  .00000749  00000-0  11641-3 0  9996
2 33813  74.0466 196.7870 0096135  30.6472  87.4758 14.71966856425688
0 COSMOS 2251 DEB
1 33813U 93036BE  17031.89454653  .00000765  00000-0  11876-3 0  9999
2 33813  74.0466 194.8048 0096170  28.3820  91.1244 14.71968470425837
0 COSMOS 2251 DEB
1 33813U 93036BE  17033.44113061  .00000815  00000-0  12611-3 0  9991
2 33813  74.0467 191.7985 0096249  24.9457   6.6409 14.71971229426065
0 COSMOS 2251 DEB
1 33813U 93036BE  17033.51446498 +.00000813 +00000-0 +12581-3 0  9996
2 33813 074.0467 191.6560 0096252 024.7853 035.2454 14.71971333426003
0 COSMOS 2251 DEB
1 33813U 93036BE  17034.46601387  .00000752  00000-0  11689-3 0  9991
2 33813  74.0469 189.8064 0096284  22.6653  37.6174 14.71972437426217
0 COSMOS 2251 DEB
1 33813U 93036BE  17035.48439132  .00000719  00000-0  11198-3 0  9999
2 33813  74.0469 187.8268 0096320  20.3798  34.1446 14.71973821426365
0 COSMOS 2251 DEB
1 33813U 93036BE  17035.84215809 +.00000703 +00000-0 +10953-3 0  9993
2 33813 074.0470 187.1315 0096334 019.5798 129.9998 14.71974244426341
0 COSMOS 2251 DEB
1 33813U 93036BE  17036.85568432 +.00000658 +00000-0 +10287-3 0  9997
2 33813 074.0472 185.1616 0096367 017.3205 100.8118 14.71975563426493
0 COSMOS 2251 DEB
1 33813U 93036BE  17037.87586537  .00000611  00000-0  95941-4 0  9996
2 33813  74.0474 183.1787 0096418  15.0509 106.8901 14.71976933426714
0 COSMOS 2251 DEB
1 33813U 93036BE  17038.82755657 +.00000573 +00000-0 +90311-4 0  9996
2 33813 074.0475 181.3290 0096461 012.9324 110.0364 14.71978113426782
0 COSMOS 2251 DEB
1 33813U 93036BE  17039.49653897  .00000542  00000-0  85775-4 0  9997
2 33813  74.0476 180.0287 0096484  11.4472  55.0673 14.71978904426956
0 COSMOS 2251 DEB
1 33813U 93036BE  17040.79814470  .00000499  00000-0  79417-4 0  9995
2 33813  74.0478 177.4989 0096554   8.5520 112.4677 14.71980350427148
0 COSMOS 2251 DEB
1 33813U 93036BE  17041.81732775  .00000488  00000-0  77775-4 0  9999
2 33813  74.0479 175.5181 0096598   6.2840 113.2737 14.71981465427290
0 COSMOS 2251 DEB
1 33813U 93036BE  17042.76929427 +.00000502 +00000-0 +79748-4 0  9995
2 33813 074.0479 173.6679 0096646 004.1678 117.8910 14.71982637427364
0 COSMOS 2251 DEB
1 33813U 93036BE  17043.36376442  .00000500  00000-0  79546-4 0  9999
2 33813  74.0480 172.5125 0096672   2.8615  28.0662 14.71983277427521
0 COSMOS 2251 DEB
1 33813U 93036BE  17043.79406215 +.00000515 +00000-0 +81751-4 0  9995
2 33813 074.0480 171.6761 0096698 001.9043 148.2825 14.71983781427515
0 COSMOS 2251 DEB
1 33813U 93036BE  17044.45806307  .00000522  00000-0  82735-4 0  9996
2 33813  74.0481 170.3856 0096734   0.4300  66.9278 14.71984517427682
0 COSMOS 2251 DEB
1 33813U 93036BE  17044.81430625 +.00000534 +00000-0 +84565-4 0  9998
2 33813 074.0481 169.6932 0096757 359.6368 154.7191 14.71984914427665
0 COSMOS 2251 DEB
1 33813U 93036BE  17045.40852125 +.00000533 +00000-0 +84355-4 0  9993
2 33813 074.0482 168.5383 0096791 358.3217 063.5563 14.71985559427757
0 COSMOS 2251 DEB
1 33813U 93036BE  17046.42792215  .00000558  00000-0  88088-4 0  9993
2 33813  74.0483 166.5569 0096854 356.0619  65.5248 14.71986685427970
0 COSMOS 2251 DEB
1 33813U 93036BE  17047.73642152  .00000565  00000-0  89039-4 0  9997
2 33813  74.0484 164.0137 0096929 353.1605 159.4805 14.71988133428165
0 COSMOS 2251 DEB
1 33813U 93036BE  17048.75546940  .00000663  00000-0  10361-3 0  9998
2 33813  74.0484 162.0331 0096999 350.9016 159.5913 14.71989940428312
0 COSMOS 2251 DEB
1 33813U 93036BE  17049.76987063  .00000691  00000-0  10771-3 0  9991
2 33813  74.0485 160.0615 0097053 348.6583 135.0783 14.71991433428461
0 COSMOS 2251 DEB
1 33813U 93036BE  17050.72086281 +.00000701 +00000-0 +10917-3 0  9995
2 33813 074.0486 158.2131 0097106 346.5555 134.5543 14.71992780428531
0 COSMOS 2251 DEB
1 33813U 93036BE  17050.99242075  .00000659  00000-0  10294-3 0  9999
2 33813  74.0487 157.6853 0097119 345.9578 133.5862 14.71992946428647
0 COSMOS 2251 DEB
1 33813U 93036BE  17051.74624965 +.00000703 +00000-0 +10950-3 0  9994
2 33813 074.0487 156.2202 0097156 344.2918 168.2630 14.71994264428688
0 COSMOS 2251 DEB
1 33813U 93036BE  17052.33930902  .00000749  00000-0  11633-3 0  9990
2 33813  74.0487 155.0676 0097182 342.9812  70.9952 14.71995440428848
0 COSMOS 2251 DEB
1 33813U 93036BE  17052.69769962 +.00000754 +00000-0 +11709-3 0  9995
2 33813 074.0487 154.3710 0097205 342.1892 170.1742 14.71995956428825
0 COSMOS 2251 DEB
1 33813U 93036BE  17053.35974281  .00000827  00000-0  12786-3 0  9998
2 33813  74.0487 153.0842 0097242 340.7306  78.4643 14.71997417428994
0 COSMOS 2251 DEB
1 33813U 93036BE  17054.38084243  .00000835  00000-0  12904-3 0  9993
2 33813  74.0486 151.0995 0097299 338.4790  89.4680 14.71999120429147
0 COSMOS 2251 DEB
1 33813U 93036BE  17054.66414726 +.00000870 +00000-0 +13409-3 0  9997
2 33813 074.0487 150.5490 0097320 337.8574 150.7532 14.71999772429118
0 COSMOS 2251 DEB
1 33813U 93036BE  17055.68251082  .00001010  00000-0  15477-3 0  9998
2 33813  74.0486 148.5696 0097366 335.6139 147.2667 14.72002341429337
0 COSMOS 2251 DEB
1 33813U 93036BE  17056.70935240  .00000932  00000-0  14324-3 0  9999
2 33813  74.0485 146.5737 0097424 333.3548 188.7068 14.72003572429482
0 COSMOS 2251 DEB
1 33813U 93036BE  17057.65319907 +.00000886 +00000-0 +13650-3 0  9999
2 33813 074.0485 144.7391 0097469 331.2737 150.3511 14.72004889429552
0 COSMOS 2251 DEB
1 33813U 93036BE  17058.32111330  .00000898  00000-0  13823-3 0  9999
2 33813  74.0484 143.4409 0097504 329.8073  89.7674 14.72006066429726
0 COSMOS 2251 DEB
1 33813U 93036BE  17059.34222303  .00001014  00000-0  15537-3 0  9990
2 33813  74.0484 141.4562 0097554 327.5661 100.8483 14.72008607429879
0 COSMOS 2251 DEB
1 33813U 93036BE  17059.69314771 +.00000963 +00000-0 +14787-3 0  9997
2 33813 074.0484 140.7741 0097577 326.7924 160.4775 14.72008904429852
0 COSMOS 2251 DEB
1 33813U 93036BE  17060.64945905  .00001103  00000-0  16853-3 0  9996
2 33813  74.0483 138.9152 0097624 324.6868 188.1962 14.72011663430069
0 COSMOS 2251 DEB
1 33813U 93036BE  17061.66337275  .00001033  00000-0  15810-3 0  9998
2 33813  74.0481 136.9443 0097682 322.4512 161.1704 14.72013259430219
0 COSMOS 2251 DEB
1 33813U 93036BE  17062.41206968 +.00001099 +00000-0 +16792-3 0  9998
2 33813 074.0481 135.4889 0097712 320.8060 168.6972 14.72015174430252
0 COSMOS 2251 DEB
1 33813U 93036BE  17063.20910472  .00001087  00000-0  16609-3 0  9992
2 33813  74.0480 133.9396 0097754 319.0583  72.3818 14.72016879430447
0 COSMOS 2251 DEB
1 33813U 93036BE  17063.63957986 +.00001091 +00000-0 +16673-3 0  9996
2 33813 074.0479 133.1029 0097781 318.1128 193.5797 14.72017898430438
0 COSMOS 2251 DEB
1 33813U 93036BE  17064.23273347  .00001013  00000-0  15512-3 0  9990
2 33813  74.0478 131.9499 0097810 316.8134  96.8497 14.72018819430592
0 COSMOS 2251 DEB
1 33813U 93036BE  17065.25343399  .00000971  00000-0  14893-3 0  9991
2 33813  74.0477 129.9657 0097861 314.5765 105.8079 14.72021001430746
0 COSMOS 2251 DEB
1 33813U 93036BE  17065.61187844 +.00000914 +00000-0 +14054-3 0  9998
2 33813 074.0476 129.2689 0097885 313.7891 205.3010 14.72021443430729
0 COSMOS 2251 DEB
1 33813U 93036BE  17066.56027897  .00000886  00000-0  13641-3 0  9993
2 33813  74.0475 127.4252 0097929 311.7147 191.1280 14.72023472430933
0 COSMOS 2251 DEB
1 33813U 93036BE  17066.63035022 +.00000905 +00000-0 +13919-3 0  9990
2 33813 074.0475 127.2890 0097933 311.5614 202.4544 14.72023721430870
0 COSMOS 2251 DEB
1 33813U 93036BE  17067.57582225  .00000832  00000-0  12834-3 0  9990
2 33813  74.0473 125.4510 0097979 309.4943 172.7674 14.72025338431081
0 COSMOS 2251 DEB
1 33813U 93036BE  17067.90216851 +.00000808 +00000-0 +12479-3 0  9994
2 33813 074.0473 124.8166 0097998 308.7816 102.1655 14.72025871431069
0 COSMOS 2251 DEB
1 33813U 93036BE  17068.60097498  .00000790  00000-0  12222-3 0  9992
2 33813  74.0471 123.4581 0098017 307.2528 205.3372 14.72027137431238
0 COSMOS 2251 DEB
1 33813U 93036BE  17068.92224532 +.00000797 +00000-0 +12322-3 0  9996
2 33813 074.0471 122.8335 0098031 306.5519 107.8383 14.72027817431217
0 COSMOS 2251 DEB
1 33813U 93036BE  17069.54614076 +.00000782 +00000-0 +12102-3 0  9991
2 33813 074.0470 121.6206 0098059 305.1867 174.0391 14.72028886431303
0 COSMOS 2251 DEB
1 33813U 93036BE  17070.21502635  .00000776  00000-0  12017-3 0  9992
2 33813  74.0469 120.3202 0098083 303.7269 118.6556 14.72030151431473
0 COSMOS 2251 DEB
1 33813U 93036BE  17070.56546318 +.00000750 +00000-0 +11633-3 0  9991
2 33813 074.0469 119.6390 0098100 302.9621 175.7206 14.72030571431455
0 COSMOS 2251 DEB
1 33813U 93036BE  17071.52226667  .00000748  00000-0  11603-3 0  9994
2 33813  74.0468 117.7788 0098133 300.8694 206.1068 14.72032266431668
0 COSMOS 2251 DEB
1 33813U 93036BE  17071.58557653 +.00000758 +00000-0 +11742-3 0  9997
2 33813 074.0468 117.6557 0098129 300.7320 181.6038 14.72032429431600
0 COSMOS 2251 DEB
1 33813U 93036BE  17072.53735375  .00000736  00000-0  11418-3 0  9998
2 33813  74.0467 115.8054 0098160 298.6575 185.3528 14.72033973431816
0 COSMOS 2251 DEB
1 33813U 93036BE  17072.80883279 +.00000730 +00000-0 +11329-3 0  9990
2 33813 074.0466 115.2776 0098160 298.0682 183.9994 14.72034432431781
0 COSMOS 2251 DEB
1 33813U 93036BE  17073.56399795 +.00000704 +00000-0 +10942-3 0  9990
2 33813 074.0466 113.8094 0098196 296.4216 225.8480 14.72035524431961
0 COSMOS 2251 DEB
1 33813U 93036BE  17074.58239873 +.00000696 +00000-0 +10827-3 0  9995
2 33813 074.0465 111.8296 0098235 294.2018 222.6662 14.72037152432116
0 COSMOS 2251 DEB
1 33813U 93036BE  17075.53312325 +.00000718 +00000-0 +11158-3 0  9998
2 33813 074.0464 109.9812 0098260 292.1305 220.8517 14.72038792432188
0 COSMOS 2251 DEB
1 33813U 93036BE  17076.54781370 +.00000697 +00000-0 +10842-3 0  9995
2 33813 074.0463 108.0084 0098287 289.9220 198.0146 14.72040210432336
0 COSMOS 2251 DEB
1 33813U 93036BE  17077.49833486 +.00000686 +00000-0 +10686-3 0  9990
2 33813 074.0463 106.1604 0098312 287.8531 195.1289 14.72041530432549
0 COSMOS 2251 DEB
1 33813U 93036BE  17078.51771050 +.00000655 +00000-0 +10228-3 0  9990
2 33813 074.0462 104.1785 0098335 285.6368 197.1266 14.72042738432699
0 COSMOS 2251 DEB
1 33813U 93036BE  17079.46885775 +.00000671 +00000-0 +10460-3 0  9991
2 33813 074.0461 102.3292 0098361 283.5662 197.5679 14.72044115432765
0 COSMOS 2251 DEB
1 33813U 93036BE  17080.13684208 +.00000687 +00000-0 +10699-3 0  9996
2 33813 074.0461 101.0304 0098363 282.1117 137.4391 14.72045128432935
0 COSMOS 2251 DEB
1 33813U 93036BE  17081.15793354 +.00000759 +00000-0 +11758-3 0  9999
2 33813 074.0460 099.0451 0098377 279.8932 148.5441 14.72047046433083
0 COSMOS 2251 DEB
1 33813U 93036BE  17082.46483476 +.00001020 +00000-0 +15592-3 0  9997
2 33813 074.0461 096.5041 0098369 277.0407 234.2786 14.72050801433201
0 COSMOS 2251 DEB
1 33813U 93036BE  17083.80585174 +.00001000 +00000-0 +15297-3 0  9994
2 33813 074.0460 093.8968 0098389 274.1249 140.8015 14.72053066433407
0 COSMOS 2251 DEB
1 33813U 93036BE  17084.42961797 +.00000994 +00000-0 +15206-3 0  9993
2 33813 074.0460 092.6841 0098395 272.7615 206.3697 14.72054120433497
0 COSMOS 2251 DEB
1 33813U 93036BE  17085.45004146 +.00001052 +00000-0 +16069-3 0  9997
2 33813 074.0461 090.7001 0098392 270.5447 213.9664 14.72056430433642
0 COSMOS 2251 DEB
1 33813U 93036BE  17086.79746764 +.00001210 +00000-0 +18396-3 0  9995
2 33813 074.0463 088.0805 0098405 267.6237 154.4790 14.72060248433848
0 COSMOS 2251 DEB
1 33813U 93036BE  17087.94452078 +.00001302 +00000-0 +19744-3 0  9995
2 33813 074.0464 085.8502 0098381 265.1295 113.1640 14.72063556434019
0 COSMOS 2251 DEB
1 33813U 93036BE  17088.96609019 +.00001334 +00000-0 +20214-3 0  9996
2 33813 074.0465 083.8639 0098372 262.9063 126.8707 14.72066142434162
0 COSMOS 2251 DEB
1 33813U 93036BE  17089.78785807 +.00001386 +00000-0 +20981-3 0  9995
2 33813 074.0465 082.2662 0098353 261.1152 161.7599 14.72068474434280
0 COSMOS 2251 DEB
1 33813U 93036BE  17090.73769095 +.00001295 +00000-0 +19637-3 0  9998
2 33813 074.0466 080.4194 0098340 259.0440 155.3271 14.72070432434422
0 COSMOS 2251 DEB
1 33813U 93036BE  17091.95476719 +.00001218 +00000-0 +18512-3 0  9997
2 33813 074.0467 078.0530 0098294 256.3935 125.1380 14.72073207434606
0 COSMOS 2251 DEB
1 33813U 93036BE  17092.38920448 +.00001183 +00000-0 +17987-3 0  9994
2 33813 074.0468 077.2084 0098295 255.4483 267.4099 14.72074081434733
0 COSMOS 2251 DEB
1 33813U 93036BE  17093.72801618 +.00001052 +00000-0 +16065-3 0  9991
2 33813 074.0469 074.6053 0098252 252.5312 162.3675 14.72076557434860
0 COSMOS 2251 DEB
1 33813U 93036BE  17094.35325271 +.00001013 +00000-0 +15486-3 0  9990
2 33813 074.0470 073.3897 0098234 251.1681 235.7797 14.72077783434950
0 COSMOS 2251 DEB
1 33813U 93036BE  17095.37759147 +.00001134 +00000-0 +17269-3 0  9991
2 33813 074.0472 071.3982 0098181 248.9307 264.2309 14.72080981435103
0 COSMOS 2251 DEB
1 33813U 93036BE  17096.46252675 +.00000946 +00000-0 +14496-3 0  9995
2 33813 074.0473 069.2887 0098168 246.5631 253.8151 14.72082463435266
0 COSMOS 2251 DEB
1 33813U 93036BE  17097.87207146 +.00000838 +00000-0 +12902-3 0  9994
2 33813 074.0476 066.5483 0098109 243.4866 163.6716 14.72085000435470
0 COSMOS 2251 DEB
1 33813U 93036BE  17098.36796088 +.00000901 +00000-0 +13837-3 0  9996
2 33813 074.0477 065.5842 0098090 242.4013 271.6360 14.72086462435615
0 COSMOS 2251 DEB
1 33813U 93036BE  17099.58576536 +.00000865 +00000-0 +13300-3 0  9999
2 33813 074.0478 063.2166 0098029 239.7352 245.3932 14.72088883435798
0 COSMOS 2251 DEB
1 33813U 93036BE  17100.85869882 +.00000767 +00000-0 +11865-3 0  9996
2 33813 074.0480 060.7416 0097955 236.9492 151.3150 14.72090900435984
0 COSMOS 2251 DEB
1 33813U 93036BE  17101.28563309 +.00000733 +00000-0 +11363-3 0  9995
2 33813 074.0480 059.9115 0097958 236.0160 253.8584 14.72091529435972
0 COSMOS 2251 DEB
1 33813U 93036BE  17102.30889422 +.00000770 +00000-0 +11905-3 0  9999
2 33813 074.0482 057.9222 0097911 233.7730 276.6537 14.72093620436197
0 COSMOS 2251 DEB
1 33813U 93036BE  17103.92201014 +.00000711 +00000-0 +11041-3 0  9999
2 33813 074.0484 054.7860 0097837 230.2381 185.4063 14.72096042436364
0 COSMOS 2251 DEB
1 33813U 93036BE  17104.94250076 +.00000724 +00000-0 +11228-3 0  9995
2 33813 074.0485 052.8021 0097787 227.9970 193.5390 14.72097862436515
0 COSMOS 2251 DEB
1 33813U 93036BE  17105.96314674 +.00000710 +00000-0 +11016-3 0  9993
2 33813 074.0486 050.8179 0097731 225.7548 202.5025 14.72099545436666
0 COSMOS 2251 DEB
1 33813U 93036BE  17106.91331362 +.00000718 +00000-0 +11143-3 0  9991
2 33813 074.0488 048.9708 0097692 223.6731 197.9577 14.72101173436807
0 COSMOS 2251 DEB
1 33813U 93036BE  17107.92824227 +.00000796 +00000-0 +12288-3 0  9997
2 33813 074.0489 046.9977 0097643 221.4440 176.6327 14.72103278436954
0 COSMOS 2251 DEB
1 33813U 93036BE  17108.88298851 +.00000804 +00000-0 +12403-3 0  9990
2 33813 074.0490 045.1417 0097596 219.3496 196.3695 14.72104880437093
0 COSMOS 2251 DEB
1 33813U 93036BE  17109.90346347 +.00000823 +00000-0 +12682-3 0  9998
2 33813 074.0491 043.1579 0097540 217.1043 204.4547 14.72106762437249
0 COSMOS 2251 DEB
1 33813U 93036BE  17110.92550241 +.00000984 +00000-0 +15052-3 0  9994
2 33813 074.0493 041.1711 0097483 214.8549 220.8413 14.72109792437394
0 COSMOS 2251 DEB
1 33813U 93036BE  17111.87440796 +.00001071 +00000-0 +16332-3 0  9992
2 33813 074.0493 039.3265 0097433 212.7710 209.6485 14.72112014437608
0 COSMOS 2251 DEB
1 33813U 93036BE  17112.89437131 +.00001306 +00000-0 +19803-3 0  9991
2 33813 074.0494 037.3436 0097379 210.5226 215.0564 14.72115690437752
0 COSMOS 2251 DEB
1 33813U 93036BE  17113.84396963 +.00001490 +00000-0 +22510-3 0  9997
2 33813 074.0495 035.4975 0097335 208.4304 207.5654 14.72119108437827
0 COSMOS 2251 DEB
1 33813U 93036BE  17114.86618635 +.00001436 +00000-0 +21715-3 0  9999
2 33813 074.0494 033.5102 0097280 206.1712 224.9385 14.72121412437975
0 COSMOS 2251 DEB
1 33813U 93036BE  17115.88552102 +.00001246 +00000-0 +18913-3 0  9993
2 33813 074.0494 031.5285 0097221 203.9170 227.0482 14.72123027438194
0 COSMOS 2251 DEB
1 33813U 93036BE  17116.83519959 +.00001151 +00000-0 +17519-3 0  9998
2 33813 074.0495 029.6822 0097168 201.8283 220.0028 14.72124988438266
0 COSMOS 2251 DEB
1 33813U 93036BE  17117.85652606 +.00000936 +00000-0 +14342-3 0  9999
2 33813 074.0494 027.6966 0097113 199.5692 232.6861 14.72126363438419
0 COSMOS 2251 DEB
1 33813U 93036BE  17118.80487410 +.00000841 +00000-0 +12947-3 0  9998
2 33813 074.0495 025.8529 0097061 197.4772 218.6088 14.72128046438553
0 COSMOS 2251 DEB
1 33813U 93036BE  17119.75714689 +.00000826 +00000-0 +12730-3 0  9997
2 33813 074.0495 024.0016 0097023 195.3541 225.3616 14.72130065438695
0 COSMOS 2251 DEB
1 33813U 93036BE  17120.92519007 +.00000772 +00000-0 +11927-3 0  9992
2 33813 074.0495 021.7309 0096978 192.7801 295.6071 14.72132047438868
0 COSMOS 2251 DEB
1 33813U 93036BE  17121.79652325 +.00000747 +00000-0 +11564-3 0  9998
2 33813 074.0494 020.0369 0096935 190.8461 233.4057 14.72133499439068
0 COSMOS 2251 DEB
1 33813U 93036BE  17122.15266831 +.00000745 +00000-0 +11534-3 0  9997
2 33813 074.0494 019.3446 0096918 190.0587 320.8632 14.72134073439044
0 COSMOS 2251 DEB
1 33813U 93036BE  17122.81624517 +.00000707 +00000-0 +10975-3 0  9995
2 33813 074.0494 018.0545 0096891 188.5831 237.6233 14.72134984439216
0 COSMOS 2251 DEB
1 33813U 93036BE  17123.16691498 +.00000686 +00000-0 +10661-3 0  9994
2 33813 074.0494 017.3727 0096875 187.8089 296.0641 14.72135404439196
0 COSMOS 2251 DEB
1 33813U 93036BE  17123.83731205 +.00000681 +00000-0 +10578-3 0  9991
2 33813 074.0493 016.0694 0096844 186.3262 248.9647 14.72136429439366
0 COSMOS 2251 DEB
1 33813U 93036BE  17124.11878785 +.00000669 +00000-0 +10405-3 0  9993
2 33813 074.0493 015.5221 0096834 185.7024 300.7028 14.72136779439339
0 COSMOS 2251 DEB
1 33813U 93036BE  17124.78667251 +.00000674 +00000-0 +10482-3 0  9991
2 33813 074.0492 014.2237 0096805 184.2189 240.2975 14.72137787439435
0 COSMOS 2251 DEB
1 33813U 93036BE  17125.13817900 +.00000621 +00000-0 +97057-4 0  9995
2 33813 074.0492 013.5403 0096789 183.4446 303.1733 14.72137934439480
0 COSMOS 2251 DEB
1 33813U 93036BE  17126.09617389 +.00000576 +00000-0 +90319-4 0  9993
2 33813 074.0491 011.6777 0096750 181.3251 340.2634 14.72138926439698
0 COSMOS 2251 DEB
1 33813U 93036BE  17126.75789916 +.00000595 +00000-0 +93224-4 0  9991
2 33813 074.0490 010.3912 0096718 179.8515 247.2240 14.72139876439721
0 COSMOS 2251 DEB
1 33813U 93036BE  17127.43549740 +.00000563 +00000-0 +88492-4 0  9992
2 33813 074.0490 009.0738 0096691 178.3500 238.3007 14.72140471439826
0 COSMOS 2251 DEB
1 33813U 93036BE  17127.77702281 +.00000579 +00000-0 +90832-4 0  9998
2 33813 074.0489 008.4098 0096681 177.5915 248.2908 14.72141001439871
0 COSMOS 2251 DEB
1 33813U 93036BE  17128.13381688 +.00000550 +00000-0 +86551-4 0  9995
2 33813 074.0489 007.7162 0096654 176.8102 339.1885 14.72141195439996
0 COSMOS 2251 DEB
1 33813U 93036BE  17128.72665567 +.00000572 +00000-0 +89803-4 0  9998
2 33813 074.0488 006.5636 0096634 175.4928 241.0724 14.72142056440012
0 COSMOS 2251 DEB
1 33813U 93036BE  17129.35078997 +.00000569 +00000-0 +89322-4 0  9995
2 33813 074.0488 005.3501 0096613 174.1043 308.8167 14.72142762440175
0 COSMOS 2251 DEB
1 33813U 93036BE  17129.74718031 +.00000567 +00000-0 +88965-4 0  9998
2 33813 074.0488 004.5795 0096608 173.2160 249.5864 14.72143220440169
0 COSMOS 2251 DEB
1 33813U 93036BE  17130.10385113 +.00000566 +00000-0 +88916-4 0  9996
2 33813 074.0487 003.8860 0096588 172.4269 339.8427 14.72143612440210
0 COSMOS 2251 DEB
1 33813U 93036BE  17130.62442372 +.00000573 +00000-0 +89875-4 0  9997
2 33813 074.0487 002.8739 0096568 171.2692 218.7405 14.72144302440295
0 COSMOS 2251 DEB
1 33813U 93036BE  17130.62442372 +.00000573 +00000-0 +89875-4 0  9997
2 33813 074.0487 002.8739 0096568 171.2692 218.7405 14.72144302440363
0 COSMOS 2251 DEB
1 33813U 93036BE  17131.04912903 +.00000633 +00000-0 +98683-4 0  9990
2 33813 074.0487 002.0481 0096553 170.3335 309.5594 14.72145134440358
0 COSMOS 2251 DEB
1 33813U 93036BE  17131.71804514 +.00000589 +00000-0 +92258-4 0  9994
2 33813 074.0486 000.7475 0096544 168.8371 254.6493 14.72145658440525
0 COSMOS 2251 DEB
1 33813U 93036BE  17132.07428713 +.00000583 +00000-0 +91397-4 0  9994
2 33813 074.0485 000.0549 0096536 168.0428 342.6421 14.72146021440507
0 COSMOS 2251 DEB
1 33813U 93036BE  17132.73892271 +.00000571 +00000-0 +89596-4 0  9996
2 33813 074.0484 358.7627 0096519 166.5672 265.0393 14.72146800440670
0 COSMOS 2251 DEB
1 33813U 93036BE  17133.61492891 +.00000563 +00000-0 +88459-4 0  9996
2 33813 074.0483 357.0595 0096496 164.6197 227.6509 14.72147792440731
0 COSMOS 2251 DEB
1 33813U 93036BE  17134.31122979 +.00000557 +00000-0 +87511-4 0  9992
2 33813 074.0483 355.7057 0096468 163.0757 317.8672 14.72148509440834
0 COSMOS 2251 DEB
1 33813U 93036BE  17135.58610627 +.00000601 +00000-0 +93940-4 0  9997
2 33813 074.0481 353.2270 0096429 160.2462 234.3957 14.72150269441028
0 COSMOS 2251 DEB
1 33813U 93036BE  17135.73785432 +.00000592 +00000-0 +92678-4 0  9997
2 33813 074.0482 352.9320 0096413 159.9126 318.6196 14.72150389441042
0 COSMOS 2251 DEB
1 33813U 93036BE  17136.61126991 +.00000683 +00000-0 +10610-3 0  9990
2 33813 074.0481 351.2338 0096388 157.9711 267.5134 14.72151942441175
0 COSMOS 2251 DEB
1 33813U 93036BE  17136.96130469 +.00000690 +00000-0 +10709-3 0  9990
2 33813 074.0481 350.5533 0096378 157.1951 322.6133 14.72152413441223
0 COSMOS 2251 DEB
1 33813U 93036BE  17137.62876323 +.00000716 +00000-0 +11089-3 0  9991
2 33813 074.0480 349.2554 0096352 155.7136 259.9851 14.72153398441324
0 COSMOS 2251 DEB
1 33813U 93036BE  17137.69956385 +.00000719 +00000-0 +11136-3 0  9991
2 33813 074.0480 349.1177 0096346 155.5604 275.2080 14.72153514441409
0 COSMOS 2251 DEB
1 33813U 93036BE  17138.05521875 +.00000743 +00000-0 +11495-3 0  9999
2 33813 074.0480 348.4261 0096322 154.7717 000.0956 14.72154124441386
0 COSMOS 2251 DEB
1 33813U 93036BE  17138.71985403 +.00000786 +00000-0 +12121-3 0  9997
2 33813 074.0479 347.1337 0096301 153.2937 282.5117 14.72155242441556
0 COSMOS 2251 DEB
1 33813U 93036BE  17139.60020493 +.00000841 +00000-0 +12943-3 0  9999
2 33813 074.0478 345.4219 0096274 151.3364 268.1756 14.72156791441613
0 COSMOS 2251 DEB
1 33813U 93036BE  17139.95125141 +.00000860 +00000-0 +13217-3 0  9999
2 33813 074.0477 344.7394 0096258 150.5580 328.6436 14.72157431441665
0 COSMOS 2251 DEB
1 33813U 93036BE  17140.61895816 +.00000988 +00000-0 +15106-3 0  9997
2 33813 074.0476 343.4410 0096234 149.0749 267.3486 14.72159442441762
0 COSMOS 2251 DEB
1 33813U 93036BE  17140.97085594 +.00000972 +00000-0 +14868-3 0  9997
2 33813 074.0476 342.7568 0096221 148.2952 332.3294 14.72159885441818
0 COSMOS 2251 DEB
1 33813U 93036BE  17141.63895962 +.00000992 +00000-0 +15170-3 0  9998
2 33813 074.0475 341.4576 0096202 146.8117 273.1391 14.72161186441916
0 COSMOS 2251 DEB
1 33813U 93036BE  17141.92232528 +.00000966 +00000-0 +14783-3 0  9993
2 33813 074.0476 340.9067 0096208 146.1852 334.9164 14.72161559441953
0 COSMOS 2251 DEB
1 33813U 93036BE  17142.65982292 +.00000956 +00000-0 +14633-3 0  9997
2 33813 074.0475 339.4725 0096186 144.5465 283.5068 14.72162960442133
0 COSMOS 2251 DEB
1 33813U 93036BE  17143.61073282 +.00000930 +00000-0 +14242-3 0  9992
2 33813 074.0475 337.6236 0096168 142.4396 283.1414 14.72164831442208
0 COSMOS 2251 DEB
1 33813U 93036BE  17143.96176218 +.00000939 +00000-0 +14374-3 0  9998
2 33813 074.0475 336.9410 0096157 141.6615 343.5294 14.72165596442258
0 COSMOS 2251 DEB
1 33813U 93036BE  17144.62980993 +.00000941 +00000-0 +14412-3 0  9991
2 33813 074.0475 335.6420 0096143 140.1786 284.0588 14.72167059442355
0 COSMOS 2251 DEB
1 33813U 93036BE  17144.91135545 +.00000921 +00000-0 +14118-3 0  9999
2 33813 074.0475 335.0945 0096138 139.5568 336.1957 14.72167536442466
0 COSMOS 2251 DEB
1 33813U 93036BE  17145.57970894 +.00000907 +00000-0 +13905-3 0  9993
2 33813 074.0474 333.7949 0096101 138.0681 278.3540 14.72168860442493
0 COSMOS 2251 DEB
1 33813U 93036BE  17145.93115955 +.00000932 +00000-0 +14275-3 0  9991
2 33813 074.0474 333.1115 0096090 137.2890 340.9802 14.72169733442545
0 COSMOS 2251 DEB
1 33813U 93036BE  17146.60000140 +.00000903 +00000-0 +13845-3 0  9995
2 33813 074.0474 331.8109 0096096 135.8155 285.7148 14.72170887442649
0 COSMOS 2251 DEB
1 33813U 93036BE  17146.95819451 +.00000884 +00000-0 +13561-3 0  9999
2 33813 074.0474 331.1144 0096069 135.0125 024.0856 14.72171479442693
0 COSMOS 2251 DEB
1 33813U 93036BE  17147.62068623 +.00000867 +00000-0 +13313-3 0  9997
2 33813 074.0474 329.8262 0096060 133.5502 295.1739 14.72172694442793
0 COSMOS 2251 DEB
1 33813U 93036BE  17147.90183479 +.00000826 +00000-0 +12715-3 0  9995
2 33813 074.0474 329.2796 0096039 132.9223 345.2190 14.72172970442838
0 COSMOS 2251 DEB
1 33813U 93036BE  17148.92168917 +.00000924 +00000-0 +14162-3 0  9995
2 33813 074.0474 327.2964 0096014 130.6626 350.2889 14.72175825442987
0 COSMOS 2251 DEB
1 33813U 93036BE  17149.52160713 +.00000923 +00000-0 +14137-3 0  9999
2 33813 074.0473 326.1298 0095989 129.3212 289.7751 14.72177099443148
0 COSMOS 2251 DEB
1 33813U 93036BE  17149.94156264 +.00001094 +00000-0 +16655-3 0  9998
2 33813 074.0473 325.3132 0095973 128.3732 355.5004 14.72179228443133
0 COSMOS 2251 DEB
1 33813U 93036BE  17150.54035809 +.00001068 +00000-0 +16276-3 0  9997
2 33813 074.0473 324.1488 0095955 127.0443 289.0338 14.72180494443294
0 COSMOS 2251 DEB
1 33813U 93036BE  17150.89202972 +.00001012 +00000-0 +15455-3 0  9999
2 33813 074.0473 323.4650 0095944 126.2619 352.8483 14.72180994443274
0 COSMOS 2251 DEB
1 33813U 93036BE  17151.91147003 +.00000979 +00000-0 +14973-3 0  9991
2 33813 074.0474 321.4826 0095910 123.9896 355.7633 14.72183347443423
0 COSMOS 2251 DEB
1 33813U 93036BE  17152.93163281 +.00000946 +00000-0 +14484-3 0  9991
2 33813 074.0474 319.4989 0095884 121.7587 002.4728 14.72185726443573
0 COSMOS 2251 DEB
1 33813U 93036BE  17153.26016167 +.00000941 +00000-0 +14410-3 0  9992
2 33813 074.0475 318.8600 0095875 121.0234 303.6443 14.72186474443626
0 COSMOS 2251 DEB
1 33813U 93036BE  17153.53163332 +.00000914 +00000-0 +14007-3 0  9991
2 33813 074.0475 318.3321 0095872 120.4291 302.4059 14.72187003443667
0 COSMOS 2251 DEB
1 33813U 93036BE  17153.88182601 +.00000886 +00000-0 +13597-3 0  9990
2 33813 074.0475 317.6512 0095860 119.6559 358.3845 14.72187622443788
0 COSMOS 2251 DEB
1 33813U 93036BE  17154.55129611 +.00000806 +00000-0 +12410-3 0  9992
2 33813 074.0475 316.3494 0095842 118.1612 306.5128 14.72188632443812
0 COSMOS 2251 DEB
1 33813U 93036BE  17154.90889205 +.00000827 +00000-0 +12726-3 0  9996
2 33813 074.0475 315.6540 0095823 117.3720 041.7311 14.72189552443933
0 COSMOS 2251 DEB
1 33813U 93036BE  17155.58084663 +.00000767 +00000-0 +11844-3 0  9999
2 33813 074.0475 314.3474 0095803 115.8748 003.0274 14.72190452443969
0 COSMOS 2251 DEB
1 33813U 93036BE  17155.85223512 +.00000762 +00000-0 +11762-3 0  9991
2 33813 074.0476 313.8197 0095793 115.2687 001.3633 14.72190886444007
0 COSMOS 2251 DEB
1 33813U 93036BE  17156.52122545 +.00000690 +00000-0 +10704-3 0  9995
2 33813 074.0476 312.5189 0095776 113.7864 306.9446 14.72191616444104
0 COSMOS 2251 DEB
1 33813U 93036BE  17156.87787119 +.00000710 +00000-0 +11004-3 0  9994
2 33813 074.0476 311.8254 0095762 112.9892 037.1397 14.72192317444158
0 COSMOS 2251 DEB
1 33813U 93036BE  17157.55108539 +.00000696 +00000-0 +10790-3 0  9997
2 33813 074.0477 310.5164 0095742 111.4928 005.1160 14.72193349444257
0 COSMOS 2251 DEB
1 33813U 93036BE  17157.62061744 +.00000697 +00000-0 +10812-3 0  9997
2 33813 074.0477 310.3812 0095739 111.3363 013.6319 14.72193455444262
0 COSMOS 2251 DEB
1 33813U 93036BE  17158.84869861 +.00000683 +00000-0 +10604-3 0  9992
2 33813 074.0477 307.9933 0095702 108.6025 042.3651 14.72195291444440
0 COSMOS 2251 DEB
1 33813U 93036BE  17159.52067623 +.00000636 +00000-0 +99055-4 0  9990
2 33813 074.0478 306.6866 0095683 107.1095 003.7932 14.72196047444545
0 COSMOS 2251 DEB
1 33813U 93036BE  17159.86900080 +.00000643 +00000-0 +10006-3 0  9996
2 33813 074.0478 306.0094 0095668 106.3360 049.8871 14.72196628444594
0 COSMOS 2251 DEB
1 33813U 93036BE  17160.81925560 +.00000620 +00000-0 +96675-4 0  9995
2 33813 074.0479 304.1617 0095638 104.2225 046.1705 14.72197897444808
0 COSMOS 2251 DEB
1 33813U 93036BE  17161.56223934 +.00000607 +00000-0 +94791-4 0  9996
2 33813 074.0479 302.7170 0095620 102.5661 023.9390 14.72198892444845
0 COSMOS 2251 DEB
1 33813U 93036BE  17161.83871553 +.00000603 +00000-0 +94268-4 0  9997
2 33813 074.0480 302.1794 0095611 101.9487 049.2475 14.72199247444954
0 COSMOS 2251 DEB
1 33813U 93036BE  17162.58123670 +.00000609 +00000-0 +95107-4 0  9999
2 33813 074.0480 300.7356 0095587 100.2982 024.5636 14.72200346444998
0 COSMOS 2251 DEB
1 33813U 93036BE  17162.85267012 +.00000609 +00000-0 +95110-4 0  9992
2 33813 074.0480 300.2078 0095578 099.6931 023.1460 14.72200711445109
0 COSMOS 2251 DEB
1 33813U 93036BE  17163.53148909 +.00000669 +00000-0 +10396-3 0  9999
2 33813 074.0481 298.8879 0095562 098.1803 020.8515 14.72201988445131
0 COSMOS 2251 DEB
1 33813U 93036BE  17163.80335587 +.00000672 +00000-0 +10443-3 0  9996
2 33813 074.0481 298.3592 0095555 097.5740 021.7325 14.72202371445173
0 COSMOS 2251 DEB
1 33813U 93036BE  17164.47255756 +.00000688 +00000-0 +10672-3 0  9990
2 33813 074.0481 297.0580 0095536 096.0870 328.4669 14.72203470445273
0 COSMOS 2251 DEB
1 33813U 93036BE  17164.82990681 +.00000661 +00000-0 +10284-3 0  9992
2 33813 074.0482 296.3631 0095524 095.2876 062.4045 14.72203784445324
0 COSMOS 2251 DEB
1 33813U 93036BE  17165.50208028 +.00000713 +00000-0 +11049-3 0  9993
2 33813 074.0482 295.0562 0095508 093.7906 024.8961 14.72205083445426
0 COSMOS 2251 DEB
1 33813U 93036BE  17165.84942000 +.00000720 +00000-0 +11149-3 0  9994
2 33813 074.0483 294.3808 0095502 093.0121 065.7880 14.72205624445478
0 COSMOS 2251 DEB
1 33813U 93036BE  17166.36331167  .00000717  00000-0  10570-3 0  9991
2 33813  74.0478 293.3857 0095672  92.1774 269.0817 14.72206255445624
0 COSMOS 2251 DEB
1 33813U 93036BE  17166.79912985 +.00000628 +00000-0 +97845-4 0  9993
2 33813 074.0483 292.5342 0095484 090.8869 059.2256 14.72206509445618
0 COSMOS 2251 DEB
1 33813U 93036BE  17167.54197716 +.00000670 +00000-0 +10404-3 0  9996
2 33813 074.0484 291.0898 0095460 089.2335 036.2927 14.72207900445721
0 COSMOS 2251 DEB
1 33813U 93036BE  17167.81361126 +.00000670 +00000-0 +10410-3 0  9991
2 33813 074.0484 290.5617 0095456 088.6263 035.9480 14.72208319445761
0 COSMOS 2251 DEB
1 33813U 93036BE  17168.41368187 +.00000748 +00000-0 +11556-3 0  9990
2 33813 074.0484 289.3949 0095445 087.2870 336.3115 14.72209788445924
0 COSMOS 2251 DEB
1 33813U 93036BE  17169.43390605 +.00000714 +00000-0 +11059-3 0  9994
2 33813 074.0484 287.4112 0095433 085.0119 343.4810 14.72211190446072
0 COSMOS 2251 DEB
1 33813U 93036BE  17169.78341678 +.00000686 +00000-0 +10648-3 0  9999
2 33813 074.0484 286.7316 0095436 084.2261 035.8889 14.72211550446058
0 COSMOS 2251 DEB
1 33813U 93036BE  17170.45383986 +.00000667 +00000-0 +10363-3 0  9996
2 33813 074.0484 285.4280 0095416 082.7298 349.1252 14.72212526446223
0 COSMOS 2251 DEB
1 33813U 93036BE  17171.40301440 +.00000633 +00000-0 +98607-4 0  9998
2 33813 074.0484 283.5825 0095405 080.6055 339.7512 14.72213801446291
0 COSMOS 2251 DEB
1 33813U 93036BE  17171.76032774 +.00000615 +00000-0 +96057-4 0  9995
2 33813 074.0484 282.8878 0095393 079.8045 073.5142 14.72214203446341
0 COSMOS 2251 DEB
1 33813U 93036BE  17171.76032774 +.00000615 +00000-0 +96057-4 0  9995
2 33813 074.0484 282.8878 0095393 079.8045 073.5142 14.72214203446419
0 COSMOS 2251 DEB
1 33813U 93036BE  17173.30039285 +.00000598 +00000-0 +93504-4 0  9995
2 33813 074.0483 279.8934 0095379 076.3579 315.8724 14.72216390446579
0 COSMOS 2251 DEB
1 33813U 93036BE  17173.30039285 +.00000598 +00000-0 +93504-4 0  9995
2 33813 074.0483 279.8934 0095379 076.3579 315.8724 14.72216390446647
0 COSMOS 2251 DEB
1 33813U 93036BE  17174.75059303 +.00000552 +00000-0 +86695-4 0  9991
2 33813 074.0483 277.0737 0095334 073.1184 081.9494 14.72218108446785
0 COSMOS 2251 DEB
1 33813U 93036BE  17175.61670432 +.00000542 +00000-0 +85251-4 0  9995
2 33813 074.0483 275.3896 0095311 071.1851 352.3520 14.72219172446918
0 COSMOS 2251 DEB
1 33813U 93036BE  17175.61670432 +.00000542 +00000-0 +85251-4 0  9995
2 33813 074.0483 275.3896 0095311 071.1851 352.3520 14.72219172446985
0 COSMOS 2251 DEB
1 33813U 93036BE  17176.29017378 +.00000549 +00000-0 +86197-4 0  9991
2 33813 074.0483 274.0802 0095306 069.6785 321.7560 14.72220089447018
0 COSMOS 2251 DEB
1 33813U 93036BE  17177.24115812 +.00000561 +00000-0 +88050-4 0  9993
2 33813 074.0484 272.2311 0095305 067.5557 321.9943 14.72221377447228
0 COSMOS 2251 DEB
1 33813U 93036BE  17177.58695692 +.00000549 +00000-0 +86251-4 0  9996
2 33813 074.0484 271.5587 0095294 066.7778 354.7422 14.72221714447207
0 COSMOS 2251 DEB
1 33813U 93036BE  17178.33465491 +.00000533 +00000-0 +83849-4 0  9995
2 33813 074.0483 270.1048 0095287 065.1069 357.5636 14.72222574447383
0 COSMOS 2251 DEB
1 33813U 93036BE  17179.35458696 +.00000511 +00000-0 +80632-4 0  9990
2 33813 074.0482 268.1216 0095273 062.8227 003.2421 14.72223704447531
0 COSMOS 2251 DEB
1 33813U 93036BE  17180.30384947 +.00000470 +00000-0 +74603-4 0  9999
2 33813 074.0482 266.2759 0095278 060.6947 354.3751 14.72224634447609
0 COSMOS 2251 DEB
1 33813U 93036BE  17180.65543914 +.00000478 +00000-0 +75817-4 0  9994
2 33813 074.0481 265.5922 0095288 059.9069 057.8165 14.72225072447723
0 COSMOS 2251 DEB
1 33813U 93036BE  17181.68188412 +.00000423 +00000-0 +67704-4 0  9992
2 33813 074.0481 263.5966 0095303 057.6158 098.0145 14.72225898447878
0 COSMOS 2251 DEB
1 33813U 93036BE  17182.63342274 +.00000440 +00000-0 +70212-4 0  9993
2 33813 074.0481 261.7465 0095303 055.4866 101.2153 14.72227036447944
0 COSMOS 2251 DEB
1 33813U 93036BE  17183.37376132 +.00000483 +00000-0 +76513-4 0  9992
2 33813 074.0480 260.3071 0095312 053.8322 065.0458 14.72228045448127
0 COSMOS 2251 DEB
1 33813U 93036BE  17183.91688922 +.00000512 +00000-0 +80875-4 0  9994
2 33813 074.0479 259.2510 0095319 052.6195 063.6514 14.72228824448135
0 COSMOS 2251 DEB
1 33813U 93036BE  17184.24708270 +.00000510 +00000-0 +80519-4 0  9993
2 33813 074.0479 258.6090 0095322 051.8849 013.6908 14.72229154448186
0 COSMOS 2251 DEB
1 33813U 93036BE  17184.59743553 +.00000485 +00000-0 +76871-4 0  9991
2 33813 074.0478 257.9278 0095323 051.0979 070.5830 14.72229312448230
0 COSMOS 2251 DEB
1 33813U 93036BE  17184.66547590 +.00000487 +00000-0 +77075-4 0  9991
2 33813 074.0478 257.7955 0095325 050.9463 071.2004 14.72229398448312
0 COSMOS 2251 DEB
1 33813U 93036BE  17185.62195885 +.00000456 +00000-0 +72630-4 0  9992
2 33813 074.0477 255.9357 0095349 048.8049 100.6173 14.72230169448388
0 COSMOS 2251 DEB
1 33813U 93036BE  17186.21678015 +.00000462 +00000-0 +73515-4 0  9999
2 33813 074.0477 254.7791 0095349 047.4782 013.2032 14.72230831448543
0 COSMOS 2251 DEB
1 33813U 93036BE  17186.63562284 +.00000461 +00000-0 +73348-4 0  9998
2 33813 074.0476 253.9646 0095359 046.5365 073.1004 14.72231211448536
0 COSMOS 2251 DEB
1 33813U 93036BE  17187.58758649 +.00000431 +00000-0 +68964-4 0  9990
2 33813 074.0475 252.1136 0095377 044.4078 078.5689 14.72231996448671
0 COSMOS 2251 DEB
1 33813U 93036BE  17188.60585317 +.00000436 +00000-0 +69655-4 0  9997
2 33813 074.0474 250.1336 0095399 042.1311 075.4497 14.72232942448821
0 COSMOS 2251 DEB
1 33813U 93036BE  17189.63334101 +.00000460 +00000-0 +73204-4 0  9996
2 33813 074.0472 248.1356 0095444 039.8371 121.2041 14.72234028448976
0 COSMOS 2251 DEB
1 33813U 93036BE  17190.57621316 +.00000527 +00000-0 +83056-4 0  9998
2 33813 074.0471 246.3022 0095458 037.7354 078.4911 14.72235324449181
0 COSMOS 2251 DEB
1 33813U 93036BE  17191.59568946 +.00000592 +00000-0 +92662-4 0  9995
2 33813 074.0470 244.3199 0095465 035.4563 081.7970 14.72236780449266
0 COSMOS 2251 DEB
1 33813U 93036BE  17191.59568946 +.00000592 +00000-0 +92662-4 0  9995
2 33813 074.0470 244.3199 0095465 035.4563 081.7970 14.72236780449334
0 COSMOS 2251 DEB
1 33813U 93036BE  17192.19535953 +.00000583 +00000-0 +91343-4 0  9999
2 33813 074.0469 243.1537 0095472 034.1217 020.0924 14.72237446449352
0 COSMOS 2251 DEB
1 33813U 93036BE  17192.55418916 +.00000618 +00000-0 +96515-4 0  9993
2 33813 074.0468 242.4559 0095480 033.3184 121.9205 14.72237988449400
0 COSMOS 2251 DEB
1 33813U 93036BE  17193.21546949 +.00000533 +00000-0 +84009-4 0  9996
2 33813 074.0468 241.1702 0095519 031.8562 026.7462 14.72238235449573
0 COSMOS 2251 DEB
1 33813U 93036BE  17193.57237407 +.00000536 +00000-0 +84344-4 0  9996
2 33813 074.0467 240.4762 0095535 031.0571 118.3730 14.72238622449554
0 COSMOS 2251 DEB
1 33813U 93036BE  17194.59260341 +.00000578 +00000-0 +90497-4 0  9994
2 33813 074.0464 238.4922 0095568 028.7792 125.6787 14.72240018449702
0 COSMOS 2251 DEB
1 33813U 93036BE  17194.59260341 +.00000578 +00000-0 +90497-4 0  9994
2 33813 074.0464 238.4922 0095568 028.7792 125.6787 14.72240018449779
0 COSMOS 2251 DEB
1 33813U 93036BE  17195.54299378 +.00000564 +00000-0 +88452-4 0  9995
2 33813 074.0463 236.6441 0095605 026.6680 122.8250 14.72241057449845
0 COSMOS 2251 DEB
1 33813U 93036BE  17196.55683462 +.00000682 +00000-0 +10588-3 0  9993
2 33813 074.0462 234.6726 0095643 024.4122 096.2701 14.72242761449991
0 COSMOS 2251 DEB
1 33813U 93036BE  17197.15583562 +.00000701 +00000-0 +10866-3 0  9991
2 33813 074.0463 233.5080 0095653 023.0819 031.0294 14.72243658450084
0 COSMOS 2251 DEB
1 33813U 93036BE  17198.53323885 +.00000929 +00000-0 +14229-3 0  9993
2 33813 074.0460 230.8294 0095689 020.0263 131.3982 14.72246886450283
0 COSMOS 2251 DEB
1 33813U 93036BE  17199.47781014 +.00000877 +00000-0 +13463-3 0  9990
2 33813 074.0457 228.9922 0095735 017.9533 097.6985 14.72247983450424
0 COSMOS 2251 DEB
1 33813U 93036BE  17200.50350220 +.00000792 +00000-0 +12209-3 0  9991
2 33813 074.0462 226.9980 0095775 015.6550 133.9956 14.72249007450645
0 COSMOS 2251 DEB
1 33813U 93036BE  17201.44828434 +.00000741 +00000-0 +11457-3 0  9990
2 33813 074.0463 225.1609 0095819 013.5747 101.4302 14.72250217450717
0 COSMOS 2251 DEB
1 33813U 93036BE  17202.11845203 +.00000678 +00000-0 +10521-3 0  9998
2 33813 074.0463 223.8576 0095851 012.0990 053.3852 14.72250982450887
0 COSMOS 2251 DEB
1 33813U 93036BE  17202.47466911 +.00000600 +00000-0 +93783-4 0  9999
2 33813 074.0463 223.1649 0095866 011.3023 141.3841 14.72251114450868
0 COSMOS 2251 DEB
1 33813U 93036BE  17203.49341810 +.00000660 +00000-0 +10263-3 0  9999
2 33813 074.0462 221.1838 0095888 009.0221 140.8997 14.72253136451013
0 COSMOS 2251 DEB
1 33813U 93036BE  17204.44049962 +.00000633 +00000-0 +98583-4 0  9990
2 33813 074.0463 219.3421 0095935 006.9262 120.5470 14.72254448451158
0 COSMOS 2251 DEB
1 33813U 93036BE  17204.83423569 +.00000616 +00000-0 +96208-4 0  9995
2 33813 074.0463 218.5765 0095963 006.0440 047.4085 14.72254972451218
0 COSMOS 2251 DEB
1 33813U 93036BE  17205.46397388 +.00000617 +00000-0 +96323-4 0  9993
2 33813 074.0463 217.3519 0095985 004.6533 145.0985 14.72255844451373
0 COSMOS 2251 DEB
1 33813U 93036BE  17206.12730003 +.00000560 +00000-0 +87878-4 0  9994
2 33813 074.0462 216.0620 0096014 003.1873 060.8112 14.72256412451408
0 COSMOS 2251 DEB
1 33813U 93036BE  17206.47793213 +.00000590 +00000-0 +92256-4 0  9993
2 33813 074.0462 215.3802 0096035 002.4114 119.2082 14.72257048451529
0 COSMOS 2251 DEB
1 33813U 93036BE  17207.07673299 +.00000573 +00000-0 +89856-4 0  9994
2 33813 074.0462 214.2157 0096037 001.1006 052.9195 14.72257790451542
0 COSMOS 2251 DEB
1 33813U 93036BE  17207.42809248 +.00000603 +00000-0 +94187-4 0  9995
2 33813 074.0462 213.5323 0096052 000.3271 115.1700 14.72258462451597
0 COSMOS 2251 DEB
1 33813U 93036BE  17208.71907674 +.00000539 +00000-0 +84806-4 0  9995
2 33813 074.0462 211.0218 0096130 357.4777 117.5595 14.72259757451784
0 COSMOS 2251 DEB
1 33813U 93036BE  17209.79466233 +.00000560 +00000-0 +87915-4 0  9993
2 33813 074.0463 208.9303 0096158 355.1176 058.2999 14.72261239452017
0 COSMOS 2251 DEB
1 33813U 93036BE  17210.35058690 +.00000587 +00000-0 +91841-4 0  9993
2 33813 074.0463 207.8492 0096175 353.8985 124.7726 14.72262097452027
0 COSMOS 2251 DEB
1 33813U 93036BE  17211.43824149 +.00000567 +00000-0 +88864-4 0  9992
2 33813 074.0461 205.7339 0096243 351.4798 129.5186 14.72263198452187
0 COSMOS 2251 DEB
1 33813U 93036BE  17212.38942441 +.00000574 +00000-0 +89983-4 0  9994
2 33813 074.0461 203.8841 0096293 349.3869 130.9252 14.72264381452392
0 COSMOS 2251 DEB
1 33813U 93036BE  17213.41443052 +.00000561 +00000-0 +87979-4 0  9992
2 33813 074.0463 201.8908 0096352 347.1478 163.5936 14.72265536452545
0 COSMOS 2251 DEB
1 33813U 93036BE  17213.73610644 +.00000576 +00000-0 +90191-4 0  9996
2 33813 074.0462 201.2649 0096363 346.4417 068.5236 14.72266028452529
0 COSMOS 2251 DEB
1 33813U 93036BE  17214.75517715 +.00000593 +00000-0 +92709-4 0  9990
2 33813 074.0465 199.2835 0096410 344.2034 069.7516 14.72267360452679
0 COSMOS 2251 DEB
1 33813U 93036BE  17215.38488117 +.00000654 +00000-0 +10176-3 0  9998
2 33813 074.0465 198.0587 0096434 342.8224 167.2773 14.72268399452763
0 COSMOS 2251 DEB
1 33813U 93036BE  17215.70619056 +.00000609 +00000-0 +95143-4 0  9990
2 33813 074.0466 197.4340 0096440 342.1276 070.2571 14.72268600452888
0 COSMOS 2251 DEB
1 33813U 93036BE  17216.40462667 +.00000732 +00000-0 +11315-3 0  9997
2 33813 074.0467 196.0758 0096450 340.5975 172.0779 14.72270265452911
0 COSMOS 2251 DEB
1 33813U 93036BE  17216.72577808 +.00000725 +00000-0 +11215-3 0  9997
2 33813 074.0468 195.4513 0096467 339.8949 074.2300 14.72270673453034
0 COSMOS 2251 DEB
1 33813U 93036BE  17216.99753215 +.00000762 +00000-0 +11757-3 0  9996
2 33813 074.0468 194.9228 0096465 339.3018 074.5692 14.72271363453002
0 COSMOS 2251 DEB
1 33813U 93036BE  17217.95039733 +.00000811 +00000-0 +12472-3 0  9995
2 33813 074.0469 193.0699 0096494 337.2218 084.9043 14.72273102453149
0 COSMOS 2251 DEB
1 33813U 93036BE  17218.09695377 +.00000804 +00000-0 +12373-3 0  9995
2 33813 074.0470 192.7849 0096512 336.8892 141.6893 14.72273264453231
0 COSMOS 2251 DEB
1 33813U 93036BE  17218.37521882 +.00000786 +00000-0 +12117-3 0  9990
2 33813 074.0470 192.2439 0096524 336.2834 176.5361 14.72273541453206
0 COSMOS 2251 DEB
1 33813U 93036BE  17218.96798806 +.00000720 +00000-0 +11136-3 0  9995
2 33813 074.0470 191.0911 0096533 334.9975 078.3013 14.72274125453290
0 COSMOS 2251 DEB
1 33813U 93036BE  17219.11732321 +.00000716 +00000-0 +11078-3 0  9993
2 33813 074.0471 190.8007 0096535 334.6687 149.8051 14.72274331453388
0 COSMOS 2251 DEB
1 33813U 93036BE  17219.71546304 +.00000696 +00000-0 +10788-3 0  9997
2 33813 074.0471 189.6374 0096541 333.3585 080.0500 14.72275124453400
0 COSMOS 2251 DEB
1 33813U 93036BE  17219.98832675 +.00000702 +00000-0 +10872-3 0  9997
2 33813 074.0471 189.1068 0096549 332.7623 086.2748 14.72275629453445
0 COSMOS 2251 DEB
1 33813U 93036BE  17220.34531453 +.00000661 +00000-0 +10280-3 0  9996
2 33813 074.0472 188.4127 0096571 331.9854 178.3674 14.72275891453561
0 COSMOS 2251 DEB
1 33813U 93036BE  17220.93908021 +.00000639 +00000-0 +99429-4 0  9998
2 33813 074.0473 187.2580 0096587 330.6913 085.4263 14.72276715453581
0 COSMOS 2251 DEB
1 33813U 93036BE  17221.08771443 +.00000634 +00000-0 +98708-4 0  9995
2 33813 074.0473 186.9690 0096591 330.3656 153.2150 14.72276909453602
0 COSMOS 2251 DEB
1 33813U 93036BE  17221.35932443 +.00000616 +00000-0 +96163-4 0  9997
2 33813 074.0473 186.4408 0096601 329.7729 152.7950 14.72277190453716
0 COSMOS 2251 DEB
1 33813U 93036BE  17221.95787914 +.00000583 +00000-0 +91232-4 0  9999
2 33813 074.0474 185.2768 0096615 328.4670 085.2407 14.72277940453731
0 COSMOS 2251 DEB
1 33813U 93036BE  17222.31603874 +.00000587 +00000-0 +91882-4 0  9997
2 33813 074.0475 184.5805 0096630 327.6844 183.5514 14.72278446453785
0 COSMOS 2251 DEB
1 33813U 93036BE  17222.90477284 +.00000586 +00000-0 +91718-4 0  9993
2 33813 074.0475 183.4355 0096642 326.4002 063.9485 14.72279300453945
0 COSMOS 2251 DEB
1 33813U 93036BE  17223.33563472 +.00000593 +00000-0 +92661-4 0  9992
2 33813 074.0475 182.5977 0096654 325.4663 187.5888 14.72279879453930
0 COSMOS 2251 DEB
1 33813U 93036BE  17223.92835334 +.00000587 +00000-0 +91825-4 0  9990
2 33813 074.0476 181.4451 0096669 324.1731 089.1082 14.72280708454021
0 COSMOS 2251 DEB
1 33813U 93036BE  17224.07785340  .00000586  00000-0  91744-4 0  9997
2 33813  74.0476 181.1544 0096671 323.8451 161.4884 14.72280891454116
0 COSMOS 2251 DEB
1 33813U 93036BE  17224.34877066 +.00000640 +00000-0 +99597-4 0  9999
2 33813 074.0477 180.6276 0096679 323.2546 157.4009 14.72281566454080
0 COSMOS 2251 DEB
1 33813U 93036BE  17224.95032292 +.00000606 +00000-0 +94592-4 0  9992
2 33813 074.0478 179.4579 0096691 321.9405 105.7439 14.72282172454173
0 COSMOS 2251 DEB
1 33813U 93036BE  17225.22135595  .00000604  00000-0  94365-4 0  9999
2 33813  74.0479 178.9309 0096704 321.3492 102.2706 14.72282461454286
0 COSMOS 2251 DEB
1 33813U 93036BE  17225.30605553 +.00000607 +00000-0 +94810-4 0  9992
2 33813 074.0479 178.7662 0096704 321.1662 191.1930 14.72282593454229
0 COSMOS 2251 DEB
1 33813U 93036BE  17225.96958478 +.00000594 +00000-0 +92876-4 0  9996
2 33813 074.0480 177.4760 0096712 319.7240 108.0217 14.72283383454324
0 COSMOS 2251 DEB
1 33813U 93036BE  17226.24118380 +.00000598 +00000-0 +93429-4 0  9997
2 33813 074.0481 176.9478 0096722 319.1330 107.5480 14.72283715454437
0 COSMOS 2251 DEB
1 33813U 93036BE  17226.32581845 +.00000599 +00000-0 +93647-4 0  9999
2 33813 074.0481 176.7832 0096718 318.9491 196.1277 14.72283838454376
0 COSMOS 2251 DEB
1 33813U 93036BE  17226.91829931 +.00000573 +00000-0 +89761-4 0  9999
2 33813 074.0482 175.6311 0096724 317.6592 096.3913 14.72284466454468
0 COSMOS 2251 DEB
1 33813U 93036BE  17227.27647359  .00000601  00000-0  93882-4 0  9992
2 33813  74.0482 174.9346 0096731 316.8763 194.7874 14.72284985454585
0 COSMOS 2251 DEB
1 33813U 93036BE  17227.86505615 +.00000592 +00000-0 +92566-4 0  9992
2 33813 074.0483 173.7901 0096743 315.5953 074.3919 14.72285728454602
0 COSMOS 2251 DEB
1 33813U 93036BE  17228.29567730  .00000627  00000-0  97659-4 0  9993
2 33813  74.0483 172.9527 0096750 314.6564 196.7717 14.72286420454732
0 COSMOS 2251 DEB
1 33813U 93036BE  17228.81575737 +.00000626 +00000-0 +97539-4 0  9993
2 33813 074.0484 171.9414 0096756 313.5233 073.3027 14.72287124454741
0 COSMOS 2251 DEB
1 33813U 93036BE  17229.31579619  .00000659  00000-0  10239-3 0  9999
2 33813  74.0484 170.9690 0096759 312.4332 203.6128 14.72287945454883
0 COSMOS 2251 DEB
1 33813U 93036BE  17229.84241059 +.00000662 +00000-0 +10279-3 0  9999
2 33813 074.0484 169.9449 0096761 311.2861 114.7809 14.72288761454896
0 COSMOS 2251 DEB
1 33813U 93036BE  17230.86000354  .00000679  00000-0  10537-3 0  9999
2 33813  74.0485 167.9661 0096763 309.0679 108.2426 14.72290212455118
0 COSMOS 2251 DEB
1 33813U 93036BE  17230.92872898 +.00000673 +00000-0 +10454-3 0  9998
2 33813 074.0485 167.8324 0096768 308.9147 112.5058 14.72290271455053
0 COSMOS 2251 DEB
1 33813U 93036BE  17231.00853171 +.00000676 +00000-0 +10488-3 0  9991
2 33813 074.0485 167.6772 0096766 308.7396 175.4790 14.72290389455062
0 COSMOS 2251 DEB
1 33813U 93036BE  17231.87862459  .00000676  00000-0  10498-3 0  9996
2 33813  74.0485 165.9853 0096770 306.8423 107.1657 14.72291702455264
0 COSMOS 2251 DEB
1 33813U 93036BE  17232.15232847 +.00000676 +00000-0 +10491-3 0  9993
2 33813 074.0485 165.4530 0096776 306.2442 117.8592 14.72292067455230
0 COSMOS 2251 DEB
1 33813U 93036BE  17232.89874256  .00000725  00000-0  11218-3 0  9993
2 33813  74.0485 164.0016 0096776 304.6190 114.0224 14.72293462455417
0 COSMOS 2251 DEB
1 33813U 93036BE  17233.25604266 +.00000859 +00000-0 +13173-3 0  9996
2 33813 074.0485 163.3068 0096778 303.8407 207.7972 14.72294825455391
0 COSMOS 2251 DEB
1 33813U 93036BE  17233.91914439 +.00000741 +00000-0 +11442-3 0  9992
2 33813 074.0485 162.0173 0096780 302.3982 122.3871 14.72295153455495
0 COSMOS 2251 DEB
1 33813U 93036BE  17233.91914439 +.00000741 +00000-0 +11442-3 0  9992
2 33813 074.0485 162.0173 0096780 302.3982 122.3871 14.72295153455563
0 COSMOS 2251 DEB
1 33813U 93036BE  17234.79597344 +.00000756 +00000-0 +11669-3 0  9998
2 33813 074.0485 160.3122 0096778 300.4898 089.7892 14.72296742455621
0 COSMOS 2251 DEB
1 33813U 93036BE  17235.22063278  .00000759  00000-0  11707-3 0  9997
2 33813  74.0485 159.4864 0096776 299.5639 180.5864 14.72297375455758
0 COSMOS 2251 DEB
1 33813U 93036BE  17235.49211985 +.00000772 +00000-0 +11904-3 0  9990
2 33813 074.0486 158.9585 0096771 298.9740 179.5344 14.72298010455729
0 COSMOS 2251 DEB
1 33813U 93036BE  17236.17296257 +.00000705 +00000-0 +10914-3 0  9997
2 33813 074.0486 157.6345 0096767 297.4916 188.1677 14.72298749455828
0 COSMOS 2251 DEB
1 33813U 93036BE  17236.76626720  .00000766  00000-0  11809-3 0  9995
2 33813  74.0485 156.4808 0096761 296.1986  92.8336 14.72300212455984
0 COSMOS 2251 DEB
1 33813U 93036BE  17237.26764581 +.00000736 +00000-0 +11373-3 0  9992
2 33813 074.0486 155.5058 0096760 295.1054 230.2697 14.72300927455987
0 COSMOS 2251 DEB
1 33813U 93036BE  17238.21637397  .00000654  00000-0  10171-3 0  9996
2 33813  74.0486 153.6609 0096751 293.0416 218.7709 14.72302018456199
0 COSMOS 2251 DEB
1 33813U 93036BE  17239.55851789 +.00000624 +00000-0 +97227-4 0  9992
2 33813 074.0487 151.0510 0096762 290.1111 132.4975 14.72304103456324
0 COSMOS 2251 DEB
1 33813U 93036BE  17239.75624179 +.00000614 +00000-0 +95758-4 0  9991
2 33813 074.0487 150.6665 0096764 289.6796 100.4882 14.72304376456429
0 COSMOS 2251 DEB
1 33813U 93036BE  17240.18184119 +.00000580 +00000-0 +90784-4 0  9991
2 33813 074.0487 149.8389 0096760 288.7524 196.2806 14.72304848456419
0 COSMOS 2251 DEB
1 33813U 93036BE  17240.84955853  .00000621  00000-0  96822-4 0  9990
2 33813  74.0487 148.5404 0096753 287.2973 135.3660 14.72306116456587
0 COSMOS 2251 DEB
1 33813U 93036BE  17241.20067854 +.00000608 +00000-0 +94959-4 0  9990
2 33813 074.0487 147.8576 0096750 286.5339 196.3985 14.72306614456562
0 COSMOS 2251 DEB
1 33813U 93036BE  17241.79926781 +.00000645 +00000-0 +10031-3 0  9996
2 33813 074.0486 146.6936 0096738 285.2269 129.0917 14.72307722456651
0 COSMOS 2251 DEB
1 33813U 93036BE  17242.42391583  .00000754  00000-0  11640-3 0  9991
2 33813  74.0486 145.4789 0096730 283.8671 199.9027 14.72309257456818
0 COSMOS 2251 DEB
1 33813U 93036BE  17242.74595733 +.00000761 +00000-0 +11743-3 0  9991
2 33813 074.0486 144.8526 0096721 283.1632 106.8166 14.72309753456799
0 COSMOS 2251 DEB
1 33813U 93036BE  17243.17686744 +.00000695 +00000-0 +10765-3 0  9991
2 33813 074.0486 144.0146 0096723 282.2261 230.7614 14.72309955456855
0 COSMOS 2251 DEB
1 33813U 93036BE  17244.19821694  .00000747  00000-0  11528-3 0  9995
2 33813  74.0484 142.0284 0096711 279.9991 244.2128 14.72311712457073
0 COSMOS 2251 DEB
1 33813U 93036BE  17244.51875087 +.00000733 +00000-0 +11324-3 0  9995
2 33813 074.0484 141.4050 0096705 279.3018 143.1356 14.72312083457054
0 COSMOS 2251 DEB
1 33813U 93036BE  17244.87062087 +.00000761 +00000-0 +11737-3 0  9991
2 33813 074.0483 140.7208 0096703 278.5289 208.1587 14.72312836457109
0 COSMOS 2251 DEB
1 33813U 93036BE  17245.46846765  .00000754  00000-0  11635-3 0  9999
2 33813  74.0482 139.5581 0096692 277.2278 136.9241 14.72313673457261
0 COSMOS 2251 DEB
1 33813U 93036BE  17245.88953149 +.00000738 +00000-0 +11403-3 0  9995
2 33813 074.0481 138.7393 0096682 276.3076 208.6925 14.72314232457254
0 COSMOS 2251 DEB
1 33813U 93036BE  17246.48813753  .00000758  00000-0  11692-3 0  9990
2 33813  74.0481 137.5751 0096666 275.0043 141.4872 14.72315313457415
0 COSMOS 2251 DEB
1 33813U 93036BE  17246.83976664 +.00000754 +00000-0 +11638-3 0  9996
2 33813 074.0481 136.8913 0096664 274.2363 205.2320 14.72315871457394
0 COSMOS 2251 DEB
1 33813U 93036BE  17247.50874126 +.00000754 +00000-0 +11629-3 0  9991
2 33813 074.0480 135.5903 0096657 272.7791 151.0065 14.72316965457566
0 COSMOS 2251 DEB
1 33813U 93036BE  17247.86050993 +.00000727 +00000-0 +11232-3 0  9998
2 33813 074.0479 134.9062 0096650 272.0129 215.4915 14.72317423457541
0 COSMOS 2251 DEB
1 33813U 93036BE  17248.80026084 +.00000802 +00000-0 +12346-3 0  9998
2 33813 074.0478 133.0785 0096627 269.9611 156.4798 14.72319654457751
0 COSMOS 2251 DEB
1 33813U 93036BE  17249.15746653 +.00000952 +00000-0 +14543-3 0  9995
2 33813 074.0478 132.3839 0096628 269.1858 249.7829 14.72321061457733
0 COSMOS 2251 DEB
1 33813U 93036BE  17249.82984184 +.00000973 +00000-0 +14844-3 0  9999
2 33813 074.0477 131.0762 0096614 267.7182 213.5971 14.72322475457830
0 COSMOS 2251 DEB
1 33813U 93036BE  17250.02295317  .00000971  00000-0  14817-3 0  9994
2 33813  74.0477 130.7007 0096604 267.2974 157.1516 14.72322819457932
0 COSMOS 2251 DEB
1 33813U 93036BE  17250.49874580 +.00001123 +00000-0 +17051-3 0  9993
2 33813 074.0476 129.7753 0096592 266.2569 159.0175 14.72324633457930
0 COSMOS 2251 DEB
1 33813U 93036BE  17250.84986278 +.00001178 +00000-0 +17860-3 0  9998
2 33813 074.0477 129.0926 0096584 265.4882 220.0614 14.72325688457989
0 COSMOS 2251 DEB
1 33813U 93036BE  17251.12145823  .00001186  00000-0  17981-3 0  9996
2 33813  74.0477 128.5643 0096577 264.8960 219.6117 14.72326338458099
0 COSMOS 2251 DEB
1 33813U 93036BE  17251.44832012 +.00001352 +00000-0 +20413-3 0  9993
2 33813 074.0476 127.9286 0096569 264.1828 152.0980 14.72328170458073
0 COSMOS 2251 DEB
1 33813U 93036BE  17251.80008493 +.00001363 +00000-0 +20573-3 0  9990
2 33813 074.0476 127.2445 0096560 263.4092 216.5840 14.72329144458128
0 COSMOS 2251 DEB
1 33813U 93036BE  17252.07108892 +.00001323 +00000-0 +19989-3 0  9999
2 33813 074.0476 126.7174 0096554 262.8196 213.0032 14.72329728458169
0 COSMOS 2251 DEB
1 33813U 93036BE  17252.39910936 +.00001443 +00000-0 +21745-3 0  9990
2 33813 074.0476 126.0795 0096540 262.1045 151.6338 14.72331426458289
0 COSMOS 2251 DEB
1 33813U 93036BE  17252.82076413 +.00001925 +00000-0 +28819-3 0  9995
2 33813 074.0475 125.2594 0096538 261.1847 226.5620 14.72335270458278
0 COSMOS 2251 DEB
1 33813U 93036BE  17253.41849512  .00001226  00000-0  18565-3 0  9990
2 33813  74.0474 124.0968 0096517 259.8820 154.7513 14.72332801458439
0 COSMOS 2251 DEB
1 33813U 93036BE  17253.61615035 +.00001125 +00000-0 +17084-3 0  9996
2 33813 074.0474 123.7124 0096513 259.4498 122.3988 14.72332779458398
0 COSMOS 2251 DEB
1 33813U 93036BE  17253.76079862 +.00001110 +00000-0 +16861-3 0  9990
2 33813 074.0474 123.4310 0096512 259.1328 169.0907 14.72333098458417
0 COSMOS 2251 DEB
1 33813U 93036BE  17254.79003507 +.00001084 +00000-0 +16475-3 0  9998
2 33813 074.0472 121.4292 0096486 256.8859 224.4383 14.72335664458634
0 COSMOS 2251 DEB
1 33813U 93036BE  17255.38887248 +.00001132 +00000-0 +17180-3 0  9994
2 33813 074.0472 120.2645 0096465 255.5794 158.5085 14.72337415458658
0 COSMOS 2251 DEB
1 33813U 93036BE  17255.81000184  .00001042  00000-0  15855-3 0  9995
2 33813  74.0471 119.4454 0096452 254.6549 230.6639 14.72337928458789
0 COSMOS 2251 DEB
1 33813U 93036BE  17256.60731987 +.00000997 +00000-0 +15196-3 0  9991
2 33813 074.0470 117.8946 0096429 252.9122 136.7695 14.72339679458837
0 COSMOS 2251 DEB
1 33813U 93036BE  17256.76027865 +.00000986 +00000-0 +15034-3 0  9990
2 33813 074.0470 117.5971 0096428 252.5780 227.5128 14.72339979458852
0 COSMOS 2251 DEB
1 33813U 93036BE  17257.35918778  .00000790  00000-0  12157-3 0  9994
2 33813  74.0469 116.4322 0096409 251.2716 161.9683 14.72340038459016
0 COSMOS 2251 DEB
1 33813U 93036BE  17257.70079437 +.00000785 +00000-0 +12089-3 0  9991
2 33813 074.0468 115.7677 0096400 250.5229 172.6249 14.72340733458997
0 COSMOS 2251 DEB
1 33813U 93036BE  17258.05738582 +.00000855 +00000-0 +13114-3 0  9991
2 33813 074.0468 115.0741 0096389 249.7465 262.7045 14.72341881459047
0 COSMOS 2251 DEB
1 33813U 93036BE  17258.73043539  .00000824  00000-0  12660-3 0  9998
2 33813  74.0467 113.7650 0096369 248.2750 230.1452 14.72342922459216
0 COSMOS 2251 DEB
1 33813U 93036BE  17259.60376223 +.00000840 +00000-0 +12897-3 0  9994
2 33813 074.0466 112.0663 0096337 246.3666 179.1402 14.72344431459271
0 COSMOS 2251 DEB
1 33813U 93036BE  17259.75120275  .00000839  00000-0  12876-3 0  9999
2 33813  74.0466 111.7795 0096336 246.0445 240.6368 14.72344663459366
0 COSMOS 2251 DEB
1 33813U 93036BE  17260.62203174 +.00000815 +00000-0 +12529-3 0  9996
2 33813 074.0465 110.0857 0096303 244.1399 176.3990 14.72345972459424
0 COSMOS 2251 DEB
1 33813U 93036BE  17260.97469310 +.00000824 +00000-0 +12658-3 0  9993
2 33813 074.0465 109.3997 0096301 243.3741 245.6505 14.72346657459478
0 COSMOS 2251 DEB
1 33813U 93036BE  17261.04747528 +.00000823 +00000-0 +12640-3 0  9992
2 33813 074.0465 109.2581 0096299 243.2162 271.4261 14.72346785459555
0 COSMOS 2251 DEB
1 33813U 93036BE  17261.91350902 +.00000791 +00000-0 +12167-3 0  9992
2 33813 074.0465 107.5736 0096276 241.3210 181.7806 14.72348130459617
0 COSMOS 2251 DEB
1 33813U 93036BE  17262.26457324 +.00000788 +00000-0 +12124-3 0  9996
2 33813 074.0465 106.8908 0096260 240.5475 242.5799 14.72348740459666
0 COSMOS 2251 DEB
1 33813U 93036BE  17262.59224150 +.00000756 +00000-0 +11659-3 0  9998
2 33813 074.0464 106.2535 0096249 239.8280 179.3679 14.72349136459717
0 COSMOS 2251 DEB
1 33813U 93036BE  17262.74113148 +.00000752 +00000-0 +11595-3 0  9994
2 33813 074.0464 105.9639 0096247 239.5040 248.5487 14.72349366459730
0 COSMOS 2251 DEB
1 33813U 93036BE  17263.61161814 +.00000726 +00000-0 +11224-3 0  9994
2 33813 074.0464 104.2707 0096218 237.6008 182.5132 14.72350792459862
0 COSMOS 2251 DEB
1 33813U 93036BE  17263.96270748 +.00000729 +00000-0 +11257-3 0  9998
2 33813 074.0464 103.5878 0096211 236.8334 243.4431 14.72351398459917
0 COSMOS 2251 DEB
1 33813U 93036BE  17264.63110697  .00000716  00000-0  11063-3 0  9990
2 33813  74.0464 102.2876 0096189 235.3681 186.2644 14.72352488460085
0 COSMOS 2251 DEB
1 33813U 93036BE  17264.63110697 +.00000716 +00000-0 +11063-3 0  9990
2 33813 074.0464 102.2876 0096189 235.3681 186.2644 14.72352488460018
0 COSMOS 2251 DEB
1 33813U 93036BE  17264.71135819 +.00000710 +00000-0 +10976-3 0  9998
2 33813 074.0464 102.1315 0096191 235.1945 251.6299 14.72352563460027
0 COSMOS 2251 DEB
1 33813U 93036BE  17265.58190043 +.00000690 +00000-0 +10694-3 0  9998
2 33813 074.0463 100.4381 0096159 233.2864 185.9025 14.72353861460155
0 COSMOS 2251 DEB
1 33813U 93036BE  17265.66001071  .00000684  00000-0  10593-3 0  9990
2 33813  74.0463 100.2863 0096160 233.1185 239.9194 14.72353928460235
0 COSMOS 2251 DEB
1 33813U 93036BE  17265.92338115 +.00000709 +00000-0 +10963-3 0  9990
2 33813 074.0464 099.7740 0096154 232.5449 195.9008 14.72354469460204
0 COSMOS 2251 DEB
1 33813U 93036BE  17266.60039208 +.00000742 +00000-0 +11448-3 0  9993
2 33813 074.0463 098.4570 0096135 231.0616 184.3728 14.72355734460307
0 COSMOS 2251 DEB
1 33813U 93036BE  17267.22466786  .00000833  00000-0  12782-3 0  9990
2 33813  74.0463  97.2427 0096115 229.6913 253.3296 14.72357218460469
0 COSMOS 2251 DEB
1 33813U 93036BE  17267.62102295 +.00000855 +00000-0 +13116-3 0  9992
2 33813 074.0463 096.4717 0096105 228.8155 194.2061 14.72357994460453
0 COSMOS 2251 DEB
1 33813U 93036BE  17267.90335719 +.00000888 +00000-0 +13586-3 0  9999
2 33813 074.0463 095.9225 0096097 228.2039 250.7047 14.72358625460494
0 COSMOS 2251 DEB
1 33813U 93036BE  17268.57084201  .00000941  00000-0  14368-3 0  9999
2 33813  74.0463  94.6241 0096076 226.7405 188.6939 14.72360075460665
0 COSMOS 2251 DEB
1 33813U 93036BE  17268.84377405 +.00000959 +00000-0 +14637-3 0  9998
2 33813 074.0463 094.0932 0096074 226.1468 195.3611 14.72360645460639
0 COSMOS 2251 DEB
1 33813U 93036BE  17269.51747094 +.00001127 +00000-0 +17095-3 0  9997
2 33813 074.0462 092.7826 0096050 224.6700 166.2808 14.72362693460732
0 COSMOS 2251 DEB
1 33813U 93036BE  17269.94788514 +.00001156 +00000-0 +17520-3 0  9991
2 33813 074.0463 091.9454 0096036 223.7301 287.6838 14.72363663460797
0 COSMOS 2251 DEB
1 33813U 93036BE  17270.21349687  .00001397  00000-0  21057-3 0  9994
2 33813  74.0463  91.4287 0096025 223.1478 255.5567 14.72365429460901
0 COSMOS 2251 DEB
1 33813U 93036BE  17270.46798652 +.00001431 +00000-0 +21566-3 0  9995
2 33813 074.0463 090.9337 0096019 222.5868 164.4818 14.72366179460876
0 COSMOS 2251 DEB
1 33813U 93036BE  17270.96771578 +.00001486 +00000-0 +22370-3 0  9992
2 33813 074.0463 089.9616 0096004 221.4990 293.2934 14.72367793460943
0 COSMOS 2251 DEB
1 33813U 93036BE  17271.56053153  .00001641  00000-0  24634-3 0  9999
2 33813  74.0463  88.8083 0095999 220.1926 195.5311 14.72370417461105
0 COSMOS 2251 DEB
1 33813U 93036BE  17271.91211520 +.00001669 +00000-0 +25048-3 0  9992
2 33813 074.0463 088.1244 0095975 219.4285 259.1001 14.72371515461080
0 COSMOS 2251 DEB
1 33813U 93036BE  17272.58188882  .00001703  00000-0  25554-3 0  9991
2 33813  74.0463  86.8216 0095940 217.9623 209.2503 14.72373732461250
0 COSMOS 2251 DEB
1 33813U 93036BE  17272.58188882 +.00001703 +00000-0 +25554-3 0  9991
2 33813 074.0463 086.8216 0095940 217.9623 209.2503 14.72373732461182
0 COSMOS 2251 DEB
1 33813U 93036BE  17272.93861344 +.00001744 +00000-0 +26146-3 0  9994
2 33813 074.0464 086.1277 0095928 217.1838 300.0789 14.72375166461234
0 COSMOS 2251 DEB
1 33813U 93036BE  17273.53086150 +.00001725 +00000-0 +25877-3 0  9994
2 33813 074.0464 084.9756 0095916 215.8779 199.3200 14.72377010461325
0 COSMOS 2251 DEB
1 33813U 93036BE  17273.88306057  .00001838  00000-0  27528-3 0  9993
2 33813  74.0464  84.2906 0095905 215.1151 266.1611 14.72378995461445
0 COSMOS 2251 DEB
1 33813U 93036BE  17274.47755826 +.00001742 +00000-0 +26117-3 0  9998
2 33813 074.0465 083.1341 0095881 213.8158 177.3224 14.72380561461469
0 COSMOS 2251 DEB
1 33813U 93036BE  17274.82376451 +.00001819 +00000-0 +27241-3 0  9994
2 33813 074.0465 082.4606 0095855 213.0589 212.4084 14.72382290461518
0 COSMOS 2251 DEB
1 33813U 93036BE  17275.42787584  .00001721  00000-0  25805-3 0  9990
2 33813  74.0466  81.2855 0095837 211.7398 174.5359 14.72384094461668
0 COSMOS 2251 DEB
1 33813U 93036BE  17275.92773587 +.00001622 +00000-0 +24352-3 0  9999
2 33813 074.0466 080.3132 0095828 210.6513 304.0730 14.72385433461675
0 COSMOS 2251 DEB
1 33813U 93036BE  17276.44838896  .00001599  00000-0  24022-3 0  9999
2 33813  74.0467  79.3004 0095809 209.5105 183.8363 14.72387323461827
0 COSMOS 2251 DEB
1 33813U 93036BE  17276.52057601 +.00001586 +00000-0 +23822-3 0  9998
2 33813 074.0467 079.1600 0095799 209.3520 206.4697 14.72387504461760
0 COSMOS 2251 DEB
1 33813U 93036BE  17276.87835979 +.00001576 +00000-0 +23682-3 0  9991
2 33813 074.0468 078.4641 0095782 208.5690 302.9327 14.72388802461819
0 COSMOS 2251 DEB
1 33813U 93036BE  17277.54172986  .00001567  00000-0  23542-3 0  9993
2 33813  74.0470  77.1739 0095751 207.1157 219.1873 14.72391264461984
0 COSMOS 2251 DEB
1 33813U 93036BE  17277.54172986 +.00001567 +00000-0 +23542-3 0  9993
2 33813 074.0470 077.1739 0095751 207.1157 219.1873 14.72391264461917
0 COSMOS 2251 DEB
1 33813U 93036BE  17277.89769719 +.00001541 +00000-0 +23168-3 0  9993
2 33813 074.0471 076.4815 0095724 206.3252 306.0374 14.72392369461966
0 COSMOS 2251 DEB
1 33813U 93036BE  17278.91803149  .00001582  00000-0  23764-3 0  9990
2 33813  74.0472  74.4967 0095687 204.1162 314.4009 14.72396113462181
0 COSMOS 2251 DEB
1 33813U 93036BE  17278.91803149 +.00001582 +00000-0 +23764-3 0  9990
2 33813 074.0472 074.4967 0095687 204.1162 314.4009 14.72396113462114
0 COSMOS 2251 DEB
1 33813U 93036BE  17279.59026770 +.00001590 +00000-0 +23878-3 0  9997
2 33813 074.0473 073.1891 0095669 202.6491 277.6606 14.72398391462219
0 COSMOS 2251 DEB
1 33813U 93036BE  17279.86784904 +.00001581 +00000-0 +23744-3 0  9999
2 33813 074.0473 072.6492 0095642 202.0336 309.0210 14.72399225462255
0 COSMOS 2251 DEB
1 33813U 93036BE  17280.13353187  .00001574  00000-0  23648-3 0  9991
2 33813  74.0473  72.1323 0095633 201.4541 277.3029 14.72400045462364
0 COSMOS 2251 DEB
1 33813U 93036BE  17280.88770253 +.00001629 +00000-0 +24455-3 0  9998
2 33813 074.0474 070.6653 0095598 199.8043 314.8795 14.72402787462408
0 COSMOS 2251 DEB
1 33813U 93036BE  17281.48218705  .00001517  00000-0  22809-3 0  9991
2 33813  74.0475  69.5089 0095570 198.5019 226.0249 14.72404060462569
0 COSMOS 2251 DEB
1 33813U 93036BE  17281.83988562 +.00001527 +00000-0 +22956-3 0  9999
2 33813 074.0476 068.8131 0095554 197.7227 322.0522 14.72405211462542
0 COSMOS 2251 DEB
1 33813U 93036BE  17282.50182132  .00001514  00000-0  22765-3 0  9997
2 33813  74.0477  67.5255 0095521 196.2744 230.7357 14.72407117462715
0 COSMOS 2251 DEB
1 33813U 93036BE  17282.85763664 +.00001478 +00000-0 +22233-3 0  9999
2 33813 074.0477 066.8333 0095498 195.4921 316.7909 14.72407961462697
0 COSMOS 2251 DEB
1 33813U 93036BE  17283.80286650  .00001510  00000-0  22704-3 0  9990
2 33813  74.0478  64.9946 0095462 193.4209 287.1291 14.72410825462907
0 COSMOS 2251 DEB
1 33813U 93036BE  17284.39792892 +.00001631 +00000-0 +24481-3 0  9993
2 33813 074.0479 063.8371 0095439 192.1185 201.3535 14.72413172462920
0 COSMOS 2251 DEB
1 33813U 93036BE  17284.82205237  .00001645  00000-0  24679-3 0  9997
2 33813  74.0479  63.0121 0095414 191.2003 289.4818 14.72414510463050
0 COSMOS 2251 DEB
1 33813U 93036BE  17285.57037755 +.00001612 +00000-0 +24199-3 0  9999
2 33813 074.0480 061.5566 0095383 189.5520 296.1181 14.72416390463097
0 COSMOS 2251 DEB
1 33813U 93036BE  17285.84183625  .00001622  00000-0  24354-3 0  9991
2 33813  74.0480  61.0285 0095373 188.9554 295.0366 14.72417249463209
0 COSMOS 2251 DEB
1 33813U 93036BE  17286.52050847 +.00001536 +00000-0 +23091-3 0  9997
2 33813 074.0481 059.7085 0095343 187.4831 292.4488 14.72418654463231
0 COSMOS 2251 DEB
1 33813U 93036BE  17286.79312769 +.00001545 +00000-0 +23214-3 0  9997
2 33813 074.0482 059.1782 0095328 186.8866 297.5184 14.72419480463275
0 COSMOS 2251 DEB
1 33813U 93036BE  17287.81751378  .00001635  00000-0  24535-3 0  9991
2 33813  74.0484  57.1857 0095270 184.6447 327.4818 14.72423197463496
0 COSMOS 2251 DEB
1 33813U 93036BE  17288.77005494 +.00001476 +00000-0 +22206-3 0  9994
2 33813 074.0486 055.3330 0095219 182.5575 336.6263 14.72425237463567
0 COSMOS 2251 DEB
1 33813U 93036BE  17289.43140775  .00001349  00000-0  20338-3 0  9993
2 33813  74.0486  54.0467 0095182 181.1034 242.2753 14.72426526463735
0 COSMOS 2251 DEB
1 33813U 93036BE  17289.78761229 +.00001419 +00000-0 +21363-3 0  9991
2 33813 074.0486 053.3539 0095158 180.3183 330.4227 14.72428022463713
0 COSMOS 2251 DEB
1 33813U 93036BE  17290.45094917  .00001389  00000-0  20921-3 0  9995
2 33813  74.0487  52.0637 0095117 178.8514 246.6054 14.72429920463886
0 COSMOS 2251 DEB
1 33813U 93036BE  17291.40041928 +.00001191 +00000-0 +18017-3 0  9999
2 33813 074.0488 050.2168 0095067 176.7660 239.5008 14.72431641463950
0 COSMOS 2251 DEB
1 33813U 93036BE  17292.42088479  .00001188  00000-0  17982-3 0  9990
2 33813  74.0489  48.2320 0094999 174.5337 248.7254 14.72434495464178
0 COSMOS 2251 DEB
1 33813U 93036BE  17293.44261664  .00001295  00000-0  19541-3 0  9994
2 33813  74.0491  46.2448 0094930 172.2895 264.6833 14.72437939464322
0 COSMOS 2251 DEB
1 33813U 93036BE  17293.79819182 +.00001191 +00000-0 +18019-3 0  9990
2 33813 074.0491 045.5532 0094897 171.5390 349.4713 14.72438147464301
0 COSMOS 2251 DEB
1 33813U 93036BE  17294.39127928 +.00001229 +00000-0 +18576-3 0  9997
2 33813 074.0492 044.3997 0094868 170.2166 253.3109 14.72439815464393
0 COSMOS 2251 DEB
1 33813U 93036BE  17294.74741382  .00001258  00000-0  19005-3 0  9992
2 33813  74.0492  43.7070 0094839 169.4366 341.0980 14.72440863464519
0 COSMOS 2251 DEB
1 33813U 93036BE  17295.41113056 +.00001287 +00000-0 +19430-3 0  9992
2 33813 074.0493 042.4162 0094818 167.9454 259.3483 14.72442748464542
0 COSMOS 2251 DEB
1 33813U 93036BE  17295.76725410  .00001238  00000-0  18716-3 0  9995
2 33813  74.0494  41.7236 0094791 167.1717 347.0723 14.72443287464665
0 COSMOS 2251 DEB
1 33813U 93036BE  17296.36025171 +.00001376 +00000-0 +20734-3 0  9995
2 33813 074.0494 040.5701 0094747 165.8870 250.4110 14.72445628464685
0 COSMOS 2251 DEB
1 33813U 93036BE  17296.71839998 +.00001348 +00000-0 +20323-3 0  9997
2 33813 074.0494 039.8735 0094714 165.1024 348.8777 14.72446308464734
0 COSMOS 2251 DEB
1 33813U 93036BE  17296.98427347  .00001327  00000-0  20010-3 0  9997
2 33813  74.0494  39.3563 0094714 164.5090 318.2291 14.72446935464844
0 COSMOS 2251 DEB
1 33813U 93036BE  17297.38044994 +.00001454 +00000-0 +21884-3 0  9996
2 33813 074.0494 038.5858 0094684 163.6451 258.2745 14.72448630464839
0 COSMOS 2251 DEB
1 33813U 93036BE  17298.40132439  .00001670  00000-0  25046-3 0  9996
2 33813  74.0495  36.6002 0094613 161.3970 269.7457 14.72452942465056
0 COSMOS 2251 DEB
1 33813U 93036BE  17299.62339531  .00001532  00000-0  23018-3 0  9997
2 33813  74.0496  34.2232 0094532 158.7017 267.7366 14.72455727465239
0 COSMOS 2251 DEB
1 33813U 93036BE  17299.62339531 +.00001532 +00000-0 +23018-3 0  9997
2 33813 074.0496 034.2232 0094532 158.7017 267.7366 14.72455727465161
0 COSMOS 2251 DEB
1 33813U 93036BE  17299.70716486 +.00001532 +00000-0 +23028-3 0  9995
2 33813 074.0496 034.0603 0094526 158.5178 351.7847 14.72455995465176
0 COSMOS 2251 DEB
1 33813U 93036BE  17300.37073184 +.00001465 +00000-0 +22040-3 0  9990
2 33813 074.0497 032.7696 0094487 157.0482 269.2560 14.72457716465271
0 COSMOS 2251 DEB
1 33813U 93036BE  17300.72115483  .00001441  00000-0  21694-3 0  9996
2 33813  74.0497  32.0881 0094459 156.2776 326.7920 14.72458584465392
0 COSMOS 2251 DEB
1 33813U 93036BE  17301.39142910 +.00001312 +00000-0 +19794-3 0  9990
2 33813 074.0498 030.7845 0094413 154.7965 279.8211 14.72459974465420
0 COSMOS 2251 DEB
1 33813U 93036BE  17301.94392510  .00001248  00000-0  18851-3 0  9995
2 33813  74.0498  29.7099 0094380 153.5715 328.5311 14.72461265465577
0 COSMOS 2251 DEB
1 33813U 93036BE  17301.94392510 +.00001248 +00000-0 +18851-3 0  9995
2 33813 074.0498 029.7099 0094380 153.5715 328.5311 14.72461265465500
0 COSMOS 2251 DEB
1 33813U 93036BE  17302.62303413 +.00001195 +00000-0 +18072-3 0  9991
2 33813 074.0498 028.3891 0094327 152.0740 328.3968 14.72462997465608
0 COSMOS 2251 DEB
1 33813U 93036BE  17302.69669052 +.00001184 +00000-0 +17914-3 0  9994
2 33813 074.0498 028.2459 0094322 151.9121 358.8389 14.72463154465615
0 COSMOS 2251 DEB
1 33813U 93036BE  17303.21745747  .00001119  00000-0  16964-3 0  9991
2 33813  74.0498  27.2330 0094288 150.7585 239.3629 14.72464343465761
0 COSMOS 2251 DEB
1 33813U 93036BE  17303.56333510 +.00001071 +00000-0 +16260-3 0  9996
2 33813 074.0498 026.5603 0094260 149.9985 272.8139 14.72465023465742
0 COSMOS 2251 DEB
1 33813U 93036BE  17303.64186733 +.00001062 +00000-0 +16134-3 0  9998
2 33813 074.0498 026.4075 0094253 149.8242 329.1045 14.72465195465754
0 COSMOS 2251 DEB
1 33813U 93036BE  17304.31075715  .00000993  00000-0  15116-3 0  9991
2 33813  74.0498  25.1065 0094208 148.3424 274.8155 14.72466640465928
0 COSMOS 2251 DEB
1 33813U 93036BE  17304.59281271 +.00000949 +00000-0 +14475-3 0  9995
2 33813 074.0498 024.5579 0094189 147.7184 329.9601 14.72467061465897
0 COSMOS 2251 DEB
1 33813U 93036BE  17304.66178109 +.00000942 +00000-0 +14359-3 0  9992
2 33813 074.0498 024.4237 0094181 147.5656 335.5542 14.72467192465905
0 COSMOS 2251 DEB
1 33813U 93036BE  17305.53306802  .00000888  00000-0  13580-3 0  9996
2 33813  74.0497  22.7290 0094122 145.6447 274.1475 14.72469008466100
0 COSMOS 2251 DEB
1 33813U 93036BE  17305.61195431 +.00000882 +00000-0 +13485-3 0  9997
2 33813 074.0497 022.5755 0094116 145.4696 332.3162 14.72469150466042
0 COSMOS 2251 DEB
1 33813U 93036BE  17305.68077194 +.00000881 +00000-0 +13472-3 0  9994
2 33813 074.0497 022.4416 0094112 145.3170 337.1119 14.72469308466058
0 COSMOS 2251 DEB
1 33813U 93036BE  17306.63201625  .00000852  00000-0  13045-3 0  9992
2 33813  74.0496  20.5913 0094048 143.2091 339.5677 14.72471227466266
0 COSMOS 2251 DEB
1 33813U 93036BE  17306.63201625 +.00000852 +00000-0 +13045-3 0  9992
2 33813 074.0496 020.5913 0094048 143.2091 339.5677 14.72471227466198
0 COSMOS 2251 DEB
1 33813U 93036BE  17306.90363604 +.00000867 +00000-0 +13260-3 0  9993
2 33813 074.0496 020.0630 0094039 142.6051 339.4026 14.72471936466237
0 COSMOS 2251 DEB
1 33813U 93036BE  17307.58208209 +.00000894 +00000-0 +13662-3 0  9993
2 33813 074.0496 018.7433 0093992 141.1007 335.7882 14.72473539466335
0 COSMOS 2251 DEB
1 33813U 93036BE  17307.65089747  .00000889  00000-0  13583-3 0  9991
2 33813  74.0496  18.6095 0093988 140.9475 340.5734 14.72473653466415
0 COSMOS 2251 DEB
1 33813U 93036BE  17308.60231428 +.00000901 +00000-0 +13768-3 0  9992
2 33813 074.0495 016.7588 0093925 138.8389 343.9582 14.72475692466481
0 COSMOS 2251 DEB
1 33813U 93036BE  17308.99894258  .00000905  00000-0  13828-3 0  9991
2 33813  74.0495  15.9873 0093899 137.9554 286.4592 14.72476508466617
0 COSMOS 2251 DEB
1 33813U 93036BE  17309.62066549 +.00000892 +00000-0 +13634-3 0  9996
2 33813 074.0494 014.7779 0093860 136.5743 342.1685 14.72477526466637
0 COSMOS 2251 DEB
1 33813U 93036BE  17309.89218928 +.00000889 +00000-0 +13588-3 0  9999
2 33813 074.0494 014.2498 0093847 135.9679 341.5022 14.72478070466673
0 COSMOS 2251 DEB
1 33813U 93036BE  17310.57150292  .00000944  00000-0  14393-3 0  9992
2 33813  74.0493  12.9284 0093800 134.4605 342.4995 14.72479605466845
0 COSMOS 2251 DEB
1 33813U 93036BE  17310.64092821 +.00000981 +00000-0 +14940-3 0  9992
2 33813 074.0493 012.7934 0093797 134.3059 350.5185 14.72479893466785
0 COSMOS 2251 DEB
1 33813U 93036BE  17311.51274484 +.00000917 +00000-0 +13993-3 0  9992
2 33813 074.0492 011.0975 0093728 132.3700 291.9687 14.72481186466914
0 COSMOS 2251 DEB
1 33813U 93036BE  17311.86325466  .00001087  00000-0  16499-3 0  9990
2 33813  74.0492  10.4157 0093724 131.5843 350.0139 14.72482976467035
0 COSMOS 2251 DEB
1 33813U 93036BE  17312.61098535 +.00001201 +00000-0 +18177-3 0  9991
2 33813 074.0491 008.9612 0093678 129.9216 353.7033 14.72485183467075
0 COSMOS 2251 DEB
1 33813U 93036BE  17313.20964472  .00001257  00000-0  18998-3 0  9991
2 33813  74.0490   7.7967 0093646 128.5871 287.1807 14.72486954467235
0 COSMOS 2251 DEB
1 33813U 93036BE  17313.55245551 +.00001184 +00000-0 +17922-3 0  9994
2 33813 074.0490 007.1299 0093617 127.8235 304.4076 14.72487088467219
0 COSMOS 2251 DEB
1 33813U 93036BE  17314.23038177  .00001022  00000-0  15545-3 0  9994
2 33813  74.0488   5.8110 0093586 126.3109 298.0785 14.72487603467388
0 COSMOS 2251 DEB
1 33813U 93036BE  17314.58099464 +.00001132 +00000-0 +17155-3 0  9999
2 33813 074.0488 005.1290 0093557 125.5277 356.6701 14.72488802467364
0 COSMOS 2251 DEB
1 33813U 93036BE  17315.53193187  .00000879  00000-0  13443-3 0  9995
2 33813  74.0487   3.2792 0093511 123.4058 357.5737 14.72489379467575
0 COSMOS 2251 DEB
1 33813U 93036BE  17315.59987029 +.00000866 +00000-0 +13257-3 0  9996
2 33813 074.0487 003.1471 0093505 123.2535 357.7146 14.72489424467510
0 COSMOS 2251 DEB
1 33813U 93036BE  17315.92852157 +.00001185 +00000-0 +17940-3 0  9994
2 33813 074.0486 002.5077 0093492 122.5213 299.8879 14.72491606467563
0 COSMOS 2251 DEB
1 33813U 93036BE  17316.55145642  .00000803  00000-0  12329-3 0  9990
2 33813  74.0486   1.2960 0093451 121.1233   2.0703 14.72490925467723
0 COSMOS 2251 DEB
1 33813U 93036BE  17316.87740059 +.00000801 +00000-0 +12300-3 0  9995
2 33813 074.0485 000.6619 0093432 120.3926 289.9024 14.72491566467707
0 COSMOS 2251 DEB
1 33813U 93036BE  17317.57580779  .00000743  00000-0  11450-3 0  9994
2 33813  74.0485 359.3033 0093405 118.8304  32.1608 14.72492547467877
0 COSMOS 2251 DEB
1 33813U 93036BE  17317.89813802 +.00000691 +00000-0 +10675-3 0  9995
2 33813 074.0484 358.6762 0093382 118.1087 300.8360 14.72492868467856
0 COSMOS 2251 DEB
1 33813U 93036BE  17318.52012933 +.00000738 +00000-0 +11379-3 0  9996
2 33813 074.0484 357.4663 0093350 116.7177 358.0165 14.72494183467942
0 COSMOS 2251 DEB
1 33813U 93036BE  17319.18914365  .00000698  00000-0  10780-3 0  9999
2 33813  74.0483 356.1648 0093320 115.2168 304.4739 14.72495085468115
0 COSMOS 2251 DEB
1 33813U 93036BE  17319.54581771 +.00000774 +00000-0 +11894-3 0  9992
2 33813 074.0483 355.4710 0093321 114.4179 035.2097 14.72496050468097
0 COSMOS 2251 DEB
1 33813U 93036BE  17319.86796017 +.00000785 +00000-0 +12066-3 0  9992
2 33813 074.0483 354.8443 0093304 113.6966 302.8937 14.72496668468146
0 COSMOS 2251 DEB
1 33813U 93036BE  17320.20922993  .00000798  00000-0  12260-3 0  9996
2 33813  74.0482 354.1804 0093290 112.9350 311.9699 14.72497325468262
0 COSMOS 2251 DEB
1 33813U 93036BE  17320.49047414 +.00000806 +00000-0 +12378-3 0  9993
2 33813 074.0482 353.6333 0093272 112.3025 002.8541 14.72497755468232
0 COSMOS 2251 DEB
1 33813U 93036BE  17320.88826382 +.00000735 +00000-0 +11330-3 0  9993
2 33813 074.0482 352.8594 0093249 111.4090 311.5502 14.72498034468292
0 COSMOS 2251 DEB
1 33813U 93036BE  17321.22956292  .00000738  00000-0  11369-3 0  9991
2 33813  74.0482 352.1955 0093230 110.6404 320.7904 14.72498607468414
0 COSMOS 2251 DEB
1 33813U 93036BE  17321.51008325 +.00000862 +00000-0 +13188-3 0  9997
2 33813 074.0481 351.6498 0093222 110.0141 007.8357 14.72499729468389
0 COSMOS 2251 DEB
1 33813U 93036BE  17321.83715703 +.00000870 +00000-0 +13317-3 0  9990
2 33813 074.0481 351.0135 0093214 109.2798 301.6665 14.72500351468437
0 COSMOS 2251 DEB
1 33813U 93036BE  17322.53012851  .00000855  00000-0  13098-3 0  9991
2 33813  74.0480 349.6654 0093185 107.7237  15.1373 14.72501451468607
0 COSMOS 2251 DEB
1 33813U 93036BE  17323.48037524 +.00000886 +00000-0 +13551-3 0  9998
2 33813 074.0479 347.8168 0093153 105.5913 012.4366 14.72503168468673
0 COSMOS 2251 DEB
1 33813U 93036BE  17324.21973733  .00000733  00000-0  11295-3 0  9995
2 33813  74.0479 346.3785 0093131 103.9257 331.8384 14.72503638468851
0 COSMOS 2251 DEB
1 33813U 93036BE  17324.49975046 +.00000872 +00000-0 +13336-3 0  9996
2 33813 074.0478 345.8336 0093125 103.3000 016.2000 14.72504824468823
0 COSMOS 2251 DEB
1 33813U 93036BE  17324.82767560 +.00000878 +00000-0 +13429-3 0  9992
2 33813 074.0477 345.1957 0093114 102.5604 314.5532 14.72505453468871
0 COSMOS 2251 DEB
1 33813U 93036BE  17325.51980476  .00000946  00000-0  14425-3 0  9995
2 33813  74.0477 343.8492 0093098 101.0141  23.5657 14.72507154469046
0 COSMOS 2251 DEB
1 33813U 93036BE  17326.47055019 +.00000965 +00000-0 +14706-3 0  9990
2 33813 074.0477 341.9996 0093063 098.8623 023.5482 14.72509042469116
0 COSMOS 2251 DEB
1 33813U 93036BE  17327.13868559  .00000904  00000-0  13813-3 0  9996
2 33813  74.0476 340.6997 0093060  97.3637 325.3790 14.72509861469280
0 COSMOS 2251 DEB
1 33813U 93036BE  17327.48947822 +.00000886 +00000-0 +13546-3 0  9997
2 33813 074.0476 340.0173 0093050 096.5760 024.9572 14.72510396469260
0 COSMOS 2251 DEB
1 33813U 93036BE  17327.81736660 +.00000874 +00000-0 +13367-3 0  9998
2 33813 074.0476 339.3794 0093045 095.8367 323.1220 14.72510948469312
0 COSMOS 2251 DEB
1 33813U 93036BE  17328.08845612 +.00000874 +00000-0 +13374-3 0  9994
2 33813 074.0476 338.8520 0093042 095.2281 320.1895 14.72511494469355
0 COSMOS 2251 DEB
1 33813U 93036BE  17328.43969597  .00000860  00000-0  13162-3 0  9992
2 33813  74.0476 338.1687 0093032  94.4355  22.1443 14.72512034469476
0 COSMOS 2251 DEB
1 33813U 93036BE  17329.46496029  .00000864  00000-0  13222-3 0  9992
2 33813  74.0475 336.1740 0093027  92.1329  57.1602 14.72514006469626
0 COSMOS 2251 DEB
1 33813U 93036BE  17329.73055734 +.00000868 +00000-0 +13280-3 0  9994
2 33813 074.0475 335.6572 0093023 091.5295 025.1216 14.72514559469599
0 COSMOS 2251 DEB
1 33813U 93036BE  17330.48574733  .00000847  00000-0  12972-3 0  9997
2 33813  74.0475 334.1880 0093024  89.8462  68.4427 14.72515878469771
0 COSMOS 2251 DEB
1 33813U 93036BE  17330.55077087 +.00000938 +00000-0 +14302-3 0  9995
2 33813 074.0475 334.0615 0093023 089.7013 053.1377 14.72516488469713
0 COSMOS 2251 DEB
1 33813U 93036BE  17330.80738478 +.00000938 +00000-0 +14316-3 0  9996
2 33813 074.0475 333.5623 0093021 089.1227 333.4761 14.72517005469756
0 COSMOS 2251 DEB
1 33813U 93036BE  17331.75626441  .00000958  00000-0  14606-3 0  9991
2 33813  74.0475 331.7162 0093025  86.9832 323.5939 14.72518957469962
0 COSMOS 2251 DEB
1 33813U 93036BE  17332.45455222 +.00000997 +00000-0 +15168-3 0  9993
2 33813 074.0475 330.3577 0093026 085.4110 065.2984 14.72520532469996
0 COSMOS 2251 DEB
1 33813U 93036BE  17333.39847014  .00000936  00000-0  14279-3 0  9996
2 33813  74.0475 328.5213 0093032  83.2865  29.1196 14.72521978470207
0 COSMOS 2251 DEB
1 33813U 93036BE  17334.42450120  .00000950  00000-0  14490-3 0  9990
2 33813  74.0474 326.5251 0093025  81.0035  68.2141 14.72524033470358
0 COSMOS 2251 DEB
1 33813U 93036BE  17334.74686873 +.00000922 +00000-0 +14070-3 0  9994
2 33813 074.0474 325.8978 0093028 080.2827 337.1224 14.72524528470336
0 COSMOS 2251 DEB
1 33813U 93036BE  17335.37463319 +.00000880 +00000-0 +13456-3 0  9992
2 33813 074.0473 324.6764 0093030 078.8817 064.9737 14.72525458470427
0 COSMOS 2251 DEB
1 33813U 93036BE  17335.96362338 +.00000867 +00000-0 +13265-3 0  9999
2 33813 074.0473 323.5305 0093043 077.5557 307.2921 14.72526501470515
0 COSMOS 2251 DEB
1 33813U 93036BE  17336.10826069  .00000862  00000-0  13191-3 0  9995
2 33813  74.0473 323.2491 0093047  77.2300 354.0349 14.72526725470607
0 COSMOS 2251 DEB
1 33813U 93036BE  17336.39015625 +.00000849 +00000-0 +12999-3 0  9994
2 33813 074.0474 322.7008 0093054 076.5893 048.4095 14.72527175470571
0 COSMOS 2251 DEB
1 33813U 93036BE  17336.71590934 +.00000841 +00000-0 +12886-3 0  9998
2 33813 074.0474 322.0669 0093065 075.8534 335.2756 14.72527709470623
0 COSMOS 2251 DEB
1 33813U 93036BE  17337.13777275  .00000813  00000-0  12473-3 0  9991
2 33813  74.0474 321.2463 0093085  74.9034  51.6354 14.72528309470757
0 COSMOS 2251 DEB
1 33813U 93036BE  17337.40835039 +.00000785 +00000-0 +12062-3 0  9996
2 33813 074.0474 320.7199 0093095 074.2919 046.0098 14.72528651470723
0 COSMOS 2251 DEB
1 33813U 93036BE  17337.80672477 +.00000758 +00000-0 +11659-3 0  9996
2 33813 074.0474 319.9449 0093104 073.3992 357.8481 14.72529222470783
0 COSMOS 2251 DEB
1 33813U 93036BE  17338.35848362  .00000729  00000-0  11240-3 0  9999
2 33813  74.0474 318.8714 0093115  72.1597  42.8029 14.72530007470935
0 COSMOS 2251 DEB
1 33813U 93036BE  17338.96070954 +.00000718 +00000-0 +11068-3 0  9996
2 33813 074.0474 317.6997 0093132 070.8106 355.2895 14.72530986470955
0 COSMOS 2251 DEB
1 33813U 93036BE  17339.38401517  .00000755  00000-0  11619-3 0  9999
2 33813  74.0474 316.8761 0093139  69.8619  79.2963 14.72531916471087
0 COSMOS 2251 DEB
1 33813U 93036BE  17339.77608307 +.00000770 +00000-0 +11841-3 0  9992
2 33813 074.0474 316.1133 0093152 068.9786 357.7128 14.72532713471075
0 COSMOS 2251 DEB
1 33813U 93036BE  17340.39812595  .00000824  00000-0  12626-3 0  9990
2 33813  74.0474 314.9030 0093171  67.5848  55.2602 14.72534179471235
0 COSMOS 2251 DEB
1 33813U 93036BE  17340.92441134 +.00000840 +00000-0 +12864-3 0  9998
2 33813 074.0475 313.8790 0093190 066.4054 325.1838 14.72535264471242
0 COSMOS 2251 DEB
1 33813U 93036BE  17341.07698556 +.00000840 +00000-0 +12866-3 0  9999
2 33813 074.0475 313.5822 0093199 066.0581 054.0099 14.72535534471264
0 COSMOS 2251 DEB
1 33813U 93036BE  17341.62061549 +.00000887 +00000-0 +13556-3 0  9994
2 33813 074.0475 312.5245 0093219 064.8384 055.8832 14.72536764471341
0 COSMOS 2251 DEB
1 33813U 93036BE  17341.94896521 +.00000958 +00000-0 +14596-3 0  9999
2 33813 074.0475 311.8857 0093226 064.1031 356.5204 14.72537795471396
0 COSMOS 2251 DEB
1 33813U 93036BE  17342.09724375 +.00000958 +00000-0 +14600-3 0  9999
2 33813 074.0476 311.5973 0093240 063.7672 062.5737 14.72538059471417
0 COSMOS 2251 DEB
1 33813U 93036BE  17342.37356045  .00000907  00000-0  13852-3 0  9997
2 33813  74.0476 311.0597 0093252  63.1460  87.3769 14.72538246471526
0 COSMOS 2251 DEB
1 33813U 93036BE  17342.96840523 +.00000905 +00000-0 +13808-3 0  9990
2 33813 074.0476 309.9023 0093281 061.8148 000.7501 14.72539327471542
0 COSMOS 2251 DEB
1 33813U 93036BE  17343.39414160  .00000893  00000-0  13643-3 0  9995
2 33813  74.0476 309.0741 0093297  60.8583  97.6564 14.72540046471677
0 COSMOS 2251 DEB
1 33813U 93036BE  17343.91376154 +.00000838 +00000-0 +12824-3 0  9992
2 33813 074.0477 308.0631 0093322 059.6952 332.2537 14.72540719471686
0 COSMOS 2251 DEB
1 33813U 93036BE  17344.34351281 +.00000858 +00000-0 +13131-3 0  9998
2 33813 074.0477 307.2270 0093339 058.7331 090.4421 14.72541552471743
0 COSMOS 2251 DEB
1 33813U 93036BE  17344.86350780  .00000871  00000-0  13309-3 0  9990
2 33813  74.0478 306.2154 0093363  57.5707 327.0297 14.72542634471882
0 COSMOS 2251 DEB
1 33813U 93036BE  17344.93945628 +.00000788 +00000-0 +12094-3 0  9996
2 33813 074.0478 306.0676 0093370 057.4005 009.6470 14.72542349471831
0 COSMOS 2251 DEB
1 33813U 93036BE  17345.56044130 +.00000902 +00000-0 +13767-3 0  9990
2 33813 074.0479 304.8595 0093420 056.0062 061.6094 14.72544094471921
0 COSMOS 2251 DEB
1 33813U 93036BE  17345.95623057 +.00000877 +00000-0 +13397-3 0  9994
2 33813 074.0479 304.0895 0093434 055.1254 359.7602 14.72544791471980
0 COSMOS 2251 DEB
1 33813U 93036BE  17346.38390116 +.00000946 +00000-0 +14410-3 0  9993
2 33813 074.0479 303.2574 0093456 054.1678 106.9261 14.72545970472049
0 COSMOS 2251 DEB
1 33813U 93036BE  17346.90856521 +.00000967 +00000-0 +14722-3 0  9997
2 33813 074.0480 302.2367 0093479 052.9979 008.2712 14.72547178472121
0 COSMOS 2251 DEB
1 33813U 93036BE  17347.32682052  .00000976  00000-0  14845-3 0  9996
2 33813  74.0480 301.4231 0093506  52.0606  65.5280 14.72547991472254
0 COSMOS 2251 DEB
1 33813U 93036BE  17347.85370878 +.00000977 +00000-0 +14870-3 0  9993
2 33813 074.0480 300.3980 0093522 050.8879 338.6643 14.72549041472265
0 COSMOS 2251 DEB
1 33813U 93036BE  17348.35321146  .00000972  00000-0  14799-3 0  9998
2 33813  74.0481 299.4263 0093527  49.7704 106.6329 14.72550044472402
0 COSMOS 2251 DEB
1 33813U 93036BE  17348.94675735 +.00000894 +00000-0 +13644-3 0  9990
2 33813 074.0481 298.2716 0093572 048.4476 013.1390 14.72550721472428
0 COSMOS 2251 DEB
1 33813U 93036BE  17349.56850786  .00000928  00000-0  14150-3 0  9991
2 33813  74.0481 297.0620 0093597  47.0603  69.1688 14.72552096472588
0 COSMOS 2251 DEB
1 33813U 93036BE  17349.96641757 +.00000899 +00000-0 +13718-3 0  9997
2 33813 074.0481 296.2879 0093621 046.1753 018.5700 14.72552725472570
0 COSMOS 2251 DEB
1 33813U 93036BE  17350.32409854 +.00000934 +00000-0 +14236-3 0  9995
2 33813 074.0482 295.5921 0093627 045.3782 114.7127 14.72553567472623
0 COSMOS 2251 DEB
1 33813U 93036BE  17350.84327358  .00000938  00000-0  14293-3 0  9997
2 33813  74.0482 294.5820 0093665  44.2244 346.9687 14.72554635472776
0 COSMOS 2251 DEB
1 33813U 93036BE  17350.91761779 +.00000860 +00000-0 +13146-3 0  9994
2 33813 074.0482 294.4374 0093671 044.0596 021.0834 14.72554408472711
0 COSMOS 2251 DEB
1 33813U 93036BE  17351.59409302 +.00001094 +00000-0 +16575-3 0  9999
2 33813 074.0483 293.1213 0093709 042.5556 007.2264 14.72557062472814
0 COSMOS 2251 DEB
1 33813U 93036BE  17351.66445917 +.00001099 +00000-0 +16643-3 0  9990
2 33813 074.0483 292.9844 0093712 042.3992 020.2530 14.72557245472822
0 COSMOS 2251 DEB
1 33813U 93036BE  17352.01021513  .00001044  00000-0  15848-3 0  9998
2 33813  74.0483 292.3118 0093730  41.6296  53.1827 14.72557659472945
0 COSMOS 2251 DEB
1 33813U 93036BE  17352.88575104 +.00001138 +00000-0 +17225-3 0  9998
2 33813 074.0484 290.6085 0093777 039.6825 014.5988 14.72560081473006
0 COSMOS 2251 DEB
1 33813U 93036BE  17353.15879807  .00001172  00000-0  17719-3 0  9992
2 33813  74.0484 290.0773 0093800  39.0761  22.0844 14.72560868473114
0 COSMOS 2251 DEB
1 33813U 93036BE  17353.31407993 +.00001076 +00000-0 +16313-3 0  9995
2 33813 074.0484 289.7752 0093812 038.7298 125.2688 14.72560570473066
0 COSMOS 2251 DEB
1 33813U 93036BE  17354.26242410  .00001013  00000-0  15385-3 0  9990
2 33813  74.0485 287.9302 0093873  36.6272 112.6597 14.72562195473271
0 COSMOS 2251 DEB
1 33813U 93036BE  17354.26242410 +.00001013 +00000-0 +15385-3 0  9990
2 33813 074.0485 287.9302 0093873 036.6272 112.6597 14.72562195473204
0 COSMOS 2251 DEB
1 33813U 93036BE  17355.80281417  .00000976  00000-0  14845-3 0  9998
2 33813  74.0485 284.9335 0093970  33.2118 358.6372 14.72565273473503
0 COSMOS 2251 DEB
1 33813U 93036BE  17355.87503134 +.00000973 +00000-0 +14795-3 0  9999
2 33813 074.0486 284.7930 0093974 033.0523 021.4776 14.72565417473441
0 COSMOS 2251 DEB
1 33813U 93036BE  17356.49916988 +.00000940 +00000-0 +14306-3 0  9995
2 33813 074.0486 283.5788 0094022 031.6756 090.1836 14.72566509473539
0 COSMOS 2251 DEB
1 33813U 93036BE  17356.89533809  .00000926  00000-0  14103-3 0  9995
2 33813  74.0486 282.8081 0094047  30.8005  30.3682 14.72567287473665
0 COSMOS 2251 DEB
1 33813U 93036BE  17357.57374650 +.00001007 +00000-0 +15285-3 0  9991
2 33813 074.0486 281.4882 0094085 029.2895 026.7926 14.72569177473693
0 COSMOS 2251 DEB
1 33813U 93036BE  17357.91086498 +.00000959 +00000-0 +14595-3 0  9997
2 33813 074.0486 280.8324 0094102 028.5421 013.9448 14.72569630473741
0 COSMOS 2251 DEB
1 33813U 93036BE  17358.19615687  .00000959  00000-0  14586-3 0  9996
2 33813  74.0486 280.2774 0094121  27.9095  86.3521 14.72570206473854
0 COSMOS 2251 DEB
1 33813U 93036BE  17358.27330208 +.00001010 +00000-0 +15341-3 0  9997
2 33813 074.0486 280.1273 0094124 027.7371 135.3206 14.72570645473790
0 COSMOS 2251 DEB
1 33813U 93036BE  17358.86504868 +.00001024 +00000-0 +15541-3 0  9994
2 33813 074.0486 278.9761 0094163 026.4307 032.3221 14.72572002473887
0 COSMOS 2251 DEB
1 33813U 93036BE  17359.22184098  .00001051  00000-0  15936-3 0  9992
2 33813  74.0486 278.2820 0094186  25.6404 123.7747 14.72572925474007
0 COSMOS 2251 DEB
1 33813U 93036BE  17359.88515723 +.00001079 +00000-0 +16343-3 0  9990
2 33813 074.0486 276.9915 0094230 024.1784 040.1884 14.72574537474030
0 COSMOS 2251 DEB
1 33813U 93036BE  17360.24156204  .00001046  00000-0  15862-3 0  9996
2 33813  74.0486 276.2982 0094261  23.3897 129.5871 14.72575053474152
0 COSMOS 2251 DEB
1 33813U 93036BE  17360.83441774 +.00001066 +00000-0 +16148-3 0  9990
2 33813 074.0485 275.1448 0094296 022.0837 032.4749 14.72576480474177
0 COSMOS 2251 DEB
1 33813U 93036BE  17361.26263975  .00001102  00000-0  16678-3 0  9992
2 33813  74.0485 274.3118 0094323  21.1361 142.6004 14.72577562474300
0 COSMOS 2251 DEB
1 33813U 93036BE  17361.85471535 +.00001069 +00000-0 +16188-3 0  9998
2 33813 074.0484 273.1599 0094353 019.8290 041.3595 14.72578666474325
0 COSMOS 2251 DEB
1 33813U 93036BE  17362.80444275  .00000947  00000-0  14400-3 0  9994
2 33813  74.0484 271.3123 0094420  17.7372  36.1306 14.72580011474533
0 COSMOS 2251 DEB
1 33813U 93036BE  17363.55348417 +.00000855 +00000-0 +13061-3 0  9998
2 33813 074.0483 269.8551 0094478 016.0844 047.0168 14.72581065474579
0 COSMOS 2251 DEB
1 33813U 93036BE  17363.82443794  .00000835  00000-0  12764-3 0  9999
2 33813  74.0483 269.3279 0094495  15.4903  43.4186 14.72581529474686
0 COSMOS 2251 DEB
1 33813U 93036BE  17363.90482229 +.00000844 +00000-0 +12899-3 0  9993
2 33813 074.0483 269.1715 0094492 015.3120 109.5607 14.72581720474625
0 COSMOS 2251 DEB
1 33813U 93036BE  17364.50303924 +.00000841 +00000-0 +12853-3 0  9991
2 33813 074.0482 268.0077 0094536 013.9951 040.8830 14.72582864474713
0 COSMOS 2251 DEB
1 33813U 93036BE  17364.84466714  .00000836  00000-0  12777-3 0  9994
2 33813  74.0482 267.3431 0094550  13.2460  51.9502 14.72583514474838
0 COSMOS 2251 DEB
1 33813U 93036BE  17364.92373869 +.00000842 +00000-0 +12866-3 0  9997
2 33813 074.0482 267.1892 0094553 013.0714 111.1327 14.72583698474770
0 COSMOS 2251 DEB
1 33813U 93036BE  17365.20094681 +.00000839 +00000-0 +12823-3 0  9990
2 33813 074.0482 266.6500 0094573 012.4588 140.6978 14.72584224474814
0 COSMOS 2251 DEB
1 33813U 93036BE  17365.79374476 +.00000842 +00000-0 +12867-3 0  9999
2 33813 074.0481 265.4966 0094605 011.1561 043.2952 14.72585367474908
0 COSMOS 2251 DEB
1 33813U 93036BE  18001.22183855  .00000849  00000-0  12965-3 0  9990
2 33813  74.0481 264.6638 0094634  10.2133 152.7513 14.72586196475037
0 COSMOS 2251 DEB
1 33813U 93036BE  18001.81402170 +.00000851 +00000-0 +12991-3 0  9991
2 33813 074.0480 263.5117 0094666 008.9085 052.0977 14.72587322475051
0 COSMOS 2251 DEB
1 33813U 93036BE  18002.17163922 +.00000845 +00000-0 +12901-3 0  9994
2 33813 074.0480 262.8159 0094695 008.1251 147.9359 14.72587957475106
0 COSMOS 2251 DEB
1 33813U 93036BE  18002.76379654  .00000790  00000-0  12100-3 0  9990
2 33813  74.0480 261.6639 0094726   6.8232  47.1452 14.72588735475262
0 COSMOS 2251 DEB
1 33813U 93036BE  18003.11494477 +.00000800 +00000-0 +12253-3 0  9992
2 33813 074.0480 260.9807 0094747 006.0502 108.6930 14.72589400475248
0 COSMOS 2251 DEB
1 33813U 93036BE  18003.71055406 +.00000734 +00000-0 +11280-3 0  9998
2 33813 074.0479 259.8219 0094787 004.7455 026.2002 14.72590033475335
0 COSMOS 2251 DEB
1 33813U 93036BE  18004.14059826  .00000716  00000-0  11017-3 0  9994
2 33813  74.0479 258.9853 0094814   3.8035 145.9976 14.72590630475460
0 COSMOS 2251 DEB
1 33813U 93036BE  18004.40606778 +.00000701 +00000-0 +10799-3 0  9997
2 33813 074.0479 258.4688 0094833 003.2229 113.3332 14.72590990475432
0 COSMOS 2251 DEB
1 33813U 93036BE  18004.80496856 +.00000675 +00000-0 +10424-3 0  9990
2 33813 074.0479 257.6927 0094853 002.3504 068.0301 14.72591533475499
0 COSMOS 2251 DEB
1 33813U 93036BE  18005.16182880  .00000673  00000-0  10383-3 0  9991
2 33813  74.0479 256.9984 0094875   1.5640 159.8631 14.72592062475617
0 COSMOS 2251 DEB
1 33813U 93036BE  18005.75301601 +.00000685 +00000-0 +10562-3 0  9992
2 33813 074.0478 255.8482 0094906 000.2656 053.9386 14.72593138475633
0 COSMOS 2251 DEB
1 33813U 93036BE  18006.18185396  .00000657  00000-0  10158-3 0  9991
2 33813  74.0477 255.0139 0094935 359.3259 167.3459 14.72593621475764
0 COSMOS 2251 DEB
1 33813U 93036BE  18006.77459838 +.00000649 +00000-0 +10041-3 0  9993
2 33813 074.0477 253.8607 0094963 358.0240 069.6792 14.72594494475782
0 COSMOS 2251 DEB
1 33813U 93036BE  18007.13013584 +.00000642 +00000-0 +99375-4 0  9999
2 33813 074.0476 253.1689 0094984 357.2445 154.4995 14.72594969475836
0 COSMOS 2251 DEB
1 33813U 93036BE  18008.15069002  .00000619  00000-0  95925-4 0  9999
2 33813  74.0475 251.1834 0095039 355.0085 164.7937 14.72596378476054
0 COSMOS 2251 DEB
1 33813U 93036BE  18008.74340400 +.00000645 +00000-0 +99856-4 0  9994
2 33813 074.0474 250.0302 0095067 353.7133 066.9646 14.72597361476076
0 COSMOS 2251 DEB
1 33813U 93036BE  18009.36529260  .00000641  00000-0  99249-4 0  9998
2 33813  74.0472 248.8203 0095097 352.3460 123.8099 14.72598185476238
0 COSMOS 2251 DEB
1 33813U 93036BE  18009.69377906 +.00000621 +00000-0 +96281-4 0  9993
2 33813 074.0472 248.1812 0095108 351.6344 065.2192 14.72598514476210
0 COSMOS 2251 DEB
1 33813U 93036BE  18010.71230157  .00000613  00000-0  95097-4 0  9999
2 33813  74.0470 246.1994 0095158 349.3994  64.7581 14.72599832476431
0 COSMOS 2251 DEB
1 33813U 93036BE  18011.06498951 +.00000624 +00000-0 +96654-4 0  9998
2 33813 074.0470 245.5133 0095181 348.6255 134.4794 14.72600329476410
0 COSMOS 2251 DEB
1 33813U 93036BE  18011.81304700 +.00000635 +00000-0 +98359-4 0  9995
2 33813 074.0469 244.0578 0095218 346.9824 140.1958 14.72601363476526
0 COSMOS 2251 DEB
1 33813U 93036BE  18012.08342353 +.00000646 +00000-0 +99938-4 0  9997
2 33813 074.0469 243.5318 0095233 346.3909 133.5555 14.72601774476566
0 COSMOS 2251 DEB
1 33813U 93036BE  18012.68230745 +.00000638 +00000-0 +98700-4 0  9991
2 33813 074.0469 242.3665 0095257 345.0859 068.4419 14.72602509476656
0 COSMOS 2251 DEB
1 33813U 93036BE  18013.11073743  .00000657  00000-0  10159-3 0  9995
2 33813  74.0468 241.5330 0095287 344.1410 179.7072 14.72603167476787
0 COSMOS 2251 DEB
1 33813U 93036BE  18013.70254039 +.00000647 +00000-0 +10010-3 0  9994
2 33813 074.0467 240.3815 0095313 342.8476 077.0616 14.72603863476808
0 COSMOS 2251 DEB
1 33813U 93036BE  18014.05372299 +.00000660 +00000-0 +10196-3 0  9992
2 33813 074.0467 239.6982 0095332 342.0794 138.8053 14.72604377476857
0 COSMOS 2251 DEB
1 33813U 93036BE  18014.72243807 +.00000660 +00000-0 +10203-3 0  9997
2 33813 074.0467 238.3970 0095353 340.6213 083.8990 14.72605331477023
0 COSMOS 2251 DEB
1 33813U 93036BE  18015.75170029  .00000610  00000-0  94675-4 0  9997
2 33813  74.0467 236.3945 0095405 338.3729 140.3861 14.72606383477177
0 COSMOS 2251 DEB
1 33813U 93036BE  18016.97585760 +.00000590 +00000-0 +91655-4 0  9996
2 33813 074.0465 234.0125 0095467 335.6948 150.0921 14.72607775477284
0 COSMOS 2251 DEB
1 33813U 93036BE  18017.04867115  .00000591  00000-0  91874-4 0  9996
2 33813  74.0465 233.8708 0095465 335.5387 176.1006 14.72607894477366
0 COSMOS 2251 DEB
1 33813U 93036BE  18017.37017633 +.00000593 +00000-0 +92130-4 0  9992
2 33813 074.0465 233.2452 0095481 334.8358 080.5180 14.72608311477348
0 COSMOS 2251 DEB
1 33813U 93036BE  18017.79103078 +.00000567 +00000-0 +88349-4 0  9995
2 33813 074.0465 232.4265 0095492 333.9162 151.6231 14.72608739477404
0 COSMOS 2251 DEB
1 33813U 93036BE  18018.06955588  .00000577  00000-0  89823-4 0  9996
2 33813  74.0465 231.8846 0095507 333.3068 188.1889 14.72609154477516
0 COSMOS 2251 DEB
1 33813U 93036BE  18018.58831924 +.00000555 +00000-0 +86593-4 0  9997
2 33813 074.0464 230.8752 0095523 332.1794 058.3397 14.72609656477521
0 COSMOS 2251 DEB
1 33813U 93036BE  18019.01855179 +.00000556 +00000-0 +86825-4 0  9993
2 33813 074.0464 230.0381 0095539 331.2365 179.1662 14.72610171477589
0 COSMOS 2251 DEB
1 33813U 93036BE  18020.55890059  .00000560  00000-0  87312-4 0  9997
2 33813  74.0462 227.0410 0095599 327.8724  65.1371 14.72612137477880
0 COSMOS 2251 DEB
1 33813U 93036BE  18021.37999609 +.00000550 +00000-0 +85875-4 0  9990
2 33813 074.0462 225.4432 0095634 326.0751 098.0799 14.72612893477931
0 COSMOS 2251 DEB
1 33813U 93036BE  18021.73158650  .00000563  00000-0  87708-4 0  9994
2 33813  74.0462 224.7591 0095639 325.3030 162.0005 14.72613388478052
0 COSMOS 2251 DEB
1 33813U 93036BE  18022.60081213 +.00000557 +00000-0 +86954-4 0  9996
2 33813 074.0462 223.0678 0095667 323.4018 090.1048 14.72614389478113
0 COSMOS 2251 DEB
1 33813U 93036BE  18022.95314367 +.00000547 +00000-0 +85490-4 0  9996
2 33813 074.0462 222.3823 0095683 322.6303 157.9531 14.72614697478169
0 COSMOS 2251 DEB
1 33813U 93036BE  18023.02121747  .00000548  00000-0  85627-4 0  9996
2 33813  74.0462 222.2498 0095684 322.4820 158.8385 14.72614786478244
0 COSMOS 2251 DEB
1 33813U 93036BE  18023.62107160 +.00000537 +00000-0 +84036-4 0  9996
2 33813 074.0462 221.0826 0095698 321.1761 098.8957 14.72615415478261
0 COSMOS 2251 DEB
1 33813U 93036BE  18023.97196203 +.00000529 +00000-0 +82774-4 0  9998
2 33813 074.0462 220.3998 0095716 320.4094 159.1035 14.72615702478318
0 COSMOS 2251 DEB
1 33813U 93036BE  18024.57174498  .00000499  00000-0  78475-4 0  9996
2 33813  74.0462 219.2328 0095734 319.1006  98.7881 14.72616197478473
0 COSMOS 2251 DEB
1 33813U 93036BE  18024.92364902 +.00000514 +00000-0 +80578-4 0  9991
2 33813 074.0462 218.5480 0095750 318.3307 164.3728 14.72616676478457
0 COSMOS 2251 DEB
1 33813U 93036BE  18025.59006472  .00000524  00000-0  82053-4 0  9991
2 33813  74.0462 217.2512 0095772 316.8737  97.3099 14.72617513478629
0 COSMOS 2251 DEB
1 33813U 93036BE  18025.59006472 +.00000524 +00000-0 +82053-4 0  9991
2 33813 074.0462 217.2512 0095772 316.8737 097.3099 14.72617513478551
0 COSMOS 2251 DEB
1 33813U 93036BE  18026.61017101 +.00000547 +00000-0 +85385-4 0  9992
2 33813 074.0462 215.2662 0095806 314.6457 105.3042 14.72618796478707
0 COSMOS 2251 DEB
1 33813U 93036BE  18026.89216282  .00000549  00000-0  85678-4 0  9990
2 33813  74.0462 214.7175 0095816 314.0274 160.2596 14.72619108478816
0 COSMOS 2251 DEB
1 33813U 93036BE  18026.96133146 +.00000539 +00000-0 +84317-4 0  9993
2 33813 074.0462 214.5829 0095819 313.8765 166.9503 14.72619137478751
0 COSMOS 2251 DEB
1 33813U 93036BE  18027.63081642 +.00000529 +00000-0 +82815-4 0  9991
2 33813 074.0463 213.2802 0095844 312.4134 116.1645 14.72619915478851
0 COSMOS 2251 DEB
1 33813U 93036BE  18027.91189758  .00000531  00000-0  83039-4 0  9991
2 33813  74.0463 212.7333 0095860 311.7989 166.2914 14.72620236478967
0 COSMOS 2251 DEB
1 33813U 93036BE  18028.58074171 +.00000512 +00000-0 +80380-4 0  9992
2 33813 074.0463 211.4318 0095875 310.3362 112.1108 14.72620897478993
0 COSMOS 2251 DEB
1 33813U 93036BE  18028.93099181  .00000532  00000-0  83184-4 0  9996
2 33813  74.0463 210.7502 0095888 309.5691 168.9333 14.72621361479110
0 COSMOS 2251 DEB
1 33813U 93036BE  18028.93099181 +.00000532 +00000-0 +83184-4 0  9996
2 33813 074.0463 210.7502 0095888 309.5691 168.9333 14.72621361479042
0 COSMOS 2251 DEB
1 33813U 93036BE  18029.59975398 +.00000510 +00000-0 +80014-4 0  9997
2 33813 074.0464 209.4489 0095894 308.1056 114.3219 14.72622006479145
0 COSMOS 2251 DEB
1 33813U 93036BE  18029.95091072 +.00000503 +00000-0 +78947-4 0  9999
2 33813 074.0464 208.7656 0095920 307.3392 175.9493 14.72622320479198
0 COSMOS 2251 DEB
1 33813U 93036BE  18030.54929236 +.00000476 +00000-0 +75020-4 0  9996
2 33813 074.0465 207.6012 0095931 306.0291 108.2239 14.72622844479287
0 COSMOS 2251 DEB
1 33813U 93036BE  18030.90175838 +.00000497 +00000-0 +78098-4 0  9998
2 33813 074.0465 206.9154 0095947 305.2582 176.7955 14.72623311479338
0 COSMOS 2251 DEB
1 33813U 93036BE  18031.50167896 +.00000469 +00000-0 +74058-4 0  9991
2 33813 074.0465 205.7480 0095954 303.9484 117.2265 14.72623776479497
0 COSMOS 2251 DEB
1 33813U 93036BE  18031.92069727 +.00000469 +00000-0 +74052-4 0  9995
2 33813 074.0465 204.9327 0095994 303.0396 178.6134 14.72624179479488
0 COSMOS 2251 DEB
1 33813U 93036BE  18032.59034218 +.00000459 +00000-0 +72508-4 0  9999
2 33813 074.0465 203.6298 0095999 301.5683 128.6944 14.72624804479588
0 COSMOS 2251 DEB
1 33813U 93036BE  18032.94006851 +.00000464 +00000-0 +73294-4 0  9999
2 33813 074.0465 202.9493 0096020 300.8054 182.7419 14.72625162479639
0 COSMOS 2251 DEB
1 33813U 93036BE  18033.54014411 +.00000463 +00000-0 +73204-4 0  9997
2 33813 074.0465 201.7816 0096008 299.4957 123.9986 14.72625741479725
0 COSMOS 2251 DEB
1 33813U 93036BE  18034.55943766  .00000451  00000-0  71442-4 0  9992
2 33813  74.0466 199.7983 0096031 297.2759 127.7059 14.72626585479943
0 COSMOS 2251 DEB
1 33813U 93036BE  18034.90975770 +.00000460 +00000-0 +72662-4 0  9996
2 33813 074.0466 199.1166 0096099 296.4981 184.9161 14.72626903479923
0 COSMOS 2251 DEB
1 33813U 93036BE  18035.50847660 +.00000468 +00000-0 +73844-4 0  9990
2 33813 074.0466 197.9516 0096104 295.1894 118.9862 14.72627520480017
0 COSMOS 2251 DEB
1 33813U 93036BE  18035.86118846 +.00000476 +00000-0 +75115-4 0  9998
2 33813 074.0467 197.2654 0096123 294.4113 188.8728 14.72627829480133
0 COSMOS 2251 DEB
1 33813U 93036BE  18036.52848175 +.00000487 +00000-0 +76592-4 0  9999
2 33813 074.0468 195.9669 0096141 292.9600 126.4806 14.72628513480168
0 COSMOS 2251 DEB
1 33813U 93036BE  18036.80197056 +.00000502 +00000-0 +78829-4 0  9998
2 33813 074.0468 195.4348 0096162 292.3600 136.3675 14.72628819480202
0 COSMOS 2251 DEB
1 33813U 93036BE  18037.54998331 +.00000500 +00000-0 +78536-4 0  9998
2 33813 074.0469 193.9793 0096192 290.7273 141.9119 14.72629537480383
0 COSMOS 2251 DEB
1 33813U 93036BE  18037.89939778 +.00000518 +00000-0 +81168-4 0  9990
2 33813 074.0470 193.2994 0096202 289.9636 194.3134 14.72629958480360
0 COSMOS 2251 DEB
1 33813U 93036BE  18038.49871469 +.00000509 +00000-0 +79854-4 0  9998
2 33813 074.0470 192.1332 0096216 288.6521 131.5609 14.72630458480455
0 COSMOS 2251 DEB
1 33813U 93036BE  18038.64225470 +.00000522 +00000-0 +81763-4 0  9997
2 33813 074.0471 191.8539 0096221 288.3374 172.5318 14.72630650480546
0 COSMOS 2251 DEB
1 33813U 93036BE  18039.86906840  .00000544  00000-0  84980-4 0  9997
2 33813  74.0473 189.4669 0096263 285.6665 196.4121 14.72631930480723
0 COSMOS 2251 DEB
1 33813U 93036BE  18040.53891720 +.00000546 +00000-0 +85185-4 0  9993
2 33813 074.0474 188.1636 0096287 284.1986 147.5890 14.72632678480753
0 COSMOS 2251 DEB
1 33813U 93036BE  18041.09215657  .00000521  00000-0  81575-4 0  9996
2 33813  74.0476 187.0875 0096315 282.9943 200.5580 14.72633104480907
0 COSMOS 2251 DEB
1 33813U 93036BE  18041.48766698 +.00000521 +00000-0 +81533-4 0  9999
2 33813 074.0476 186.3180 0096322 282.1304 137.3391 14.72633517480892
0 COSMOS 2251 DEB
1 33813U 93036BE  18041.83949493 +.00000535 +00000-0 +83598-4 0  9992
2 33813 074.0477 185.6334 0096337 281.3653 202.5372 14.72633967480949
0 COSMOS 2251 DEB
1 33813U 93036BE  18042.50806466 +.00000524 +00000-0 +82014-4 0  9999
2 33813 074.0478 184.3326 0096345 279.9084 146.9294 14.72634658481119
0 COSMOS 2251 DEB
1 33813U 93036BE  18042.85852346 +.00000532 +00000-0 +83106-4 0  9997
2 33813 074.0478 183.6507 0096359 279.1458 204.8705 14.72635062481092
0 COSMOS 2251 DEB
1 33813U 93036BE  18043.39108392 +.00000521 +00000-0 +81587-4 0  9991
2 33813 074.0479 182.6145 0096367 277.9852 148.2178 14.72635594481177
0 COSMOS 2251 DEB
1 33813U 93036BE  18043.80866697  .00000536  00000-0  83691-4 0  9990
2 33813  74.0479 181.8020 0096380 277.0754 202.0180 14.72636123481303
0 COSMOS 2251 DEB
1 33813U 93036BE  18044.47738233 +.00000560 +00000-0 +87312-4 0  9999
2 33813 074.0480 180.5009 0096394 275.6170 147.1885 14.72636986481330
0 COSMOS 2251 DEB
1 33813U 93036BE  18045.49820936  .00000645  00000-0  99589-4 0  9997
2 33813  74.0481 178.5148 0096420 273.3894 159.0718 14.72638572481554
0 COSMOS 2251 DEB
1 33813U 93036BE  18045.85461972 +.00000656 +00000-0 +10126-3 0  9999
2 33813 074.0481 177.8213 0096431 272.6165 248.5665 14.72639007481531
0 COSMOS 2251 DEB
1 33813U 93036BE  18046.44694501 +.00000685 +00000-0 +10543-3 0  9996
2 33813 074.0482 176.6688 0096436 271.3230 148.7643 14.72639809481626
0 COSMOS 2251 DEB
1 33813U 93036BE  18046.72974988  .00000662  00000-0  10208-3 0  9990
2 33813  74.0482 176.1186 0096460 270.7124 208.0409 14.72639975481732
0 COSMOS 2251 DEB
1 33813U 93036BE  18047.39688174 +.00000649 +00000-0 +10016-3 0  9995
2 33813 074.0482 174.8205 0096474 269.2600 144.8224 14.72640701481760
0 COSMOS 2251 DEB
1 33813U 93036BE  18047.81793185  .00000631  00000-0  97562-4 0  9994
2 33813  74.0483 174.0013 0096484 268.3419 217.0107 14.72641073481899
0 COSMOS 2251 DEB
1 33813U 93036BE  18048.41724558 +.00000665 +00000-0 +10246-3 0  9999
2 33813 074.0483 172.8352 0096507 267.0343 154.2627 14.72642022481916
0 COSMOS 2251 DEB
1 33813U 93036BE  18048.76879222 +.00000705 +00000-0 +10841-3 0  9992
2 33813 074.0483 172.1512 0096514 266.2701 217.9803 14.72642706481961
0 COSMOS 2251 DEB
1 33813U 93036BE  18049.43719137 +.00000694 +00000-0 +10681-3 0  9994
2 33813 074.0484 170.8507 0096524 264.8158 161.4862 14.72643504482137
0 COSMOS 2251 DEB
1 33813U 93036BE  18049.78759163 +.00000707 +00000-0 +10856-3 0  9994
2 33813 074.0484 170.1690 0096532 264.0554 219.1262 14.72644033482115
0 COSMOS 2251 DEB
1 33813U 93036BE  18050.38608147 +.00000714 +00000-0 +10960-3 0  9991
2 33813 074.0484 169.0044 0096542 262.7490 152.0175 14.72644942482207
0 COSMOS 2251 DEB
1 33813U 93036BE  18050.73940865 +.00000702 +00000-0 +10789-3 0  9992
2 33813 074.0485 168.3170 0096556 261.9847 225.1739 14.72645368482326
0 COSMOS 2251 DEB
1 33813U 93036BE  18051.75811779  .00000697  00000-0  10713-3 0  9996
2 33813  74.0486 166.3349 0096562 259.7694 225.8540 14.72646843482477
0 COSMOS 2251 DEB
1 33813U 93036BE  18052.77732451  .00000664  00000-0  10239-3 0  9995
2 33813  74.0487 164.3520 0096568 257.5502 229.1801 14.72648216482627
0 COSMOS 2251 DEB
1 33813U 93036BE  18053.44832146 +.00000618 +00000-0 +95581-4 0  9995
2 33813 074.0488 163.0464 0096566 256.0900 186.4733 14.72648966482659
0 COSMOS 2251 DEB
1 33813U 93036BE  18053.73306300 +.00000603 +00000-0 +93513-4 0  9992
2 33813 074.0487 162.4924 0096571 255.4710 256.0317 14.72649283482699
0 COSMOS 2251 DEB
1 33813U 93036BE  18054.39656979 +.00000630 +00000-0 +97369-4 0  9998
2 33813 074.0487 161.2013 0096579 254.0293 173.6180 14.72650481482867
0 COSMOS 2251 DEB
1 33813U 93036BE  18054.75255476 +.00000636 +00000-0 +98306-4 0  9993
2 33813 074.0488 160.5087 0096586 253.2564 260.8754 14.72651052482840
0 COSMOS 2251 DEB
1 33813U 93036BE  18055.07353632 +.00000604 +00000-0 +93621-4 0  9992
2 33813 074.0488 159.8842 0096599 252.5581 162.5631 14.72651333482894
0 COSMOS 2251 DEB
1 33813U 93036BE  18055.42542703 +.00000638 +00000-0 +98590-4 0  9997
2 33813 074.0488 159.1995 0096604 251.7891 228.1202 14.72652017483016
0 COSMOS 2251 DEB
1 33813U 93036BE  18055.69714439 +.00000655 +00000-0 +10106-3 0  9998
2 33813 074.0488 158.6709 0096605 251.2006 228.6321 14.72652500482986
0 COSMOS 2251 DEB
1 33813U 93036BE  18056.64859351  .00000624  00000-0  96527-4 0  9995
2 33813  74.0487 156.8197 0096607 249.1337 232.7536 14.72653564483190
0 COSMOS 2251 DEB
1 33813U 93036BE  18057.31523076 +.00000622 +00000-0 +96146-4 0  9997
2 33813 074.0486 155.5226 0096618 247.6817 166.9485 14.72654507483229
0 COSMOS 2251 DEB
1 33813U 93036BE  18057.73606326 +.00000635 +00000-0 +98073-4 0  9998
2 33813 074.0487 154.7038 0096621 246.7698 237.9998 14.72655164483355
0 COSMOS 2251 DEB
1 33813U 93036BE  18058.60802175 +.00000661 +00000-0 +10188-3 0  9994
2 33813 074.0486 153.0073 0096619 244.8764 180.7100 14.72656504483411
0 COSMOS 2251 DEB
1 33813U 93036BE  18058.68645949 +.00000660 +00000-0 +10169-3 0  9994
2 33813 074.0486 152.8547 0096621 244.7068 236.5490 14.72656605483428
0 COSMOS 2251 DEB
1 33813U 93036BE  18059.08370175  .00000640  00000-0  98778-4 0  9996
2 33813  74.0485 152.0817 0096619 243.8481 182.5358 14.72657012483555
0 COSMOS 2251 DEB
1 33813U 93036BE  18059.43447988 +.00000642 +00000-0 +99081-4 0  9992
2 33813 074.0485 151.3992 0096617 243.0815 242.2013 14.72657483483534
0 COSMOS 2251 DEB
1 33813U 93036BE  18059.70605345 +.00000639 +00000-0 +98654-4 0  9996
2 33813 074.0485 150.8708 0096615 242.4914 241.9575 14.72657832483575
0 COSMOS 2251 DEB
1 33813U 93036BE  18060.38452141  .00000597  00000-0  92562-4 0  9991
2 33813  74.0484 149.5506 0096617 241.0137 238.8830 14.72658543483747
0 COSMOS 2251 DEB
1 33813U 93036BE  18060.57758368 +.00000608 +00000-0 +94071-4 0  9992
2 33813 074.0484 149.1750 0096622 240.5954 182.4088 14.72658846483702
0 COSMOS 2251 DEB
1 33813U 93036BE  18061.40518918  .00000625  00000-0  96627-4 0  9998
2 33813  74.0484 147.5647 0096613 238.7966 249.9940 14.72660117483891
0 COSMOS 2251 DEB
1 33813U 93036BE  18061.68131233 +.00000629 +00000-0 +97185-4 0  9993
2 33813 074.0484 147.0274 0096609 238.1974 273.8717 14.72660492483861
0 COSMOS 2251 DEB
1 33813U 93036BE  18062.62623626  .00000622  00000-0  96155-4 0  9999
2 33813  74.0483 145.1888 0096606 236.1473 243.4267 14.72661775484071
0 COSMOS 2251 DEB
1 33813U 93036BE  18062.62623626 +.00000622 +00000-0 +96155-4 0  9999
2 33813 074.0483 145.1888 0096606 236.1473 243.4267 14.72661775484004
0 COSMOS 2251 DEB
1 33813U 93036BE  18063.29532338 +.00000640 +00000-0 +98829-4 0  9992
2 33813 074.0482 143.8869 0096597 234.6912 190.6288 14.72662870484101
0 COSMOS 2251 DEB
1 33813U 93036BE  18063.65121347  .00000632  00000-0  97594-4 0  9995
2 33813  74.0482 143.1944 0096595 233.9205 277.3961 14.72663280484223
0 COSMOS 2251 DEB
1 33813U 93036BE  18064.58664444 +.00000610 +00000-0 +94369-4 0  9991
2 33813 074.0481 141.3743 0096579 231.8853 196.6382 14.72664446484299
0 COSMOS 2251 DEB
1 33813U 93036BE  18064.67069359  .00000608  00000-0  94083-4 0  9995
2 33813  74.0481 141.2107 0096578 231.7032 282.2291 14.72664554484379
0 COSMOS 2251 DEB
1 33813U 93036BE  18065.61550567 +.00000598 +00000-0 +92635-4 0  9995
2 33813 074.0481 139.3723 0096561 229.6513 251.2070 14.72665801484448
0 COSMOS 2251 DEB
1 33813U 93036BE  18065.69133520  .00000597  00000-0  92536-4 0  9998
2 33813  74.0480 139.2247 0096559 229.4870 293.2215 14.72665903484527
0 COSMOS 2251 DEB
1 33813U 93036BE  18066.64023674 +.00000591 +00000-0 +91644-4 0  9995
2 33813 074.0479 137.3784 0096538 227.4224 283.8878 14.72667112484599
0 COSMOS 2251 DEB
1 33813U 93036BE  18067.23458844  .00000576  00000-0  89388-4 0  9997
2 33813  74.0479 136.2218 0096524 226.1286 194.8871 14.72667858484757
0 COSMOS 2251 DEB
1 33813U 93036BE  18067.66023029 +.00000582 +00000-0 +90333-4 0  9996
2 33813 074.0478 135.3936 0096519 225.2065 291.4549 14.72668415484747
0 COSMOS 2251 DEB
1 33813U 93036BE  18068.33280506  .00000576  00000-0  89432-4 0  9997
2 33813  74.0477 134.0849 0096505 223.7420 257.1625 14.72669240484918
0 COSMOS 2251 DEB
1 33813U 93036BE  18068.61025859 +.00000583 +00000-0 +90426-4 0  9999
2 33813 074.0477 133.5449 0096498 223.1392 288.1032 14.72669598484889
0 COSMOS 2251 DEB
1 33813U 93036BE  18068.93150934 +.00000562 +00000-0 +87311-4 0  9993
2 33813 074.0476 132.9198 0096486 222.4403 191.2393 14.72669864484930
0 COSMOS 2251 DEB
1 33813U 93036BE  18069.62976594  .00000591  00000-0  91586-4 0  9999
2 33813  74.0475 131.5611 0096466 220.9203 293.1056 14.72670942485100
0 COSMOS 2251 DEB
1 33813U 93036BE  18069.62976594 +.00000591 +00000-0 +91586-4 0  9999
2 33813 074.0475 131.5611 0096466 220.9203 293.1056 14.72670942485032
0 COSMOS 2251 DEB
1 33813U 93036BE  18070.58036340 +.00000610 +00000-0 +94367-4 0  9994
2 33813 074.0474 129.7112 0096439 218.8513 292.7812 14.72672258485178
0 COSMOS 2251 DEB
1 33813U 93036BE  18071.24512608  .00000607  00000-0  93891-4 0  9991
2 33813  74.0472 128.4176 0096416 217.4060 217.0792 14.72673088485347
0 COSMOS 2251 DEB
1 33813U 93036BE  18071.59937781 +.00000605 +00000-0 +93618-4 0  9997
2 33813 074.0472 127.7283 0096403 216.6360 295.1766 14.72673492485323
0 COSMOS 2251 DEB
1 33813U 93036BE  18072.26307405  .00000639  00000-0  98611-4 0  9991
2 33813  74.0471 126.4367 0096383 215.1888 213.8288 14.72674569485497
0 COSMOS 2251 DEB
1 33813U 93036BE  18072.61311479 +.00000658 +00000-0 +10140-3 0  9997
2 33813 074.0470 125.7555 0096366 214.4235 269.6079 14.72675129485474
0 COSMOS 2251 DEB
1 33813U 93036BE  18073.56423687  .00000650  00000-0  10023-3 0  9999
2 33813  74.0469 123.9046 0096330 212.3502 272.0814 14.72676331485686
0 COSMOS 2251 DEB
1 33813U 93036BE  18074.58260435  .00000672  00000-0  10338-3 0  9995
2 33813  74.0467 121.9228 0096285 210.1263 271.0734 14.72677877485836
0 COSMOS 2251 DEB
1 33813U 93036BE  18075.53269336 +.00000714 +00000-0 +10943-3 0  9999
2 33813 074.0467 120.0739 0096244 208.0501 268.0861 14.72679485485901
0 COSMOS 2251 DEB
1 33813U 93036BE  18076.20262832  .00000706  00000-0  10829-3 0  9992
2 33813  74.0466 118.7702 0096223 206.5949 219.8228 14.72680481486078
0 COSMOS 2251 DEB
1 33813U 93036BE  18076.55324904 +.00000734 +00000-0 +11240-3 0  9998
2 33813 074.0466 118.0878 0096204 205.8280 278.6846 14.72681142486056
0 COSMOS 2251 DEB
1 33813U 93036BE  18077.57213682  .00000725  00000-0  11112-3 0  9999
2 33813  74.0465 116.1051 0096158 203.5989 280.4566 14.72682655486270
0 COSMOS 2251 DEB
1 33813U 93036BE  18078.52364671 +.00000817 +00000-0 +12454-3 0  9992
2 33813 074.0464 114.2533 0096100 201.5272 285.0143 14.72684830486340
0 COSMOS 2251 DEB
1 33813U 93036BE  18078.79422632  .00000768  00000-0  11730-3 0  9994
2 33813  74.0464 113.7268 0096083 200.9268 279.5396 14.72684993486457
0 COSMOS 2251 DEB
1 33813U 93036BE  18079.54275637 +.00000744 +00000-0 +11384-3 0  9998
2 33813 074.0464 112.2701 0096051 199.2835 287.9881 14.72686056486496
0 COSMOS 2251 DEB
1 33813U 93036BE  18080.14065255  .00000729  00000-0  11161-3 0  9995
2 33813  74.0463 111.1064 0096008 197.9744 217.8274 14.72687011486659
0 COSMOS 2251 DEB
1 33813U 93036BE  18080.49319314 +.00000729 +00000-0 +11167-3 0  9997
2 33813 074.0463 110.4203 0095995 197.2034 286.8753 14.72687527486633
0 COSMOS 2251 DEB
1 33813U 93036BE  18081.16183940  .00000707  00000-0  10840-3 0  9999
2 33813  74.0462 109.1189 0095951 195.7367 231.8136 14.72688546486800
0 COSMOS 2251 DEB
1 33813U 93036BE  18081.51212372 +.00000701 +00000-0 +10764-3 0  9999
2 33813 074.0462 108.4372 0095935 194.9652 288.9069 14.72689014486782
0 COSMOS 2251 DEB
1 33813U 93036BE  18082.18237917  .00000673  00000-0  10354-3 0  9998
2 33813  74.0461 107.1328 0095896 193.4960 242.3790 14.72689959486952
0 COSMOS 2251 DEB
1 33813U 93036BE  18082.53097538 +.00000692 +00000-0 +10628-3 0  9995
2 33813 074.0461 106.4544 0095878 192.7350 290.5178 14.72690551486932
0 COSMOS 2251 DEB
1 33813U 93036BE  18083.48721926  .00000724  00000-0  11087-3 0  9991
2 33813  74.0460 104.5932 0095817 190.6312 320.2176 14.72692079487149
0 COSMOS 2251 DEB
1 33813U 93036BE  18084.50129378 +.00000699 +00000-0 +10723-3 0  9995
2 33813 074.0459 102.6196 0095759 188.3999 296.5220 14.72693348487299
0 COSMOS 2251 DEB
1 33813U 93036BE  18085.45206352 +.00000686 +00000-0 +10544-3 0  9995
2 33813 074.0459 100.7691 0095703 186.3102 297.2073 14.72694607487362
0 COSMOS 2251 DEB
1 33813U 93036BE  18086.11945987  .00000673  00000-0  10345-3 0  9998
2 33813  74.0459  99.4702 0095659 184.8412 235.5403 14.72695499487537
0 COSMOS 2251 DEB
1 33813U 93036BE  18086.47070255 +.00000682 +00000-0 +10482-3 0  9996
2 33813 074.0459 098.7867 0095637 184.0677 297.7233 14.72696007487517
0 COSMOS 2251 DEB
1 33813U 93036BE  18087.21883524  .00000654  00000-0  10074-3 0  9996
2 33813  74.0460  97.3308 0095619 182.4127 304.1075 14.72696900487694
0 COSMOS 2251 DEB
1 33813U 93036BE  18087.56191535 +.00000654 +00000-0 +10077-3 0  9991
2 33813 074.0460 096.6630 0095596 181.6568 323.0176 14.72697393487675
0 COSMOS 2251 DEB
1 33813U 93036BE  18087.81678236 +.00000653 +00000-0 +10064-3 0  9992
2 33813 074.0460 096.1670 0095576 181.0949 234.2486 14.72697757487715
0 COSMOS 2251 DEB
1 33813U 93036BE  18088.44615473  .00000656  00000-0  10105-3 0  9995
2 33813  74.0460  94.9422 0095545 179.7074 330.9991 14.72698651487871
0 COSMOS 2251 DEB
1 33813U 93036BE  18089.46549399  .00000614  00000-0  94829-4 0  9991
2 33813  74.0461  92.9584 0095500 177.4564 335.2494 14.72699862488028
0 COSMOS 2251 DEB
1 33813U 93036BE  18090.40983367 +.00000582 +00000-0 +90157-4 0  9998
2 33813 074.0462 091.1205 0095449 175.3757 301.8717 14.72700947488094
0 COSMOS 2251 DEB
1 33813U 93036BE  18090.80757987  .00000572  00000-0  88752-4 0  9996
2 33813  74.0463  90.3464 0095429 174.4943 250.6160 14.72701409488220
0 COSMOS 2251 DEB
1 33813U 93036BE  18091.43513632 +.00000552 +00000-0 +85881-4 0  9991
2 33813 074.0463 089.1252 0095387 173.1000 337.7574 14.72702061488247
0 COSMOS 2251 DEB
1 33813U 93036BE  18091.95539292 +.00000553 +00000-0 +85982-4 0  9991
2 33813 074.0463 088.1126 0095366 171.9488 216.0203 14.72702755488326
0 COSMOS 2251 DEB
1 33813U 93036BE  18092.09881292  .00000541  00000-0  84300-4 0  9997
2 33813  74.0463  87.8335 0095359 171.6302 256.3962 14.72702852488415
0 COSMOS 2251 DEB
1 33813U 93036BE  18092.44875887 +.00000541 +00000-0 +84250-4 0  9993
2 33813 074.0463 087.1525 0095338 170.8600 311.7130 14.72703227488395
0 COSMOS 2251 DEB
1 33813U 93036BE  18093.12036340  .00000539  00000-0  83951-4 0  9996
2 33813  74.0464  85.8454 0095304 169.3716 272.3873 14.72704029488562
0 COSMOS 2251 DEB
1 33813U 93036BE  18093.39988693 +.00000547 +00000-0 +85124-4 0  9995
2 33813 074.0464 085.3014 0095287 168.7534 314.3479 14.72704356488539
0 COSMOS 2251 DEB
1 33813U 93036BE  18093.67119390 +.00000542 +00000-0 +84363-4 0  9995
2 33813 074.0464 084.7734 0095272 168.1437 312.7566 14.72704638488577
0 COSMOS 2251 DEB
1 33813U 93036BE  18094.14754007  .00000539  00000-0  84005-4 0  9997
2 33813  74.0465  83.8464 0095249 167.0859 318.2253 14.72705163488712
0 COSMOS 2251 DEB
1 33813U 93036BE  18094.42447653 +.00000548 +00000-0 +85228-4 0  9992
2 33813 074.0465 083.3074 0095234 166.4730 346.4715 14.72705495488689
0 COSMOS 2251 DEB
1 33813U 93036BE  18094.74641406 +.00000546 +00000-0 +84991-4 0  9993
2 33813 074.0465 082.6809 0095218 165.7586 253.3047 14.72705870488737
0 COSMOS 2251 DEB
1 33813U 93036BE  18095.43795833  .00000573  00000-0  88958-4 0  9991
2 33813  74.0466  81.3350 0095177 164.2165 319.7102 14.72706806488904
0 COSMOS 2251 DEB
1 33813U 93036BE  18096.39401638 +.00000576 +00000-0 +89344-4 0  9997
2 33813 074.0467 079.4744 0095134 162.0881 348.5050 14.72707893488970
0 COSMOS 2251 DEB
1 33813U 93036BE  18096.91475111  .00000566  00000-0  87906-4 0  9993
2 33813  74.0468  78.4609 0095108 160.9248 229.3235 14.72708449489122
0 COSMOS 2251 DEB
1 33813U 93036BE  18096.91475111 +.00000566 +00000-0 +87906-4 0  9993
2 33813 074.0468 078.4609 0095108 160.9248 229.3235 14.72708449489054
0 COSMOS 2251 DEB
1 33813U 93036BE  18097.47970309 +.00000566 +00000-0 +87825-4 0  9994
2 33813 074.0469 077.3614 0095080 159.6722 344.5637 14.72709073489139
0 COSMOS 2251 DEB
1 33813U 93036BE  18097.93400396 +.00000559 +00000-0 +86874-4 0  9994
2 33813 074.0469 076.4773 0095062 158.6562 233.1680 14.72709569489205
0 COSMOS 2251 DEB
1 33813U 93036BE  18098.08662366  .00000558  00000-0  86672-4 0  9993
2 33813  74.0469  76.1804 0095049 158.3254 322.3143 14.72709741489293
0 COSMOS 2251 DEB
1 33813U 93036BE  18098.35892609 +.00000572 +00000-0 +88699-4 0  9995
2 33813 074.0469 075.6504 0095034 157.7190 326.0002 14.72710087489267
0 COSMOS 2251 DEB
1 33813U 93036BE  18098.95873500 +.00000570 +00000-0 +88519-4 0  9999
2 33813 074.0470 074.4831 0095009 156.3817 266.0553 14.72710824489355
0 COSMOS 2251 DEB
1 33813U 93036BE  18099.10642459  .00000570  00000-0  88424-4 0  9999
2 33813  74.0470  74.1957 0094999 156.0538 329.0717 14.72710979489448
0 COSMOS 2251 DEB
1 33813U 93036BE  18099.37753559 +.00000612 +00000-0 +94592-4 0  9992
2 33813 074.0470 073.6680 0094983 155.4499 326.4424 14.72711509489410
0 COSMOS 2251 DEB
1 33813U 93036BE  18099.90369993 +.00000612 +00000-0 +94644-4 0  9994
2 33813 074.0471 072.6441 0094963 154.2786 236.0509 14.72712189489492
0 COSMOS 2251 DEB
1 33813U 93036BE  18100.12569170  .00000614  00000-0  94934-4 0  9994
2 33813  74.0472  72.2121 0094953 153.7790 333.0083 14.72712460489590
0 COSMOS 2251 DEB
1 33813U 93036BE  18100.32867956 +.00000653 +00000-0 +10057-3 0  9995
2 33813 074.0472 071.8171 0094943 153.3268 329.2068 14.72712928489550
0 COSMOS 2251 DEB
1 33813U 93036BE  18100.92301532 +.00000671 +00000-0 +10315-3 0  9991
2 33813 074.0472 070.6604 0094918 151.9980 240.2545 14.72713854489646
0 COSMOS 2251 DEB
1 33813U 93036BE  18101.35286880  .00000733  00000-0  11217-3 0  9998
2 33813  74.0473  69.8240 0094895 151.0387 359.2501 14.72714780489775
0 COSMOS 2251 DEB
1 33813U 93036BE  18101.94632633 +.00000714 +00000-0 +10942-3 0  9997
2 33813 074.0474 068.6690 0094878 149.7166 265.6400 14.72715548489795
0 COSMOS 2251 DEB
1 33813U 93036BE  18102.36695366  .00000719  00000-0  11010-3 0  9998
2 33813  74.0475  67.8505 0094862 148.7726 335.7273 14.72716136489922
0 COSMOS 2251 DEB
1 33813U 93036BE  18102.96547252 +.00000734 +00000-0 +11242-3 0  9998
2 33813 074.0477 066.6858 0094838 147.4463 268.9489 14.72717195489943
0 COSMOS 2251 DEB
1 33813U 93036BE  18103.32282043 +.00000748 +00000-0 +11434-3 0  9991
2 33813 074.0477 065.9904 0094823 146.6485 003.5390 14.72717784489999
0 COSMOS 2251 DEB
1 33813U 93036BE  18103.71455087  .00000728  00000-0  11141-3 0  9997
2 33813  74.0478  65.2280 0094803 145.7718 280.4212 14.72718267490120
0 COSMOS 2251 DEB
1 33813U 93036BE  18103.91749147 +.00000716 +00000-0 +10973-3 0  9991
2 33813 074.0478 064.8331 0094799 145.3186 276.3741 14.72718528490087
0 COSMOS 2251 DEB
1 33813U 93036BE  18104.33627663 +.00000708 +00000-0 +10853-3 0  9994
2 33813 074.0479 064.0182 0094789 144.3818 336.6965 14.72719107490143
0 COSMOS 2251 DEB
1 33813U 93036BE  18104.93535774 +.00000693 +00000-0 +10632-3 0  9999
2 33813 074.0480 062.8523 0094773 143.0418 272.9172 14.72719999490236
0 COSMOS 2251 DEB
1 33813U 93036BE  18105.20840571  .00000691  00000-0  10609-3 0  9996
2 33813  74.0480  62.3210 0094761 142.4320 280.5676 14.72720357490342
0 COSMOS 2251 DEB
1 33813U 93036BE  18105.36286948 +.00000690 +00000-0 +10588-3 0  9990
2 33813 074.0480 062.0204 0094754 142.0856 019.5081 14.72720591490298
0 COSMOS 2251 DEB
1 33813U 93036BE  18105.95507080 +.00000671 +00000-0 +10316-3 0  9996
2 33813 074.0481 060.8680 0094741 140.7595 279.2576 14.72721405490383
0 COSMOS 2251 DEB
1 33813U 93036BE  18106.30693571  .00000677  00000-0  10410-3 0  9998
2 33813  74.0482  60.1832 0094724 139.9742 344.7827 14.72721937490502
0 COSMOS 2251 DEB
1 33813U 93036BE  18106.97549319 +.00000661 +00000-0 +10163-3 0  9999
2 33813 074.0483 058.8822 0094718 138.4763 289.3637 14.72722868490536
0 COSMOS 2251 DEB
1 33813U 93036BE  18107.32541226  .00000675  00000-0  10374-3 0  9997
2 33813  74.0484  58.2013 0094706 137.6935 344.5759 14.72723425490654
0 COSMOS 2251 DEB
1 33813U 93036BE  18107.92537594 +.00000668 +00000-0 +10276-3 0  9999
2 33813 074.0484 057.0338 0094702 136.3483 285.4877 14.72724269490674
0 COSMOS 2251 DEB
1 33813U 93036BE  18108.28386870 +.00000681 +00000-0 +10461-3 0  9999
2 33813 074.0485 056.3362 0094680 135.5479 026.1558 14.72724774490728
0 COSMOS 2251 DEB
1 33813U 93036BE  18108.60253269  .00000685  00000-0  10516-3 0  9995
2 33813  74.0485  55.7160 0094676 134.8344 275.6619 14.72725257490844
0 COSMOS 2251 DEB
1 33813U 93036BE  18108.94571691 +.00000688 +00000-0 +10568-3 0  9994
2 33813 074.0486 055.0482 0094671 134.0663 295.1710 14.72725798490823
0 COSMOS 2251 DEB
1 33813U 93036BE  18109.30086691 +.00000688 +00000-0 +10566-3 0  9994
2 33813 074.0487 054.3571 0094660 133.2705 018.1213 14.72726249490879
0 COSMOS 2251 DEB
1 33813U 93036BE  18109.62283639  .00000676  00000-0  10383-3 0  9994
2 33813  74.0487  53.7306 0094654 132.5504 285.1531 14.72726633490999
0 COSMOS 2251 DEB
1 33813U 93036BE  18109.96507477 +.00000685 +00000-0 +10525-3 0  9998
2 33813 074.0487 053.0646 0094651 131.7863 299.6474 14.72727213490974
0 COSMOS 2251 DEB
1 33813U 93036BE  18110.24580123 +.00000709 +00000-0 +10875-3 0  9995
2 33813 074.0488 052.5183 0094635 131.1627 348.0112 14.72727669491018
0 COSMOS 2251 DEB
1 33813U 93036BE  18110.91442892  .00000789  00000-0  12041-3 0  9994
2 33813  74.0489  51.2172 0094629 129.6619 292.9833 14.72729242491183
0 COSMOS 2251 DEB
1 33813U 93036BE  18111.59260478 +.00000832 +00000-0 +12659-3 0  9991
2 33813 074.0490 049.8975 0094615 128.1455 288.5736 14.72730527491211
0 COSMOS 2251 DEB
1 33813U 93036BE  18111.93386868 +.00000837 +00000-0 +12727-3 0  9992
2 33813 074.0490 049.2335 0094610 127.3834 297.9063 14.72731166491264
0 COSMOS 2251 DEB
1 33813U 93036BE  18112.21612694  .00000822  00000-0  12510-3 0  9997
2 33813  74.0491  48.6842 0094604 126.7503 354.4017 14.72731492491372
0 COSMOS 2251 DEB
1 33813U 93036BE  18112.28429066 +.00000823 +00000-0 +12534-3 0  9990
2 33813 074.0491 048.5516 0094604 126.5975 355.7968 14.72731624491310
0 COSMOS 2251 DEB
1 33813U 93036BE  18112.95520119 +.00000794 +00000-0 +12104-3 0  9995
2 33813 074.0492 047.2461 0094596 125.0971 312.8735 14.72732607491415
0 COSMOS 2251 DEB
1 33813U 93036BE  18113.24048628  .00000801  00000-0  12209-3 0  9993
2 33813  74.0492  46.6910 0094596 124.4570  25.4196 14.72733134491521
0 COSMOS 2251 DEB
1 33813U 93036BE  18113.50684292 +.00000792 +00000-0 +12079-3 0  9999
2 33813 074.0492 046.1727 0094597 123.8597 357.6094 14.72733558491498
0 COSMOS 2251 DEB
1 33813U 93036BE  18113.97454059 +.00000753 +00000-0 +11505-3 0  9996
2 33813 074.0493 045.2626 0094590 122.8122 317.2835 14.72734143491567
0 COSMOS 2251 DEB
1 33813U 93036BE  18114.25966535  .00000766  00000-0  11697-3 0  9991
2 33813  74.0493  44.7078 0094589 122.1727  28.9810 14.72734704491678
0 COSMOS 2251 DEB
1 33813U 93036BE  18114.85300656 +.00000725 +00000-0 +11105-3 0  9992
2 33813 074.0493 043.5532 0094588 120.8408 294.8075 14.72735541491699
0 COSMOS 2251 DEB
1 33813U 93036BE  18116.22344117  .00000720  00000-0  11019-3 0  9994
2 33813  74.0494  40.8865 0094585 117.7739   0.6911 14.72737767491962
0 COSMOS 2251 DEB
1 33813U 93036BE  18116.49488490 +.00000701 +00000-0 +10743-3 0  9998
2 33813 074.0495 040.3582 0094584 117.1646 359.8565 14.72738088491932
0 COSMOS 2251 DEB
1 33813U 93036BE  18116.89391076 +.00000679 +00000-0 +10426-3 0  9997
2 33813 074.0495 039.5818 0094589 116.2727 315.4465 14.72738644491990
0 COSMOS 2251 DEB
1 33813U 93036BE  18117.24354112  .00000690  00000-0  10586-3 0  9997
2 33813  74.0495  38.9015 0094576 115.4883   9.1504 14.72739227492116
0 COSMOS 2251 DEB
1 33813U 93036BE  18117.91409543 +.00000675 +00000-0 +10373-3 0  9997
2 33813 074.0495 037.5966 0094590 113.9886 324.3568 14.72740160492141
0 COSMOS 2251 DEB
1 33813U 93036BE  18118.52015144  .00000631  00000-0  97273-4 0  9992
2 33813  74.0496  36.4173 0094583 112.6296 297.6043 14.72740706492307
0 COSMOS 2251 DEB
1 33813U 93036BE  18118.86234032 +.00000625 +00000-0 +96409-4 0  9991
2 33813 074.0495 035.7514 0094580 111.8652 311.8535 14.72741161492289
0 COSMOS 2251 DEB
1 33813U 93036BE  18119.54056000 +.00000615 +00000-0 +94885-4 0  9999
2 33813 074.0496 034.4316 0094585 110.3457 307.7080 14.72741995492383
0 COSMOS 2251 DEB
1 33813U 93036BE  18119.88220727 +.00000622 +00000-0 +95911-4 0  9994
2 33813 074.0496 033.7668 0094590 109.5802 319.0897 14.72742521492507
0 COSMOS 2251 DEB
1 33813U 93036BE  18120.56086840 +.00000609 +00000-0 +94005-4 0  9995
2 33813 074.0496 032.4462 0094577 108.0595 317.2869 14.72743242492536
0 COSMOS 2251 DEB
1 33813U 93036BE  18120.91087488 +.00000595 +00000-0 +91982-4 0  9998
2 33813 074.0496 031.7651 0094571 107.2798 012.9845 14.72743594492586
0 COSMOS 2251 DEB
1 33813U 93036BE  18121.18810209  .00000598  00000-0  92390-4 0  9990
2 33813  74.0496  31.2256 0094571 106.6580  42.8190 14.72743940492696
0 COSMOS 2251 DEB
1 33813U 93036BE  18121.58004931 +.00000602 +00000-0 +92996-4 0  9999
2 33813 074.0496 030.4629 0094576 105.7809 320.8867 14.72744413492685
0 COSMOS 2251 DEB
1 33813U 93036BE  18121.93067022 +.00000619 +00000-0 +95474-4 0  9990
2 33813 074.0496 029.7807 0094575 104.9961 019.8477 14.72744954492731
0 COSMOS 2251 DEB
1 33813U 93036BE  18122.20769230  .00000618  00000-0  95393-4 0  9990
2 33813  74.0496  29.2416 0094574 104.3750  48.5952 14.72745268492849
0 COSMOS 2251 DEB
1 33813U 93036BE  18122.80076775 +.00000611 +00000-0 +94266-4 0  9992
2 33813 074.0496 028.0875 0094580 103.0471 313.0310 14.72745988492867
0 COSMOS 2251 DEB
1 33813U 93036BE  18123.15213610 +.00000605 +00000-0 +93494-4 0  9997
2 33813 074.0496 027.4038 0094583 102.2613 015.9556 14.72746347492919
0 COSMOS 2251 DEB
1 33813U 93036BE  18123.82065870  .00000584  00000-0  90409-4 0  9993
2 33813  74.0495  26.1029 0094591 100.7641 320.4082 14.72747024493087
0 COSMOS 2251 DEB
1 33813U 93036BE  18123.89971205 +.00000581 +00000-0 +89972-4 0  9998
2 33813 074.0495 025.9491 0094599 100.5891 019.5410 14.72747113493024
0 COSMOS 2251 DEB
1 33813U 93036BE  18124.49920375 +.00000575 +00000-0 +89084-4 0  9994
2 33813 074.0495 024.7826 0094612 099.2442 318.0011 14.72747754493110
0 COSMOS 2251 DEB
1 33813U 93036BE  18124.84274681  .00000567  00000-0  87863-4 0  9999
2 33813  74.0495  24.1141 0094621  98.4784 339.4368 14.72748133493231
0 COSMOS 2251 DEB
1 33813U 93036BE  18125.51927207 +.00000584 +00000-0 +90312-4 0  9995
2 33813 074.0494 022.7976 0094634 096.9621 326.3240 14.72748947493267
0 COSMOS 2251 DEB
1 33813U 93036BE  18125.86949569  .00000612  00000-0  94445-4 0  9991
2 33813  74.0494  22.1161 0094630  96.1795  23.1839 14.72749579493388
0 COSMOS 2251 DEB
1 33813U 93036BE  18126.41243321 +.00000736 +00000-0 +11258-3 0  9993
2 33813 074.0494 021.0595 0094639 094.9652 021.8017 14.72751036493399
0 COSMOS 2251 DEB
1 33813U 93036BE  18126.81008264 +.00000709 +00000-0 +10863-3 0  9993
2 33813 074.0493 020.2857 0094649 094.0780 330.1092 14.72751407493452
0 COSMOS 2251 DEB
1 33813U 93036BE  18127.16645913  .00000715  00000-0  10945-3 0  9998
2 33813  74.0493  19.5922 0094649  93.2794  59.5950 14.72751886493571
0 COSMOS 2251 DEB
1 33813U 93036BE  18127.75950308 +.00000732 +00000-0 +11201-3 0  9995
2 33813 074.0493 018.4382 0094661 091.9546 323.8756 14.72752872493592
0 COSMOS 2251 DEB
1 33813U 93036BE  18128.38335941  .00000789  00000-0  12028-3 0  9995
2 33813  74.0492  17.2242 0094678  90.5620  31.5235 14.72754148493750
0 COSMOS 2251 DEB
1 33813U 93036BE  18128.77929437 +.00000773 +00000-0 +11798-3 0  9993
2 33813 074.0492 016.4537 0094682 089.6787 330.7468 14.72754702493743
0 COSMOS 2251 DEB
1 33813U 93036BE  18129.52827628  .00000763  00000-0  11649-3 0  9990
2 33813  74.0491  14.9962 0094688  88.0023 341.8115 14.72755859493925
0 COSMOS 2251 DEB
1 33813U 93036BE  18129.87840013 +.00000753 +00000-0 +11495-3 0  9999
2 33813 074.0491 014.3148 0094689 087.2215 038.1491 14.72756395493907
0 COSMOS 2251 DEB
1 33813U 93036BE  18130.47798608 +.00000799 +00000-0 +12175-3 0  9995
2 33813 074.0490 013.1480 0094704 085.8784 337.1297 14.72757715493997
0 COSMOS 2251 DEB
1 33813U 93036BE  18130.74997301  .00000750  00000-0  11455-3 0  9993
2 33813  74.0490  12.6187 0094711  85.2723 339.1901 14.72757894494106
0 COSMOS 2251 DEB
1 33813U 93036BE  18130.82807441 +.00000750 +00000-0 +11457-3 0  9999
2 33813 074.0490 012.4667 0094711 085.0986 033.2795 14.72758024494048
0 COSMOS 2251 DEB
1 33813U 93036BE  18131.49747966 +.00000820 +00000-0 +12472-3 0  9994
2 33813 074.0488 011.1640 0094725 083.6012 342.4422 14.72759659494149
0 COSMOS 2251 DEB
1 33813U 93036BE  18131.84812387  .00000771  00000-0  11756-3 0  9992
2 33813  74.0488  10.4816 0094733  82.8229  41.5392 14.72760014494269
0 COSMOS 2251 DEB
1 33813U 93036BE  18132.44780137 +.00000841 +00000-0 +12775-3 0  9996
2 33813 074.0488 009.3145 0094745 081.4839 341.0101 14.72761600494286
0 COSMOS 2251 DEB
1 33813U 93036BE  18132.78930149 +.00000769 +00000-0 +11734-3 0  9996
2 33813 074.0487 008.6499 0094753 080.7238 351.6295 14.72761799494339
0 COSMOS 2251 DEB
1 33813U 93036BE  18133.07560378  .00000772  00000-0  11778-3 0  9994
2 33813  74.0487   8.0928 0094762  80.0861  69.5944 14.72762328494442
0 COSMOS 2251 DEB
1 33813U 93036BE  18133.73806310 +.00000756 +00000-0 +11541-3 0  9996
2 33813 074.0486 006.8035 0094782 078.6103 341.9327 14.72763456494478
0 COSMOS 2251 DEB
1 33813U 93036BE  18134.09473027  .00000771  00000-0  11761-3 0  9992
2 33813  74.0486   6.1094 0094790  77.8145  72.9739 14.72764211494593
0 COSMOS 2251 DEB
1 33813U 93036BE  18134.75830130 +.00000744 +00000-0 +11365-3 0  9997
2 33813 074.0485 004.8180 0094808 076.3363 351.2111 14.72765303494623
0 COSMOS 2251 DEB
1 33813U 93036BE  18135.10838859 +.00000733 +00000-0 +11208-3 0  9997
2 33813 074.0485 004.1367 0094816 075.5571 047.3653 14.72765846494743
0 COSMOS 2251 DEB
1 33813U 93036BE  18135.70816036 +.00000712 +00000-0 +10899-3 0  9998
2 33813 074.0485 002.9695 0094839 074.2280 347.3362 14.72766772494762
0 COSMOS 2251 DEB
1 33813U 93036BE  18136.33003737  .00000714  00000-0  10931-3 0  9993
2 33813  74.0484   1.7592 0094851  72.8367  44.5230 14.72767780494926
0 COSMOS 2251 DEB
1 33813U 93036BE  18136.73634056 +.00000700 +00000-0 +10726-3 0  9998
2 33813 074.0483 000.9684 0094858 071.9321 038.7365 14.72768400494918
0 COSMOS 2251 DEB
1 33813U 93036BE  18137.07789302 +.00000706 +00000-0 +10807-3 0  9997
2 33813 074.0483 000.3037 0094862 071.1663 049.6490 14.72769004494966
0 COSMOS 2251 DEB
1 33813U 93036BE  18137.67689806  .00000680  00000-0  10425-3 0  9998
2 33813  74.0482 359.1380 0094878  69.8347 345.5657 14.72769867495120
0 COSMOS 2251 DEB
1 33813U 93036BE  18138.62931378 +.00000669 +00000-0 +10265-3 0  9997
2 33813 074.0481 357.2844 0094906 067.7125 355.2699 14.72771301495193
0 COSMOS 2251 DEB
1 33813U 93036BE  18138.69697318  .00000667  00000-0  10248-3 0  9996
2 33813  74.0481 357.1527 0094906  67.5614 354.0004 14.72771406495273
0 COSMOS 2251 DEB
1 33813U 93036BE  18138.96992164 +.00000686 +00000-0 +10524-3 0  9991
2 33813 074.0481 356.6215 0094909 066.9509 001.1758 14.72771935495240
0 COSMOS 2251 DEB
1 33813U 93036BE  18139.05329997 +.00000685 +00000-0 +10506-3 0  9999
2 33813 074.0481 356.4592 0094913 066.7656 083.2473 14.72772069495257
0 COSMOS 2251 DEB
1 33813U 93036BE  18139.71719084  .00000603  00000-0  93095-4 0  9997
2 33813  74.0480 355.1671 0094933  65.2881   3.1956 14.72772608495421
0 COSMOS 2251 DEB
1 33813U 93036BE  18140.59337104 +.00000576 +00000-0 +89211-4 0  9998
2 33813 074.0480 353.4618 0094961 063.3407 328.7026 14.72773708495489
0 COSMOS 2251 DEB
1 33813U 93036BE  18140.74543844  .00000569  00000-0  88081-4 0  9991
2 33813  74.0479 353.1658 0094960  62.9952  54.9715 14.72773853495571
0 COSMOS 2251 DEB
1 33813U 93036BE  18140.94910515 +.00000570 +00000-0 +88299-4 0  9999
2 33813 074.0479 352.7694 0094963 062.5427 054.8126 14.72774112495532
0 COSMOS 2251 DEB
1 33813U 93036BE  18141.61764229 +.00000550 +00000-0 +85411-4 0  9994
2 33813 074.0478 351.4682 0094989 061.0565 359.3994 14.72774905495636
0 COSMOS 2251 DEB
1 33813U 93036BE  18141.68620605 +.00000547 +00000-0 +84879-4 0  9993
2 33813 074.0478 351.3348 0094989 060.9040 002.9249 14.72774973495640
0 COSMOS 2251 DEB
1 33813U 93036BE  18142.03675939  .00000521  00000-0  81145-4 0  9998
2 33813  74.0478 350.6525 0094992  60.1288  61.5568 14.72775262495769
0 COSMOS 2251 DEB
1 33813U 93036BE  18142.63551714 +.00000541 +00000-0 +84068-4 0  9997
2 33813 074.0477 349.4870 0095008 058.7964 356.1775 14.72776168495781
0 COSMOS 2251 DEB
1 33813U 93036BE  18142.99305297 +.00000551 +00000-0 +85533-4 0  9998
2 33813 074.0477 348.7912 0095014 058.0012 091.8370 14.72776661495832
0 COSMOS 2251 DEB
1 33813U 93036BE  18143.93919414 +.00000564 +00000-0 +87425-4 0  9991
2 33813 074.0476 346.9496 0095036 055.9010 068.2876 14.72777881495975
0 COSMOS 2251 DEB
1 33813U 93036BE  18144.01215860  .00000570  00000-0  88248-4 0  9996
2 33813  74.0476 346.8075 0095043  55.7277  95.1578 14.72778033496056
0 COSMOS 2251 DEB
1 33813U 93036BE  18144.60609532 +.00000547 +00000-0 +84887-4 0  9993
2 33813 074.0475 345.6514 0095053 054.4002 004.2289 14.72778703496079
0 COSMOS 2251 DEB
1 33813U 93036BE  18144.95595616 +.00000557 +00000-0 +86332-4 0  9996
2 33813 074.0475 344.9705 0095060 053.6224 059.1985 14.72779182496128
0 COSMOS 2251 DEB
1 33813U 93036BE  18145.62532716 +.00000538 +00000-0 +83576-4 0  9999
2 33813 074.0475 343.6675 0095079 052.1347 008.2180 14.72779901496222
0 COSMOS 2251 DEB
1 33813U 93036BE  18145.69591420 +.00000539 +00000-0 +83814-4 0  9999
2 33813 074.0475 343.5301 0095081 051.9754 022.4747 14.72779994496239
0 COSMOS 2251 DEB
1 33813U 93036BE  18146.57606122  .00000534  00000-0  83068-4 0  9999
2 33813  74.0474 341.8172 0095106  50.0311   9.0248 14.72781039496434
0 COSMOS 2251 DEB
1 33813U 93036BE  18146.92679049 +.00000530 +00000-0 +82413-4 0  9995
2 33813 074.0474 341.1345 0095109 049.2470 068.6057 14.72781422496411
0 COSMOS 2251 DEB
1 33813U 93036BE  18146.99504127 +.00000529 +00000-0 +82283-4 0  9999
2 33813 074.0474 341.0016 0095111 049.0960 070.4728 14.72781509496423
0 COSMOS 2251 DEB
1 33813U 93036BE  18147.59413024 +.00000520 +00000-0 +81018-4 0  9997
2 33813 074.0474 339.8356 0095127 047.7651 006.8601 14.72782214496511
0 COSMOS 2251 DEB
1 33813U 93036BE  18147.66650052  .00000519  00000-0  80851-4 0  9991
2 33813  74.0474 339.6947 0095127  47.6037  30.5703 14.72782292496593
0 COSMOS 2251 DEB
1 33813U 93036BE  18147.94517594 +.00000524 +00000-0 +81530-4 0  9996
2 33813 074.0473 339.1524 0095134 046.9808 068.1202 14.72782655496565
0 COSMOS 2251 DEB
1 33813U 93036BE  18148.61418309 +.00000516 +00000-0 +80378-4 0  9995
2 33813 074.0473 337.8502 0095149 045.4988 015.2146 14.72783448496667
0 COSMOS 2251 DEB
1 33813U 93036BE  18148.89667644  .00000533  00000-0  82942-4 0  9991
2 33813  74.0473 337.3004 0095157  44.8690  73.0074 14.72783908496776
0 COSMOS 2251 DEB
1 33813U 93036BE  18148.97064503 +.00000533 +00000-0 +82848-4 0  9990
2 33813 074.0473 337.1565 0095163 044.7034 105.1929 14.72784001496719
0 COSMOS 2251 DEB
1 33813U 93036BE  18149.63481626 +.00000513 +00000-0 +80014-4 0  9994
2 33813 074.0473 335.8637 0095185 043.2252 026.6573 14.72784744496811
0 COSMOS 2251 DEB
1 33813U 93036BE  18149.91497278  .00000513  00000-0  79974-4 0  9998
2 33813  74.0473 335.3185 0095202  42.5961  72.0649 14.72785048496922
0 COSMOS 2251 DEB
1 33813U 93036BE  18150.58389573 +.00000495 +00000-0 +77392-4 0  9992
2 33813 074.0473 334.0165 0095214 041.1137 018.7188 14.72785748496954
0 COSMOS 2251 DEB
1 33813U 93036BE  18150.93464637  .00000498  00000-0  77843-4 0  9990
2 33813  74.0473 333.3339 0095224  40.3322  78.4162 14.72786141497074
0 COSMOS 2251 DEB
1 33813U 93036BE  18150.93464637 +.00000498 +00000-0 +77843-4 0  9990
2 33813 074.0473 333.3339 0095224 040.3322 078.4162 14.72786141497007
0 COSMOS 2251 DEB
1 33813U 93036BE  18151.60328979 +.00000495 +00000-0 +77399-4 0  9996
2 33813 074.0473 332.0324 0095233 038.8517 023.5888 14.72786862497102
0 COSMOS 2251 DEB
1 33813U 93036BE  18151.95477177  .00000512  00000-0  79831-4 0  9992
2 33813  74.0473 331.3483 0095245  38.0663  87.1678 14.72787340497225
0 COSMOS 2251 DEB
1 33813U 93036BE  18151.95477177 +.00000512 +00000-0 +79831-4 0  9992
2 33813 074.0473 331.3483 0095245 038.0663 087.1678 14.72787340497157
0 COSMOS 2251 DEB
1 33813U 93036BE  18152.62335862 +.00000597 +00000-0 +92209-4 0  9998
2 33813 074.0473 330.0470 0095268 036.5783 032.0534 14.72788683497252
0 COSMOS 2251 DEB
1 33813U 93036BE  18152.91044229 +.00000636 +00000-0 +97870-4 0  9997
2 33813 074.0474 329.4883 0095272 035.9393 114.1889 14.72789299497291
0 COSMOS 2251 DEB
1 33813U 93036BE  18153.57247182 +.00000635 +00000-0 +97732-4 0  9999
2 33813 074.0473 328.1997 0095292 034.4692 024.3058 14.72790124497468
0 COSMOS 2251 DEB
1 33813U 93036BE  18153.92929856 +.00000644 +00000-0 +99018-4 0  9992
2 33813 074.0474 327.5051 0095294 033.6770 116.2220 14.72790623497447
0 COSMOS 2251 DEB
1 33813U 93036BE  18154.59258094 +.00000604 +00000-0 +93230-4 0  9991
2 33813 074.0474 326.2141 0095316 032.2028 032.9867 14.72791304497548
0 COSMOS 2251 DEB
1 33813U 93036BE  18154.86489764  .00000605  00000-0  93296-4 0  9994
2 33813  74.0474 325.6841 0095326  31.5934  36.8316 14.72791651497656
0 COSMOS 2251 DEB
1 33813U 93036BE  18154.95064885 +.00000635 +00000-0 +97686-4 0  9997
2 33813 074.0474 325.5171 0095343 031.4014 131.4926 14.72791987497592
0 COSMOS 2251 DEB
1 33813U 93036BE  18155.46925072 +.00000613 +00000-0 +94568-4 0  9990
2 33813 074.0474 324.5077 0095356 030.2512 001.1521 14.72792579497671
0 COSMOS 2251 DEB
1 33813U 93036BE  18155.89275948  .00000595  00000-0  91912-4 0  9996
2 33813  74.0474 323.6834 0095366  29.3088  86.6258 14.72793017497808
0 COSMOS 2251 DEB
1 33813U 93036BE  18156.41810715 +.00000577 +00000-0 +89285-4 0  9992
2 33813 074.0474 322.6609 0095370 028.1432 352.0552 14.72793652497815
0 COSMOS 2251 DEB
1 33813U 93036BE  18156.91843111  .00000562  00000-0  87127-4 0  9990
2 33813  74.0474 321.6870 0095370  27.0301 124.8112 14.72794253497957
0 COSMOS 2251 DEB
1 33813U 93036BE  18156.91843111 +.00000562 +00000-0 +87127-4 0  9990
2 33813 074.0474 321.6870 0095370 027.0301 124.8112 14.72794253497889
0 COSMOS 2251 DEB
1 33813U 93036BE  18157.43774624 +.00000532 +00000-0 +82813-4 0  9994
2 33813 074.0474 320.6762 0095385 025.8760 358.2594 14.72794807497960
0 COSMOS 2251 DEB
1 33813U 93036BE  18157.86265884 +.00000507 +00000-0 +79108-4 0  9999
2 33813 074.0475 319.8492 0095397 024.9324 091.1782 14.72795194498020
0 COSMOS 2251 DEB
1 33813U 93036BE  18158.25991774  .00000547  00000-0  84929-4 0  9998
2 33813  74.0475 319.0760 0095405  24.0505  37.4768 14.72795995498152
0 COSMOS 2251 DEB
1 33813U 93036BE  18158.88796750 +.00000516 +00000-0 +80363-4 0  9998
2 33813 074.0475 317.8535 0095426 022.6508 127.4522 14.72796629498173
0 COSMOS 2251 DEB
1 33813U 93036BE  18159.55136797  .00000500  00000-0  78141-4 0  9996
2 33813  74.0476 316.5623 0095455  21.1827  44.8531 14.72797487498342
0 COSMOS 2251 DEB
1 33813U 93036BE  18159.90200580 +.00000485 +00000-0 +75946-4 0  9999
2 33813 074.0476 315.8797 0095473 020.4039 103.9650 14.72797821498322
0 COSMOS 2251 DEB
1 33813U 93036BE  18160.85152907  .00000455  00000-0  71588-4 0  9999
2 33813  74.0476 314.0315 0095488  18.2949  98.4211 14.72798746498531
0 COSMOS 2251 DEB
1 33813U 93036BE  18161.87085345  .00000421  00000-0  66599-4 0  9992
2 33813  74.0476 312.0475 0095517  16.0294 102.9738 14.72799677498683
0 COSMOS 2251 DEB
1 33813U 93036BE  18162.82094525 +.00000402 +00000-0 +63812-4 0  9992
2 33813 074.0477 310.1983 0095548 013.9186 100.4512 14.72800564498756
0 COSMOS 2251 DEB
1 33813U 93036BE  18163.48965262 +.00000398 +00000-0 +63302-4 0  9998
2 33813 074.0477 308.8968 0095569 012.4338 046.0026 14.72801245498920
0 COSMOS 2251 DEB
1 33813U 93036BE  18163.84054066 +.00000401 +00000-0 +63646-4 0  9995
2 33813 074.0477 308.2139 0095586 011.6544 106.4459 14.72801583498907
0 COSMOS 2251 DEB
1 33813U 93036BE  18164.51001306  .00000383  00000-0  61129-4 0  9992
2 33813  74.0478 306.9108 0095613  10.1687  56.0549 14.72802167499070
0 COSMOS 2251 DEB
1 33813U 93036BE  18164.86018885 +.00000388 +00000-0 +61841-4 0  9996
2 33813 074.0477 306.2292 0095636 009.3902 112.7234 14.72802497499056
0 COSMOS 2251 DEB
1 33813U 93036BE  18165.53891366 +.00000385 +00000-0 +61360-4 0  9997
2 33813 074.0478 304.9082 0095648 007.8845 111.3910 14.72803095499153
0 COSMOS 2251 DEB
1 33813U 93036BE  18165.80929809  .00000388  00000-0  61848-4 0  9995
2 33813  74.0478 304.3819 0095659   7.2838 104.9976 14.72803320499266
0 COSMOS 2251 DEB
1 33813U 93036BE  18166.48103984 +.00000383 +00000-0 +61079-4 0  9999
2 33813 074.0478 303.0744 0095684 005.7945 066.6411 14.72803870499290
0 COSMOS 2251 DEB
1 33813U 93036BE  18166.83563479  .00000389  00000-0  61923-4 0  9991
2 33813  74.0479 302.3844 0095687   5.0039 146.7450 14.72804190499417
0 COSMOS 2251 DEB
1 33813U 93036BE  18167.50846878 +.00000396 +00000-0 +63025-4 0  9996
2 33813 074.0479 301.0748 0095708 003.5092 114.1851 14.72804847499448
0 COSMOS 2251 DEB
1 33813U 93036BE  18167.78022628 +.00000403 +00000-0 +63983-4 0  9997
2 33813 074.0480 300.5459 0095720 002.9047 115.0745 14.72805092499489
0 COSMOS 2251 DEB
1 33813U 93036BE  18168.44810926 +.00000402 +00000-0 +63834-4 0  9991
2 33813 074.0480 299.2460 0095744 001.4254 056.2610 14.72805664499656
0 COSMOS 2251 DEB
1 33813U 93036BE  18168.80638462 +.00000406 +00000-0 +64457-4 0  9990
2 33813 074.0481 298.5487 0095758 000.6315 155.8758 14.72805967499635
0 COSMOS 2251 DEB
1 33813U 93036BE  18169.40102044 +.00000431 +00000-0 +68087-4 0  9990
2 33813 074.0481 297.3913 0095784 359.3126 068.7030 14.72806709499729
0 COSMOS 2251 DEB
1 33813U 93036BE  18169.81836049  .00000454  00000-0  71411-4 0  9994
2 33813  74.0482 296.5791 0095802 358.3872 121.4885 14.72807250499854
0 COSMOS 2251 DEB
1 33813U 93036BE  18170.34493039 +.00000465 +00000-0 +73046-4 0  9990
2 33813 074.0482 295.5542 0095827 357.2212 033.4220 14.72807835499865
0 COSMOS 2251 DEB
1 33813U 93036BE  18170.77497289 +.00000478 +00000-0 +74943-4 0  9999
2 33813 074.0483 294.7172 0095843 356.2656 153.5606 14.72808321499925
0 COSMOS 2251 DEB
1 33813U 93036BE  18171.43744719  .00000470  00000-0  73726-4 0  9996
2 33813  74.0483 293.4278 0095864 354.7941  66.0825 14.72808991500096
0 COSMOS 2251 DEB
1 33813U 93036BE  18171.79417794 +.00000479 +00000-0 +75048-4 0  9993
2 33813 074.0483 292.7335 0095884 354.0004 157.5157 14.72809410500076
0 COSMOS 2251 DEB
1 33813U 93036BE  18172.38709493 +.00000469 +00000-0 +73600-4 0  9990
2 33813 074.0483 291.5795 0095911 352.6924 061.2294 14.72810048500161
0 COSMOS 2251 DEB
1 33813U 93036BE  18172.73814894  .00000473  00000-0  74219-4 0  9993
2 33813  74.0484 290.8963 0095928 351.9147 122.5616 14.72810428500282
0 COSMOS 2251 DEB
1 33813U 93036BE  18173.40673605 +.00000467 +00000-0 +73385-4 0  9997
2 33813 074.0484 289.5951 0095954 350.4353 067.4932 14.72811110500317
0 COSMOS 2251 DEB
1 33813U 93036BE  18173.75800101  .00000471  00000-0  73969-4 0  9991
2 33813  74.0484 288.9115 0095968 349.6553 129.9470 14.72811491500435
0 COSMOS 2251 DEB
1 33813U 93036BE  18174.50621966 +.00000491 +00000-0 +76756-4 0  9994
2 33813 074.0483 287.4552 0096006 347.9932 137.1055 14.72812476500477
0 COSMOS 2251 DEB
1 33813U 93036BE  18174.69915690 +.00000491 +00000-0 +76767-4 0  9996
2 33813 074.0483 287.0797 0096018 347.5656 080.0845 14.72812681500501
0 COSMOS 2251 DEB
1 33813U 93036BE  18175.10411043  .00000512  00000-0  79814-4 0  9996
2 33813  74.0483 286.2915 0096038 346.6670  67.2051 14.72813318500630
0 COSMOS 2251 DEB
1 33813U 93036BE  18175.45595587 +.00000559 +00000-0 +86687-4 0  9997
2 33813 074.0483 285.6067 0096046 345.8880 132.7383 14.72814047500618
0 COSMOS 2251 DEB
1 33813U 93036BE  18175.73359258 +.00000536 +00000-0 +83284-4 0  9996
2 33813 074.0483 285.0664 0096060 345.2742 164.8046 14.72814183500659
0 COSMOS 2251 DEB
1 33813U 93036BE  18176.39622595  .00000539  00000-0  83772-4 0  9991
2 33813  74.0483 283.7767 0096089 343.8117  78.1733 14.72814929500826
0 COSMOS 2251 DEB
1 33813U 93036BE  18176.75281517 +.00000528 +00000-0 +82165-4 0  9999
2 33813 074.0483 283.0827 0096108 343.0209 168.8604 14.72815233500803
0 COSMOS 2251 DEB
1 33813U 93036BE  18177.34561755 +.00000640 +00000-0 +98384-4 0  9995
2 33813 074.0483 281.9289 0096129 341.7084 071.9855 14.72816672500890
0 COSMOS 2251 DEB
1 33813U 93036BE  18177.69722207  .00000615  00000-0  94806-4 0  9991
2 33813  74.0483 281.2446 0096145 340.9261 136.2473 14.72816916501011
0 COSMOS 2251 DEB
1 33813U 93036BE  18178.36528486 +.00000612 +00000-0 +94312-4 0  9998
2 33813 074.0483 279.9444 0096175 339.4515 078.4105 14.72817720501047
0 COSMOS 2251 DEB
1 33813U 93036BE  18178.71664039  .00000626  00000-0  96383-4 0  9997
2 33813  74.0483 279.2605 0096192 338.6751 141.3491 14.72818226501164
0 COSMOS 2251 DEB
1 33813U 93036BE  18179.38588292 +.00000575 +00000-0 +89043-4 0  9995
2 33813 074.0483 277.9579 0096224 337.2017 089.7668 14.72818825501194
0 COSMOS 2251 DEB
1 33813U 93036BE  18179.74208942 +.00000548 +00000-0 +85006-4 0  9991
2 33813 074.0483 277.2647 0096241 336.4078 178.4335 14.72819074501240
0 COSMOS 2251 DEB
1 33813U 93036BE  18180.26196892  .00000538  00000-0  83689-4 0  9994
2 33813  74.0483 276.2528 0096261 335.2588  54.9140 14.72819693501397
0 COSMOS 2251 DEB
1 33813U 93036BE  18180.95823094 +.00000532 +00000-0 +82722-4 0  9992
2 33813 074.0483 274.8978 0096287 333.7278 146.5959 14.72820523501421
0 COSMOS 2251 DEB
1 33813U 93036BE  18181.35663471  .00000507  00000-0  79170-4 0  9993
2 33813  74.0483 274.1224 0096298 332.8491  98.9931 14.72820850501554
0 COSMOS 2251 DEB
1 33813U 93036BE  18181.70596722 +.00000501 +00000-0 +78232-4 0  9998
2 33813 074.0482 273.4424 0096315 332.0773 151.2091 14.72821209501539
0 COSMOS 2251 DEB
1 33813U 93036BE  18182.30411528 +.00000481 +00000-0 +75309-4 0  9994
2 33813 074.0482 272.2783 0096342 330.7583 082.6833 14.72821835501624
0 COSMOS 2251 DEB
1 33813U 93036BE  18182.72452576 +.00000475 +00000-0 +74549-4 0  9996
2 33813 074.0482 271.4600 0096363 329.8313 151.7658 14.72822263501759
0 COSMOS 2251 DEB
1 33813U 93036BE  18183.32575331 +.00000447 +00000-0 +70464-4 0  9999
2 33813 074.0481 270.2899 0096390 328.5054 099.5698 14.72822785501777
0 COSMOS 2251 DEB
1 33813U 93036BE  18183.67537571 +.00000439 +00000-0 +69190-4 0  9996
2 33813 074.0481 269.6094 0096407 327.7339 153.3242 14.72823077501827
0 COSMOS 2251 DEB
1 33813U 93036BE  18184.34432723 +.00000404 +00000-0 +64235-4 0  9991
2 33813 074.0481 268.3074 0096433 326.2598 100.2129 14.72823620501921
0 COSMOS 2251 DEB
1 33813U 93036BE  18184.69499078 +.00000394 +00000-0 +62782-4 0  9998
2 33813 074.0481 267.6250 0096455 325.4865 159.4881 14.72823883501978
0 COSMOS 2251 DEB
1 33813U 93036BE  18185.22045934  .00000395  00000-0  62811-4 0  9990
2 33813  74.0480 266.6022 0096479 324.3332  65.6038 14.72824414502127
0 COSMOS 2251 DEB
1 33813U 93036BE  18185.91687764 +.00000391 +00000-0 +62268-4 0  9991
2 33813 074.0480 265.2468 0096510 322.8004 158.1271 14.72825030502156
0 COSMOS 2251 DEB
1 33813U 93036BE  18186.24469434  .00000397  00000-0  63108-4 0  9990
2 33813  74.0479 264.6088 0096519 322.0750  96.2690 14.72825368502278
0 COSMOS 2251 DEB
1 33813U 93036BE  18186.31342845 +.00000398 +00000-0 +63318-4 0  9998
2 33813 074.0479 264.4751 0096523 321.9224 100.7101 14.72825443502218
0 COSMOS 2251 DEB
1 33813U 93036BE  18186.66377333 +.00000397 +00000-0 +63180-4 0  9992
2 33813 074.0479 263.7932 0096543 321.1516 158.2962 14.72825732502268
0 COSMOS 2251 DEB
1 33813U 93036BE  18187.26266698  .00000461  00000-0  72461-4 0  9994
2 33813  74.0478 262.6275 0096566 319.8284  93.7376 14.72826769502427
0 COSMOS 2251 DEB
1 33813U 93036BE  18187.61525955 +.00000413 +00000-0 +65467-4 0  9992
2 33813 074.0478 261.9413 0096586 319.0511 163.2432 14.72826749502402
0 COSMOS 2251 DEB
1 33813U 93036BE  18188.28266642  .00000436  00000-0  68855-4 0  9990
2 33813  74.0477 260.6423 0096614 317.5941 101.9362 14.72827480502572
0 COSMOS 2251 DEB
1 33813U 93036BE  18188.63362558 +.00000446 +00000-0 +70192-4 0  9990
2 33813 074.0476 259.9592 0096628 316.8270 162.7770 14.72827839502555
0 COSMOS 2251 DEB
1 33813U 93036BE  18189.30327734  .00000472  00000-0  74061-4 0  9990
2 33813  74.0475 258.6558 0096653 315.3529 113.3883 14.72828665502725
0 COSMOS 2251 DEB
1 33813U 93036BE  18189.65331547 +.00000482 +00000-0 +75420-4 0  9996
2 33813 074.0475 257.9745 0096676 314.5854 169.3492 14.72829033502707
0 COSMOS 2251 DEB
1 33813U 93036BE  18190.60387019  .00000500  00000-0  78104-4 0  9991
2 33813  74.0474 256.1244 0096730 312.4977 169.3564 14.72830079502910
0 COSMOS 2251 DEB
1 33813U 93036BE  18190.60387019 +.00000500 +00000-0 +78104-4 0  9991
2 33813 074.0474 256.1244 0096730 312.4977 169.3564 14.72830079502842
0 COSMOS 2251 DEB
1 33813U 93036BE  18191.62854236  .00000526  00000-0  81902-4 0  9992
2 33813  74.0473 254.1301 0096772 310.2435 202.3552 14.72831276503064
0 COSMOS 2251 DEB
1 33813U 93036BE  18191.62854236 +.00000526 +00000-0 +81902-4 0  9992
2 33813 074.0473 254.1301 0096772 310.2435 202.3552 14.72831276502995
0 COSMOS 2251 DEB
1 33813U 93036BE  18192.30140694 +.00000526 +00000-0 +81874-4 0  9992
2 33813 074.0474 252.8205 0096801 308.7607 170.0112 14.72832042503097
0 COSMOS 2251 DEB
1 33813U 93036BE  18193.24210013  .00000531  00000-0  82518-4 0  9991
2 33813  74.0472 250.9895 0096844 306.6987 117.7365 14.72833071503309
0 COSMOS 2251 DEB
1 33813U 93036BE  18193.32048153 +.00000526 +00000-0 +81888-4 0  9997
2 33813 074.0472 250.8369 0096856 306.5225 173.3332 14.72833110503240
0 COSMOS 2251 DEB
1 33813U 93036BE  18194.34034854  .00000529  00000-0  82347-4 0  9997
2 33813  74.0472 248.8519 0096884 304.2824 180.8618 14.72834250503465
0 COSMOS 2251 DEB
1 33813U 93036BE  18194.61905646 +.00000525 +00000-0 +81641-4 0  9995
2 33813 074.0471 248.3094 0096899 303.6707 218.6242 14.72834523503439
0 COSMOS 2251 DEB
1 33813U 93036BE  18195.48316035  .00000535  00000-0  83194-4 0  9995
2 33813  74.0471 246.6275 0096933 301.7764 120.2681 14.72835566503637
0 COSMOS 2251 DEB
1 33813U 93036BE  18195.83407700 +.00000531 +00000-0 +82548-4 0  9992
2 33813 074.0471 245.9445 0096946 301.0097 180.8936 14.72835954503618
0 COSMOS 2251 DEB
1 33813U 93036BE  18196.58875884  .00000545  00000-0  84611-4 0  9995
2 33813  74.0470 244.4756 0096970 299.3551 222.3651 14.72836916503791
0 COSMOS 2251 DEB
1 33813U 93036BE  18196.58875884 +.00000545 +00000-0 +84611-4 0  9995
2 33813 074.0470 244.4756 0096970 299.3551 222.3651 14.72836916503724
0 COSMOS 2251 DEB
1 33813U 93036BE  18197.53355490 +.00000520 +00000-0 +80980-4 0  9995
2 33813 074.0468 242.6364 0097004 297.2828 191.8628 14.72837876503864
0 COSMOS 2251 DEB
1 33813U 93036BE  18198.19992508  .00000566  00000-0  87679-4 0  9997
2 33813  74.0467 241.3394 0097022 295.8256 125.0906 14.72839016504037
0 COSMOS 2251 DEB
1 33813U 93036BE  18198.55654389 +.00000551 +00000-0 +85457-4 0  9995
2 33813 074.0467 240.6453 0097044 295.0416 215.9586 14.72839318504015
0 COSMOS 2251 DEB
1 33813U 93036BE  18199.57666602  .00000524  00000-0  81567-4 0  9997
2 33813  74.0466 238.6597 0097058 292.8101 224.8534 14.72840378504235
0 COSMOS 2251 DEB
1 33813U 93036BE  18200.52143334 +.00000546 +00000-0 +84759-4 0  9997
2 33813 074.0465 236.8208 0097068 290.7526 194.1964 14.72841581504303
0 COSMOS 2251 DEB
1 33813U 93036BE  18201.12164691  .00000530  00000-0  82357-4 0  9998
2 33813  74.0464 235.6524 0097072 289.4434 136.6508 14.72842162504466
0 COSMOS 2251 DEB
1 33813U 93036BE  18201.54721770 +.00000551 +00000-0 +85392-4 0  9996
2 33813 074.0463 234.8240 0097068 288.5163 233.1140 14.72842746504457
0 COSMOS 2251 DEB
1 33813U 93036BE  18202.20994919  .00000548  00000-0  84944-4 0  9995
2 33813  74.0463 233.5340 0097092 287.0608 147.0653 14.72843560504625
0 COSMOS 2251 DEB
1 33813U 93036BE  18202.55874344 +.00000552 +00000-0 +85549-4 0  9999
2 33813 074.0463 232.8550 0097102 286.3001 196.4459 14.72843971504607
0 COSMOS 2251 DEB
1 33813U 93036BE  18203.51510448  .00000567  00000-0  87701-4 0  9996
2 33813  74.0462 230.9934 0097111 284.2104 227.2804 14.72845157504810
0 COSMOS 2251 DEB
1 33813U 93036BE  18204.46142228 +.00000589 +00000-0 +90931-4 0  9991
2 33813 074.0462 229.1512 0097123 282.1414 204.8671 14.72846301504888
0 COSMOS 2251 DEB
1 33813U 93036BE  18205.48493472 +.00000591 +00000-0 +91272-4 0  9996
2 33813 074.0462 227.1589 0097141 279.8996 231.7660 14.72847471505100
0 COSMOS 2251 DEB
1 33813U 93036BE  18207.02370094 +.00000522 +00000-0 +81217-4 0  9994
2 33813 074.0462 224.1635 0097155 276.5464 110.6492 14.72848845505326
0 COSMOS 2251 DEB
1 33813U 93036BE  18208.47351219 +.00000446 +00000-0 +70253-4 0  9995
2 33813 074.0462 221.3414 0097175 273.3737 237.8931 14.72849919505479
0 COSMOS 2251 DEB
1 33813U 93036BE  18210.01278718  .00000389  00000-0  61883-4 0  9995
2 33813  74.0462 218.3451 0097166 270.0357 119.4723 14.72851158505762
0 COSMOS 2251 DEB
1 33813U 93036BE  18210.44519256 +.00000398 +00000-0 +63306-4 0  9999
2 33813 074.0462 217.5034 0097167 269.0868 252.1953 14.72851619505768
0 COSMOS 2251 DEB
1 33813U 93036BE  18211.03174584  .00000413  00000-0  65387-4 0  9995
2 33813  74.0463 216.3618 0097184 267.7953 122.2553 14.72852317505920
0 COSMOS 2251 DEB
1 33813U 93036BE  18211.46263730 +.00000419 +00000-0 +66287-4 0  9990
2 33813 074.0462 215.5229 0097189 266.8582 246.9438 14.72852732505917
0 COSMOS 2251 DEB
1 33813U 93036BE  18211.98221309 +.00000407 +00000-0 +64552-4 0  9993
2 33813 074.0461 214.5115 0097181 265.7243 121.8622 14.72853176505990
0 COSMOS 2251 DEB
1 33813U 93036BE  18213.00158612  .00000415  00000-0  65750-4 0  9994
2 33813  74.0463 212.5273 0097203 263.4817 126.8501 14.72854210506219
0 COSMOS 2251 DEB
1 33813U 93036BE  18213.69773413 +.00000422 +00000-0 +66756-4 0  9996
2 33813 074.0463 211.1723 0097161 261.9736 217.9903 14.72854879506242
0 COSMOS 2251 DEB
1 33813U 93036BE  18214.45133803  .00000458  00000-0  71887-4 0  9994
2 33813  74.0464 209.7054 0097149 260.3219 253.7970 14.72855785506427
0 COSMOS 2251 DEB
1 33813U 93036BE  18214.97124925 +.00000443 +00000-0 +69690-4 0  9999
2 33813 074.0463 208.6934 0097157 259.2075 130.4788 14.72856219506439
0 COSMOS 2251 DEB
1 33813U 93036BE  18215.47210590  .00000463  00000-0  72637-4 0  9996
2 33813  74.0464 207.7186 0097152 258.1157 266.1481 14.72856751506576
0 COSMOS 2251 DEB
1 33813U 93036BE  18216.42073965 +.00000467 +00000-0 +73197-4 0  9991
2 33813 074.0465 205.8719 0097095 256.0264 256.0702 14.72857654506645
0 COSMOS 2251 DEB
1 33813U 93036BE  18216.94052519  .00000468  00000-0  73341-4 0  9992
2 33813  74.0465 204.8601 0097079 254.8922 132.1101 14.72858217506781
0 COSMOS 2251 DEB
1 33813U 93036BE  18216.94052519 +.00000468 +00000-0 +73341-4 0  9992
2 33813 074.0465 204.8601 0097079 254.8922 132.1101 14.72858217506725
0 COSMOS 2251 DEB
1 33813U 93036BE  18218.39039463  .00000460  00000-0  72164-4 0  9990
2 33813  74.0467 202.0378 0097068 251.7289 259.7023 14.72859505507000
0 COSMOS 2251 DEB
1 33813U 93036BE  18219.40969981  .00000427  00000-0  67388-4 0  9995
2 33813  74.0469 200.0538 0096996 249.4959 264.3426 14.72860340507159
0 COSMOS 2251 DEB
1 33813U 93036BE  18219.92961576 +.00000421 +00000-0 +66542-4 0  9999
2 33813 074.0469 199.0418 0096978 248.3599 141.0808 14.72860868507162
0 COSMOS 2251 DEB
1 33813U 93036BE  18220.94675071  .00000415  00000-0  65747-4 0  9994
2 33813  74.0470 197.0619 0096957 246.1387 134.2123 14.72861826507375
0 COSMOS 2251 DEB
1 33813U 93036BE  18220.94675071 +.00000415 +00000-0 +65747-4 0  9994
2 33813 074.0470 197.0619 0096957 246.1387 134.2123 14.72861826507319
0 COSMOS 2251 DEB
1 33813U 93036BE  18222.39940028  .00000408  00000-0  64621-4 0  9994
2 33813  74.0472 194.2344 0096961 242.9795 276.5550 14.72863133507594
0 COSMOS 2251 DEB
1 33813U 93036BE  18223.94437388 +.00000393 +00000-0 +62553-4 0  9991
2 33813 074.0473 191.2272 0096846 239.5811 188.4708 14.72864461507754
0 COSMOS 2251 DEB
1 33813U 93036BE  18224.36218738 +.00000421 +00000-0 +66565-4 0  9993
2 33813 074.0472 190.4138 0096870 238.6747 243.8328 14.72864970507816
0 COSMOS 2251 DEB
1 33813U 93036BE  18225.91382865 +.00000393 +00000-0 +62442-4 0  9996
2 33813 074.0473 187.3935 0096782 235.2584 191.1143 14.72866112508047
0 COSMOS 2251 DEB
1 33813U 93036BE  18226.33749007  .00000406  00000-0  64343-4 0  9995
2 33813  74.0474 186.5689 0096759 234.3223 277.5023 14.72866481508178
0 COSMOS 2251 DEB
1 33813U 93036BE  18226.93044356 +.00000396 +00000-0 +62900-4 0  9991
2 33813 074.0474 185.4148 0096728 233.0237 181.5210 14.72866960508199
0 COSMOS 2251 DEB
1 33813U 93036BE  18227.35716706  .00000401  00000-0  63693-4 0  9990
2 33813  74.0475 184.5841 0096718 232.0870 284.1398 14.72867274508322
0 COSMOS 2251 DEB
1 33813U 93036BE  18227.95071375 +.00000418 +00000-0 +66162-4 0  9994
2 33813 074.0476 183.4288 0096695 230.7781 191.3152 14.72867916508348
0 COSMOS 2251 DEB
1 33813U 93036BE  18228.82678752  .00000432  00000-0  68101-4 0  9994
2 33813  74.0477 181.7237 0096649 228.8575 156.5296 14.72868725508534
0 COSMOS 2251 DEB
1 33813U 93036BE  18228.96951612 +.00000426 +00000-0 +67242-4 0  9996
2 33813 074.0477 181.4458 0096635 228.5406 193.3251 14.72868825508497
0 COSMOS 2251 DEB
1 33813U 93036BE  18229.84658428  .00000450  00000-0  70787-4 0  9998
2 33813  74.0478 179.7387 0096607 226.6236 163.8096 14.72869741508697
0 COSMOS 2251 DEB
1 33813U 93036BE  18229.91919927 +.00000414 +00000-0 +65585-4 0  9990
2 33813 074.0478 179.5974 0096603 226.4634 188.8379 14.72869606508638
0 COSMOS 2251 DEB
1 33813U 93036BE  18230.27093455 +.00000440 +00000-0 +69298-4 0  9994
2 33813 074.0478 178.9127 0096594 225.6902 253.8513 14.72870029508688
0 COSMOS 2251 DEB
1 33813U 93036BE  18231.56136782  .00000433  00000-0  68327-4 0  9992
2 33813  74.0479 176.4010 0096537 222.8537 256.1467 14.72871178508942
0 COSMOS 2251 DEB
1 33813U 93036BE  18231.95918280 +.00000419 +00000-0 +66300-4 0  9999
2 33813 074.0480 175.6267 0096512 221.9787 205.4924 14.72871508508930
0 COSMOS 2251 DEB
1 33813U 93036BE  18232.38030315 +.00000440 +00000-0 +69219-4 0  9997
2 33813 074.0481 174.8070 0096489 221.0622 278.4017 14.72872014508998
0 COSMOS 2251 DEB
1 33813U 93036BE  18232.83524000  .00000434  00000-0  68465-4 0  9991
2 33813  74.0481 173.9216 0096466 220.0614 170.6282 14.72872459509132
0 COSMOS 2251 DEB
1 33813U 93036BE  18234.80546550  .00000380  00000-0  60543-4 0  9993
2 33813  74.0482 170.0868 0096367 215.7233 177.4287 14.72874013509422
0 COSMOS 2251 DEB
1 33813U 93036BE  18235.82392102  .00000360  00000-0  57711-4 0  9999
2 33813  74.0482 168.1045 0096310 213.4735 177.6344 14.72874736509571
0 COSMOS 2251 DEB
1 33813U 93036BE  18236.91718194 +.00000374 +00000-0 +59699-4 0  9995
2 33813 074.0482 165.9766 0096242 211.0550 214.4917 14.72875702509669
0 COSMOS 2251 DEB
1 33813U 93036BE  18237.19858755  .00000372  00000-0  59457-4 0  9994
2 33813  74.0483 165.4289 0096235 210.4486 266.5877 14.72875858509775
0 COSMOS 2251 DEB
1 33813U 93036BE  18237.26834263 +.00000362 +00000-0 +58028-4 0  9992
2 33813 074.0483 165.2932 0096229 210.2923 276.4559 14.72875857509715
0 COSMOS 2251 DEB
1 33813U 93036BE  18237.86631466 +.00000367 +00000-0 +58738-4 0  9991
2 33813 074.0483 164.1293 0096202 208.9711 207.1163 14.72876380509807
0 COSMOS 2251 DEB
1 33813U 93036BE  18238.49002493  .00000390  00000-0  62055-4 0  9996
2 33813  74.0483 162.9153 0096168 207.5875 274.2565 14.72876967509964
0 COSMOS 2251 DEB
1 33813U 93036BE  18238.88632885 +.00000579 +00000-0 +89446-4 0  9995
2 33813 074.0484 162.1438 0096154 206.7128 215.6080 14.72878716509954
0 COSMOS 2251 DEB
1 33813U 93036BE  18239.23780396 +.00000533 +00000-0 +82771-4 0  9990
2 33813 074.0484 161.4597 0096136 205.9393 279.2532 14.72878778510001
0 COSMOS 2251 DEB
1 33813U 93036BE  18240.25651383  .00000552  00000-0  85521-4 0  9994
2 33813  74.0484 159.4770 0096085 203.6883 280.8289 14.72880102510228
0 COSMOS 2251 DEB
1 33813U 93036BE  18240.85701551 +.00000604 +00000-0 +92986-4 0  9994
2 33813 074.0484 158.3082 0096057 202.3520 224.9222 14.72881158510245
0 COSMOS 2251 DEB
1 33813U 93036BE  18241.47785017  .00000592  00000-0  91248-4 0  9998
2 33813  74.0484 157.0998 0096014 200.9836 276.8175 14.72881908510408
0 COSMOS 2251 DEB
1 33813U 93036BE  18241.80560668 +.00000536 +00000-0 +83155-4 0  9994
2 33813 074.0485 156.4620 0095997 200.2593 214.7052 14.72881993510382
0 COSMOS 2251 DEB
1 33813U 93036BE  18242.22633436 +.00000512 +00000-0 +79649-4 0  9992
2 33813 074.0484 155.6429 0095986 199.3273 285.5646 14.72882357510447
0 COSMOS 2251 DEB
1 33813U 93036BE  18242.82462281  .00000484  00000-0  75619-4 0  9997
2 33813  74.0484 154.4784 0095961 198.0059 217.9175 14.72883024510605
0 COSMOS 2251 DEB
1 33813U 93036BE  18243.77631462 +.00000452 +00000-0 +70941-4 0  9999
2 33813 074.0484 152.6262 0095913 195.9038 224.1521 14.72884072510672
0 COSMOS 2251 DEB
1 33813U 93036BE  18244.19556267  .00000441  00000-0  69386-4 0  9994
2 33813  74.0484 151.8101 0095892 194.9778 287.1669 14.72884510510805
0 COSMOS 2251 DEB
1 33813U 93036BE  18244.86528753 +.00000409 +00000-0 +64703-4 0  9999
2 33813 074.0484 150.5066 0095857 193.4924 238.3137 14.72885140510830
0 COSMOS 2251 DEB
1 33813U 93036BE  18245.21449156  .00000409  00000-0  64702-4 0  9997
2 33813  74.0484 149.8270 0095839 192.7215 289.9282 14.72885464510958
0 COSMOS 2251 DEB
1 33813U 93036BE  18245.88484238 +.00000383 +00000-0 +60960-4 0  9993
2 33813 074.0483 148.5222 0095811 191.2283 244.4017 14.72885939510981
0 COSMOS 2251 DEB
1 33813U 93036BE  18246.43628766  .00000383  00000-0  60921-4 0  9998
2 33813  74.0483 147.4489 0095776 190.0134 288.3765 14.72886383511135
0 COSMOS 2251 DEB
1 33813U 93036BE  18246.83388215 +.00000371 +00000-0 +59168-4 0  9992
2 33813 074.0483 146.6751 0095766 189.1242 236.5894 14.72886661511122
0 COSMOS 2251 DEB
1 33813U 93036BE  18247.78300733  .00000383  00000-0  60965-4 0  9996
2 33813  74.0481 144.8275 0095724 187.0237 229.2295 14.72887521511339
0 COSMOS 2251 DEB
1 33813U 93036BE  18248.80301477  .00000409  00000-0  64803-4 0  9990
2 33813  74.0479 142.8421 0095672 184.7673 237.7175 14.72888479511487
0 COSMOS 2251 DEB
1 33813U 93036BE  18249.15956177 +.00000414 +00000-0 +65522-4 0  9997
2 33813 074.0479 142.1481 0095646 183.9774 328.2742 14.72888775511463
0 COSMOS 2251 DEB
1 33813U 93036BE  18249.82358292  .00000397  00000-0  62945-4 0  9991
2 33813  74.0478 140.8555 0095609 182.4988 249.1922 14.72889239511635
0 COSMOS 2251 DEB
1 33813U 93036BE  18249.96633132 +.00000397 +00000-0 +62952-4 0  9993
2 33813 074.0479 140.5777 0095596 182.1867 286.0982 14.72889330511589
0 COSMOS 2251 DEB
1 33813U 93036BE  18250.84364424  .00000405  00000-0  64142-4 0  9990
2 33813  74.0477 138.8700 0095555 180.2286 257.9856 14.72890103511781
0 COSMOS 2251 DEB
1 33813U 93036BE  18251.12882524 +.00000399 +00000-0 +63290-4 0  9993
2 33813 074.0476 138.3148 0095541 179.6017 330.1273 14.72890260511758
0 COSMOS 2251 DEB
1 33813U 93036BE  18251.79231619 +.00000394 +00000-0 +62511-4 0  9999
2 33813 074.0476 137.0233 0095511 178.1263 248.2360 14.72890809511859
0 COSMOS 2251 DEB
1 33813U 93036BE  18252.14847986  .00000400  00000-0  63368-4 0  9998
2 33813  74.0475 136.3301 0095494 177.3398 336.7609 14.72891119511973
0 COSMOS 2251 DEB
1 33813U 93036BE  18252.74129372 +.00000398 +00000-0 +63065-4 0  9996
2 33813 074.0474 135.1761 0095474 176.0241 240.1095 14.72891639511996
0 COSMOS 2251 DEB
1 33813U 93036BE  18253.69323456  .00000414  00000-0  65456-4 0  9995
2 33813  74.0473 133.3231 0095430 173.9068 247.7077 14.72892579512204
0 COSMOS 2251 DEB
1 33813U 93036BE  18254.71098604  .00000475  00000-0  74244-4 0  9995
2 33813  74.0472 131.3420 0095388 171.6488 244.2623 14.72894001512351
0 COSMOS 2251 DEB
1 33813U 93036BE  18255.13888003 +.00000500 +00000-0 +77926-4 0  9991
2 33813 074.0472 130.5091 0095361 170.7027 353.1372 14.72894566512342
0 COSMOS 2251 DEB
1 33813U 93036BE  18255.73229595  .00000505  00000-0  78608-4 0  9995
2 33813  74.0471 129.3539 0095340 169.3847 259.6865 14.72895236512505
0 COSMOS 2251 DEB
1 33813U 93036BE  18256.08725197 +.00000515 +00000-0 +80119-4 0  9994
2 33813 074.0471 128.6630 0095321 168.5958 341.8190 14.72895658512482
0 COSMOS 2251 DEB
1 33813U 93036BE  18256.82467469  .00000526  00000-0  81717-4 0  9998
2 33813  74.0471 127.2276 0095298 166.9459 291.9709 14.72896597512668
0 COSMOS 2251 DEB
1 33813U 93036BE  18257.10060509 +.00000556 +00000-0 +86106-4 0  9994
2 33813 074.0471 126.6905 0095282 166.3335 315.0757 14.72897092512639
0 COSMOS 2251 DEB
1 33813U 93036BE  18257.69962469 +.00000553 +00000-0 +85546-4 0  9998
2 33813 074.0470 125.5244 0095258 164.9994 251.3474 14.72897817512723
0 COSMOS 2251 DEB
1 33813U 93036BE  18258.05710109  .00000562  00000-0  86850-4 0  9990
2 33813  74.0470 124.8286 0095239 164.2044 346.8480 14.72898285512849
0 COSMOS 2251 DEB
1 33813U 93036BE  18259.07041705  .00000599  00000-0  92236-4 0  9997
2 33813  74.0468 122.8560 0095208 161.9468 319.9128 14.72899789512995
0 COSMOS 2251 DEB
1 33813U 93036BE  18259.59634536 +.00000595 +00000-0 +91624-4 0  9990
2 33813 074.0467 121.8321 0095193 160.7750 228.6269 14.72900451513006
0 COSMOS 2251 DEB
1 33813U 93036BE  18260.16043500  .00000571  00000-0  88136-4 0  9998
2 33813  74.0467 120.7340 0095174 159.5200 339.6891 14.72901006513157
0 COSMOS 2251 DEB
1 33813U 93036BE  18260.68992760 +.00000571 +00000-0 +88260-4 0  9994
2 33813 074.0467 119.7033 0095160 158.3366 267.3087 14.72901665513165
0 COSMOS 2251 DEB
1 33813U 93036BE  18261.71057074  .00000517  00000-0  80421-4 0  9990
2 33813  74.0465 117.7164 0095125 156.0559 279.2421 14.72902551513389
0 COSMOS 2251 DEB
1 33813U 93036BE  18262.13116038 +.00000509 +00000-0 +79250-4 0  9992
2 33813 074.0465 116.8977 0095094 155.1230 349.4015 14.72902947513379
0 COSMOS 2251 DEB
1 33813U 93036BE  18262.65785257 +.00000541 +00000-0 +83854-4 0  9995
2 33813 074.0465 115.8723 0095081 153.9494 262.1727 14.72903746513459
0 COSMOS 2251 DEB
1 33813U 93036BE  18263.01041852  .00000531  00000-0  82449-4 0  9990
2 33813  74.0464 115.1860 0095066 153.1645 331.6433 14.72904037513579
0 COSMOS 2251 DEB
1 33813U 93036BE  18263.75238609 +.00000557 +00000-0 +86132-4 0  9990
2 33813 074.0463 113.7415 0095028 151.5186 305.9017 14.72905013513610
0 COSMOS 2251 DEB
1 33813U 93036BE  18264.69842465 +.00000565 +00000-0 +87274-4 0  9992
2 33813 074.0462 111.8997 0094988 149.4070 282.2551 14.72906075513827
0 COSMOS 2251 DEB
1 33813U 93036BE  18265.57396560 +.00000541 +00000-0 +83821-4 0  9998
2 33813 074.0461 110.1953 0094954 147.4550 244.7980 14.72906950513881
0 COSMOS 2251 DEB
1 33813U 93036BE  18265.64783965 +.00000539 +00000-0 +83607-4 0  9994
2 33813 074.0461 110.0515 0094953 147.2908 276.5137 14.72907029513894
0 COSMOS 2251 DEB
1 33813U 93036BE  18266.59848573 +.00000705 +00000-0 +10770-3 0  9991
2 33813 074.0461 108.2008 0094916 145.1731 277.3049 14.72909153514038
0 COSMOS 2251 DEB
1 33813U 93036BE  18266.94958162 +.00000716 +00000-0 +10928-3 0  9993
2 33813 074.0460 107.5173 0094896 144.3931 338.9862 14.72909652514088
0 COSMOS 2251 DEB
1 33813U 93036BE  18267.54347840 +.00000673 +00000-0 +10292-3 0  9991
2 33813 074.0460 106.3610 0094895 143.0680 248.1228 14.72910225514173
0 COSMOS 2251 DEB
1 33813U 93036BE  18267.96854764 +.00000696 +00000-0 +10637-3 0  9993
2 33813 074.0460 105.5335 0094872 142.1221 342.0499 14.72910885514237
0 COSMOS 2251 DEB
1 33813U 93036BE  18268.63608163 +.00000679 +00000-0 +10388-3 0  9992
2 33813 074.0460 104.2340 0094851 140.6339 281.6502 14.72911719514408
0 COSMOS 2251 DEB
1 33813U 93036BE  18269.58574209 +.00000656 +00000-0 +10057-3 0  9998
2 33813 074.0459 102.3852 0094829 138.5162 277.2318 14.72912979514470
0 COSMOS 2251 DEB
1 33813U 93036BE  18269.65817731  .00000657  00000-0  10067-3 0  9998
2 33813  74.0460 102.2442 0094821 138.3552 301.3199 14.72913095514554
0 COSMOS 2251 DEB
1 33813U 93036BE  18270.88868222  .00000629  00000-0  96638-4 0  9994
2 33813  74.0459  99.8485 0094775 135.6152 346.0833 14.72914662514736
0 COSMOS 2251 DEB
1 33813U 93036BE  18270.95588472 +.00000628 +00000-0 +96462-4 0  9992
2 33813 074.0459 099.7176 0094772 135.4647 342.4263 14.72914754514678
0 COSMOS 2251 DEB
1 33813U 93036BE  18271.62644454 +.00000634 +00000-0 +97323-4 0  9994
2 33813 074.0459 098.4122 0094782 133.9726 298.0788 14.72915788514774
0 COSMOS 2251 DEB
1 33813U 93036BE  18271.97571237  .00000603  00000-0  92825-4 0  9998
2 33813  74.0459  97.7322 0094760 133.1938 350.0775 14.72916047514898
0 COSMOS 2251 DEB
1 33813U 93036BE  18272.92619097 +.00000624 +00000-0 +95915-4 0  9997
2 33813 074.0459 095.8817 0094725 131.0756 350.0110 14.72917470514964
0 COSMOS 2251 DEB
1 33813U 93036BE  18273.51868696  .00000640  00000-0  98209-4 0  9991
2 33813  74.0459  94.7281 0094718 129.7539 251.7367 14.72918326515112
0 COSMOS 2251 DEB
1 33813U 93036BE  18273.95048788 +.00000638 +00000-0 +97848-4 0  9996
2 33813 074.0459 093.8875 0094700 128.7901 021.3741 14.72918845515117
0 COSMOS 2251 DEB
1 33813U 93036BE  18274.47098736 +.00000641 +00000-0 +98364-4 0  9990
2 33813 074.0459 092.8740 0094677 127.6216 261.3464 14.72919548515194
0 COSMOS 2251 DEB
1 33813U 93036BE  18274.97053632 +.00000666 +00000-0 +10189-3 0  9996
2 33813 074.0459 091.9015 0094657 126.5120 030.2176 14.72920351515264
0 COSMOS 2251 DEB
1 33813U 93036BE  18275.02893193  .00000665  00000-0  10176-3 0  9992
2 33813  74.0459  91.7878 0094653 126.3810 339.8632 14.72920428515348
0 COSMOS 2251 DEB
1 33813U 93036BE  18275.49043896 +.00000699 +00000-0 +10669-3 0  9994
2 33813 074.0460 090.8893 0094631 125.3407 267.0322 14.72921247515342
0 COSMOS 2251 DEB
1 33813U 93036BE  18275.92009244 +.00000688 +00000-0 +10515-3 0  9999
2 33813 074.0460 090.0528 0094616 124.3821 025.2863 14.72921715515402
0 COSMOS 2251 DEB
1 33813U 93036BE  18276.93330987  .00000670  00000-0  10251-3 0  9990
2 33813  74.0461  88.0802 0094591 122.1358 357.9010 14.72922969515623
0 COSMOS 2251 DEB
1 33813U 93036BE  18276.93330987 +.00000670 +00000-0 +10251-3 0  9990
2 33813 074.0461 088.0802 0094591 122.1358 357.9010 14.72922969515555
0 COSMOS 2251 DEB
1 33813U 93036BE  18277.45986434 +.00000673 +00000-0 +10300-3 0  9990
2 33813 074.0462 087.0551 0094579 120.9528 269.9890 14.72923727515637
0 COSMOS 2251 DEB
1 33813U 93036BE  18278.47905597  .00000680  00000-0  10398-3 0  9999
2 33813  74.0463  85.0709 0094542 118.6896 274.2938 14.72925169515851
0 COSMOS 2251 DEB
1 33813U 93036BE  18278.82513983 +.00000676 +00000-0 +10345-3 0  9999
2 33813 074.0464 084.3972 0094527 117.9185 309.4209 14.72925597515837
0 COSMOS 2251 DEB
1 33813U 93036BE  18279.84431980  .00000709  00000-0  10820-3 0  9993
2 33813  74.0465  82.4130 0094494 115.6378 313.6879 14.72927186516056
0 COSMOS 2251 DEB
1 33813U 93036BE  18279.92241455 +.00000708 +00000-0 +10803-3 0  9998
2 33813 074.0466 082.2610 0094514 115.4566 007.7971 14.72927298515998
0 COSMOS 2251 DEB
1 33813U 93036BE  18280.44861453 +.00000733 +00000-0 +11164-3 0  9992
2 33813 074.0466 081.2365 0094486 114.2800 278.0071 14.72928149516070
0 COSMOS 2251 DEB
1 33813U 93036BE  18281.47258797  .00000870  00000-0  13152-3 0  9998
2 33813  74.0468  79.2431 0094452 111.9946 307.6996 14.72930632516290
0 COSMOS 2251 DEB
1 33813U 93036BE  18282.49064615  .00000794  00000-0  12050-3 0  9996
2 33813  74.0470  77.2612 0094422 109.7217 306.0291 14.72931792516441
0 COSMOS 2251 DEB
1 33813U 93036BE  18283.43714549 +.00000833 +00000-0 +12624-3 0  9990
2 33813 074.0471 075.4188 0094382 107.6014 284.9276 14.72933627516511
0 COSMOS 2251 DEB
1 33813U 93036BE  18283.86675844  .00000784  00000-0  11905-3 0  9997
2 33813  74.0472  74.5824 0094372 106.6415  42.9867 14.72933988516644
0 COSMOS 2251 DEB
1 33813U 93036BE  18284.53058597 +.00000842 +00000-0 +12753-3 0  9999
2 33813 074.0473 073.2901 0094350 105.1587 322.9952 14.72935628516679
0 COSMOS 2251 DEB
1 33813U 93036BE  18284.81338966 +.00000798 +00000-0 +12114-3 0  9992
2 33813 074.0472 072.7393 0094320 104.5447 022.5698 14.72935797516714
0 COSMOS 2251 DEB
1 33813U 93036BE  18285.47917458  .00000785  00000-0  11918-3 0  9991
2 33813  74.0474  71.4434 0094319 103.0407 312.9766 14.72936972516882
0 COSMOS 2251 DEB
1 33813U 93036BE  18285.83131848 +.00000783 +00000-0 +11889-3 0  9997
2 33813 074.0475 070.7578 0094313 102.2532 020.2561 14.72937571516864
0 COSMOS 2251 DEB
1 33813U 93036BE  18286.49946360  .00000762  00000-0  11588-3 0  9996
2 33813  74.0476  69.4571 0094294 100.7597 323.1663 14.72938680517035
0 COSMOS 2251 DEB
1 33813U 93036BE  18286.84983988 +.00000762 +00000-0 +11585-3 0  9999
2 33813 074.0477 068.7751 0094281 099.9698 021.0815 14.72939312517019
0 COSMOS 2251 DEB
1 33813U 93036BE  18287.51935311  .00000897  00000-0  13547-3 0  9990
2 33813  74.0478  67.4717 0094260  98.4741 331.2533 14.72941468517184
0 COSMOS 2251 DEB
1 33813U 93036BE  18288.81962247  .00000767  00000-0  11660-3 0  9992
2 33813  74.0479  64.9403 0094233  95.5701  26.0820 14.72942952517371
0 COSMOS 2251 DEB
1 33813U 93036BE  18289.83869955  .00000744  00000-0  11325-3 0  9990
2 33813  74.0480  62.9565 0094198  93.2833  29.8758 14.72944635517529
0 COSMOS 2251 DEB
1 33813U 93036BE  18290.78956609 +.00000720 +00000-0 +10980-3 0  9999
2 33813 074.0482 061.1055 0094163 091.1536 031.9747 14.72946092517593
0 COSMOS 2251 DEB
1 33813U 93036BE  18291.45712178  .00000718  00000-0  10952-3 0  9991
2 33813  74.0483  59.8060 0094153  89.6559 331.7847 14.72947173517762
0 COSMOS 2251 DEB
1 33813U 93036BE  18291.80862775 +.00000714 +00000-0 +10885-3 0  9990
2 33813 074.0484 059.1218 0094145 088.8662 035.6977 14.72947701517747
0 COSMOS 2251 DEB
1 33813U 93036BE  18292.47732998  .00000677  00000-0  10359-3 0  9991
2 33813  74.0485  57.8201 0094131  87.3661 341.5904 14.72948563517918
0 COSMOS 2251 DEB
1 33813U 93036BE  18292.75846171 +.00000675 +00000-0 +10325-3 0  9992
2 33813 074.0485 057.2728 0094123 086.7369 032.3324 14.72948960517883
0 COSMOS 2251 DEB
1 33813U 93036BE  18293.42633123 +.00000644 +00000-0 +98704-4 0  9992
2 33813 074.0486 055.9728 0094120 085.2357 333.8153 14.72949778517985
0 COSMOS 2251 DEB
1 33813U 93036BE  18293.70860809  .00000639  00000-0  97986-4 0  9991
2 33813  74.0486  55.4232 0094109  84.6032  30.6312 14.72950113518097
0 COSMOS 2251 DEB
1 33813U 93036BE  18294.44657058 +.00000578 +00000-0 +89168-4 0  9998
2 33813 074.0487 053.9867 0094096 082.9480 343.7921 14.72950786518133
0 COSMOS 2251 DEB
1 33813U 93036BE  18294.80269834  .00000572  00000-0  88331-4 0  9994
2 33813  74.0488  53.2936 0094076  82.1408  72.2240 14.72951183518257
0 COSMOS 2251 DEB
1 33813U 93036BE  18295.75264341 +.00000603 +00000-0 +92817-4 0  9996
2 33813 074.0489 051.4444 0094059 080.0055 069.4663 14.72952596518322
0 COSMOS 2251 DEB
1 33813U 93036BE  18296.41522628  .00000602  00000-0  92622-4 0  9998
2 33813  74.0489  50.1547 0094060  78.5190 342.9215 14.72953408518499
0 COSMOS 2251 DEB
1 33813U 93036BE  18296.77161306 +.00000604 +00000-0 +92991-4 0  9990
2 33813 074.0490 049.4609 0094049 077.7178 072.7237 14.72953842518477
0 COSMOS 2251 DEB
1 33813U 93036BE  18297.43526347 +.00000591 +00000-0 +90989-4 0  9994
2 33813 074.0490 048.1690 0094054 076.2331 351.8388 14.72954620518578
0 COSMOS 2251 DEB
1 33813U 93036BE  18298.65729229 +.00000577 +00000-0 +88955-4 0  9997
2 33813 074.0492 045.7903 0094039 073.4829 351.8669 14.72955956518759
0 COSMOS 2251 DEB
1 33813U 93036BE  18299.40491439  .00000548  00000-0  84879-4 0  9999
2 33813  74.0492  44.3349 0094038  71.8036 356.2677 14.72956706518931
0 COSMOS 2251 DEB
1 33813U 93036BE  18299.75488601 +.00000549 +00000-0 +84956-4 0  9991
2 33813 074.0492 043.6537 0094060 071.0245 052.0494 14.72957123518911
0 COSMOS 2251 DEB
1 33813U 93036BE  18300.50312851  .00000543  00000-0  84137-4 0  9995
2 33813  74.0494  42.1972 0094056  69.3473  59.7404 14.72957998519093
0 COSMOS 2251 DEB
1 33813U 93036BE  18300.70496243 +.00000545 +00000-0 +84406-4 0  9996
2 33813 074.0494 041.8044 0094058 068.8902 050.0062 14.72958239519051
0 COSMOS 2251 DEB
1 33813U 93036BE  18301.45208610 +.00000540 +00000-0 +83722-4 0  9993
2 33813 074.0495 040.3500 0094057 067.2133 051.7701 14.72959137519169
0 COSMOS 2251 DEB
1 33813U 93036BE  18301.72552937  .00000542  00000-0  83945-4 0  9996
2 33813  74.0495  39.8177 0094060  66.5979  61.7566 14.72959467519274
0 COSMOS 2251 DEB
1 33813U 93036BE  18302.39329889 +.00000526 +00000-0 +81579-4 0  9991
2 33813 074.0495 038.5179 0094062 065.1018 002.7301 14.72960216519303
0 COSMOS 2251 DEB
1 33813U 93036BE  18302.67412076 +.00000526 +00000-0 +81657-4 0  9990
2 33813 074.0496 037.9713 0094062 064.4664 051.8473 14.72960524519341
0 COSMOS 2251 DEB
1 33813U 93036BE  18303.34264848  .00000514  00000-0  79868-4 0  9995
2 33813  74.0496  36.6700 0094077  62.9670 356.8451 14.72961253519512
0 COSMOS 2251 DEB
1 33813U 93036BE  18303.61541961 +.00000511 +00000-0 +79392-4 0  9998
2 33813 074.0496 036.1390 0094082 062.3546 003.2677 14.72961504519482
0 COSMOS 2251 DEB
1 33813U 93036BE  18303.69328608 +.00000506 +00000-0 +78745-4 0  9992
2 33813 074.0496 035.9875 0094079 062.1778 056.1718 14.72961558519491
0 COSMOS 2251 DEB
1 33813U 93036BE  18304.36231442  .00000491  00000-0  76494-4 0  9998
2 33813  74.0497  34.6852 0094094  60.6786   3.8255 14.72962265519662
0 COSMOS 2251 DEB
1 33813U 93036BE  18304.71233035 +.00000485 +00000-0 +75719-4 0  9999
2 33813 074.0497 034.0038 0094084 059.8873 059.8608 14.72962587519646
0 COSMOS 2251 DEB
1 33813U 93036BE  18305.39129612  .00000477  00000-0  74490-4 0  9995
2 33813  74.0497  32.6822 0094084  58.3635  60.2147 14.72963316519815
0 COSMOS 2251 DEB
1 33813U 93036BE  18305.93529227 +.00000485 +00000-0 +75684-4 0  9996
2 33813 074.0497 031.6233 0094095 057.1444 064.8642 14.72963943519824
0 COSMOS 2251 DEB
1 33813U 93036BE  18306.68145126  .00000483  00000-0  75349-4 0  9997
2 33813  74.0497  30.1709 0094103  55.4690  61.5278 14.72964715520009
0 COSMOS 2251 DEB
1 33813U 93036BE  18307.63284125 +.00000477 +00000-0 +74568-4 0  9991
2 33813 074.0497 028.3189 0094112 053.3327 066.4749 14.72965705520078
0 COSMOS 2251 DEB
1 33813U 93036BE  18308.22735260  .00000472  00000-0  73837-4 0  9991
2 33813  74.0497  27.1616 0094127  51.9995 338.9970 14.72966297520239
0 COSMOS 2251 DEB
1 33813U 93036BE  18308.92299976 +.00000467 +00000-0 +73023-4 0  9998
2 33813 074.0496 025.8075 0094138 050.4337 067.8200 14.72966922520260
0 COSMOS 2251 DEB
1 33813U 93036BE  18309.39940222  .00000483  00000-0  75421-4 0  9999
2 33813  74.0496  24.8801 0094147  49.3696  74.0433 14.72967528520408
0 COSMOS 2251 DEB
1 33813U 93036BE  18309.67646714 +.00000505 +00000-0 +78597-4 0  9991
2 33813 074.0496 024.3407 0094151 048.7468 103.2422 14.72967952520370
0 COSMOS 2251 DEB
1 33813U 93036BE  18310.62100699 +.00000536 +00000-0 +83048-4 0  9996
2 33813 074.0496 022.5021 0094165 046.6302 071.8729 14.72969194520517
0 COSMOS 2251 DEB
1 33813U 93036BE  18310.89354343  .00000541  00000-0  83815-4 0  9990
2 33813  74.0496  21.9716 0094174  46.0205  77.0571 14.72969545520622
0 COSMOS 2251 DEB
1 33813U 93036BE  18311.64000653 +.00000580 +00000-0 +89515-4 0  9992
2 33813 074.0495 020.5185 0094198 044.3450 075.3490 14.72970650520669
0 COSMOS 2251 DEB
1 33813U 93036BE  18312.23888263  .00000578  00000-0  89177-4 0  9990
2 33813  74.0495  19.3526 0094216  43.0014  11.0281 14.72971416520821
0 COSMOS 2251 DEB
1 33813U 93036BE  18312.59199575 +.00000577 +00000-0 +89008-4 0  9992
2 33813 074.0494 018.6652 0094223 042.2094 083.4923 14.72971810520801
0 COSMOS 2251 DEB
1 33813U 93036BE  18313.54075317  .00000573  00000-0  88426-4 0  9994
2 33813  74.0493  16.8182 0094252  40.0838  74.4994 14.72972958521018
0 COSMOS 2251 DEB
1 33813U 93036BE  18313.60945542 +.00000569 +00000-0 +87884-4 0  9999
2 33813 074.0493 016.6845 0094256 039.9296 078.8095 14.72973025520959
0 COSMOS 2251 DEB
1 33813U 93036BE  18314.35750243 +.00000579 +00000-0 +89284-4 0  9991
2 33813 074.0493 015.2283 0094283 038.2544 085.5058 14.72974062521067
0 COSMOS 2251 DEB
1 33813U 93036BE  18315.15506892  .00000592  00000-0  91238-4 0  9996
2 33813  74.0492  13.6757 0094313  36.4671 354.7954 14.72975224521257
0 COSMOS 2251 DEB
1 33813U 93036BE  18316.60372244  .00000600  00000-0  92430-4 0  9994
2 33813  74.0490  10.8556 0094372  33.2217 116.6370 14.72977095521465
0 COSMOS 2251 DEB
1 33813U 93036BE  18317.61758751  .00000592  00000-0  91212-4 0  9994
2 33813  74.0489   8.8819 0094414  30.9502  92.9123 14.72978369521614
0 COSMOS 2251 DEB
1 33813U 93036BE  18317.61758751 +.00000592 +00000-0 +91212-4 0  9994
2 33813 074.0489 008.8819 0094414 030.9502 092.9123 14.72978369521546
0 COSMOS 2251 DEB
1 33813U 93036BE  18318.83905271  .00000577  00000-0  88955-4 0  9993
2 33813  74.0488   6.5038 0094469  28.2230  90.0348 14.72979752521793
0 COSMOS 2251 DEB
1 33813U 93036BE  18319.51978778 +.00000595 +00000-0 +91587-4 0  9996
2 33813 074.0487 005.1786 0094500 026.7039 099.8031 14.72980630521820
0 COSMOS 2251 DEB
1 33813U 93036BE  18319.91476868  .00000598  00000-0  92139-4 0  9990
2 33813  74.0487   4.4096 0094519  25.8200  34.2924 14.72981154521956
0 COSMOS 2251 DEB
1 33813U 93036BE  18319.91476868 +.00000598 +00000-0 +92139-4 0  9990
2 33813 074.0487 004.4096 0094519 025.8200 034.2924 14.72981154521888
0 COSMOS 2251 DEB
1 33813U 93036BE  18320.53604240 +.00000602 +00000-0 +92632-4 0  9991
2 33813 074.0486 003.2002 0094541 024.4303 088.7578 14.72981857521974
0 COSMOS 2251 DEB
1 33813U 93036BE  18320.93262487 +.00000605 +00000-0 +93114-4 0  9997
2 33813 074.0486 002.4281 0094566 023.5447 031.7391 14.72982335522031
0 COSMOS 2251 DEB
1 33813U 93036BE  18321.20559984  .00000609  00000-0  93715-4 0  9990
2 33813  74.0485   1.8967 0094578  22.9367  39.2586 14.72982688522143
0 COSMOS 2251 DEB
1 33813U 93036BE  18321.55613262 +.00000616 +00000-0 +94662-4 0  9998
2 33813 074.0485 001.2143 0094599 022.1499 098.0537 14.72983052522127
0 COSMOS 2251 DEB
1 33813U 93036BE  18321.88360008 +.00000620 +00000-0 +95294-4 0  9998
2 33813 074.0484 000.5767 0094618 021.4207 034.5342 14.72983466522174
0 COSMOS 2251 DEB
1 33813U 93036BE  18322.57598699  .00000634  00000-0  97332-4 0  9994
2 33813  74.0484 359.2287 0094655  19.8716 106.1020 14.72984310522349
0 COSMOS 2251 DEB
1 33813U 93036BE  18322.90194038 +.00000649 +00000-0 +99432-4 0  9999
2 33813 074.0484 358.5942 0094676 019.1449 034.5562 14.72984787522329
0 COSMOS 2251 DEB
1 33813U 93036BE  18323.79718956  .00000672  00000-0  10282-3 0  9999
2 33813  74.0482 356.8512 0094727  17.1488 101.8536 14.72985918522527
0 COSMOS 2251 DEB
1 33813U 93036BE  18323.92162748 +.00000675 +00000-0 +10322-3 0  9994
2 33813 074.0482 356.6089 0094733 016.8735 041.7167 14.72986059522475
0 COSMOS 2251 DEB
1 33813U 93036BE  18324.87133053 +.00000697 +00000-0 +10645-3 0  9998
2 33813 074.0481 354.7599 0094782 014.7589 037.7725 14.72987337522618
0 COSMOS 2251 DEB
1 33813U 93036BE  18325.21392524  .00000698  00000-0  10659-3 0  9993
2 33813  74.0480 354.0928 0094799  13.9969  54.4736 14.72987802522735
0 COSMOS 2251 DEB
1 33813U 93036BE  18325.89206836 +.00000686 +00000-0 +10486-3 0  9992
2 33813 074.0480 352.7725 0094845 012.4867 050.5132 14.72988553522762
0 COSMOS 2251 DEB
1 33813U 93036BE  18326.44547691  .00000680  00000-0  10393-3 0  9992
2 33813  74.0479 351.6951 0094879  11.2561 105.1134 14.72989196522914
0 COSMOS 2251 DEB
1 33813U 93036BE  18326.91202302 +.00000683 +00000-0 +10440-3 0  9997
2 33813 074.0478 350.7867 0094905 010.2221 059.1005 14.72989868522912
0 COSMOS 2251 DEB
1 33813U 93036BE  18327.53374229  .00000659  00000-0  10083-3 0  9990
2 33813  74.0478 349.5763 0094945   8.8388 115.9411 14.72990547523070
0 COSMOS 2251 DEB
1 33813U 93036BE  18327.85999010 +.00000677 +00000-0 +10351-3 0  9994
2 33813 074.0478 348.9411 0094966 008.1149 045.9609 14.72991114523054
0 COSMOS 2251 DEB
1 33813U 93036BE  18328.48326784 +.00000678 +00000-0 +10365-3 0  9992
2 33813 074.0477 347.7276 0095002 006.7329 111.0640 14.72991940523142
0 COSMOS 2251 DEB
1 33813U 93036BE  18328.88023413 +.00000679 +00000-0 +10380-3 0  9997
2 33813 074.0477 346.9547 0095028 005.8546 056.0875 14.72992499523208
0 COSMOS 2251 DEB
1 33813U 93036BE  18329.15170535  .00000675  00000-0  10314-3 0  9999
2 33813  74.0476 346.4261 0095042   5.2539  55.6391 14.72992866523315
0 COSMOS 2251 DEB
1 33813U 93036BE  18329.50838921 +.00000678 +00000-0 +10365-3 0  9997
2 33813 074.0476 345.7316 0095062 004.4637 147.0554 14.72993336523297
0 COSMOS 2251 DEB
1 33813U 93036BE  18329.82982400 +.00000669 +00000-0 +10236-3 0  9991
2 33813 074.0476 345.1058 0095077 003.7542 051.5519 14.72993733523344
0 COSMOS 2251 DEB
1 33813U 93036BE  18330.17190584  .00000670  00000-0  10247-3 0  9999
2 33813  74.0475 344.4397 0095094   2.9979  65.5370 14.72994241523463
0 COSMOS 2251 DEB
1 33813U 93036BE  18330.45254469 +.00000665 +00000-0 +10180-3 0  9993
2 33813 074.0475 343.8933 0095119 002.3723 113.7077 14.72994517523434
0 COSMOS 2251 DEB
1 33813U 93036BE  18330.84983872 +.00000670 +00000-0 +10245-3 0  9991
2 33813 074.0475 343.1197 0095144 001.4945 060.4714 14.72995078523498
0 COSMOS 2251 DEB
1 33813U 93036BE  18331.47116574  .00000671  00000-0  10260-3 0  9996
2 33813  74.0474 341.9100 0095192   0.1195 115.2358 14.72995849523650
0 COSMOS 2251 DEB
1 33813U 93036BE  18332.49747007  .00000668  00000-0  10219-3 0  9990
2 33813  74.0473 339.9116 0095230 357.8520 157.5103 14.72997206523803
0 COSMOS 2251 DEB
1 33813U 93036BE  18332.81918683 +.00000653 +00000-0 +99974-4 0  9996
2 33813 074.0473 339.2851 0095256 357.1421 063.5057 14.72997521523784
0 COSMOS 2251 DEB
1 33813U 93036BE  18333.96667863 +.00000700 +00000-0 +10678-3 0  9990
2 33813 074.0472 337.0508 0095322 354.6126 028.4128 14.72999235523958
0 COSMOS 2251 DEB
1 33813U 93036BE  18334.11000319  .00000704  00000-0  10730-3 0  9998
2 33813  74.0472 336.7717 0095332 354.2957  68.4345 14.72999468524049
0 COSMOS 2251 DEB
1 33813U 93036BE  18334.73078885 +.00000745 +00000-0 +11325-3 0  9995
2 33813 074.0472 335.5629 0095364 352.9250 120.3348 14.73000451524063
0 COSMOS 2251 DEB
1 33813U 93036BE  18335.12960859  .00000754  00000-0  11457-3 0  9996
2 33813  74.0472 334.7863 0095382 352.0462  75.1950 14.73001080524199
0 COSMOS 2251 DEB
1 33813U 93036BE  18335.48608808 +.00000784 +00000-0 +11889-3 0  9990
2 33813 074.0472 334.0921 0095396 351.2574 165.5362 14.73001653524172
0 COSMOS 2251 DEB
1 33813U 93036BE  18336.14965571  .00000819  00000-0  12401-3 0  9997
2 33813  74.0472 332.8000 0095409 349.7973  84.3025 14.73002846524344
0 COSMOS 2251 DEB
1 33813U 93036BE  18336.43553649 +.00000777 +00000-0 +11792-3 0  9993
2 33813 074.0472 332.2434 0095436 349.1697 160.2698 14.73003007524313
0 COSMOS 2251 DEB
1 33813U 93036BE  18337.44970572  .00000700  00000-0  10682-3 0  9996
2 33813  74.0472 330.2687 0095521 346.9413 138.2047 14.73003928524536
0 COSMOS 2251 DEB
1 33813U 93036BE  18337.97511045 +.00000681 +00000-0 +10403-3 0  9999
2 33813 074.0472 329.2456 0095582 345.7949 044.3147 14.73004570524549
0 COSMOS 2251 DEB
1 33813U 93036BE  18338.40543791 +.00000675 +00000-0 +10319-3 0  9990
2 33813 074.0473 328.4077 0095602 344.8427 166.2647 14.73005144524608
0 COSMOS 2251 DEB
1 33813U 93036BE  18339.14734175  .00000667  00000-0  10198-3 0  9996
2 33813  74.0473 326.9632 0095664 343.2225 140.4297 14.73006169524787
0 COSMOS 2251 DEB
1 33813U 93036BE  18339.94436211 +.00000694 +00000-0 +10584-3 0  9993
2 33813 074.0473 325.4113 0095693 341.4701 046.8829 14.73007582524832
0 COSMOS 2251 DEB
1 33813U 93036BE  18340.44419003  .00000689  00000-0  10511-3 0  9994
2 33813  74.0474 324.4381 0095726 340.3702 177.3811 14.73008307524977
0 COSMOS 2251 DEB
1 33813U 93036BE  18340.96352341 +.00000744 +00000-0 +11307-3 0  9998
2 33813 074.0474 323.4270 0095754 339.2343 051.3084 14.73009442524987
0 COSMOS 2251 DEB
1 33813U 93036BE  18341.39342074 +.00000731 +00000-0 +11119-3 0  9995
2 33813 074.0474 322.5899 0095782 338.2877 170.9792 14.73009971525045
0 COSMOS 2251 DEB
1 33813U 93036BE  18342.05644623  .00000661  00000-0  10105-3 0  9990
2 33813  74.0474 321.2989 0095817 336.8405  86.8787 14.73010640525214
0 COSMOS 2251 DEB
1 33813U 93036BE  18342.93296133 +.00000761 +00000-0 +11553-3 0  9995
2 33813 074.0475 319.5923 0095862 334.9188 054.8882 14.73012684525277
0 COSMOS 2251 DEB
1 33813U 93036BE  18343.07665303  .00000759  00000-0  11525-3 0  9996
2 33813  74.0475 319.3125 0095873 334.6046  96.8603 14.73012914525364
0 COSMOS 2251 DEB
1 33813U 93036BE  18343.62945692 +.00000776 +00000-0 +11774-3 0  9994
2 33813 074.0476 318.2362 0095902 333.3981 148.2808 14.73013860525374
0 COSMOS 2251 DEB
1 33813U 93036BE  18344.38214142  .00000840  00000-0  12694-3 0  9991
2 33813  74.0476 316.7706 0095939 331.7479 179.6455 14.73015536525551
0 COSMOS 2251 DEB
1 33813U 93036BE  18344.97490906 +.00000778 +00000-0 +11800-3 0  9998
2 33813 074.0477 315.6163 0095964 330.4503 082.9956 14.73016206525578
0 COSMOS 2251 DEB
1 33813U 93036BE  18345.40244687  .00000792  00000-0  12004-3 0  9993
2 33813  74.0478 314.7840 0095994 329.5142 190.1605 14.73016981525700
0 COSMOS 2251 DEB
1 33813U 93036BE  18346.67277154  .00000770  00000-0  11685-3 0  9998
2 33813  74.0479 312.3106 0096046 326.7470  86.4836 14.73019065525891
0 COSMOS 2251 DEB
1 33813U 93036BE  18346.94700958 +.00000760 +00000-0 +11533-3 0  9992
2 33813 074.0479 311.7767 0096055 326.1536 100.7202 14.73019509525861
0 COSMOS 2251 DEB
1 33813U 93036BE  18347.37090873 +.00000746 +00000-0 +11338-3 0  9995
2 33813 074.0479 310.9513 0096074 325.2215 188.5991 14.73020141525926
0 COSMOS 2251 DEB
1 33813U 93036BE  18348.39083890  .00000720  00000-0  10956-3 0  9996
2 33813  74.0480 308.9655 0096121 323.0072 197.1245 14.73021733526143
0 COSMOS 2251 DEB
1 33813U 93036BE  18349.73189507  .00000689  00000-0  10516-3 0  9993
2 33813  74.0480 306.3544 0096177 320.0921 108.5420 14.73023788526348
0 COSMOS 2251 DEB
1 33813U 93036BE  18349.93277597 +.00000672 +00000-0 +10258-3 0  9997
2 33813 074.0480 305.9633 0096182 319.6556 093.7836 14.73024031526300
0 COSMOS 2251 DEB
1 33813U 93036BE  18350.95274262  .00000648  00000-0  99118-4 0  9993
2 33813  74.0481 303.9774 0096213 317.4383 102.5182 14.73025408526520
0 COSMOS 2251 DEB
1 33813U 93036BE  18350.95274262 +.00000648 +00000-0 +99118-4 0  9993
2 33813 074.0481 303.9774 0096213 317.4383 102.5182 14.73025408526452
0 COSMOS 2251 DEB
1 33813U 93036BE  18351.90313970 +.00000612 +00000-0 +93924-4 0  9999
2 33813 074.0482 302.1270 0096238 315.3708 102.3412 14.73026542526599
0 COSMOS 2251 DEB
1 33813U 93036BE  18352.05150036  .00000610  00000-0  93681-4 0  9996
2 33813  74.0482 301.8381 0096242 315.0454 169.0803 14.73026734526685
0 COSMOS 2251 DEB
1 33813U 93036BE  18352.92117990 +.00000618 +00000-0 +94785-4 0  9998
2 33813 074.0482 300.1448 0096262 313.1550 100.8735 14.73028044526749
0 COSMOS 2251 DEB
1 33813U 93036BE  18353.27910628  .00000623  00000-0  95587-4 0  9993
2 33813  74.0482 299.4480 0096275 312.3770 198.9094 14.73028522526864
0 COSMOS 2251 DEB
1 33813U 93036BE  18353.94298786 +.00000634 +00000-0 +97087-4 0  9990
2 33813 074.0483 298.1554 0096289 310.9293 119.3928 14.73029573526895
0 COSMOS 2251 DEB
1 33813U 93036BE  18354.56273473 +.00000651 +00000-0 +99574-4 0  9997
2 33813 074.0483 296.9488 0096302 309.5869 165.8281 14.73030565526987
0 COSMOS 2251 DEB
1 33813U 93036BE  18354.96100063 +.00000634 +00000-0 +97198-4 0  9996
2 33813 074.0483 296.1734 0096309 308.7171 117.7872 14.73031073527042
0 COSMOS 2251 DEB
1 33813U 93036BE  18355.31101056  .00000663  00000-0  10134-3 0  9995
2 33813  74.0483 295.4919 0096317 307.9564 173.8474 14.73031721527169
0 COSMOS 2251 DEB
1 33813U 93036BE  18355.63925035 +.00000635 +00000-0 +97334-4 0  9998
2 33813 074.0483 294.8528 0096326 307.2439 114.4622 14.73032013527141
0 COSMOS 2251 DEB
1 33813U 93036BE  18356.26729539 +.00000626 +00000-0 +95979-4 0  9992
2 33813 074.0483 293.6300 0096332 305.8812 204.9086 14.73032834527232
0 COSMOS 2251 DEB
1 33813U 93036BE  18356.86160205  .00000601  00000-0  92405-4 0  9991
2 33813  74.0483 292.4728 0096333 304.5951 116.4426 14.73033533527393
0 COSMOS 2251 DEB
1 33813U 93036BE  18356.93146602 +.00000598 +00000-0 +91977-4 0  9992
2 33813 074.0483 292.3368 0096335 304.4430 126.9236 14.73033617527337
0 COSMOS 2251 DEB
1 33813U 93036BE  18357.87896972  .00000580  00000-0  89336-4 0  9995
2 33813  74.0483 290.4919 0096342 302.3852 111.4288 14.73034828527545
0 COSMOS 2251 DEB
1 33813U 93036BE  18358.89853743  .00000567  00000-0  87490-4 0  9991
2 33813  74.0484 288.5068 0096352 300.1717 118.0852 14.73036105527692
0 COSMOS 2251 DEB
1 33813U 93036BE  18359.91994701 +.00000539 +00000-0 +83429-4 0  9992
2 33813 074.0484 286.5181 0096358 297.9529 134.5141 14.73037256527777
0 COSMOS 2251 DEB
1 33813U 93036BE  18360.19959181  .00000533  00000-0  82470-4 0  9996
2 33813  74.0485 285.9736 0096363 297.3467 177.4408 14.73037546527884
0 COSMOS 2251 DEB
1 33813U 93036BE  18360.93873627 +.00000526 +00000-0 +81589-4 0  9990
2 33813 074.0485 284.5345 0096360 295.7479 137.0442 14.73038445527921
0 COSMOS 2251 DEB
1 33813U 93036BE  18361.21901983  .00000528  00000-0  81790-4 0  9995
2 33813  74.0485 283.9888 0096360 295.1458 183.3539 14.73038770528032
0 COSMOS 2251 DEB
1 33813U 93036BE  18361.88750219 +.00000512 +00000-0 +79527-4 0  9990
2 33813 074.0485 282.6873 0096356 293.6936 128.2524 14.73039488528063
0 COSMOS 2251 DEB
1 33813U 93036BE  18362.23738817  .00000510  00000-0  79267-4 0  9999
2 33813  74.0485 282.0061 0096350 292.9376 183.6612 14.73039874528185
0 COSMOS 2251 DEB
1 33813U 93036BE  18362.83680725 +.00000558 +00000-0 +86136-4 0  9994
2 33813 074.0485 280.8390 0096349 291.6311 122.3327 14.73040993528209
0 COSMOS 2251 DEB
1 33813U 93036BE  18363.58544691 +.00000601 +00000-0 +92352-4 0  9994
2 33813 074.0484 279.3814 0096360 289.9996 132.3099 14.73042175528317
0 COSMOS 2251 DEB
1 33813U 93036BE  18363.85664237  .00000594  00000-0  91277-4 0  9999
2 33813  74.0484 278.8534 0096355 289.4109 130.4366 14.73042515528421
0 COSMOS 2251 DEB
1 33813U 93036BE  18364.53453253 +.00000570 +00000-0 +87877-4 0  9994
2 33813 074.0484 277.5337 0096352 287.9414 125.2293 14.73043231528457
0 COSMOS 2251 DEB
1 33813U 93036BE  18364.87633413  .00000586  00000-0  90191-4 0  9999
2 33813  74.0484 276.8682 0096352 287.1954 137.7808 14.73043858528571
0 COSMOS 2251 DEB
1 33813U 93036BE  18365.55341170 +.00000562 +00000-0 +86775-4 0  9998
2 33813 074.0484 275.5500 0096358 285.7218 128.2736 14.73044584528605
0 COSMOS 2251 DEB
1 33813U 93036BE  18365.82513774 +.00000554 +00000-0 +85502-4 0  9997
2 33813 074.0483 275.0210 0096351 285.1295 129.2187 14.73044916528643
0 COSMOS 2251 DEB
1 33813U 93036BE  19001.18297943  .00000557  00000-0  85967-4 0  9999
2 33813  74.0483 274.3243 0096346 284.3522 226.8272 14.73045381528768
0 COSMOS 2251 DEB
1 33813U 93036BE  19001.92560279 +.00000518 +00000-0 +80405-4 0  9995
2 33813 074.0482 272.8785 0096324 282.7421 204.9031 14.73046121528805
0 COSMOS 2251 DEB
1 33813U 93036BE  19002.20206622  .00000515  00000-0  79924-4 0  9997
2 33813  74.0482 272.3402 0096322 282.1418 230.9694 14.73046451528916
0 COSMOS 2251 DEB
1 33813U 93036BE  19002.86548392 +.00000500 +00000-0 +77736-4 0  9995
2 33813 074.0482 271.0486 0096316 280.6955 149.0346 14.73047228528946
0 COSMOS 2251 DEB
1 33813U 93036BE  19003.54322368  .00000506  00000-0  78691-4 0  9991
2 33813  74.0481 269.7290 0096302 279.2271 143.0407 14.73048036529112
0 COSMOS 2251 DEB
1 33813U 93036BE  19003.89402094 +.00000441 +00000-0 +69314-4 0  9994
2 33813 074.0481 269.0460 0096295 278.4627 203.2985 14.73048071529097
0 COSMOS 2251 DEB
1 33813U 93036BE  19004.84330734  .00000421  00000-0  66430-4 0  9995
2 33813  74.0480 267.1978 0096274 276.3998 197.3076 14.73049016529302
0 COSMOS 2251 DEB
1 33813U 93036BE  19004.91379024 +.00000423 +00000-0 +66604-4 0  9993
2 33813 074.0481 267.0606 0096273 276.2457 211.0754 14.73049092529242
0 COSMOS 2251 DEB
1 33813U 93036BE  19005.86337998  .00000459  00000-0  71912-4 0  9999
2 33813  74.0480 265.2117 0096256 274.1805 206.7000 14.73050389529452
0 COSMOS 2251 DEB
1 33813U 93036BE  19007.67957314  .00000484  00000-0  75440-4 0  9998
2 33813  74.0478 261.6756 0096216 270.2297 117.8875 14.73052552529711
0 COSMOS 2251 DEB
1 33813U 93036BE  19007.67957314 +.00000484 +00000-0 +75440-4 0  9998
2 33813 074.0478 261.6756 0096216 270.2297 117.8875 14.73052552529654
0 COSMOS 2251 DEB
1 33813U 93036BE  19009.12903726  .00000484  00000-0  75529-4 0  9996
2 33813  74.0477 258.8534 0096179 267.0739 244.3399 14.73054154529936
0 COSMOS 2251 DEB
1 33813U 93036BE  19009.64872804 +.00000478 +00000-0 +74533-4 0  9992
2 33813 074.0476 257.8416 0096171 265.9401 120.2446 14.73054731529945
0 COSMOS 2251 DEB
1 33813U 93036BE  19010.14314444  .00000463  00000-0  72386-4 0  9998
2 33813  74.0476 256.8789 0096159 264.8644 222.1181 14.73055208530085
0 COSMOS 2251 DEB
1 33813U 93036BE  19010.47037691 +.00000454 +00000-0 +71143-4 0  9990
2 33813 074.0476 256.2418 0096138 264.1551 157.4180 14.73055506530063
0 COSMOS 2251 DEB
1 33813U 93036BE  19010.82102498 +.00000448 +00000-0 +70201-4 0  9994
2 33813 074.0476 255.5591 0096130 263.3864 216.8995 14.73055872530113
0 COSMOS 2251 DEB
1 33813U 93036BE  19011.48950164  .00000439  00000-0  68938-4 0  9992
2 33813  74.0475 254.2576 0096106 261.9324 161.8104 14.73056489530283
0 COSMOS 2251 DEB
1 33813U 93036BE  19011.69233556 +.00000451 +00000-0 +70635-4 0  9995
2 33813 074.0475 253.8626 0096097 261.4886 157.4358 14.73056809530245
0 COSMOS 2251 DEB
1 33813U 93036BE  19012.85958884  .00000402  00000-0  63663-4 0  9991
2 33813  74.0473 251.5900 0096067 258.9425 227.3542 14.73057615530484
0 COSMOS 2251 DEB
1 33813U 93036BE  19013.80216434 +.00000382 +00000-0 +60730-4 0  9994
2 33813 074.0472 249.7547 0096027 256.8856 185.8147 14.73058293530550
0 COSMOS 2251 DEB
1 33813U 93036BE  19014.08677689  .00000374  00000-0  59586-4 0  9996
2 33813  74.0472 249.2005 0096024 256.2634 255.1109 14.73058428530660
0 COSMOS 2251 DEB
1 33813U 93036BE  19014.82894451 +.00000366 +00000-0 +58428-4 0  9991
2 33813 074.0471 247.7554 0095996 254.6421 230.8161 14.73058972530701
0 COSMOS 2251 DEB
1 33813U 93036BE  19015.09960385  .00000364  00000-0  58082-4 0  9995
2 33813  74.0470 247.2284 0095988 254.0530 226.1170 14.73059149530818
0 COSMOS 2251 DEB
1 33813U 93036BE  19015.77881312 +.00000366 +00000-0 +58423-4 0  9993
2 33813 074.0469 245.9059 0095964 252.5705 227.9555 14.73059695530847
0 COSMOS 2251 DEB
1 33813U 93036BE  19016.44747684  .00000380  00000-0  60459-4 0  9999
2 33813  74.0469 244.6039 0095937 251.1135 173.8695 14.73060233531017
0 COSMOS 2251 DEB
1 33813U 93036BE  19016.79759720 +.00000388 +00000-0 +61616-4 0  9995
2 33813 074.0468 243.9222 0095927 250.3456 230.5586 14.73060560530997
0 COSMOS 2251 DEB
1 33813U 93036BE  19017.39627053 +.00000406 +00000-0 +64167-4 0  9990
2 33813 074.0468 242.7565 0095905 249.0380 165.3200 14.73061123531086
0 COSMOS 2251 DEB
1 33813U 93036BE  19017.81731528  .00000383  00000-0  60843-4 0  9991
2 33813  74.0467 241.9367 0095892 248.1169 238.1194 14.73061311531211
0 COSMOS 2251 DEB
1 33813U 93036BE  19018.08861771 +.00000399 +00000-0 +63143-4 0  9998
2 33813 074.0467 241.4084 0095882 247.5264 236.8333 14.73061604531181
0 COSMOS 2251 DEB
1 33813U 93036BE  19018.76726826 +.00000398 +00000-0 +63027-4 0  9994
2 33813 074.0467 240.0870 0095858 246.0425 235.7173 14.73062132531283
0 COSMOS 2251 DEB
1 33813U 93036BE  19019.02963059  .00000408  00000-0  64504-4 0  9998
2 33813  74.0467 239.5761 0095846 245.4705 187.0235 14.73062380531391
0 COSMOS 2251 DEB
1 33813U 93036BE  19019.43593681 +.00000401 +00000-0 +63473-4 0  9990
2 33813 074.0466 238.7850 0095824 244.5829 181.6652 14.73062653531388
0 COSMOS 2251 DEB
1 33813U 93036BE  19019.78672556 +.00000398 +00000-0 +63077-4 0  9992
2 33813 074.0466 238.1020 0095811 243.8152 241.9003 14.73062947531430
0 COSMOS 2251 DEB
1 33813U 93036BE  19020.38584708  .00000419  00000-0  66027-4 0  9993
2 33813  74.0466 236.9354 0095787 242.5072 179.0433 14.73063573531596
0 COSMOS 2251 DEB
1 33813U 93036BE  19020.73662105 +.00000394 +00000-0 +62523-4 0  9999
2 33813 074.0466 236.2523 0095783 241.7382 239.2019 14.73063737531577
0 COSMOS 2251 DEB
1 33813U 93036BE  19021.60230087 +.00000407 +00000-0 +64387-4 0  9991
2 33813 074.0465 234.5667 0095749 239.8451 149.9098 14.73064531531705
0 COSMOS 2251 DEB
1 33813U 93036BE  19021.75548928 +.00000406 +00000-0 +64168-4 0  9999
2 33813 074.0465 234.2684 0095747 239.5098 242.2700 14.73064646531729
0 COSMOS 2251 DEB
1 33813U 93036BE  19022.42469583  .00000420  00000-0  66174-4 0  9998
2 33813  74.0465 232.9653 0095720 238.0470 191.0795 14.73065282531899
0 COSMOS 2251 DEB
1 33813U 93036BE  19022.97778552 +.00000410 +00000-0 +64795-4 0  9993
2 33813 074.0465 231.8884 0095701 236.8380 244.1211 14.73065703531901
0 COSMOS 2251 DEB
1 33813U 93036BE  19023.57201574  .00000438  00000-0  68796-4 0  9990
2 33813  74.0464 230.7313 0095672 235.5379 155.3340 14.73066384532066
0 COSMOS 2251 DEB
1 33813U 93036BE  19024.52160354 +.00000443 +00000-0 +69574-4 0  9997
2 33813 074.0463 228.8824 0095638 233.4603 151.0160 14.73067211532130
0 COSMOS 2251 DEB
1 33813U 93036BE  19024.74459980  .00000434  00000-0  68205-4 0  9997
2 33813  74.0463 228.4482 0095637 232.9720 253.5700 14.73067337532237
0 COSMOS 2251 DEB
1 33813U 93036BE  19024.94784934 +.00000430 +00000-0 +67705-4 0  9999
2 33813 074.0463 228.0524 0095630 232.5292 251.4045 14.73067470532195
0 COSMOS 2251 DEB
1 33813U 93036BE  19025.96666228  .00000442  00000-0  69405-4 0  9999
2 33813  74.0462 226.0686 0095593 230.3003 254.1937 14.73068433532410
0 COSMOS 2251 DEB
1 33813U 93036BE  19025.96666228 +.00000442 +00000-0 +69405-4 0  9999
2 33813 074.0462 226.0686 0095593 230.3003 254.1937 14.73068433532342
0 COSMOS 2251 DEB
1 33813U 93036BE  19026.63376280 +.00000443 +00000-0 +69546-4 0  9997
2 33813 074.0462 224.7696 0095570 228.8410 191.8452 14.73069054532447
0 COSMOS 2251 DEB
1 33813U 93036BE  19026.71452171 +.00000449 +00000-0 +70363-4 0  9995
2 33813 074.0462 224.6123 0095564 228.6638 260.1129 14.73069162532456
0 COSMOS 2251 DEB
1 33813U 93036BE  19026.99086163  .00000461  00000-0  72153-4 0  9992
2 33813  74.0462 224.0743 0095554 228.0594 285.5513 14.73069482532567
0 COSMOS 2251 DEB
1 33813U 93036BE  19027.51036788 +.00000454 +00000-0 +71147-4 0  9993
2 33813 074.0462 223.0627 0095533 226.9223 160.5090 14.73069944532576
0 COSMOS 2251 DEB
1 33813U 93036BE  19027.73273987 +.00000464 +00000-0 +72547-4 0  9997
2 33813 074.0462 222.6297 0095530 226.4327 259.7582 14.73070224532605
0 COSMOS 2251 DEB
1 33813U 93036BE  19028.52958146  .00000484  00000-0  75376-4 0  9997
2 33813  74.0462 221.0780 0095501 224.6901 165.4355 14.73071133532781
0 COSMOS 2251 DEB
1 33813U 93036BE  19028.95993385 +.00000493 +00000-0 +76720-4 0  9992
2 33813 074.0463 220.2400 0095488 223.7473 287.6111 14.73071599532783
0 COSMOS 2251 DEB
1 33813U 93036BE  19029.22565081 +.00000494 +00000-0 +76833-4 0  9997
2 33813 074.0463 219.7226 0095474 223.1673 256.7169 14.73071889532820
0 COSMOS 2251 DEB
1 33813U 93036BE  19030.49913532  .00000536  00000-0  83001-4 0  9998
2 33813  74.0463 217.2428 0095428 220.3784 170.0595 14.73073455533089
0 COSMOS 2251 DEB
1 33813U 93036BE  19031.67073240  .00000563  00000-0  86841-4 0  9997
2 33813  74.0464 214.9615 0095382 217.8154 263.0908 14.73074780533255
0 COSMOS 2251 DEB
1 33813U 93036BE  19032.89490531  .00000603  00000-0  92562-4 0  9990
2 33813  74.0464 212.5778 0095343 215.1510 274.9291 14.73076427533439
0 COSMOS 2251 DEB
1 33813U 93036BE  19032.96852421 +.00000602 +00000-0 +92502-4 0  9991
2 33813 074.0465 212.4344 0095333 214.9781 305.3461 14.73076521533370
0 COSMOS 2251 DEB
1 33813U 93036BE  19033.64018457 +.00000554 +00000-0 +85479-4 0  9991
2 33813 074.0465 211.1266 0095307 213.5063 267.2005 14.73077051533478
0 COSMOS 2251 DEB
1 33813U 93036BE  19034.18360160  .00000649  00000-0  99240-4 0  9998
2 33813  74.0465 210.0684 0095278 212.3084 268.9835 14.73078305533626
0 COSMOS 2251 DEB
1 33813U 93036BE  19034.93107786 +.00000651 +00000-0 +99495-4 0  9999
2 33813 074.0466 208.6130 0095255 210.6818 272.8876 14.73079255533665
0 COSMOS 2251 DEB
1 33813U 93036BE  19035.52952919  .00000649  00000-0  99182-4 0  9991
2 33813  74.0466 207.4476 0095241 209.3768 206.5101 14.73080065533823
0 COSMOS 2251 DEB
1 33813U 93036BE  19035.88842279 +.00000626 +00000-0 +95875-4 0  9997
2 33813 074.0467 206.7488 0095231 208.5937 309.7446 14.73080361533802
0 COSMOS 2251 DEB
1 33813U 93036BE  19036.62839708  .00000615  00000-0  94371-4 0  9991
2 33813  74.0468 205.3079 0095198 206.9740 273.8815 14.73081328533984
0 COSMOS 2251 DEB
1 33813U 93036BE  19037.64805912  .00000628  00000-0  96208-4 0  9999
2 33813  74.0468 203.3225 0095150 204.7481 281.2210 14.73082812534130
0 COSMOS 2251 DEB
1 33813U 93036BE  19037.92527435 +.00000625 +00000-0 +95820-4 0  9997
2 33813 074.0468 202.7828 0095137 204.1445 311.3120 14.73083161534101
0 COSMOS 2251 DEB
1 33813U 93036BE  19038.51778174 +.00000636 +00000-0 +97312-4 0  9991
2 33813 074.0469 201.6290 0095114 202.8470 213.4270 14.73084014534196
0 COSMOS 2251 DEB
1 33813U 93036BE  19038.86918979  .00000630  00000-0  96546-4 0  9990
2 33813  74.0469 200.9448 0095098 202.0779 276.9727 14.73084411534314
0 COSMOS 2251 DEB
1 33813U 93036BE  19039.88821005  .00000638  00000-0  97701-4 0  9998
2 33813  74.0470 198.9606 0095052 199.8512 280.9210 14.73085776534469
0 COSMOS 2251 DEB
1 33813U 93036BE  19040.91400691  .00000652  00000-0  99614-4 0  9999
2 33813  74.0472 196.9632 0095006 197.6100 320.8109 14.73087163534616
0 COSMOS 2251 DEB
1 33813U 93036BE  19041.86340949 +.00000639 +00000-0 +97837-4 0  9993
2 33813 074.0473 195.1146 0094963 195.5296 315.5844 14.73088231534683
0 COSMOS 2251 DEB
1 33813U 93036BE  19042.18510383  .00000626  00000-0  95912-4 0  9998
2 33813  74.0473 194.4882 0094948 194.8247 221.5615 14.73088562534806
0 COSMOS 2251 DEB
1 33813U 93036BE  19042.60568735 +.00000613 +00000-0 +94046-4 0  9992
2 33813 074.0474 193.6693 0094936 193.9050 291.9564 14.73089004534791
0 COSMOS 2251 DEB
1 33813U 93036BE  19043.47545650  .00000648  00000-0  99050-4 0  9997
2 33813  74.0475 191.9758 0094892 191.9989 224.4339 14.73090324534995
0 COSMOS 2251 DEB
1 33813U 93036BE  19044.85269292  .00000659  00000-0  10059-3 0  9998
2 33813  74.0477 189.2942 0094825 188.9843 328.0680 14.73092206535197
0 COSMOS 2251 DEB
1 33813U 93036BE  19045.44479302 +.00000647 +00000-0 +98855-4 0  9997
2 33813 074.0478 188.1413 0094803 187.6893 228.0409 14.73092965535219
0 COSMOS 2251 DEB
1 33813U 93036BE  19045.87164998  .00000661  00000-0  10101-3 0  9999
2 33813  74.0479 187.3102 0094779 186.7565 331.7118 14.73093649535347
0 COSMOS 2251 DEB
1 33813U 93036BE  19046.82098434 +.00000607 +00000-0 +93086-4 0  9990
2 33813 074.0480 185.4618 0094730 184.6707 326.1512 14.73094552535410
0 COSMOS 2251 DEB
1 33813U 93036BE  19047.14273314  .00000601  00000-0  92318-4 0  9999
2 33813  74.0480 184.8354 0094714 183.9650 232.4260 14.73094982535530
0 COSMOS 2251 DEB
1 33813U 93036BE  19047.83414024 +.00000579 +00000-0 +89104-4 0  9993
2 33813 074.0481 183.4892 0094680 182.4545 299.0400 14.73095749535562
0 COSMOS 2251 DEB
1 33813U 93036BE  19048.43302875  .00000577  00000-0  88839-4 0  9992
2 33813  74.0482 182.3231 0094650 181.1405 235.0248 14.73096542535726
0 COSMOS 2251 DEB
1 33813U 93036BE  19048.79053206 +.00000580 +00000-0 +89182-4 0  9998
2 33813 074.0482 181.6271 0094633 180.3593 330.9096 14.73096995535708
0 COSMOS 2251 DEB
1 33813U 93036BE  19049.45272294  .00000621  00000-0  95197-4 0  9991
2 33813  74.0482 180.3377 0094599 178.9063 242.5992 14.73098147535879
0 COSMOS 2251 DEB
1 33813U 93036BE  19049.80932375 +.00000609 +00000-0 +93454-4 0  9993
2 33813 074.0482 179.6434 0094581 178.1264 333.6999 14.73098504535854
0 COSMOS 2251 DEB
1 33813U 93036BE  19050.47362594  .00000617  00000-0  94612-4 0  9994
2 33813  74.0482 178.3500 0094548 176.6674 256.5894 14.73099402536020
0 COSMOS 2251 DEB
1 33813U 93036BE  19050.82899512 +.00000617 +00000-0 +94598-4 0  9991
2 33813 074.0483 177.6581 0094523 175.8907 341.1601 14.73099828536002
0 COSMOS 2251 DEB
1 33813U 93036BE  19051.50112792  .00000608  00000-0  93216-4 0  9991
2 33813  74.0483 176.3495 0094478 174.4172 305.5759 14.73100558536179
0 COSMOS 2251 DEB
1 33813U 93036BE  19051.77853705 +.00000604 +00000-0 +92633-4 0  9994
2 33813 074.0483 175.8094 0094463 173.8075 336.7181 14.73100842536145
0 COSMOS 2251 DEB
1 33813U 93036BE  19052.45066552 +.00000605 +00000-0 +92891-4 0  9993
2 33813 074.0483 174.5008 0094425 172.3285 301.1201 14.73101692536245
0 COSMOS 2251 DEB
1 33813U 93036BE  19052.79782487  .00000624  00000-0  95520-4 0  9995
2 33813  74.0484 173.8249 0094395 171.5695 342.1563 14.73102219536362
0 COSMOS 2251 DEB
1 33813U 93036BE  19053.39065524 +.00000596 +00000-0 +91531-4 0  9994
2 33813 074.0484 172.6706 0094363 170.2664 246.0287 14.73102782536386
0 COSMOS 2251 DEB
1 33813U 93036BE  19054.13949228  .00000606  00000-0  92979-4 0  9998
2 33813  74.0485 171.2127 0094311 168.6240 257.2286 14.73103750536562
0 COSMOS 2251 DEB
1 33813U 93036BE  19054.76698395 +.00000585 +00000-0 +89944-4 0  9997
2 33813 074.0485 169.9909 0094274 167.2398 344.9245 14.73104401536586
0 COSMOS 2251 DEB
1 33813U 93036BE  19055.43037778  .00000550  00000-0  84878-4 0  9997
2 33813  74.0486 168.6993 0094237 165.7805 263.0132 14.73105040536756
0 COSMOS 2251 DEB
1 33813U 93036BE  19055.70231663 +.00000545 +00000-0 +84180-4 0  9996
2 33813 074.0486 168.1699 0094214 165.1818 265.1515 14.73105319536721
0 COSMOS 2251 DEB
1 33813U 93036BE  19056.73737403  .00000527  00000-0  81501-4 0  9997
2 33813  74.0487 166.1546 0094149 162.9024 354.2413 14.73106430536948
0 COSMOS 2251 DEB
1 33813U 93036BE  19057.75036295  .00000541  00000-0  83614-4 0  9994
2 33813  74.0487 164.1823 0094083 160.6688 326.3053 14.73107691537099
0 COSMOS 2251 DEB
1 33813U 93036BE  19058.70008412 +.00000545 +00000-0 +84167-4 0  9998
2 33813 074.0487 162.3332 0094021 158.5770 322.8502 14.73108789537161
0 COSMOS 2251 DEB
1 33813U 93036BE  19059.36773035  .00000604  00000-0  92706-4 0  9995
2 33813  74.0487 161.0333 0093980 157.0998 263.5109 14.73109974537337
0 COSMOS 2251 DEB
1 33813U 93036BE  19059.72035639 +.00000584 +00000-0 +89783-4 0  9994
2 33813 074.0487 160.3468 0093953 156.3247 333.5510 14.73110208537311
0 COSMOS 2251 DEB
1 33813U 93036BE  19060.38803150  .00000611  00000-0  93754-4 0  9993
2 33813  74.0487 159.0468 0093912 154.8476 274.3675 14.73111216537480
0 COSMOS 2251 DEB
1 33813U 93036BE  19061.40831655  .00000567  00000-0  87321-4 0  9991
2 33813  74.0486 157.0603 0093841 152.5959 285.1425 14.73112173537633
0 COSMOS 2251 DEB
1 33813U 93036BE  19061.95960854 +.00000552 +00000-0 +85232-4 0  9998
2 33813 074.0486 155.9869 0093807 151.3693 328.7658 14.73112751537643
0 COSMOS 2251 DEB
1 33813U 93036BE  19062.43548714  .00000566  00000-0  87170-4 0  9997
2 33813  74.0486 155.0604 0093776 150.3207 332.4470 14.73113459537781
0 COSMOS 2251 DEB
1 33813U 93036BE  19062.70707480 +.00000568 +00000-0 +87551-4 0  9999
2 33813 074.0485 154.5314 0093762 149.7210 332.7324 14.73113762537758
0 COSMOS 2251 DEB
1 33813U 93036BE  19063.65758454  .00000547  00000-0  84419-4 0  9998
2 33813  74.0484 152.6807 0093703 147.6201 333.4886 14.73114845537962
0 COSMOS 2251 DEB
1 33813U 93036BE  19064.67603396  .00000535  00000-0  82727-4 0  9992
2 33813  74.0483 150.6977 0093640 145.3607 334.5567 14.73116103538117
0 COSMOS 2251 DEB
1 33813U 93036BE  19065.34754932 +.00000536 +00000-0 +82805-4 0  9998
2 33813 074.0483 149.3902 0093594 143.8733 295.7555 14.73117020538148
0 COSMOS 2251 DEB
1 33813U 93036BE  19066.29609663  .00000520  00000-0  80576-4 0  9999
2 33813  74.0482 147.5433 0093531 141.7709 286.1209 14.73118083538350
0 COSMOS 2251 DEB
1 33813U 93036BE  19066.56724715 +.00000521 +00000-0 +80735-4 0  9993
2 33813 074.0482 147.0154 0093510 141.1731 284.0923 14.73118382538320
0 COSMOS 2251 DEB
1 33813U 93036BE  19067.32363668  .00000520  00000-0  80491-4 0  9992
2 33813  74.0481 145.5427 0093463 139.4880 335.4134 14.73119313538507
0 COSMOS 2251 DEB
1 33813U 93036BE  19067.67019407 +.00000501 +00000-0 +77852-4 0  9995
2 33813 074.0481 144.8678 0093436 138.7220 013.2872 14.73119573538482
0 COSMOS 2251 DEB
1 33813U 93036BE  19068.34305299  .00000501  00000-0  77753-4 0  9997
2 33813  74.0480 143.5577 0093394 137.2302 341.6200 14.73120360538651
0 COSMOS 2251 DEB
1 33813U 93036BE  19069.36342000  .00000517  00000-0  80053-4 0  9995
2 33813  74.0480 141.5710 0093335 134.9610 352.8820 14.73121557538807
0 COSMOS 2251 DEB
1 33813U 93036BE  19069.90454000 +.00000515 +00000-0 +79850-4 0  9990
2 33813 074.0479 140.5173 0093299 133.7539 342.5826 14.73122161538818
0 COSMOS 2251 DEB
1 33813U 93036BE  19070.38157168  .00000449  00000-0  70306-4 0  9992
2 33813  74.0479 139.5886 0093276 132.6933 352.4031 14.73122327538955
0 COSMOS 2251 DEB
1 33813U 93036BE  19071.60864473  .00000424  00000-0  66599-4 0  9994
2 33813  74.0478 137.1993 0093201 129.9603  19.8920 14.73123431539137
0 COSMOS 2251 DEB
1 33813U 93036BE  19072.62762067  .00000448  00000-0  70120-4 0  9994
2 33813  74.0476 135.2151 0093148 127.6894  23.7936 14.73124605539288
0 COSMOS 2251 DEB
1 33813U 93036BE  19073.57303810 +.00000433 +00000-0 +67917-4 0  9990
2 33813 074.0475 133.3742 0093097 125.5819 357.5978 14.73125439539357
0 COSMOS 2251 DEB
1 33813U 93036BE  19074.24023660  .00000459  00000-0  71751-4 0  9996
2 33813  74.0474 132.0749 0093065 124.0918 295.9373 14.73126268539522
0 COSMOS 2251 DEB
1 33813U 93036BE  19074.59671712 +.00000452 +00000-0 +70637-4 0  9996
2 33813 074.0473 131.3808 0093047 123.2960 026.4524 14.73126523539504
0 COSMOS 2251 DEB
1 33813U 93036BE  19075.54349081  .00000443  00000-0  69449-4 0  9992
2 33813  74.0471 129.5371 0092994 121.1842   7.4568 14.73127359539710
0 COSMOS 2251 DEB
1 33813U 93036BE  19075.61074083 +.00000445 +00000-0 +69639-4 0  9990
2 33813 074.0471 129.4061 0092997 121.0343 004.1026 14.73127436539655
0 COSMOS 2251 DEB
1 33813U 93036BE  19076.56615448  .00000508  00000-0  78882-4 0  9991
2 33813  74.0469 127.5457 0092955 118.8956  30.9410 14.73128823539866
0 COSMOS 2251 DEB
1 33813U 93036BE  19077.58485694  .00000529  00000-0  81810-4 0  9990
2 33813  74.0468 125.5620 0092910 116.6168  33.4202 14.73130036540012
0 COSMOS 2251 DEB
1 33813U 93036BE  19077.58485694 +.00000529 +00000-0 +81810-4 0  9990
2 33813 074.0468 125.5620 0092910 116.6168 033.4202 14.73130036539942
0 COSMOS 2251 DEB
1 33813U 93036BE  19077.90709177 +.00000530 +00000-0 +81988-4 0  9999
2 33813 074.0468 124.9345 0092895 115.8958 302.3276 14.73130417539996
0 COSMOS 2251 DEB
1 33813U 93036BE  19078.10553872 +.00000528 +00000-0 +81753-4 0  9998
2 33813 074.0468 124.5480 0092889 115.4527 274.7502 14.73130647540028
0 COSMOS 2251 DEB
1 33813U 93036BE  19079.55418424  .00000515  00000-0  79879-4 0  9993
2 33813  74.0467 121.7270 0092828 112.2085  37.3572 14.73132143540304
0 COSMOS 2251 DEB
1 33813U 93036BE  19080.89591354 +.00000505 +00000-0 +78350-4 0  9998
2 33813 074.0466 119.1141 0092777 109.2043 312.9619 14.73133584540432
0 COSMOS 2251 DEB
1 33813U 93036BE  19081.23807536  .00000525  00000-0  81240-4 0  9993
2 33813  74.0466 118.4478 0092762 108.4376 327.5532 14.73134065540555
0 COSMOS 2251 DEB
1 33813U 93036BE  19081.79009435 +.00000523 +00000-0 +81004-4 0  9992
2 33813 074.0465 117.3728 0092746 107.1978 015.0871 14.73134658540560
0 COSMOS 2251 DEB
1 33813U 93036BE  19082.53714728 +.00000472 +00000-0 +73573-4 0  9998
2 33813 074.0465 115.9181 0092725 105.5234 016.9467 14.73135188540741
0 COSMOS 2251 DEB
1 33813U 93036BE  19083.48754495 +.00000464 +00000-0 +72510-4 0  9999
2 33813 074.0464 114.0673 0092701 103.3933 017.2106 14.73136126540817
0 COSMOS 2251 DEB
1 33813U 93036BE  19084.15630687  .00000459  00000-0  71718-4 0  9993
2 33813  74.0463 112.7649 0092691 101.8943 323.8715 14.73136757540986
0 COSMOS 2251 DEB
1 33813U 93036BE  19084.51190927 +.00000461 +00000-0 +72030-4 0  9992
2 33813 074.0463 112.0724 0092683 101.0960 049.7476 14.73137064540963
0 COSMOS 2251 DEB
1 33813U 93036BE  19085.52475049  .00000522  00000-0  80848-4 0  9999
2 33813  74.0462 110.0999 0092655  98.8205  21.1822 14.73138393541188
0 COSMOS 2251 DEB
1 33813U 93036BE  19086.48114837 +.00000530 +00000-0 +82053-4 0  9999
2 33813 074.0462 108.2374 0092639 096.6731 053.2801 14.73139319541256
0 COSMOS 2251 DEB
1 33813U 93036BE  19087.14363248  .00000527  00000-0  81553-4 0  9995
2 33813  74.0461 106.9472 0092633  95.1850 326.6584 14.73139979541425
0 COSMOS 2251 DEB
1 33813U 93036BE  19087.49513102 +.00000525 +00000-0 +81210-4 0  9997
2 33813 074.0461 106.2626 0092634 094.3967 030.7734 14.73140275541409
0 COSMOS 2251 DEB
1 33813U 93036BE  19088.16442698  .00000540  00000-0  83401-4 0  9994
2 33813  74.0461 104.9592 0092620  92.8917 340.2822 14.73141113541576
0 COSMOS 2251 DEB
1 33813U 93036BE  19088.51363413 +.00000540 +00000-0 +83463-4 0  9998
2 33813 074.0461 104.2791 0092616 092.1097 032.2456 14.73141433541551
0 COSMOS 2251 DEB
1 33813U 93036BE  19089.46906391  .00000537  00000-0  82987-4 0  9997
2 33813  74.0461 102.4184 0092612  89.9651  59.2201 14.73142371541765
0 COSMOS 2251 DEB
1 33813U 93036BE  19090.48825389  .00000539  00000-0  83264-4 0  9999
2 33813  74.0460 100.4335 0092611  87.6730  64.3456 14.73143471541910
0 COSMOS 2251 DEB
1 33813U 93036BE  19091.43385834 +.00000556 +00000-0 +85808-4 0  9996
2 33813 074.0460 098.5919 0092613 085.5607 039.2112 14.73144624541985
0 COSMOS 2251 DEB
1 33813U 93036BE  19092.10269338  .00000564  00000-0  86904-4 0  9998
2 33813  74.0460  97.2893 0092615  84.0570 346.2858 14.73145478542153
0 COSMOS 2251 DEB
1 33813U 93036BE  19092.45723900 +.00000565 +00000-0 +87021-4 0  9998
2 33813 074.0460 096.5988 0092620 083.2549 066.5746 14.73145835542204
0 COSMOS 2251 DEB
1 33813U 93036BE  19093.47675576  .00000594  00000-0  91241-4 0  9997
2 33813  74.0461  94.6133 0092632  80.9632  73.4462 14.73147247542353
0 COSMOS 2251 DEB
1 33813U 93036BE  19094.42649991 +.00000615 +00000-0 +94287-4 0  9992
2 33813 074.0462 092.7637 0092651 078.8308 070.2890 14.73148481542428
0 COSMOS 2251 DEB
1 33813U 93036BE  19095.44562657  .00000634  00000-0  97004-4 0  9999
2 33813  74.0463  90.7790 0092672  76.5450  75.0958 14.73149874542642
0 COSMOS 2251 DEB
1 33813U 93036BE  19095.96632535 +.00000657 +00000-0 +10036-3 0  9993
2 33813 074.0463 089.7649 0092685 075.3823 316.5523 14.73150751542656
0 COSMOS 2251 DEB
1 33813U 93036BE  19096.39196073 +.00000671 +00000-0 +10236-3 0  9991
2 33813 074.0464 088.9360 0092678 074.4295 053.8556 14.73151367542711
0 COSMOS 2251 DEB
1 33813U 93036BE  19097.05863302  .00000663  00000-0  10123-3 0  9997
2 33813  74.0465  87.6376 0092693  72.9376 349.4690 14.73152247542884
0 COSMOS 2251 DEB
1 33813U 93036BE  19098.07824243  .00000679  00000-0  10362-3 0  9993
2 33813  74.0466  85.6519 0092721  70.6502 356.8512 14.73153800543039
0 COSMOS 2251 DEB
1 33813U 93036BE  19098.42811042 +.00000683 +00000-0 +10419-3 0  9993
2 33813 074.0466 084.9705 0092729 069.8674 052.3353 14.73154313543015
0 COSMOS 2251 DEB
1 33813U 93036BE  19099.38392784  .00000761  00000-0  11537-3 0  9995
2 33813  74.0466  83.1090 0092754  67.7265  81.4084 14.73156171543225
0 COSMOS 2251 DEB
1 33813U 93036BE  19100.40441222  .00000834  00000-0  12599-3 0  9993
2 33813  74.0467  81.1216 0092786  65.4468  93.4366 14.73158228543376
0 COSMOS 2251 DEB
1 33813U 93036BE  19101.94868668 +.00000927 +00000-0 +13950-3 0  9995
2 33813 074.0470 078.1142 0092836 061.9968 003.3430 14.73161477543536
0 COSMOS 2251 DEB
1 33813U 93036BE  19102.01535174  .00000926  00000-0  13934-3 0  9998
2 33813  74.0470  77.9844 0092836  61.8486 356.8943 14.73161595543611
0 COSMOS 2251 DEB
1 33813U 93036BE  19102.96523479 +.00000938 +00000-0 +14108-3 0  9994
2 33813 074.0471 076.1345 0092872 059.7293 354.5104 14.73163422543683
0 COSMOS 2251 DEB
1 33813U 93036BE  19103.11436588  .00000940  00000-0  14136-3 0  9990
2 33813  74.0473  75.8442 0092877  59.4008  65.4099 14.73163724543771
0 COSMOS 2251 DEB
1 33813U 93036BE  19103.71395684 +.00000931 +00000-0 +14001-3 0  9998
2 33813 074.0474 074.6766 0092891 058.0612 005.2905 14.73164825543793
0 COSMOS 2251 DEB
1 33813U 93036BE  19104.33481072  .00000848  00000-0  12792-3 0  9996
2 33813  74.0475  73.4675 0092920  56.6750  57.9380 14.73165527543959
0 COSMOS 2251 DEB
1 33813U 93036BE  19104.93552140 +.00000861 +00000-0 +12985-3 0  9996
2 33813 074.0476 072.2977 0092947 055.3369 003.7578 14.73166767543970
0 COSMOS 2251 DEB
1 33813U 93036BE  19105.35422218  .00000843  00000-0  12726-3 0  9998
2 33813  74.0477  71.4823 0092959  54.4017  64.3063 14.73167426544106
0 COSMOS 2251 DEB
1 33813U 93036BE  19105.95332101 +.00000809 +00000-0 +12235-3 0  9992
2 33813 074.0477 070.3157 0092985 053.0701 001.5788 14.73168414544125
0 COSMOS 2251 DEB
1 33813U 93036BE  19106.97274720 +.00000742 +00000-0 +11259-3 0  9998
2 33813 074.0479 068.3305 0093033 050.7997 008.0315 14.73169845544278
0 COSMOS 2251 DEB
1 33813U 93036BE  19107.92338699 +.00000753 +00000-0 +11428-3 0  9990
2 33813 074.0481 066.4793 0093071 048.6816 009.6874 14.73171546544413
0 COSMOS 2251 DEB
1 33813U 93036BE  19108.34349759 +.00000747 +00000-0 +11333-3 0  9994
2 33813 074.0482 065.6613 0093087 047.7428 077.7202 14.73172167544479
0 COSMOS 2251 DEB
1 33813U 93036BE  19109.01230352  .00000728  00000-0  11062-3 0  9995
2 33813  74.0483  64.3588 0093115  46.2561  24.6897 14.73173183544640
0 COSMOS 2251 DEB
1 33813U 93036BE  19109.96116826 +.00000710 +00000-0 +10797-3 0  9993
2 33813 074.0484 062.5110 0093169 044.1529 016.9301 14.73174514544713
0 COSMOS 2251 DEB
1 33813U 93036BE  19110.24333885  .00000720  00000-0  10940-3 0  9993
2 33813  74.0485  61.9615 0093182  43.5245  73.4067 14.73174969544823
0 COSMOS 2251 DEB
1 33813U 93036BE  19110.91063066 +.00000706 +00000-0 +10738-3 0  9997
2 33813 074.0485 060.6620 0093216 042.0451 012.3485 14.73175938544852
0 COSMOS 2251 DEB
1 33813U 93036BE  19111.33737350  .00000709  00000-0  10780-3 0  9998
2 33813  74.0486  59.8310 0093234  41.0933 115.5600 14.73176552544985
0 COSMOS 2251 DEB
1 33813U 93036BE  19111.93019635 +.00000684 +00000-0 +10415-3 0  9990
2 33813 074.0487 058.6766 0093270 039.7830 019.5584 14.73177256545008
0 COSMOS 2251 DEB
1 33813U 93036BE  19112.88056888  .00000688  00000-0  10476-3 0  9997
2 33813  74.0488  56.8259 0093320  37.6792  19.8064 14.73178621545212
0 COSMOS 2251 DEB
1 33813U 93036BE  19112.94990769 +.00000683 +00000-0 +10409-3 0  9990
2 33813 074.0488 056.6909 0093321 037.5248 027.5419 14.73178682545158
0 COSMOS 2251 DEB
1 33813U 93036BE  19113.30582744 +.00000686 +00000-0 +10450-3 0  9990
2 33813 074.0489 055.9978 0093338 036.7298 115.1503 14.73179141545206
0 COSMOS 2251 DEB
1 33813U 93036BE  19113.89868388  .00000678  00000-0  10330-3 0  9993
2 33813  74.0490  54.8433 0093365  35.4186  19.3343 14.73179967545364
0 COSMOS 2251 DEB
1 33813U 93036BE  19114.24981554 +.00000737 +00000-0 +11181-3 0  9995
2 33813 074.0491 054.1596 0093383 034.6396 081.5468 14.73180782545346
0 COSMOS 2251 DEB
1 33813U 93036BE  19115.20029201  .00000708  00000-0  10769-3 0  9993
2 33813  74.0492  52.3088 0093436  32.5388  82.3541 14.73181950545552
0 COSMOS 2251 DEB
1 33813U 93036BE  19115.27504984 +.00000713 +00000-0 +10841-3 0  9993
2 33813 074.0492 052.1632 0093442 032.3726 118.8296 14.73182073545498
0 COSMOS 2251 DEB
1 33813U 93036BE  19115.93828620 +.00000692 +00000-0 +10536-3 0  9999
2 33813 074.0493 050.8717 0093474 030.9064 036.2763 14.73182960545590
0 COSMOS 2251 DEB
1 33813U 93036BE  19116.21869635  .00000651  00000-0  99466-4 0  9997
2 33813  74.0493  50.3257 0093491  30.2828  83.4232 14.73183074545709
0 COSMOS 2251 DEB
1 33813U 93036BE  19116.88744677 +.00000644 +00000-0 +98421-4 0  9990
2 33813 074.0494 049.0234 0093525 028.8051 030.1156 14.73184021545739
0 COSMOS 2251 DEB
1 33813U 93036BE  19117.24404650  .00000629  00000-0  96230-4 0  9994
2 33813  74.0494  48.3290 0093542  28.0119 121.3337 14.73184357545858
0 COSMOS 2251 DEB
1 33813U 93036BE  19117.90686197 +.00000612 +00000-0 +93764-4 0  9996
2 33813 074.0494 047.0384 0093574 026.5503 036.5503 14.73185224545882
0 COSMOS 2251 DEB
1 33813U 93036BE  19118.26411670  .00000614  00000-0  94054-4 0  9993
2 33813  74.0495  46.3427 0093592  25.7583 131.2419 14.73185700546005
0 COSMOS 2251 DEB
1 33813U 93036BE  19118.93574560 +.00000603 +00000-0 +92478-4 0  9991
2 33813 074.0495 045.0349 0093626 024.2748 093.2061 14.73186598546038
0 COSMOS 2251 DEB
1 33813U 93036BE  19119.28302781  .00000609  00000-0  93315-4 0  9991
2 33813  74.0496  44.3587 0093647  23.5066 135.0087 14.73187073546158
0 COSMOS 2251 DEB
1 33813U 93036BE  19119.87634587 +.00000591 +00000-0 +90740-4 0  9997
2 33813 074.0496 043.2033 0093677 022.1983 041.6537 14.73187772546178
0 COSMOS 2251 DEB
1 33813U 93036BE  19120.89524221  .00000572  00000-0  87945-4 0  9996
2 33813  74.0497  41.2193 0093727  19.9528  45.3430 14.73188997546396
0 COSMOS 2251 DEB
1 33813U 93036BE  19121.91644149 +.00000591 +00000-0 +90800-4 0  9997
2 33813 074.0497 039.2308 0093772 017.7036 061.2493 14.73190405546473
0 COSMOS 2251 DEB
1 33813U 93036BE  19122.20138300  .00000591  00000-0  90777-4 0  9990
2 33813  74.0497  38.6759 0093786  17.0739 132.4325 14.73190731546583
0 COSMOS 2251 DEB
1 33813U 93036BE  19122.86460984 +.00000615 +00000-0 +94173-4 0  9999
2 33813 074.0497 037.3844 0093815 015.6169 049.8411 14.73191783546617
0 COSMOS 2251 DEB
1 33813U 93036BE  19123.21482906  .00000596  00000-0  91472-4 0  9994
2 33813  74.0497  36.7024 0093835  14.8420 107.2260 14.73192074546731
0 COSMOS 2251 DEB
1 33813U 93036BE  19123.54278970 +.00000605 +00000-0 +92697-4 0  9995
2 33813 074.0497 036.0638 0093848 014.1182 046.5626 14.73192581546719
0 COSMOS 2251 DEB
1 33813U 93036BE  19123.89300193 +.00000592 +00000-0 +90906-4 0  9992
2 33813 074.0498 035.3818 0093862 013.3465 103.9092 14.73192984546760
0 COSMOS 2251 DEB
1 33813U 93036BE  19124.56157378 +.00000611 +00000-0 +93576-4 0  9990
2 33813 074.0498 034.0799 0093896 011.8732 049.6743 14.73193950546865
0 COSMOS 2251 DEB
1 33813U 93036BE  19124.83264704  .00000609  00000-0  93364-4 0  9994
2 33813  74.0497  33.5520 0093905  11.2782  47.3075 14.73194327546974
0 COSMOS 2251 DEB
1 33813U 93036BE  19124.91194549 +.00000637 +00000-0 +97338-4 0  9998
2 33813 074.0498 033.3976 0093908 011.1044 107.8659 14.73194601546910
0 COSMOS 2251 DEB
1 33813U 93036BE  19125.85256029  .00000576  00000-0  88515-4 0  9993
2 33813  74.0498  31.5659 0093959   9.0312  56.4142 14.73195557547129
0 COSMOS 2251 DEB
1 33813U 93036BE  19125.93154552 +.00000579 +00000-0 +88991-4 0  9991
2 33813 074.0498 031.4121 0093961 008.8559 115.3138 14.73195684547069
0 COSMOS 2251 DEB
1 33813U 93036BE  19126.80363214 +.00000564 +00000-0 +86886-4 0  9990
2 33813 074.0498 029.7139 0094000 006.9401 060.4211 14.73196825547192
0 COSMOS 2251 DEB
1 33813U 93036BE  19127.15367685  .00000585  00000-0  89925-4 0  9995
2 33813  74.0498  29.0322 0094017   6.1691 116.8849 14.73197410547318
0 COSMOS 2251 DEB
1 33813U 93036BE  19127.82130826 +.00000566 +00000-0 +87100-4 0  9996
2 33813 074.0497 027.7321 0094042 004.7048 057.6664 14.73198247547348
0 COSMOS 2251 DEB
1 33813U 93036BE  19128.49989186  .00000539  00000-0  83224-4 0  9994
2 33813  74.0497  26.4107 0094068   3.2096  56.5421 14.73199049547510
0 COSMOS 2251 DEB
1 33813U 93036BE  19129.19854400 +.00000521 +00000-0 +80552-4 0  9994
2 33813 074.0497 025.0502 0094096 001.6748 161.8488 14.73199898547549
