0 COSMOS 2251 DEB
1 34122U 93036KT  09110.80566281  .00000295  00000-0  10454-3 0  9993
2 34122 074.0442 250.7195 0129521 224.7594 134.3058 14.34361754  9749
0 COSMOS 2251 DEB
1 34122U 93036KT  09111.78210600 +.00000297 +00000-0 +10525-3 0  9993
2 34122 074.0444 248.9325 0129526 222.7452 136.3573 14.34362439009881
0 COSMOS 2251 DEB
1 34122U 93036KT  09111.85185191  .00000297  00000-0  10519-3 0  9990
2 34122 074.0443 248.8048 0129523 222.6042 136.5008 14.34362478  9891
0 COSMOS 2251 DEB
1 34122U 93036KT  09112.82829508 +.00000298 +00000-0 +10548-3 0  9998
2 34122 074.0443 247.0179 0129543 220.5772 138.5673 14.34363134010034
0 COSMOS 2251 DEB
1 34122U 93036KT  09113.38626251  .00000297  00000-0  10530-3 0  9990
2 34122 074.0446 245.9967 0129541 219.4239 139.7434 14.34363499 10113
0 COSMOS 2251 DEB
1 34122U 93036KT  09113.80473807 +.00000300 +00000-0 +10630-3 0  9990
2 34122 074.0445 245.2309 0129546 218.5701 140.6153 14.34363827010174
0 COSMOS 2251 DEB
1 34122U 93036KT  09114.78118053  .00000303  00000-0  10720-3 0  9990
2 34122 074.0448 243.4439 0129529 216.5616 142.6644 14.34364533 10313
0 COSMOS 2251 DEB
1 34122U 93036KT  09115.75762297 +.00000304 +00000-0 +10755-3 0  9992
2 34122 074.0449 241.6567 0129504 214.5576 144.7105 14.34365192010454
0 COSMOS 2251 DEB
1 34122U 93036KT  09116.31559013  .00000305  00000-0  10787-3 0  9991
2 34122 074.0450 240.6357 0129502 213.4003 145.8936 14.34365583 10530
0 COSMOS 2251 DEB
1 34122U 93036KT  09116.73406533 +.00000305 +00000-0 +10787-3 0  9995
2 34122 074.0451 239.8701 0129531 212.5234 146.7891 14.34365859010594
0 COSMOS 2251 DEB
1 34122U 93036KT  09117.78025342  .00000301  00000-0  10633-3 0  9992
2 34122 074.0453 237.9557 0129543 210.3564 149.0031 14.34366445 10740
0 COSMOS 2251 DEB
1 34122U 93036KT  09118.75669565 +.00000293 +00000-0 +10385-3 0  9995
2 34122 074.0457 236.1689 0129515 208.3416 151.0629 14.34366933010886
0 COSMOS 2251 DEB
1 34122U 93036KT  09119.38440864  .00000290  00000-0  10299-3 0  9995
2 34122 074.0457 235.0200 0129520 207.0373 152.3988 14.34367287 10972
0 COSMOS 2251 DEB
1 34122U 93036KT  09119.80288385 +.00000285 +00000-0 +10128-3 0  9995
2 34122 074.0456 234.2541 0129509 206.1820 153.2731 14.34367423011030
0 COSMOS 2251 DEB
1 34122U 93036KT  09120.36085079 +.00000283 +00000-0 +10066-3 0  9992
2 34122 074.0457 233.2331 0129517 205.0246 154.4590 14.34367743011116
0 COSMOS 2251 DEB
1 34122U 93036KT  09121.47678401  .00000278  00000-0  98918-4 0  9999
2 34122 074.0457 231.1911 0129563 202.6969 156.8412 14.34368319 11279
0 COSMOS 2251 DEB
1 34122U 93036KT  09121.75576749 +.00000276 +00000-0 +98360-4 0  9991
2 34122 074.0456 230.6805 0129551 202.1285 157.4241 14.34368446011310
0 COSMOS 2251 DEB
1 34122U 93036KT  09122.73220894  .00000269  00000-0  96174-4 0  9990
2 34122 074.0459 228.8938 0129554 200.1091 159.4925 14.34368919 11456
0 COSMOS 2251 DEB
1 34122U 93036KT  09123.70865038 +.00000259 +00000-0 +92808-4 0  9992
2 34122 074.0456 227.1062 0129547 198.1064 161.5447 14.34369284011595
0 COSMOS 2251 DEB
1 34122U 93036KT  09124.33636239  .00000256  00000-0  91923-4 0  9995
2 34122 074.0459 225.9575 0129602 196.7880 162.8954 14.34369600 11684
0 COSMOS 2251 DEB
1 34122U 93036KT  09124.68509147 +.00000255 +00000-0 +91614-4 0  9996
2 34122 074.0458 225.3193 0129581 196.0723 163.6299 14.34369775011738
0 COSMOS 2251 DEB
1 34122U 93036KT  09125.73127809  .00000251  00000-0  90182-4 0  9999
2 34122 074.0458 223.4048 0129605 193.9070 165.8502 14.34370275 11888
0 COSMOS 2251 DEB
1 34122U 93036KT  09126.70771858 +.00000247 +00000-0 +88991-4 0  9996
2 34122 074.0460 221.6181 0129629 191.8765 167.9321 14.34370759012029
0 COSMOS 2251 DEB
1 34122U 93036KT  09127.26568448  .00000244  00000-0  87753-4 0  9999
2 34122 074.0463 220.5970 0129655 190.7185 169.1198 14.34371013 12108
0 COSMOS 2251 DEB
1 34122U 93036KT  09127.68415887 +.00000242 +00000-0 +87294-4 0  9991
2 34122 074.0463 219.8313 0129597 189.8652 169.9951 14.34371215012168
0 COSMOS 2251 DEB
1 34122U 93036KT  09128.31187024  .00000243  00000-0  87579-4 0  9998
2 34122 074.0464 218.6825 0129572 188.5734 171.3206 14.34371580 12259
0 COSMOS 2251 DEB
1 34122U 93036KT  09128.73034445 +.00000239 +00000-0 +86269-4 0  9992
2 34122 074.0462 217.9165 0129499 187.7285 172.1864 14.34371713012310
0 COSMOS 2251 DEB
1 34122U 93036KT  09129.63703871  .00000238  00000-0  86008-4 0  9998
2 34122 074.0462 216.2573 0129513 185.8395 174.1255 14.34372172 12443
0 COSMOS 2251 DEB
1 34122U 93036KT  09129.70678443 +.00000237 +00000-0 +85613-4 0  9992
2 34122 074.0462 216.1296 0129493 185.7049 174.2637 14.34372184012455
0 COSMOS 2251 DEB
1 34122U 93036KT  09130.68322385  .00000236  00000-0  85260-4 0  9999
2 34122 074.0464 214.3429 0129513 183.6754 176.3460 14.34372684 12595
0 COSMOS 2251 DEB
1 34122U 93036KT  09131.72940844  .00000236  00000-0  85362-4 0  9994
2 34122 074.0466 212.4285 0129529 181.5132 178.5653 14.34373260 12746
0 COSMOS 2251 DEB
1 34122U 93036KT  09132.70584660 +.00000240 +00000-0 +86497-4 0  9998
2 34122 074.0466 210.6412 0129418 179.5161 180.6142 14.34373870012883
0 COSMOS 2251 DEB
1 34122U 93036KT  09133.19406576  .00000241  00000-0  86819-4 0  9990
2 34122 074.0467 209.7479 0129402 178.5085 181.6486 14.34374156 12951
0 COSMOS 2251 DEB
1 34122U 93036KT  09133.68228476 +.00000240 +00000-0 +86665-4 0  9993
2 34122 074.0464 208.8542 0129402 177.4964 182.6866 14.34374393013028
0 COSMOS 2251 DEB
1 34122U 93036KT  09134.24024931  .00000241  00000-0  86723-4 0  9992
2 34122 074.0464 207.8333 0129406 176.3413 183.8721 14.34374699 13107
0 COSMOS 2251 DEB
1 34122U 93036KT  09134.65872260 +.00000240 +00000-0 +86640-4 0  9990
2 34122 074.0464 207.0675 0129412 175.4753 184.7605 14.34374914013169
0 COSMOS 2251 DEB
1 34122U 93036KT  09135.35617785  .00000241  00000-0  86852-4 0  9993
2 34122 074.0467 205.7914 0129398 174.0371 186.2362 14.34375324 13261
0 COSMOS 2251 DEB
1 34122U 93036KT  09135.63515989 +.00000242 +00000-0 +87217-4 0  9994
2 34122 074.0467 205.2809 0129411 173.4566 186.8320 14.34375497013300
0 COSMOS 2251 DEB
1 34122U 93036KT  09136.40236019  .00000244  00000-0  87804-4 0  9998
2 34122 074.0468 203.8771 0129380 171.8787 188.4505 14.34375960 13415
0 COSMOS 2251 DEB
1 34122U 93036KT  09136.68134210 +.00000248 +00000-0 +88965-4 0  9991
2 34122 074.0467 203.3665 0129397 171.2922 189.0533 14.34376189013450
0 COSMOS 2251 DEB
1 34122U 93036KT  09137.65777827  .00000251  00000-0  89918-4 0  9999
2 34122 074.0466 201.5796 0129362 169.2711 191.1258 14.34376787 13596
0 COSMOS 2251 DEB
1 34122U 93036KT  09138.63421402 +.00000253 +00000-0 +90792-4 0  9997
2 34122 074.0465 199.7928 0129371 167.2473 193.2008 14.34377379013733
0 COSMOS 2251 DEB
1 34122U 93036KT  09139.19217719  .00000256  00000-0  91610-4 0  9996
2 34122 074.0466 198.7718 0129361 166.0940 194.3840 14.34377746 13818
0 COSMOS 2251 DEB
1 34122U 93036KT  09139.68039464 +.00000259 +00000-0 +92483-4 0  9991
2 34122 074.0467 197.8786 0129354 165.0834 195.4198 14.34378079013882
0 COSMOS 2251 DEB
1 34122U 93036KT  09140.23835718  .00000264  00000-0  94258-4 0  9998
2 34122 074.0468 196.8575 0129313 163.9280 196.6038 14.34378504 13963
0 COSMOS 2251 DEB
1 34122U 93036KT  09140.65682919 +.00000265 +00000-0 +94553-4 0  9996
2 34122 074.0469 196.0919 0129325 163.0609 197.4927 14.34378768014023
0 COSMOS 2251 DEB
1 34122U 93036KT  09141.35428200  .00000268  00000-0  95389-4 0  9996
2 34122 074.0468 194.8156 0129305 161.6216 198.9671 14.34379232 14127
0 COSMOS 2251 DEB
1 34122U 93036KT  09141.63326325 +.00000268 +00000-0 +95543-4 0  9994
2 34122 074.0467 194.3050 0129264 161.0459 199.5570 14.34379394014169
0 COSMOS 2251 DEB
1 34122U 93036KT  09142.60969704  .00000268  00000-0  95344-4 0  9995
2 34122 074.0465 192.5181 0129233 159.0271 201.6246 14.34379941 14306
0 COSMOS 2251 DEB
1 34122U 93036KT  09143.58613061 +.00000265 +00000-0 +94530-4 0  9998
2 34122 074.0465 190.7314 0129232 157.0064 203.6943 14.34380446014444
0 COSMOS 2251 DEB
1 34122U 93036KT  09144.14409237  .00000263  00000-0  93956-4 0  9998
2 34122 074.0467 189.7104 0129230 155.8504 204.8780 14.34380748 14520
0 COSMOS 2251 DEB
1 34122U 93036KT  09144.63230890 +.00000264 +00000-0 +94074-4 0  9992
2 34122 074.0462 188.8167 0129193 154.8463 205.9066 14.34381008014591
0 COSMOS 2251 DEB
1 34122U 93036KT  09145.32976030  .00000263  00000-0  93873-4 0  9997
2 34122 074.0462 187.5403 0129184 153.4056 207.3799 14.34381408 14697
0 COSMOS 2251 DEB
1 34122U 93036KT  09145.60874096 +.00000263 +00000-0 +93832-4 0  9992
2 34122 074.0459 187.0295 0129120 152.8293 207.9693 14.34381548014732
0 COSMOS 2251 DEB
1 34122U 93036KT  09146.58517266  .00000262  00000-0  93391-4 0  9992
2 34122 074.0456 185.2422 0129084 150.8128 210.0316 14.34382070 14878
0 COSMOS 2251 DEB
1 34122U 93036KT  09147.56160401 +.00000259 +00000-0 +92477-4 0  9996
2 34122 074.0455 183.4553 0129081 148.7907 212.0991 14.34382567015019
0 COSMOS 2251 DEB
1 34122U 93036KT  09148.11956447  .00000256  00000-0  91428-4 0  9993
2 34122 074.0456 182.4343 0129140 147.6407 213.2747 14.34382836 15094
0 COSMOS 2251 DEB
1 34122U 93036KT  09148.53803489 +.00000254 +00000-0 +90747-4 0  9997
2 34122 074.0455 181.6685 0129139 146.7695 214.1653 14.34383025015154
0 COSMOS 2251 DEB
1 34122U 93036KT  09149.16573994  .00000251  00000-0  89885-4 0  9990
2 34122 074.0456 180.5197 0129148 145.4769 215.4856 14.34383350 15249
0 COSMOS 2251 DEB
1 34122U 93036KT  09149.58420993 +.00000252 +00000-0 +90174-4 0  9990
2 34122 074.0455 179.7538 0129162 144.6131 216.3683 14.34383592015300
0 COSMOS 2251 DEB
1 34122U 93036KT  09150.28165945  .00000253  00000-0  90459-4 0  9999
2 34122 074.0455 178.4775 0129161 143.1734 217.8379 14.34384007 15402
0 COSMOS 2251 DEB
1 34122U 93036KT  09150.56063922 +.00000252 +00000-0 +90121-4 0  9997
2 34122 074.0453 177.9668 0129129 142.5944 218.4282 14.34384132015448
0 COSMOS 2251 DEB
1 34122U 93036KT  09151.53706828  .00000249  00000-0  89222-4 0  9990
2 34122 074.0453 176.1799 0129121 140.5737 220.4897 14.34384610 15585
0 COSMOS 2251 DEB
1 34122U 93036KT  09152.51349681 +.00000247 +00000-0 +88454-4 0  9993
2 34122 074.0452 174.3931 0129131 138.5491 222.5545 14.34385097015726
0 COSMOS 2251 DEB
1 34122U 93036KT  09153.07145563  .00000244  00000-0  87685-4 0  9990
2 34122 074.0453 173.3720 0129150 137.3995 223.7264 14.34385370 15803
0 COSMOS 2251 DEB
1 34122U 93036KT  09153.48992462 +.00000245 +00000-0 +87816-4 0  9990
2 34122 074.0453 172.6063 0129147 136.5306 224.6115 14.34385599015862
0 COSMOS 2251 DEB
1 34122U 93036KT  09154.11762775  .00000245  00000-0  87777-4 0  9999
2 34122 074.0455 171.4576 0129148 135.2365 225.9297 14.34385958 15956
0 COSMOS 2251 DEB
1 34122U 93036KT  09154.53609646 +.00000245 +00000-0 +87865-4 0  9990
2 34122 074.0452 170.6916 0129102 134.3634 226.8180 14.34386168016014
0 COSMOS 2251 DEB
1 34122U 93036KT  09155.44277838  .00000244  00000-0  87575-4 0  9992
2 34122 074.0452 169.0324 0129098 132.4842 228.7308 14.34386632 16146
0 COSMOS 2251 DEB
1 34122U 93036KT  09155.51252311 +.00000243 +00000-0 +87360-4 0  9990
2 34122 074.0452 168.9047 0129085 132.3378 228.8793 14.34386653016158
0 COSMOS 2251 DEB
1 34122U 93036KT  09156.48894912  .00000243  00000-0  87094-4 0  9990
2 34122 074.0452 167.1179 0129104 130.3183 230.9336 14.34387161 16296
0 COSMOS 2251 DEB
1 34122U 93036KT  09157.46537434 +.00000242 +00000-0 +86932-4 0  9991
2 34122 074.0452 165.3311 0129109 128.3014 232.9838 14.34387696016437
0 COSMOS 2251 DEB
1 34122U 93036KT  09158.02333125  .00000244  00000-0  87710-4 0  9992
2 34122 074.0452 164.3100 0129079 127.1438 234.1603 14.34388061 16515
0 COSMOS 2251 DEB
1 34122U 93036KT  09158.51154309 +.00000247 +00000-0 +88602-4 0  9995
2 34122 074.0451 163.4164 0129090 126.1340 235.1850 14.34388384016588
0 COSMOS 2251 DEB
1 34122U 93036KT  09159.48796648  .00000252  00000-0  90077-4 0  9995
2 34122 074.0451 161.6295 0129077 124.1102 237.2384 14.34389030 16722
0 COSMOS 2251 DEB
1 34122U 93036KT  09159.97617795 +.00000252 +00000-0 +90146-4 0  9991
2 34122 074.0451 160.7361 0129077 123.1003 238.2622 14.34389311016790
0 COSMOS 2251 DEB
1 34122U 93036KT  09160.46438929 +.00000254 +00000-0 +90784-4 0  9997
2 34122 074.0449 159.8424 0129069 122.0847 239.2916 14.34389615016863
0 COSMOS 2251 DEB
1 34122U 93036KT  09161.02234495  .00000255  00000-0  91154-4 0  9995
2 34122 074.0449 158.8214 0129051 120.9236 240.4684 14.34389958 16944
0 COSMOS 2251 DEB
1 34122U 93036KT  09161.44081143 +.00000258 +00000-0 +91962-4 0  9991
2 34122 074.0449 158.0557 0129050 120.0527 241.3504 14.34390246017000
0 COSMOS 2251 DEB
1 34122U 93036KT  09162.06851093  .00000259  00000-0  92381-4 0  9996
2 34122 074.0449 156.9070 0129037 118.7497 242.6691 14.34390636 17095
0 COSMOS 2251 DEB
1 34122U 93036KT  09162.41723283 +.00000263 +00000-0 +93542-4 0  9999
2 34122 074.0450 156.2689 0129058 118.0325 243.3963 14.34390910017143
0 COSMOS 2251 DEB
1 34122U 93036KT  09163.39365301  .00000272  00000-0  96751-4 0  9995
2 34122 074.0448 154.4819 0129020 116.0005 245.4515 14.34391683 17286
0 COSMOS 2251 DEB
1 34122U 93036KT  09163.95160712 +.00000275 +00000-0 +97515-4 0  9998
2 34122 074.0448 153.4608 0129010 114.8393 246.6246 14.34392063017362
0 COSMOS 2251 DEB
1 34122U 93036KT  09164.43981686  .00000276  00000-0  97899-4 0  9999
2 34122 074.0449 152.5674 0129026 113.8375 247.6363 14.34392367 17438
0 COSMOS 2251 DEB
1 34122U 93036KT  09165.41623598 +.00000278 +00000-0 +98486-4 0  9998
2 34122 074.0449 150.7807 0129016 111.8112 249.6823 14.34392986017577
0 COSMOS 2251 DEB
1 34122U 93036KT  09166.04393363  .00000279  00000-0  98897-4 0  9999
2 34122 074.0449 149.6320 0129012 110.5022 251.0034 14.34393391 17668
0 COSMOS 2251 DEB
1 34122U 93036KT  09166.39265432 +.00000281 +00000-0 +99426-4 0  9994
2 34122 074.0451 148.9940 0129012 109.7783 251.7337 14.34393645017716
0 COSMOS 2251 DEB
1 34122U 93036KT  09167.29932775  .00000284  00000-0  10045-3 0  9997
2 34122 074.0451 147.3347 0129009 107.8932 253.6340 14.34394254 17847
0 COSMOS 2251 DEB
1 34122U 93036KT  09167.92702437 +.00000286 +00000-0 +10099-3 0  9998
2 34122 074.0450 146.1858 0128992 106.5815 254.9554 14.34394673017932
0 COSMOS 2251 DEB
1 34122U 93036KT  09168.34548875  .00000285  00000-0  10068-3 0  9994
2 34122 074.0450 145.4199 0128982 105.7126 255.8298 14.34394888 17996
0 COSMOS 2251 DEB
1 34122U 93036KT  09169.39164900  .00000281  00000-0  99487-4 0  9992
2 34122 074.0450 143.5054 0128989 103.5497 258.0058 14.34395450 18142
0 COSMOS 2251 DEB
1 34122U 93036KT  09169.94960078 +.00000279 +00000-0 +98927-4 0  9998
2 34122 074.0451 142.4845 0128997 102.3979 259.1641 14.34395761018224
0 COSMOS 2251 DEB
1 34122U 93036KT  09170.92601587  .00000277  00000-0  98079-4 0  9991
2 34122 074.0451 140.6975 0128981 100.3603 261.2119 14.34396318 18361
0 COSMOS 2251 DEB
1 34122U 93036KT  09171.90242997 +.00000277 +00000-0 +98224-4 0  9998
2 34122 074.0451 138.9105 0128977 098.3324 263.2483 14.34396938018507
0 COSMOS 2251 DEB
1 34122U 93036KT  09171.97217367  .00000277  00000-0  98032-4 0  9995
2 34122 074.0451 138.7829 0128981 098.1889 263.3913 14.34396966 18518
0 COSMOS 2251 DEB
1 34122U 93036KT  09172.87884315 +.00000278 +00000-0 +98602-4 0  9992
2 34122 074.0448 137.1233 0128980 096.3126 265.2739 14.34397555018645
0 COSMOS 2251 DEB
1 34122U 93036KT  09173.29730574  .00000278  00000-0  98416-4 0  9999
2 34122 074.0448 136.3575 0128986 095.4430 266.1452 14.34397798 18707
0 COSMOS 2251 DEB
1 34122U 93036KT  09173.92499943 +.00000277 +00000-0 +98045-4 0  9998
2 34122 074.0448 135.2089 0128994 094.1495 267.4410 14.34398160018792
0 COSMOS 2251 DEB
1 34122U 93036KT  09174.34346186  .00000275  00000-0  97589-4 0  9995
2 34122 074.0448 134.4430 0128995 093.2634 268.3287 14.34398392 18855
0 COSMOS 2251 DEB
1 34122U 93036KT  09174.90141134 +.00000275 +00000-0 +97655-4 0  9997
2 34122 074.0448 133.4218 0128987 092.1080 269.4854 14.34398741018931
0 COSMOS 2251 DEB
1 34122U 93036KT  09175.87782217  .00000280  00000-0  99103-4 0  9993
2 34122 074.0449 131.6351 0128990 090.0803 271.5139 14.34399435 19071
0 COSMOS 2251 DEB
1 34122U 93036KT  09176.85423197 +.00000286 +00000-0 +10112-3 0  9999
2 34122 074.0450 129.8483 0128998 088.0512 273.5414 14.34400168019210
0 COSMOS 2251 DEB
1 34122U 93036KT  09176.92397538  .00000285  00000-0  10079-3 0  9997
2 34122 074.0449 129.7205 0129004 087.9111 273.6804 14.34400186 19226
0 COSMOS 2251 DEB
1 34122U 93036KT  09177.90038466 +.00000287 +00000-0 +10128-3 0  9995
2 34122 074.0450 127.9338 0129012 085.8953 275.6929 14.34400824019369
0 COSMOS 2251 DEB
1 34122U 93036KT  09178.31884560  .00000287  00000-0  10150-3 0  9990
2 34122 074.0451 127.1681 0129016 085.0265 276.5603 14.34401107 19426
0 COSMOS 2251 DEB
1 34122U 93036KT  09178.87679319 +.00000288 +00000-0 +10179-3 0  9997
2 34122 074.0451 126.1470 0129017 083.8614 277.7220 14.34401474019500
0 COSMOS 2251 DEB
1 34122U 93036KT  09179.85320077  .00000295  00000-0  10405-3 0  9990
2 34122 074.0452 124.3602 0129004 081.8178 279.7603 14.34402254 19646
0 COSMOS 2251 DEB
1 34122U 93036KT  09180.82960705 +.00000306 +00000-0 +10753-3 0  9996
2 34122 074.0452 122.5733 0129027 079.7887 281.7810 14.34403105019783
0 COSMOS 2251 DEB
1 34122U 93036KT  09180.96909321  .00000306  00000-0  10746-3 0  9990
2 34122 074.0452 122.3180 0129030 079.4984 282.0674 14.34403193 19808
0 COSMOS 2251 DEB
1 34122U 93036KT  09181.80601234 +.00000312 +00000-0 +10952-3 0  9992
2 34122 074.0453 120.7867 0129038 077.7684 283.7891 14.34403882019926
0 COSMOS 2251 DEB
1 34122U 93036KT  09182.29421485  .00000313  00000-0  10983-3 0  9999
2 34122 074.0453 119.8933 0129047 076.7652 284.7861 14.34404230 19996
0 COSMOS 2251 DEB
1 34122U 93036KT  09182.85216037 +.00000314 +00000-0 +11016-3 0  9995
2 34122 074.0453 118.8721 0129050 075.6039 285.9398 14.34404627020070
0 COSMOS 2251 DEB
1 34122U 93036KT  09183.82856426  .00000321  00000-0  11242-3 0  9994
2 34122 074.0454 117.0853 0129067 073.5660 287.9650 14.34405469 20217
0 COSMOS 2251 DEB
1 34122U 93036KT  09184.80496697 +.00000333 +00000-0 +11617-3 0  9992
2 34122 074.0453 115.2983 0129071 071.5082 290.0073 14.34406392020356
0 COSMOS 2251 DEB
1 34122U 93036KT  09184.87470949  .00000333  00000-0  11628-3 0  9993
2 34122 074.0453 115.1706 0129071 071.3623 290.1495 14.34406450 20362
0 COSMOS 2251 DEB
1 34122U 93036KT  09185.78136835 +.00000341 +00000-0 +11896-3 0  9993
2 34122 074.0453 113.5114 0129089 069.4942 292.0019 14.34407278020494
0 COSMOS 2251 DEB
1 34122U 93036KT  09185.92085413  .00000340  00000-0  11873-3 0  9998
2 34122 074.0453 113.2561 0129093 069.2087 292.2836 14.34407364 20518
0 COSMOS 2251 DEB
1 34122U 93036KT  09186.82751239 +.00000343 +00000-0 +11950-3 0  9993
2 34122 074.0454 111.5970 0129107 067.3358 294.1384 14.34408077020645
0 COSMOS 2251 DEB
1 34122U 93036KT  09187.24596984  .00000344  00000-0  11993-3 0  9992
2 34122 074.0455 110.8314 0129109 066.4718 294.9940 14.34408417 20703
0 COSMOS 2251 DEB
1 34122U 93036KT  09187.80391277 +.00000345 +00000-0 +12035-3 0  9991
2 34122 074.0454 109.8103 0129123 065.3040 296.1491 14.34408851020783
0 COSMOS 2251 DEB
1 34122U 93036KT  09188.78031214  .00000351  00000-0  12230-3 0  9995
2 34122 074.0455 108.0235 0129145 063.2627 298.1677 14.34409703 20924
0 COSMOS 2251 DEB
1 34122U 93036KT  09189.75671055 +.00000359 +00000-0 +12487-3 0  9998
2 34122 074.0456 106.2368 0129169 061.2306 300.1753 14.34410593021064
0 COSMOS 2251 DEB
1 34122U 93036KT  09189.82645319  .00000357  00000-0  12420-3 0  9995
2 34122 074.0455 106.1092 0129171 061.0829 300.3198 14.34410595 21075
0 COSMOS 2251 DEB
1 34122U 93036KT  09190.80285099 +.00000358 +00000-0 +12441-3 0  9994
2 34122 074.0457 104.3225 0129177 059.0774 302.2990 14.34411345021218
0 COSMOS 2251 DEB
1 34122U 93036KT  09191.15156450  .00000359  00000-0  12461-3 0  9994
2 34122 074.0459 103.6846 0129179 058.3488 303.0189 14.34411633 21261
0 COSMOS 2251 DEB
1 34122U 93036KT  09191.77924815 +.00000357 +00000-0 +12414-3 0  9996
2 34122 074.0458 102.5359 0129193 057.0362 304.3122 14.34412070021357
0 COSMOS 2251 DEB
1 34122U 93036KT  09192.19770395  .00000357  00000-0  12400-3 0  9990
2 34122 074.0460 101.7703 0129207 056.1608 305.1762 14.34412395 21419
0 COSMOS 2251 DEB
1 34122U 93036KT  09192.75564454 +.00000357 +00000-0 +12416-3 0  9996
2 34122 074.0459 100.7491 0129229 055.0065 306.3136 14.34412826021494
0 COSMOS 2251 DEB
1 34122U 93036KT  09193.73204001  .00000357  00000-0  12397-3 0  9992
2 34122 074.0461 098.9625 0129259 052.9621 308.3276 14.34413584 21636
0 COSMOS 2251 DEB
1 34122U 93036KT  09194.77817691 +.00000355 +00000-0 +12355-3 0  9994
2 34122 074.0461 097.0481 0129283 050.8006 310.4531 14.34414348021780
0 COSMOS 2251 DEB
1 34122U 93036KT  09195.12688926  .00000354  00000-0  12323-3 0  9995
2 34122 074.0462 096.4102 0129306 050.0625 311.1799 14.34414607 21837
0 COSMOS 2251 DEB
1 34122U 93036KT  09195.75457093 +.00000354 +00000-0 +12312-3 0  9991
2 34122 074.0462 095.2616 0129307 048.7634 312.4571 14.34415075021921
0 COSMOS 2251 DEB
1 34122U 93036KT  09196.10328284 +.00000351 +00000-0 +12217-3 0  9991
2 34122 074.0463 094.6236 0129331 048.0299 313.1778 14.34415300021973
0 COSMOS 2251 DEB
1 34122U 93036KT  09197.07967573  .00000353  00000-0  12272-3 0  9991
2 34122 074.0489 092.8398 0129406 045.9263 315.2458 14.34416218 22114
0 COSMOS 2251 DEB
1 34122U 93036KT  09197.77709804 +.00000352 +00000-0 +12256-3 0  9990
2 34122 074.0486 091.5631 0129444 044.4904 316.6528 14.34416733022211
0 COSMOS 2251 DEB
1 34122U 93036KT  09198.12580987  .00000354  00000-0  12330-3 0  9994
2 34122 074.0487 090.9252 0129445 043.7608 317.3726 14.34417060 22265
0 COSMOS 2251 DEB
1 34122U 93036KT  09199.66013834 +.00000347 +00000-0 +12076-3 0  9995
2 34122 074.0484 088.1177 0129473 040.5895 320.4799 14.34418053022483
0 COSMOS 2251 DEB
1 34122U 93036KT  09200.70627096  .00000348  00000-0  12132-3 0  9998
2 34122 074.0483 086.2034 0129461 038.4110 322.6174 14.34418859 22638
0 COSMOS 2251 DEB
1 34122U 93036KT  09200.77601300 +.00000347 +00000-0 +12098-3 0  9995
2 34122 074.0483 086.0758 0129478 038.2688 322.7557 14.34418885022641
0 COSMOS 2251 DEB
1 34122U 93036KT  09201.12472368 +.00000351 +00000-0 +12218-3 0  9994
2 34122 074.0481 085.4376 0129501 037.5310 323.4796 14.34419199022696
0 COSMOS 2251 DEB
1 34122U 93036KT  09202.10111260  .00000349  00000-0  12158-3 0  9994
2 34122 074.0483 083.6508 0129694 035.4350 325.5304 14.34419905 22838
0 COSMOS 2251 DEB
1 34122U 93036KT  09202.72879138 +.00000342 +00000-0 +11925-3 0  9991
2 34122 074.0484 082.5022 0129688 034.1466 326.7910 14.34420203022924
0 COSMOS 2251 DEB
1 34122U 93036KT  09203.07750204 +.00000341 +00000-0 +11910-3 0  9995
2 34122 074.0482 081.8638 0129740 033.4004 327.5227 14.34420414022975
0 COSMOS 2251 DEB
1 34122U 93036KT  09204.05389013  .00000329  00000-0  11498-3 0  9997
2 34122 074.0480 080.0771 0129733 031.3787 329.4971 14.34420828 23112
0 COSMOS 2251 DEB
1 34122U 93036KT  09205.10002069  .00000321  00000-0  11262-3 0  9998
2 34122 074.0481 078.1632 0129672 029.2396 331.5934 14.34421407 23264
0 COSMOS 2251 DEB
1 34122U 93036KT  09206.70408533  .00000310  00000-0  10892-3 0  9997
2 34122 074.0485 075.2254 0130310 025.7747 334.9780 14.34422305 23497
0 COSMOS 2251 DEB
1 34122U 93036KT  09207.05279540 +.00000300 +00000-0 +10575-3 0  9997
2 34122 074.0485 074.5874 0130310 025.0510 335.6883 14.34422399023549
0 COSMOS 2251 DEB
1 34122U 93036KT  09209.00556628  .00000290  00000-0  10259-3 0  9996
2 34122 074.0485 071.0147 0130308 020.9988 339.6423 14.34423501 23825
0 COSMOS 2251 DEB
1 34122U 93036KT  09209.70298438 +.00000281 +00000-0 +99497-4 0  9997
2 34122 074.0492 069.7371 0130185 019.6003 341.0061 14.34423749023922
0 COSMOS 2251 DEB
1 34122U 93036KT  09209.98195191 +.00000287 +00000-0 +10170-3 0  9995
2 34122 074.0487 069.2257 0130126 019.1126 341.4873 14.34424064023960
0 COSMOS 2251 DEB
1 34122U 93036KT  09211.02807721  .00000293  00000-0  10359-3 0  9998
2 34122 074.0487 067.3118 0130125 016.9417 343.6047 14.34424886 24119
0 COSMOS 2251 DEB
1 34122U 93036KT  09212.00446017 +.00000295 +00000-0 +10426-3 0  9991
2 34122 074.0487 065.5254 0130125 014.9155 345.5779 14.34425549024252
0 COSMOS 2251 DEB
1 34122U 93036KT  09212.98084311  .00000297  00000-0  10469-3 0  9992
2 34122 074.0487 063.7391 0130124 012.8894 347.5531 14.34426199 24395
0 COSMOS 2251 DEB
1 34122U 93036KT  09213.60851760 +.00000296 +00000-0 +10435-3 0  9994
2 34122 074.0490 062.5880 0130151 011.5952 348.8123 14.34426526024485
0 COSMOS 2251 DEB
1 34122U 93036KT  09214.58490040  .00000287  00000-0  10166-3 0  9993
2 34122 074.0487 060.8016 0130250 009.6278 350.7266 14.34426934 24621
0 COSMOS 2251 DEB
1 34122U 93036KT  09215.56128409 +.00000274 +00000-0 +97451-4 0  9998
2 34122 074.0483 059.0124 0130234 007.6673 352.6403 14.34427212024765
0 COSMOS 2251 DEB
1 34122U 93036KT  09215.97973389  .00000272  00000-0  96885-4 0  9996
2 34122 074.0483 058.2468 0130234 006.7989 353.4887 14.34427456 24829
0 COSMOS 2251 DEB
1 34122U 93036KT  09216.53766624 +.00000268 +00000-0 +95497-4 0  9994
2 34122 074.0479 057.2246 0130143 005.6948 354.5625 14.34427636024900
0 COSMOS 2251 DEB
1 34122U 93036KT  09217.58378966  .00000251  00000-0  90030-4 0  9998
2 34122 074.0479 055.3102 0129830 003.5500 356.6515 14.34427864 25053
0 COSMOS 2251 DEB
1 34122U 93036KT  09217.93249777 +.00000245 +00000-0 +88101-4 0  9993
2 34122 074.0486 054.6728 0129783 002.8073 357.3766 14.34427957025106
0 COSMOS 2251 DEB
1 34122U 93036KT  09218.90887911 +.00000240 +00000-0 +86685-4 0  9999
2 34122 074.0486 052.8863 0129715 000.8003 359.3324 14.34428410025244
0 COSMOS 2251 DEB
1 34122U 93036KT  09218.97862073  .00000239  00000-0  86318-4 0  9999
2 34122 074.0486 052.7586 0129735 000.6442 359.4849 14.34428421 25258
0 COSMOS 2251 DEB
1 34122U 93036KT  09219.53655274 +.00000232 +00000-0 +84021-4 0  9997
2 34122 074.0485 051.7369 0129693 359.5072 000.5915 14.34428579025334
0 COSMOS 2251 DEB
1 34122U 93036KT  09220.51293412  .00000227  00000-0  82459-4 0  9996
2 34122 074.0484 049.9491 0129900 357.4868 002.5616 14.34429036 25473
0 COSMOS 2251 DEB
1 34122U 93036KT  09220.93138286 +.00000213 +00000-0 +77831-4 0  9992
2 34122 074.0479 049.1820 0129942 356.6140 003.4099 14.34428985025539
0 COSMOS 2251 DEB
1 34122U 93036KT  09221.55905639 +.00000210 +00000-0 +76974-4 0  9999
2 34122 074.0478 048.0333 0129921 355.3157 004.6759 14.34429248025625
0 COSMOS 2251 DEB
1 34122U 93036KT  09221.90776384 +.00000202 +00000-0 +74437-4 0  9994
2 34122 074.0480 047.3953 0129852 354.5636 005.4081 14.34429230025677
0 COSMOS 2251 DEB
1 34122U 93036KT  09224.48819732  .00000185  00000-0  68740-4 0  9995
2 34122 074.0480 042.6730 0129946 349.2025 010.6291 14.34430078 26040
0 COSMOS 2251 DEB
1 34122U 93036KT  09224.55793972 +.00000180 +00000-0 +67218-4 0  9994
2 34122 074.0480 042.5454 0129946 349.0577 010.7744 14.34430047026053
0 COSMOS 2251 DEB
1 34122U 93036KT  09225.88302700  .00000175  00000-0  65697-4 0  9999
2 34122 074.0479 040.1199 0129893 346.3156 013.4478 14.34430491 26243
0 COSMOS 2251 DEB
1 34122U 93036KT  09226.44095845 +.00000176 +00000-0 +65978-4 0  9994
2 34122 074.0474 039.0983 0129930 345.1604 014.5743 14.34430690026320
0 COSMOS 2251 DEB
1 34122U 93036KT  09227.48707960  .00000165  00000-0  62459-4 0  9996
2 34122 074.0474 037.1842 0129930 342.9897 016.6889 14.34430922 26470
0 COSMOS 2251 DEB
1 34122U 93036KT  09227.90552857 +.00000163 +00000-0 +61771-4 0  9990
2 34122 074.0472 036.4179 0130014 342.1092 017.5497 14.34431030026530
0 COSMOS 2251 DEB
1 34122U 93036KT  09228.53320145  .00000159  00000-0  60537-4 0  9997
2 34122 074.0471 035.2690 0130005 340.8115 018.8156 14.34431177 26623
0 COSMOS 2251 DEB
1 34122U 93036KT  09229.50958148 +.00000155 +00000-0 +59214-4 0  9991
2 34122 074.0471 033.4824 0130005 338.7855 020.7923 14.34431430026760
0 COSMOS 2251 DEB
1 34122U 93036KT  09230.41621976 +.00000151 +00000-0 +57797-4 0  9999
2 34122 074.0462 031.8215 0129939 336.8834 022.6496 14.34431626026893
0 COSMOS 2251 DEB
1 34122U 93036KT  09231.46234075  .00000146  00000-0  56205-4 0  9992
2 34122 074.0462 029.9070 0129915 334.7177 024.7645 14.34431921 27046
0 COSMOS 2251 DEB
1 34122U 93036KT  09231.81104782 +.00000143 +00000-0 +55374-4 0  9995
2 34122 074.0463 029.2691 0129946 333.9865 025.4781 14.34431987027094
0 COSMOS 2251 DEB
1 34122U 93036KT  09232.85716913 +.00000132 +00000-0 +51880-4 0  9991
2 34122 074.0460 027.3539 0129994 331.8042 027.6096 14.34432115027242
0 COSMOS 2251 DEB
1 34122U 93036KT  09233.48484221  .00000118  00000-0  47413-4 0  9996
2 34122 074.0458 026.2046 0129835 330.5039 028.8802 14.34432022 27331
0 COSMOS 2251 DEB
1 34122U 93036KT  09234.39148107 +.00000115 +00000-0 +46414-4 0  9994
2 34122 074.0455 024.5446 0129799 328.6128 030.7325 14.34432237027463
0 COSMOS 2251 DEB
1 34122U 93036KT  09235.78630933  .00000109  00000-0  44473-4 0  9997
2 34122 074.0462 021.9926 0129832 325.7079 033.5724 14.34432531 27669
0 COSMOS 2251 DEB
1 34122U 93036KT  09236.83243095 +.00000106 +00000-0 +43498-4 0  9996
2 34122 074.0464 020.0779 0129790 323.5282 035.7085 14.34432787027816
0 COSMOS 2251 DEB
1 34122U 93036KT  09237.80881058  .00000106  00000-0  43525-4 0  9992
2 34122 074.0463 018.2901 0129925 321.4784 037.7144 14.34433044 27955
0 COSMOS 2251 DEB
1 34122U 93036KT  09238.43648346 +.00000103 +00000-0 +42476-4 0  9994
2 34122 074.0463 017.1412 0129891 320.1772 038.9885 14.34433128028044
0 COSMOS 2251 DEB
1 34122U 93036KT  09239.76157111 +.00000098 +00000-0 +40918-4 0  9998
2 34122 074.0468 014.7165 0129852 317.4029 041.7096 14.34433380028235
0 COSMOS 2251 DEB
1 34122U 93036KT  09240.38924429  .00000094  00000-0  39766-4 0  9997
2 34122 074.0467 013.5675 0129842 316.0768 043.0128 14.34433501 28327
0 COSMOS 2251 DEB
1 34122U 93036KT  09240.45898554 +.00000092 +00000-0 +38920-4 0  9993
2 34122 074.0467 013.4398 0129825 315.9319 043.1529 14.34433453028332
0 COSMOS 2251 DEB
1 34122U 93036KT  09241.78407319 +.00000092 +00000-0 +39138-4 0  9997
2 34122 074.0473 011.0146 0129764 313.1599 045.8777 14.34433860028523
0 COSMOS 2251 DEB
1 34122U 93036KT  09242.41174472  .00000108  00000-0  44270-4 0  9990
2 34122 074.0468 009.8648 0129880 311.8474 047.1644 14.34434345 28612
0 COSMOS 2251 DEB
1 34122U 93036KT  09243.38812502 +.00000114 +00000-0 +46110-4 0  9992
2 34122 074.0466 008.0775 0129932 309.8121 049.1679 14.34434745028755
0 COSMOS 2251 DEB
1 34122U 93036KT  09244.71321191  .00000125  00000-0  49847-4 0  9991
2 34122 074.0474 005.6534 0129902 307.0500 051.8851 14.34435364 28949
0 COSMOS 2251 DEB
1 34122U 93036KT  09245.75933245 +.00000139 +00000-0 +54078-4 0  9992
2 34122 074.0475 003.7385 0129950 304.8499 054.0505 14.34435969029097
0 COSMOS 2251 DEB
1 34122U 93036KT  09246.38700427 +.00000148 +00000-0 +57265-4 0  9997
2 34122 074.0473 002.5887 0130042 303.5530 055.3259 14.34436400029186
0 COSMOS 2251 DEB
1 34122U 93036KT  09247.29364281  .00000157  00000-0  60172-4 0  9993
2 34122 074.0471 000.9293 0130027 301.6329 057.2230 14.34436912 29318
0 COSMOS 2251 DEB
1 34122U 93036KT  09247.43312485 +.00000157 +00000-0 +60096-4 0  9993
2 34122 074.0471 000.6739 0130019 301.3396 057.5082 14.34436958029332
0 COSMOS 2251 DEB
1 34122U 93036KT  09248.40950467 +.00000157 +00000-0 +60134-4 0  9992
2 34122 074.0472 358.8873 0130009 299.3063 059.5143 14.34437328029473
0 COSMOS 2251 DEB
1 34122U 93036KT  09249.38588448  .00000165  00000-0  62696-4 0  9990
2 34122 074.0481 357.1007 0129949 297.2368 061.5613 14.34437899 29614
0 COSMOS 2251 DEB
1 34122U 93036KT  09249.73459120 +.00000176 +00000-0 +66090-4 0  9997
2 34122 074.0494 356.4637 0129990 296.5065 062.2816 14.34438237029666
0 COSMOS 2251 DEB
1 34122U 93036KT  09250.36226302 +.00000183 +00000-0 +68323-4 0  9991
2 34122 074.0490 355.3144 0130030 295.1960 063.5752 14.34438643029753
0 COSMOS 2251 DEB
1 34122U 93036KT  09251.33864206 +.00000191 +00000-0 +71044-4 0  9993
2 34122 074.0489 353.5274 0129982 293.1247 065.6244 14.34439233029895
0 COSMOS 2251 DEB
1 34122U 93036KT  09252.24528046  .00000194  00000-0  72100-4 0  9990
2 34122 074.0488 351.8683 0129985 291.2433 067.4891 14.34439702 30024
0 COSMOS 2251 DEB
1 34122U 93036KT  09252.66372846 +.00000197 +00000-0 +72824-4 0  9997
2 34122 074.0490 351.1026 0130001 290.3611 068.3613 14.34439934030085
0 COSMOS 2251 DEB
1 34122U 93036KT  09253.70984958 +.00000203 +00000-0 +74820-4 0  9992
2 34122 074.0505 349.1898 0130117 288.1744 070.5284 14.34440535030231
0 COSMOS 2251 DEB
1 34122U 93036KT  09254.26778069  .00000211  00000-0  77486-4 0  9998
2 34122 074.0500 348.1680 0130144 287.0152 071.6813 14.34440976 30313
0 COSMOS 2251 DEB
1 34122U 93036KT  09254.68622829 +.00000210 +00000-0 +76985-4 0  9998
2 34122 074.0501 347.4024 0130194 286.1352 072.5492 14.34441125030371
0 COSMOS 2251 DEB
1 34122U 93036KT  09255.66260692 +.00000217 +00000-0 +79419-4 0  9995
2 34122 074.0492 345.6143 0130312 284.1162 074.5516 14.34441739030517
0 COSMOS 2251 DEB
1 34122U 93036KT  09256.29027987  .00000220  00000-0  80252-4 0  9994
2 34122 074.0491 344.4651 0130361 282.8028 075.8617 14.34442146 30606
0 COSMOS 2251 DEB
1 34122U 93036KT  09256.63898616 +.00000227 +00000-0 +82574-4 0  9993
2 34122 074.0493 343.8272 0130411 282.0805 076.5771 14.34442439030650
0 COSMOS 2251 DEB
1 34122U 93036KT  09257.68510668 +.00000224 +00000-0 +81756-4 0  9995
2 34122 074.0497 341.9134 0130395 279.8712 078.7737 14.34442933030804
0 COSMOS 2251 DEB
1 34122U 93036KT  09258.24303786 +.00000220 +00000-0 +80373-4 0  9999
2 34122 074.0497 340.8923 0130439 278.6997 079.9400 14.34443157030886
0 COSMOS 2251 DEB
1 34122U 93036KT  09259.63786567  .00000234  00000-0  84905-4 0  9995
2 34122 074.0499 338.3404 0130499 275.8135 082.8196 14.34444145 31089
0 COSMOS 2251 DEB
1 34122U 93036KT  09260.61424199 +.00000255 +00000-0 +91634-4 0  9995
2 34122 074.0494 336.5524 0130738 273.8480 084.7729 14.34445152031222
0 COSMOS 2251 DEB
1 34122U 93036KT  09261.66036239  .00000259  00000-0  92704-4 0  9998
2 34122 074.0494 334.6384 0130748 271.6726 086.9463 14.34445810 31371
0 COSMOS 2251 DEB
1 34122U 93036KT  09262.63674084 +.00000269 +00000-0 +96105-4 0  9992
2 34122 074.0500 332.8523 0130837 269.6164 089.0020 14.34446605031518
0 COSMOS 2251 DEB
1 34122U 93036KT  09263.61311791 +.00000284 +00000-0 +10099-3 0  9998
2 34122 074.0502 331.0648 0131000 267.6083 091.0076 14.34447534031651
0 COSMOS 2251 DEB
1 34122U 93036KT  09264.17104828  .00000290  00000-0  10294-3 0  9995
2 34122 074.0497 330.0429 0131080 266.4497 092.1702 14.34448040 31734
0 COSMOS 2251 DEB
1 34122U 93036KT  09265.63561430 +.00000290 +00000-0 +10269-3 0  9995
2 34122 074.0493 327.3621 0131193 263.3680 095.2531 14.34448996031945
0 COSMOS 2251 DEB
1 34122U 93036KT  09266.19354458  .00000284  00000-0  10069-3 0  9998
2 34122 074.0493 326.3413 0131288 262.1834 096.4399 14.34449256 32021
0 COSMOS 2251 DEB
1 34122U 93036KT  09267.16992280 +.00000288 +00000-0 +10227-3 0  9997
2 34122 074.0494 324.5550 0131259 260.1584 098.4737 14.34449960032167
0 COSMOS 2251 DEB
1 34122U 93036KT  09268.56474537  .00000323  00000-0  11329-3 0  9996
2 34122 074.0490 322.0003 0131318 257.3532 101.2896 14.34451618 32360
0 COSMOS 2251 DEB
1 34122U 93036KT  09269.54112276 +.00000327 +00000-0 +11450-3 0  9993
2 34122 074.0486 320.2128 0131389 255.3504 103.3049 14.34452361032503
0 COSMOS 2251 DEB
1 34122U 93036KT  09270.58724114  .00000325  00000-0  11389-3 0  9998
2 34122 074.0485 318.2982 0131464 253.1504 105.5202 14.34453091 32659
0 COSMOS 2251 DEB
1 34122U 93036KT  09272.12154796 +.00000343 +00000-0 +11985-3 0  9995
2 34122 074.0486 315.4902 0131489 250.0108 108.6906 14.34454570032876
0 COSMOS 2251 DEB
1 34122U 93036KT  09273.09792347  .00000352  00000-0  12273-3 0  9993
2 34122 074.0484 313.7028 0131513 248.0192 110.6963 14.34455450 33013
0 COSMOS 2251 DEB
1 34122U 93036KT  09273.51637014 +.00000345 +00000-0 +12046-3 0  9999
2 34122 074.0478 312.9360 0131567 247.2178 111.5002 14.34455573033076
0 COSMOS 2251 DEB
1 34122U 93036KT  09274.49274699 +.00000346 +00000-0 +12075-3 0  9996
2 34122 074.0478 311.1490 0131605 245.1803 113.5614 14.34456322033216
0 COSMOS 2251 DEB
1 34122U 93036KT  09275.53886446  .00000352  00000-0  12271-3 0  9996
2 34122 074.0482 309.2348 0131701 243.0096 115.7573 14.34457209 33368
0 COSMOS 2251 DEB
1 34122U 93036KT  09276.51523987 +.00000351 +00000-0 +12214-3 0  9999
2 34122 074.0478 307.4465 0131760 241.0104 117.7786 14.34457932033503
0 COSMOS 2251 DEB
1 34122U 93036KT  09277.49161538 +.00000352 +00000-0 +12259-3 0  9997
2 34122 074.0473 305.6585 0131785 239.0261 119.7888 14.34458714033648
0 COSMOS 2251 DEB
1 34122U 93036KT  09279.02591991  .00000355  00000-0  12337-3 0  9998
2 34122 074.0472 302.8508 0131808 235.8352 123.0255 14.34459932 33865
0 COSMOS 2251 DEB
1 34122U 93036KT  09279.51410743 +.00000353 +00000-0 +12296-3 0  9999
2 34122 074.0471 301.9574 0131803 234.8327 124.0418 14.34460274033934
0 COSMOS 2251 DEB
1 34122U 93036KT  09280.07203624 +.00000350 +00000-0 +12191-3 0  9991
2 34122 074.0474 300.9357 0131884 233.7080 125.1858 14.34460707034019
0 COSMOS 2251 DEB
1 34122U 93036KT  09281.46685731  .00000355  00000-0  12338-3 0  9996
2 34122 074.0466 298.3816 0131862 230.8885 128.0499 14.34461812 34210
0 COSMOS 2251 DEB
1 34122U 93036KT  09282.44323149 +.00000356 +00000-0 +12381-3 0  9996
2 34122 074.0463 296.5943 0131846 228.9229 130.0468 14.34462569034354
0 COSMOS 2251 DEB
1 34122U 93036KT  09283.48934691  .00000360  00000-0  12508-3 0  9997
2 34122 074.0463 294.6796 0131858 226.7671 132.2413 14.34463444 34503
0 COSMOS 2251 DEB
1 34122U 93036KT  09284.04727506 +.00000356 +00000-0 +12365-3 0  9991
2 34122 074.0464 293.6583 0131942 225.5621 133.4679 14.34463824034580
0 COSMOS 2251 DEB
1 34122U 93036KT  09285.44209524 +.00000345 +00000-0 +12007-3 0  9992
2 34122 074.0454 291.1040 0131864 222.7699 136.3096 14.34464576034789
0 COSMOS 2251 DEB
1 34122U 93036KT  09286.00002398  .00000345  00000-0  12015-3 0  9994
2 34122 074.0454 290.0825 0131870 221.6072 137.4990 14.34464992 34864
0 COSMOS 2251 DEB
1 34122U 93036KT  09286.41846990 +.00000340 +00000-0 +11872-3 0  9998
2 34122 074.0450 289.3159 0131823 220.7901 138.3308 14.34465178034927
0 COSMOS 2251 DEB
1 34122U 93036KT  09286.97639814 +.00000340 +00000-0 +11860-3 0  9991
2 34122 074.0449 288.2947 0131838 219.6232 139.5230 14.34465582035004
0 COSMOS 2251 DEB
1 34122U 93036KT  09288.99888600  .00000326  00000-0  11399-3 0  9995
2 34122 074.0454 284.5932 0131913 215.4236 143.8092 14.34466858 35297
0 COSMOS 2251 DEB
1 34122U 93036KT  09289.41733192 +.00000320 +00000-0 +11220-3 0  9995
2 34122 074.0451 283.8272 0131858 214.5780 144.6728 14.34467030035350
0 COSMOS 2251 DEB
1 34122U 93036KT  09290.95163312 +.00000312 +00000-0 +10951-3 0  9998
2 34122 074.0447 281.0179 0131858 211.4153 147.9087 14.34467952035572
0 COSMOS 2251 DEB
1 34122U 93036KT  09291.37007848  .00000310  00000-0  10894-3 0  9990
2 34122 074.0446 280.2520 0131830 210.5667 148.7752 14.34468193 35635
0 COSMOS 2251 DEB
1 34122U 93036KT  09292.41619225 +.00000309 +00000-0 +10863-3 0  9998
2 34122 074.0447 278.3375 0131828 208.3924 151.0003 14.34468897035783
0 COSMOS 2251 DEB
1 34122U 93036KT  09293.39256474  .00000310  00000-0  10885-3 0  9995
2 34122 074.0446 276.5505 0131840 206.3645 153.0762 14.34469563 35920
0 COSMOS 2251 DEB
1 34122U 93036KT  09294.92686374 +.00000301 +00000-0 +10577-3 0  9999
2 34122 074.0445 273.7416 0131830 203.1837 156.3293 14.34470361036144
0 COSMOS 2251 DEB
1 34122U 93036KT  09295.34530970 +.00000294 +00000-0 +10376-3 0  9994
2 34122 074.0442 272.9754 0131750 202.3647 157.1705 14.34470469036201
0 COSMOS 2251 DEB
1 34122U 93036KT  09295.90323700  .00000292  00000-0  10312-3 0  9995
2 34122 074.0441 271.9541 0131799 201.1862 158.3796 14.34470781 36280
0 COSMOS 2251 DEB
1 34122U 93036KT  09296.32168222 +.00000292 +00000-0 +10298-3 0  9991
2 34122 074.0443 271.1885 0131798 200.3228 159.2649 14.34471039036342
0 COSMOS 2251 DEB
1 34122U 93036KT  09297.36779483 +.00000288 +00000-0 +10150-3 0  9995
2 34122 074.0446 269.2737 0131901 198.1274 161.5144 14.34471617036494
0 COSMOS 2251 DEB
1 34122U 93036KT  09298.34416639  .00000273  00000-0  96899-4 0  9994
2 34122 074.0447 267.4862 0131906 196.1153 163.5750 14.34471953 36637
0 COSMOS 2251 DEB
1 34122U 93036KT  09298.90209357 +.00000271 +00000-0 +96249-4 0  9990
2 34122 074.0445 266.4645 0131970 194.9325 164.7906 14.34472231036716
0 COSMOS 2251 DEB
1 34122U 93036KT  09299.32053858 +.00000270 +00000-0 +95906-4 0  9998
2 34122 074.0437 265.6978 0131873 194.1014 165.6445 14.34472430036771
0 COSMOS 2251 DEB
1 34122U 93036KT  09300.85483592  .00000265  00000-0  94258-4 0  9994
2 34122 074.0436 262.8893 0131823 190.9345 168.8939 14.34473247 36995
0 COSMOS 2251 DEB
1 34122U 93036KT  09301.34302123 +.00000265 +00000-0 +94260-4 0  9992
2 34122 074.0436 261.9958 0131823 189.9218 169.9330 14.34473533037068
0 COSMOS 2251 DEB
1 34122U 93036KT  09303.01679883  .00000237  00000-0  85254-4 0  9990
2 34122 074.0448 258.9332 0131787 186.4642 173.4735 14.34473980 37307
0 COSMOS 2251 DEB
1 34122U 93036KT  09303.64446702 +.00000245 +00000-0 +87619-4 0  9997
2 34122 074.0452 257.7843 0131549 185.2304 174.7522 14.34474506037396
0 COSMOS 2251 DEB
1 34122U 93036KT  09304.83005796 +.00000248 +00000-0 +88562-4 0  9994
2 34122 074.0444 255.6139 0131637 182.7537 177.2913 14.34475206037569
0 COSMOS 2251 DEB
1 34122U 93036KT  09306.29461182 +.00000248 +00000-0 +88748-4 0  9997
2 34122 074.0453 252.9334 0131674 179.7080 180.4182 14.34476070037773
0 COSMOS 2251 DEB
1 34122U 93036KT  09307.27098055 +.00000259 +00000-0 +92025-4 0  9996
2 34122 074.0453 251.1447 0131800 177.6603 182.5229 14.34476809037919
0 COSMOS 2251 DEB
1 34122U 93036KT  09308.24734824 +.00000259 +00000-0 +92173-4 0  9999
2 34122 074.0449 249.3571 0131772 175.6387 184.5953 14.34477365038056
0 COSMOS 2251 DEB
1 34122U 93036KT  09309.22371608  .00000259  00000-0  92017-4 0  9992
2 34122 074.0443 247.5695 0131727 173.6200 186.6670 14.34477893 38199
0 COSMOS 2251 DEB
1 34122U 93036KT  09309.29345663 +.00000259 +00000-0 +92004-4 0  9997
2 34122 074.0443 247.4419 0131717 173.4762 186.8146 14.34477932038208
0 COSMOS 2251 DEB
1 34122U 93036KT  09310.82774809 +.00000252 +00000-0 +89725-4 0  9995
2 34122 074.0452 244.6333 0131755 170.2781 190.0926 14.34478642038426
0 COSMOS 2251 DEB
1 34122U 93036KT  09311.24619195  .00000244  00000-0  87457-4 0  9999
2 34122 074.0453 243.8673 0131765 169.3994 190.9964 14.34478747 38484
0 COSMOS 2251 DEB
1 34122U 93036KT  09312.91996467 +.00000221 +00000-0 +79985-4 0  9996
2 34122 074.0471 240.8054 0132021 165.9365 194.5493 14.34479204038727
0 COSMOS 2251 DEB
1 34122U 93036KT  09313.19892713 +.00000223 +00000-0 +80384-4 0  9993
2 34122 074.0469 240.2947 0132044 165.3555 195.1489 14.34479366038764
0 COSMOS 2251 DEB
1 34122U 93036KT  09314.24503375  .00000215  00000-0  78038-4 0  9997
2 34122 074.0468 238.3800 0132062 163.1940 197.3641 14.34479749 38919
0 COSMOS 2251 DEB
1 34122U 93036KT  09314.80295743 +.00000216 +00000-0 +78231-4 0  9992
2 34122 074.0468 237.3588 0132046 162.0369 198.5521 14.34480032038991
0 COSMOS 2251 DEB
1 34122U 93036KT  09315.77932296 +.00000217 +00000-0 +78434-4 0  9996
2 34122 074.0479 235.5719 0132010 160.0323 200.6097 14.34480627039138
0 COSMOS 2251 DEB
1 34122U 93036KT  09316.19776441 +.00000224 +00000-0 +80802-4 0  9991
2 34122 074.0478 234.8058 0132132 159.1471 201.5160 14.34481002039198
0 COSMOS 2251 DEB
1 34122U 93036KT  09318.22023360  .00000222  00000-0  80178-4 0  9996
2 34122 074.0480 231.1051 0132110 154.9530 205.8108 14.34481987 39482
0 COSMOS 2251 DEB
1 34122U 93036KT  09318.70841566 +.00000217 +00000-0 +78555-4 0  9995
2 34122 074.0483 230.2115 0132178 153.9519 206.8357 14.34482146039559
0 COSMOS 2251 DEB
1 34122U 93036KT  09319.75451954 +.00000225 +00000-0 +81101-4 0  9999
2 34122 074.0496 228.2966 0132092 151.8313 209.0122 14.34482909039707
0 COSMOS 2251 DEB
1 34122U 93036KT  09320.17295986 +.00000226 +00000-0 +81369-4 0  9995
2 34122 074.0491 227.5303 0132111 150.9623 209.8969 14.34483124039768
0 COSMOS 2251 DEB
1 34122U 93036KT  09322.12568472  .00000230  00000-0  82487-4 0  9992
2 34122 074.0496 223.9570 0132105 146.9036 214.0480 14.34484198 40046
0 COSMOS 2251 DEB
1 34122U 93036KT  09323.17178628 +.00000241 +00000-0 +85992-4 0  9994
2 34122 074.0492 222.0422 0131932 144.6747 216.3243 14.34484909040197
0 COSMOS 2251 DEB
1 34122U 93036KT  09324.14814706  .00000238  00000-0  85122-4 0  9997
2 34122 074.0479 220.2548 0131892 142.6388 218.4018 14.34485330 40333
0 COSMOS 2251 DEB
1 34122U 93036KT  09325.68242749 +.00000253 +00000-0 +90030-4 0  9990
2 34122 074.0484 217.4475 0131761 139.4717 221.6421 14.34486523040554
0 COSMOS 2251 DEB
1 34122U 93036KT  09326.65878502  .00000252  00000-0  89824-4 0  9998
2 34122 074.0473 215.6590 0131727 137.4160 223.7285 14.34487010 40690
0 COSMOS 2251 DEB
1 34122U 93036KT  09327.14696461 +.00000253 +00000-0 +90046-4 0  9994
2 34122 074.0469 214.7654 0131606 136.4090 224.7562 14.34487270040768
0 COSMOS 2251 DEB
1 34122U 93036KT  09328.68124100  .00000263  00000-0  93277-4 0  9990
2 34122 074.0470 211.9562 0131253 133.2134 228.0171 14.34488492 40983
0 COSMOS 2251 DEB
1 34122U 93036KT  09329.65759554 +.00000270 +00000-0 +95610-4 0  9996
2 34122 074.0461 210.1685 0131195 131.1891 230.0694 14.34489229041121
0 COSMOS 2251 DEB
1 34122U 93036KT  09330.63395074 +.00000272 +00000-0 +96220-4 0  9999
2 34122 074.0455 208.3808 0131182 129.1559 232.1341 14.34489857041268
0 COSMOS 2251 DEB
1 34122U 93036KT  09331.05238877  .00000269  00000-0  95055-4 0  9994
2 34122 074.0452 207.6144 0131044 128.2329 233.0699 14.34490042 41323
0 COSMOS 2251 DEB
1 34122U 93036KT  09332.65640001 +.00000279 +00000-0 +98286-4 0  9997
2 34122 074.0454 204.6782 0130827 124.8645 236.4927 14.34491257041556
0 COSMOS 2251 DEB
1 34122U 93036KT  09333.07483672  .00000326  00000-0  11352-3 0  9994
2 34122 074.0451 203.9118 0130537 123.8543 237.5187 14.34492323 41614
0 COSMOS 2251 DEB
1 34122U 93036KT  09334.60910360 +.00000327 +00000-0 +11391-3 0  9997
2 34122 074.0451 201.1037 0130526 120.6790 240.7309 14.34493431041838
0 COSMOS 2251 DEB
1 34122U 93036KT  09336.07363048  .00000336  00000-0  11692-3 0  9999
2 34122 074.0455 198.4237 0130556 117.6572 243.7929 14.34494664 42043
0 COSMOS 2251 DEB
1 34122U 93036KT  09337.04998018 +.00000352 +00000-0 +12198-3 0  9998
2 34122 074.0462 196.6367 0130549 115.6169 245.8590 14.34495728042181
0 COSMOS 2251 DEB
1 34122U 93036KT  09338.02632838 +.00000360 +00000-0 +12443-3 0  9994
2 34122 074.0453 194.8486 0130554 113.5766 247.9194 14.34496624042324
0 COSMOS 2251 DEB
1 34122U 93036KT  09339.00267593  .00000364  00000-0  12583-3 0  9994
2 34122 074.0440 193.0600 0130422 111.5067 250.0083 14.34497450 42460
0 COSMOS 2251 DEB
1 34122U 93036KT  09340.60667383 +.00000373 +00000-0 +12883-3 0  9996
2 34122 074.0429 190.1236 0130356 108.1473 253.3948 14.34498835042698
0 COSMOS 2251 DEB
1 34122U 93036KT  09341.02510734  .00000372  00000-0  12855-3 0  9998
2 34122 074.0428 189.3575 0130323 107.2616 254.2843 14.34499150 42758
0 COSMOS 2251 DEB
1 34122U 93036KT  09341.58301909 +.00000370 +00000-0 +12784-3 0  9990
2 34122 074.0428 188.3360 0130331 106.0936 255.4599 14.34499543042836
0 COSMOS 2251 DEB
1 34122U 93036KT  09342.55936395 +.00000372 +00000-0 +12841-3 0  9997
2 34122 074.0430 186.5489 0130383 104.0845 257.4828 14.34500356042972
0 COSMOS 2251 DEB
1 34122U 93036KT  09343.95414094  .00000370  00000-0  12782-3 0  9991
2 34122 074.0432 183.9963 0130365 101.1800 260.4029 14.34501429 43173
0 COSMOS 2251 DEB
1 34122U 93036KT  09345.55813219 +.00000371 +00000-0 +12801-3 0  9994
2 34122 074.0429 181.0597 0130310 097.8054 263.7911 14.34502699043405
0 COSMOS 2251 DEB
1 34122U 93036KT  09345.97656432  .00000373  00000-0  12859-3 0  9997
2 34122 074.0435 180.2945 0130347 096.9346 264.6658 14.34503108 43464
0 COSMOS 2251 DEB
1 34122U 93036KT  09346.53447338 +.00000376 +00000-0 +12962-3 0  9991
2 34122 074.0437 179.2730 0130326 095.7392 265.8636 14.34503613043540
0 COSMOS 2251 DEB
1 34122U 93036KT  09347.51081352 +.00000380 +00000-0 +13091-3 0  9999
2 34122 074.0437 177.4858 0130329 093.6896 267.9173 14.34504485043682
0 COSMOS 2251 DEB
1 34122U 93036KT  09347.92924471 +.00000380 +00000-0 +13100-3 0  9993
2 34122 074.0436 176.7197 0130326 092.8166 268.7911 14.34504829043745
0 COSMOS 2251 DEB
1 34122U 93036KT  09348.97532205  .00000378  00000-0  13047-3 0  9996
2 34122 074.0434 174.8047 0130299 090.5998 271.0079 14.34505638 43890
0 COSMOS 2251 DEB
1 34122U 93036KT  09349.53322969 +.00000379 +00000-0 +13076-3 0  9996
2 34122 074.0432 173.7836 0130304 089.4574 272.1510 14.34506099043979
0 COSMOS 2251 DEB
1 34122U 93036KT  09350.92799570 +.00000404 +00000-0 +13859-3 0  9995
2 34122 074.0440 171.2304 0130269 086.3664 275.2392 14.34507862044171
0 COSMOS 2251 DEB
1 34122U 93036KT  09351.48590159  .00000407  00000-0  13976-3 0  9992
2 34122 074.0442 170.2091 0130255 085.1410 276.4611 14.34508445 44250
0 COSMOS 2251 DEB
1 34122U 93036KT  09352.46223644 +.00000412 +00000-0 +14137-3 0  9999
2 34122 074.0441 168.4221 0130245 083.1283 278.4680 14.34509376044395
0 COSMOS 2251 DEB
1 34122U 93036KT  09352.95040333 +.00000407 +00000-0 +13985-3 0  9999
2 34122 074.0451 167.5292 0130256 082.0323 279.5569 14.34509767044469
0 COSMOS 2251 DEB
1 34122U 93036KT  09354.48464186  .00000450  00000-0  15354-3 0  9995
2 34122 074.0446 164.7203 0130176 078.9131 282.6761 14.34511911 44683
0 COSMOS 2251 DEB
1 34122U 93036KT  09355.60044654 +.00000459 +00000-0 +15637-3 0  9997
2 34122 074.0438 162.6770 0130076 076.4743 285.0901 14.34513161044841
0 COSMOS 2251 DEB
1 34122U 93036KT  09356.50703776  .00000469  00000-0  15960-3 0  9994
2 34122 074.0439 161.0177 0130117 074.7159 286.8340 14.34514255 44979
0 COSMOS 2251 DEB
1 34122U 93036KT  09356.85572676 +.00000470 +00000-0 +16006-3 0  9999
2 34122 074.0440 160.3796 0130136 074.0070 287.5379 14.34514643045024
0 COSMOS 2251 DEB
1 34122U 93036KT  09358.45969469 +.00000496 +00000-0 +16841-3 0  9992
2 34122 074.0440 157.4438 0130112 070.7025 290.8185 14.34516704045258
0 COSMOS 2251 DEB
1 34122U 93036KT  09358.87811987  .00000498  00000-0  16908-3 0  9995
2 34122 074.0443 156.6784 0130117 069.8473 291.6628 14.34517198 45313
0 COSMOS 2251 DEB
1 34122U 93036KT  09359.57549589 +.00000531 +00000-0 +17972-3 0  9999
2 34122 074.0455 155.4035 0130052 068.3255 293.1782 14.34518636045419
0 COSMOS 2251 DEB
1 34122U 93036KT  09360.83076905 +.00000532 +00000-0 +18016-3 0  9998
2 34122 074.0448 153.1049 0130053 065.7317 295.7359 14.34520045045596
0 COSMOS 2251 DEB
1 34122U 93036KT  09361.80709285  .00000534  00000-0  18078-3 0  9990
2 34122 074.0437 151.3174 0130012 063.6559 297.7889 14.34521129 45733
0 COSMOS 2251 DEB
1 34122U 93036KT  09362.43472881 +.00000540 +00000-0 +18265-3 0  9994
2 34122 074.0444 150.1687 0130025 062.3856 299.0433 14.34521961045821
0 COSMOS 2251 DEB
1 34122U 93036KT  09363.82947336  .00000554  00000-0  18723-3 0  9994
2 34122 074.0444 147.6158 0129983 059.4806 301.9106 14.34523823 46020
0 COSMOS 2251 DEB
1 34122U 93036KT  09364.80579275 +.00000565 +00000-0 +19081-3 0  9996
2 34122 074.0442 145.8283 0129972 057.3834 303.9789 14.34525208046166
0 COSMOS 2251 DEB
1 34122U 93036KT  09365.78211157 +.00000566 +00000-0 +19104-3 0  9993
2 34122 074.0445 144.0415 0129947 055.3428 305.9877 14.34526356046307
0 COSMOS 2251 DEB
1 34122U 93036KT  10001.82816677  .00000564  00000-0  19048-3 0  9990
2 34122 074.0448 142.1271 0129898 053.1808 308.1165 14.34527545 46454
0 COSMOS 2251 DEB
1 34122U 93036KT  10002.52553542 +.00000562 +00000-0 +18984-3 0  9993
2 34122 074.0450 140.8501 0129847 051.7201 309.5506 14.34528344046556
0 COSMOS 2251 DEB
1 34122U 93036KT  10003.78080098 +.00000540 +00000-0 +18284-3 0  9992
2 34122 074.0452 138.5525 0129804 049.0174 312.2109 14.34529336046732
0 COSMOS 2251 DEB
1 34122U 93036KT  10004.40843245  .00000532  00000-0  18023-3 0  9995
2 34122 074.0446 137.4036 0129744 047.7389 313.4652 14.34529836 46827
0 COSMOS 2251 DEB
1 34122U 93036KT  10004.75711687 +.00000534 +00000-0 +18093-3 0  9996
2 34122 074.0448 136.7655 0129746 047.0120 314.1822 14.34530268046879
0 COSMOS 2251 DEB
1 34122U 93036KT  10005.38474751 +.00000534 +00000-0 +18088-3 0  9998
2 34122 074.0448 135.6167 0129744 045.7107 315.4598 14.34530970046967
0 COSMOS 2251 DEB
1 34122U 93036KT  10006.70974512  .00000480  00000-0  16352-3 0  9997
2 34122 074.0453 133.1920 0129774 042.8126 318.2959 14.34531458 47151
0 COSMOS 2251 DEB
1 34122U 93036KT  10007.33737618 +.00000479 +00000-0 +16319-3 0  9992
2 34122 074.0462 132.0436 0129748 041.5355 319.5557 14.34532150047240
0 COSMOS 2251 DEB
1 34122U 93036KT  10008.73210838  .00000467  00000-0  15928-3 0  9999
2 34122 074.0461 129.4907 0129773 038.5703 322.4609 14.34533295 47447
0 COSMOS 2251 DEB
1 34122U 93036KT  10010.75446697  .00000447  00000-0  15289-3 0  9996
2 34122 074.0469 125.7897 0129958 034.2669 326.6720 14.34534947 47738
0 COSMOS 2251 DEB
1 34122U 93036KT  10012.42814130 +.00000459 +00000-0 +15653-3 0  9991
2 34122 074.0467 122.7257 0129888 030.7395 330.1336 14.34536808047979
0 COSMOS 2251 DEB
1 34122U 93036KT  10013.26497587  .00000456  00000-0  15562-3 0  9993
2 34122 074.0463 121.1934 0129861 029.0056 331.8223 14.34537543 48090
0 COSMOS 2251 DEB
1 34122U 93036KT  10014.72943699 +.00000470 +00000-0 +16023-3 0  9994
2 34122 074.0470 118.5132 0129854 025.8770 334.8823 14.34539193048303
0 COSMOS 2251 DEB
1 34122U 93036KT  10015.28732587  .00000467  00000-0  15928-3 0  9997
2 34122 074.0469 117.4918 0129875 024.7147 336.0142 14.34539689 48386
0 COSMOS 2251 DEB
1 34122U 93036KT  10016.68204855 +.00000456 +00000-0 +15576-3 0  9991
2 34122 074.0464 114.9376 0129983 021.7087 338.9462 14.34540771048583
0 COSMOS 2251 DEB
1 34122U 93036KT  10017.65835409  .00000454  00000-0  15507-3 0  9996
2 34122 074.0464 113.1506 0130029 019.6438 340.9642 14.34541658 48722
0 COSMOS 2251 DEB
1 34122U 93036KT  10018.21624248 +.00000453 +00000-0 +15483-3 0  9998
2 34122 074.0463 112.1295 0130016 018.4817 342.0995 14.34542189048802
0 COSMOS 2251 DEB
1 34122U 93036KT  10020.23858490  .00000447  00000-0  15288-3 0  9997
2 34122 074.0463 108.4277 0129937 014.2725 346.2031 14.34544012 49098
0 COSMOS 2251 DEB
1 34122U 93036KT  10021.35435835 +.00000444 +00000-0 +15211-3 0  9998
2 34122 074.0458 106.3844 0129957 011.9068 348.5072 14.34545009049250
0 COSMOS 2251 DEB
1 34122U 93036KT  10022.60960341  .00000441  00000-0  15107-3 0  9993
2 34122 074.0453 104.0860 0130105 009.2459 351.1027 14.34546119 49432
0 COSMOS 2251 DEB
1 34122U 93036KT  10024.21352577 +.00000428 +00000-0 +14674-3 0  9991
2 34122 074.0452 101.1497 0130089 005.8327 354.4293 14.34547402049664
0 COSMOS 2251 DEB
1 34122U 93036KT  10024.98061857  .00000454  00000-0  15502-3 0  9993
2 34122 074.0454 099.7453 0130205 004.2075 356.0216 14.34548644 49777
0 COSMOS 2251 DEB
1 34122U 93036KT  10025.60823855 +.00000442 +00000-0 +15133-3 0  9994
2 34122 074.0457 098.5970 0130311 002.8436 357.3414 14.34548975049865
0 COSMOS 2251 DEB
1 34122U 93036KT  10026.16612375 +.00000446 +00000-0 +15271-3 0  9996
2 34122 074.0455 097.5755 0130351 001.6699 358.4877 14.34549591049944
0 COSMOS 2251 DEB
1 34122U 93036KT  10027.97924804  .00000460  00000-0  15708-3 0  9990
2 34122 074.0463 094.2571 0130321 357.8844 002.1781 14.34551615 50206
0 COSMOS 2251 DEB
1 34122U 93036KT  10029.30422055 +.00000451 +00000-0 +15418-3 0  9998
2 34122 074.0467 091.8326 0130300 355.0634 004.9155 14.34552703050399
0 COSMOS 2251 DEB
1 34122U 93036KT  10030.28051784  .00000446  00000-0  15259-3 0  9991
2 34122 074.0463 090.0451 0130411 352.9960 006.9341 14.34553513 50531
0 COSMOS 2251 DEB
1 34122U 93036KT  10030.90813694 +.00000448 +00000-0 +15319-3 0  9995
2 34122 074.0462 088.8963 0130385 351.6999 008.1997 14.34554143050622
0 COSMOS 2251 DEB
1 34122U 93036KT  10031.11734302 +.00000446 +00000-0 +15263-3 0  9993
2 34122 074.0463 088.5133 0130431 351.2611 008.6263 14.34554309050656
0 COSMOS 2251 DEB
1 34122U 93036KT  10032.30284402  .00000425  00000-0  14599-3 0  9994
2 34122 074.0474 086.3450 0130582 348.6923 011.1238 14.34555074 50829
0 COSMOS 2251 DEB
1 34122U 93036KT  10033.90675735 +.00000444 +00000-0 +15182-3 0  9994
2 34122 074.0472 083.4085 0130939 345.3215 014.4168 14.34556857051057
0 COSMOS 2251 DEB
1 34122U 93036KT  10034.53437462  .00000440  00000-0  15061-3 0  9999
2 34122 074.0465 082.2585 0130945 344.0040 015.6998 14.34557341 51143
0 COSMOS 2251 DEB
1 34122U 93036KT  10035.09225645 +.00000440 +00000-0 +15058-3 0  9995
2 34122 074.0464 081.2372 0130963 342.8344 016.8402 14.34557867051223
0 COSMOS 2251 DEB
1 34122U 93036KT  10035.92907895 +.00000442 +00000-0 +15130-3 0  9994
2 34122 074.0467 079.7057 0131040 341.0921 018.5388 14.34558699051346
0 COSMOS 2251 DEB
1 34122U 93036KT  10038.85795500  .00000428  00000-0  14689-3 0  9999
2 34122 074.0471 074.3451 0131029 334.9172 024.5639 14.34561249 51763
0 COSMOS 2251 DEB
1 34122U 93036KT  10038.85795500 +.00000428 +00000-0 +14689-3 0  9999
2 34122 074.0471 074.3451 0131029 334.9172 024.5639 14.34561249051763
0 COSMOS 2251 DEB
1 34122U 93036KT  10040.88027223  .00000431  00000-0  14789-3 0  9990
2 34122 074.0476 070.6443 0131065 330.7065 028.6797 14.34563201 52056
0 COSMOS 2251 DEB
1 34122U 93036KT  10043.46046643 +.00000442 +00000-0 +15128-3 0  9994
2 34122 074.0470 065.9204 0131216 325.3643 033.9028 14.34565759052429
0 COSMOS 2251 DEB
1 34122U 93036KT  10044.08808053 +.00000443 +00000-0 +15159-3 0  9999
2 34122 074.0470 064.7714 0131253 324.0595 035.1787 14.34566379052510
0 COSMOS 2251 DEB
1 34122U 93036KT  10045.13410373 +.00000445 +00000-0 +15213-3 0  9993
2 34122 074.0471 062.8567 0131243 321.8968 037.2954 14.34567421052668
0 COSMOS 2251 DEB
1 34122U 93036KT  10046.45906538 +.00000468 +00000-0 +15979-3 0  9996
2 34122 074.0474 060.4317 0131244 319.1005 040.0429 14.34569268052852
0 COSMOS 2251 DEB
1 34122U 93036KT  10047.43535118 +.00000473 +00000-0 +16136-3 0  9999
2 34122 074.0469 058.6438 0131301 317.0880 042.0104 14.34570342052993
0 COSMOS 2251 DEB
1 34122U 93036KT  10048.41163608 +.00000490 +00000-0 +16678-3 0  9999
2 34122 074.0469 056.8563 0131340 315.0489 044.0101 14.34571759053137
0 COSMOS 2251 DEB
1 34122U 93036KT  10049.45765582  .00000516  00000-0  17512-3 0  9990
2 34122 074.0475 054.9407 0131251 312.9014 046.1232 14.34573442 53286
0 COSMOS 2251 DEB
1 34122U 93036KT  10050.43393921 +.00000544 +00000-0 +18399-3 0  9999
2 34122 074.0473 053.1521 0131340 310.8906 048.0964 14.34575061053426
0 COSMOS 2251 DEB
1 34122U 93036KT  10051.41022208 +.00000572 +00000-0 +19310-3 0  9990
2 34122 074.0472 051.3653 0131186 308.8115 050.1458 14.34576822053561
0 COSMOS 2251 DEB
1 34122U 93036KT  10052.03783137  .00000585  00000-0  19737-3 0  9991
2 34122 074.0479 050.2168 0131219 307.5247 051.4071 14.34577894 53651
0 COSMOS 2251 DEB
1 34122U 93036KT  10052.38650321 +.00000606 +00000-0 +20387-3 0  9994
2 34122 074.0482 049.5788 0131491 306.9630 051.9533 14.34578672053704
0 COSMOS 2251 DEB
1 34122U 93036KT  10053.36278482 +.00000622 +00000-0 +20917-3 0  9994
2 34122 074.0479 047.7908 0131475 304.8970 053.9914 14.34580291053840
0 COSMOS 2251 DEB
1 34122U 93036KT  10054.06012821  .00000627  00000-0  21080-3 0  9992
2 34122 074.0478 046.5133 0131580 303.4711 055.3929 14.34581287 53940
0 COSMOS 2251 DEB
1 34122U 93036KT  10054.40879989 +.00000644 +00000-0 +21606-3 0  9999
2 34122 074.0486 045.8750 0131617 302.7734 056.0822 14.34582070053990
0 COSMOS 2251 DEB
1 34122U 93036KT  10055.03640838 +.00000655 +00000-0 +21945-3 0  9996
2 34122 074.0492 044.7253 0131659 301.5299 057.3049 14.34583094054085
0 COSMOS 2251 DEB
1 34122U 93036KT  10056.01268852 +.00000666 +00000-0 +22319-3 0  9995
2 34122 074.0490 042.9374 0131308 299.4392 059.3705 14.34584493054228
0 COSMOS 2251 DEB
1 34122U 93036KT  10056.98896810  .00000658  00000-0  22063-3 0  9999
2 34122 074.0489 041.1505 0131257 297.4063 061.3755 14.34585664 54363
0 COSMOS 2251 DEB
1 34122U 93036KT  10057.33764020 +.00000649 +00000-0 +21789-3 0  9990
2 34122 074.0486 040.5110 0131449 296.7296 062.0429 14.34585941054418
0 COSMOS 2251 DEB
1 34122U 93036KT  10058.94152857 +.00000618 +00000-0 +20759-3 0  9999
2 34122 074.0489 037.5746 0131663 293.5633 065.1693 14.34587547054646
0 COSMOS 2251 DEB
1 34122U 93036KT  10059.35993448  .00000616  00000-0  20721-3 0  9991
2 34122 074.0490 036.8090 0131669 292.6957 066.0315 14.34588067 54703
0 COSMOS 2251 DEB
1 34122U 93036KT  10060.33621327 +.00000609 +00000-0 +20491-3 0  9991
2 34122 074.0484 035.0213 0131558 290.6184 068.0894 14.34589095054842
0 COSMOS 2251 DEB
1 34122U 93036KT  10061.94010029  .00000582  00000-0  19606-3 0  9996
2 34122 074.0483 032.0852 0131625 287.3021 071.3781 14.34590545 55075
0 COSMOS 2251 DEB
1 34122U 93036KT  10061.94010029 +.00000582 +00000-0 +19606-3 0  9996
2 34122 074.0483 032.0852 0131625 287.3021 071.3781 14.34590545055075
0 COSMOS 2251 DEB
1 34122U 93036KT  10062.35850544 +.00000567 +00000-0 +19129-3 0  9999
2 34122 074.0484 031.3195 0131657 286.4587 072.2107 14.34590705055137
0 COSMOS 2251 DEB
1 34122U 93036KT  10063.33478384 +.00000544 +00000-0 +18393-3 0  9993
2 34122 074.0494 029.5320 0131812 284.6077 074.0390 14.34591393055277
0 COSMOS 2251 DEB
1 34122U 93036KT  10063.96239269  .00000537  00000-0  18174-3 0  9998
2 34122 074.0497 028.3829 0132045 283.2870 075.3595 14.34592030 55366
0 COSMOS 2251 DEB
1 34122U 93036KT  10064.93867199 +.00000513 +00000-0 +17397-3 0  9995
2 34122 074.0501 026.5957 0132395 281.5079 077.1238 14.34592689055504
0 COSMOS 2251 DEB
1 34122U 93036KT  10065.28734228 +.00000502 +00000-0 +17041-3 0  9994
2 34122 074.0500 025.9574 0132425 280.8286 077.7943 14.34592840055550
0 COSMOS 2251 DEB
1 34122U 93036KT  10065.98468392  .00000501  00000-0  16989-3 0  9996
2 34122 074.0500 024.6812 0132414 279.3735 079.2461 14.34593542 55654
0 COSMOS 2251 DEB
1 34122U 93036KT  10066.89122936 +.00000458 +00000-0 +15627-3 0  9997
2 34122 074.0503 023.0220 0132396 277.5240 081.0869 14.34593626055783
0 COSMOS 2251 DEB
1 34122U 93036KT  10067.30963519 +.00000446 +00000-0 +15232-3 0  9993
2 34122 074.0499 022.2549 0132365 276.6314 081.9795 14.34593749055840
0 COSMOS 2251 DEB
1 34122U 93036KT  10068.28591264  .00000421  00000-0  14423-3 0  9999
2 34122 074.0497 020.4667 0132114 274.6817 083.9165 14.34594143 55984
0 COSMOS 2251 DEB
1 34122U 93036KT  10068.91352133 +.00000410 +00000-0 +14098-3 0  9995
2 34122 074.0499 019.3175 0132119 273.3609 085.2419 14.34594527056071
0 COSMOS 2251 DEB
1 34122U 93036KT  10069.26219219 +.00000405 +00000-0 +13929-3 0  9997
2 34122 074.0497 018.6790 0132080 272.6939 085.9070 14.34594719056128
0 COSMOS 2251 DEB
1 34122U 93036KT  10070.86607710  .00000399  00000-0  13737-3 0  9991
2 34122 074.0496 015.7436 0132021 269.3582 089.2448 14.34596022 56354
0 COSMOS 2251 DEB
1 34122U 93036KT  10071.28448140 +.00000403 +00000-0 +13873-3 0  9995
2 34122 074.0493 014.9772 0131917 268.4108 090.1965 14.34596480056412
0 COSMOS 2251 DEB
1 34122U 93036KT  10072.88836344  .00000396  00000-0  13634-3 0  9995
2 34122 074.0491 012.0402 0131836 264.9943 093.6124 14.34597736 56642
0 COSMOS 2251 DEB
1 34122U 93036KT  10073.93437455 +.00000401 +00000-0 +13786-3 0  9997
2 34122 074.0494 010.1257 0131777 262.8506 095.7640 14.34598714056797
0 COSMOS 2251 DEB
1 34122U 93036KT  10074.91065110  .00000401  00000-0  13792-3 0  9998
2 34122 074.0490 008.3380 0131701 260.8065 097.8170 14.34599538 56936
0 COSMOS 2251 DEB
1 34122U 93036KT  10074.91065110 +.00000401 +00000-0 +13792-3 0  9998
2 34122 074.0490 008.3380 0131701 260.8065 097.8170 14.34599538056936
0 COSMOS 2251 DEB
1 34122U 93036KT  10075.25932120 +.00000404 +00000-0 +13913-3 0  9998
2 34122 074.0490 007.6997 0131650 260.0753 098.5538 14.34599943056982
0 COSMOS 2251 DEB
1 34122U 93036KT  10076.86320224 +.00000414 +00000-0 +14203-3 0  9996
2 34122 074.0494 004.7642 0131660 256.7785 101.8658 14.34601561057217
0 COSMOS 2251 DEB
1 34122U 93036KT  10077.21187199  .00000424  00000-0  14545-3 0  9998
2 34122 074.0500 004.1259 0131732 256.0539 102.5974 14.34602107 57264
0 COSMOS 2251 DEB
1 34122U 93036KT  10078.18814650 +.00000437 +00000-0 +14951-3 0  9999
2 34122 074.0504 002.3397 0131649 254.0496 104.6136 14.34603251057408
0 COSMOS 2251 DEB
1 34122U 93036KT  10079.86175977 +.00000454 +00000-0 +15507-3 0  9994
2 34122 074.0501 359.2763 0131479 250.6731 108.0165 14.34605143057649
0 COSMOS 2251 DEB
1 34122U 93036KT  10080.76830020 +.00000454 +00000-0 +15513-3 0  9999
2 34122 074.0509 357.6174 0131477 248.8259 109.8807 14.34606058057779
0 COSMOS 2251 DEB
1 34122U 93036KT  10081.18670325 +.00000464 +00000-0 +15812-3 0  9999
2 34122 074.0512 356.8507 0131512 247.9762 110.7426 14.34606702057834
0 COSMOS 2251 DEB
1 34122U 93036KT  10082.16297586  .00000473  00000-0  16108-3 0  9991
2 34122 074.0512 355.0643 0131513 245.9687 112.7694 14.34607885 57978
0 COSMOS 2251 DEB
1 34122U 93036KT  10083.13924821 +.00000487 +00000-0 +16544-3 0  9997
2 34122 074.0515 353.2775 0131520 243.9055 114.8566 14.34609163058111
0 COSMOS 2251 DEB
1 34122U 93036KT  10085.09179197  .00000504  00000-0  17109-3 0  9990
2 34122 074.0513 349.7043 0131423 239.8022 119.0103 14.34611521 58392
0 COSMOS 2251 DEB
1 34122U 93036KT  10085.16152487 +.00000507 +00000-0 +17201-3 0  9997
2 34122 074.0507 349.5755 0131379 239.6523 119.1596 14.34611638058405
0 COSMOS 2251 DEB
1 34122U 93036KT  10086.76539881 +.00000512 +00000-0 +17361-3 0  9994
2 34122 074.0508 346.6385 0131245 236.2903 122.5657 14.34613412058633
0 COSMOS 2251 DEB
1 34122U 93036KT  10087.11406752  .00000516  00000-0  17492-3 0  9993
2 34122 074.0507 346.0007 0131299 235.5623 123.3076 14.34613854 58686
0 COSMOS 2251 DEB
1 34122U 93036KT  10087.74166989 +.00000519 +00000-0 +17577-3 0  9994
2 34122 074.0508 344.8516 0131196 234.2285 124.6595 14.34614549058776
0 COSMOS 2251 DEB
1 34122U 93036KT  10088.78767424 +.00000522 +00000-0 +17696-3 0  9996
2 34122 074.0508 342.9372 0131136 232.0662 126.8575 14.34615741058928
0 COSMOS 2251 DEB
1 34122U 93036KT  10089.13634221  .00000527  00000-0  17849-3 0  9999
2 34122 074.0510 342.2982 0131045 231.3672 127.5696 14.34616232 58976
0 COSMOS 2251 DEB
1 34122U 93036KT  10090.74021361 +.00000520 +00000-0 +17632-3 0  9996
2 34122 074.0511 339.3618 0130989 228.0362 130.9539 14.34617828059208
0 COSMOS 2251 DEB
1 34122U 93036KT  10091.08888179 +.00000520 +00000-0 +17631-3 0  9991
2 34122 074.0512 338.7239 0130863 227.3847 131.6189 14.34618209059250
0 COSMOS 2251 DEB
1 34122U 93036KT  10092.06515105  .00000521  00000-0  17638-3 0  9994
2 34122 074.0514 336.9362 0130829 225.3273 133.7163 14.34619294 59397
0 COSMOS 2251 DEB
1 34122U 93036KT  10092.76248561 +.00000513 +00000-0 +17390-3 0  9996
2 34122 074.0514 335.6597 0131023 223.8063 135.2659 14.34619930059495
0 COSMOS 2251 DEB
1 34122U 93036KT  10093.73875525 +.00000505 +00000-0 +17135-3 0  9998
2 34122 074.0528 333.8725 0130415 221.9473 137.1626 14.34620884059632
0 COSMOS 2251 DEB
1 34122U 93036KT  10094.08742252  .00000505  00000-0  17135-3 0  9997
2 34122 074.0528 333.2346 0130414 221.2233 137.9016 14.34621256 59681
0 COSMOS 2251 DEB
1 34122U 93036KT  10094.71502313 +.00000505 +00000-0 +17135-3 0  9999
2 34122 074.0528 332.0863 0130413 219.9202 139.2307 14.34621925059772
0 COSMOS 2251 DEB
1 34122U 93036KT  10095.06369006 +.00000521 +00000-0 +17678-3 0  9998
2 34122 074.0522 331.4466 0130071 219.2360 139.9350 14.34622713059823
0 COSMOS 2251 DEB
1 34122U 93036KT  10096.03995605 +.00000533 +00000-0 +18052-3 0  9996
2 34122 074.0524 329.6591 0130089 217.1298 142.0843 14.34624025059964
0 COSMOS 2251 DEB
1 34122U 93036KT  10097.01622138  .00000546  00000-0  18455-3 0  9994
2 34122 074.0523 327.8710 0130095 215.0316 144.2275 14.34625378 60104
0 COSMOS 2251 DEB
1 34122U 93036KT  10097.08595378 +.00000552 +00000-0 +18660-3 0  9991
2 34122 074.0517 327.7421 0130103 214.8496 144.4119 14.34625585060111
0 COSMOS 2251 DEB
1 34122U 93036KT  10098.68981543 +.00000578 +00000-0 +19497-3 0  9998
2 34122 074.0512 324.8052 0130068 211.5473 147.7854 14.34628030060348
0 COSMOS 2251 DEB
1 34122U 93036KT  10099.03848082  .00000588  00000-0  19792-3 0  9997
2 34122 074.0510 324.1642 0131042 210.3917 148.9755 14.34628669 60393
0 COSMOS 2251 DEB
1 34122U 93036KT  10100.64233699 +.00000622 +00000-0 +20868-3 0  9994
2 34122 074.0508 321.2286 0130998 207.1066 152.3208 14.34631319060624
0 COSMOS 2251 DEB
1 34122U 93036KT  10102.59486033  .00000688  00000-0  22993-3 0  9995
2 34122 074.0512 317.6550 0130822 203.2360 156.3053 14.34635240 60902
0 COSMOS 2251 DEB
1 34122U 93036KT  10103.01325341 +.00000688 +00000-0 +22993-3 0  9997
2 34122 074.0512 316.8893 0130821 202.3673 157.1745 14.34635839060966
0 COSMOS 2251 DEB
1 34122U 93036KT  10103.98951266 +.00000714 +00000-0 +23847-3 0  9993
2 34122 074.0501 315.1008 0130520 200.3388 159.2572 14.34637688061103
0 COSMOS 2251 DEB
1 34122U 93036KT  10104.96577011  .00000710  00000-0  23694-3 0  9990
2 34122 074.0499 313.3139 0130590 198.3158 161.3264 14.34639035 61247
0 COSMOS 2251 DEB
1 34122U 93036KT  10106.01176025 +.00000718 +00000-0 +23972-3 0  9995
2 34122 074.0494 311.3986 0130495 196.1306 163.5688 14.34640713061390
0 COSMOS 2251 DEB
1 34122U 93036KT  10106.98801621  .00000719  00000-0  23986-3 0  9994
2 34122 074.0491 309.6104 0130538 194.0784 165.6708 14.34642128 61538
0 COSMOS 2251 DEB
1 34122U 93036KT  10107.54587671 +.00000718 +00000-0 +23952-3 0  9995
2 34122 074.0492 308.5887 0130538 192.9030 166.8762 14.34642925061613
0 COSMOS 2251 DEB
1 34122U 93036KT  10108.94052702 +.00000704 +00000-0 +23508-3 0  9994
2 34122 074.0478 306.0341 0130700 190.0265 169.8271 14.34644601061818
0 COSMOS 2251 DEB
1 34122U 93036KT  10109.49838659  .00000701  00000-0  23389-3 0  9992
2 34122 074.0480 305.0130 0130732 188.8682 171.0162 14.34645374 61899
0 COSMOS 2251 DEB
1 34122U 93036KT  10111.93901956  .00000657  00000-0  21977-3 0  9996
2 34122 074.0466 300.5443 0130671 183.8462 176.1648 14.34647957 62247
0 COSMOS 2251 DEB
1 34122U 93036KT  10111.93901956 +.00000657 +00000-0 +21977-3 0  9996
2 34122 074.0466 300.5443 0130671 183.8462 176.1648 14.34647957062247
0 COSMOS 2251 DEB
1 34122U 93036KT  10112.91527301 +.00000632 +00000-0 +21172-3 0  9993
2 34122 074.0465 298.7564 0130650 181.7936 178.2735 14.34648791062380
0 COSMOS 2251 DEB
1 34122U 93036KT  10115.49536379  .00000610  00000-0  20471-3 0  9991
2 34122 074.0459 294.0326 0130603 176.4269 183.7794 14.34651774 62758
0 COSMOS 2251 DEB
1 34122U 93036KT  10116.89000615 +.00000604 +00000-0 +20281-3 0  9997
2 34122 074.0455 291.4785 0130612 173.5475 186.7403 14.34653436062950
0 COSMOS 2251 DEB
1 34122U 93036KT  10117.86625375  .00000605  00000-0  20310-3 0  9995
2 34122 074.0455 289.6910 0130589 171.5262 188.8135 14.34654680 63097
0 COSMOS 2251 DEB
1 34122U 93036KT  10119.88847874  .00000597  00000-0  20052-3 0  9992
2 34122 074.0455 285.9884 0130582 167.3245 193.1243 14.34657108 63382
0 COSMOS 2251 DEB
1 34122U 93036KT  10119.88847874 +.00000597 +00000-0 +20052-3 0  9992
2 34122 074.0455 285.9884 0130582 167.3245 193.1243 14.34657108063382
0 COSMOS 2251 DEB
1 34122U 93036KT  10120.51606502 +.00000590 +00000-0 +19827-3 0  9996
2 34122 074.0459 284.8387 0130659 166.0249 194.4561 14.34657764063472
0 COSMOS 2251 DEB
1 34122U 93036KT  10121.84096825 +.00000590 +00000-0 +19803-3 0  9998
2 34122 074.0446 282.4114 0130618 163.2829 197.2690 14.34659355063661
0 COSMOS 2251 DEB
1 34122U 93036KT  10122.39882174  .00000590  00000-0  19827-3 0  9995
2 34122 074.0446 281.3901 0130617 162.1282 198.4534 14.34660061 63748
0 COSMOS 2251 DEB
1 34122U 93036KT  10123.86318527 +.00000593 +00000-0 +19905-3 0  9994
2 34122 074.0452 278.7096 0130597 159.0926 201.5637 14.34661946063953
0 COSMOS 2251 DEB
1 34122U 93036KT  10124.49076912  .00000595  00000-0  19964-3 0  9990
2 34122 074.0455 277.5607 0130587 157.7882 202.9005 14.34662769 64045
0 COSMOS 2251 DEB
1 34122U 93036KT  10125.81566602 +.00000607 +00000-0 +20372-3 0  9996
2 34122 074.0452 275.1340 0130533 155.0419 205.7131 14.34664701064238
0 COSMOS 2251 DEB
1 34122U 93036KT  10126.44324781 +.00000613 +00000-0 +20559-3 0  9990
2 34122 074.0449 273.9845 0130450 153.7523 207.0332 14.34665637064326
0 COSMOS 2251 DEB
1 34122U 93036KT  10127.34975466  .00000614  00000-0  20584-3 0  9991
2 34122 074.0451 272.3249 0130460 151.8784 208.9502 14.34666822 64459
0 COSMOS 2251 DEB
1 34122U 93036KT  10127.41948585 +.00000617 +00000-0 +20689-3 0  9990
2 34122 074.0456 272.1975 0130464 151.7321 209.1004 14.34667001064469
0 COSMOS 2251 DEB
1 34122U 93036KT  10128.81410950 +.00000626 +00000-0 +20960-3 0  9997
2 34122 074.0454 269.6428 0130491 148.8439 212.0545 14.34668977064666
0 COSMOS 2251 DEB
1 34122U 93036KT  10129.37195841  .00000635  00000-0  21264-3 0  9996
2 34122 074.0455 268.6211 0130418 147.6969 213.2285 14.34669888 64745
0 COSMOS 2251 DEB
1 34122U 93036KT  10129.44168895 +.00000634 +00000-0 +21228-3 0  9992
2 34122 074.0457 268.4934 0130431 147.5518 213.3736 14.34669960064755
0 COSMOS 2251 DEB
1 34122U 93036KT  10130.76657876 +.00000635 +00000-0 +21259-3 0  9996
2 34122 074.0448 266.0664 0130441 144.8031 216.1828 14.34671712064942
0 COSMOS 2251 DEB
1 34122U 93036KT  10131.81254283  .00000636  00000-0  21296-3 0  9990
2 34122 074.0449 264.1514 0130431 142.6357 218.3954 14.34673127 65095
0 COSMOS 2251 DEB
1 34122U 93036KT  10132.78877536 +.00000628 +00000-0 +21039-3 0  9995
2 34122 074.0456 262.3644 0130402 140.6213 220.4497 14.34674247065230
0 COSMOS 2251 DEB
1 34122U 93036KT  10133.69527624 +.00000622 +00000-0 +20837-3 0  9995
2 34122 074.0460 260.7045 0130373 138.7328 222.3755 14.34675299065364
0 COSMOS 2251 DEB
1 34122U 93036KT  10134.39258418  .00000607  00000-0  20333-3 0  9999
2 34122 074.0460 259.4278 0130461 137.3029 223.8316 14.34675867 65469
0 COSMOS 2251 DEB
1 34122U 93036KT  10135.29908389 +.00000604 +00000-0 +20246-3 0  9998
2 34122 074.0458 257.7681 0130461 135.4103 225.7621 14.34676949065593
0 COSMOS 2251 DEB
1 34122U 93036KT  10137.39100143  .00000589  00000-0  19772-3 0  9997
2 34122 074.0468 253.9392 0130356 131.0597 230.1852 14.34679298 65892
0 COSMOS 2251 DEB
1 34122U 93036KT  10137.73965496 +.00000541 +00000-0 +18235-3 0  9996
2 34122 074.0469 253.3005 0130242 130.3087 230.9315 14.34678559065945
0 COSMOS 2251 DEB
1 34122U 93036KT  10138.43696606  .00000508  00000-0  17159-3 0  9995
2 34122 074.0464 252.0227 0130264 128.8796 232.4060 14.34678663 66047
0 COSMOS 2251 DEB
1 34122U 93036KT  10140.38941834 +.00000485 +00000-0 +16425-3 0  9997
2 34122 074.0462 248.4482 0130338 124.8821 236.4573 14.34680221066321
0 COSMOS 2251 DEB
1 34122U 93036KT  10141.36564737  .00000436  00000-0  14843-3 0  9997
2 34122 074.0470 246.6617 0130440 122.8999 238.4742 14.34680250 66465
0 COSMOS 2251 DEB
1 34122U 93036KT  10142.41160525 +.00000349 +00000-0 +12075-3 0  9999
2 34122 074.0475 244.7461 0130311 120.7231 240.6696 14.34679566066617
0 COSMOS 2251 DEB
1 34122U 93036KT  10143.38783301  .00000339  00000-0  11721-3 0  9995
2 34122 074.0473 242.9586 0130349 118.7212 242.7079 14.34680047 66759
0 COSMOS 2251 DEB
1 34122U 93036KT  10144.36405853 +.00000321 +00000-0 +11147-3 0  9990
2 34122 074.0473 241.1716 0130277 116.7208 244.7343 14.34680422066896
0 COSMOS 2251 DEB
1 34122U 93036KT  10145.61920344  .00000303  00000-0  10590-3 0  9997
2 34122 074.0472 238.8736 0130298 114.1153 247.3640 14.34680920 67077
0 COSMOS 2251 DEB
1 34122U 93036KT  10146.66515804 +.00000265 +00000-0 +93532-4 0  9999
2 34122 074.0467 236.9571 0130068 111.8933 249.6029 14.34680810067223
0 COSMOS 2251 DEB
1 34122U 93036KT  10147.36246149 +.00000255 +00000-0 +90429-4 0  9991
2 34122 074.0465 235.6798 0130165 110.4648 251.0494 14.34680983067329
0 COSMOS 2251 DEB
1 34122U 93036KT  10148.26895450  .00000248  00000-0  88076-4 0  9993
2 34122 074.0464 234.0201 0130205 108.6123 252.9208 14.34681347 67454
0 COSMOS 2251 DEB
1 34122U 93036KT  10148.33868489 +.00000246 +00000-0 +87409-4 0  9990
2 34122 074.0464 233.8924 0130222 108.4731 253.0619 14.34681335067461
0 COSMOS 2251 DEB
1 34122U 93036KT  10149.59382734 +.00000232 +00000-0 +83115-4 0  9998
2 34122 074.0473 231.5947 0130177 105.8592 255.6924 14.34681766067641
0 COSMOS 2251 DEB
1 34122U 93036KT  10150.29112863  .00000224  00000-0  80438-4 0  9997
2 34122 074.0474 230.3180 0130156 104.4542 257.1088 14.34682000 67746
0 COSMOS 2251 DEB
1 34122U 93036KT  10150.63977907 +.00000221 +00000-0 +79436-4 0  9996
2 34122 074.0474 229.6792 0130103 103.7290 257.8379 14.34682114067791
0 COSMOS 2251 DEB
1 34122U 93036KT  10151.61600000 +.00000211 +00000-0 +76134-4 0  9993
2 34122 074.0474 227.8918 0130163 101.6996 259.8783 14.34682388067937
0 COSMOS 2251 DEB
1 34122U 93036KT  10152.31330019  .00000208  00000-0  75182-4 0  9999
2 34122 074.0472 226.6148 0130109 100.2508 261.3339 14.34682666 68037
0 COSMOS 2251 DEB
1 34122U 93036KT  10153.56843948 +.00000202 +00000-0 +73502-4 0  9995
2 34122 074.0476 224.3169 0130020 097.6690 263.9258 14.34683203068218
0 COSMOS 2251 DEB
1 34122U 93036KT  10154.26573845 +.00000203 +00000-0 +73866-4 0  9993
2 34122 074.0475 223.0402 0130003 096.2387 265.3610 14.34683571068319
0 COSMOS 2251 DEB
1 34122U 93036KT  10155.24195627  .00000212  00000-0  76553-4 0  9996
2 34122 074.0478 221.2533 0129978 094.2023 267.4022 14.34684206 68452
0 COSMOS 2251 DEB
1 34122U 93036KT  10155.59060488 +.00000210 +00000-0 +75915-4 0  9999
2 34122 074.0478 220.6146 0129938 093.4664 268.1357 14.34684333068509
0 COSMOS 2251 DEB
1 34122U 93036KT  10156.28790220 +.00000214 +00000-0 +77422-4 0  9999
2 34122 074.0478 219.3380 0129899 092.0666 269.5364 14.34684786068603
0 COSMOS 2251 DEB
1 34122U 93036KT  10157.19438914 +.00000216 +00000-0 +77803-4 0  9994
2 34122 074.0478 217.6787 0129906 090.1836 271.4205 14.34685247068735
0 COSMOS 2251 DEB
1 34122U 93036KT  10158.24033472  .00000211  00000-0  76307-4 0  9994
2 34122 074.0475 215.7635 0129915 088.0304 273.5708 14.34685644 68887
0 COSMOS 2251 DEB
1 34122U 93036KT  10159.56519812 +.00000210 +00000-0 +76128-4 0  9997
2 34122 074.0474 213.3375 0129848 085.2877 276.3071 14.34686231069079
0 COSMOS 2251 DEB
1 34122U 93036KT  10160.61114279  .00000206  00000-0  74604-4 0  9995
2 34122 074.0472 211.4223 0129841 083.1194 278.4709 14.34686609 69227
0 COSMOS 2251 DEB
1 34122U 93036KT  10161.23870913 +.00000201 +00000-0 +73072-4 0  9991
2 34122 074.0471 210.2733 0129823 081.8248 279.7601 14.34686783069312
0 COSMOS 2251 DEB
1 34122U 93036KT  10162.21492264 +.00000192 +00000-0 +70117-4 0  9995
2 34122 074.0470 208.4858 0129831 079.8527 281.7213 14.34687011069456
0 COSMOS 2251 DEB
1 34122U 93036KT  10163.19113610  .00000186  00000-0  68428-4 0  9993
2 34122 074.0471 206.6984 0129797 077.7820 283.7813 14.34687330 69598
0 COSMOS 2251 DEB
1 34122U 93036KT  10163.53978384 +.00000182 +00000-0 +67186-4 0  9994
2 34122 074.0471 206.0592 0129678 076.9809 284.5760 14.34687372069645
0 COSMOS 2251 DEB
1 34122U 93036KT  10164.44626798 +.00000168 +00000-0 +62437-4 0  9992
2 34122 074.0470 204.3992 0129677 075.0358 286.5095 14.34687435069774
0 COSMOS 2251 DEB
1 34122U 93036KT  10165.49220972  .00000163  00000-0  60846-4 0  9999
2 34122 074.0468 202.4840 0129629 072.8479 288.6809 14.34687703 69929
0 COSMOS 2251 DEB
1 34122U 93036KT  10166.46842128 +.00000149 +00000-0 +56612-4 0  9990
2 34122 074.0465 200.6957 0129573 070.8106 290.6986 14.34687784070063
0 COSMOS 2251 DEB
1 34122U 93036KT  10167.51436323  .00000132  00000-0  51125-4 0  9999
2 34122 074.0472 198.7809 0129189 068.2342 293.2509 14.34687908 70215
0 COSMOS 2251 DEB
1 34122U 93036KT  10168.42084370 +.00000136 +00000-0 +52289-4 0  9997
2 34122 074.0470 197.1215 0129224 066.3865 295.0792 14.34688297070346
0 COSMOS 2251 DEB
1 34122U 93036KT  10169.46678245 +.00000138 +00000-0 +53001-4 0  9997
2 34122 074.0471 195.2069 0129201 064.2033 297.2374 14.34688698070493
0 COSMOS 2251 DEB
1 34122U 93036KT  10170.16407500  .00000131  00000-0  50787-4 0  9991
2 34122 074.0472 193.9307 0129160 062.7460 298.6774 14.34688828 70590
0 COSMOS 2251 DEB
1 34122U 93036KT  10171.48892882 +.00000140 +00000-0 +53657-4 0  9997
2 34122 074.0460 191.5023 0129070 060.1283 301.2636 14.34689427070786
0 COSMOS 2251 DEB
1 34122U 93036KT  10172.11649095 +.00000141 +00000-0 +53892-4 0  9996
2 34122 074.0460 190.3532 0129065 058.8289 302.5448 14.34689658070873
0 COSMOS 2251 DEB
1 34122U 93036KT  10173.09269858  .00000163  00000-0  61045-4 0  9992
2 34122 074.0464 188.5663 0128975 056.7696 304.5823 14.34690484 71014
0 COSMOS 2251 DEB
1 34122U 93036KT  10174.41754846 +.00000171 +00000-0 +63677-4 0  9997
2 34122 074.0464 186.1408 0128950 053.9972 307.3048 14.34691161071208
0 COSMOS 2251 DEB
1 34122U 93036KT  10175.46348356  .00000180  00000-0  66399-4 0  9992
2 34122 074.0459 184.2240 0129008 051.8105 309.4601 14.34691714 71353
0 COSMOS 2251 DEB
1 34122U 93036KT  10176.36995936 +.00000203 +00000-0 +73857-4 0  9997
2 34122 074.0459 182.5638 0129128 049.8880 311.3529 14.34692508071482
0 COSMOS 2251 DEB
1 34122U 93036KT  10177.41589158 +.00000209 +00000-0 +75991-4 0  9996
2 34122 074.0457 180.6487 0129135 047.6748 313.5248 14.34693139071638
0 COSMOS 2251 DEB
1 34122U 93036KT  10178.04345144  .00000214  00000-0  77600-4 0  9996
2 34122 074.0459 179.5000 0129102 046.3670 314.8127 14.34693566 71726
0 COSMOS 2251 DEB
1 34122U 93036KT  10179.43802643 +.00000232 +00000-0 +83441-4 0  9992
2 34122 074.0456 176.9463 0129103 043.6165 317.5146 14.34694624071926
0 COSMOS 2251 DEB
1 34122U 93036KT  10180.06558430  .00000241  00000-0  86060-4 0  9995
2 34122 074.0455 175.7974 0129117 042.2882 318.8166 14.34695134 72019
0 COSMOS 2251 DEB
1 34122U 93036KT  10180.41422731 +.00000248 +00000-0 +88616-4 0  9994
2 34122 074.0451 175.1584 0129132 041.5579 319.5318 14.34695453072064
0 COSMOS 2251 DEB
1 34122U 93036KT  10181.39042772 +.00000268 +00000-0 +94883-4 0  9990
2 34122 074.0455 173.3719 0129118 039.5183 321.5308 14.34696378072205
0 COSMOS 2251 DEB
1 34122U 93036KT  10182.08771371  .00000270  00000-0  95697-4 0  9998
2 34122 074.0455 172.0949 0129112 038.0692 322.9507 14.34696849 72309
0 COSMOS 2251 DEB
1 34122U 93036KT  10182.36662787 +.00000279 +00000-0 +98496-4 0  9998
2 34122 074.0451 171.5836 0129022 037.5047 323.5045 14.34697150072346
0 COSMOS 2251 DEB
1 34122U 93036KT  10183.41255596 +.00000288 +00000-0 +10132-3 0  9991
2 34122 074.0452 169.6693 0129088 035.3845 325.5821 14.34697993072495
0 COSMOS 2251 DEB
1 34122U 93036KT  10184.38875436  .00000301  00000-0  10567-3 0  9997
2 34122 074.0451 167.8816 0129165 033.3302 327.5931 14.34698886 72635
0 COSMOS 2251 DEB
1 34122U 93036KT  10185.36495189 +.00000310 +00000-0 +10851-3 0  9995
2 34122 074.0451 166.0940 0129229 031.2507 329.6253 14.34699693072771
0 COSMOS 2251 DEB
1 34122U 93036KT  10186.96870273  .00000339  00000-0  11777-3 0  9992
2 34122 074.0449 163.1575 0129327 027.8443 332.9565 14.34701424 73005
0 COSMOS 2251 DEB
1 34122U 93036KT  10187.94489838 +.00000348 +00000-0 +12056-3 0  9995
2 34122 074.0450 161.3706 0129439 025.8425 334.9111 14.34702293073144
0 COSMOS 2251 DEB
1 34122U 93036KT  10188.36326726 +.00000360 +00000-0 +12465-3 0  9996
2 34122 074.0451 160.6041 0129305 025.0888 335.6490 14.34702871073203
0 COSMOS 2251 DEB
1 34122U 93036KT  10188.99082079  .00000360  00000-0  12441-3 0  9999
2 34122 074.0451 159.4551 0129262 023.7845 336.9213 14.34703351 73295
0 COSMOS 2251 DEB
1 34122U 93036KT  10189.96701441 +.00000373 +00000-0 +12871-3 0  9999
2 34122 074.0455 157.6680 0129211 021.7403 338.9162 14.34704367073433
0 COSMOS 2251 DEB
1 34122U 93036KT  10190.94320790 +.00000379 +00000-0 +13076-3 0  9997
2 34122 074.0455 155.8809 0129228 019.6911 340.9177 14.34705287073570
0 COSMOS 2251 DEB
1 34122U 93036KT  10191.29184803  .00000384  00000-0  13218-3 0  9993
2 34122 074.0457 155.2432 0129199 018.9933 341.5980 14.34705657 73627
0 COSMOS 2251 DEB
1 34122U 93036KT  10191.91940031 +.00000388 +00000-0 +13349-3 0  9994
2 34122 074.0457 154.0940 0129234 017.7176 342.8422 14.34706243073711
0 COSMOS 2251 DEB
1 34122U 93036KT  10193.31395984  .00000395  00000-0  13568-3 0  9992
2 34122 074.0458 151.5409 0129421 014.7748 345.7115 14.34707555 73914
0 COSMOS 2251 DEB
1 34122U 93036KT  10193.94151157 +.00000395 +00000-0 +13588-3 0  9995
2 34122 074.0458 150.3918 0129425 013.4713 346.9842 14.34708101074007
0 COSMOS 2251 DEB
1 34122U 93036KT  10194.91770200 +.00000400 +00000-0 +13732-3 0  9997
2 34122 074.0456 148.6043 0129417 011.4812 348.9237 14.34708993074147
0 COSMOS 2251 DEB
1 34122U 93036KT  10196.24253117  .00000403  00000-0  13843-3 0  9994
2 34122 074.0456 146.1791 0129471 008.7362 351.5995 14.34710180 74332
0 COSMOS 2251 DEB
1 34122U 93036KT  10196.93980923 +.00000404 +00000-0 +13860-3 0  9992
2 34122 074.0456 144.9025 0129478 007.2961 353.0034 14.34710795074438
0 COSMOS 2251 DEB
1 34122U 93036KT  10197.21872032 +.00000409 +00000-0 +14038-3 0  9998
2 34122 074.0460 144.3919 0129385 006.7514 353.5366 14.34711173074472
0 COSMOS 2251 DEB
1 34122U 93036KT  10198.26463589  .00000419  00000-0  14351-3 0  9996
2 34122 074.0464 142.4777 0129343 004.5929 355.6407 14.34712308 74624
0 COSMOS 2251 DEB
1 34122U 93036KT  10198.89218452 +.00000421 +00000-0 +14438-3 0  9991
2 34122 074.0464 141.3286 0129367 003.2883 356.9096 14.34712930074717
0 COSMOS 2251 DEB
1 34122U 93036KT  10199.86837149 +.00000427 +00000-0 +14624-3 0  9992
2 34122 074.0466 139.5410 0129419 001.2382 358.9087 14.34713955074852
0 COSMOS 2251 DEB
1 34122U 93036KT  10200.28673681  .00000432  00000-0  14763-3 0  9990
2 34122 074.0462 138.7738 0129415 000.4413 359.6848 14.34714429 74911
0 COSMOS 2251 DEB
1 34122U 93036KT  10201.26292256 +.00000436 +00000-0 +14904-3 0  9995
2 34122 074.0461 136.9858 0129512 358.4382 001.6356 14.34715433075052
0 COSMOS 2251 DEB
1 34122U 93036KT  10202.23910780 +.00000455 +00000-0 +15503-3 0  9999
2 34122 074.0459 135.1980 0129522 356.3603 003.6657 14.34716715075195
0 COSMOS 2251 DEB
1 34122U 93036KT  10203.21529111  .00000461  00000-0  15694-3 0  9990
2 34122 074.0460 133.4113 0129562 354.3248 005.6440 14.34717782 75336
0 COSMOS 2251 DEB
1 34122U 93036KT  10203.84283770 +.00000464 +00000-0 +15799-3 0  9996
2 34122 074.0459 132.2614 0129554 353.0626 006.8722 14.34718427075427
0 COSMOS 2251 DEB
1 34122U 93036KT  10204.19147480 +.00000467 +00000-0 +15906-3 0  9995
2 34122 074.0462 131.6238 0129526 352.3448 007.5735 14.34718857075473
0 COSMOS 2251 DEB
1 34122U 93036KT  10205.23738488  .00000481  00000-0  16355-3 0  9990
2 34122 074.0462 129.7091 0129487 350.2205 009.6460 14.34720200 75622
0 COSMOS 2251 DEB
1 34122U 93036KT  10206.21356599 +.00000493 +00000-0 +16733-3 0  9991
2 34122 074.0465 127.9222 0129526 348.1693 011.6422 14.34721429075762
0 COSMOS 2251 DEB
1 34122U 93036KT  10207.18974754 +.00000494 +00000-0 +16766-3 0  9994
2 34122 074.0465 126.1343 0129341 346.1705 013.5916 14.34722426075907
0 COSMOS 2251 DEB
1 34122U 93036KT  10207.81729251  .00000486  00000-0  16511-3 0  9993
2 34122 074.0466 124.9849 0129212 344.8997 014.8272 14.34722873 75994
0 COSMOS 2251 DEB
1 34122U 93036KT  10209.14210987 +.00000492 +00000-0 +16722-3 0  9993
2 34122 074.0468 122.5597 0129202 342.1786 017.4864 14.34724365076182
0 COSMOS 2251 DEB
1 34122U 93036KT  10210.18801667 +.00000498 +00000-0 +16910-3 0  9995
2 34122 074.0466 120.6447 0129331 340.0385 019.5730 14.34725562076330
0 COSMOS 2251 DEB
1 34122U 93036KT  10210.18801668  .00000498  00000-0  16910-3 0  9996
2 34122 074.0466 120.6447 0129331 340.0385 019.5730 14.34725562 76330
0 COSMOS 2251 DEB
1 34122U 93036KT  10211.79173924 +.00000498 +00000-0 +16906-3 0  9996
2 34122 074.0468 117.7080 0129213 336.7108 022.8216 14.34727236076567
0 COSMOS 2251 DEB
1 34122U 93036KT  10212.14037448 +.00000497 +00000-0 +16888-3 0  9994
2 34122 074.0465 117.0697 0129323 336.0000 023.5142 14.34727578076618
0 COSMOS 2251 DEB
1 34122U 93036KT  10213.11655281  .00000498  00000-0  16912-3 0  9992
2 34122 074.0468 115.2827 0128864 333.9877 025.4886 14.34728686 76755
0 COSMOS 2251 DEB
1 34122U 93036KT  10213.81382058 +.00000515 +00000-0 +17468-3 0  9995
2 34122 074.0460 114.0040 0128967 332.7220 026.7138 14.34729713076851
0 COSMOS 2251 DEB
1 34122U 93036KT  10214.16245635 +.00000519 +00000-0 +17579-3 0  9990
2 34122 074.0461 113.3654 0129150 332.0372 027.3874 14.34730181076902
0 COSMOS 2251 DEB
1 34122U 93036KT  10217.09098459  .00000525  00000-0  17785-3 0  9991
2 34122 074.0468 108.0046 0129062 325.9581 033.3359 14.34733542 77326
0 COSMOS 2251 DEB
1 34122U 93036KT  10217.71852525 +.00000532 +00000-0 +18021-3 0  9994
2 34122 074.0465 106.8548 0129054 324.6836 034.5839 14.34734396077410
0 COSMOS 2251 DEB
1 34122U 93036KT  10218.13688569 +.00000530 +00000-0 +17953-3 0  9997
2 34122 074.0468 106.0887 0128945 323.8401 035.4086 14.34734810077479
0 COSMOS 2251 DEB
1 34122U 93036KT  10219.11305969  .00000531  00000-0  18000-3 0  9991
2 34122 074.0473 104.3012 0128841 321.8084 037.3990 14.34735941 77613
0 COSMOS 2251 DEB
1 34122U 93036KT  10220.08923340 +.00000543 +00000-0 +18384-3 0  9996
2 34122 074.0477 102.5144 0128828 319.7405 039.4309 14.34737300077754
0 COSMOS 2251 DEB
1 34122U 93036KT  10221.06540544 +.00000546 +00000-0 +18456-3 0  9999
2 34122 074.0478 100.7271 0128834 317.7730 041.3518 14.34738409077892
0 COSMOS 2251 DEB
1 34122U 93036KT  10222.04157861  .00000546  00000-0  18456-3 0  9994
2 34122 074.0478 098.9402 0128832 315.7464 043.3440 14.34739529 78033
0 COSMOS 2251 DEB
1 34122U 93036KT  10222.73884436 +.00000546 +00000-0 +18456-3 0  9995
2 34122 074.0478 097.6638 0128831 314.2988 044.7652 14.34740330078137
0 COSMOS 2251 DEB
1 34122U 93036KT  10223.08747714 +.00000546 +00000-0 +18456-3 0  9991
2 34122 074.0478 097.0256 0128831 313.5750 045.4761 14.34740730078184
0 COSMOS 2251 DEB
1 34122U 93036KT  10224.06364856  .00000546  00000-0  18456-3 0  9992
2 34122 074.0478 095.2386 0128830 311.5484 047.4675 14.34741851 78326
0 COSMOS 2251 DEB
1 34122U 93036KT  10225.66735768 +.00000546 +00000-0 +18456-3 0  9993
2 34122 074.0478 092.3029 0128827 308.2190 050.7419 14.34743693078555
0 COSMOS 2251 DEB
1 34122U 93036KT  10226.08571636  .00000546  00000-0  18456-3 0  9992
2 34122 074.0478 091.5371 0128827 307.3504 051.5967 14.34744173 78613
0 COSMOS 2251 DEB
1 34122U 93036KT  10227.06188628 +.00000545 +00000-0 +18456-3 0  9995
2 34122 074.0478 089.7501 0128826 305.3238 053.5923 14.34745294078752
0 COSMOS 2251 DEB
1 34122U 93036KT  10228.03805572 +.00000523 +00000-0 +17746-3 0  9994
2 34122 074.0480 087.9601 0128775 303.6257 055.2396 14.34745734078898
0 COSMOS 2251 DEB
1 34122U 93036KT  10229.01423026  .00000509  00000-0  17287-3 0  9997
2 34122 074.0478 086.1725 0128865 301.5888 057.2691 14.34746483 79039
0 COSMOS 2251 DEB
1 34122U 93036KT  10229.64176854 +.00000509 +00000-0 +17287-3 0  9990
2 34122 074.0478 085.0238 0128864 300.2859 058.5592 14.34747158079123
0 COSMOS 2251 DEB
1 34122U 93036KT  10230.68766522 +.00000481 +00000-0 +16404-3 0  9992
2 34122 074.0483 083.1080 0128498 297.9709 060.8486 14.34747652079275
0 COSMOS 2251 DEB
1 34122U 93036KT  10231.03629705  .00000479  00000-0  16323-3 0  9990
2 34122 074.0485 082.4703 0128589 297.2602 061.5486 14.34747961 79324
0 COSMOS 2251 DEB
1 34122U 93036KT  10231.66383449 +.00000479 +00000-0 +16323-3 0  9991
2 34122 074.0485 081.3216 0128588 295.9573 062.8376 14.34748598079411
0 COSMOS 2251 DEB
1 34122U 93036KT  10232.01246620 +.00000479 +00000-0 +16323-3 0  9990
2 34122 074.0485 080.6835 0128588 295.2335 063.5533 14.34748952079461
0 COSMOS 2251 DEB
1 34122U 93036KT  10233.61617148  .00000432  00000-0  14815-3 0  9997
2 34122 074.0496 077.7461 0128522 292.1469 066.5852 14.34749633 79696
0 COSMOS 2251 DEB
1 34122U 93036KT  10233.96480765 +.00000427 +00000-0 +14666-3 0  9996
2 34122 074.0497 077.1075 0128513 291.4128 067.3350 14.34749879079746
0 COSMOS 2251 DEB
1 34122U 93036KT  10235.01070265 +.00000408 +00000-0 +14055-3 0  9995
2 34122 074.0495 075.1929 0128435 289.2346 069.4919 14.34750526079891
0 COSMOS 2251 DEB
1 34122U 93036KT  10235.98687171  .00000404  00000-0  13904-3 0  9999
2 34122 074.0492 073.4058 0128430 287.1974 071.5138 14.34751262 80034
0 COSMOS 2251 DEB
1 34122U 93036KT  10237.59057703 +.00000393 +00000-0 +13567-3 0  9992
2 34122 074.0492 070.4697 0128329 283.8235 074.8629 14.34752403080264
0 COSMOS 2251 DEB
1 34122U 93036KT  10237.93920924 +.00000387 +00000-0 +13359-3 0  9996
2 34122 074.0487 069.8311 0128366 283.1571 075.5249 14.34752541080315
0 COSMOS 2251 DEB
1 34122U 93036KT  10238.98510438  .00000377  00000-0  13041-3 0  9994
2 34122 074.0487 067.9163 0128354 280.9811 077.6903 14.34753231 80461
0 COSMOS 2251 DEB
1 34122U 93036KT  10240.93744096 +.00000360 +00000-0 +12520-3 0  9994
2 34122 074.0481 064.3410 0128367 276.9232 081.7303 14.34754478080742
0 COSMOS 2251 DEB
1 34122U 93036KT  10241.56497807  .00000357  00000-0  12419-3 0  9992
2 34122 074.0482 063.1918 0128325 275.6348 083.0160 14.34754891 80836
0 COSMOS 2251 DEB
1 34122U 93036KT  10241.91360989 +.00000355 +00000-0 +12359-3 0  9992
2 34122 074.0480 062.5533 0128355 274.9184 083.7317 14.34755108080881
0 COSMOS 2251 DEB
1 34122U 93036KT  10243.93567190  .00000354  00000-0  12329-3 0  9995
2 34122 074.0474 058.8498 0128302 270.6995 087.9463 14.34756622 81170
0 COSMOS 2251 DEB
1 34122U 93036KT  10243.93567190 +.00000354 +00000-0 +12329-3 0  9995
2 34122 074.0474 058.8498 0128302 270.6995 087.9463 14.34756622081170
0 COSMOS 2251 DEB
1 34122U 93036KT  10245.88800723 +.00000340 +00000-0 +11861-3 0  9998
2 34122 074.0472 055.2744 0128239 266.6613 091.9826 14.34757779081457
0 COSMOS 2251 DEB
1 34122U 93036KT  10246.44581795  .00000344  00000-0  11977-3 0  9998
2 34122 074.0472 054.2525 0128319 265.3468 093.3087 14.34758302 81533
0 COSMOS 2251 DEB
1 34122U 93036KT  10246.86417409 +.00000339 +00000-0 +11840-3 0  9997
2 34122 074.0473 053.4869 0128291 264.5292 094.1181 14.34758510081592
0 COSMOS 2251 DEB
1 34122U 93036KT  10247.91006838 +.00000328 +00000-0 +11481-3 0  9993
2 34122 074.0470 051.5706 0128213 262.1792 096.4788 14.34759027081740
0 COSMOS 2251 DEB
1 34122U 93036KT  10248.46787836  .00000326  00000-0  11423-3 0  9992
2 34122 074.0471 050.5488 0128189 261.0285 097.6337 14.34759404 81825
0 COSMOS 2251 DEB
1 34122U 93036KT  10248.53760466 +.00000325 +00000-0 +11364-3 0  9993
2 34122 074.0472 050.4208 0128191 260.8592 097.8039 14.34759414081839
0 COSMOS 2251 DEB
1 34122U 93036KT  10249.86240314 +.00000323 +00000-0 +11301-3 0  9994
2 34122 074.0466 047.9939 0128166 258.0667 100.6102 14.34760317082028
0 COSMOS 2251 DEB
1 34122U 93036KT  10250.42021283 +.00000330 +00000-0 +11539-3 0  9991
2 34122 074.0469 046.9705 0128452 256.8383 101.8501 14.34760933082109
0 COSMOS 2251 DEB
1 34122U 93036KT  10251.81473538  .00000325  00000-0  11384-3 0  9991
2 34122 074.0467 044.4167 0128525 253.8530 104.8452 14.34761817 82306
0 COSMOS 2251 DEB
1 34122U 93036KT  10252.86062840 +.00000327 +00000-0 +11421-3 0  9991
2 34122 074.0465 042.5020 0128507 251.7086 107.0057 14.34762603082450
0 COSMOS 2251 DEB
1 34122U 93036KT  10253.76706884 +.00000326 +00000-0 +11409-3 0  9999
2 34122 074.0473 040.8425 0128599 249.7743 108.9546 14.34763224082584
0 COSMOS 2251 DEB
1 34122U 93036KT  10254.46433074  .00000330  00000-0  11534-3 0  9999
2 34122 074.0485 039.5651 0128572 248.3155 110.4285 14.34763860 82681
0 COSMOS 2251 DEB
1 34122U 93036KT  10255.44049692 +.00000330 +00000-0 +11535-3 0  9998
2 34122 074.0488 037.7776 0128589 246.3037 112.4587 14.34764589082829
0 COSMOS 2251 DEB
1 34122U 93036KT  10257.39282939  .00000336  00000-0  11725-3 0  9994
2 34122 074.0487 034.2037 0128551 242.2477 116.5613 14.34766128 83100
0 COSMOS 2251 DEB
1 34122U 93036KT  10257.81118585 +.00000353 +00000-0 +12252-3 0  9991
2 34122 074.0495 033.4378 0128503 241.3400 117.4843 14.34766820083161
0 COSMOS 2251 DEB
1 34122U 93036KT  10258.78734877 +.00000366 +00000-0 +12675-3 0  9999
2 34122 074.0491 031.6495 0128662 239.2846 119.5578 14.34767853083304
0 COSMOS 2251 DEB
1 34122U 93036KT  10260.87913125  .00000374  00000-0  12939-3 0  9999
2 34122 074.0489 027.8191 0128641 234.9407 123.9643 14.34769650 83605
0 COSMOS 2251 DEB
1 34122U 93036KT  10260.87913125 +.00000374 +00000-0 +12939-3 0  9999
2 34122 074.0489 027.8191 0128641 234.9407 123.9643 14.34769650083605
0 COSMOS 2251 DEB
1 34122U 93036KT  10261.71584349 +.00000390 +00000-0 +13442-3 0  9993
2 34122 074.0490 026.2874 0128671 233.2126 125.7216 14.34770644083725
0 COSMOS 2251 DEB
1 34122U 93036KT  10262.76173134 +.00000413 +00000-0 +14195-3 0  9997
2 34122 074.0484 024.3707 0128727 230.9741 127.9932 14.34772032083879
0 COSMOS 2251 DEB
1 34122U 93036KT  10263.38926443  .00000428  00000-0  14676-3 0  9995
2 34122 074.0485 023.2215 0128746 229.7448 129.2434 14.34772890 83967
0 COSMOS 2251 DEB
1 34122U 93036KT  10264.36542674 +.00000451 +00000-0 +15407-3 0  9993
2 34122 074.0486 021.4339 0128749 227.8050 131.2184 14.34774250084100
0 COSMOS 2251 DEB
1 34122U 93036KT  10265.75994258  .00000478  00000-0  16255-3 0  9997
2 34122 074.0478 018.8793 0128722 224.9219 134.1537 14.34776173 84303
0 COSMOS 2251 DEB
1 34122U 93036KT  10266.38747360 +.00000478 +00000-0 +16255-3 0  9997
2 34122 074.0478 017.7305 0128721 223.6190 135.4732 14.34776808084398
0 COSMOS 2251 DEB
1 34122U 93036KT  10267.36363194 +.00000509 +00000-0 +17268-3 0  9995
2 34122 074.0480 015.9421 0128920 221.6265 137.5037 14.34778580084538
0 COSMOS 2251 DEB
1 34122U 93036KT  10268.33979110  .00000534  00000-0  18046-3 0  9997
2 34122 074.0482 014.1546 0128887 219.6083 139.5605 14.34780070 84671
0 COSMOS 2251 DEB
1 34122U 93036KT  10269.66457766 +.00000556 +00000-0 +18774-3 0  9994
2 34122 074.0484 011.7286 0128719 216.9621 142.2610 14.34782032084867
0 COSMOS 2251 DEB
1 34122U 93036KT  10270.36183346  .00000566  00000-0  19084-3 0  9999
2 34122 074.0485 010.4514 0128588 215.5281 143.7261 14.34783051 84960
0 COSMOS 2251 DEB
1 34122U 93036KT  10271.33799131 +.00000597 +00000-0 +20064-3 0  9996
2 34122 074.0509 008.6652 0129034 213.3763 145.9340 14.34784901085101
0 COSMOS 2251 DEB
1 34122U 93036KT  10272.31414567 +.00000618 +00000-0 +20748-3 0  9995
2 34122 074.0509 006.8784 0128992 211.3611 147.9872 14.34786576085246
0 COSMOS 2251 DEB
1 34122U 93036KT  10273.29030032  .00000625  00000-0  20970-3 0  9999
2 34122 074.0508 005.0911 0128938 209.3283 150.0604 14.34787967 85388
0 COSMOS 2251 DEB
1 34122U 93036KT  10273.63892700 +.00000635 +00000-0 +21292-3 0  9994
2 34122 074.0513 004.4537 0128892 208.5853 150.8205 14.34788613085434
0 COSMOS 2251 DEB
1 34122U 93036KT  10274.33617983 +.00000648 +00000-0 +21713-3 0  9992
2 34122 074.0513 003.1772 0128821 207.1364 152.3038 14.34789829085537
0 COSMOS 2251 DEB
1 34122U 93036KT  10276.28848684  .00000680  00000-0  22726-3 0  9993
2 34122 074.0521 359.6042 0128932 203.0734 156.4692 14.34793109 85812
0 COSMOS 2251 DEB
1 34122U 93036KT  10276.63711088 +.00000688 +00000-0 +22992-3 0  9992
2 34122 074.0515 358.9651 0128922 202.3371 157.2177 14.34793789085867
0 COSMOS 2251 DEB
1 34122U 93036KT  10277.26463631 +.00000692 +00000-0 +23095-3 0  9990
2 34122 074.0514 357.8160 0128927 201.0414 158.5428 14.34794769085950
0 COSMOS 2251 DEB
1 34122U 93036KT  10278.31051165  .00000702  00000-0  23425-3 0  9991
2 34122 074.0513 355.9006 0128840 198.9116 160.7229 14.34796463 86109
0 COSMOS 2251 DEB
1 34122U 93036KT  10279.28666172 +.00000707 +00000-0 +23595-3 0  9991
2 34122 074.0528 354.1146 0128960 196.8795 162.8065 14.34798020086241
0 COSMOS 2251 DEB
1 34122U 93036KT  10280.26281060 +.00000707 +00000-0 +23595-3 0  9990
2 34122 074.0528 352.3281 0128958 194.8521 164.8831 14.34799455086384
0 COSMOS 2251 DEB
1 34122U 93036KT  10281.23895889  .00000708  00000-0  23595-3 0  9999
2 34122 074.0528 350.5415 0128956 192.8246 166.9618 14.34800890 86521
0 COSMOS 2251 DEB
1 34122U 93036KT  10282.21510629 +.00000691 +00000-0 +23072-3 0  9995
2 34122 074.0526 348.7535 0128888 190.7697 169.0566 14.34801832086660
0 COSMOS 2251 DEB
1 34122U 93036KT  10283.26097994  .00000681  00000-0  22721-3 0  9995
2 34122 074.0520 346.8366 0129049 188.6270 171.2650 14.34803113 86818
0 COSMOS 2251 DEB
1 34122U 93036KT  10284.58575209 +.00000647 +00000-0 +21655-3 0  9998
2 34122 074.0518 344.4092 0128997 185.8995 174.0630 14.34804186087001
0 COSMOS 2251 DEB
1 34122U 93036KT  10285.21327454 +.00000647 +00000-0 +21655-3 0  9996
2 34122 074.0518 343.2606 0128996 184.5962 175.4018 14.34805033087094
0 COSMOS 2251 DEB
1 34122U 93036KT  10286.18941934  .00000622  00000-0  20812-3 0  9995
2 34122 074.0512 341.4713 0129728 182.4385 177.6171 14.34805879 87235
0 COSMOS 2251 DEB
1 34122U 93036KT  10287.23528746 +.00000622 +00000-0 +20829-3 0  9992
2 34122 074.0508 339.5557 0129825 180.2277 179.8840 14.34807266087383
0 COSMOS 2251 DEB
1 34122U 93036KT  10288.21143081  .00000606  00000-0  20299-3 0  9999
2 34122 074.0514 337.7662 0129296 178.2833 181.8725 14.34808241 87529
0 COSMOS 2251 DEB
1 34122U 93036KT  10289.18757476 +.00000606 +00000-0 +20299-3 0  9995
2 34122 074.0514 335.9795 0129294 176.2561 183.9593 14.34809476087662
0 COSMOS 2251 DEB
1 34122U 93036KT  10290.16371656 +.00000606 +00000-0 +20298-3 0  9996
2 34122 074.0491 334.1847 0130072 173.9857 186.2973 14.34810685087801
0 COSMOS 2251 DEB
1 34122U 93036KT  10291.13985600  .00000607  00000-0  20299-3 0  9996
2 34122 074.0490 332.3972 0130280 171.9317 188.3996 14.34811936 87942
0 COSMOS 2251 DEB
1 34122U 93036KT  10291.20957992 +.00000606 +00000-0 +20296-3 0  9993
2 34122 074.0493 332.2705 0130175 171.8466 188.4844 14.34812032087957
0 COSMOS 2251 DEB
1 34122U 93036KT  10292.53434100 +.00000613 +00000-0 +20502-3 0  9999
2 34122 074.0510 329.8484 0129776 169.2251 191.1720 14.34813901088143
0 COSMOS 2251 DEB
1 34122U 93036KT  10293.16185902  .00000612  00000-0  20476-3 0  9991
2 34122 074.0511 328.6998 0129737 167.9438 192.4870 14.34814687 88232
0 COSMOS 2251 DEB
1 34122U 93036KT  10294.13799712 +.00000637 +00000-0 +21301-3 0  9994
2 34122 074.0514 326.9131 0129222 166.1312 194.3520 14.34816476088372
0 COSMOS 2251 DEB
1 34122U 93036KT  10295.11413238 +.00000643 +00000-0 +21491-3 0  9996
2 34122 074.0515 325.1263 0129240 164.1517 196.3766 14.34817892088518
0 COSMOS 2251 DEB
1 34122U 93036KT  10296.09026753  .00000647  00000-0  21619-3 0  9992
2 34122 074.0515 323.3393 0129297 162.1233 198.4557 14.34819306 88655
0 COSMOS 2251 DEB
1 34122U 93036KT  10296.50861056 +.00000647 +00000-0 +21619-3 0  9991
2 34122 074.0515 322.5736 0129296 161.2545 199.3436 14.34819870088711
0 COSMOS 2251 DEB
1 34122U 93036KT  10297.13612546 +.00000648 +00000-0 +21639-3 0  9992
2 34122 074.0499 321.4200 0129080 160.0305 200.5989 14.34820694088802
0 COSMOS 2251 DEB
1 34122U 93036KT  10298.11225845  .00000662  00000-0  22112-3 0  9996
2 34122 074.0503 319.6333 0129017 158.0709 202.6094 14.34822341 88945
0 COSMOS 2251 DEB
1 34122U 93036KT  10299.43700741 +.00000662 +00000-0 +22090-3 0  9990
2 34122 074.0491 317.2047 0128909 155.3706 205.3672 14.34824132089137
0 COSMOS 2251 DEB
1 34122U 93036KT  10300.48286141  .00000664  00000-0  22158-3 0  9998
2 34122 074.0491 315.2894 0128876 153.2355 207.5527 14.34825635 89283
0 COSMOS 2251 DEB
1 34122U 93036KT  10301.45899090 +.00000678 +00000-0 +22599-3 0  9993
2 34122 074.0486 313.5001 0128783 151.1784 209.6593 14.34827231089424
0 COSMOS 2251 DEB
1 34122U 93036KT  10302.43511854 +.00000672 +00000-0 +22412-3 0  9999
2 34122 074.0481 311.7118 0128759 149.1382 211.7399 14.34828453089562
0 COSMOS 2251 DEB
1 34122U 93036KT  10303.06262945  .00000669  00000-0  22313-3 0  9999
2 34122 074.0481 310.5626 0128837 147.8332 213.0758 14.34829259 89659
0 COSMOS 2251 DEB
1 34122U 93036KT  10303.41124633 +.00000669 +00000-0 +22334-3 0  9992
2 34122 074.0478 309.9243 0128735 147.1059 213.8179 14.34829727089709
0 COSMOS 2251 DEB
1 34122U 93036KT  10304.45709689 +.00000662 +00000-0 +22122-3 0  9995
2 34122 074.0484 308.0100 0128346 144.9098 216.0597 14.34831042089852
0 COSMOS 2251 DEB
1 34122U 93036KT  10305.43322181  .00000656  00000-0  21909-3 0  9997
2 34122 074.0485 306.2219 0128173 142.9144 218.0938 14.34832259 89999
0 COSMOS 2251 DEB
1 34122U 93036KT  10306.40934692 +.00000645 +00000-0 +21570-3 0  9993
2 34122 074.0483 304.4343 0128227 140.8311 220.2200 14.34833322090135
0 COSMOS 2251 DEB
1 34122U 93036KT  10307.38547072 +.00000622 +00000-0 +20816-3 0  9990
2 34122 074.0483 302.6476 0128017 138.8431 222.2442 14.34834187090274
0 COSMOS 2251 DEB
1 34122U 93036KT  10308.08270134  .00000619  00000-0  20739-3 0  9990
2 34122 074.0483 301.3707 0128076 137.3710 223.7455 14.34835027 90371
0 COSMOS 2251 DEB
1 34122U 93036KT  10308.43131652 +.00000614 +00000-0 +20574-3 0  9992
2 34122 074.0485 300.7327 0128090 136.6876 224.4437 14.34835410090425
0 COSMOS 2251 DEB
1 34122U 93036KT  10309.05882296 +.00000611 +00000-0 +20465-3 0  9994
2 34122 074.0485 299.5838 0128157 135.3902 225.7641 14.34836134090512
0 COSMOS 2251 DEB
1 34122U 93036KT  10311.01106282  .00000582  00000-0  19535-3 0  9990
2 34122 074.0486 296.0095 0128035 131.2561 229.9594 14.34838038 90799
0 COSMOS 2251 DEB
1 34122U 93036KT  10311.91746183 +.00000581 +00000-0 +19487-3 0  9994
2 34122 074.0482 294.3480 0128267 129.5524 231.7183 14.34839197090927
0 COSMOS 2251 DEB
1 34122U 93036KT  10312.05690460 +.00000575 +00000-0 +19313-3 0  9997
2 34122 074.0484 294.0929 0128358 129.3130 231.9479 14.34839250090948
0 COSMOS 2251 DEB
1 34122U 93036KT  10313.03302223  .00000565  00000-0  18986-3 0  9997
2 34122 074.0484 292.3049 0128439 127.3148 233.9793 14.34840280 91081
0 COSMOS 2251 DEB
1 34122U 93036KT  10313.38163539 +.00000564 +00000-0 +18943-3 0  9992
2 34122 074.0482 291.6660 0128145 126.5555 234.7462 14.34840656091132
0 COSMOS 2251 DEB
1 34122U 93036KT  10314.35775190 +.00000556 +00000-0 +18690-3 0  9992
2 34122 074.0482 289.8777 0128099 124.5054 236.8265 14.34841683091270
0 COSMOS 2251 DEB
1 34122U 93036KT  10315.33386744  .00000551  00000-0  18550-3 0  9994
2 34122 074.0481 288.0900 0128133 122.4789 238.8824 14.34842721 91412
0 COSMOS 2251 DEB
1 34122U 93036KT  10316.30998157 +.00000550 +00000-0 +18495-3 0  9996
2 34122 074.0481 286.3023 0128117 120.4589 240.9292 14.34843820091556
0 COSMOS 2251 DEB
1 34122U 93036KT  10317.35581709  .00000552  00000-0  18582-3 0  9992
2 34122 074.0476 284.3861 0128218 118.2805 243.1379 14.34845083 91707
0 COSMOS 2251 DEB
1 34122U 93036KT  10318.95942768 +.00000571 +00000-0 +19166-3 0  9995
2 34122 074.0475 281.4494 0128096 114.9445 246.5121 14.34847364091934
0 COSMOS 2251 DEB
1 34122U 93036KT  10319.93553572  .00000588  00000-0  19716-3 0  9994
2 34122 074.0478 279.6622 0128184 112.9929 248.4827 14.34848889 92075
0 COSMOS 2251 DEB
1 34122U 93036KT  10319.93553572 +.00000588 +00000-0 +19716-3 0  9994
2 34122 074.0478 279.6622 0128184 112.9929 248.4827 14.34848889092075
0 COSMOS 2251 DEB
1 34122U 93036KT  10320.28414557 +.00000590 +00000-0 +19783-3 0  9990
2 34122 074.0476 279.0238 0128162 112.2540 249.2266 14.34849356092120
0 COSMOS 2251 DEB
1 34122U 93036KT  10321.26025343 +.00000594 +00000-0 +19907-3 0  9992
2 34122 074.0474 277.2362 0128198 110.2302 251.2705 14.34850647092260
0 COSMOS 2251 DEB
1 34122U 93036KT  10322.02719417  .00000599  00000-0  20075-3 0  9992
2 34122 074.0470 275.8307 0128255 108.6539 252.8616 14.34851714 92372
0 COSMOS 2251 DEB
1 34122U 93036KT  10322.65468942 +.00000613 +00000-0 +20521-3 0  9998
2 34122 074.0469 274.6806 0128142 107.3619 254.1608 14.34852793092465
0 COSMOS 2251 DEB
1 34122U 93036KT  10323.90967867 +.00000657 +00000-0 +21959-3 0  9991
2 34122 074.0468 272.3822 0127819 104.8067 256.7401 14.34855458092646
0 COSMOS 2251 DEB
1 34122U 93036KT  10324.25828461  .00000664  00000-0  22178-3 0  9998
2 34122 074.0471 271.7443 0127915 104.0897 257.4524 14.34856076 92698
0 COSMOS 2251 DEB
1 34122U 93036KT  10324.88577859 +.00000672 +00000-0 +22415-3 0  9992
2 34122 074.0471 270.5941 0127881 102.7908 258.7592 14.34857075092787
0 COSMOS 2251 DEB
1 34122U 93036KT  10325.30410738 +.00000675 +00000-0 +22503-3 0  9993
2 34122 074.0469 269.8274 0127983 101.9423 259.6127 14.34857715092842
0 COSMOS 2251 DEB
1 34122U 93036KT  10326.28020748  .00000690  00000-0  22992-3 0  9998
2 34122 074.0465 268.0391 0127958 099.9224 261.6439 14.34859351 92988
0 COSMOS 2251 DEB
1 34122U 93036KT  10327.25630580 +.00000698 +00000-0 +23250-3 0  9993
2 34122 074.0470 266.2509 0127847 097.8543 263.7158 14.34860879093128
0 COSMOS 2251 DEB
1 34122U 93036KT  10328.85989349  .00000706  00000-0  23494-3 0  9990
2 34122 074.0469 263.3139 0127971 094.4467 267.1267 14.34863244 93352
0 COSMOS 2251 DEB
1 34122U 93036KT  10330.88180595  .00000697  00000-0  23210-3 0  9997
2 34122 074.0470 259.6112 0128004 090.2300 271.3515 14.34865943 93644
0 COSMOS 2251 DEB
1 34122U 93036KT  10333.18259740  .00000669  00000-0  22304-3 0  9994
2 34122 074.0480 255.3974 0128012 085.0802 276.4929 14.34868644 93974
0 COSMOS 2251 DEB
1 34122U 93036KT  10334.57701179 +.00000658 +00000-0 +21974-3 0  9996
2 34122 074.0485 252.8453 0127878 082.2166 279.3493 14.34870454094177
0 COSMOS 2251 DEB
1 34122U 93036KT  10335.90170261  .00000635  00000-0  21244-3 0  9991
2 34122 074.0491 250.4204 0127691 079.2823 282.2578 14.34871794 94367
0 COSMOS 2251 DEB
1 34122U 93036KT  10336.18058662 +.00000627 +00000-0 +20967-3 0  9994
2 34122 074.0488 249.9093 0127811 078.6466 282.8964 14.34871979094407
0 COSMOS 2251 DEB
1 34122U 93036KT  10337.78415800 +.00000611 +00000-0 +20470-3 0  9994
2 34122 074.0488 246.9730 0127756 075.4766 286.0511 14.34873771094639
0 COSMOS 2251 DEB
1 34122U 93036KT  10338.13276006  .00000607  00000-0  20327-3 0  9993
2 34122 074.0487 246.3343 0127774 074.7357 286.7852 14.34874098 94683
0 COSMOS 2251 DEB
1 34122U 93036KT  10339.17856677 +.00000591 +00000-0 +19824-3 0  9998
2 34122 074.0492 244.4190 0127762 072.4648 289.0430 14.34875143094830
0 COSMOS 2251 DEB
1 34122U 93036KT  10340.78213159  .00000568  00000-0  19080-3 0  9997
2 34122 074.0496 241.4813 0127895 069.2225 292.2480 14.34876630 95064
0 COSMOS 2251 DEB
1 34122U 93036KT  10341.75821618 +.00000558 +00000-0 +18761-3 0  9994
2 34122 074.0494 239.6935 0127876 067.1875 294.2720 14.34877547095206
0 COSMOS 2251 DEB
1 34122U 93036KT  10342.80401747  .00000553  00000-0  18586-3 0  9998
2 34122 074.0497 237.7783 0128078 064.9265 296.5057 14.34878648 95359
0 COSMOS 2251 DEB
1 34122U 93036KT  10343.15261876 +.00000555 +00000-0 +18654-3 0  9992
2 34122 074.0491 237.1389 0128100 064.2391 297.1930 14.34879083095405
0 COSMOS 2251 DEB
1 34122U 93036KT  10344.75617809 +.00000542 +00000-0 +18229-3 0  9994
2 34122 074.0497 234.2026 0128126 060.8688 300.5218 14.34880715095633
0 COSMOS 2251 DEB
1 34122U 93036KT  10345.10477750  .00000537  00000-0  18076-3 0  9997
2 34122 074.0491 233.5636 0128208 060.0619 301.3161 14.34880997 95686
0 COSMOS 2251 DEB
1 34122U 93036KT  10345.73225673 +.00000528 +00000-0 +17809-3 0  9994
2 34122 074.0490 232.4147 0128168 058.8058 302.5573 14.34881546095778
0 COSMOS 2251 DEB
1 34122U 93036KT  10346.70833439 +.00000513 +00000-0 +17323-3 0  9992
2 34122 074.0489 230.6272 0128072 056.8781 304.4583 14.34882329095918
0 COSMOS 2251 DEB
1 34122U 93036KT  10347.75413096  .00000497  00000-0  16791-3 0  9990
2 34122 074.0490 228.7121 0128079 054.7108 306.5913 14.34883108 96061
0 COSMOS 2251 DEB
1 34122U 93036KT  10348.10273010 +.00000504 +00000-0 +17033-3 0  9999
2 34122 074.0480 228.0711 0128127 054.0717 307.2283 14.34883614096117
0 COSMOS 2251 DEB
1 34122U 93036KT  10349.77600080  .00000492  00000-0  16658-3 0  9992
2 34122 074.0481 225.0073 0128144 050.4489 310.7869 14.34885129 96359
0 COSMOS 2251 DEB
1 34122U 93036KT  10350.61263591 +.00000491 +00000-0 +16618-3 0  9994
2 34122 074.0475 223.4737 0128081 048.8072 312.4054 14.34885960096471
0 COSMOS 2251 DEB
1 34122U 93036KT  10351.65842741 +.00000494 +00000-0 +16715-3 0  9990
2 34122 074.0474 221.5583 0128014 046.7156 314.4598 14.34887123096629
0 COSMOS 2251 DEB
1 34122U 93036KT  10352.70421836  .00000490  00000-0  16577-3 0  9997
2 34122 074.0473 219.6426 0127952 044.5948 316.5415 14.34888123 96775
0 COSMOS 2251 DEB
1 34122U 93036KT  10353.68028909 +.00000492 +00000-0 +16659-3 0  9992
2 34122 074.0475 217.8547 0127770 042.6583 318.4440 14.34889193096916
0 COSMOS 2251 DEB
1 34122U 93036KT  10354.02888485 +.00000494 +00000-0 +16719-3 0  9993
2 34122 074.0472 217.2156 0127826 041.9078 319.1767 14.34889572096962
0 COSMOS 2251 DEB
1 34122U 93036KT  10355.00495444  .00000486  00000-0  16464-3 0  9999
2 34122 074.0480 215.4284 0128350 039.6264 321.4088 14.34890468 97102
0 COSMOS 2251 DEB
1 34122U 93036KT  10356.05074375 +.00000498 +00000-0 +16832-3 0  9993
2 34122 074.0470 213.5112 0128418 037.5188 323.4850 14.34891720097254
0 COSMOS 2251 DEB
1 34122U 93036KT  10357.02681107  .00000493  00000-0  16690-3 0  9995
2 34122 074.0470 211.7237 0128390 035.4953 325.4652 14.34892667 97396
0 COSMOS 2251 DEB
1 34122U 93036KT  10357.65428268 +.00000488 +00000-0 +16511-3 0  9997
2 34122 074.0470 210.5744 0128388 034.2380 326.6939 14.34893178097483
0 COSMOS 2251 DEB
1 34122U 93036KT  10358.63035012 +.00000482 +00000-0 +16335-3 0  9995
2 34122 074.0468 208.7875 0128634 032.0127 328.8741 14.34894061097626
0 COSMOS 2251 DEB
1 34122U 93036KT  10359.67613496  .00000479  00000-0  16240-3 0  9999
2 34122 074.0469 206.8720 0128637 029.8725 330.9686 14.34895056 97779
0 COSMOS 2251 DEB
1 34122U 93036KT  10360.65219958 +.00000471 +00000-0 +15980-3 0  9996
2 34122 074.0463 205.0829 0128553 027.9537 332.8428 14.34895840097913
0 COSMOS 2251 DEB
1 34122U 93036KT  10361.00079416 +.00000470 +00000-0 +15937-3 0  9990
2 34122 074.0465 204.4446 0128649 027.1787 333.6009 14.34896182097967
0 COSMOS 2251 DEB
1 34122U 93036KT  10361.97685796  .00000468  00000-0  15877-3 0  9990
2 34122 074.0462 202.6569 0128565 025.2009 335.5338 14.34897075 98108
0 COSMOS 2251 DEB
1 34122U 93036KT  10362.32545198 +.00000463 +00000-0 +15708-3 0  9999
2 34122 074.0462 202.0183 0128586 024.4865 336.2304 14.34897317098153
0 COSMOS 2251 DEB
1 34122U 93036KT  10362.95292120 +.00000461 +00000-0 +15643-3 0  9998
2 34122 074.0463 200.8695 0128675 023.1477 337.5385 14.34897906098249
0 COSMOS 2251 DEB
1 34122U 93036KT  10363.99870226  .00000426  00000-0  14541-3 0  9999
2 34122 074.0472 198.9563 0128697 020.8352 339.7878 14.34898255 98395
0 COSMOS 2251 DEB
1 34122U 93036KT  10364.62617255 +.00000417 +00000-0 +14250-3 0  9998
2 34122 074.0472 197.8069 0128705 019.5514 341.0480 14.34898642098484
0 COSMOS 2251 DEB
1 34122U 93036KT  10365.88110935 +.00000400 +00000-0 +13714-3 0  9996
2 34122 074.0475 195.5089 0128597 016.9409 343.5965 14.34899470098662
0 COSMOS 2251 DEB
1 34122U 93036KT  11001.57829602  .00000393  00000-0  13490-3 0  9990
2 34122 074.0473 194.2318 0128568 015.4936 345.0071 14.34899892 98762
0 COSMOS 2251 DEB
1 34122U 93036KT  11002.62407593 +.00000390 +00000-0 +13396-3 0  9990
2 34122 074.0471 192.3164 0128722 013.3299 347.1199 14.34900704098915
0 COSMOS 2251 DEB
1 34122U 93036KT  11003.53041764 +.00000379 +00000-0 +13030-3 0  9997
2 34122 074.0475 190.6571 0128721 011.4359 348.9673 14.34901294099043
0 COSMOS 2251 DEB
1 34122U 93036KT  11004.50647687  .00000386  00000-0  13247-3 0  9999
2 34122 074.0471 188.8686 0128671 009.4484 350.9087 14.34902262 99188
0 COSMOS 2251 DEB
1 34122U 93036KT  11005.55225406 +.00000387 +00000-0 +13277-3 0  9990
2 34122 074.0483 186.9550 0128952 007.1377 353.1605 14.34903183099339
0 COSMOS 2251 DEB
1 34122U 93036KT  11006.52831196  .00000388  00000-0  13321-3 0  9998
2 34122 074.0483 185.1672 0129251 005.0568 355.1890 14.34904084 99471
0 COSMOS 2251 DEB
1 34122U 93036KT  11007.57408662 +.00000390 +00000-0 +13370-3 0  9999
2 34122 074.0481 183.2521 0129287 002.9157 357.2701 14.34904979099624
0 COSMOS 2251 DEB
1 34122U 93036KT  11008.55014296  .00000404  00000-0  13813-3 0  9992
2 34122 074.0475 181.4634 0129324 000.9331 359.2056 14.34906100 99764
0 COSMOS 2251 DEB
1 34122U 93036KT  11008.89873402 +.00000415 +00000-0 +14165-3 0  9994
2 34122 074.0477 180.8248 0129271 000.2070 359.9146 14.34906622099816
0 COSMOS 2251 DEB
1 34122U 93036KT  11009.87478849 +.00000424 +00000-0 +14453-3 0  9999
2 34122 074.0478 179.0376 0129314 358.1688 001.8978 14.34907677099959
0 COSMOS 2251 DEB
1 34122U 93036KT  11010.85084316  .00000430  00000-0  14669-3 0  9997
2 34122 074.0478 177.2503 0129387 356.1359 003.8788 14.34908683100091
0 COSMOS 2251 DEB
1 34122U 93036KT  11011.82689712 +.00000433 +00000-0 +14759-3 0  9999
2 34122 074.0480 175.4635 0129543 354.0683 005.8918 14.34909628100234
0 COSMOS 2251 DEB
1 34122U 93036KT  11012.52407841 +.00000437 +00000-0 +14892-3 0  9990
2 34122 074.0477 174.1865 0129559 352.6371 007.2889 14.34910364100339
0 COSMOS 2251 DEB
1 34122U 93036KT  11013.43041307  .00000448  00000-0  15228-3 0  9998
2 34122 074.0483 172.5255 0129576 350.6904 009.1895 14.34911458100467
0 COSMOS 2251 DEB
1 34122U 93036KT  11013.50013015 +.00000448 +00000-0 +15248-3 0  9993
2 34122 074.0484 172.3978 0129575 350.5504 009.3210 14.34911538100475
0 COSMOS 2251 DEB
1 34122U 93036KT  11014.47618246 +.00000462 +00000-0 +15686-3 0  9999
2 34122 074.0493 170.6104 0129498 348.4790 011.3459 14.34912767100613
0 COSMOS 2251 DEB
1 34122U 93036KT  11015.80082265  .00000468  00000-0  15884-3 0  9999
2 34122 074.0498 168.1863 0129550 345.6880 014.0624 14.34914190100807
0 COSMOS 2251 DEB
1 34122U 93036KT  11016.84659107 +.00000472 +00000-0 +16000-3 0  9995
2 34122 074.0491 166.2697 0129517 343.5518 016.1466 14.34915297100954
0 COSMOS 2251 DEB
1 34122U 93036KT  11017.82263904  .00000479  00000-0  16218-3 0  9998
2 34122 074.0488 164.4803 0129778 341.4600 018.1823 14.34916516101097
0 COSMOS 2251 DEB
1 34122U 93036KT  11018.79868916 +.00000475 +00000-0 +16105-3 0  9990
2 34122 074.0486 162.6921 0129791 339.4449 020.1501 14.34917388101239
0 COSMOS 2251 DEB
1 34122U 93036KT  11019.42614928 +.00000477 +00000-0 +16163-3 0  9999
2 34122 074.0484 161.5415 0129705 338.1661 021.3995 14.34918030101325
0 COSMOS 2251 DEB
1 34122U 93036KT  11020.40219768  .00000476  00000-0  16141-3 0  9997
2 34122 074.0484 159.7540 0129698 336.1265 023.3910 14.34919016101461
0 COSMOS 2251 DEB
1 34122U 93036KT  11020.75078617 +.00000474 +00000-0 +16066-3 0  9995
2 34122 074.0483 159.1155 0129824 335.3847 024.1129 14.34919313101511
0 COSMOS 2251 DEB
1 34122U 93036KT  11021.79655188 +.00000476 +00000-0 +16121-3 0  9998
2 34122 074.0486 157.2000 0129792 333.1864 026.2627 14.34920399101669
0 COSMOS 2251 DEB
1 34122U 93036KT  11022.42401065  .00000469  00000-0  15895-3 0  9991
2 34122 074.0485 156.0500 0129734 331.8806 027.5365 14.34920882101757
0 COSMOS 2251 DEB
1 34122U 93036KT  11022.77259919 +.00000474 +00000-0 +16066-3 0  9995
2 34122 074.0488 155.4116 0129679 331.1288 028.2751 14.34921336101809
0 COSMOS 2251 DEB
1 34122U 93036KT  11023.74864539 +.00000471 +00000-0 +15986-3 0  9990
2 34122 074.0482 153.6227 0129822 329.0894 030.2644 14.34922249101948
0 COSMOS 2251 DEB
1 34122U 93036KT  11024.44582167  .00000466  00000-0  15822-3 0  9995
2 34122 074.0480 152.3458 0129766 327.6557 031.6677 14.34922854102040
0 COSMOS 2251 DEB
1 34122U 93036KT  11025.42186605 +.00000481 +00000-0 +16299-3 0  9997
2 34122 074.0485 150.5578 0129909 325.5573 033.7199 14.34924226102184
0 COSMOS 2251 DEB
1 34122U 93036KT  11026.74649874  .00000492  00000-0  16650-3 0  9998
2 34122 074.0494 148.1316 0130154 322.7649 036.4546 14.34925817102378
0 COSMOS 2251 DEB
1 34122U 93036KT  11027.37395566 +.00000492 +00000-0 +16650-3 0  9994
2 34122 074.0494 146.9828 0130154 321.4617 037.7295 14.34926471102465
0 COSMOS 2251 DEB
1 34122U 93036KT  11028.34999986 +.00000492 +00000-0 +16650-3 0  9998
2 34122 074.0494 145.1957 0130152 319.4345 039.7162 14.34927487102601
0 COSMOS 2251 DEB
1 34122U 93036KT  11029.39576100  .00000484  00000-0  16389-3 0  9993
2 34122 074.0494 143.2796 0130007 317.1327 041.9783 14.34928478102756
0 COSMOS 2251 DEB
1 34122U 93036KT  11030.72038978 +.00000499 +00000-0 +16881-3 0  9991
2 34122 074.0497 140.8539 0130019 314.3810 044.6767 14.34930169102949
0 COSMOS 2251 DEB
1 34122U 93036KT  11031.69643199  .00000504  00000-0  17027-3 0  9995
2 34122 074.0493 139.0656 0130044 312.3462 046.6752 14.34931280103081
0 COSMOS 2251 DEB
1 34122U 93036KT  11033.71823249  .00000505  00000-0  17045-3 0  9997
2 34122 074.0494 135.3637 0130027 308.1393 050.8100 14.34933456103370
0 COSMOS 2251 DEB
1 34122U 93036KT  11034.69427358 +.00000512 +00000-0 +17287-3 0  9992
2 34122 074.0499 133.5762 0130167 306.1098 052.8065 14.34934616103516
0 COSMOS 2251 DEB
1 34122U 93036KT  11035.32172820 +.00000518 +00000-0 +17487-3 0  9992
2 34122 074.0499 132.4273 0130194 304.8088 054.0903 14.34935462103600
0 COSMOS 2251 DEB
1 34122U 93036KT  11036.29776777  .00000521  00000-0  17559-3 0  9994
2 34122 074.0498 130.6394 0130217 302.7796 056.0878 14.34936585103747
0 COSMOS 2251 DEB
1 34122U 93036KT  11036.71607031 +.00000525 +00000-0 +17688-3 0  9994
2 34122 074.0491 129.8725 0130160 301.9067 056.9490 14.34937097103802
0 COSMOS 2251 DEB
1 34122U 93036KT  11037.27380696 +.00000519 +00000-0 +17488-3 0  9992
2 34122 074.0495 128.8510 0130293 300.8183 058.0180 14.34937642103884
0 COSMOS 2251 DEB
1 34122U 93036KT  11038.31956374  .00000517  00000-0  17440-3 0  9996
2 34122 074.0496 126.9362 0130358 298.6397 060.1708 14.34938795104030
0 COSMOS 2251 DEB
1 34122U 93036KT  11038.66814886 +.00000526 +00000-0 +17721-3 0  9997
2 34122 074.0498 126.2979 0130356 297.9260 060.8774 14.34939377104080
0 COSMOS 2251 DEB
1 34122U 93036KT  11040.27163693 +.00000567 +00000-0 +19048-3 0  9999
2 34122 074.0500 123.3606 0130239 294.5132 064.2541 14.34942174104315
0 COSMOS 2251 DEB
1 34122U 93036KT  11041.24767310  .00000581  00000-0  19488-3 0  9997
2 34122 074.0498 121.5724 0130198 292.4895 066.2573 14.34943659104450
0 COSMOS 2251 DEB
1 34122U 93036KT  11041.59625651 +.00000580 +00000-0 +19441-3 0  9994
2 34122 074.0495 120.9337 0130352 291.8031 066.9280 14.34944034104503
0 COSMOS 2251 DEB
1 34122U 93036KT  11042.64200884 +.00000621 +00000-0 +20749-3 0  9997
2 34122 074.0498 119.0194 0130591 289.6689 069.0464 14.34946188104651
0 COSMOS 2251 DEB
1 34122U 93036KT  11044.24549400  .00000685  00000-0  22758-3 0  9997
2 34122 074.0505 116.0835 0131040 286.4593 072.2362 14.34949654104887
0 COSMOS 2251 DEB
1 34122U 93036KT  11044.59407413 +.00000691 +00000-0 +22951-3 0  9994
2 34122 074.0496 115.4433 0131170 285.7884 072.8845 14.34950231104933
0 COSMOS 2251 DEB
1 34122U 93036KT  11045.57010579 +.00000713 +00000-0 +23657-3 0  9995
2 34122 074.0499 113.6555 0131392 283.7414 074.9168 14.34952151105074
0 COSMOS 2251 DEB
1 34122U 93036KT  11046.26727106  .00000724  00000-0  23996-3 0  9991
2 34122 074.0498 112.3772 0131477 282.3925 076.2541 14.34953380105172
0 COSMOS 2251 DEB
1 34122U 93036KT  11047.24330253 +.00000726 +00000-0 +24041-3 0  9997
2 34122 074.0499 110.5900 0131853 280.5192 078.1123 14.34954935105310
0 COSMOS 2251 DEB
1 34122U 93036KT  11048.56791347  .00000775  00000-0  25614-3 0  9999
2 34122 074.0508 108.1635 0131961 277.6261 080.9975 14.34957896105509
0 COSMOS 2251 DEB
1 34122U 93036KT  11049.54394044 +.00000813 +00000-0 +26799-3 0  9999
2 34122 074.0506 106.3754 0132027 275.5264 083.0885 14.34960118105643
0 COSMOS 2251 DEB
1 34122U 93036KT  11050.58968307  .00000826  00000-0  27246-3 0  9996
2 34122 074.0491 104.4568 0131787 273.2707 085.3400 14.34962138105795
0 COSMOS 2251 DEB
1 34122U 93036KT  11050.58968307 +.00000826 +00000-0 +27246-3 0  9996
2 34122 074.0491 104.4568 0131787 273.2707 085.3400 14.34962138105795
0 COSMOS 2251 DEB
1 34122U 93036KT  11051.56570936 +.00000845 +00000-0 +27838-3 0  9990
2 34122 074.0482 102.6671 0131734 271.2943 087.3145 14.34964134105934
0 COSMOS 2251 DEB
1 34122U 93036KT  11052.54173336 +.00000872 +00000-0 +28677-3 0  9994
2 34122 074.0486 100.8806 0131918 269.3235 089.2813 14.34966450106076
0 COSMOS 2251 DEB
1 34122U 93036KT  11053.16917776  .00000879  00000-0  28916-3 0  9990
2 34122 074.0487 099.7317 0132028 267.9863 090.6222 14.34967800106164
0 COSMOS 2251 DEB
1 34122U 93036KT  11053.51775680 +.00000884 +00000-0 +29072-3 0  9995
2 34122 074.0488 099.0933 0131999 267.2895 091.3149 14.34968531106210
0 COSMOS 2251 DEB
1 34122U 93036KT  11054.56349543 +.00000909 +00000-0 +29887-3 0  9998
2 34122 074.0474 097.1743 0131790 265.1592 093.4508 14.34970891106363
0 COSMOS 2251 DEB
1 34122U 93036KT  11055.19093846  .00000912  00000-0  29967-3 0  9993
2 34122 074.0473 096.0248 0131778 263.8920 094.7201 14.34972108106453
0 COSMOS 2251 DEB
1 34122U 93036KT  11056.51553908 +.00000950 +00000-0 +31177-3 0  9998
2 34122 074.0480 093.5990 0131844 261.1383 097.4879 14.34975283106644
0 COSMOS 2251 DEB
1 34122U 93036KT  11057.49155898  .00000936  00000-0  30725-3 0  9994
2 34122 074.0479 091.8108 0131806 259.0833 099.5451 14.34976856106789
0 COSMOS 2251 DEB
1 34122U 93036KT  11058.53729564 +.00000933 +00000-0 +30608-3 0  9994
2 34122 074.0481 089.8959 0131909 257.0572 101.5831 14.34978751106934
0 COSMOS 2251 DEB
1 34122U 93036KT  11059.51331493  .00000922  00000-0  30283-3 0  9990
2 34122 074.0477 088.1063 0131863 254.9717 103.6823 14.34980366107078
0 COSMOS 2251 DEB
1 34122U 93036KT  11060.48933288 +.00000896 +00000-0 +29442-3 0  9993
2 34122 074.0480 086.3181 0132005 253.0262 105.6294 14.34981614107214
0 COSMOS 2251 DEB
1 34122U 93036KT  11061.46535210 +.00000896 +00000-0 +29442-3 0  9995
2 34122 074.0480 084.5307 0132003 250.9991 107.6821 14.34983419107355
0 COSMOS 2251 DEB
1 34122U 93036KT  11062.09279140  .00000847  00000-0  27890-3 0  9993
2 34122 074.0477 083.3800 0131735 249.6114 109.0634 14.34983427107446
0 COSMOS 2251 DEB
1 34122U 93036KT  11062.44137274 +.00000824 +00000-0 +27161-3 0  9999
2 34122 074.0478 082.7415 0131844 248.9267 109.7684 14.34983625107491
0 COSMOS 2251 DEB
1 34122U 93036KT  11063.41739068 +.00000810 +00000-0 +26704-3 0  9993
2 34122 074.0478 080.9537 0131905 246.8850 111.8321 14.34985000107636
0 COSMOS 2251 DEB
1 34122U 93036KT  11064.11454588  .00000813  00000-0  26800-3 0  9992
2 34122 074.0478 079.6769 0131890 245.3936 113.3449 14.34986248107734
0 COSMOS 2251 DEB
1 34122U 93036KT  11065.09056110 +.00000778 +00000-0 +25688-3 0  9992
2 34122 074.0481 077.8895 0131875 243.4078 115.3406 14.34987211107878
0 COSMOS 2251 DEB
1 34122U 93036KT  11066.41515635  .00000726  00000-0  24016-3 0  9998
2 34122 074.0482 075.4634 0132054 240.6203 118.1702 14.34988452108063
0 COSMOS 2251 DEB
1 34122U 93036KT  11067.46088632 +.00000729 +00000-0 +24109-3 0  9992
2 34122 074.0481 073.5473 0132033 238.4656 120.3547 14.34990135108216
0 COSMOS 2251 DEB
1 34122U 93036KT  11068.43690032  .00000730  00000-0  24146-3 0  9996
2 34122 074.0483 071.7591 0131841 236.5665 122.2797 14.34991671108353
0 COSMOS 2251 DEB
1 34122U 93036KT  11069.41291280 +.00000749 +00000-0 +24738-3 0  9994
2 34122 074.0486 069.9721 0131839 234.6119 124.2677 14.34993660108494
0 COSMOS 2251 DEB
1 34122U 93036KT  11070.04034905 +.00000769 +00000-0 +25373-3 0  9992
2 34122 074.0488 068.8225 0131851 233.3673 125.5370 14.34995089108589
0 COSMOS 2251 DEB
1 34122U 93036KT  11071.01635917  .00000794  00000-0  26171-3 0  9995
2 34122 074.0487 067.0339 0131774 231.3857 127.5519 14.34997196108725
0 COSMOS 2251 DEB
1 34122U 93036KT  11071.43464788 +.00000816 +00000-0 +26883-3 0  9992
2 34122 074.0483 066.2670 0131720 230.2428 128.7169 14.34998383108782
0 COSMOS 2251 DEB
1 34122U 93036KT  11072.41065490 +.00000849 +00000-0 +27944-3 0  9993
2 34122 074.0483 064.4785 0131623 228.3460 130.6422 14.35000728108923
0 COSMOS 2251 DEB
1 34122U 93036KT  11073.03808782  .00000862  00000-0  28349-3 0  9996
2 34122 074.0482 063.3295 0131507 227.1331 131.8731 14.35002076109016
0 COSMOS 2251 DEB
1 34122U 93036KT  11073.38666179 +.00000881 +00000-0 +28964-3 0  9990
2 34122 074.0489 062.6915 0131661 226.3971 132.6273 14.35003113109064
0 COSMOS 2251 DEB
1 34122U 93036KT  11074.01409349 +.00000920 +00000-0 +30182-3 0  9994
2 34122 074.0491 061.5432 0131564 225.2514 133.7982 14.35005088109154
0 COSMOS 2251 DEB
1 34122U 93036KT  11074.99009714  .00000985  00000-0  32267-3 0  9990
2 34122 074.0496 059.7549 0131552 223.1647 135.9292 14.35008175109291
0 COSMOS 2251 DEB
1 34122U 93036KT  11075.33866706 +.00000996 +00000-0 +32611-3 0  9996
2 34122 074.0492 059.1162 0131582 222.4461 136.6481 14.35009050109348
0 COSMOS 2251 DEB
1 34122U 93036KT  11076.73295669 +.00001013 +00000-0 +33141-3 0  9995
2 34122 074.0487 056.5609 0131647 219.6639 139.4895 14.35012261109546
0 COSMOS 2251 DEB
1 34122U 93036KT  11077.01181312  .00001012  00000-0  33115-3 0  9996
2 34122 074.0487 056.0508 0131626 219.0831 140.0749 14.35012820109585
0 COSMOS 2251 DEB
1 34122U 93036KT  11077.36038527 +.00001025 +00000-0 +33511-3 0  9997
2 34122 074.0489 055.4117 0131853 218.2705 140.9082 14.35013748109634
0 COSMOS 2251 DEB
1 34122U 93036KT  11078.33638501 +.00001035 +00000-0 +33808-3 0  9993
2 34122 074.0488 053.6236 0131998 216.2038 143.0145 14.35015909109772
0 COSMOS 2251 DEB
1 34122U 93036KT  11079.31238421  .00001015  00000-0  33166-3 0  9994
2 34122 074.0481 051.8345 0132069 214.1272 145.1251 14.35017426109916
0 COSMOS 2251 DEB
1 34122U 93036KT  11080.35810017  .00000966  00000-0  31622-3 0  9996
2 34122 074.0489 049.9197 0131958 212.2389 147.0485 14.35018423110067
0 COSMOS 2251 DEB
1 34122U 93036KT  11080.35810017 +.00000966 +00000-0 +31622-3 0  9996
2 34122 074.0489 049.9197 0131958 212.2389 147.0485 14.35018423110067
0 COSMOS 2251 DEB
1 34122U 93036KT  11081.33410149 +.00000940 +00000-0 +30784-3 0  9997
2 34122 074.0492 048.1317 0132084 210.1540 149.1890 14.35019809110201
0 COSMOS 2251 DEB
1 34122U 93036KT  11081.89181590  .00000546  00000-0  18273-3 0  9994
2 34122 074.0492 047.1028 0131978 208.9137 150.4256 14.35015820110285
0 COSMOS 2251 DEB
1 34122U 93036KT  11082.93753569 +.00000820 +00000-0 +26987-3 0  9997
2 34122 074.0479 045.1878 0131652 206.7263 152.7028 14.35020163110431
0 COSMOS 2251 DEB
1 34122U 93036KT  11083.91353443  .00000766  00000-0  25237-3 0  9999
2 34122 074.0483 043.3997 0132277 204.5304 154.9493 14.35020837110577
0 COSMOS 2251 DEB
1 34122U 93036KT  11083.91353443 +.00000766 +00000-0 +25237-3 0  9999
2 34122 074.0483 043.3997 0132277 204.5304 154.9493 14.35020837110577
0 COSMOS 2251 DEB
1 34122U 93036KT  11084.88953293 +.00000741 +00000-0 +24431-3 0  9993
2 34122 074.0485 041.6121 0132611 202.4228 157.1082 14.35021854110718
0 COSMOS 2251 DEB
1 34122U 93036KT  11085.30781768 +.00000703 +00000-0 +23241-3 0  9993
2 34122 074.0490 040.8455 0132428 201.5323 158.0127 14.35021821110777
0 COSMOS 2251 DEB
1 34122U 93036KT  11085.93524637  .00000701  00000-0  23167-3 0  9997
2 34122 074.0490 039.6963 0132449 200.2187 159.3687 14.35022688110861
0 COSMOS 2251 DEB
1 34122U 93036KT  11086.84153300 +.00000620 +00000-0 +20610-3 0  9993
2 34122 074.0485 038.0331 0132030 198.5475 161.0833 14.35022433110997
0 COSMOS 2251 DEB
1 34122U 93036KT  11087.05067540  .00000596  00000-0  19848-3 0  9990
2 34122 074.0483 037.6499 0132034 198.0700 161.5687 14.35022277111028
0 COSMOS 2251 DEB
1 34122U 93036KT  11087.88724521 +.00000574 +00000-0 +19133-3 0  9993
2 34122 074.0482 036.1179 0132212 196.3376 163.3496 14.35022981111147
0 COSMOS 2251 DEB
1 34122U 93036KT  11088.23581549 +.00000568 +00000-0 +18945-3 0  9997
2 34122 074.0479 035.4794 0132222 195.6078 164.0972 14.35023288111193
0 COSMOS 2251 DEB
1 34122U 93036KT  11089.28152579  .00000570  00000-0  19012-3 0  9999
2 34122 074.0482 033.5638 0132024 193.4424 166.3202 14.35024667111344
0 COSMOS 2251 DEB
1 34122U 93036KT  11089.83923754 +.00000565 +00000-0 +18857-3 0  9991
2 34122 074.0483 032.5421 0132042 192.2911 167.5014 14.35025272111428
0 COSMOS 2251 DEB
1 34122U 93036KT  11090.88494645 +.00000580 +00000-0 +19328-3 0  9991
2 34122 074.0487 030.6270 0131930 190.1625 169.6930 14.35026930111575
0 COSMOS 2251 DEB
1 34122U 93036KT  11091.86093908  .00000605  00000-0  20116-3 0  9992
2 34122 074.0488 028.8390 0131935 188.1518 171.7596 14.35028679111711
0 COSMOS 2251 DEB
1 34122U 93036KT  11092.20950607 +.00000619 +00000-0 +20579-3 0  9997
2 34122 074.0490 028.2008 0131953 187.4095 172.5147 14.35029400111765
0 COSMOS 2251 DEB
1 34122U 93036KT  11093.25520994 +.00000656 +00000-0 +21729-3 0  9994
2 34122 074.0494 026.2857 0131946 185.1840 174.7994 14.35031554111918
0 COSMOS 2251 DEB
1 34122U 93036KT  11094.23120017  .00000716  00000-0  23638-3 0  9993
2 34122 074.0487 024.4970 0132267 183.0484 177.0126 14.35034212112057
0 COSMOS 2251 DEB
1 34122U 93036KT  11095.83460319  .00000810  00000-0  26604-3 0  9993
2 34122 074.0493 021.5606 0132218 179.7980 180.3568 14.35038852112283
0 COSMOS 2251 DEB
1 34122U 93036KT  11096.81058113 +.00000922 +00000-0 +30187-3 0  9992
2 34122 074.0494 019.7729 0132223 177.7325 182.4643 14.35042613112429
0 COSMOS 2251 DEB
1 34122U 93036KT  11097.15914314  .00000962  00000-0  31439-3 0  9999
2 34122 074.0488 019.1336 0132379 176.9339 183.2778 14.35044063112472
0 COSMOS 2251 DEB
1 34122U 93036KT  11097.85627019 +.00000982 +00000-0 +32077-3 0  9990
2 34122 074.0482 017.8559 0132288 175.4895 184.7507 14.35045865112576
0 COSMOS 2251 DEB
1 34122U 93036KT  11098.20483457 +.00001010 +00000-0 +32947-3 0  9995
2 34122 074.0478 017.2168 0132524 174.6811 185.5911 14.35047217112620
0 COSMOS 2251 DEB
1 34122U 93036KT  11098.90196092  .00001075  00000-0  35001-3 0  9993
2 34122 074.0479 015.9410 0132473 173.2403 187.0721 14.35049875112720
0 COSMOS 2251 DEB
1 34122U 93036KT  11099.80822284 +.00001132 +00000-0 +36871-3 0  9992
2 34122 074.0486 014.2816 0131686 171.4457 188.9011 14.35052933112859
0 COSMOS 2251 DEB
1 34122U 93036KT  11100.78419622 +.00001217 +00000-0 +39601-3 0  9998
2 34122 074.0490 012.4941 0131011 169.4839 190.9247 14.35057055112995
0 COSMOS 2251 DEB
1 34122U 93036KT  11101.13275544  .00001227  00000-0  39920-3 0  9996
2 34122 074.0491 011.8561 0131018 168.7506 191.6663 14.35058163113045
0 COSMOS 2251 DEB
1 34122U 93036KT  11101.82987792 +.00001253 +00000-0 +40770-3 0  9991
2 34122 074.0492 010.5792 0130665 167.2869 193.1679 14.35060448113145
0 COSMOS 2251 DEB
1 34122U 93036KT  11102.17843816  .00001300  00000-0  42172-3 0  9999
2 34122 074.0492 009.9399 0132028 166.7728 193.7276 14.35062407113194
0 COSMOS 2251 DEB
1 34122U 93036KT  11103.78180444 +.00001430 +00000-0 +46322-3 0  9993
2 34122 074.0495 007.0025 0131580 163.4102 197.1470 14.35069131113425
0 COSMOS 2251 DEB
1 34122U 93036KT  11104.75776770  .00001446  00000-0  46846-3 0  9992
2 34122 074.0502 005.2146 0131190 161.3640 199.2376 14.35072271113561
0 COSMOS 2251 DEB
1 34122U 93036KT  11105.10632602 +.00001451 +00000-0 +47010-3 0  9997
2 34122 074.0501 004.5762 0131141 160.6662 199.9545 14.35073366113615
0 COSMOS 2251 DEB
1 34122U 93036KT  11106.15199885 +.00001458 +00000-0 +47249-3 0  9995
2 34122 074.0495 002.6600 0130909 158.4878 202.1863 14.35076560113767
0 COSMOS 2251 DEB
1 34122U 93036KT  11107.12795752  .00001469  00000-0  47574-3 0  9991
2 34122 074.0504 000.8704 0130908 156.3717 204.3496 14.35079587113905
0 COSMOS 2251 DEB
1 34122U 93036KT  11108.66160432 +.00001461 +00000-0 +47338-3 0  9992
2 34122 074.0503 358.0611 0130639 153.1593 207.6351 14.35083888114127
0 COSMOS 2251 DEB
1 34122U 93036KT  11109.77698513  .00001403  00000-0  45485-3 0  9998
2 34122 074.0507 356.0182 0130739 150.8880 209.9647 14.35085886114286
0 COSMOS 2251 DEB
1 34122U 93036KT  11110.68322810 +.00001377 +00000-0 +44645-3 0  9991
2 34122 074.0511 354.3590 0130749 149.0550 211.8391 14.35087899114419
0 COSMOS 2251 DEB
1 34122U 93036KT  11111.10149289 +.00001349 +00000-0 +43779-3 0  9992
2 34122 074.0514 353.5920 0130690 148.1074 212.7973 14.35088535114476
0 COSMOS 2251 DEB
1 34122U 93036KT  11112.07744494  .00001330  00000-0  43212-3 0  9990
2 34122 074.0510 351.8033 0130155 145.9628 214.9852 14.35090829114619
0 COSMOS 2251 DEB
1 34122U 93036KT  11112.70484255 +.00001297 +00000-0 +42102-3 0  9995
2 34122 074.0509 350.6534 0130795 144.6799 216.3012 14.35091778114703
0 COSMOS 2251 DEB
1 34122U 93036KT  11113.68079191 +.00001265 +00000-0 +41082-3 0  9993
2 34122 074.0509 348.8656 0130906 142.5653 218.4611 14.35093756114848
0 COSMOS 2251 DEB
1 34122U 93036KT  11114.65674092  .00001240  00000-0  40275-3 0  9998
2 34122 074.0508 347.0777 0130858 140.5114 220.5667 14.35095802114982
0 COSMOS 2251 DEB
1 34122U 93036KT  11115.07500298 +.00001232 +00000-0 +40032-3 0  9993
2 34122 074.0507 346.3110 0130914 139.6527 221.4418 14.35096712115047
0 COSMOS 2251 DEB
1 34122U 93036KT  11116.67833810  .00001210  00000-0  39315-3 0  9997
2 34122 074.0507 343.3732 0130947 136.2398 224.9135 14.35100279115272
0 COSMOS 2251 DEB
1 34122U 93036KT  11117.65428058 +.00001206 +00000-0 +39188-3 0  9993
2 34122 074.0509 341.5854 0130912 134.1620 227.0375 14.35102658115415
0 COSMOS 2251 DEB
1 34122U 93036KT  11118.69992961  .00001206  00000-0  39205-3 0  9997
2 34122 074.0509 339.6696 0130904 131.9251 229.3150 14.35105269115566
0 COSMOS 2251 DEB
1 34122U 93036KT  11119.67586563 +.00001231 +00000-0 +39961-3 0  9990
2 34122 074.0501 337.8799 0131032 129.8221 231.4578 14.35108173115709
0 COSMOS 2251 DEB
1 34122U 93036KT  11120.65179851 +.00001246 +00000-0 +40432-3 0  9999
2 34122 074.0490 336.0884 0131161 127.8365 233.4770 14.35110939115846
0 COSMOS 2251 DEB
1 34122U 93036KT  11121.00034548  .00001254  00000-0  40694-3 0  9991
2 34122 074.0496 335.4501 0131107 127.1056 234.2189 14.35112018115899
0 COSMOS 2251 DEB
1 34122U 93036KT  11121.62772974 +.00001270 +00000-0 +41207-3 0  9990
2 34122 074.0496 334.3005 0130925 125.7789 235.5673 14.35113981115982
0 COSMOS 2251 DEB
1 34122U 93036KT  11122.60365834 +.00001293 +00000-0 +41941-3 0  9992
2 34122 074.0496 332.5122 0130828 123.6292 237.7433 14.35116947116120
0 COSMOS 2251 DEB
1 34122U 93036KT  11123.57958544  .00001301  00000-0  42188-3 0  9999
2 34122 074.0497 330.7241 0130812 121.5904 239.8100 14.35119678116266
0 COSMOS 2251 DEB
1 34122U 93036KT  11123.92813036 +.00001329 +00000-0 +43082-3 0  9998
2 34122 074.0498 330.0857 0130792 120.9614 240.4587 14.35121207116315
0 COSMOS 2251 DEB
1 34122U 93036KT  11124.20696374  .00001428  00000-0  46232-3 0  9994
2 34122 074.0486 329.5734 0130656 120.2390 241.2100 14.35124142116357
0 COSMOS 2251 DEB
1 34122U 93036KT  11124.62520998 +.00001452 +00000-0 +47003-3 0  9992
2 34122 074.0485 328.8073 0130489 119.4434 241.9941 14.35125935116415
0 COSMOS 2251 DEB
1 34122U 93036KT  11125.60112544 +.00001537 +00000-0 +49719-3 0  9995
2 34122 074.0493 327.0200 0130477 117.6092 243.8531 14.35130543116556
0 COSMOS 2251 DEB
1 34122U 93036KT  11125.94966464  .00001552  00000-0  50192-3 0  9994
2 34122 074.0496 326.3822 0130590 116.8787 244.5828 14.35131981116609
0 COSMOS 2251 DEB
1 34122U 93036KT  11126.92557901 +.00001632 +00000-0 +52717-3 0  9999
2 34122 074.0492 324.5935 0130756 114.7027 246.7889 14.35136501116747
0 COSMOS 2251 DEB
1 34122U 93036KT  11127.62265763 +.00001654 +00000-0 +53405-3 0  9998
2 34122 074.0491 323.3163 0130695 113.2270 248.2749 14.35139257116846
0 COSMOS 2251 DEB
1 34122U 93036KT  11127.97119654  .00001674  00000-0  54021-3 0  9990
2 34122 074.0484 322.6764 0130756 112.4711 249.0418 14.35140861116896
0 COSMOS 2251 DEB
1 34122U 93036KT  11128.59856568 +.00001708 +00000-0 +55111-3 0  9990
2 34122 074.0485 321.5272 0130655 111.1198 250.4089 14.35143742116983
0 COSMOS 2251 DEB
1 34122U 93036KT  11129.29564021  .00001776  00000-0  57262-3 0  9992
2 34122 074.0494 320.2517 0130751 110.0537 251.4992 14.35147400117084
0 COSMOS 2251 DEB
1 34122U 93036KT  11129.64417298 +.00001774 +00000-0 +57195-3 0  9997
2 34122 074.0492 319.6126 0130675 109.3088 252.2242 14.35148599117130
0 COSMOS 2251 DEB
1 34122U 93036KT  11130.55036933 +.00001805 +00000-0 +58182-3 0  9994
2 34122 074.0486 317.9518 0130582 107.2914 254.2585 14.35152283117262
0 COSMOS 2251 DEB
1 34122U 93036KT  11131.52626960  .00001820  00000-0  58678-3 0  9994
2 34122 074.0489 316.1646 0130407 105.1823 256.3796 14.35156087117409
0 COSMOS 2251 DEB
1 34122U 93036KT  11131.59597661 +.00001815 +00000-0 +58523-3 0  9999
2 34122 074.0491 316.0367 0130426 105.0157 256.5446 14.35156232117418
0 COSMOS 2251 DEB
1 34122U 93036KT  11132.85070256 +.00001821 +00000-0 +58722-3 0  9993
2 34122 074.0497 313.7378 0130097 102.1481 259.4211 14.35160765117599
0 COSMOS 2251 DEB
1 34122U 93036KT  11133.61747915  .00001787  00000-0  57659-3 0  9990
2 34122 074.0492 312.3316 0130160 100.6138 260.9655 14.35162811117700
0 COSMOS 2251 DEB
1 34122U 93036KT  11134.87219831 +.00001748 +00000-0 +56413-3 0  9994
2 34122 074.0488 310.0320 0130066 098.0884 263.4991 14.35166599117885
0 COSMOS 2251 DEB
1 34122U 93036KT  11135.63896989  .00001737  00000-0  56047-3 0  9995
2 34122 074.0488 308.6272 0130144 096.5798 265.0188 14.35169110117998
0 COSMOS 2251 DEB
1 34122U 93036KT  11136.89368365 +.00001662 +00000-0 +53680-3 0  9993
2 34122 074.0489 306.3281 0129915 093.8667 267.7201 14.35171917118177
0 COSMOS 2251 DEB
1 34122U 93036KT  11137.52104135  .00001629  00000-0  52604-3 0  9995
2 34122 074.0488 305.1780 0130250 092.7382 268.8584 14.35173290118265
0 COSMOS 2251 DEB
1 34122U 93036KT  11138.56663520 +.00001561 +00000-0 +50424-3 0  9991
2 34122 074.0478 303.2613 0130459 090.6025 270.9961 14.35175243118410
0 COSMOS 2251 DEB
1 34122U 93036KT  11139.47281418  .00001525  00000-0  49272-3 0  9993
2 34122 074.0475 301.6011 0130654 088.9504 272.6595 14.35177459118547
0 COSMOS 2251 DEB
1 34122U 93036KT  11140.58810864  .00001442  00000-0  46678-3 0  9995
2 34122 074.0484 299.5580 0129827 086.4278 275.1668 14.35179394118701
0 COSMOS 2251 DEB
1 34122U 93036KT  11141.56399485  .00001340  00000-0  43435-3 0  9990
2 34122 074.0484 297.7674 0130013 084.1720 277.4183 14.35180054118848
0 COSMOS 2251 DEB
1 34122U 93036KT  11142.53987575 +.00001278 +00000-0 +41475-3 0  9993
2 34122 074.0483 295.9795 0129966 082.1499 279.4359 14.35181601118988
0 COSMOS 2251 DEB
1 34122U 93036KT  11143.44604725 +.00001271 +00000-0 +41248-3 0  9998
2 34122 074.0485 294.3196 0129902 080.2765 281.3027 14.35183858119119
0 COSMOS 2251 DEB
1 34122U 93036KT  11144.21280607  .00001218  00000-0  39585-3 0  9995
2 34122 074.0492 292.9150 0129639 078.5040 283.0488 14.35184858119227
0 COSMOS 2251 DEB
1 34122U 93036KT  11144.56133547 +.00001202 +00000-0 +39064-3 0  9998
2 34122 074.0497 292.2775 0129524 077.6758 283.8805 14.35185423119272
0 COSMOS 2251 DEB
1 34122U 93036KT  11145.46750755  .00001109  00000-0  36109-3 0  9997
2 34122 074.0497 290.6155 0129747 075.3207 286.2069 14.35185770119406
0 COSMOS 2251 DEB
1 34122U 93036KT  11145.81603789 +.00001088 +00000-0 +35435-3 0  9997
2 34122 074.0495 289.9763 0129662 074.6134 286.9269 14.35186185119452
0 COSMOS 2251 DEB
1 34122U 93036KT  11146.79191159 +.00001040 +00000-0 +33919-3 0  9991
2 34122 074.0493 288.1878 0129624 072.7664 288.7541 14.35187324119597
0 COSMOS 2251 DEB
1 34122U 93036KT  11147.48896469  .00001001  00000-0  32691-3 0  9997
2 34122 074.0495 286.9114 0129513 071.4539 290.0559 14.35188005119695
0 COSMOS 2251 DEB
1 34122U 93036KT  11147.76778642 +.00000991 +00000-0 +32353-3 0  9992
2 34122 074.0496 286.4006 0129487 070.8359 290.6726 14.35188383119730
0 COSMOS 2251 DEB
1 34122U 93036KT  11148.53454386 +.00000921 +00000-0 +30140-3 0  9999
2 34122 074.0498 284.9965 0129320 069.1431 292.3412 14.35188615119848
0 COSMOS 2251 DEB
1 34122U 93036KT  11149.78923585  .00000855  00000-0  28055-3 0  9997
2 34122 074.0492 282.6954 0129336 066.7492 294.7124 14.35189761120023
0 COSMOS 2251 DEB
1 34122U 93036KT  11150.76510806 +.00000819 +00000-0 +26901-3 0  9993
2 34122 074.0489 280.9071 0129484 064.8999 296.5506 14.35190715120165
0 COSMOS 2251 DEB
1 34122U 93036KT  11151.74097620 +.00000802 +00000-0 +26365-3 0  9992
2 34122 074.0489 279.1189 0129483 063.0371 298.3932 14.35192071120305
0 COSMOS 2251 DEB
1 34122U 93036KT  11152.36831919  .00000802  00000-0  26349-3 0  9990
2 34122 074.0490 277.9697 0129529 061.6453 299.7682 14.35193129120394
0 COSMOS 2251 DEB
1 34122U 93036KT  11152.50772880 +.00000801 +00000-0 +26340-3 0  9997
2 34122 074.0487 277.7136 0129534 061.3779 300.0333 14.35193343120410
0 COSMOS 2251 DEB
1 34122U 93036KT  11153.76241269 +.00000785 +00000-0 +25818-3 0  9998
2 34122 074.0491 275.4138 0129555 058.6798 302.6939 14.35195168120591
0 COSMOS 2251 DEB
1 34122U 93036KT  11154.38975457  .00000781  00000-0  25675-3 0  9997
2 34122 074.0488 274.2642 0129590 057.3719 303.9871 14.35196114120683
0 COSMOS 2251 DEB
1 34122U 93036KT  11155.71413898 +.00000778 +00000-0 +25581-3 0  9993
2 34122 074.0488 271.8368 0129565 054.5864 306.7310 14.35198265120872
0 COSMOS 2251 DEB
1 34122U 93036KT  11156.68999966  .00000784  00000-0  25773-3 0  9995
2 34122 074.0487 270.0484 0129589 052.5796 308.7080 14.35199982121019
0 COSMOS 2251 DEB
1 34122U 93036KT  11157.73556300 +.00000796 +00000-0 +26159-3 0  9995
2 34122 074.0486 268.1325 0129616 050.3938 310.8593 14.35201915121164
0 COSMOS 2251 DEB
1 34122U 93036KT  11158.36289920 +.00000801 +00000-0 +26329-3 0  9992
2 34122 074.0486 266.9823 0129541 049.1173 312.1111 14.35203073121255
0 COSMOS 2251 DEB
1 34122U 93036KT  11159.33875629  .00000814  00000-0  26740-3 0  9998
2 34122 074.0480 265.1936 0129542 047.1066 314.0902 14.35204909121398
0 COSMOS 2251 DEB
1 34122U 93036KT  11160.66313076 +.00000818 +00000-0 +26854-3 0  9999
2 34122 074.0485 262.7677 0129616 044.3284 316.8151 14.35207200121585
0 COSMOS 2251 DEB
1 34122U 93036KT  11161.63898448  .00000823  00000-0  27019-3 0  9998
2 34122 074.0482 260.9786 0129571 042.3171 318.7903 14.35208923121721
0 COSMOS 2251 DEB
1 34122U 93036KT  11162.61483656 +.00000828 +00000-0 +27175-3 0  9996
2 34122 074.0487 259.1907 0129603 040.2491 320.8165 14.35210634121860
0 COSMOS 2251 DEB
1 34122U 93036KT  11163.66039207  .00000806  00000-0  26500-3 0  9998
2 34122 074.0482 257.2737 0129526 038.1415 322.8788 14.35211895122012
0 COSMOS 2251 DEB
1 34122U 93036KT  11164.63624360 +.00000779 +00000-0 +25630-3 0  9998
2 34122 074.0482 255.4853 0129376 036.1144 324.8649 14.35212934122159
0 COSMOS 2251 DEB
1 34122U 93036KT  11165.89090713  .00000745  00000-0  24542-3 0  9990
2 34122 074.0487 253.1857 0129707 033.2859 327.6264 14.35214265122335
0 COSMOS 2251 DEB
1 34122U 93036KT  11166.30912967 +.00000743 +00000-0 +24477-3 0  9996
2 34122 074.0486 252.4195 0129710 032.4168 328.4861 14.35214864122392
0 COSMOS 2251 DEB
1 34122U 93036KT  11167.56379181 +.00000689 +00000-0 +22776-3 0  9999
2 34122 074.0491 250.1204 0129928 029.8730 330.9612 14.35215610122572
0 COSMOS 2251 DEB
1 34122U 93036KT  11168.26082791  .00000658  00000-0  21779-3 0  9993
2 34122 074.0495 248.8442 0130004 028.4995 332.3063 14.35215939122670
0 COSMOS 2251 DEB
1 34122U 93036KT  11168.60934688 +.00000638 +00000-0 +21146-3 0  9998
2 34122 074.0496 248.2054 0129936 027.7253 333.0696 14.35216009122720
0 COSMOS 2251 DEB
1 34122U 93036KT  11169.65489900  .00000583  00000-0  19380-3 0  9992
2 34122 074.0494 246.2887 0130049 025.2420 335.4897 14.35216141122878
0 COSMOS 2251 DEB
1 34122U 93036KT  11169.65489900 +.00000583 +00000-0 +19380-3 0  9992
2 34122 074.0494 246.2887 0130049 025.2420 335.4897 14.35216141122878
0 COSMOS 2251 DEB
1 34122U 93036KT  11170.63075023 +.00000529 +00000-0 +17674-3 0  9993
2 34122 074.0493 244.5001 0130409 023.2112 337.4846 14.35216286123015
0 COSMOS 2251 DEB
1 34122U 93036KT  11171.60659846 +.00000476 +00000-0 +15991-3 0  9993
2 34122 074.0488 242.7104 0130361 021.3330 339.3139 14.35216224123154
0 COSMOS 2251 DEB
1 34122U 93036KT  11172.23392876  .00000456  00000-0  15370-3 0  9999
2 34122 074.0491 241.5615 0130222 020.0837 340.5320 14.35216457123240
0 COSMOS 2251 DEB
1 34122U 93036KT  11172.58244603 +.00000427 +00000-0 +14454-3 0  9991
2 34122 074.0484 240.9222 0129893 019.3842 341.2176 14.35216297123292
0 COSMOS 2251 DEB
1 34122U 93036KT  11173.83710498 +.00000395 +00000-0 +13446-3 0  9994
2 34122 074.0482 238.6226 0129589 016.7251 343.8103 14.35216855123473
0 COSMOS 2251 DEB
1 34122U 93036KT  11174.60384207 +.00000368 +00000-0 +12565-3 0  9996
2 34122 074.0479 237.2176 0130017 015.0188 345.4748 14.35216999123581
0 COSMOS 2251 DEB
1 34122U 93036KT  11175.50998475 +.00000351 +00000-0 +12043-3 0  9997
2 34122 074.0483 235.5573 0129892 013.2348 347.2144 14.35217388123713
0 COSMOS 2251 DEB
1 34122U 93036KT  11176.55553299 +.00000319 +00000-0 +11018-3 0  9999
2 34122 074.0477 233.6401 0129566 011.0552 349.3391 14.35217604123860
0 COSMOS 2251 DEB
1 34122U 93036KT  11177.53137741  .00000306  00000-0  10606-3 0  9996
2 34122 074.0479 231.8525 0129278 009.0816 351.2629 14.35218075124005
0 COSMOS 2251 DEB
1 34122U 93036KT  11177.60108056 +.00000305 +00000-0 +10578-3 0  9998
2 34122 074.0477 231.7244 0129260 008.9454 351.3957 14.35218094124014
0 COSMOS 2251 DEB
1 34122U 93036KT  11178.57692451 +.00000298 +00000-0 +10352-3 0  9993
2 34122 074.0480 229.9358 0129489 006.8745 353.4115 14.35218636124152
0 COSMOS 2251 DEB
1 34122U 93036KT  11179.55276845 +.00000298 +00000-0 +10357-3 0  9992
2 34122 074.0479 228.1471 0129467 004.8376 355.3988 14.35219259124297
0 COSMOS 2251 DEB
1 34122U 93036KT  11180.52861203 +.00000292 +00000-0 +10164-3 0  9999
2 34122 074.0481 226.3593 0129395 002.8325 357.3521 14.35219748124431
0 COSMOS 2251 DEB
1 34122U 93036KT  11181.50445496 +.00000286 +00000-0 +99755-4 0  9997
2 34122 074.0479 224.5710 0129495 000.7438 359.3861 14.35220231124575
0 COSMOS 2251 DEB
1 34122U 93036KT  11182.13178266  .00000285  00000-0  99448-4 0  9993
2 34122 074.0479 223.4215 0129475 359.4432 000.6555 14.35220610124666
0 COSMOS 2251 DEB
1 34122U 93036KT  11182.55000114 +.00000282 +00000-0 +98458-4 0  9992
2 34122 074.0476 222.6546 0129485 358.5786 001.4981 14.35220777124727
0 COSMOS 2251 DEB
1 34122U 93036KT  11183.52584350 +.00000274 +00000-0 +96137-4 0  9992
2 34122 074.0468 220.8644 0129896 356.4437 003.5758 14.35221199124862
0 COSMOS 2251 DEB
1 34122U 93036KT  11184.22287345  .00000271  00000-0  94997-4 0  9993
2 34122 074.0471 219.5871 0129878 354.9569 005.0261 14.35221597124961
0 COSMOS 2251 DEB
1 34122U 93036KT  11184.50168542 +.00000275 +00000-0 +96198-4 0  9990
2 34122 074.0469 219.0760 0129891 354.3814 005.5878 14.35221818125003
0 COSMOS 2251 DEB
1 34122U 93036KT  11185.47752673 +.00000268 +00000-0 +94120-4 0  9996
2 34122 074.0467 217.2877 0129805 352.3369 007.5797 14.35222282125141
0 COSMOS 2251 DEB
1 34122U 93036KT  11186.45336808  .00000254  00000-0  89717-4 0  9994
2 34122 074.0466 215.4992 0129746 350.3188 009.5458 14.35222606125280
0 COSMOS 2251 DEB
1 34122U 93036KT  11187.42920908 +.00000256 +00000-0 +90209-4 0  9992
2 34122 074.0467 213.7114 0129767 348.2971 011.5172 14.35223204125424
0 COSMOS 2251 DEB
1 34122U 93036KT  11188.47475242  .00000261  00000-0  91837-4 0  9998
2 34122 074.0467 211.7957 0129828 346.1176 013.6434 14.35223927125571
0 COSMOS 2251 DEB
1 34122U 93036KT  11188.47475242 +.00000261 +00000-0 +91837-4 0  9998
2 34122 074.0467 211.7957 0129828 346.1176 013.6434 14.35223927125571
0 COSMOS 2251 DEB
1 34122U 93036KT  11189.45059188 +.00000270 +00000-0 +94667-4 0  9998
2 34122 074.0463 210.0070 0129864 344.0774 015.6330 14.35224688125714
0 COSMOS 2251 DEB
1 34122U 93036KT  11190.07791710 +.00000269 +00000-0 +94505-4 0  9991
2 34122 074.0463 208.8574 0129851 342.7687 016.9080 14.35225062125805
0 COSMOS 2251 DEB
1 34122U 93036KT  11191.12345939  .00000279  00000-0  97777-4 0  9991
2 34122 074.0462 206.9413 0129849 340.6193 019.0095 14.35225958125951
0 COSMOS 2251 DEB
1 34122U 93036KT  11191.47197238 +.00000290 +00000-0 +10117-3 0  9991
2 34122 074.0467 206.3025 0129874 339.8997 019.7106 14.35226430126002
0 COSMOS 2251 DEB
1 34122U 93036KT  11192.79632270 +.00000317 +00000-0 +10968-3 0  9991
2 34122 074.0473 203.8759 0129682 337.0848 022.4603 14.35227889126199
0 COSMOS 2251 DEB
1 34122U 93036KT  11193.14483525  .00000315  00000-0  10917-3 0  9990
2 34122 074.0473 203.2373 0129679 336.3644 023.1573 14.35228090126242
0 COSMOS 2251 DEB
1 34122U 93036KT  11193.42364630 +.00000314 +00000-0 +10874-3 0  9997
2 34122 074.0471 202.7261 0129697 335.7774 023.7312 14.35228247126282
0 COSMOS 2251 DEB
1 34122U 93036KT  11194.46918683 +.00000328 +00000-0 +11324-3 0  9991
2 34122 074.0471 200.8101 0129603 333.6578 025.8046 14.35229246126434
0 COSMOS 2251 DEB
1 34122U 93036KT  11195.09651029 +.00000332 +00000-0 +11450-3 0  9994
2 34122 074.0471 199.6604 0129632 332.3656 027.0647 14.35229768126522
0 COSMOS 2251 DEB
1 34122U 93036KT  11197.04818409  .00000370  00000-0  12671-3 0  9996
2 34122 074.0472 196.0848 0129632 328.3000 031.0507 14.35231963126803
0 COSMOS 2251 DEB
1 34122U 93036KT  11197.39669470 +.00000382 +00000-0 +13039-3 0  9998
2 34122 074.0474 195.4467 0129598 327.5874 031.7407 14.35232525126852
0 COSMOS 2251 DEB
1 34122U 93036KT  11198.37252951 +.00000393 +00000-0 +13407-3 0  9990
2 34122 074.0468 193.6578 0129678 325.5978 033.6847 14.35233522126992
0 COSMOS 2251 DEB
1 34122U 93036KT  11199.34836416  .00000409  00000-0  13906-3 0  9994
2 34122 074.0471 191.8699 0129567 323.5429 035.7025 14.35234734127130
0 COSMOS 2251 DEB
1 34122U 93036KT  11199.41806520 +.00000419 +00000-0 +14217-3 0  9992
2 34122 074.0462 191.7404 0129533 323.4103 035.8292 14.35234979127143
0 COSMOS 2251 DEB
1 34122U 93036KT  11200.39389871 +.00000440 +00000-0 +14894-3 0  9992
2 34122 074.0464 189.9524 0129579 321.3543 037.8462 14.35236316127285
0 COSMOS 2251 DEB
1 34122U 93036KT  11201.36972942  .00000465  00000-0  15693-3 0  9992
2 34122 074.0467 188.1645 0129743 319.2878 039.8659 14.35237818127427
0 COSMOS 2251 DEB
1 34122U 93036KT  11202.34556101 +.00000484 +00000-0 +16290-3 0  9991
2 34122 074.0463 186.3754 0129870 317.2544 041.8598 14.35239178127564
0 COSMOS 2251 DEB
1 34122U 93036KT  11203.39109465  .00000497  00000-0  16693-3 0  9995
2 34122 074.0461 184.4593 0129853 315.0968 043.9787 14.35240546127710
0 COSMOS 2251 DEB
1 34122U 93036KT  11204.36692546 +.00000515 +00000-0 +17276-3 0  9999
2 34122 074.0458 182.6673 0129571 313.1626 045.8796 14.35241863127851
0 COSMOS 2251 DEB
1 34122U 93036KT  11205.34275514 +.00000551 +00000-0 +18409-3 0  9999
2 34122 074.0467 180.8799 0129686 311.1016 047.9100 14.35243688127992
0 COSMOS 2251 DEB
1 34122U 93036KT  11206.03977440  .00000581  00000-0  19362-3 0  9995
2 34122 074.0470 179.6028 0129942 309.6415 049.3446 14.35245191128099
0 COSMOS 2251 DEB
1 34122U 93036KT  11206.94589767 +.00000609 +00000-0 +20255-3 0  9990
2 34122 074.0469 177.9426 0129771 307.6968 051.2485 14.35246800128229
0 COSMOS 2251 DEB
1 34122U 93036KT  11207.29440753 +.00000624 +00000-0 +20743-3 0  9999
2 34122 074.0468 177.3037 0129501 306.9403 052.0004 14.35247560128272
0 COSMOS 2251 DEB
1 34122U 93036KT  11208.33993560  .00000645  00000-0  21406-3 0  9994
2 34122 074.0465 175.3872 0129538 304.8155 054.0907 14.35249373128420
0 COSMOS 2251 DEB
1 34122U 93036KT  11208.96725203 +.00000659 +00000-0 +21838-3 0  9994
2 34122 074.0467 174.2380 0129731 303.5361 055.3500 14.35250539128513
0 COSMOS 2251 DEB
1 34122U 93036KT  11209.94307629 +.00000686 +00000-0 +22705-3 0  9995
2 34122 074.0470 172.4501 0129764 301.5244 057.3288 14.35252393128656
0 COSMOS 2251 DEB
1 34122U 93036KT  11210.91890135  .00000693  00000-0  22934-3 0  9995
2 34122 074.0471 170.6616 0129756 299.5447 059.2823 14.35253930128795
0 COSMOS 2251 DEB
1 34122U 93036KT  11210.91890135 +.00000693 +00000-0 +22934-3 0  9995
2 34122 074.0471 170.6616 0129756 299.5447 059.2823 14.35253930128795
0 COSMOS 2251 DEB
1 34122U 93036KT  11211.26741008 +.00000695 +00000-0 +22981-3 0  9992
2 34122 074.0472 170.0231 0129748 298.8268 059.9903 14.35254446128842
0 COSMOS 2251 DEB
1 34122U 93036KT  11212.31293628 +.00000700 +00000-0 +23140-3 0  9994
2 34122 074.0471 168.1067 0129723 296.6545 062.1393 14.35256049128999
0 COSMOS 2251 DEB
1 34122U 93036KT  11213.28875920  .00000702  00000-0  23196-3 0  9995
2 34122 074.0474 166.3188 0129902 294.7204 064.0455 14.35257523129131
0 COSMOS 2251 DEB
1 34122U 93036KT  11213.91607419 +.00000706 +00000-0 +23339-3 0  9994
2 34122 074.0473 165.1692 0129891 293.4663 065.2864 14.35258490129220
0 COSMOS 2251 DEB
1 34122U 93036KT  11214.89189600 +.00000711 +00000-0 +23502-3 0  9997
2 34122 074.0479 163.3812 0129749 291.3495 067.3838 14.35260015129367
0 COSMOS 2251 DEB
1 34122U 93036KT  11215.93741936  .00000713  00000-0  23559-3 0  9993
2 34122 074.0479 161.4655 0129853 289.2123 069.5013 14.35261595129511
0 COSMOS 2251 DEB
1 34122U 93036KT  11215.93741936 +.00000713 +00000-0 +23559-3 0  9993
2 34122 074.0479 161.4655 0129853 289.2123 069.5013 14.35261595129511
0 COSMOS 2251 DEB
1 34122U 93036KT  11216.91324060 +.00000711 +00000-0 +23477-3 0  9994
2 34122 074.0475 159.6765 0129938 287.2353 071.4612 14.35262967129651
0 COSMOS 2251 DEB
1 34122U 93036KT  11217.81936021 +.00000709 +00000-0 +23434-3 0  9990
2 34122 074.0481 158.0150 0129880 285.2861 073.4047 14.35264366129780
0 COSMOS 2251 DEB
1 34122U 93036KT  11218.23756730  .00000709  00000-0  23427-3 0  9996
2 34122 074.0484 157.2489 0129795 284.3728 074.3051 14.35264962129840
0 COSMOS 2251 DEB
1 34122U 93036KT  11218.86487974 +.00000707 +00000-0 +23361-3 0  9991
2 34122 074.0485 156.0995 0129768 283.0500 075.6194 14.35265853129936
0 COSMOS 2251 DEB
1 34122U 93036KT  11219.84069899 +.00000707 +00000-0 +23350-3 0  9990
2 34122 074.0490 154.3116 0129850 281.0934 077.5644 14.35267318130075
0 COSMOS 2251 DEB
1 34122U 93036KT  11220.25890688  .00000717  00000-0  23699-3 0  9992
2 34122 074.0484 153.5441 0129443 280.1337 078.5284 14.35268159130137
0 COSMOS 2251 DEB
1 34122U 93036KT  11221.86203504 +.00000731 +00000-0 +24117-3 0  9997
2 34122 074.0487 150.6067 0129672 276.9423 081.7037 14.35270913130363
0 COSMOS 2251 DEB
1 34122U 93036KT  11222.83785014  .00000756  00000-0  24937-3 0  9993
2 34122 074.0487 148.8185 0129533 274.9027 083.7383 14.35272911130509
0 COSMOS 2251 DEB
1 34122U 93036KT  11223.88336551 +.00000775 +00000-0 +25544-3 0  9993
2 34122 074.0486 146.9016 0129234 272.6181 086.0194 14.35274867130658
0 COSMOS 2251 DEB
1 34122U 93036KT  11224.85917898  .00000785  00000-0  25850-3 0  9991
2 34122 074.0480 145.1126 0128996 270.4968 088.1401 14.35276639130796
0 COSMOS 2251 DEB
1 34122U 93036KT  11225.83499285 +.00000784 +00000-0 +25827-3 0  9998
2 34122 074.0480 143.3245 0128955 268.4598 090.1770 14.35278195130936
0 COSMOS 2251 DEB
1 34122U 93036KT  11226.81080580 +.00000796 +00000-0 +26211-3 0  9992
2 34122 074.0483 141.5363 0128904 266.4175 092.2214 14.35279953131078
0 COSMOS 2251 DEB
1 34122U 93036KT  11227.78661838  .00000801  00000-0  26379-3 0  9992
2 34122 074.0484 139.7483 0128889 264.3664 094.2793 14.35281656131216
0 COSMOS 2251 DEB
1 34122U 93036KT  11228.20482315 +.00000805 +00000-0 +26492-3 0  9991
2 34122 074.0483 138.9818 0128847 263.4704 095.1778 14.35282414131279
0 COSMOS 2251 DEB
1 34122U 93036KT  11229.80794144  .00000801  00000-0  26389-3 0  9995
2 34122 074.0486 136.0442 0128762 260.1620 098.4972 14.35284992131502
0 COSMOS 2251 DEB
1 34122U 93036KT  11230.78375147 +.00000781 +00000-0 +25734-3 0  9992
2 34122 074.0487 134.2560 0128620 258.1112 100.5492 14.35286109131649
0 COSMOS 2251 DEB
1 34122U 93036KT  11231.75956305 +.00000763 +00000-0 +25170-3 0  9995
2 34122 074.0484 132.4680 0128576 256.0710 102.6040 14.35287269131785
0 COSMOS 2251 DEB
1 34122U 93036KT  11232.10806784  .00000751  00000-0  24772-3 0  9994
2 34122 074.0483 131.8287 0128663 255.4475 103.2323 14.35287541131838
0 COSMOS 2251 DEB
1 34122U 93036KT  11232.73537483 +.00000745 +00000-0 +24604-3 0  9997
2 34122 074.0483 130.6792 0128673 254.1022 104.5923 14.35288443131923
0 COSMOS 2251 DEB
1 34122U 93036KT  11233.15357877 +.00000737 +00000-0 +24351-3 0  9991
2 34122 074.0481 129.9126 0128731 253.2804 105.4162 14.35288897131980
0 COSMOS 2251 DEB
1 34122U 93036KT  11234.12938783  .00000713  00000-0  23591-3 0  9999
2 34122 074.0480 128.1234 0128750 251.2159 107.4958 14.35289968132124
0 COSMOS 2251 DEB
1 34122U 93036KT  11234.68699321 +.00000704 +00000-0 +23304-3 0  9994
2 34122 074.0479 127.1010 0128652 250.0134 108.7089 14.35290586132200
0 COSMOS 2251 DEB
1 34122U 93036KT  11235.10519830 +.00000686 +00000-0 +22713-3 0  9990
2 34122 074.0474 126.3342 0128610 249.0616 109.6723 14.35290776132263
0 COSMOS 2251 DEB
1 34122U 93036KT  11236.08100650 +.00000679 +00000-0 +22491-3 0  9999
2 34122 074.0474 124.5465 0128653 246.9584 111.7963 14.35292051132400
0 COSMOS 2251 DEB
1 34122U 93036KT  11237.05681391  .00000670  00000-0  22213-3 0  9996
2 34122 074.0476 122.7590 0128682 244.8457 113.9296 14.35293277132548
0 COSMOS 2251 DEB
1 34122U 93036KT  11237.12651458 +.00000671 +00000-0 +22226-3 0  9990
2 34122 074.0477 122.6314 0128686 244.7132 114.0642 14.35293386132554
0 COSMOS 2251 DEB
1 34122U 93036KT  11238.65992715 +.00000646 +00000-0 +21463-3 0  9997
2 34122 074.0485 119.8202 0128481 241.8059 117.0049 14.35295080132777
0 COSMOS 2251 DEB
1 34122U 93036KT  11239.07813031  .00000636  00000-0  21123-3 0  9999
2 34122 074.0483 119.0538 0128576 240.9437 117.8754 14.35295390132836
0 COSMOS 2251 DEB
1 34122U 93036KT  11240.05393716 +.00000637 +00000-0 +21148-3 0  9990
2 34122 074.0483 117.2664 0128535 238.8422 120.0086 14.35296721132979
0 COSMOS 2251 DEB
1 34122U 93036KT  11241.09944324  .00000638  00000-0  21180-3 0  9999
2 34122 074.0477 115.3488 0128500 236.7050 122.1765 14.35298132133124
0 COSMOS 2251 DEB
1 34122U 93036KT  11241.72674605 +.00000639 +00000-0 +21222-3 0  9999
2 34122 074.0477 114.1993 0128495 235.4178 123.4806 14.35299006133213
0 COSMOS 2251 DEB
1 34122U 93036KT  11242.70255041 +.00000641 +00000-0 +21282-3 0  9996
2 34122 074.0481 112.4116 0128427 233.4541 125.4750 14.35300427133358
0 COSMOS 2251 DEB
1 34122U 93036KT  11243.05105158 +.00000641 +00000-0 +21284-3 0  9990
2 34122 074.0481 111.7719 0128447 232.8069 126.1304 14.35300900133404
0 COSMOS 2251 DEB
1 34122U 93036KT  11244.02685525  .00000653  00000-0  21675-3 0  9996
2 34122 074.0479 109.9838 0128450 230.7046 128.2711 14.35302473133545
0 COSMOS 2251 DEB
1 34122U 93036KT  11244.72385640 +.00000656 +00000-0 +21755-3 0  9990
2 34122 074.0478 108.7066 0128431 229.2534 129.7418 14.35303470133647
0 COSMOS 2251 DEB
1 34122U 93036KT  11245.62995841 +.00000663 +00000-0 +21993-3 0  9992
2 34122 074.0474 107.0452 0128410 227.3894 131.6398 14.35304872133779
0 COSMOS 2251 DEB
1 34122U 93036KT  11246.04815875  .00000674  00000-0  22316-3 0  9999
2 34122 074.0473 106.2792 0128420 226.3651 132.6840 14.35305658133830
0 COSMOS 2251 DEB
1 34122U 93036KT  11247.65125804 +.00000696 +00000-0 +23031-3 0  9992
2 34122 074.0471 103.3413 0128555 223.0653 136.0386 14.35308367134060
0 COSMOS 2251 DEB
1 34122U 93036KT  11248.62705773  .00000699  00000-0  23116-3 0  9996
2 34122 074.0468 101.5527 0128517 220.9919 138.1509 14.35309787134204
0 COSMOS 2251 DEB
1 34122U 93036KT  11249.04525767 +.00000706 +00000-0 +23343-3 0  9997
2 34122 074.0467 100.7861 0128540 220.0782 139.0863 14.35310550134269
0 COSMOS 2251 DEB
1 34122U 93036KT  11250.02105579 +.00000716 +00000-0 +23657-3 0  9991
2 34122 074.0463 098.9966 0128526 218.0769 141.1280 14.35312175134403
0 COSMOS 2251 DEB
1 34122U 93036KT  11250.99685295  .00000723  00000-0  23863-3 0  9992
2 34122 074.0461 097.2088 0128500 216.0609 143.1844 14.35313760134545
0 COSMOS 2251 DEB
1 34122U 93036KT  11251.62415071 +.00000726 +00000-0 +23951-3 0  9997
2 34122 074.0462 096.0590 0128503 214.7667 144.5056 14.35314777134632
0 COSMOS 2251 DEB
1 34122U 93036KT  11252.59994675 +.00000741 +00000-0 +24445-3 0  9992
2 34122 074.0465 094.2707 0128495 212.7628 146.5552 14.35316560134770
0 COSMOS 2251 DEB
1 34122U 93036KT  11253.92423893  .00000755  00000-0  24876-3 0  9992
2 34122 074.0461 091.8435 0128356 209.9885 149.3875 14.35318862134963
0 COSMOS 2251 DEB
1 34122U 93036KT  11253.92423893 +.00000755 +00000-0 +24876-3 0  9992
2 34122 074.0461 091.8435 0128356 209.9885 149.3875 14.35318862134963
0 COSMOS 2251 DEB
1 34122U 93036KT  11254.69093340 +.00000766 +00000-0 +25251-3 0  9997
2 34122 074.0453 090.4369 0128129 208.4422 150.9692 14.35320341135077
0 COSMOS 2251 DEB
1 34122U 93036KT  11255.59702618 +.00000798 +00000-0 +26273-3 0  9992
2 34122 074.0453 088.7762 0128099 206.6891 152.7681 14.35322429135202
0 COSMOS 2251 DEB
1 34122U 93036KT  11255.94552240  .00000812  00000-0  26690-3 0  9995
2 34122 074.0454 088.1380 0128035 205.9414 153.5322 14.35323302135253
0 COSMOS 2251 DEB
1 34122U 93036KT  11256.92131290 +.00000814 +00000-0 +26761-3 0  9993
2 34122 074.0457 086.3502 0128070 203.8832 155.6358 14.35325000135396
0 COSMOS 2251 DEB
1 34122U 93036KT  11257.61830582 +.00000829 +00000-0 +27235-3 0  9993
2 34122 074.0455 085.0723 0127874 202.5037 157.0502 14.35326465135493
0 COSMOS 2251 DEB
1 34122U 93036KT  11257.96680167  .00000876  00000-0  28756-3 0  9994
2 34122 074.0445 084.4311 0127799 201.6222 157.9694 14.35328162135543
0 COSMOS 2251 DEB
1 34122U 93036KT  11258.31529394 +.00000896 +00000-0 +29386-3 0  9990
2 34122 074.0445 083.7930 0127578 201.0739 158.5187 14.35329237135597
0 COSMOS 2251 DEB
1 34122U 93036KT  11259.56987206 +.00000949 +00000-0 +31040-3 0  9997
2 34122 074.0459 081.4936 0128108 198.3623 161.2885 14.35332707135775
0 COSMOS 2251 DEB
1 34122U 93036KT  11261.66083895 +.00001088 +00000-0 +35480-3 0  9999
2 34122 074.0467 077.6612 0127229 194.1816 165.6167 14.35339876136072
0 COSMOS 2251 DEB
1 34122U 93036KT  11262.49721428 +.00001063 +00000-0 +34712-3 0  9992
2 34122 074.0464 076.1288 0126895 192.5702 167.2086 14.35340970136194
0 COSMOS 2251 DEB
1 34122U 93036KT  11263.61239472 +.00001277 +00000-0 +41418-3 0  9998
2 34122 074.0476 074.0819 0128453 190.0993 169.8719 14.35348606136354
0 COSMOS 2251 DEB
1 34122U 93036KT  11264.51844378  .00001442  00000-0  46770-3 0  9995
2 34122 074.0486 072.4248 0126828 188.7823 171.1417 14.35354844136489
0 COSMOS 2251 DEB
1 34122U 93036KT  11264.51844378 +.00001442 +00000-0 +46770-3 0  9995
2 34122 074.0486 072.4248 0126828 188.7823 171.1417 14.35354844136489
0 COSMOS 2251 DEB
1 34122U 93036KT  11265.49420812 +.00001442 +00000-0 +46770-3 0  9996
2 34122 074.0486 070.6369 0126825 186.7545 173.1906 14.35357712136627
0 COSMOS 2251 DEB
1 34122U 93036KT  11266.46997643  .00001647  00000-0  53417-3 0  9998
2 34122 074.0470 068.8463 0125055 184.6825 175.3598 14.35364681136765
0 COSMOS 2251 DEB
1 34122U 93036KT  11266.60936303  .00001736  00000-0  56151-3 0  9997
2 34122 074.0464 068.5889 0126023 184.0719 175.9808 14.35367125136787
0 COSMOS 2251 DEB
1 34122U 93036KT  11267.44572278  .00001785  00000-0  57717-3 0  9990
2 34122 074.0463 067.0547 0126067 182.7592 177.3243 14.35371390136905
0 COSMOS 2251 DEB
1 34122U 93036KT  11267.44572278 +.00001785 +00000-0 +57717-3 0  9990
2 34122 074.0463 067.0547 0126067 182.7592 177.3243 14.35371390136905
0 COSMOS 2251 DEB
1 34122U 93036KT  11269.46692760  .00002065  00000-0  66596-3 0  9990
2 34122 074.0471 063.3504 0126011 178.4431 181.7777 14.35384004137198
0 COSMOS 2251 DEB
1 34122U 93036KT  11269.81539773 +.00002104 +00000-0 +67755-3 0  9995
2 34122 074.0471 062.7127 0127065 177.4790 182.7263 14.35386466137240
0 COSMOS 2251 DEB
1 34122U 93036KT  11270.51235638 +.00002222 +00000-0 +71702-3 0  9995
2 34122 074.0458 061.4341 0125010 175.9035 184.3204 14.35391558137344
0 COSMOS 2251 DEB
1 34122U 93036KT  11270.86083634  .00002264  00000-0  72904-3 0  9991
2 34122 074.0457 060.7953 0126186 174.9677 185.2991 14.35394059137397
0 COSMOS 2251 DEB
1 34122U 93036KT  11271.83657282  .00002482  00000-0  79530-3 0  9999
2 34122 074.0457 059.0073 0128653 172.8341 187.5325 14.35402706137538
0 COSMOS 2251 DEB
1 34122U 93036KT  11271.83657282 +.00002482 +00000-0 +79530-3 0  9999
2 34122 074.0457 059.0073 0128653 172.8341 187.5325 14.35402706137538
0 COSMOS 2251 DEB
1 34122U 93036KT  11272.81229603 +.00002534 +00000-0 +81246-3 0  9995
2 34122 074.0485 057.2192 0128166 170.9235 189.4339 14.35408753137670
0 COSMOS 2251 DEB
1 34122U 93036KT  11273.43955216 +.00002582 +00000-0 +82797-3 0  9995
2 34122 074.0483 056.0687 0127754 169.7117 190.6822 14.35412901137762
0 COSMOS 2251 DEB
1 34122U 93036KT  11274.76375166 +.00002732 +00000-0 +87552-3 0  9993
2 34122 074.0509 053.6390 0127601 166.8708 193.6013 14.35422651137959
0 COSMOS 2251 DEB
1 34122U 93036KT  11275.80916283  .00002813  00000-0  90124-3 0  9999
2 34122 074.0491 051.7219 0127574 164.8829 195.6325 14.35429929138100
0 COSMOS 2251 DEB
1 34122U 93036KT  11276.43640805 +.00002826 +00000-0 +90506-3 0  9991
2 34122 074.0493 050.5723 0127539 163.5878 196.9494 14.35433724138198
0 COSMOS 2251 DEB
1 34122U 93036KT  11277.76059172 +.00002865 +00000-0 +91734-3 0  9996
2 34122 074.0499 048.1459 0127525 160.8197 199.7917 14.35442054138380
0 COSMOS 2251 DEB
1 34122U 93036KT  11278.38783220  .00002891  00000-0  92548-3 0  9996
2 34122 074.0502 046.9959 0127560 159.5540 201.0851 14.35446135138470
0 COSMOS 2251 DEB
1 34122U 93036KT  11278.52721788 +.00002898 +00000-0 +92750-3 0  9995
2 34122 074.0499 046.7399 0127680 159.2595 201.3840 14.35447095138490
0 COSMOS 2251 DEB
1 34122U 93036KT  11279.50292243 +.00002930 +00000-0 +93790-3 0  9995
2 34122 074.0496 044.9511 0127493 157.1692 203.5209 14.35453399138633
0 COSMOS 2251 DEB
1 34122U 93036KT  11280.40893100  .00002964  00000-0  94802-3 0  9997
2 34122 074.0502 043.2904 0127756 155.4233 205.3227 14.35459422138760
0 COSMOS 2251 DEB
1 34122U 93036KT  11280.75739204 +.00003003 +00000-0 +96059-3 0  9990
2 34122 074.0491 042.6495 0127714 154.6114 206.1429 14.35462083138814
0 COSMOS 2251 DEB
1 34122U 93036KT  11281.73308553 +.00003012 +00000-0 +96338-3 0  9998
2 34122 074.0490 040.8605 0127629 152.6261 208.1683 14.35468204138952
0 COSMOS 2251 DEB
1 34122U 93036KT  11282.70877660  .00003021  00000-0  96624-3 0  9994
2 34122 074.0491 039.0727 0127526 150.5778 210.2632 14.35474298139098
0 COSMOS 2251 DEB
1 34122U 93036KT  11283.47538721 +.00003035 +00000-0 +97053-3 0  9993
2 34122 074.0495 037.6684 0127377 148.9887 211.8875 14.35479299139209
0 COSMOS 2251 DEB
1 34122U 93036KT  11284.79952744  .00003048  00000-0  97485-3 0  9997
2 34122 074.0492 035.2394 0127253 146.2392 214.6979 14.35487642139390
0 COSMOS 2251 DEB
1 34122U 93036KT  11285.42674786 +.00003050 +00000-0 +97545-3 0  9995
2 34122 074.0494 034.0894 0127221 144.9632 215.9968 14.35491565139482
0 COSMOS 2251 DEB
1 34122U 93036KT  11286.47211326 +.00003047 +00000-0 +97423-3 0  9999
2 34122 074.0499 032.1740 0127293 142.8293 218.1736 14.35497883139639
0 COSMOS 2251 DEB
1 34122U 93036KT  11287.09933056  .00003044  00000-0  97298-3 0  9996
2 34122 074.0499 031.0246 0127345 141.5412 219.4897 14.35501665139721
0 COSMOS 2251 DEB
1 34122U 93036KT  11287.44778375 +.00003020 +00000-0 +96524-3 0  9991
2 34122 074.0508 030.3871 0127460 140.8578 220.1809 14.35503330139779
0 COSMOS 2251 DEB
1 34122U 93036KT  11288.35376079 +.00003022 +00000-0 +96582-3 0  9993
2 34122 074.0511 028.7271 0127422 138.9597 222.1228 14.35508911139907
0 COSMOS 2251 DEB
1 34122U 93036KT  11289.39911299  .00003000  00000-0  95856-3 0  9996
2 34122 074.0517 026.8112 0127512 136.8085 224.3082 14.35514786140052
0 COSMOS 2251 DEB
1 34122U 93036KT  11289.67787423 +.00003002 +00000-0 +95900-3 0  9999
2 34122 074.0519 026.3001 0127582 136.2808 224.8551 14.35516496140090
0 COSMOS 2251 DEB
1 34122U 93036KT  11290.44446175 +.00002989 +00000-0 +95502-3 0  9993
2 34122 074.0519 024.8951 0127516 134.7322 226.4266 14.35520843140203
0 COSMOS 2251 DEB
1 34122U 93036KT  11291.28073702 +.00002986 +00000-0 +95402-3 0  9994
2 34122 074.0522 023.3627 0127525 132.9996 228.1925 14.35525854140329
0 COSMOS 2251 DEB
1 34122U 93036KT  11291.42011592  .00002976  00000-0  95084-3 0  9994
2 34122 074.0524 023.1070 0127379 132.7214 228.4710 14.35526447140345
0 COSMOS 2251 DEB
1 34122U 93036KT  11292.39576612 +.00002939 +00000-0 +93982-3 0  9994
2 34122 074.0523 021.3175 0126980 130.6994 230.5224 14.35531691140485
0 COSMOS 2251 DEB
1 34122U 93036KT  11293.30172382 +.00002936 +00000-0 +93874-3 0  9999
2 34122 074.0524 019.6568 0126986 128.8273 232.4299 14.35537023140610
0 COSMOS 2251 DEB
1 34122U 93036KT  11293.99861116  .00002930  00000-0  93693-3 0  9997
2 34122 074.0522 018.3791 0126845 127.3314 233.9452 14.35541034140711
0 COSMOS 2251 DEB
1 34122U 93036KT  11294.62580837 +.00002929 +00000-0 +93638-3 0  9993
2 34122 074.0523 017.2297 0126892 126.0604 235.2399 14.35544766140801
0 COSMOS 2251 DEB
1 34122U 93036KT  11295.67113260 +.00002911 +00000-0 +93069-3 0  9990
2 34122 074.0523 015.3141 0126911 123.8988 237.4319 14.35550694140959
0 COSMOS 2251 DEB
1 34122U 93036KT  11296.01957285  .00002913  00000-0  93110-3 0  9991
2 34122 074.0521 014.6747 0126890 123.1678 238.1734 14.35552783141003
0 COSMOS 2251 DEB
1 34122U 93036KT  11296.64676392 +.00002917 +00000-0 +93233-3 0  9997
2 34122 074.0517 013.5242 0126794 121.8160 239.5429 14.35556565141097
0 COSMOS 2251 DEB
1 34122U 93036KT  11297.34364042 +.00002917 +00000-0 +93261-3 0  9992
2 34122 074.0516 012.2460 0126711 120.3468 241.0275 14.35560683141192
0 COSMOS 2251 DEB
1 34122U 93036KT  11298.24957717  .00002922  00000-0  93414-3 0  9995
2 34122 074.0518 010.5854 0126657 118.4688 242.9293 14.35566148141320
0 COSMOS 2251 DEB
1 34122U 93036KT  11298.59801348 +.00002929 +00000-0 +93624-3 0  9991
2 34122 074.0519 009.9470 0126635 117.7217 243.6857 14.35568328141374
0 COSMOS 2251 DEB
1 34122U 93036KT  11299.57363204 +.00002945 +00000-0 +94108-3 0  9990
2 34122 074.0521 008.1591 0126665 115.6986 245.7369 14.35574464141510
0 COSMOS 2251 DEB
1 34122U 93036KT  11300.34018503  .00002956  00000-0  94453-3 0  9992
2 34122 074.0521 006.7548 0126564 114.0686 247.3798 14.35579287141628
0 COSMOS 2251 DEB
1 34122U 93036KT  11300.61893082 +.00002977 +00000-0 +95140-3 0  9992
2 34122 074.0518 006.2430 0126429 113.4496 248.0064 14.35581359141662
0 COSMOS 2251 DEB
1 34122U 93036KT  11301.31579383 +.00003000 +00000-0 +95868-3 0  9990
2 34122 074.0515 004.9648 0126365 111.9961 249.4763 14.35586047141765
0 COSMOS 2251 DEB
1 34122U 93036KT  11302.50045358  .00003040  00000-0  97146-3 0  9997
2 34122 074.0516 002.7915 0126098 109.5316 251.9530 14.35594004141930
0 COSMOS 2251 DEB
1 34122U 93036KT  11302.57013896 +.00003043 +00000-0 +97273-3 0  9990
2 34122 074.0515 002.6635 0126040 109.3400 252.1425 14.35594482141943
0 COSMOS 2251 DEB
1 34122U 93036KT  11303.40636839 +.00003038 +00000-0 +97112-3 0  9997
2 34122 074.0512 001.1303 0125984 107.5378 253.9550 14.35599354142061
0 COSMOS 2251 DEB
1 34122U 93036KT  11304.38196517 +.00003009 +00000-0 +96162-3 0  9991
2 34122 074.0510 359.3419 0126019 105.4984 255.9988 14.35604584142200
0 COSMOS 2251 DEB
1 34122U 93036KT  11305.14850477  .00002989  00000-0  95572-3 0  9998
2 34122 074.0516 357.9374 0125693 103.7852 257.7273 14.35608911142319
0 COSMOS 2251 DEB
1 34122U 93036KT  11305.56661581  .00002951  00000-0  94507-3 0  9996
2 34122 074.0510 357.1664 0124663 102.2313 259.2583 14.35610520142375
0 COSMOS 2251 DEB
1 34122U 93036KT  11306.19378448 +.00002919 +00000-0 +93442-3 0  9994
2 34122 074.0513 356.0166 0125007 101.1300 260.3847 14.35613534142464
0 COSMOS 2251 DEB
1 34122U 93036KT  11307.51779326 +.00002812 +00000-0 +90026-3 0  9998
2 34122 074.0520 353.5900 0124973 098.7383 262.7640 14.35619037142655
0 COSMOS 2251 DEB
1 34122U 93036KT  11308.28432511 +.00002783 +00000-0 +89077-3 0  9996
2 34122 074.0524 352.1852 0125209 097.3134 264.2059 14.35622775142768
0 COSMOS 2251 DEB
1 34122U 93036KT  11309.88707243 +.00002624 +00000-0 +84057-3 0  9997
2 34122 074.0520 349.2437 0125103 093.4669 268.0668 14.35628440142991
0 COSMOS 2251 DEB
1 34122U 93036KT  11310.23549477 +.00002584 +00000-0 +82744-3 0  9997
2 34122 074.0516 348.6040 0125271 092.7410 268.7950 14.35629437143046
0 COSMOS 2251 DEB
1 34122U 93036KT  11311.14138767  .00002560  00000-0  81988-3 0  9997
2 34122 074.0517 346.9436 0125392 090.9198 270.6298 14.35633715143179
0 COSMOS 2251 DEB
1 34122U 93036KT  11311.48980648 +.00002519 +00000-0 +80691-3 0  9991
2 34122 074.0507 346.3042 0125359 090.2896 271.2582 14.35634802143223
0 COSMOS 2251 DEB
1 34122U 93036KT  11312.46537734 +.00002465 +00000-0 +78963-3 0  9993
2 34122 074.0513 344.5163 0125209 088.3186 273.2277 14.35638873143368
0 COSMOS 2251 DEB
1 34122U 93036KT  11313.23189496  .00002460  00000-0  78806-3 0  9998
2 34122 074.0505 343.1098 0125221 086.5941 274.9528 14.35642602143478
0 COSMOS 2251 DEB
1 34122U 93036KT  11313.51062764 +.00002427 +00000-0 +77775-3 0  9994
2 34122 074.0503 342.5984 0125160 085.9880 275.5530 14.35643485143515
0 COSMOS 2251 DEB
1 34122U 93036KT  11314.83460289 +.00002452 +00000-0 +78559-3 0  9993
2 34122 074.0499 340.1699 0125218 083.2756 278.2669 14.35650718143704
0 COSMOS 2251 DEB
1 34122U 93036KT  11315.46174542  .00002461  00000-0  78831-3 0  9990
2 34122 074.0503 339.0205 0125118 081.9300 279.6035 14.35654103143792
0 COSMOS 2251 DEB
1 34122U 93036KT  11316.50698140 +.00002501 +00000-0 +80063-3 0  9996
2 34122 074.0500 337.1026 0125274 079.6931 281.8443 14.35660305143942
0 COSMOS 2251 DEB
1 34122U 93036KT  11317.48252817  .00002579  00000-0  82559-3 0  9998
2 34122 074.0498 335.3129 0125189 077.8396 283.6958 14.35666757144086
0 COSMOS 2251 DEB
1 34122U 93036KT  11318.45806538  .00002741  00000-0  87648-3 0  9996
2 34122 074.0499 333.5236 0125379 076.0622 285.4749 14.35675160144222
0 COSMOS 2251 DEB
1 34122U 93036KT  11318.80646667 +.00002764 +00000-0 +88364-3 0  9991
2 34122 074.0497 332.8846 0125329 075.2429 286.2619 14.35677504144274
0 COSMOS 2251 DEB
1 34122U 93036KT  11319.43359500 +.00002828 +00000-0 +90388-3 0  9998
2 34122 074.0497 331.7346 0125310 073.7977 287.6962 14.35682286144367
0 COSMOS 2251 DEB
1 34122U 93036KT  11320.40912734  .00002870  00000-0  91677-3 0  9990
2 34122 074.0497 329.9465 0125437 071.7487 289.7328 14.35688695144507
0 COSMOS 2251 DEB
1 34122U 93036KT  11320.47880700 +.00002884 +00000-0 +92127-3 0  9990
2 34122 074.0498 329.8189 0125499 071.5630 289.9163 14.35689441144516
0 COSMOS 2251 DEB
1 34122U 93036KT  11321.80272382  .00003959  00000-0  12516-2 0  9996
2 34122 074.0490 327.3876 0125697 068.6566 292.8432 14.35710053144706
0 COSMOS 2251 DEB
1 34122U 93036KT  11321.80273448 +.00002948 +00000-0 +94120-3 0  9999
2 34122 074.0481 327.3883 0125615 068.7661 292.6902 14.35698374144702
0 COSMOS 2251 DEB
1 34122U 93036KT  11322.15113478  .00002981  00000-0  95163-3 0  9999
2 34122 074.0478 326.7491 0125658 068.1476 293.3125 14.35701195144757
0 COSMOS 2251 DEB
1 34122U 93036KT  11322.42985253  .00003124  00000-0  99630-3 0  9990
2 34122 074.0472 326.2378 0125808 067.8567 293.6459 14.35706099144799
0 COSMOS 2251 DEB
1 34122U 93036KT  11323.40535611  .00003261  00000-0  10401-2 0  9998
2 34122 074.0482 324.4503 0125456 065.4780 295.9729 14.35715111144936
0 COSMOS 2251 DEB
1 34122U 93036KT  11324.79892672 +.00003404 +00000-0 +10851-2 0  9992
2 34122 074.0486 321.8948 0125323 062.0984 299.2857 14.35727264145130
0 COSMOS 2251 DEB
1 34122U 93036KT  11325.14731931  .00003447  00000-0  10991-2 0  9994
2 34122 074.0500 321.2523 0125106 061.3313 300.0480 14.35730449145184
0 COSMOS 2251 DEB
1 34122U 93036KT  11325.98345609  .00003538  00000-0  11280-2 0  9992
2 34122 074.0500 319.7222 0124859 060.0053 301.3571 14.35738065145304
0 COSMOS 2251 DEB
1 34122U 93036KT  11325.98345609 +.00003538 +00000-0 +11280-2 0  9992
2 34122 074.0500 319.7222 0124859 060.0053 301.3571 14.35738065145304
0 COSMOS 2251 DEB
1 34122U 93036KT  11326.40152171 +.00003664 +00000-0 +11678-2 0  9991
2 34122 074.0495 318.9547 0124874 059.2090 302.1454 14.35743052145363
0 COSMOS 2251 DEB
1 34122U 93036KT  11327.37700724  .00003697  00000-0  11782-2 0  9993
2 34122 074.0486 317.1654 0124824 057.1584 304.1569 14.35750908145506
0 COSMOS 2251 DEB
1 34122U 93036KT  11328.77055114 +.00003753 +00000-0 +11954-2 0  9998
2 34122 074.0491 314.6102 0124983 054.1107 307.1593 14.35762443145705
0 COSMOS 2251 DEB
1 34122U 93036KT  11329.39764223  .00003776  00000-0  12022-2 0  9997
2 34122 074.0487 313.4593 0125055 052.8093 308.4428 14.35767653145799
0 COSMOS 2251 DEB
1 34122U 93036KT  11329.95505497 +.00003829 +00000-0 +12187-2 0  9996
2 34122 074.0497 312.4372 0125132 051.6101 309.6288 14.35772806145879
0 COSMOS 2251 DEB
1 34122U 93036KT  11330.72149329 +.00003840 +00000-0 +12222-2 0  9994
2 34122 074.0487 311.0312 0125125 050.0206 311.1876 14.35778917145980
0 COSMOS 2251 DEB
1 34122U 93036KT  11331.97565750  .00003896  00000-0  12395-2 0  9994
2 34122 074.0488 308.7306 0125117 047.3578 313.8061 14.35789714146162
0 COSMOS 2251 DEB
1 34122U 93036KT  11331.97565750 +.00003896 +00000-0 +12395-2 0  9994
2 34122 074.0488 308.7306 0125117 047.3578 313.8061 14.35789714146162
0 COSMOS 2251 DEB
1 34122U 93036KT  11332.95111334 +.00003903 +00000-0 +12416-2 0  9991
2 34122 074.0488 306.9417 0125150 045.3207 315.8062 14.35797506146306
0 COSMOS 2251 DEB
1 34122U 93036KT  11333.36916411 +.00003914 +00000-0 +12447-2 0  9992
2 34122 074.0488 306.1748 0125168 044.4336 316.6780 14.35800967146365
0 COSMOS 2251 DEB
1 34122U 93036KT  11333.99623863  .00003915  00000-0  12451-2 0  9993
2 34122 074.0488 305.0250 0125162 043.1228 317.9650 14.35805943146450
0 COSMOS 2251 DEB
1 34122U 93036KT  11334.97168313 +.00003928 +00000-0 +12488-2 0  9990
2 34122 074.0486 303.2339 0125153 041.1044 319.9481 14.35813884146592
0 COSMOS 2251 DEB
1 34122U 93036KT  11335.94712137 +.00003942 +00000-0 +12532-2 0  9993
2 34122 074.0488 301.4446 0125145 039.0750 321.9385 14.35821921146737
0 COSMOS 2251 DEB
1 34122U 93036KT  11336.29549064  .00003952  00000-0  12562-2 0  9993
2 34122 074.0489 300.8055 0125208 038.3301 322.6682 14.35824874146784
0 COSMOS 2251 DEB
1 34122U 93036KT  11336.71353311 +.00003956 +00000-0 +12574-2 0  9995
2 34122 074.0491 300.0393 0125236 037.4480 323.5326 14.35828300146843
0 COSMOS 2251 DEB
1 34122U 93036KT  11337.96765458 +.00003989 +00000-0 +12671-2 0  9996
2 34122 074.0483 297.7384 0125382 034.8806 326.0600 14.35839083147025
0 COSMOS 2251 DEB
1 34122U 93036KT  11338.31601775  .00004006  00000-0  12723-2 0  9996
2 34122 074.0484 297.0993 0125430 034.1504 326.7681 14.35842224147079
0 COSMOS 2251 DEB
1 34122U 93036KT  11338.94307277 +.00004026 +00000-0 +12786-2 0  9996
2 34122 074.0484 295.9484 0125496 032.8336 328.0599 14.35847727147167
0 COSMOS 2251 DEB
1 34122U 93036KT  11339.63979285  .00004102  00000-0  13027-2 0  9991
2 34122 074.0482 294.6699 0125289 031.4981 329.3675 14.35855062147261
0 COSMOS 2251 DEB
1 34122U 93036KT  11340.26683423  .00004228  00000-0  13418-2 0  9991
2 34122 074.0492 293.5206 0125473 029.7055 331.1354 14.35863332147355
0 COSMOS 2251 DEB
1 34122U 93036KT  11341.66026054  .00004319  00000-0  13705-2 0  9997
2 34122 074.0479 290.9630 0125324 026.9432 333.8340 14.35877119147559
0 COSMOS 2251 DEB
1 34122U 93036KT  11342.00861288  .00004395  00000-0  13946-2 0  9993
2 34122 074.0479 290.3243 0125112 026.4338 334.3452 14.35881926147605
0 COSMOS 2251 DEB
1 34122U 93036KT  11342.28729041 +.00004417 +00000-0 +14012-2 0  9993
2 34122 074.0468 289.8108 0125163 025.8665 334.8685 14.35884655147647
0 COSMOS 2251 DEB
1 34122U 93036KT  11342.84464215  .00005463  00000-0  17200-2 0  9998
2 34122 074.0495 288.7855 0125673 024.6805 336.0769 14.35903158147729
0 COSMOS 2251 DEB
1 34122U 93036KT  11342.91432697  .00004588  00000-0  14555-2 0  9992
2 34122 074.0488 288.6627 0124852 024.2413 336.5322 14.35894326147733
0 COSMOS 2251 DEB
1 34122U 93036KT  11343.61101048 +.00004705 +00000-0 +14930-2 0  9991
2 34122 074.0482 287.3840 0124517 022.9510 337.7244 14.35902960147832
0 COSMOS 2251 DEB
1 34122U 93036KT  11343.95935800  .00004726  00000-0  14992-2 0  9990
2 34122 074.0482 286.7450 0124681 022.1470 338.5067 14.35906727147883
0 COSMOS 2251 DEB
1 34122U 93036KT  11344.65605242 +.00004814 +00000-0 +15255-2 0  9993
2 34122 074.0478 285.4660 0125136 020.6246 339.9996 14.35914915147982
0 COSMOS 2251 DEB
1 34122U 93036KT  11345.21340460  .00004855  00000-0  15377-2 0  9994
2 34122 074.0480 284.4437 0125339 019.5176 341.0816 14.35921183148060
0 COSMOS 2251 DEB
1 34122U 93036KT  11345.91009133 +.00004902 +00000-0 +15513-2 0  9995
2 34122 074.0473 283.1643 0125784 017.9308 342.6279 14.35928866148166
0 COSMOS 2251 DEB
1 34122U 93036KT  11346.81577782  .00005034  00000-0  15951-2 0  9998
2 34122 074.0482 281.5040 0124680 016.1919 344.3435 14.35940288148291
0 COSMOS 2251 DEB
1 34122U 93036KT  11347.86078880 +.00005097 +00000-0 +16147-2 0  9996
2 34122 074.0494 279.5869 0124663 014.1502 346.3067 14.35951963148449
0 COSMOS 2251 DEB
1 34122U 93036KT  11348.90579875  .00005152  00000-0  16307-2 0  9992
2 34122 074.0484 277.6682 0125014 012.0007 348.4103 14.35963529148599
0 COSMOS 2251 DEB
1 34122U 93036KT  11348.90579875 +.00005152 +00000-0 +16307-2 0  9992
2 34122 074.0484 277.6682 0125014 012.0007 348.4103 14.35963529148599
0 COSMOS 2251 DEB
1 34122U 93036KT  11349.25413287 +.00005144 +00000-0 +16279-2 0  9994
2 34122 074.0483 277.0290 0125059 011.2148 349.1701 14.35966909148646
0 COSMOS 2251 DEB
1 34122U 93036KT  11350.78679435 +.00005166 +00000-0 +16343-2 0  9999
2 34122 074.0477 274.2175 0125122 008.0368 352.2703 14.35983148148864
0 COSMOS 2251 DEB
1 34122U 93036KT  11351.20479095  .00005123  00000-0  16207-2 0  9999
2 34122 074.0498 273.4539 0125035 007.0905 353.1772 14.35986474148929
0 COSMOS 2251 DEB
1 34122U 93036KT  11351.76212102 +.00005121 +00000-0 +16198-2 0  9991
2 34122 074.0498 272.4317 0125057 005.9253 354.3349 14.35992206149002
0 COSMOS 2251 DEB
1 34122U 93036KT  11352.18011995  .00004921  00000-0  15569-2 0  9993
2 34122 074.0485 271.6613 0125138 004.9038 355.2719 14.35991648149064
0 COSMOS 2251 DEB
1 34122U 93036KT  11352.87678610 +.00004930 +00000-0 +15594-2 0  9990
2 34122 074.0487 270.3835 0125246 003.4108 356.7926 14.35998820149166
0 COSMOS 2251 DEB
1 34122U 93036KT  11353.22511105 +.00004859 +00000-0 +15383-2 0  9991
2 34122 074.0485 269.7454 0124561 002.8890 357.2608 14.36000426149219
0 COSMOS 2251 DEB
1 34122U 93036KT  11354.13076280  .00004781  00000-0  15141-2 0  9998
2 34122 074.0482 268.0832 0124360 001.0029 359.1072 14.36007550149345
0 COSMOS 2251 DEB
1 34122U 93036KT  11356.08137193  .00004210  00000-0  13305-2 0  9992
2 34122 074.0486 264.5046 0126399 356.9750 002.7912 14.36012789149629
0 COSMOS 2251 DEB
1 34122U 93036KT  11356.15108897  .00004084  00000-0  12894-2 0  9990
2 34122 074.0477 264.3724 0127303 356.6927 003.2755 14.36010290149636
0 COSMOS 2251 DEB
1 34122U 93036KT  11356.84774675 +.00004040 +00000-0 +12754-2 0  9996
2 34122 074.0488 263.0952 0127352 355.3181 004.6674 14.36015307149739
0 COSMOS 2251 DEB
1 34122U 93036KT  11357.12640632  .00003931  00000-0  12419-2 0  9999
2 34122 074.0479 262.5821 0126881 354.7593 005.1909 14.36015275149779
0 COSMOS 2251 DEB
1 34122U 93036KT  11357.75339169 +.00003908 +00000-0 +12355-2 0  9991
2 34122 074.0487 261.4346 0126392 353.5296 006.4209 14.36019916149865
0 COSMOS 2251 DEB
1 34122U 93036KT  11358.10171288  .00002566  00000-0  81551-3 0  9991
2 34122 074.0478 260.7934 0125853 352.9450 006.7946 14.36002836149916
0 COSMOS 2251 DEB
1 34122U 93036KT  11358.17141627  .00003785  00000-0  11972-2 0  9995
2 34122 074.0516 260.6730 0126295 352.4873 007.5937 14.36020504149929
0 COSMOS 2251 DEB
1 34122U 93036KT  11359.07701928  .00003479  00000-0  11000-2 0  9993
2 34122 074.0506 259.0084 0127079 350.6292 009.1634 14.36021472150051
0 COSMOS 2251 DEB
1 34122U 93036KT  11359.84334767  .00003160  00000-0  10003-2 0  9990
2 34122 074.0497 257.5993 0126769 349.5535 010.2017 14.36019569150168
0 COSMOS 2251 DEB
1 34122U 93036KT  11360.67933948 +.00003071 +00000-0 +97235-3 0  9993
2 34122 074.0472 256.0631 0126691 347.7805 012.0192 14.36023016150287
0 COSMOS 2251 DEB
1 34122U 93036KT  11360.81866940  .00003031  00000-0  96049-3 0  9994
2 34122 074.0469 255.8075 0126218 347.5856 012.2030 14.36022919150308
0 COSMOS 2251 DEB
1 34122U 93036KT  11361.16699299 +.00002961 +00000-0 +93940-3 0  9992
2 34122 074.0452 255.1669 0125686 346.8742 012.9002 14.36023657150357
0 COSMOS 2251 DEB
1 34122U 93036KT  11362.14229128  .00002857  00000-0  90743-3 0  9993
2 34122 074.0476 253.3808 0125014 344.6983 015.0239 14.36027679150495
0 COSMOS 2251 DEB
1 34122U 93036KT  11362.69960517 +.00002791 +00000-0 +88602-3 0  9995
2 34122 074.0480 252.3599 0125634 343.6423 016.0449 14.36029611150573
0 COSMOS 2251 DEB
1 34122U 93036KT  11363.04792875  .00002587  00000-0  82149-3 0  9998
2 34122 074.0489 251.7193 0125995 342.9682 016.6811 14.36027960150624
0 COSMOS 2251 DEB
1 34122U 93036KT  11363.67491242 +.00002567 +00000-0 +81502-3 0  9991
2 34122 074.0488 250.5699 0125994 341.6923 017.9653 14.36030772150717
0 COSMOS 2251 DEB
1 34122U 93036KT  11364.09289596  .00002500  00000-0  79350-3 0  9990
2 34122 074.0471 249.8009 0126378 340.7271 018.8883 14.36031413150772
0 COSMOS 2251 DEB
1 34122U 93036KT  11364.65021001 +.00002490 +00000-0 +79041-3 0  9992
2 34122 074.0478 248.7789 0126451 339.5461 020.0634 14.36034091150854
0 COSMOS 2251 DEB
1 34122U 93036KT  11365.69516799  .00002380  00000-0  75703-3 0  9999
2 34122 074.0466 246.8609 0125455 337.2346 022.3236 14.36036955151003
0 COSMOS 2251 DEB
1 34122U 93036KT  12001.74012270 +.00002295 +00000-0 +73049-3 0  9994
2 34122 074.0468 244.9442 0125035 335.0510 024.4429 14.36039907151155
0 COSMOS 2251 DEB
1 34122U 93036KT  12002.08844322  .00002215  00000-0  70448-3 0  9995
2 34122 074.0471 244.3046 0125966 334.2928 025.1784 14.36040051151200
0 COSMOS 2251 DEB
1 34122U 93036KT  12002.64575372 +.00002127 +00000-0 +67706-3 0  9998
2 34122 074.0480 243.2809 0125930 333.3329 026.1113 14.36040887151283
0 COSMOS 2251 DEB
1 34122U 93036KT  12003.06373860  .00002100  00000-0  66818-3 0  9997
2 34122 074.0471 242.5132 0126215 332.4300 027.0105 14.36042085151340
0 COSMOS 2251 DEB
1 34122U 93036KT  12003.62104602 +.00002088 +00000-0 +66450-3 0  9992
2 34122 074.0471 241.4906 0126137 331.2848 028.1367 14.36044224151422
0 COSMOS 2251 DEB
1 34122U 93036KT  12004.03902538 +.00002078 +00000-0 +66148-3 0  9995
2 34122 074.0473 240.7239 0126084 330.4139 028.9888 14.36045799151480
0 COSMOS 2251 DEB
1 34122U 93036KT  12005.08397096  .00002034  00000-0  64768-3 0  9996
2 34122 074.0477 238.8078 0125888 328.1325 031.2146 14.36049303151631
0 COSMOS 2251 DEB
1 34122U 93036KT  12005.71093902 +.00002022 +00000-0 +64394-3 0  9997
2 34122 074.0478 237.6577 0125764 326.8195 032.5090 14.36051663151720
0 COSMOS 2251 DEB
1 34122U 93036KT  12006.68622026 +.00001940 +00000-0 +61757-3 0  9997
2 34122 074.0493 235.8707 0126429 324.8132 034.4579 14.36054088151862
0 COSMOS 2251 DEB
1 34122U 93036KT  12007.03453649  .00001783  00000-0  56849-3 0  9991
2 34122 074.0480 235.2278 0126208 324.1134 035.1065 14.36052076151914
0 COSMOS 2251 DEB
1 34122U 93036KT  12007.66151167 +.00001743 +00000-0 +55649-3 0  9993
2 34122 074.0480 234.0783 0125876 322.8224 036.4086 14.36053405152002
0 COSMOS 2251 DEB
1 34122U 93036KT  12008.63679451 +.00001683 +00000-0 +53777-3 0  9995
2 34122 074.0478 232.2898 0125642 320.7013 038.5025 14.36055728152141
0 COSMOS 2251 DEB
1 34122U 93036KT  12009.05477130  .00001649  00000-0  52696-3 0  9993
2 34122 074.0484 231.5239 0125825 319.8065 039.3675 14.36056343152209
0 COSMOS 2251 DEB
1 34122U 93036KT  12009.61207534 +.00001622 +00000-0 +51848-3 0  9993
2 34122 074.0482 230.5013 0125678 318.6844 040.4742 14.36057595152280
0 COSMOS 2251 DEB
1 34122U 93036KT  12010.03005295  .00001564  00000-0  49959-3 0  9996
2 34122 074.0473 229.7329 0126466 317.9642 041.1598 14.36057641152340
0 COSMOS 2251 DEB
1 34122U 93036KT  12010.65702110 +.00001484 +00000-0 +47484-3 0  9996
2 34122 074.0482 228.5821 0126274 316.7840 042.3235 14.36058183152431
0 COSMOS 2251 DEB
1 34122U 93036KT  12011.56264113  .00001398  00000-0  44753-3 0  9993
2 34122 074.0467 226.9185 0126582 314.9739 044.1133 14.36059287152565
0 COSMOS 2251 DEB
1 34122U 93036KT  12011.70196761 +.00001385 +00000-0 +44371-3 0  9994
2 34122 074.0466 226.6628 0126449 314.7021 044.3812 14.36059343152588
0 COSMOS 2251 DEB
1 34122U 93036KT  12012.67724508 +.00001362 +00000-0 +43647-3 0  9997
2 34122 074.0468 224.8737 0126442 312.6673 046.3852 14.36061604152729
0 COSMOS 2251 DEB
1 34122U 93036KT  12013.93117034  .00001317  00000-0  42230-3 0  9994
2 34122 074.0463 222.5721 0126323 310.0047 049.0039 14.36064157152900
0 COSMOS 2251 DEB
1 34122U 93036KT  12013.93117034 +.00001317 +00000-0 +42230-3 0  9994
2 34122 074.0463 222.5721 0126323 310.0047 049.0039 14.36064157152900
0 COSMOS 2251 DEB
1 34122U 93036KT  12014.62779452 +.00001274 +00000-0 +40881-3 0  9991
2 34122 074.0463 221.2937 0126474 308.5215 050.4508 14.36065051153004
0 COSMOS 2251 DEB
1 34122U 93036KT  12014.97610886  .00001187  00000-0  38123-3 0  9993
2 34122 074.0462 220.6521 0127181 308.0748 050.8648 14.36064119153055
0 COSMOS 2251 DEB
1 34122U 93036KT  12015.60307653 +.00001163 +00000-0 +37363-3 0  9998
2 34122 074.0462 219.5016 0127031 306.6928 052.2572 14.36065210153144
0 COSMOS 2251 DEB
1 34122U 93036KT  12016.92666414 +.00001059 +00000-0 +34139-3 0  9999
2 34122 074.0455 217.0723 0126312 303.6991 055.2134 14.36066324153337
0 COSMOS 2251 DEB
1 34122U 93036KT  12016.99632715  .00001052  00000-0  33927-3 0  9990
2 34122 074.0458 216.9450 0126276 303.5421 055.3696 14.36066330153343
0 COSMOS 2251 DEB
1 34122U 93036KT  12017.62328828 +.00001038 +00000-0 +33501-3 0  9990
2 34122 074.0459 215.7947 0126134 302.2086 056.6842 14.36067388153439
0 COSMOS 2251 DEB
1 34122U 93036KT  12018.94687481 +.00000965 +00000-0 +31200-3 0  9991
2 34122 074.0465 213.3664 0126266 299.6539 059.2002 14.36068757153623
0 COSMOS 2251 DEB
1 34122U 93036KT  12019.50417424  .00000933  00000-0  30190-3 0  9994
2 34122 074.0461 212.3428 0126363 298.5200 060.3154 14.36069126153708
0 COSMOS 2251 DEB
1 34122U 93036KT  12019.64350106 +.00000923 +00000-0 +29871-3 0  9995
2 34122 074.0461 212.0872 0126278 298.2165 060.6237 14.36069139153721
0 COSMOS 2251 DEB
1 34122U 93036KT  12020.61877351 +.00000899 +00000-0 +29115-3 0  9993
2 34122 074.0459 210.2976 0126213 296.1217 062.6976 14.36070515153864
0 COSMOS 2251 DEB
1 34122U 93036KT  12021.87269305 +.00000876 +00000-0 +28394-3 0  9999
2 34122 074.0454 207.9961 0126197 293.5034 065.2862 14.36072375154045
0 COSMOS 2251 DEB
1 34122U 93036KT  12022.56931463 +.00000866 +00000-0 +28093-3 0  9992
2 34122 074.0457 206.7177 0126195 291.9951 066.7813 14.36073472154144
0 COSMOS 2251 DEB
1 34122U 93036KT  12023.89289614 +.00000832 +00000-0 +27009-3 0  9992
2 34122 074.0463 204.2890 0126456 289.5648 069.1886 14.36075336154331
0 COSMOS 2251 DEB
1 34122U 93036KT  12024.86816348 +.00000847 +00000-0 +27487-3 0  9996
2 34122 074.0461 202.4989 0126398 287.5026 071.2394 14.36077407154475
0 COSMOS 2251 DEB
1 34122U 93036KT  12025.56478192  .00000854  00000-0  27716-3 0  9998
2 34122 074.0462 201.2210 0126421 286.0401 072.6894 14.36078812154570
0 COSMOS 2251 DEB
1 34122U 93036KT  12025.84342886 +.00000861 +00000-0 +27936-3 0  9991
2 34122 074.0460 200.7095 0126372 285.4525 073.2725 14.36079454154616
0 COSMOS 2251 DEB
1 34122U 93036KT  12026.88835584 +.00000877 +00000-0 +28413-3 0  9996
2 34122 074.0465 198.7927 0126289 283.2634 075.4495 14.36081649154768
0 COSMOS 2251 DEB
1 34122U 93036KT  12027.51531122  .00000926  00000-0  29955-3 0  9995
2 34122 074.0456 197.6404 0126201 281.8237 076.9063 14.36083994154855
0 COSMOS 2251 DEB
1 34122U 93036KT  12027.86361429 +.00000974 +00000-0 +31458-3 0  9998
2 34122 074.0461 197.0020 0126183 281.1671 077.5463 14.36085704154901
0 COSMOS 2251 DEB
1 34122U 93036KT  12028.83887352 +.00001005 +00000-0 +32451-3 0  9994
2 34122 074.0464 195.2128 0126160 279.1936 079.5036 14.36088356155049
0 COSMOS 2251 DEB
1 34122U 93036KT  12029.46582569  .00001027  00000-0  33125-3 0  9999
2 34122 074.0460 194.0611 0126145 277.9849 080.7055 14.36090093155137
0 COSMOS 2251 DEB
1 34122U 93036KT  12029.81413193 +.00001044 +00000-0 +33660-3 0  9997
2 34122 074.0461 193.4219 0126105 277.1524 081.5397 14.36091230155180
0 COSMOS 2251 DEB
1 34122U 93036KT  12030.44108147 +.00001088 +00000-0 +35038-3 0  9997
2 34122 074.0458 192.2703 0126087 275.8623 082.8277 14.36093547155279
0 COSMOS 2251 DEB
1 34122U 93036KT  12031.48599727  .00001136  00000-0  36545-3 0  9998
2 34122 074.0462 190.3531 0126241 273.8439 084.8319 14.36096834155425
0 COSMOS 2251 DEB
1 34122U 93036KT  12031.83430251 +.00001168 +00000-0 +37521-3 0  9993
2 34122 074.0468 189.7143 0126463 272.9639 085.7156 14.36098216155470
0 COSMOS 2251 DEB
1 34122U 93036KT  12032.80955484 +.00001197 +00000-0 +38414-3 0  9995
2 34122 074.0473 187.9251 0126656 271.0325 087.6326 14.36101073155614
0 COSMOS 2251 DEB
1 34122U 93036KT  12033.78480782 +.00001207 +00000-0 +38722-3 0  9991
2 34122 074.0476 186.1361 0126758 269.0686 089.5931 14.36103659155750
0 COSMOS 2251 DEB
1 34122U 93036KT  12033.85446894  .00001210  00000-0  38818-3 0  9995
2 34122 074.0475 186.0080 0126747 268.9243 089.7401 14.36103903155768
0 COSMOS 2251 DEB
1 34122U 93036KT  12034.76005978 +.00001221 +00000-0 +39153-3 0  9995
2 34122 074.0478 184.3469 0126805 267.0273 091.6392 14.36106363155899
0 COSMOS 2251 DEB
1 34122U 93036KT  12035.80496893 +.00001253 +00000-0 +40174-3 0  9991
2 34122 074.0483 182.4268 0126825 264.7780 093.8913 14.36109615156044
0 COSMOS 2251 DEB
1 34122U 93036KT  12036.43191432  .00001255  00000-0  40220-3 0  9996
2 34122 074.0486 181.2766 0126837 263.4680 095.2033 14.36111287156132
0 COSMOS 2251 DEB
1 34122U 93036KT  12036.50157469 +.00001253 +00000-0 +40167-3 0  9994
2 34122 074.0486 181.1487 0126827 263.3131 095.3568 14.36111426156140
0 COSMOS 2251 DEB
1 34122U 93036KT  12037.82512488 +.00001263 +00000-0 +40454-3 0  9996
2 34122 074.0482 178.7197 0126879 260.6212 098.0571 14.36114957156330
0 COSMOS 2251 DEB
1 34122U 93036KT  12038.45206767  .00001274  00000-0  40802-3 0  9995
2 34122 074.0482 177.5684 0126951 259.3260 099.3572 14.36116864156421
0 COSMOS 2251 DEB
1 34122U 93036KT  12039.77561391 +.00001271 +00000-0 +40715-3 0  9998
2 34122 074.0490 175.1394 0127045 256.6664 102.0297 14.36120333156618
0 COSMOS 2251 DEB
1 34122U 93036KT  12040.47221566  .00001275  00000-0  40834-3 0  9990
2 34122 074.0491 173.8609 0127075 255.2488 103.4554 14.36122270156719
0 COSMOS 2251 DEB
1 34122U 93036KT  12041.44745739 +.00001274 +00000-0 +40798-3 0  9999
2 34122 074.0491 172.0716 0127118 253.2261 105.4926 14.36124851156851
0 COSMOS 2251 DEB
1 34122U 93036KT  12042.77099614  .00001288  00000-0  41203-3 0  9997
2 34122 074.0483 169.6407 0127168 250.4553 108.2842 14.36128606157041
0 COSMOS 2251 DEB
1 34122U 93036KT  12043.39793389 +.00001298 +00000-0 +41504-3 0  9991
2 34122 074.0482 168.4897 0127304 249.2377 109.5102 14.36130532157136
0 COSMOS 2251 DEB
1 34122U 93036KT  12044.37317057 +.00001314 +00000-0 +42021-3 0  9998
2 34122 074.0483 166.6997 0127322 247.2416 111.5253 14.36133429157273
0 COSMOS 2251 DEB
1 34122U 93036KT  12046.32364012  .00001357  00000-0  43353-3 0  9994
2 34122 074.0482 163.1208 0127381 243.2665 115.5533 14.36139562157556
0 COSMOS 2251 DEB
1 34122U 93036KT  12046.74159446 +.00001368 +00000-0 +43677-3 0  9994
2 34122 074.0488 162.3540 0127446 242.3243 116.4969 14.36140947157615
0 COSMOS 2251 DEB
1 34122U 93036KT  12047.36852652 +.00001394 +00000-0 +44489-3 0  9993
2 34122 074.0488 161.2034 0127491 241.1217 117.7118 14.36143327157704
0 COSMOS 2251 DEB
1 34122U 93036KT  12048.34375503  .00001423  00000-0  45393-3 0  9995
2 34122 074.0490 159.4138 0127552 239.1050 119.7559 14.36146717157843
0 COSMOS 2251 DEB
1 34122U 93036KT  12049.66727689 +.00001441 +00000-0 +45942-3 0  9997
2 34122 074.0485 156.9851 0127483 236.3743 122.5226 14.36150912158039
0 COSMOS 2251 DEB
1 34122U 93036KT  12050.71215827  .00001475  00000-0  47026-3 0  9993
2 34122 074.0489 155.0681 0127418 234.2190 124.7099 14.36154843158180
0 COSMOS 2251 DEB
1 34122U 93036KT  12051.33908624 +.00001520 +00000-0 +48414-3 0  9999
2 34122 074.0490 153.9178 0127442 232.9724 125.9898 14.36157843158278
0 COSMOS 2251 DEB
1 34122U 93036KT  12051.68737618  .00001564  00000-0  49767-3 0  9990
2 34122 074.0488 153.2776 0127629 232.0828 126.8892 14.36159796158324
0 COSMOS 2251 DEB
1 34122U 93036KT  12052.31430039 +.00001576 +00000-0 +50169-3 0  9999
2 34122 074.0488 152.1274 0127567 230.8276 128.1531 14.36162077158410
0 COSMOS 2251 DEB
1 34122U 93036KT  12053.63780885 +.00001622 +00000-0 +51576-3 0  9997
2 34122 074.0492 149.6996 0127596 228.0569 130.9694 14.36167149158600
0 COSMOS 2251 DEB
1 34122U 93036KT  12054.26473249  .00001665  00000-0  52908-3 0  9997
2 34122 074.0491 148.5485 0127591 226.7643 132.2945 14.36170102158699
0 COSMOS 2251 DEB
1 34122U 93036KT  12054.61302055 +.00001674 +00000-0 +53206-3 0  9994
2 34122 074.0491 147.9095 0127538 226.0601 133.0005 14.36171491158741
0 COSMOS 2251 DEB
1 34122U 93036KT  12055.65788756 +.00001736 +00000-0 +55116-3 0  9996
2 34122 074.0487 145.9913 0127843 223.7949 135.3079 14.36176291158896
0 COSMOS 2251 DEB
1 34122U 93036KT  12056.28480551  .00001772  00000-0  56253-3 0  9991
2 34122 074.0486 144.8402 0127757 222.5117 136.6085 14.36179149158980
0 COSMOS 2251 DEB
1 34122U 93036KT  12057.67795872 +.00001786 +00000-0 +56664-3 0  9991
2 34122 074.0484 142.2832 0127767 219.6667 139.5089 14.36184345159188
0 COSMOS 2251 DEB
1 34122U 93036KT  12058.30487570  .00001798  00000-0  57026-3 0  9991
2 34122 074.0483 141.1326 0127749 218.3596 140.8420 14.36186842159278
0 COSMOS 2251 DEB
1 34122U 93036KT  12059.62836390 +.00001825 +00000-0 +57846-3 0  9996
2 34122 074.0479 138.7029 0127917 215.6708 143.5850 14.36192101159460
0 COSMOS 2251 DEB
1 34122U 93036KT  12060.60356314  .00001841  00000-0  58341-3 0  9998
2 34122 074.0478 136.9132 0127926 213.7025 145.5962 14.36196008159607
0 COSMOS 2251 DEB
1 34122U 93036KT  12061.30013261 +.00001839 +00000-0 +58295-3 0  9992
2 34122 074.0479 135.6350 0127933 212.2480 147.0801 14.36198584159704
0 COSMOS 2251 DEB
1 34122U 93036KT  12062.62361203 +.00001842 +00000-0 +58379-3 0  9997
2 34122 074.0479 133.2064 0128000 209.4840 149.9069 14.36203594159899
0 COSMOS 2251 DEB
1 34122U 93036KT  12063.59880359 +.00001827 +00000-0 +57880-3 0  9991
2 34122 074.0481 131.4146 0128120 207.5736 151.8558 14.36207019160038
0 COSMOS 2251 DEB
1 34122U 93036KT  12064.57399433 +.00001819 +00000-0 +57608-3 0  9997
2 34122 074.0480 129.6248 0128177 205.5666 153.9113 14.36210534160172
0 COSMOS 2251 DEB
1 34122U 93036KT  12065.27055735 +.00001818 +00000-0 +57596-3 0  9994
2 34122 074.0483 128.3469 0128189 204.1297 155.3815 14.36213129160273
0 COSMOS 2251 DEB
1 34122U 93036KT  12066.59402386 +.00001826 +00000-0 +57823-3 0  9990
2 34122 074.0486 125.9184 0128242 201.3947 158.1831 14.36218202160461
0 COSMOS 2251 DEB
1 34122U 93036KT  12067.56920578  .00001845  00000-0  58414-3 0  9994
2 34122 074.0480 124.1268 0128311 199.4266 160.1995 14.36222197160605
0 COSMOS 2251 DEB
1 34122U 93036KT  12068.12645177 +.00001849 +00000-0 +58536-3 0  9995
2 34122 074.0482 123.1040 0128315 198.3101 161.3450 14.36224425160687
0 COSMOS 2251 DEB
1 34122U 93036KT  12070.56439463  .00001874  00000-0  59278-3 0  9997
2 34122 074.0479 118.6297 0128339 193.2320 166.5545 14.36234104161036
0 COSMOS 2251 DEB
1 34122U 93036KT  12071.12163487 +.00001869 +00000-0 +59115-3 0  9994
2 34122 074.0477 117.6067 0128322 192.0851 167.7191 14.36236082161112
0 COSMOS 2251 DEB
1 34122U 93036KT  12074.53472508  .00002034  00000-0  64277-3 0  9999
2 34122 074.0481 111.3432 0128057 185.1389 174.9458 14.36253534161609
0 COSMOS 2251 DEB
1 34122U 93036KT  12075.09194025 +.00002062 +00000-0 +65148-3 0  9995
2 34122 074.0477 110.3194 0127821 184.0942 175.9343 14.36256554161686
0 COSMOS 2251 DEB
1 34122U 93036KT  12078.50497682  .00002117  00000-0  66857-3 0  9998
2 34122 074.0472 104.0544 0127726 177.0522 183.1592 14.36271966162176
0 COSMOS 2251 DEB
1 34122U 93036KT  12079.82839145 +.00002080 +00000-0 +65693-3 0  9994
2 34122 074.0455 101.6219 0127869 174.3359 185.9263 14.36276448162361
0 COSMOS 2251 DEB
1 34122U 93036KT  12080.45527037  .00002053  00000-0  64852-3 0  9995
2 34122 074.0446 100.4696 0127731 173.0826 187.2043 14.36278463162450
0 COSMOS 2251 DEB
1 34122U 93036KT  12081.43041550 +.00002032 +00000-0 +64152-3 0  9995
2 34122 074.0440 098.6788 0127981 171.0568 189.2893 14.36282024162590
0 COSMOS 2251 DEB
1 34122U 93036KT  12082.47520910  .00001994  00000-0  62993-3 0  9999
2 34122 074.0438 096.7605 0127898 168.9414 191.4493 14.36285454162744
0 COSMOS 2251 DEB
1 34122U 93036KT  12083.45034895  .00001862  00000-0  59060-3 0  9995
2 34122 074.0428 094.9684 0125701 166.9143 193.4828 14.36286408162887
0 COSMOS 2251 DEB
1 34122U 93036KT  12084.42550055 +.00001711 +00000-0 +54306-3 0  9995
2 34122 074.0428 093.1775 0126027 165.0029 195.4872 14.36287139163024
0 COSMOS 2251 DEB
1 34122U 93036KT  12085.05237518  .00001667  00000-0  52888-3 0  9994
2 34122 074.0431 092.0269 0126629 163.6511 196.8677 14.36288439163114
0 COSMOS 2251 DEB
1 34122U 93036KT  12086.44542989 +.00001590 +00000-0 +50457-3 0  9994
2 34122 074.0430 089.4695 0126839 160.6151 199.9774 14.36291576163316
0 COSMOS 2251 DEB
1 34122U 93036KT  12087.42056555  .00001507  00000-0  47918-3 0  9998
2 34122 074.0428 087.6796 0126222 158.3295 202.2927 14.36292893163450
0 COSMOS 2251 DEB
1 34122U 93036KT  12088.95292594 +.00001369 +00000-0 +43531-3 0  9995
2 34122 074.0429 084.8655 0127147 155.3831 205.3498 14.36295424163678
0 COSMOS 2251 DEB
1 34122U 93036KT  12089.02257757  .00001348  00000-0  42894-3 0  9994
2 34122 074.0431 084.7373 0127224 155.2303 205.4984 14.36295236163689
0 COSMOS 2251 DEB
1 34122U 93036KT  12089.37083970 +.00001341 +00000-0 +42686-3 0  9998
2 34122 074.0429 084.0977 0127181 154.5182 206.2294 14.36296038163738
0 COSMOS 2251 DEB
1 34122U 93036KT  12090.97283889 +.00001289 +00000-0 +41045-3 0  9996
2 34122 074.0452 081.1578 0127116 151.2207 209.5968 14.36299683163967
0 COSMOS 2251 DEB
1 34122U 93036KT  12091.04249226  .00001277  00000-0  40664-3 0  9995
2 34122 074.0449 081.0301 0127148 151.0876 209.7395 14.36299704163972
0 COSMOS 2251 DEB
1 34122U 93036KT  12091.39075240 +.00001245 +00000-0 +39664-3 0  9999
2 34122 074.0433 080.3899 0127247 150.3923 210.4503 14.36300152164021
0 COSMOS 2251 DEB
1 34122U 93036KT  12092.92309350 +.00001254 +00000-0 +39933-3 0  9990
2 34122 074.0430 077.5760 0127245 147.2261 213.6875 14.36304246164240
0 COSMOS 2251 DEB
1 34122U 93036KT  12093.34100382  .00001255  00000-0  39970-3 0  9993
2 34122 074.0433 076.8089 0127242 146.3528 214.5789 14.36305356164306
0 COSMOS 2251 DEB
1 34122U 93036KT  12093.34100382 +.00001255 +00000-0 +39970-3 0  9993
2 34122 074.0433 076.8089 0127242 146.3528 214.5789 14.36305356164306
0 COSMOS 2251 DEB
1 34122U 93036KT  12093.96786885 +.00001256 +00000-0 +40005-3 0  9991
2 34122 074.0434 075.6581 0127225 145.0453 215.9141 14.36306988164393
0 COSMOS 2251 DEB
1 34122U 93036KT  12095.01264175 +.00001255 +00000-0 +39969-3 0  9998
2 34122 074.0432 073.7396 0127262 142.8965 218.1072 14.36309688164543
0 COSMOS 2251 DEB
1 34122U 93036KT  12095.98776150  .00001282  00000-0  40810-3 0  9992
2 34122 074.0437 071.9493 0127119 140.8554 220.1963 14.36312771164683
0 COSMOS 2251 DEB
1 34122U 93036KT  12096.33601637 +.00001299 +00000-0 +41350-3 0  9997
2 34122 074.0439 071.3102 0127111 140.0759 220.9859 14.36314027164731
0 COSMOS 2251 DEB
1 34122U 93036KT  12097.93799137 +.00001308 +00000-0 +41633-3 0  9992
2 34122 074.0441 068.3696 0127052 136.7129 224.4098 14.36318500164964
0 COSMOS 2251 DEB
1 34122U 93036KT  12098.00764228  .00001313  00000-0  41780-3 0  9993
2 34122 074.0442 068.2417 0127008 136.5578 224.5685 14.36318795164972
0 COSMOS 2251 DEB
1 34122U 93036KT  12098.35589679 +.00001317 +00000-0 +41904-3 0  9998
2 34122 074.0437 067.6016 0127013 135.8242 225.3158 14.36319810165020
0 COSMOS 2251 DEB
1 34122U 93036KT  12099.88821202 +.00001362 +00000-0 +43290-3 0  9998
2 34122 074.0447 064.7881 0127099 132.6637 228.5386 14.36325029165247
0 COSMOS 2251 DEB
1 34122U 93036KT  12100.30611423  .00001363  00000-0  43320-3 0  9995
2 34122 074.0448 064.0209 0127086 131.7865 229.4232 14.36326216165300
0 COSMOS 2251 DEB
1 34122U 93036KT  12101.28122079 +.00001391 +00000-0 +44193-3 0  9997
2 34122 074.0456 062.2314 0126969 129.8113 231.4311 14.36329376165445
0 COSMOS 2251 DEB
1 34122U 93036KT  12102.32597556  .00001402  00000-0  44526-3 0  9992
2 34122 074.0457 060.3138 0126935 127.6364 233.6411 14.36332534165597
0 COSMOS 2251 DEB
1 34122U 93036KT  12102.88317670 +.00001397 +00000-0 +44368-3 0  9997
2 34122 074.0456 059.2907 0126968 126.4470 234.8435 14.36333990165673
0 COSMOS 2251 DEB
1 34122U 93036KT  12103.30107820 +.00001391 +00000-0 +44216-3 0  9995
2 34122 074.0458 058.5236 0126732 125.5507 235.7516 14.36335050165738
0 COSMOS 2251 DEB
1 34122U 93036KT  12104.90303035  .00001352  00000-0  42972-3 0  9992
2 34122 074.0456 055.5815 0126826 122.2131 239.1360 14.36338675165963
0 COSMOS 2251 DEB
1 34122U 93036KT  12105.87812832 +.00001348 +00000-0 +42865-3 0  9995
2 34122 074.0458 053.7917 0126833 120.1861 241.1919 14.36341309166101
0 COSMOS 2251 DEB
1 34122U 93036KT  12106.29602696 +.00001343 +00000-0 +42707-3 0  9997
2 34122 074.0456 053.0243 0126868 119.3214 242.0683 14.36342345166169
0 COSMOS 2251 DEB
1 34122U 93036KT  12106.92287365  .00001333  00000-0  42370-3 0  9994
2 34122 074.0456 051.8734 0126937 118.0303 243.3729 14.36343849166257
0 COSMOS 2251 DEB
1 34122U 93036KT  12107.82831797 +.00001321 +00000-0 +42007-3 0  9992
2 34122 074.0453 050.2106 0127006 116.1367 245.2874 14.36346054166384
0 COSMOS 2251 DEB
1 34122U 93036KT  12108.80341081 +.00001300 +00000-0 +41339-3 0  9997
2 34122 074.0455 048.4202 0127030 114.1067 247.3404 14.36348270166524
0 COSMOS 2251 DEB
1 34122U 93036KT  12109.84815036  .00001288  00000-0  40947-3 0  9997
2 34122 074.0454 046.5021 0127082 111.9576 249.5129 14.36350822166678
0 COSMOS 2251 DEB
1 34122U 93036KT  12109.91779974 +.00001285 +00000-0 +40874-3 0  9991
2 34122 074.0456 046.3743 0127098 111.8191 249.6533 14.36350965166687
0 COSMOS 2251 DEB
1 34122U 93036KT  12111.86797205  .00001300  00000-0  41325-3 0  9995
2 34122 074.0458 042.7942 0127063 107.7486 253.7660 14.36356547166963
0 COSMOS 2251 DEB
1 34122U 93036KT  12112.77340454 +.00001304 +00000-0 +41462-3 0  9992
2 34122 074.0461 041.1314 0127070 105.8442 255.6791 14.36359129167092
0 COSMOS 2251 DEB
1 34122U 93036KT  12113.81813236 +.00001325 +00000-0 +42102-3 0  9996
2 34122 074.0469 039.2145 0126968 103.5870 257.9476 14.36362394167245
0 COSMOS 2251 DEB
1 34122U 93036KT  12114.23602304  .00001341  00000-0  42596-3 0  9990
2 34122 074.0467 038.4467 0126980 102.6639 258.8792 14.36363861167306
0 COSMOS 2251 DEB
1 34122U 93036KT  12114.86285766 +.00001352 +00000-0 +42953-3 0  9997
2 34122 074.0467 037.2961 0126995 101.3356 260.2140 14.36365851167394
0 COSMOS 2251 DEB
1 34122U 93036KT  12115.55933886 +.00001367 +00000-0 +43414-3 0  9996
2 34122 074.0464 036.0164 0127037 099.9153 261.6381 14.36368062167498
0 COSMOS 2251 DEB
1 34122U 93036KT  12116.18617123  .00001523  00000-0  48212-3 0  9994
2 34122 074.0466 034.8652 0127578 099.0282 262.5921 14.36373276167585
0 COSMOS 2251 DEB
1 34122U 93036KT  12116.81299083 +.00001585 +00000-0 +50182-3 0  9992
2 34122 074.0466 033.7149 0127282 097.4573 264.1162 14.36376355167677
0 COSMOS 2251 DEB
1 34122U 93036KT  12117.16122760 +.00001600 +00000-0 +50655-3 0  9991
2 34122 074.0471 033.0759 0127092 096.6639 264.9071 14.36377882167725
0 COSMOS 2251 DEB
1 34122U 93036KT  12118.20594008  .00001632  00000-0  51634-3 0  9998
2 34122 074.0469 031.1586 0127034 094.3639 267.2077 14.36381825167870
0 COSMOS 2251 DEB
1 34122U 93036KT  12119.73817530  .00001737  00000-0  54914-3 0  9995
2 34122 074.0460 028.3430 0126810 090.9119 270.6716 14.36389372168091
0 COSMOS 2251 DEB
1 34122U 93036KT  12120.15605449  .00001916  00000-0  60570-3 0  9991
2 34122 074.0473 027.5780 0125994 090.1715 271.4680 14.36395067168154
0 COSMOS 2251 DEB
1 34122U 93036KT  12121.13109232  .00002040  00000-0  64416-3 0  9991
2 34122 074.0484 025.7901 0125838 088.0608 273.5234 14.36401176168297
0 COSMOS 2251 DEB
1 34122U 93036KT  12122.73295113 +.00002100 +00000-0 +66284-3 0  9994
2 34122 074.0484 022.8496 0125811 084.4710 277.0906 14.36408973168522
0 COSMOS 2251 DEB
1 34122U 93036KT  12123.08117663  .00002159  00000-0  68136-3 0  9998
2 34122 074.0485 022.2103 0125734 083.8401 277.7228 14.36411840168572
0 COSMOS 2251 DEB
1 34122U 93036KT  12123.77763143 +.00002177 +00000-0 +68684-3 0  9992
2 34122 074.0485 020.9320 0125919 082.3419 279.2027 14.36415207168672
0 COSMOS 2251 DEB
1 34122U 93036KT  12124.75266446 +.00002316 +00000-0 +72962-3 0  9994
2 34122 074.0485 019.1421 0126326 080.6247 280.9189 14.36421905168813
0 COSMOS 2251 DEB
1 34122U 93036KT  12125.10089052  .00002316  00000-0  72955-3 0  9992
2 34122 074.0493 018.5033 0126303 079.9026 281.6339 14.36423531168862
0 COSMOS 2251 DEB
1 34122U 93036KT  12127.12059623  .00002338  00000-0  73623-3 0  9994
2 34122 074.0502 014.7977 0126373 075.5639 285.9484 14.36433351169159
0 COSMOS 2251 DEB
1 34122U 93036KT  12127.67775395  .00002263  00000-0  71261-3 0  9998
2 34122 074.0495 013.7735 0126519 074.2124 287.2434 14.36433875169238
0 COSMOS 2251 DEB
1 34122U 93036KT  12128.65278888 +.00002232 +00000-0 +70300-3 0  9991
2 34122 074.0496 011.9828 0126503 072.0688 289.4111 14.36437608169375
0 COSMOS 2251 DEB
1 34122U 93036KT  12129.07065746 +.00002185 +00000-0 +68835-3 0  9992
2 34122 074.0497 011.2156 0126365 071.0664 290.4021 14.36438598169430
0 COSMOS 2251 DEB
1 34122U 93036KT  12130.04568020  .00002174  00000-0  68503-3 0  9994
2 34122 074.0498 009.4262 0126281 069.0442 292.4134 14.36442675169579
0 COSMOS 2251 DEB
1 34122U 93036KT  12130.11532510 +.00002149 +00000-0 +67738-3 0  9998
2 34122 074.0500 009.2990 0126147 068.8753 292.5745 14.36442418169587
0 COSMOS 2251 DEB
1 34122U 93036KT  12131.64749584  .00002076  00000-0  65471-3 0  9999
2 34122 074.0498 006.4863 0126122 065.8170 295.5841 14.36447410169806
0 COSMOS 2251 DEB
1 34122U 93036KT  12131.64749584 +.00002076 +00000-0 +65471-3 0  9999
2 34122 074.0498 006.4863 0126122 065.8170 295.5841 14.36447410169806
0 COSMOS 2251 DEB
1 34122U 93036KT  12132.06536442 +.00002019 +00000-0 +63690-3 0  9991
2 34122 074.0490 005.7167 0126263 064.6524 296.7474 14.36448050169865
0 COSMOS 2251 DEB
1 34122U 93036KT  12133.04038086  .00001892  00000-0  59691-3 0  9995
2 34122 074.0484 003.9251 0126527 062.7848 298.5887 14.36449715170008
0 COSMOS 2251 DEB
1 34122U 93036KT  12134.01539744 +.00001874 +00000-0 +59140-3 0  9999
2 34122 074.0479 002.1350 0126602 060.8676 300.5048 14.36453113170140
0 COSMOS 2251 DEB
1 34122U 93036KT  12135.61719767  .00001891  00000-0  59677-3 0  9995
2 34122 074.0478 359.1935 0126438 057.5650 303.7807 14.36459753170374
0 COSMOS 2251 DEB
1 34122U 93036KT  12136.59219846 +.00001900 +00000-0 +59932-3 0  9991
2 34122 074.0483 357.4042 0126642 055.3483 305.9530 14.36463787170512
0 COSMOS 2251 DEB
1 34122U 93036KT  12137.56719754 +.00001930 +00000-0 +60880-3 0  9999
2 34122 074.0497 355.6144 0126409 053.2168 308.0542 14.36468305170651
0 COSMOS 2251 DEB
1 34122U 93036KT  12137.98505346  .00001951  00000-0  61523-3 0  9993
2 34122 074.0490 354.8464 0126494 052.4146 308.8501 14.36470429170711
0 COSMOS 2251 DEB
1 34122U 93036KT  12138.61183544 +.00001971 +00000-0 +62140-3 0  9994
2 34122 074.0484 353.6949 0126533 051.0331 310.2061 14.36473265170803
0 COSMOS 2251 DEB
1 34122U 93036KT  12139.58682517 +.00002049 +00000-0 +64555-3 0  9994
2 34122 074.0470 351.9014 0126628 048.9814 312.2334 14.36478903170942
0 COSMOS 2251 DEB
1 34122U 93036KT  12140.00467588  .00002134  00000-0  67197-3 0  9992
2 34122 074.0475 351.1316 0126434 048.7383 312.4755 14.36482023171003
0 COSMOS 2251 DEB
1 34122U 93036KT  12140.56180872 +.00002175 +00000-0 +68489-3 0  9991
2 34122 074.0479 350.1099 0126424 047.5557 313.6265 14.36485109171088
0 COSMOS 2251 DEB
1 34122U 93036KT  12141.53679268 +.00002203 +00000-0 +69326-3 0  9994
2 34122 074.0475 348.3195 0126417 045.5516 315.5933 14.36489878171221
0 COSMOS 2251 DEB
1 34122U 93036KT  12142.65105581  .00002230  00000-0  70160-3 0  9998
2 34122 074.0473 346.2740 0126510 043.1768 317.9247 14.36495432171383
0 COSMOS 2251 DEB
1 34122U 93036KT  12142.99926206 +.00002275 +00000-0 +71551-3 0  9994
2 34122 074.0470 345.6338 0126619 042.4801 318.6175 14.36497875171433
0 COSMOS 2251 DEB
1 34122U 93036KT  12144.60100483  .00002382  00000-0  74829-3 0  9995
2 34122 074.0474 342.6930 0126829 038.9809 322.0615 14.36507184171661
0 COSMOS 2251 DEB
1 34122U 93036KT  12145.92417165 +.00002403 +00000-0 +75472-3 0  9998
2 34122 074.0466 340.2632 0126876 036.2105 324.7567 14.36513996171851
0 COSMOS 2251 DEB
1 34122U 93036KT  12146.89913564  .00002407  00000-0  75602-3 0  9998
2 34122 074.0465 338.4732 0126883 034.1575 326.7673 14.36518856171991
0 COSMOS 2251 DEB
1 34122U 93036KT  12146.89913564 +.00002407 +00000-0 +75602-3 0  9998
2 34122 074.0465 338.4732 0126883 034.1575 326.7673 14.36518856171991
0 COSMOS 2251 DEB
1 34122U 93036KT  12147.59553514 +.00002435 +00000-0 +76441-3 0  9994
2 34122 074.0464 337.1933 0126972 032.7469 328.1496 14.36522861172096
0 COSMOS 2251 DEB
1 34122U 93036KT  12148.57049228 +.00002441 +00000-0 +76645-3 0  9998
2 34122 074.0460 335.4012 0126803 030.7678 330.0804 14.36527676172234
0 COSMOS 2251 DEB
1 34122U 93036KT  12148.91869125  .00002440  00000-0  76617-3 0  9990
2 34122 074.0460 334.7616 0126735 030.0247 330.8086 14.36529337172286
0 COSMOS 2251 DEB
1 34122U 93036KT  12149.61508710 +.00002441 +00000-0 +76633-3 0  9997
2 34122 074.0461 333.4830 0126733 028.5897 332.2120 14.36532773172386
0 COSMOS 2251 DEB
1 34122U 93036KT  12150.86859530 +.00002426 +00000-0 +76179-3 0  9993
2 34122 074.0460 331.1808 0126637 026.0278 334.7115 14.36538597172565
0 COSMOS 2251 DEB
1 34122U 93036KT  12150.93823552  .00002423  00000-0  76075-3 0  9998
2 34122 074.0465 331.0536 0126623 025.8779 334.8619 14.36538879172579
0 COSMOS 2251 DEB
1 34122U 93036KT  12151.91318283 +.00002405 +00000-0 +75528-3 0  9999
2 34122 074.0458 329.2620 0126621 023.8382 336.8514 14.36543229172717
0 COSMOS 2251 DEB
1 34122U 93036KT  12152.53993367 +.00002371 +00000-0 +74467-3 0  9993
2 34122 074.0460 328.1105 0126592 022.5391 338.1143 14.36545564172806
0 COSMOS 2251 DEB
1 34122U 93036KT  12152.88815620  .00001752  00000-0  54336-3 0  9991
2 34122 074.0488 327.4728 0126993 021.7769 338.9203 14.36538895172853
0 COSMOS 2251 DEB
1 34122U 93036KT  12153.51487794  .00002199  00000-0  69134-3 0  9997
2 34122 074.0467 326.3220 0126431 020.5708 339.9840 14.36546449172944
0 COSMOS 2251 DEB
1 34122U 93036KT  12153.86308384 +.00002156 +00000-0 +67804-3 0  9997
2 34122 074.0473 325.6829 0126444 019.8072 340.7764 14.36547046172991
0 COSMOS 2251 DEB
1 34122U 93036KT  12154.90766711  .00002096  00000-0  65953-3 0  9991
2 34122 074.0485 323.7671 0126319 017.5498 342.9791 14.36550349173148
0 COSMOS 2251 DEB
1 34122U 93036KT  12154.90766711 +.00002096 +00000-0 +65953-3 0  9991
2 34122 074.0485 323.7671 0126319 017.5498 342.9791 14.36550349173148
0 COSMOS 2251 DEB
1 34122U 93036KT  12155.53441704 +.00002072 +00000-0 +65214-3 0  9997
2 34122 074.0487 322.6163 0126168 016.2763 344.2314 14.36552506173230
0 COSMOS 2251 DEB
1 34122U 93036KT  12156.50935568  .00001907  00000-0  60066-3 0  9997
2 34122 074.0480 320.8248 0126661 014.3669 346.0412 14.36553096173378
0 COSMOS 2251 DEB
1 34122U 93036KT  12156.85755967 +.00001876 +00000-0 +59047-3 0  9990
2 34122 074.0481 320.1847 0127105 013.4913 346.9438 14.36553736173427
0 COSMOS 2251 DEB
1 34122U 93036KT  12157.48430762 +.00001835 +00000-0 +57815-3 0  9999
2 34122 074.0478 319.0333 0126815 012.2947 348.1156 14.36555334173518
0 COSMOS 2251 DEB
1 34122U 93036KT  12158.80743531  .00001799  00000-0  56691-3 0  9997
2 34122 074.0481 316.6043 0126755 009.5412 350.8020 14.36559589173709
0 COSMOS 2251 DEB
1 34122U 93036KT  12159.43417945 +.00001770 +00000-0 +55816-3 0  9991
2 34122 074.0475 315.4515 0126520 008.3087 352.0055 14.36561292173793
0 COSMOS 2251 DEB
1 34122U 93036KT  12160.82694223  .00001649  00000-0  52024-3 0  9995
2 34122 074.0470 312.8904 0126879 005.2706 354.9694 14.36564225173993
0 COSMOS 2251 DEB
1 34122U 93036KT  12161.59295932 +.00001642 +00000-0 +51820-3 0  9990
2 34122 074.0470 311.4842 0126802 003.6670 356.5376 14.36566677174109
0 COSMOS 2251 DEB
1 34122U 93036KT  12162.84643728  .00001622  00000-0  51209-3 0  9998
2 34122 074.0468 309.1822 0126614 001.0624 359.0740 14.36570482174281
0 COSMOS 2251 DEB
1 34122U 93036KT  12163.47317548 +.00001603 +00000-0 +50640-3 0  9993
2 34122 074.0467 308.0305 0126360 359.7430 000.3631 14.36572242174371
0 COSMOS 2251 DEB
1 34122U 93036KT  12164.79628611 +.00001610 +00000-0 +50837-3 0  9991
2 34122 074.0464 305.5999 0126492 356.9346 003.1031 14.36576659174562
0 COSMOS 2251 DEB
1 34122U 93036KT  12165.42302089  .00001612  00000-0  50914-3 0  9998
2 34122 074.0464 304.4488 0126521 355.6209 004.3836 14.36578779174651
0 COSMOS 2251 DEB
1 34122U 93036KT  12165.49265784 +.00001612 +00000-0 +50895-3 0  9993
2 34122 074.0464 304.3209 0126510 355.4749 004.5247 14.36578991174661
0 COSMOS 2251 DEB
1 34122U 93036KT  12166.74612438 +.00001624 +00000-0 +51254-3 0  9997
2 34122 074.0469 302.0197 0126549 352.8086 007.1231 14.36583329174847
0 COSMOS 2251 DEB
1 34122U 93036KT  12167.44249373  .00001621  00000-0  51190-3 0  9995
2 34122 074.0468 300.7406 0126520 351.3609 008.5357 14.36585577174940
0 COSMOS 2251 DEB
1 34122U 93036KT  12168.76559395 +.00001606 +00000-0 +50735-3 0  9996
2 34122 074.0480 298.3102 0126136 348.6423 011.1892 14.36589509175130
0 COSMOS 2251 DEB
1 34122U 93036KT  12169.74050741  .00001581  00000-0  49964-3 0  9990
2 34122 074.0483 296.5197 0126240 346.5748 013.2016 14.36592136175276
0 COSMOS 2251 DEB
1 34122U 93036KT  12170.43687316 +.00001570 +00000-0 +49605-3 0  9992
2 34122 074.0483 295.2407 0126280 345.1210 014.6202 14.36594140175379
0 COSMOS 2251 DEB
1 34122U 93036KT  12171.41178329 +.00001549 +00000-0 +48942-3 0  9999
2 34122 074.0478 293.4500 0126353 343.0824 016.6072 14.36596822175518
0 COSMOS 2251 DEB
1 34122U 93036KT  12172.38669212  .00001513  00000-0  47834-3 0  9992
2 34122 074.0479 291.6598 0126496 341.0596 018.5721 14.36599094175659
0 COSMOS 2251 DEB
1 34122U 93036KT  12173.36160131 +.00001468 +00000-0 +46402-3 0  9996
2 34122 074.0476 289.8685 0126772 339.0255 020.5564 14.36601141175798
0 COSMOS 2251 DEB
1 34122U 93036KT  12174.75432525  .00001418  00000-0  44833-3 0  9990
2 34122 074.0487 287.3132 0126992 336.0511 023.4630 14.36604371175992
0 COSMOS 2251 DEB
1 34122U 93036KT  12175.72923214 +.00001383 +00000-0 +43768-3 0  9995
2 34122 074.0476 285.5210 0126905 333.9610 025.5171 14.36606449176135
0 COSMOS 2251 DEB
1 34122U 93036KT  12176.35595535  .00001328  00000-0  42049-3 0  9996
2 34122 074.0471 284.3687 0127236 332.6645 026.7542 14.36606761176229
0 COSMOS 2251 DEB
1 34122U 93036KT  12177.40050037 +.00001212 +00000-0 +38505-3 0  9990
2 34122 074.0471 282.4494 0126252 330.3505 029.0382 14.36607361176372
0 COSMOS 2251 DEB
1 34122U 93036KT  12178.37540484  .00001204  00000-0  38271-3 0  9998
2 34122 074.0470 280.6591 0126138 328.3012 031.0579 14.36609640176511
0 COSMOS 2251 DEB
1 34122U 93036KT  12178.72358382 +.00001187 +00000-0 +37726-3 0  9995
2 34122 074.0480 280.0220 0126420 327.5271 031.8042 14.36610067176560
0 COSMOS 2251 DEB
1 34122U 93036KT  12179.69848646 +.00001128 +00000-0 +35903-3 0  9999
2 34122 074.0476 278.2301 0126204 325.5162 033.7709 14.36611208176706
0 COSMOS 2251 DEB
1 34122U 93036KT  12180.32521042  .00001083  00000-0  34533-3 0  9997
2 34122 074.0470 277.0779 0125668 324.2835 034.9781 14.36611578176794
0 COSMOS 2251 DEB
1 34122U 93036KT  12180.39484954 +.00001054 +00000-0 +33593-3 0  9997
2 34122 074.0482 276.9503 0126229 324.4272 034.8353 14.36611221176802
0 COSMOS 2251 DEB
1 34122U 93036KT  12181.36975376  .00000989  00000-0  31570-3 0  9997
2 34122 074.0476 275.1579 0126274 322.2394 036.9852 14.36611927176945
0 COSMOS 2251 DEB
1 34122U 93036KT  12182.34465661 +.00000914 +00000-0 +29286-3 0  9996
2 34122 074.0479 273.3676 0125213 320.1407 039.0585 14.36612550177086
0 COSMOS 2251 DEB
1 34122U 93036KT  12183.66772520  .00000831  00000-0  26653-3 0  9990
2 34122 074.0473 270.9359 0127127 317.6547 041.4539 14.36613169177277
0 COSMOS 2251 DEB
1 34122U 93036KT  12184.29445144 +.00000803 +00000-0 +25780-3 0  9998
2 34122 074.0472 269.7828 0126783 316.1690 042.9404 14.36613677177364
0 COSMOS 2251 DEB
1 34122U 93036KT  12185.33898905 +.00000748 +00000-0 +24081-3 0  9992
2 34122 074.0479 267.8642 0126908 313.9659 045.1062 14.36614421177513
0 COSMOS 2251 DEB
1 34122U 93036KT  12186.24425263  .00000718  00000-0  23161-3 0  9991
2 34122 074.0480 266.2022 0126957 312.1565 046.8787 14.36615333177640
0 COSMOS 2251 DEB
1 34122U 93036KT  12186.31388961 +.00000715 +00000-0 +23068-3 0  9995
2 34122 074.0480 266.0742 0126905 312.0040 047.0350 14.36615365177652
0 COSMOS 2251 DEB
1 34122U 93036KT  12187.63696596 +.00000677 +00000-0 +21880-3 0  9994
2 34122 074.0470 263.6430 0126682 309.0507 049.9440 14.36616736177849
0 COSMOS 2251 DEB
1 34122U 93036KT  12188.26368587  .00000686  00000-0  22156-3 0  9997
2 34122 074.0469 262.4922 0126837 307.7557 051.2196 14.36617853177937
0 COSMOS 2251 DEB
1 34122U 93036KT  12188.61186283 +.00000686 +00000-0 +22153-3 0  9994
2 34122 074.0476 261.8529 0126932 307.0786 051.8812 14.36618402177981
0 COSMOS 2251 DEB
1 34122U 93036KT  12189.58675930 +.00000695 +00000-0 +22440-3 0  9992
2 34122 074.0476 260.0621 0126927 305.0156 053.9157 14.36620036178126
0 COSMOS 2251 DEB
1 34122U 93036KT  12190.56165497  .00000712  00000-0  22974-3 0  9996
2 34122 074.0472 258.2707 0126850 302.9980 055.9064 14.36621751178261
0 COSMOS 2251 DEB
1 34122U 93036KT  12191.25800827 +.00000716 +00000-0 +23101-3 0  9993
2 34122 074.0472 256.9921 0126883 301.5586 057.3242 14.36622884178360
0 COSMOS 2251 DEB
1 34122U 93036KT  12192.23290281 +.00000743 +00000-0 +23924-3 0  9992
2 34122 074.0473 255.2019 0127116 299.5510 059.3141 14.36625005178508
0 COSMOS 2251 DEB
1 34122U 93036KT  12193.20779410  .00000783  00000-0  25175-3 0  9990
2 34122 074.0475 253.4115 0127063 297.4465 061.3963 14.36627361178641
0 COSMOS 2251 DEB
1 34122U 93036KT  12193.27742639 +.00000807 +00000-0 +25909-3 0  9992
2 34122 074.0482 253.2842 0126881 297.2015 061.6312 14.36627875178652
0 COSMOS 2251 DEB
1 34122U 93036KT  12194.60049124 +.00000839 +00000-0 +26907-3 0  9993
2 34122 074.0470 250.8519 0126417 294.3897 064.4174 14.36630798178840
0 COSMOS 2251 DEB
1 34122U 93036KT  12195.22720530  .00000843  00000-0  27032-3 0  9994
2 34122 074.0469 249.7004 0126400 293.1005 065.6872 14.36631958178931
0 COSMOS 2251 DEB
1 34122U 93036KT  12196.20209505 +.00000870 +00000-0 +27874-3 0  9991
2 34122 074.0469 247.9105 0126546 291.0616 067.7163 14.36634306179071
0 COSMOS 2251 DEB
1 34122U 93036KT  12197.17698130 +.00000891 +00000-0 +28521-3 0  9997
2 34122 074.0470 246.1201 0126529 288.9657 069.7904 14.36636505179216
0 COSMOS 2251 DEB
1 34122U 93036KT  12198.56967571  .00000942  00000-0  30118-3 0  9991
2 34122 074.0480 243.5640 0126392 285.9313 072.8096 14.36640096179418
0 COSMOS 2251 DEB
1 34122U 93036KT  12199.54455822 +.00000955 +00000-0 +30502-3 0  9992
2 34122 074.0470 241.7713 0126458 283.9953 074.7178 14.36642182179554
0 COSMOS 2251 DEB
1 34122U 93036KT  12201.07651871  .00000980  00000-0  31263-3 0  9999
2 34122 074.0467 238.9571 0126668 280.7143 077.9908 14.36645779179774
0 COSMOS 2251 DEB
1 34122U 93036KT  12201.49432291 +.00000984 +00000-0 +31375-3 0  9996
2 34122 074.0458 238.1881 0126875 279.8852 078.7987 14.36646599179830
0 COSMOS 2251 DEB
1 34122U 93036KT  12202.46920510 +.00000981 +00000-0 +31289-3 0  9991
2 34122 074.0460 236.3975 0126946 277.8697 080.8045 14.36648502179971
0 COSMOS 2251 DEB
1 34122U 93036KT  12203.16554915  .00000973  00000-0  31050-3 0  9998
2 34122 074.0459 235.1179 0126827 276.3571 082.3130 14.36649732180076
0 COSMOS 2251 DEB
1 34122U 93036KT  12203.51372128 +.00000954 +00000-0 +30462-3 0  9996
2 34122 074.0454 234.4773 0126958 275.7885 082.8659 14.36649867180125
0 COSMOS 2251 DEB
1 34122U 93036KT  12204.48860444 +.00000935 +00000-0 +29867-3 0  9992
2 34122 074.0458 232.6861 0127218 273.9394 084.7141 14.36651419180260
0 COSMOS 2251 DEB
1 34122U 93036KT  12205.18494795  .00000920  00000-0  29394-3 0  9991
2 34122 074.0459 231.4064 0127172 272.2492 086.4073 14.36652473180368
0 COSMOS 2251 DEB
1 34122U 93036KT  12205.46348561 +.00000915 +00000-0 +29245-3 0  9990
2 34122 074.0458 230.8945 0127187 271.6338 087.0243 14.36652889180408
0 COSMOS 2251 DEB
1 34122U 93036KT  12206.43836496 +.00000905 +00000-0 +28926-3 0  9991
2 34122 074.0454 229.1038 0127207 269.5763 089.0785 14.36654484180540
0 COSMOS 2251 DEB
1 34122U 93036KT  12207.41324400  .00000884  00000-0  28256-3 0  9999
2 34122 074.0454 227.3140 0127357 267.4429 091.2146 14.36655959180685
0 COSMOS 2251 DEB
1 34122U 93036KT  12207.48287806 +.00000859 +00000-0 +27496-3 0  9991
2 34122 074.0453 227.1859 0127617 267.5301 091.1128 14.36655546180690
0 COSMOS 2251 DEB
1 34122U 93036KT  12208.10958764 +.00000816 +00000-0 +26152-3 0  9990
2 34122 074.0454 226.0353 0127240 265.9371 092.7072 14.36655609180784
0 COSMOS 2251 DEB
1 34122U 93036KT  12209.01483496  .00000779  00000-0  25013-3 0  9999
2 34122 074.0458 224.3722 0127161 264.1181 094.5362 14.36656460180914
0 COSMOS 2251 DEB
1 34122U 93036KT  12209.08447114 +.00000762 +00000-0 +24488-3 0  9990
2 34122 074.0460 224.2449 0127101 263.8438 094.8168 14.36656165180927
0 COSMOS 2251 DEB
1 34122U 93036KT  12210.47715702  .00000650  00000-0  21012-3 0  9992
2 34122 074.0463 221.6879 0127706 260.8896 097.7683 14.36656319181122
0 COSMOS 2251 DEB
1 34122U 93036KT  12211.45203878 +.00000630 +00000-0 +20396-3 0  9999
2 34122 074.0462 219.8966 0127736 258.8285 099.8477 14.36657239181260
0 COSMOS 2251 DEB
1 34122U 93036KT  12212.42691844 +.00000589 +00000-0 +19114-3 0  9990
2 34122 074.0461 218.1044 0127916 256.9883 101.6900 14.36657747181404
0 COSMOS 2251 DEB
1 34122U 93036KT  12213.05362744  .00000585  00000-0  19006-3 0  9990
2 34122 074.0460 216.9534 0127931 255.6532 103.0383 14.36658429181495
0 COSMOS 2251 DEB
1 34122U 93036KT  12213.40179853 +.00000569 +00000-0 +18488-3 0  9991
2 34122 074.0460 216.3142 0127931 254.9549 103.7398 14.36658636181543
0 COSMOS 2251 DEB
1 34122U 93036KT  12214.44631190 +.00000570 +00000-0 +18547-3 0  9991
2 34122 074.0454 214.3950 0127857 252.7902 105.9258 14.36659950181692
0 COSMOS 2251 DEB
1 34122U 93036KT  12215.07301851  .00000540  00000-0  17601-3 0  9996
2 34122 074.0455 213.2441 0127983 251.4204 107.2986 14.36660215181786
0 COSMOS 2251 DEB
1 34122U 93036KT  12215.42118978 +.00000556 +00000-0 +18094-3 0  9995
2 34122 074.0450 212.6040 0127874 250.6571 108.0779 14.36660968181836
0 COSMOS 2251 DEB
1 34122U 93036KT  12216.39606452 +.00000580 +00000-0 +18834-3 0  9990
2 34122 074.0451 210.8129 0128020 248.6261 110.1230 14.36662697181974
0 COSMOS 2251 DEB
1 34122U 93036KT  12217.37094005  .00000612  00000-0  19829-3 0  9995
2 34122 074.0457 209.0227 0128097 246.6181 112.1514 14.36664500182111
0 COSMOS 2251 DEB
1 34122U 93036KT  12218.41544843 +.00000621 +00000-0 +20102-3 0  9997
2 34122 074.0457 207.1046 0128092 244.4828 114.3054 14.36666056182265
0 COSMOS 2251 DEB
1 34122U 93036KT  12219.39032026  .00000677  00000-0  21813-3 0  9991
2 34122 074.0448 205.3118 0128109 242.4265 116.3870 14.36668471182404
0 COSMOS 2251 DEB
1 34122U 93036KT  12220.36519237 +.00000727 +00000-0 +23364-3 0  9993
2 34122 074.0447 203.5212 0128239 240.3936 118.4478 14.36670752182541
0 COSMOS 2251 DEB
1 34122U 93036KT  12221.89713104  .00000764  00000-0  24514-3 0  9990
2 34122 074.0456 200.7079 0128357 237.1893 121.6897 14.36673912182764
0 COSMOS 2251 DEB
1 34122U 93036KT  12222.38456521 +.00000778 +00000-0 +24945-3 0  9995
2 34122 074.0455 199.8125 0128351 236.1746 122.7184 14.36675031182836
0 COSMOS 2251 DEB
1 34122U 93036KT  12223.91650025  .00000824  00000-0  26345-3 0  9998
2 34122 074.0447 196.9962 0128325 232.9320 126.0096 14.36678501183056
0 COSMOS 2251 DEB
1 34122U 93036KT  12223.91650025 +.00000824 +00000-0 +26345-3 0  9998
2 34122 074.0447 196.9962 0128325 232.9320 126.0096 14.36678501183056
0 COSMOS 2251 DEB
1 34122U 93036KT  12224.33430003 +.00000838 +00000-0 +26789-3 0  9994
2 34122 074.0447 196.2287 0128354 232.0762 126.8769 14.36679472183112
0 COSMOS 2251 DEB
1 34122U 93036KT  12225.86623239 +.00000891 +00000-0 +28426-3 0  9997
2 34122 074.0452 193.4145 0128270 228.9430 130.0596 14.36683053183332
0 COSMOS 2251 DEB
1 34122U 93036KT  12226.00549877  .00000892  00000-0  28434-3 0  9999
2 34122 074.0453 193.1585 0128244 228.6298 130.3768 14.36683314183354
0 COSMOS 2251 DEB
1 34122U 93036KT  12227.32853010 +.00000904 +00000-0 +28824-3 0  9999
2 34122 074.0453 190.7290 0128198 225.8979 133.1592 14.36686025183542
0 COSMOS 2251 DEB
1 34122U 93036KT  12228.30339349  .00000920  00000-0  29315-3 0  9996
2 34122 074.0454 188.9382 0128163 223.8843 135.2091 14.36688130183685
0 COSMOS 2251 DEB
1 34122U 93036KT  12228.86045781 +.00000921 +00000-0 +29330-3 0  9999
2 34122 074.0454 187.9148 0128169 222.7182 136.3957 14.36689198183761
0 COSMOS 2251 DEB
1 34122U 93036KT  12229.90495292 +.00000924 +00000-0 +29417-3 0  9990
2 34122 074.0457 185.9966 0128200 220.5432 138.6118 14.36691231183912
0 COSMOS 2251 DEB
1 34122U 93036KT  12230.32275079  .00000922  00000-0  29374-3 0  9997
2 34122 074.0455 185.2288 0128218 219.6704 139.5014 14.36691973183974
0 COSMOS 2251 DEB
1 34122U 93036KT  12231.92430861 +.00000900 +00000-0 +28672-3 0  9992
2 34122 074.0455 182.2869 0128214 216.3554 142.8815 14.36694477184204
0 COSMOS 2251 DEB
1 34122U 93036KT  12232.82953682  .00000875  00000-0  27910-3 0  9998
2 34122 074.0465 180.6240 0128046 214.4616 144.8135 14.36695655184331
0 COSMOS 2251 DEB
1 34122U 93036KT  12233.94366304 +.00000860 +00000-0 +27444-3 0  9997
2 34122 074.0465 178.5777 0128117 212.0965 147.2335 14.36697320184499
0 COSMOS 2251 DEB
1 34122U 93036KT  12234.84888851  .00000829  00000-0  26497-3 0  9995
2 34122 074.0462 176.9146 0127987 210.1722 149.1880 14.36698205184626
0 COSMOS 2251 DEB
1 34122U 93036KT  12235.26668750 +.00000821 +00000-0 +26232-3 0  9995
2 34122 074.0465 176.1472 0127978 209.3526 150.0364 14.36698716184686
0 COSMOS 2251 DEB
1 34122U 93036KT  12236.86824098  .00000775  00000-0  24830-3 0  9991
2 34122 074.0473 173.2051 0127917 206.0375 153.4289 14.36700572184918
0 COSMOS 2251 DEB
1 34122U 93036KT  12237.21640446 +.00000767 +00000-0 +24585-3 0  9992
2 34122 074.0475 172.5657 0127914 205.3092 154.1749 14.36701010184961
0 COSMOS 2251 DEB
1 34122U 93036KT  12238.26089360 +.00000760 +00000-0 +24343-3 0  9995
2 34122 074.0478 170.6475 0127933 203.1262 156.4108 14.36702575185116
0 COSMOS 2251 DEB
1 34122U 93036KT  12238.88758629  .00000751  00000-0  24088-3 0  9990
2 34122 074.0475 169.4966 0127980 201.8187 157.7479 14.36703407185207
0 COSMOS 2251 DEB
1 34122U 93036KT  12239.79280922 +.00000730 +00000-0 +23434-3 0  9998
2 34122 074.0475 167.8338 0127820 199.9680 159.6422 14.36704460185333
0 COSMOS 2251 DEB
1 34122U 93036KT  12240.76766340 +.00000734 +00000-0 +23540-3 0  9992
2 34122 074.0470 166.0427 0127870 197.9192 161.7439 14.36706036185477
0 COSMOS 2251 DEB
1 34122U 93036KT  12240.90692810  .00000733  00000-0  23526-3 0  9991
2 34122 074.0470 165.7868 0127856 197.6316 162.0379 14.36706238185494
0 COSMOS 2251 DEB
1 34122U 93036KT  12241.88178108 +.00000733 +00000-0 +23522-3 0  9994
2 34122 074.0470 163.9964 0127856 195.5986 164.1212 14.36707736185630
0 COSMOS 2251 DEB
1 34122U 93036KT  12242.78700027 +.00000743 +00000-0 +23832-3 0  9990
2 34122 074.0466 162.3329 0127830 193.7101 166.0593 14.36709383185761
0 COSMOS 2251 DEB
1 34122U 93036KT  12243.20479330  .00000751  00000-0  24070-3 0  9992
2 34122 074.0467 161.5658 0127859 192.8053 166.9876 14.36710217185823
0 COSMOS 2251 DEB
1 34122U 93036KT  12243.83148247 +.00000762 +00000-0 +24406-3 0  9996
2 34122 074.0467 160.4142 0127827 191.5060 168.3210 14.36711443185918
0 COSMOS 2251 DEB
1 34122U 93036KT  12244.80633002 +.00000790 +00000-0 +25267-3 0  9999
2 34122 074.0469 158.6232 0127877 189.4220 170.4555 14.36713586186050
0 COSMOS 2251 DEB
1 34122U 93036KT  12245.85080945  .00000812  00000-0  25943-3 0  9993
2 34122 074.0468 156.7048 0127791 187.2705 172.6627 14.36715714186208
0 COSMOS 2251 DEB
1 34122U 93036KT  12246.75602282 +.00000834 +00000-0 +26619-3 0  9992
2 34122 074.0468 155.0419 0127742 185.4094 174.5719 14.36717749186336
0 COSMOS 2251 DEB
1 34122U 93036KT  12247.80049873 +.00000864 +00000-0 +27565-3 0  9994
2 34122 074.0468 153.1234 0127728 183.1723 176.8697 14.36720241186485
0 COSMOS 2251 DEB
1 34122U 93036KT  12248.14865622  .00000933  00000-0  29657-3 0  9991
2 34122 074.0465 152.4830 0128110 182.3818 177.7052 14.36722473186538
0 COSMOS 2251 DEB
1 34122U 93036KT  12248.70570317 +.00000961 +00000-0 +30547-3 0  9998
2 34122 074.0466 151.4592 0127947 181.2381 178.8531 14.36724060186610
0 COSMOS 2251 DEB
1 34122U 93036KT  12249.81980294 +.00001020 +00000-0 +32353-3 0  9994
2 34122 074.0473 149.4138 0128097 179.0117 181.1354 14.36727517186777
0 COSMOS 2251 DEB
1 34122U 93036KT  12250.16795912  .00001024  00000-0  32473-3 0  9992
2 34122 074.0474 148.7744 0128083 178.2924 181.8707 14.36728328186821
0 COSMOS 2251 DEB
1 34122U 93036KT  12250.72500954 +.00001060 +00000-0 +33585-3 0  9999
2 34122 074.0479 147.7523 0127813 177.1821 183.0205 14.36730313186907
0 COSMOS 2251 DEB
1 34122U 93036KT  12251.76947204  .00001181  00000-0  37356-3 0  9991
2 34122 074.0461 145.8306 0127204 175.0345 185.2392 14.36735272187055
0 COSMOS 2251 DEB
1 34122U 93036KT  12252.67465152  .00002272  00000-0  70150-3 0  9990
2 34122 074.0468 144.1642 0127076 172.9094 187.4371 14.36751858187184
0 COSMOS 2251 DEB
1 34122U 93036KT  12252.74429732  .00001473  00000-0  46380-3 0  9992
2 34122 074.0457 144.0400 0126918 173.0522 187.3370 14.36744072187194
0 COSMOS 2251 DEB
1 34122U 93036KT  12253.71910530 +.00001505 +00000-0 +47382-3 0  9990
2 34122 074.0467 142.2505 0126676 171.0185 189.3297 14.36747656187332
0 COSMOS 2251 DEB
1 34122U 93036KT  12254.69392649 +.00001557 +00000-0 +49005-3 0  9994
2 34122 074.0462 140.4591 0126541 168.9848 191.4194 14.36751913187470
0 COSMOS 2251 DEB
1 34122U 93036KT  12255.11170612  .00001599  00000-0  50266-3 0  9993
2 34122 074.0471 139.6919 0126956 168.1863 192.2476 14.36754098187539
0 COSMOS 2251 DEB
1 34122U 93036KT  12255.73837346 +.00001656 +00000-0 +52012-3 0  9990
2 34122 074.0470 138.5410 0126826 166.7779 193.6910 14.36757337187625
0 COSMOS 2251 DEB
1 34122U 93036KT  12256.08651990  .00001725  00000-0  54085-3 0  9997
2 34122 074.0467 137.9005 0127744 166.0475 194.4528 14.36759937187677
0 COSMOS 2251 DEB
1 34122U 93036KT  12256.71318254 +.00001870 +00000-0 +58576-3 0  9990
2 34122 074.0459 136.7490 0127561 164.6156 195.9105 14.36764404187762
0 COSMOS 2251 DEB
1 34122U 93036KT  12257.06132696  .00001916  00000-0  59993-3 0  9998
2 34122 074.0476 136.1100 0127403 163.8521 196.6791 14.36766462187816
0 COSMOS 2251 DEB
1 34122U 93036KT  12258.73243048 +.00001922 +00000-0 +60181-3 0  9995
2 34122 074.0474 133.0402 0127257 160.3471 200.2635 14.36772916188055
0 COSMOS 2251 DEB
1 34122U 93036KT  12259.08057643  .00001912  00000-0  59881-3 0  9992
2 34122 074.0466 132.4001 0127047 159.6570 200.9642 14.36773921188100
0 COSMOS 2251 DEB
1 34122U 93036KT  12259.63761014 +.00001883 +00000-0 +59009-3 0  9996
2 34122 074.0468 131.3771 0126977 158.3801 202.2596 14.36775335188180
0 COSMOS 2251 DEB
1 34122U 93036KT  12260.68205038  .00001831  00000-0  57386-3 0  9991
2 34122 074.0468 129.4583 0127144 156.1756 204.5199 14.36777912188335
0 COSMOS 2251 DEB
1 34122U 93036KT  12261.03019768 +.00001826 +00000-0 +57229-3 0  9994
2 34122 074.0467 128.8185 0127065 155.4415 205.2847 14.36779099188382
0 COSMOS 2251 DEB
1 34122U 93036KT  12262.63165780 +.00001774 +00000-0 +55603-3 0  9993
2 34122 074.0469 125.8773 0127266 152.1368 208.6508 14.36783863188619
0 COSMOS 2251 DEB
1 34122U 93036KT  12263.04943238  .00001709  00000-0  53638-3 0  9995
2 34122 074.0450 125.1073 0126464 151.2595 209.5354 14.36783825188679
0 COSMOS 2251 DEB
1 34122U 93036KT  12263.67609384 +.00001662 +00000-0 +52174-3 0  9997
2 34122 074.0449 123.9560 0126596 149.9034 210.9341 14.36785082188761
0 COSMOS 2251 DEB
1 34122U 93036KT  12264.65089581  .00001497  00000-0  47051-3 0  9991
2 34122 074.0458 122.1662 0127113 147.8914 212.9842 14.36785522188908
0 COSMOS 2251 DEB
1 34122U 93036KT  12264.99904231 +.00001469 +00000-0 +46184-3 0  9991
2 34122 074.0451 121.5260 0127189 147.1744 213.7343 14.36786074188958
0 COSMOS 2251 DEB
1 34122U 93036KT  12266.67012367  .00001408  00000-0  44296-3 0  9993
2 34122 074.0451 118.4556 0127322 143.6633 217.3173 14.36789969189192
0 COSMOS 2251 DEB
1 34122U 93036KT  12267.64491802 +.00001422 +00000-0 +44727-3 0  9991
2 34122 074.0444 116.6641 0127256 141.6579 219.3726 14.36793111189338
0 COSMOS 2251 DEB
1 34122U 93036KT  12268.61970927 +.00001413 +00000-0 +44444-3 0  9995
2 34122 074.0449 114.8729 0127180 139.6417 221.4305 14.36795966189476
0 COSMOS 2251 DEB
1 34122U 93036KT  12268.96784777  .00001403  00000-0  44163-3 0  9996
2 34122 074.0446 114.2328 0126989 138.8348 222.2443 14.36796818189527
0 COSMOS 2251 DEB
1 34122U 93036KT  12270.63891308 +.00001414 +00000-0 +44473-3 0  9998
2 34122 074.0446 111.1627 0126949 135.3290 225.8197 14.36801854189767
0 COSMOS 2251 DEB
1 34122U 93036KT  12270.98705042  .00001433  00000-0  45070-3 0  9990
2 34122 074.0446 110.5233 0126901 134.5849 226.5828 14.36803317189813
0 COSMOS 2251 DEB
1 34122U 93036KT  12271.54406847 +.00001429 +00000-0 +44939-3 0  9992
2 34122 074.0446 109.4998 0126891 133.4213 227.7552 14.36804802189894
0 COSMOS 2251 DEB
1 34122U 93036KT  12272.58847137  .00001681  00000-0  52635-3 0  9990
2 34122 074.0429 107.5764 0127782 131.4019 229.9081 14.36814069190043
0 COSMOS 2251 DEB
1 34122U 93036KT  12273.49360359  .00001828  00000-0  57174-3 0  9993
2 34122 074.0434 105.9163 0127734 129.8140 231.4842 14.36820106190173
0 COSMOS 2251 DEB
1 34122U 93036KT  12273.63284714 +.00001855 +00000-0 +58011-3 0  9990
2 34122 074.0436 105.6603 0127507 129.4306 231.8315 14.36821259190190
0 COSMOS 2251 DEB
1 34122U 93036KT  12274.60761335  .00001931  00000-0  60396-3 0  9991
2 34122 074.0429 103.8687 0127146 127.2357 234.0551 14.36826465190332
0 COSMOS 2251 DEB
1 34122U 93036KT  12274.95574324  .00002155  00000-0  67139-3 0  9990
2 34122 074.0460 103.2344 0128601 126.8518 234.5468 14.36833157190385
0 COSMOS 2251 DEB
1 34122U 93036KT  12275.58235081  .00002291  00000-0  71418-3 0  9990
2 34122 074.0442 102.0812 0127500 125.5573 235.7712 14.36838803190474
0 COSMOS 2251 DEB
1 34122U 93036KT  12275.58235081 +.00002291 +00000-0 +71418-3 0  9990
2 34122 074.0442 102.0812 0127500 125.5573 235.7712 14.36838803190474
0 COSMOS 2251 DEB
1 34122U 93036KT  12276.48747764  .00002564  00000-0  79888-3 0  9998
2 34122 074.0452 100.4185 0126834 123.0490 238.3096 14.36847578190608
0 COSMOS 2251 DEB
1 34122U 93036KT  12277.53185070 +.00002581 +00000-0 +80427-3 0  9991
2 34122 074.0463 098.5003 0126726 120.8300 240.5423 14.36853341190751
0 COSMOS 2251 DEB
1 34122U 93036KT  12277.94959946  .00004016  00000-0  12450-2 0  9992
2 34122 074.0443 097.7271 0127180 119.5489 242.0162 14.36875126190814
0 COSMOS 2251 DEB
1 34122U 93036KT  12278.50655565 +.00003988 +00000-0 +12381-2 0  9995
2 34122 074.0445 096.7032 0126355 118.6916 242.7129 14.36879456190896
0 COSMOS 2251 DEB
1 34122U 93036KT  12279.55090246  .00003053  00000-0  95093-3 0  9995
2 34122 074.0428 094.7844 0125625 115.5627 245.7283 14.36875260191041
0 COSMOS 2251 DEB
1 34122U 93036KT  12279.89904622  .00003164  00000-0  98462-3 0  9990
2 34122 074.0426 094.1452 0125953 115.1282 246.3356 14.36879611191092
0 COSMOS 2251 DEB
1 34122U 93036KT  12280.52565073  .00003290  00000-0  10233-2 0  9994
2 34122 074.0422 092.9910 0125892 113.4278 248.0449 14.36886097191189
0 COSMOS 2251 DEB
1 34122U 93036KT  12281.50036022  .00003458  00000-0  10747-2 0  9996
2 34122 074.0431 091.2026 0126099 112.1546 249.3052 14.36895476191324
0 COSMOS 2251 DEB
1 34122U 93036KT  12281.84847375 +.00003450 +00000-0 +10722-2 0  9999
2 34122 074.0431 090.5629 0126094 111.4434 250.0189 14.36897702191377
0 COSMOS 2251 DEB
1 34122U 93036KT  12282.47507763 +.00003472 +00000-0 +10792-2 0  9994
2 34122 074.0431 089.4105 0125885 109.9842 251.4922 14.36902350191461
0 COSMOS 2251 DEB
1 34122U 93036KT  12283.86752750  .00003486  00000-0  10828-2 0  9991
2 34122 074.0433 086.8504 0126077 106.9702 254.5291 14.36911401191665
0 COSMOS 2251 DEB
1 34122U 93036KT  12284.49412504 +.00003472 +00000-0 +10783-2 0  9996
2 34122 074.0432 085.6988 0126273 105.6736 255.8310 14.36915399191754
0 COSMOS 2251 DEB
1 34122U 93036KT  12285.53845225 +.00003441 +00000-0 +10683-2 0  9997
2 34122 074.0434 083.7806 0126326 103.8558 257.6681 14.36921825191904
0 COSMOS 2251 DEB
1 34122U 93036KT  12285.88655913  .00003425  00000-0  10636-2 0  9998
2 34122 074.0437 083.1415 0126317 103.2136 258.3100 14.36923897191953
0 COSMOS 2251 DEB
1 34122U 93036KT  12286.79163670 +.00003317 +00000-0 +10296-2 0  9995
2 34122 074.0439 081.4786 0126643 101.5771 259.9279 14.36927563192088
0 COSMOS 2251 DEB
1 34122U 93036KT  12286.86126459  .00003336  00000-0  10360-2 0  9990
2 34122 074.0455 081.3533 0126387 101.3054 260.2409 14.36928567192098
0 COSMOS 2251 DEB
1 34122U 93036KT  12287.48785167  .00003134  00000-0  97355-3 0  9992
2 34122 074.0442 080.1978 0126409 100.0383 261.4293 14.36928113192181
0 COSMOS 2251 DEB
1 34122U 93036KT  12287.83597158  .00002797  00000-0  87029-3 0  9993
2 34122 074.0443 079.5552 0126043 098.9532 262.5408 14.36925050192230
0 COSMOS 2251 DEB
1 34122U 93036KT  12288.81067767 +.00002742 +00000-0 +85311-3 0  9992
2 34122 074.0419 077.7630 0126173 097.0652 264.4810 14.36929386192376
0 COSMOS 2251 DEB
1 34122U 93036KT  12289.85499206  .00002699  00000-0  83981-3 0  9996
2 34122 074.0420 075.8440 0126212 094.9728 266.5819 14.36934408192520
0 COSMOS 2251 DEB
1 34122U 93036KT  12290.48158219 +.00002596 +00000-0 +80759-3 0  9999
2 34122 074.0421 074.6932 0126517 093.6577 267.9015 14.36935966192613
0 COSMOS 2251 DEB
1 34122U 93036KT  12291.45627044  .00002413  00000-0  75157-3 0  9998
2 34122 074.0452 072.9039 0126274 091.6666 269.8739 14.36938304192751
0 COSMOS 2251 DEB
1 34122U 93036KT  12292.84867837 +.00002449 +00000-0 +76272-3 0  9996
2 34122 074.0430 070.3434 0126296 088.6942 272.8708 14.36945863192955
0 COSMOS 2251 DEB
1 34122U 93036KT  12293.75373673  .00002447  00000-0  76187-3 0  9990
2 34122 074.0428 068.6801 0126323 086.8560 274.7046 14.36950374193081
0 COSMOS 2251 DEB
1 34122U 93036KT  12294.79803145 +.00002453 +00000-0 +76359-3 0  9995
2 34122 074.0430 066.7611 0126315 084.6284 276.9284 14.36955751193231
0 COSMOS 2251 DEB
1 34122U 93036KT  12295.42460488  .00002551  00000-0  79390-3 0  9992
2 34122 074.0434 065.6100 0126025 083.3628 278.2293 14.36961351193320
0 COSMOS 2251 DEB
1 34122U 93036KT  12296.39926053 +.00002685 +00000-0 +83518-3 0  9999
2 34122 074.0443 063.8198 0126036 081.5334 280.0182 14.36968708193469
0 COSMOS 2251 DEB
1 34122U 93036KT  12297.37392084  .00002709  00000-0  84242-3 0  9991
2 34122 074.0443 062.0282 0126133 079.5285 282.0125 14.36974495193609
0 COSMOS 2251 DEB
1 34122U 93036KT  12297.79163050 +.00002717 +00000-0 +84480-3 0  9999
2 34122 074.0436 061.2595 0126143 078.6331 282.8981 14.36976906193665
0 COSMOS 2251 DEB
1 34122U 93036KT  12298.41819404 +.00002746 +00000-0 +85357-3 0  9996
2 34122 074.0442 060.1096 0126154 077.2931 284.2317 14.36980991193757
0 COSMOS 2251 DEB
1 34122U 93036KT  12298.76628440  .00002786  00000-0  86573-3 0  9997
2 34122 074.0445 059.4699 0126250 076.7986 284.7396 14.36983860193807
0 COSMOS 2251 DEB
1 34122U 93036KT  12299.74092527  .00002897  00000-0  89966-3 0  9999
2 34122 074.0447 057.6793 0126221 074.6828 286.8287 14.36991801193945
0 COSMOS 2251 DEB
1 34122U 93036KT  12301.75982207  .00003018  00000-0  93676-3 0  9996
2 34122 074.0446 053.9683 0126123 070.1036 291.3671 14.37006025194231
0 COSMOS 2251 DEB
1 34122U 93036KT  12304.26601613  .00003064  00000-0  95051-3 0  9994
2 34122 074.0459 049.3636 0126142 065.0627 296.3564 14.37022011194590
0 COSMOS 2251 DEB
1 34122U 93036KT  12306.70260605  .00001944  00000-0  59791-3 0  9993
2 34122 074.0483 044.8813 0125824 059.5603 301.8401 14.37022146194942
0 COSMOS 2251 DEB
1 34122U 93036KT  12307.25949838  .00002948  00000-0  91540-3 0  9999
2 34122 074.0488 043.8688 0125746 058.6699 302.6539 14.37037484195026
0 COSMOS 2251 DEB
1 34122U 93036KT  12308.30372831  .00002691  00000-0  83525-3 0  9998
2 34122 074.0478 041.9465 0126556 056.1271 305.0591 14.37037476195178
0 COSMOS 2251 DEB
1 34122U 93036KT  12309.27837237  .00002540  00000-0  78876-3 0  9997
2 34122 074.0475 040.1552 0126636 054.4552 306.8249 14.37039560195316
0 COSMOS 2251 DEB
1 34122U 93036KT  12310.32260441  .00002399  00000-0  74537-3 0  9994
2 34122 074.0473 038.2360 0126837 052.2466 308.9707 14.37041479195462
0 COSMOS 2251 DEB
1 34122U 93036KT  12310.67068688  .00002311  00000-0  71802-3 0  9997
2 34122 074.0465 037.5940 0126889 050.9634 310.2360 14.37041120195518
0 COSMOS 2251 DEB
1 34122U 93036KT  12311.64530870  .00002138  00000-0  66442-3 0  9993
2 34122 074.0454 035.7989 0127385 048.8097 312.3676 14.37042050195651
0 COSMOS 2251 DEB
1 34122U 93036KT  12312.61992820  .00001897  00000-0  59140-3 0  9996
2 34122 074.0447 034.0061 0126520 046.9574 314.1982 14.37041888195798
0 COSMOS 2251 DEB
1 34122U 93036KT  12314.63876385  .00001710  00000-0  53473-3 0  9994
2 34122 074.0460 030.2990 0125449 042.6394 318.4156 14.37045657196085
0 COSMOS 2251 DEB
1 34122U 93036KT  12315.61338066  .00001376  00000-0  43200-3 0  9997
2 34122 074.0487 028.5081 0125627 040.9278 320.0736 14.37042881196220
0 COSMOS 2251 DEB
1 34122U 93036KT  12317.63222144  .00001287  00000-0  40459-3 0  9994
2 34122 074.0469 024.7978 0125262 036.8894 324.0758 14.37046556196519
0 COSMOS 2251 DEB
1 34122U 93036KT  12319.58143257  .00001200  00000-0  37753-3 0  9995
2 34122 074.0483 021.2151 0125898 032.4924 328.3811 14.37050072196796
0 COSMOS 2251 DEB
1 34122U 93036KT  12321.60025007  .00001176  00000-0  37002-3 0  9992
2 34122 074.0480 017.5049 0125979 028.2596 332.5313 14.37054681197082
0 COSMOS 2251 DEB
1 34122U 93036KT  12324.17596349  .00001352  00000-0  42375-3 0  9994
2 34122 074.0484 012.7717 0126527 022.9947 337.7263 14.37065332197453
0 COSMOS 2251 DEB
1 34122U 93036KT  12324.52402274  .00001435  00000-0  44930-3 0  9997
2 34122 074.0487 012.1315 0126523 022.2603 338.4284 14.37068159197509
0 COSMOS 2251 DEB
1 34122U 93036KT  12326.54280080  .00001530  00000-0  47814-3 0  9990
2 34122 074.0495 008.4234 0127034 017.9006 342.6606 14.37076046197792
0 COSMOS 2251 DEB
1 34122U 93036KT  12328.14389598  .00001855  00000-0  57825-3 0  9995
2 34122 074.0483 005.4776 0126384 014.7613 345.8539 14.37088729198021
0 COSMOS 2251 DEB
1 34122U 93036KT  12329.18804962  .00001966  00000-0  61245-3 0  9991
2 34122 074.0487 003.5593 0126168 012.6134 347.8182 14.37094949198179
0 COSMOS 2251 DEB
1 34122U 93036KT  12330.16261440  .00002068  00000-0  64407-3 0  9996
2 34122 074.0482 001.7662 0125740 010.4323 349.9725 14.37101251198319
0 COSMOS 2251 DEB
1 34122U 93036KT  12331.48522349  .00002315  00000-0  72031-3 0  9997
2 34122 074.0480 359.3349 0125354 007.4169 352.8883 14.37110963198505
0 COSMOS 2251 DEB
1 34122U 93036KT  12332.18133522 +.00002328 +00000-0 +72400-3 0  9990
2 34122 074.0480 358.0557 0125406 005.9402 354.3219 14.37114430198607
0 COSMOS 2251 DEB
1 34122U 93036KT  12333.50394523 +.00002343 +00000-0 +72845-3 0  9997
2 34122 074.0477 355.6239 0125618 003.0900 357.0996 14.37120920198793
0 COSMOS 2251 DEB
1 34122U 93036KT  12336.07954117  .00002305  00000-0  71654-3 0  9998
2 34122 074.0470 350.8884 0125567 357.7467 002.3031 14.37132081199162
0 COSMOS 2251 DEB
1 34122U 93036KT  12338.09823952  .00002249  00000-0  69972-3 0  9991
2 34122 074.0477 347.1798 0125262 353.4640 006.4806 14.37140269199454
0 COSMOS 2251 DEB
1 34122U 93036KT  12339.07278456  .00002172  00000-0  67567-3 0  9996
2 34122 074.0466 345.3846 0125764 351.2943 008.5911 14.37142697199597
0 COSMOS 2251 DEB
1 34122U 93036KT  12339.42083600  .00002070  00000-0  64370-3 0  9996
2 34122 074.0484 344.7462 0126330 350.6828 009.1519 14.37141969199647
0 COSMOS 2251 DEB
1 34122U 93036KT  12341.36992408  .00001937  00000-0  60292-3 0  9997
2 34122 074.0477 341.1629 0126292 346.7495 013.0236 14.37147328199924
0 COSMOS 2251 DEB
1 34122U 93036KT  12343.04055931  .00001797  00000-0  56003-3 0  9994
2 34122 074.0473 338.0913 0126274 343.4427 016.2274 14.37150711200166
0 COSMOS 2251 DEB
1 34122U 93036KT  12344.01510040  .00001562  00000-0  48784-3 0  9996
2 34122 074.0474 336.2994 0126377 341.2152 018.4165 14.37150514200301
0 COSMOS 2251 DEB
1 34122U 93036KT  12346.03377917  .00001501  00000-0  46910-3 0  9996
2 34122 074.0463 332.5879 0126324 336.9884 022.5614 14.37155647200593
0 COSMOS 2251 DEB
1 34122U 93036KT  12348.05244814  .00001467  00000-0  45877-3 0  9991
2 34122 074.0467 328.8770 0126407 332.7763 026.6797 14.37161018200885
0 COSMOS 2251 DEB
1 34122U 93036KT  12350.34953913  .00001473  00000-0  46063-3 0  9998
2 34122 074.0452 324.6505 0126285 327.9304 031.4240 14.37168272201214
0 COSMOS 2251 DEB
1 34122U 93036KT  12352.92505239  .00001536  00000-0  47941-3 0  9994
2 34122 074.0472 319.9171 0126692 322.6304 036.6185 14.37177571201583
0 COSMOS 2251 DEB
1 34122U 93036KT  12353.96917103  .00001758  00000-0  54699-3 0  9990
2 34122 074.0472 317.9959 0127075 320.4129 038.8626 14.37186220201734
0 COSMOS 2251 DEB
1 34122U 93036KT  12355.29169708  .00001910  00000-0  59359-3 0  9996
2 34122 074.0464 315.5633 0127036 317.6902 041.4614 14.37194002201927
0 COSMOS 2251 DEB
1 34122U 93036KT  12356.26619622  .00002705  00000-0  82734-3 0  9995
2 34122 074.0481 313.7691 0127023 315.6770 043.4752 14.37207154202061
0 COSMOS 2251 DEB
1 34122U 93036KT  12356.43406240  .00001903  00000-0  59068-3 0  9997
2 34122 074.0497 313.4575 0127596 315.4328 191.8986 14.37206422202084
0 COSMOS 2251 DEB
1 34122U 93036KT  12358.92184025  .00001777  00000-0  55234-3 0  9997
2 34122 074.0501 308.8833 0127568 310.3137 103.4860 14.37216893202449
0 COSMOS 2251 DEB
1 34122U 93036KT  12360.94214469  .00001821  00000-0  56559-3 0  9999
2 34122 074.0504 305.1683 0127567 306.1545 116.4633 14.37222287202738
0 COSMOS 2251 DEB
1 34122U 93036KT  12363.25653961  .00001479  00000-0  46111-3 0  9992
2 34122 074.0497 300.9116 0127442 301.5008 210.9996 14.37231322203067
0 COSMOS 2251 DEB
1 34122U 93036KT  12365.27563025  .00001415  00000-0  44151-3 0  9999
2 34122 074.0495 297.1994 0127380 297.3613 217.7825 14.37237325203358
0 COSMOS 2251 DEB
1 34122U 93036KT  13001.29238729  .00001468  00000-0  45762-3 0  9996
2 34122 074.0495 293.4912 0127300 293.2130 212.5511 14.37243523203642
0 COSMOS 2251 DEB
1 34122U 93036KT  13003.31113791  .00001420  00000-0  44314-3 0  9992
2 34122 074.0495 289.7795 0127160 289.0818 217.6588 14.37250296203936
0 COSMOS 2251 DEB
1 34122U 93036KT  13005.87031117  .00001812  00000-0  56282-3 0  9998
2 34122 074.0495 285.0742 0127025 283.8001 139.0556 14.37259081204308
0 COSMOS 2251 DEB
1 34122U 93036KT  13008.25300242  .00001895  00000-0  58827-3 0  9999
2 34122 074.0493 280.6933 0126910 278.8768 227.4005 14.37269207204644
0 COSMOS 2251 DEB
1 34122U 93036KT  13010.27181874  .00002700  00000-0  83426-3 0  9991
2 34122 074.0489 276.9815 0126742 274.7129 233.0707 14.37276075204930
0 COSMOS 2251 DEB
1 34122U 93036KT  13012.83150830  .00002227  00000-0  68976-3 0  9990
2 34122 074.0493 272.2767 0126703 269.3920 157.4248 14.37285592205301
0 COSMOS 2251 DEB
1 34122U 93036KT  13015.14697586  .00001630  00000-0  50716-3 0  9991
2 34122 074.0489 268.0183 0126509 264.6123 258.1725 14.37295825205633
0 COSMOS 2251 DEB
1 34122U 93036KT  13017.16227186  .00001537  00000-0  47882-3 0  9996
2 34122 074.0490 264.3125 0126408 260.4440 245.8331 14.37301966205926
0 COSMOS 2251 DEB
1 34122U 93036KT  13019.18089008  .00001133  00000-0  35532-3 0  9990
2 34122 074.0481 260.5986 0126180 256.2839 250.7073 14.37309425206210
0 COSMOS 2251 DEB
1 34122U 93036KT  13021.73991241  .00000988  00000-0  31107-3 0  9996
2 34122 074.0477 255.8931 0125982 250.9639 171.8833 14.37312566206587
0 COSMOS 2251 DEB
1 34122U 93036KT  13024.58750541  .00000900  00000-0  28432-3 0  9999
2 34122 074.0474 250.6566 0125851 245.0498 146.2432 14.37316320206992
0 COSMOS 2251 DEB
1 34122U 93036KT  13026.60639447  .00000811  00000-0  25716-3 0  9998
2 34122 074.0472 246.9439 0125762 240.8548 152.6464 14.37320608207280
0 COSMOS 2251 DEB
1 34122U 93036KT  13028.62504054  .00000955  00000-0  30104-3 0  9993
2 34122 074.0471 243.2314 0125680 236.6708 157.8208 14.37322532207574
0 COSMOS 2251 DEB
1 34122U 93036KT  13030.64343023  .00000969  00000-0  30533-3 0  9996
2 34122 074.0471 239.5196 0125613 232.4664 161.7067 14.37325188207860
0 COSMOS 2251 DEB
1 34122U 93036KT  13032.67008196  .00001102  00000-0  34603-3 0  9992
2 34122 074.0471 235.7927 0125519 228.2558 208.3493 14.37327904208152
0 COSMOS 2251 DEB
1 34122U 93036KT  13034.98060388  .00001186  00000-0  37164-3 0  9996
2 34122 074.0469 231.5430 0125460 223.4684 283.8552 14.37332989208483
0 COSMOS 2251 DEB
1 34122U 93036KT  13037.00077220  .00001095  00000-0  34386-3 0  9997
2 34122 074.0468 227.8278 0125416 219.2951 296.9846 14.37336217208772
0 COSMOS 2251 DEB
1 34122U 93036KT  13039.01735420  .00001217  00000-0  38124-3 0  9993
2 34122 074.0472 224.1191 0125345 215.1231 291.5894 14.37341649209060
0 COSMOS 2251 DEB
1 34122U 93036KT  13041.57708907  .00001380  00000-0  43094-3 0  9990
2 34122 074.0476 219.4114 0125224 209.7895 216.7771 14.37346313209434
0 COSMOS 2251 DEB
1 34122U 93036KT  13043.88974299  .00001223  00000-0  38288-3 0  9990
2 34122 074.0475 215.1582 0125220 205.0834 303.3875 14.37351296209763
0 COSMOS 2251 DEB
1 34122U 93036KT  13045.91052745  .00001351  00000-0  42210-3 0  9991
2 34122 074.0476 211.4420 0125161 200.9322 319.8222 14.37356244210054
0 COSMOS 2251 DEB
1 34122U 93036KT  13047.92609781  .00001422  00000-0  44366-3 0  9995
2 34122 074.0478 207.7354 0125059 196.8062 309.2980 14.37362162210342
0 COSMOS 2251 DEB
1 34122U 93036KT  13049.94464073  .00001595  00000-0  49648-3 0  9991
2 34122 074.0481 204.0232 0124949 192.6050 314.2650 14.37368132210634
0 COSMOS 2251 DEB
1 34122U 93036KT  13052.50447949  .00001484  00000-0  46250-3 0  9993
2 34122 074.0487 199.3156 0124832 187.3278 240.1845 14.37375848211002
0 COSMOS 2251 DEB
1 34122U 93036KT  13054.52397350  .00001093  00000-0  34314-3 0  9991
2 34122 074.0487 195.6018 0124726 183.1546 250.1413 14.37381129211294
0 COSMOS 2251 DEB
1 34122U 93036KT  13056.76014427  .00001133  00000-0  35523-3 0  9998
2 34122 074.0489 191.4895 0124596 178.5412 301.3364 14.37385057211612
0 COSMOS 2251 DEB
1 34122U 93036KT  13058.85312650  .00001223  00000-0  38263-3 0  9993
2 34122 074.0488 187.6407 0124472 174.2244 331.6237 14.37390076211911
0 COSMOS 2251 DEB
1 34122U 93036KT  13060.87170823  .00001244  00000-0  38923-3 0  9998
2 34122 074.0490 183.9288 0124328 170.0307 336.9902 14.37397646212204
0 COSMOS 2251 DEB
1 34122U 93036KT  13063.43277597  .00001369  00000-0  42753-3 0  9993
2 34122 074.0493 179.2191 0124135 164.7321 269.5630 14.37408033212572
0 COSMOS 2251 DEB
1 34122U 93036KT  13065.81293681  .00001628  00000-0  50664-3 0  9997
2 34122 074.0494 174.8427 0123937 159.7647 346.1365 14.37415813212919
0 COSMOS 2251 DEB
1 34122U 93036KT  13068.30266303  .00001980  00000-0  61432-3 0  9991
2 34122 074.0500 170.2654 0123892 154.5841 269.7435 14.37424960213279
0 COSMOS 2251 DEB
1 34122U 93036KT  13070.75417501  .00001725  00000-0  53645-3 0  9995
2 34122 074.0497 165.7572 0123681 149.4889 355.6822 14.37435591213629
0 COSMOS 2251 DEB
1 34122U 93036KT  13073.23832289  .00001799  00000-0  55889-3 0  9998
2 34122 074.0493 161.1889 0123490 144.3218 250.5941 14.37445593213981
0 COSMOS 2251 DEB
1 34122U 93036KT  13076.73954497  .00001762  00000-0  54761-3 0  9990
2 34122 074.0491 154.7498 0123273 136.9945 008.8439 14.37464331214489
0 COSMOS 2251 DEB
1 34122U 93036KT  13079.29910983  .00001756  00000-0  54581-3 0  9999
2 34122 074.0490 150.0430 0123072 131.6447 294.3173 14.37474006214846
0 COSMOS 2251 DEB
1 34122U 93036KT  13081.68057347  .00001299  00000-0  40615-3 0  9996
2 34122 074.0488 145.6625 0122735 126.6899 018.1765 14.37481497215188
0 COSMOS 2251 DEB
1 34122U 93036KT  13084.16490469  .00001286  00000-0  40208-3 0  9992
2 34122 074.0469 141.0922 0122777 121.3579 274.5879 14.37485216215547
0 COSMOS 2251 DEB
1 34122U 93036KT  13086.18702103  .00001235  00000-0  38630-3 0  9997
2 34122 074.0470 137.3724 0122615 117.0899 298.9966 14.37490212215836
0 COSMOS 2251 DEB
1 34122U 93036KT  13088.20629244  .00001302  00000-0  40700-3 0  9992
2 34122 074.0469 133.6582 0122536 112.8270 308.7249 14.37494551216120
0 COSMOS 2251 DEB
1 34122U 93036KT  13090.51934010  .00001807  00000-0  56145-3 0  9999
2 34122 074.0468 129.4036 0122516 107.9624 038.7821 14.37500254216463
0 COSMOS 2251 DEB
1 34122U 93036KT  13092.60675064  .00002259  00000-0  69984-3 0  9999
2 34122 074.0466 125.5639 0122444 103.5557 041.2225 14.37507716216753
0 COSMOS 2251 DEB
1 34122U 93036KT  13095.16613214  .00002293  00000-0  70997-3 0  9996
2 34122 074.0464 120.8559 0122465 098.1624 326.1945 14.37516561217121
0 COSMOS 2251 DEB
1 34122U 93036KT  13097.47965463  .00002643  00000-0  81705-3 0  9996
2 34122 074.0467 116.6002 0122435 093.2704 058.9236 14.37526464217465
0 COSMOS 2251 DEB
1 34122U 93036KT  13099.49931213  .00002922  00000-0  90204-3 0  9990
2 34122 074.0463 112.8860 0122414 089.0731 070.8759 14.37536786217754
0 COSMOS 2251 DEB
1 34122U 93036KT  13101.51434809  .00003054  00000-0  94219-3 0  9993
2 34122 074.0475 109.1794 0122434 084.8213 059.0458 14.37549421218039
0 COSMOS 2251 DEB
1 34122U 93036KT  13104.06826209  .00002908  00000-0  89718-3 0  9990
2 34122 074.0474 104.4806 0122446 079.4396 316.1180 14.37566451218407
0 COSMOS 2251 DEB
1 34122U 93036KT  13106.45521683  .00002204  00000-0  68209-3 0  9994
2 34122 074.0475 100.0893 0122513 074.3799 069.2830 14.37573326218746
0 COSMOS 2251 DEB
1 34122U 93036KT  13109.00917713  .00001571  00000-0  48838-3 0  9993
2 34122 074.0476 095.3909 0122605 069.0431 326.7455 14.37582842219116
0 COSMOS 2251 DEB
1 34122U 93036KT  13115.96795322  .00002468  00000-0  76191-3 0  9994
2 34122 074.0487 082.5867 0122843 054.4489 340.8002 14.37605974220113
0 COSMOS 2251 DEB
1 34122U 93036KT  13118.35489356  .00002734  00000-0  84265-3 0  9994
2 34122 074.0486 078.1954 0122958 049.4531 094.1930 14.37616755220454
0 COSMOS 2251 DEB
1 34122U 93036KT  13120.83861411  .00003559  00000-0  10939-2 0  9998
2 34122 074.0492 073.6277 0122938 044.2665 348.5614 14.37634280220816
0 COSMOS 2251 DEB
1 34122U 93036KT  13125.31352603  .00003432  00000-0  10544-2 0  9996
2 34122 074.0499 065.3951 0122999 034.9295 108.7042 14.37672558221454
0 COSMOS 2251 DEB
1 34122U 93036KT  13127.33161363  .00003120  00000-0  95909-3 0  9994
2 34122 074.0503 061.6821 0123070 030.7447 113.5800 14.37686316221744
0 COSMOS 2251 DEB
1 34122U 93036KT  13129.81541367  .00002232  00000-0  68826-3 0  9996
2 34122 074.0509 057.1127 0123125 025.5812 008.9692 14.37704061222103
0 COSMOS 2251 DEB
1 34122U 93036KT  13131.83334324  .00002451  00000-0  75461-3 0  9990
2 34122 074.0508 053.4001 0123171 021.3781 013.2591 14.37714905222398
0 COSMOS 2251 DEB
1 34122U 93036KT  13133.85100916  .00003162  00000-0  97080-3 0  9993
2 34122 074.0502 049.6868 0123243 017.1874 016.2602 14.37725766222681
0 COSMOS 2251 DEB
1 34122U 93036KT  13136.16387260  .00002701  00000-0  83024-3 0  9990
2 34122 074.0504 045.4308 0123265 012.4049 107.2249 14.37741941223011
0 COSMOS 2251 DEB
1 34122U 93036KT  13138.18787130  .00003363  00000-0  10314-2 0  9990
2 34122 074.0509 041.7064 0123303 008.2124 143.1988 14.37754900223315
0 COSMOS 2251 DEB
1 34122U 93036KT  13140.20429361  .00002558  00000-0  78632-3 0  9998
2 34122 074.0511 037.9969 0123291 004.0087 140.0955 14.37772991223597
0 COSMOS 2251 DEB
1 34122U 93036KT  13142.22230421  .00002661  00000-0  81760-3 0  9990
2 34122 074.0515 034.2846 0123279 359.8431 145.2769 14.37783133223887
0 COSMOS 2251 DEB
1 34122U 93036KT  13144.78071638  .00002381  00000-0  73235-3 0  9993
2 34122 074.0503 029.5754 0123297 354.5217 067.7190 14.37798951224255
0 COSMOS 2251 DEB
1 34122U 93036KT  13147.16230832  .00001403  00000-0  43486-3 0  9990
2 34122 074.0499 025.1916 0123343 349.5828 155.0349 14.37811794224590
0 COSMOS 2251 DEB
1 34122U 93036KT  13149.18035633  .00001351  00000-0  41909-3 0  9996
2 34122 074.0503 021.4776 0123313 345.4092 160.6823 14.37817133224888
0 COSMOS 2251 DEB
1 34122U 93036KT  13151.66347047  .00001339  00000-0  41560-3 0  9996
2 34122 074.0506 016.9079 0123315 340.2484 053.6426 14.37824859225240
0 COSMOS 2251 DEB
1 34122U 93036KT  13153.68110024  .00001122  00000-0  34961-3 0  9990
2 34122 074.0492 013.1927 0123322 336.0668 057.2338 14.37834200225535
0 COSMOS 2251 DEB
1 34122U 93036KT  13156.06827006  .00000665  00000-0  21087-3 0  9996
2 34122 074.0490 008.7990 0123321 331.1014 173.7093 14.37840004225871
0 COSMOS 2251 DEB
1 34122U 93036KT  13158.62504437  .00000698  00000-0  22087-3 0  9997
2 34122 074.0491 004.0928 0123337 325.7784 088.1546 14.37848701226248
0 COSMOS 2251 DEB
1 34122U 93036KT  13160.64475941  .00000687  00000-0  21754-3 0  9997
2 34122 074.0492 000.3751 0123312 321.5678 102.7210 14.37852870226536
0 COSMOS 2251 DEB
1 34122U 93036KT  13163.02598839  .00000701  00000-0  22157-3 0  9999
2 34122 074.0494 355.9924 0123291 316.5917 188.6264 14.37856919226872
0 COSMOS 2251 DEB
1 34122U 93036KT  13165.04389458  .00000711  00000-0  22472-3 0  9999
2 34122 074.0493 352.2784 0123290 312.3811 193.8941 14.37860335227161
0 COSMOS 2251 DEB
1 34122U 93036KT  13167.60246928  .00000795  00000-0  25028-3 0  9999
2 34122 074.0492 347.5689 0123336 307.0282 117.8707 14.37865591227531
0 COSMOS 2251 DEB
1 34122U 93036KT  13172.00163434  .00001219  00000-0  37878-3 0  9997
2 34122 074.0496 339.4712 0123430 297.8388 209.4104 14.37878049228161
0 COSMOS 2251 DEB
1 34122U 93036KT  13178.89170595  .00001011  00000-0  31541-3 0  9997
2 34122 074.0498 326.7893 0123654 283.4579 235.1003 14.37895725229168
0 COSMOS 2251 DEB
1 34122U 93036KT  13180.90702153  .00000833  00000-0  26148-3 0  9991
2 34122 074.0501 323.0798 0123699 279.2748 227.2214 14.37902148229442
0 COSMOS 2251 DEB
1 34122U 93036KT  13183.46495691  .00000918  00000-0  28701-3 0  9992
2 34122 074.0504 318.3715 0123789 273.9509 148.2503 14.37908011229816
0 COSMOS 2251 DEB
1 34122U 93036KT  13185.84668522  .00001000  00000-0  31182-3 0  9991
2 34122 074.0504 313.9877 0123921 268.9932 237.1950 14.37914407230157
0 COSMOS 2251 DEB
1 34122U 93036KT  13187.86449770  .00001454  00000-0  44928-3 0  9992
2 34122 074.0502 310.2739 0124037 264.7991 242.3820 14.37921648230441
0 COSMOS 2251 DEB
1 34122U 93036KT  13190.35242670  .00001446  00000-0  44652-3 0  9995
2 34122 074.0498 305.6948 0124169 259.6390 161.1850 14.37929105230804
0 COSMOS 2251 DEB
1 34122U 93036KT  13192.36897367  .00001081  00000-0  33594-3 0  9995
2 34122 074.0496 301.9830 0124211 255.4651 159.9101 14.37940281231097
0 COSMOS 2251 DEB
1 34122U 93036KT  13194.38792970  .00001123  00000-0  34872-3 0  9990
2 34122 074.0495 298.2667 0124243 251.2903 171.1702 14.37946598231383
0 COSMOS 2251 DEB
1 34122U 93036KT  13196.76960836  .00001047  00000-0  32552-3 0  9990
2 34122 074.0497 293.8827 0124338 246.3680 260.1647 14.37956395231727
0 COSMOS 2251 DEB
1 34122U 93036KT  13198.78741106  .00001119  00000-0  34721-3 0  9991
2 34122 074.0495 290.1686 0124400 242.2010 265.5756 14.37962212232018
0 COSMOS 2251 DEB
1 34122U 93036KT  13201.27414955  .00001299  00000-0  40154-3 0  9995
2 34122 074.0492 285.5915 0124466 237.0767 178.5379 14.37971161232377
0 COSMOS 2251 DEB
1 34122U 93036KT  13203.72674587  .00001106  00000-0  34302-3 0  9991
2 34122 074.0490 281.0768 0124517 232.0189 274.8342 14.37976846232726
0 COSMOS 2251 DEB
1 34122U 93036KT  13206.28462066  .00001084  00000-0  33647-3 0  9998
2 34122 074.0488 276.3682 0124511 226.7329 196.1918 14.37982240233096
0 COSMOS 2251 DEB
1 34122U 93036KT  13208.30356583  .00000887  00000-0  27685-3 0  9994
2 34122 074.0488 272.6515 0124479 222.5636 207.7065 14.37987686233381
0 COSMOS 2251 DEB
1 34122U 93036KT  13210.68380185  .00000869  00000-0  27140-3 0  9999
2 34122 074.0486 268.2702 0124464 217.6552 289.5644 14.37992039233721
0 COSMOS 2251 DEB
1 34122U 93036KT  13213.16660464  .00000934  00000-0  29091-3 0  9996
2 34122 074.0479 263.6996 0124427 212.5284 182.4274 14.37997711234084
0 COSMOS 2251 DEB
1 34122U 93036KT  13215.18827332  .00000904  00000-0  28192-3 0  9997
2 34122 074.0474 259.9777 0124397 208.3524 208.1444 14.38001751234378
0 COSMOS 2251 DEB
1 34122U 93036KT  13219.51991647  .00000760  00000-0  23839-3 0  9992
2 34122 074.0469 252.0027 0124238 199.3569 312.2244 14.38010193235002
0 COSMOS 2251 DEB
1 34122U 93036KT  13221.53793640  .00000730  00000-0  22936-3 0  9994
2 34122 074.0467 248.2874 0124169 195.1769 319.1543 14.38013230235290
0 COSMOS 2251 DEB
1 34122U 93036KT  13223.55382241  .00000755  00000-0  23667-3 0  9998
2 34122 074.0467 244.5760 0124071 190.9809 315.0824 14.38015704235579
0 COSMOS 2251 DEB
1 34122U 93036KT  13225.57148405  .00000754  00000-0  23654-3 0  9999
2 34122 074.0465 240.8614 0123983 186.7624 320.2390 14.38018214235860
0 COSMOS 2251 DEB
1 34122U 93036KT  13228.12982377  .00000627  00000-0  19795-3 0  9997
2 34122 074.0465 236.1511 0123851 181.3982 244.4541 14.38024369236231
0 COSMOS 2251 DEB
1 34122U 93036KT  13230.51061928  .00000774  00000-0  24240-3 0  9997
2 34122 074.0467 231.7675 0123770 176.3897 329.6091 14.38028093236575
0 COSMOS 2251 DEB
1 34122U 93036KT  13232.52833309  .00000827  00000-0  25842-3 0  9998
2 34122 074.0471 228.0528 0123670 172.1484 335.1454 14.38031419236864
0 COSMOS 2251 DEB
1 34122U 93036KT  13235.01127757  .00001061  00000-0  32922-3 0  9996
2 34122 074.0475 223.4814 0123619 166.9246 229.1851 14.38036243237229
0 COSMOS 2251 DEB
1 34122U 93036KT  13237.02862109  .00000947  00000-0  29466-3 0  9997
2 34122 074.0482 219.7676 0123567 162.7369 232.8142 14.38040852237510
0 COSMOS 2251 DEB
1 34122U 93036KT  13239.05231226  .00000819  00000-0  25598-3 0  9992
2 34122 074.0477 216.0418 0123519 158.3962 269.4745 14.38042995237802
0 COSMOS 2251 DEB
1 34122U 93036KT  13241.43262586  .00000768  00000-0  24051-3 0  9996
2 34122 074.0480 211.6596 0123508 153.3344 352.3569 14.38048076238141
0 COSMOS 2251 DEB
1 34122U 93036KT  13243.99055579  .00000839  00000-0  26178-3 0  9992
2 34122 074.0483 206.9503 0123486 147.9304 274.7697 14.38052158238515
0 COSMOS 2251 DEB
1 34122U 93036KT  13246.30335619  .00000827  00000-0  25834-3 0  9991
2 34122 074.0487 202.6924 0123483 143.0388 008.1885 14.38055441238858
0 COSMOS 2251 DEB
1 34122U 93036KT  13248.85425713  .00000937  00000-0  29140-3 0  9994
2 34122 074.0487 197.9964 0123512 137.6416 254.2932 14.38059972239213
0 COSMOS 2251 DEB
1 34122U 93036KT  13250.94764053  .00000928  00000-0  28856-3 0  9993
2 34122 074.0489 194.1428 0123491 133.2221 291.8355 14.38063494239514
0 COSMOS 2251 DEB
1 34122U 93036KT  13253.25968443  .00000839  00000-0  26179-3 0  9996
2 34122 074.0492 189.8864 0123500 128.3382 021.4258 14.38068078239856
0 COSMOS 2251 DEB
1 34122U 93036KT  13255.27191083  .00001054  00000-0  32678-3 0  9999
2 34122 074.0493 186.1821 0123537 124.0796 358.8811 14.38072043240134
0 COSMOS 2251 DEB
1 34122U 93036KT  13257.83480079  .00001165  00000-0  36020-3 0  9997
2 34122 074.0494 181.4641 0123607 118.6584 307.2082 14.38075997240505
0 COSMOS 2251 DEB
1 34122U 93036KT  13259.85205997  .00001152  00000-0  35608-3 0  9992
2 34122 074.0491 177.7505 0123650 114.3985 310.7703 14.38080131240791
0 COSMOS 2251 DEB
1 34122U 93036KT  13262.15845542  .00001025  00000-0  31757-3 0  9995
2 34122 074.0488 173.5045 0123710 109.5229 011.2665 14.38086036241122
0 COSMOS 2251 DEB
1 34122U 93036KT  13264.18136459  .00001143  00000-0  35312-3 0  9992
2 34122 074.0485 169.7804 0123740 105.2688 044.1366 14.38091380241428
0 COSMOS 2251 DEB
1 34122U 93036KT  13266.26619115  .00001125  00000-0  34780-3 0  9996
2 34122 074.0484 165.9422 0123788 100.8718 037.6137 14.38098587241719
0 COSMOS 2251 DEB
1 34122U 93036KT  13268.41824369  .00001355  00000-0  41704-3 0  9993
2 34122 074.0483 161.9802 0123843 096.3447 019.1735 14.38105921242021
0 COSMOS 2251 DEB
1 34122U 93036KT  13270.77320345  .00001522  00000-0  46729-3 0  9998
2 34122 074.0480 157.6446 0123870 091.3826 331.2923 14.38112044242368
0 COSMOS 2251 DEB
1 34122U 93036KT  13273.76465885  .00001396  00000-0  42908-3 0  9993
2 34122 074.0475 152.1372 0123953 085.0716 338.7655 14.38120983242792
0 COSMOS 2251 DEB
1 34122U 93036KT  13276.07062596  .00001815  00000-0  55536-3 0  9999
2 34122 074.0471 147.8915 0123989 080.2323 037.3421 14.38136298243129
0 COSMOS 2251 DEB
1 34122U 93036KT  13281.69425671  .00001602  00000-0  49102-3 0  9996
2 34122 074.0467 137.5366 0124144 068.3965 352.6877 14.38149698243938
0 COSMOS 2251 DEB
1 34122U 93036KT  13283.71362395  .00001727  00000-0  52846-3 0  9991
2 34122 074.0464 133.8181 0124182 064.1372 007.7061 14.38163893244226
0 COSMOS 2251 DEB
1 34122U 93036KT  13286.02433032  .00002181  00000-0  66501-3 0  9993
2 34122 074.0469 129.5646 0124146 059.3228 091.1424 14.38169217244568
0 COSMOS 2251 DEB
1 34122U 93036KT  13288.24460796  .00003155  00000-0  95806-3 0  9998
2 34122 074.0464 125.4756 0124199 054.6300 066.5210 14.38180317244874
0 COSMOS 2251 DEB
1 34122U 93036KT  13290.52267253  .00002570  00000-0  78179-3 0  9999
2 34122 074.0461 121.2802 0124286 049.8419 341.1635 14.38193779245208
0 COSMOS 2251 DEB
1 34122U 93036KT  13292.98093987  .00002801  00000-0  85112-3 0  9994
2 34122 074.0466 116.7527 0124332 044.6664 108.9296 14.38201715245564
0 COSMOS 2251 DEB
1 34122U 93036KT  13295.46077869  .00002944  00000-0  89366-3 0  9994
2 34122 074.0472 112.1855 0124417 039.4552 348.4533 14.38214440245910
0 COSMOS 2251 DEB
1 34122U 93036KT  13297.47852391  .00003243  00000-0  98328-3 0  9999
2 34122 074.0472 108.4694 0124411 035.1919 355.5555 14.38223981246209
0 COSMOS 2251 DEB
1 34122U 93036KT  13299.57258919  .00002298  00000-0  69926-3 0  9999
2 34122 074.0472 104.6129 0124536 030.7884 037.8701 14.38232158246502
0 COSMOS 2251 DEB
1 34122U 93036KT  13301.79747921  .00002718  00000-0  82512-3 0  9996
2 34122 074.0471 100.5150 0124617 026.1039 037.6186 14.38243578246829
0 COSMOS 2251 DEB
1 34122U 93036KT  13303.82582471  .00003645  00000-0  11030-2 0  9995
2 34122 074.0474 096.7786 0124748 021.8492 099.7880 14.38253655247113
0 COSMOS 2251 DEB
1 34122U 93036KT  13305.84852497  .00002546  00000-0  77285-3 0  9991
2 34122 074.0483 093.0531 0124827 017.6006 132.8102 14.38265516247411
0 COSMOS 2251 DEB
1 34122U 93036KT  13307.86616772  .00002814  00000-0  85326-3 0  9992
2 34122 074.0488 089.3372 0124861 013.3717 139.7209 14.38273489247701
0 COSMOS 2251 DEB
1 34122U 93036KT  13310.08487419  .00002854  00000-0  86483-3 0  9993
2 34122 074.0489 085.2510 0124944 008.6997 107.7923 14.38284860248018
0 COSMOS 2251 DEB
1 34122U 93036KT  13312.71789647  .00002743  00000-0  83128-3 0  9993
2 34122 074.0486 080.4012 0125049 003.1714 061.2205 14.38299895248395
0 COSMOS 2251 DEB
1 34122U 93036KT  13315.35184257  .00002137  00000-0  64921-3 0  9999
2 34122 074.0490 075.5495 0125188 357.6242 019.6015 14.38319147248778
0 COSMOS 2251 DEB
1 34122U 93036KT  13318.07058797  .00002817  00000-0  85265-3 0  9999
2 34122 074.0500 070.5420 0125352 351.9306 057.2100 14.38332305249162
0 COSMOS 2251 DEB
1 34122U 93036KT  13320.08856524  .00004092  00000-0  12338-2 0  9994
2 34122 074.0503 066.8254 0125451 347.7187 066.3316 14.38349796249452
0 COSMOS 2251 DEB
1 34122U 93036KT  13322.10749929  .00003648  00000-0  11003-2 0  9993
2 34122 074.0505 063.1077 0125514 343.4940 080.5513 14.38364659249741
0 COSMOS 2251 DEB
1 34122U 93036KT  13324.70002216  .00003888  00000-0  11716-2 0  9999
2 34122 074.0500 058.3322 0125645 338.0674 185.0209 14.38381834250125
0 COSMOS 2251 DEB
1 34122U 93036KT  13326.71516760  .00003783  00000-0  11398-2 0  9996
2 34122 074.0496 054.6189 0125815 333.8484 179.8523 14.38391308250419
0 COSMOS 2251 DEB
1 34122U 93036KT  13329.19327278  .00003447  00000-0  10390-2 0  9993
2 34122 074.0499 050.0536 0125925 328.6715 052.0740 14.38404177250769
0 COSMOS 2251 DEB
1 34122U 93036KT  13331.21217972  .00002253  00000-0  68195-3 0  9999
2 34122 074.0503 046.3346 0126104 324.4487 066.5315 14.38412511251054
0 COSMOS 2251 DEB
1 34122U 93036KT  13333.38666925  .00002473  00000-0  74753-3 0  9996
2 34122 074.0502 042.3291 0126227 319.9310 166.6638 14.38418968251364
0 COSMOS 2251 DEB
1 34122U 93036KT  13335.88827698  .00002749  00000-0  82919-3 0  9998
2 34122 074.0487 037.7182 0126488 314.7664 160.7550 14.38431410251722
0 COSMOS 2251 DEB
1 34122U 93036KT  13338.60165927  .00002478  00000-0  74816-3 0  9997
2 34122 074.0491 032.7212 0126545 309.1005 171.6677 14.38446305252111
0 COSMOS 2251 DEB
1 34122U 93036KT  13341.16314402  .00003431  00000-0  10318-2 0  9992
2 34122 074.0495 028.0015 0126683 303.7974 116.0889 14.38459450252485
0 COSMOS 2251 DEB
1 34122U 93036KT  13343.81721418  .00004392  00000-0  13174-2 0  9995
2 34122 074.0501 023.1127 0126772 298.2964 180.1261 14.38480970252868
0 COSMOS 2251 DEB
1 34122U 93036KT  13346.09500819  .00004174  00000-0  12521-2 0  9991
2 34122 074.0499 018.9162 0126823 293.5964 095.7703 14.38499238253196
0 COSMOS 2251 DEB
1 34122U 93036KT  13348.18797156  .00005576  00000-0  16684-2 0  9996
2 34122 074.0493 015.0596 0126878 289.2770 134.4111 14.38518720253491
0 COSMOS 2251 DEB
1 34122U 93036KT  13350.77119450  .00004623  00000-0  13841-2 0  9993
2 34122 074.0491 010.2995 0126918 283.9746 192.1056 14.38545611253867
0 COSMOS 2251 DEB
1 34122U 93036KT  13353.12577218  .00004309  00000-0  12904-2 0  9995
2 34122 074.0492 005.9598 0126886 279.1170 145.9380 14.38566991254209
0 COSMOS 2251 DEB
1 34122U 93036KT  13355.43206625  .00003640  00000-0  10909-2 0  9992
2 34122 074.0497 001.7094 0126874 274.3770 209.8667 14.38584909254532
0 COSMOS 2251 DEB
1 34122U 93036KT  13357.45488297  .00003743  00000-0  11215-2 0  9998
2 34122 074.0500 357.9818 0126813 270.2150 245.8299 14.38596524254837
0 COSMOS 2251 DEB
1 34122U 93036KT  13359.80113589  .00002879  00000-0  86468-3 0  9990
2 34122 074.0494 353.6573 0126741 265.4099 156.9140 14.38611940255162
0 COSMOS 2251 DEB
1 34122U 93036KT  13362.10864951  .00002278  00000-0  68588-3 0  9999
2 34122 074.0492 349.4042 0126616 260.6700 227.4960 14.38623507255493
0 COSMOS 2251 DEB
1 34122U 93036KT  13364.12579889  .00002351  00000-0  70772-3 0  9996
2 34122 074.0495 345.6861 0126504 256.5177 234.3711 14.38632048255784
0 COSMOS 2251 DEB
1 34122U 93036KT  14001.35542536  .00002688  00000-0  80759-3 0  9998
2 34122 074.0502 341.5767 0126349 251.9123 261.7670 14.38645637256114
0 COSMOS 2251 DEB
1 34122U 93036KT  14003.37207439  .00003665  00000-0  10979-2 0  9994
2 34122 074.0503 337.8601 0126175 247.7323 266.2524 14.38659964256400
0 COSMOS 2251 DEB
1 34122U 93036KT  14005.38376093  .00003868  00000-0  11578-2 0  9991
2 34122 074.0505 334.1540 0126087 243.5450 245.1617 14.38672827256683
0 COSMOS 2251 DEB
1 34122U 93036KT  14007.60645927  .00008377  00000-0  24961-2 0  9993
2 34122 074.0502 330.0578 0125946 238.9042 237.0645 14.38680465257009
0 COSMOS 2251 DEB
1 34122U 93036KT  14008.58100844  .00002970  00000-0  89117-3 0  9993
2 34122 074.0500 328.2616 0125847 236.8951 244.4993 14.38693678257148
0 COSMOS 2251 DEB
1 34122U 93036KT  14010.85799984  .00004708  00000-0  14075-2 0  9996
2 34122 074.0501 324.0632 0125525 232.1435 157.7573 14.38707104257476
0 COSMOS 2251 DEB
1 34122U 93036KT  14012.54485073  .00003161  00000-0  94812-3 0  9995
2 34122 074.0505 320.9540 0125366 228.6263 254.5640 14.38715327257719
0 COSMOS 2251 DEB
1 34122U 93036KT  14014.55965517  .00002374  00000-0  71435-3 0  9995
2 34122 074.0510 317.2410 0125169 224.4126 250.0397 14.38726946258005
0 COSMOS 2251 DEB
1 34122U 93036KT  14016.84395745  .00002282  00000-0  68715-3 0  9994
2 34122 074.0508 313.0314 0124959 219.6198 201.4528 14.38735456258338
0 COSMOS 2251 DEB
1 34122U 93036KT  14018.85949753  .00001527  00000-0  46260-3 0  9993
2 34122 074.0503 309.3169 0124799 215.3847 200.8845 14.38743597258627
0 COSMOS 2251 DEB
1 34122U 93036KT  14020.87722392  .00001490  00000-0  45179-3 0  9993
2 34122 074.0497 305.5980 0124647 211.1278 211.7088 14.38749452258910
0 COSMOS 2251 DEB
1 34122U 93036KT  14023.18351315  .00001677  00000-0  50735-3 0  9994
2 34122 074.0494 301.3451 0124357 206.2424 277.2319 14.38761155259245
0 COSMOS 2251 DEB
1 34122U 93036KT  14025.20562134  .00001849  00000-0  55823-3 0  9996
2 34122 074.0500 297.6196 0124389 202.0375 310.8228 14.38767356259545
0 COSMOS 2251 DEB
1 34122U 93036KT  14027.83156617  .00002125  00000-0  64053-3 0  9995
2 34122 074.0499 292.7797 0124140 196.4812 232.1800 14.38776859259913
0 COSMOS 2251 DEB
1 34122U 93036KT  14029.84887678  .00002470  00000-0  74283-3 0  9995
2 34122 074.0491 289.0618 0124035 192.2272 241.1045 14.38787243260207
0 COSMOS 2251 DEB
1 34122U 93036KT  14032.15386921  .00002643  00000-0  79424-3 0  9992
2 34122 074.0484 284.8132 0123895 187.3654 300.2035 14.38794538260532
0 COSMOS 2251 DEB
1 34122U 93036KT  14034.37783713  .00003109  00000-0  93265-3 0  9995
2 34122 074.0483 280.7134 0123796 182.6787 299.6850 14.38804587260850
0 COSMOS 2251 DEB
1 34122U 93036KT  14036.72930461  .00004749  00000-0  14198-2 0  9998
2 34122 074.0485 276.3784 0123704 177.7013 239.6817 14.38818147261192
0 COSMOS 2251 DEB
1 34122U 93036KT  14038.74738512  .00003759  00000-0  11255-2 0  9996
2 34122 074.0484 272.6583 0123618 173.4259 252.9190 14.38827993261489
0 COSMOS 2251 DEB
1 34122U 93036KT  14041.05813987  .00003798  00000-0  11369-2 0  9993
2 34122 074.0477 268.3988 0123511 168.5669 342.2234 14.38846775261812
0 COSMOS 2251 DEB
1 34122U 93036KT  14043.68354519  .00004529  00000-0  13535-2 0  9995
2 34122 074.0472 263.5596 0123423 163.0560 261.5245 14.38859849262194
0 COSMOS 2251 DEB
1 34122U 93036KT  14046.06522115  .00003672  00000-0  10992-2 0  9991
2 34122 074.0469 259.1680 0123295 158.0053 358.5031 14.38874006262544
0 COSMOS 2251 DEB
1 34122U 93036KT  14048.54349520  .00002705  00000-0  81180-3 0  9997
2 34122 074.0471 254.5983 0123215 152.7807 235.9309 14.38888308262896
0 COSMOS 2251 DEB
1 34122U 93036KT  14050.63652782  .00002831  00000-0  84880-3 0  9997
2 34122 074.0474 250.7389 0123140 148.3633 277.9216 14.38907085263193
0 COSMOS 2251 DEB
1 34122U 93036KT  14052.65353833  .00003939  00000-0  11775-2 0  9998
2 34122 074.0476 247.0209 0123107 144.1439 286.1985 14.38919700263480
0 COSMOS 2251 DEB
1 34122U 93036KT  14054.95808447  .00005025  00000-0  14993-2 0  9992
2 34122 074.0470 242.7721 0122906 139.2758 344.1314 14.38939948263814
0 COSMOS 2251 DEB
1 34122U 93036KT  14056.97445814  .00005095  00000-0  15198-2 0  9996
2 34122 074.0465 239.0540 0122777 135.0652 349.3827 14.38959301264103
0 COSMOS 2251 DEB
1 34122U 93036KT  14059.19750123  .00007041  00000-0  20956-2 0  9996
2 34122 074.0467 234.9543 0122654 130.3395 345.4868 14.38986922264424
0 COSMOS 2251 DEB
1 34122U 93036KT  14061.55110171  .00005659  00000-0  16853-2 0  9996
2 34122 074.0479 230.6138 0122495 125.3913 298.1557 14.39022236264769
0 COSMOS 2251 DEB
1 34122U 93036KT  14063.85569731  .00004665  00000-0  13906-2 0  9993
2 34122 074.0482 226.3641 0122277 120.5334 357.1973 14.39047966265098
0 COSMOS 2251 DEB
1 34122U 93036KT  14066.14915750  .00004581  00000-0  13655-2 0  9992
2 34122 074.0482 222.1352 0122127 115.6735 358.7950 14.39071584265427
0 COSMOS 2251 DEB
1 34122U 93036KT  14068.50245272  .00004514  00000-0  13450-2 0  9998
2 34122 074.0478 217.7952 0122030 110.7088 310.5446 14.39092061265764
0 COSMOS 2251 DEB
1 34122U 93036KT  14070.80783615  .00003470  00000-0  10360-2 0  9999
2 34122 074.0479 213.5435 0121803 105.8407 014.2451 14.39112146266090
0 COSMOS 2251 DEB
1 34122U 93036KT  14072.82974925  .00003935  00000-0  11732-2 0  9999
2 34122 074.0487 209.8145 0121775 101.5564 049.4935 14.39128669266386
0 COSMOS 2251 DEB
1 34122U 93036KT  14075.45423830  .00003299  00000-0  98487-3 0  9991
2 34122 074.0495 204.9743 0121640 095.9999 326.7604 14.39145664266764
0 COSMOS 2251 DEB
1 34122U 93036KT  14077.47182622  .00002966  00000-0  88635-3 0  9990
2 34122 074.0492 201.2527 0121475 091.7024 339.8471 14.39158964267057
0 COSMOS 2251 DEB
1 34122U 93036KT  14079.77542568  .00003756  00000-0  11198-2 0  9991
2 34122 074.0490 197.0051 0121424 086.8405 034.8371 14.39173353267387
0 COSMOS 2251 DEB
1 34122U 93036KT  14081.80022728  .00004266  00000-0  12702-2 0  9998
2 34122 074.0488 193.2715 0121340 082.5214 085.5324 14.39191422267688
0 COSMOS 2251 DEB
1 34122U 93036KT  14084.42353902  .00003999  00000-0  11910-2 0  9992
2 34122 074.0494 188.4331 0121310 076.9623 357.3132 14.39210659268056
0 COSMOS 2251 DEB
1 34122U 93036KT  14086.73256625  .00004004  00000-0  11920-2 0  9991
2 34122 074.0497 184.1736 0121285 072.0739 080.8950 14.39230135268391
0 COSMOS 2251 DEB
1 34122U 93036KT  14088.95015225  .00002951  00000-0  88061-3 0  9996
2 34122 074.0495 180.0835 0121225 067.3565 050.8614 14.39248328268704
0 COSMOS 2251 DEB
1 34122U 93036KT  14091.30133997  .00003662  00000-0  10903-2 0  9995
2 34122 074.0488 175.7471 0121177 062.3740 353.1783 14.39262057269048
0 COSMOS 2251 DEB
1 34122U 93036KT  14093.68494267  .00003462  00000-0  10311-2 0  9999
2 34122 074.0481 171.3504 0121210 057.3280 103.5828 14.39276491269393
0 COSMOS 2251 DEB
1 34122U 93036KT  14096.16164532  .00002585  00000-0  77169-3 0  9994
2 34122 074.0484 166.7815 0121261 052.0572 336.5216 14.39294696269746
0 COSMOS 2251 DEB
1 34122U 93036KT  14098.17791814  .00002318  00000-0  69262-3 0  9995
2 34122 074.0483 163.0615 0121254 047.7672 343.8688 14.39306627270033
0 COSMOS 2251 DEB
1 34122U 93036KT  14100.26971831  .00002360  00000-0  70485-3 0  9994
2 34122 074.0480 159.2031 0121317 043.3807 022.5865 14.39315477270335
0 COSMOS 2251 DEB
1 34122U 93036KT  14102.21655216  .00002676  00000-0  79784-3 0  9998
2 34122 074.0473 155.6116 0121312 039.2639 030.2409 14.39337049270613
0 COSMOS 2251 DEB
1 34122U 93036KT  14103.55308824  .00002620  00000-0  78141-3 0  9991
2 34122 074.0470 153.1465 0121371 036.4627 115.6493 14.39336840270801
0 COSMOS 2251 DEB
1 34122U 93036KT  14105.56856235  .00002331  00000-0  69580-3 0  9994
2 34122 074.0463 149.4274 0121470 032.2339 119.1103 14.39348892271092
0 COSMOS 2251 DEB
1 34122U 93036KT  14107.58468852  .00003727  00000-0  11070-2 0  9992
2 34122 074.0467 145.7073 0121506 027.9408 126.0953 14.39361768271390
0 COSMOS 2251 DEB
1 34122U 93036KT  14109.80114881  .00006294  00000-0  18622-2 0  9991
2 34122 074.0469 141.6184 0121522 023.2908 091.2197 14.39379340271705
0 COSMOS 2251 DEB
1 34122U 93036KT  14112.07858058  .00005201  00000-0  15398-2 0  9999
2 34122 074.0470 137.4162 0121556 018.5051 012.4693 14.39404677272034
0 COSMOS 2251 DEB
1 34122U 93036KT  14114.09859100  .00004028  00000-0  11940-2 0  9997
2 34122 074.0466 133.6889 0121608 014.2806 039.9399 14.39422997272326
0 COSMOS 2251 DEB
1 34122U 93036KT  14116.11581251  .00003500  00000-0  10384-2 0  9996
2 34122 074.0460 129.9663 0121676 010.0631 053.0853 14.39438700272616
0 COSMOS 2251 DEB
1 34122U 93036KT  14118.13177642  .00002835  00000-0  84246-3 0  9994
2 34122 074.0458 126.2458 0121691 005.8289 059.8479 14.39455109272905
0 COSMOS 2251 DEB
1 34122U 93036KT  14120.71268640  .00003564  00000-0  10564-2 0  9991
2 34122 074.0464 121.4825 0121729 000.4351 114.2875 14.39473002273279
0 COSMOS 2251 DEB
1 34122U 93036KT  14123.06579481  .00002841  00000-0  84349-3 0  9990
2 34122 074.0471 117.1399 0121802 355.5704 068.3405 14.39486283273614
0 COSMOS 2251 DEB
1 34122U 93036KT  14125.08184552  .00003255  00000-0  96495-3 0  9990
2 34122 074.0473 113.4194 0121839 351.3663 075.8531 14.39501885273907
0 COSMOS 2251 DEB
1 34122U 93036KT  14127.38523083  .00004139  00000-0  12241-2 0  9999
2 34122 074.0471 109.1682 0121851 346.5681 132.5265 14.39518546274233
0 COSMOS 2251 DEB
1 34122U 93036KT  14129.40101913  .00004637  00000-0  13695-2 0  9995
2 34122 074.0468 105.4476 0121842 342.3848 138.9191 14.39539613274526
0 COSMOS 2251 DEB
1 34122U 93036KT  14131.62373041  .00004924  00000-0  14530-2 0  9993
2 34122 074.0471 101.3453 0121821 337.7767 137.8109 14.39561818274849
0 COSMOS 2251 DEB
1 34122U 93036KT  14133.70988178  .00005220  00000-0  15394-2 0  9996
2 34122 074.0482 097.4945 0121756 333.4648 149.1558 14.39581354275145
0 COSMOS 2251 DEB
1 34122U 93036KT  14135.84529381  .00005413  00000-0  15951-2 0  9993
2 34122 074.0488 093.5533 0121758 328.9948 055.9967 14.39604060275457
0 COSMOS 2251 DEB
1 34122U 93036KT  14137.86141322  .00004994  00000-0  14722-2 0  9990
2 34122 074.0486 089.8318 0121690 324.8127 064.7164 14.39621911275746
0 COSMOS 2251 DEB
1 34122U 93036KT  14139.95268181  .00003002  00000-0  88827-3 0  9992
2 34122 074.0483 085.9717 0121642 320.4852 103.0210 14.39638946276046
0 COSMOS 2251 DEB
1 34122U 93036KT  14142.25641925  .00002694  00000-0  79799-3 0  9994
2 34122 074.0484 081.7191 0121586 315.7117 162.6057 14.39651757276376
0 COSMOS 2251 DEB
1 34122U 93036KT  14144.27236946  .00002133  00000-0  63377-3 0  9994
2 34122 074.0493 077.9969 0121489 311.5477 170.7549 14.39665075276667
0 COSMOS 2251 DEB
1 34122U 93036KT  14146.49556950  .00001782  00000-0  53086-3 0  9995
2 34122 074.0498 073.8933 0121445 306.9349 173.1376 14.39674887276987
0 COSMOS 2251 DEB
1 34122U 93036KT  14148.50935339  .00001496  00000-0  44701-3 0  9997
2 34122 074.0498 070.1765 0121386 302.7604 170.2176 14.39681265277279
0 COSMOS 2251 DEB
1 34122U 93036KT  14150.86231293  .00000988  00000-0  29829-3 0  9996
2 34122 074.0488 065.8306 0121245 297.8915 125.2335 14.39690771277610
0 COSMOS 2251 DEB
1 34122U 93036KT  14159.74422349 -.00006016  00000-0 -17539-2 0  9990
2 34122 074.0484 049.4378 0121737 279.5722 079.2225 14.39701310278891
0 COSMOS 2251 DEB
1 34122U 93036KT  14162.74325156  .00001104  00000-0  33209-3 0  9996
2 34122 074.0484 043.8971 0120712 273.0945 143.3627 14.39726230279322
0 COSMOS 2251 DEB
1 34122U 93036KT  14166.36754753  .00001264  00000-0  37900-3 0  9996
2 34122 074.0484 037.2054 0120577 265.4906 208.2021 14.39736650279845
0 COSMOS 2251 DEB
1 34122U 93036KT  14171.02500417  .00000906  00000-0  27414-3 0  9992
2 34122 074.0482 028.6067 0120434 255.6864 228.1634 14.39745803280514
0 COSMOS 2251 DEB
1 34122U 93036KT  14173.03986238  .00000909  00000-0  27500-3 0  9993
2 34122 074.0478 024.8865 0120403 251.4546 231.3684 14.39749633280808
0 COSMOS 2251 DEB
1 34122U 93036KT  14175.59876764  .00000801  00000-0  24342-3 0  9990
2 34122 074.0477 020.1616 0120397 246.1143 174.4254 14.39753862281176
0 COSMOS 2251 DEB
1 34122U 93036KT  14177.61294446  .00000779  00000-0  23687-3 0  9991
2 34122 074.0481 016.4424 0120398 241.9111 174.1295 14.39756343281466
0 COSMOS 2251 DEB
1 34122U 93036KT  14179.62933157  .00000829  00000-0  25147-3 0  9992
2 34122 074.0484 012.7193 0120399 237.6899 185.3246 14.39760556281750
0 COSMOS 2251 DEB
1 34122U 93036KT  14181.93959218  .00001349  00000-0  40353-3 0  9999
2 34122 074.0483 008.4537 0120424 232.8548 279.7406 14.39767471282086
0 COSMOS 2251 DEB
1 34122U 93036KT  14183.94924707  .00001734  00000-0  51626-3 0  9990
2 34122 074.0484 004.7435 0120490 228.6374 256.1295 14.39774928282378
0 COSMOS 2251 DEB
1 34122U 93036KT  14186.50757610  .00002649  00000-0  78362-3 0  9994
2 34122 074.0484 000.0196 0120472 223.3325 196.4209 14.39787575282743
0 COSMOS 2251 DEB
1 34122U 93036KT  14188.52189397  .00003616  00000-0  10664-2 0  9994
2 34122 074.0486 356.3026 0120431 219.1181 197.1319 14.39799447283036
0 COSMOS 2251 DEB
1 34122U 93036KT  14190.81688779  .00003969  00000-0  11693-2 0  9991
2 34122 074.0490 352.0645 0120402 214.3540 212.7434 14.39816110283360
0 COSMOS 2251 DEB
1 34122U 93036KT  14192.84354630  .00003548  00000-0  10459-2 0  9994
2 34122 074.0495 348.3231 0120411 210.1322 277.6310 14.39830094283658
0 COSMOS 2251 DEB
1 34122U 93036KT  14195.13406432  .00002362  00000-0  69906-3 0  9992
2 34122 074.0503 344.0940 0120350 205.3721 270.2963 14.39842898283983
0 COSMOS 2251 DEB
1 34122U 93036KT  14197.48627759  .00001759  00000-0  52251-3 0  9993
2 34122 074.0497 339.7501 0120418 200.5336 222.7923 14.39851755284322
0 COSMOS 2251 DEB
1 34122U 93036KT  14199.79011670  .00000987  00000-0  29683-3 0  9993
2 34122 074.0494 335.4959 0120380 195.7621 284.6340 14.39856758284653
0 COSMOS 2251 DEB
1 34122U 93036KT  14201.81291919  .00000825  00000-0  24970-3 0  9991
2 34122 074.0494 331.7584 0120325 191.6218 329.7166 14.39860119284958
0 COSMOS 2251 DEB
1 34122U 93036KT  14204.43430862  .00000792  00000-0  23984-3 0  9991
2 34122 074.0496 326.9182 0120258 186.2008 237.6287 14.39864014285323
0 COSMOS 2251 DEB
1 34122U 93036KT  14206.73821773  .00001123  00000-0  33655-3 0  9996
2 34122 074.0494 322.6645 0120174 181.4248 299.9355 14.39868511285657
0 COSMOS 2251 DEB
1 34122U 93036KT  14208.75899779  .00001226  00000-0  36678-3 0  9993
2 34122 074.0491 318.9335 0120086 177.2359 334.6735 14.39875364285941
0 COSMOS 2251 DEB
1 34122U 93036KT  14211.38223602  .00001296  00000-0  38701-3 0  9998
2 34122 074.0489 314.0898 0119958 171.7909 252.3398 14.39885171286326
0 COSMOS 2251 DEB
1 34122U 93036KT  14213.68609600  .00002246  00000-0  66453-3 0  9990
2 34122 074.0489 309.8358 0119839 167.0186 314.5713 14.39896187286659
0 COSMOS 2251 DEB
1 34122U 93036KT  14215.70721066  .00003026  00000-0  89215-3 0  9994
2 34122 074.0494 306.1053 0119820 162.7828 351.3200 14.39908246286944
0 COSMOS 2251 DEB
1 34122U 93036KT  14218.33040360  .00002181  00000-0  64549-3 0  9991
2 34122 074.0495 301.2613 0119644 157.3386 269.1130 14.39924273287325
0 COSMOS 2251 DEB
1 34122U 93036KT  14220.63401252  .00001526  00000-0  45411-3 0  9997
2 34122 074.0490 297.0079 0119495 152.5484 330.3971 14.39933615287658
0 COSMOS 2251 DEB
1 34122U 93036KT  14222.65474199  .00001196  00000-0  35759-3 0  9998
2 34122 074.0482 293.2765 0119401 148.3313 005.3801 14.39939129287949
0 COSMOS 2251 DEB
1 34122U 93036KT  14225.27763422  .00000698  00000-0  21212-3 0  9994
2 34122 074.0473 288.4306 0119114 142.8417 281.8993 14.39945902288323
0 COSMOS 2251 DEB
1 34122U 93036KT  14227.58125861  .00000658  00000-0  20045-3 0  9998
2 34122 074.0472 284.1764 0118964 138.0033 343.4618 14.39948574288659
0 COSMOS 2251 DEB
1 34122U 93036KT  14229.60188203  .00000795  00000-0  24044-3 0  9997
2 34122 074.0470 280.4450 0118849 133.7595 018.0202 14.39950673288944
0 COSMOS 2251 DEB
1 34122U 93036KT  14231.81946936  .00000935  00000-0  28139-3 0  9993
2 34122 074.0465 276.3497 0118715 129.0837 353.6440 14.39954904289261
0 COSMOS 2251 DEB
1 34122U 93036KT  14234.16888477  .00000852  00000-0  25723-3 0  9993
2 34122 074.0460 272.0106 0118610 124.1289 292.6850 14.39962051289604
0 COSMOS 2251 DEB
1 34122U 93036KT  14236.47434330  .00000933  00000-0  28078-3 0  9990
2 34122 074.0459 267.7526 0118497 119.2481 003.9330 14.39967714289934
0 COSMOS 2251 DEB
1 34122U 93036KT  14241.11626502  .00001496  00000-0  44526-3 0  9992
2 34122 074.0459 259.1789 0118393 109.4401 307.3094 14.39983198290606
0 COSMOS 2251 DEB
1 34122U 93036KT  14243.49671515  .00001467  00000-0  43693-3 0  9991
2 34122 074.0460 254.7825 0118374 104.3930 047.5190 14.39993420290946
0 COSMOS 2251 DEB
1 34122U 93036KT  14246.12040442  .00001254  00000-0  37449-3 0  9999
2 34122 074.0460 249.9363 0118384 098.8406 328.7504 14.40002213291324
0 COSMOS 2251 DEB
1 34122U 93036KT  14248.42941875  .00001649  00000-0  48985-3 0  9999
2 34122 074.0462 245.6712 0118408 093.9582 058.7673 14.40010490291654
0 COSMOS 2251 DEB
1 34122U 93036KT  14250.43845605  .00001888  00000-0  55940-3 0  9991
2 34122 074.0465 241.9601 0118445 089.7170 033.7453 14.40020651291941
0 COSMOS 2251 DEB
1 34122U 93036KT  14253.42588706  .00002895  00000-0  85347-3 0  9992
2 34122 074.0472 236.4436 0118327 083.4802 040.8436 14.40030749292373
0 COSMOS 2251 DEB
1 34122U 93036KT  14256.05557065  .00005197  00000-0  15242-2 0  9992
2 34122 074.0475 231.5866 0118439 077.9264 353.5430 14.40053647292755
0 COSMOS 2251 DEB
1 34122U 93036KT  14257.39127686  .00003896  00000-0  11447-2 0  9999
2 34122 074.0471 229.1192 0118453 075.0904 078.1507 14.40058881292943
0 COSMOS 2251 DEB
1 34122U 93036KT  14259.04269725  .00002680  00000-0  78986-3 0  9996
2 34122 074.0470 226.0693 0118439 071.6159 359.5094 14.40069084293183
0 COSMOS 2251 DEB
1 34122U 93036KT  14261.35088567  .00003226  00000-0  94876-3 0  9999
2 34122 074.0471 221.8050 0118570 066.7435 085.8238 14.40081553293513
0 COSMOS 2251 DEB
1 34122U 93036KT  14263.97369882  .00002954  00000-0  86909-3 0  9996
2 34122 074.0480 216.9600 0118654 061.2057 003.3808 14.40096616293897
0 COSMOS 2251 DEB
1 34122U 93036KT  14266.81473353  .00002536  00000-0  74686-3 0  9996
2 34122 074.0488 211.7122 0118791 055.2224 332.3958 14.40111701294309
0 COSMOS 2251 DEB
1 34122U 93036KT  14266.96185359  .00002619  00000-0  77108-3 0  9992
2 34122 074.0489 211.4405 0118800 054.9157 015.1247 14.40112696294326
0 COSMOS 2251 DEB
1 34122U 93036KT  14270.23634112  .00004097  00000-0  12007-2 0  9991
2 34122 074.0485 205.3924 0118902 048.0442 071.5197 14.40133683294794
0 COSMOS 2251 DEB
1 34122U 93036KT  14272.25869044  .00004444  00000-0  13013-2 0  9993
2 34122 074.0483 201.6575 0118929 043.8175 116.3980 14.40147891295096
0 COSMOS 2251 DEB
1 34122U 93036KT  14274.27218985  .00003888  00000-0  11390-2 0  9996
2 34122 074.0481 197.9382 0118961 039.5809 115.5393 14.40167509295377
0 COSMOS 2251 DEB
1 34122U 93036KT  14276.48711985  .00003078  00000-0  90305-3 0  9994
2 34122 074.0489 193.8465 0119023 034.9478 079.1385 14.40187670295695
0 COSMOS 2251 DEB
1 34122U 93036KT  14278.76343965  .00003017  00000-0  88496-3 0  9997
2 34122 074.0493 189.6413 0119074 030.1862 001.1793 14.40206209296023
0 COSMOS 2251 DEB
1 34122U 93036KT  14280.78229598  .00002289  00000-0  67316-3 0  9995
2 34122 074.0491 185.9118 0119186 025.9625 028.4678 14.40221220296311
0 COSMOS 2251 DEB
1 34122U 93036KT  14283.15619668  .00002276  00000-0  66931-3 0  9998
2 34122 074.0482 181.5264 0119262 020.9949 096.7160 14.40238137296650
0 COSMOS 2251 DEB
1 34122U 93036KT  14285.17747603  .00001554  00000-0  45956-3 0  9995
2 34122 074.0476 177.7911 0119329 016.7654 136.7936 14.40249660296940
0 COSMOS 2251 DEB
1 34122U 93036KT  14287.72828613  .00001011  00000-0  30169-3 0  9997
2 34122 074.0479 173.0783 0119431 011.4500 042.4983 14.40261416297315
0 COSMOS 2251 DEB
1 34122U 93036KT  14290.11069809  .00000873  00000-0  26173-3 0  9993
2 34122 074.0480 168.6765 0119524 006.5008 155.1647 14.40274150297664
0 COSMOS 2251 DEB
1 34122U 93036KT  14292.73171848  .00002846  00000-0  83346-3 0  9997
2 34122 074.0472 163.8335 0119584 000.9918 065.1889 14.40286024298032
0 COSMOS 2251 DEB
1 34122U 93036KT  14295.11209170  .00004000  00000-0  11676-2 0  9992
2 34122 074.0464 159.4348 0119671 356.0506 167.5220 14.40300699298382
0 COSMOS 2251 DEB
1 34122U 93036KT  14297.66087204  .00003547  00000-0  10358-2 0  9997
2 34122 074.0459 154.7257 0119647 350.7037 063.2586 14.40320631298741
0 COSMOS 2251 DEB
1 34122U 93036KT  14300.03554429  .00003737  00000-0  10904-2 0  9999
2 34122 074.0461 150.3374 0119722 345.7645 136.3451 14.40337162299087
0 COSMOS 2251 DEB
1 34122U 93036KT  14302.66287899  .00002730  00000-0  79844-3 0  9995
2 34122 074.0466 145.4818 0119808 340.2735 079.7401 14.40361282299462
0 COSMOS 2251 DEB
1 34122U 93036KT  14305.04563451  .00002651  00000-0  77557-3 0  9992
2 34122 074.0464 141.0781 0119850 335.3364 195.0461 14.40376228299814
0 COSMOS 2251 DEB
1 34122U 93036KT  14307.31523668  .00002084  00000-0  61116-3 0  9994
2 34122 074.0454 136.8826 0119928 330.6318 083.7357 14.40388867300135
0 COSMOS 2251 DEB
1 34122U 93036KT  14309.53928722  .00002429  00000-0  71068-3 0  9990
2 34122 074.0454 132.7714 0120052 325.9952 096.3505 14.40404183300457
0 COSMOS 2251 DEB
1 34122U 93036KT  14311.55174182  .00002784  00000-0  81288-3 0  9997
2 34122 074.0460 129.0514 0120079 321.8083 091.8613 14.40418358300741
0 COSMOS 2251 DEB
1 34122U 93036KT  14313.84578825  .00004736  00000-0  13761-2 0  9992
2 34122 074.0466 124.8119 0120104 317.0293 107.6951 14.40431650301078
0 COSMOS 2251 DEB
1 34122U 93036KT  14315.87083237  .00004041  00000-0  11750-2 0  9990
2 34122 074.0468 121.0686 0120183 312.8014 168.7428 14.40453506301362
0 COSMOS 2251 DEB
1 34122U 93036KT  14318.49684932  .00002789  00000-0  81331-3 0  9990
2 34122 074.0464 116.2141 0120262 307.3395 106.3579 14.40476460301740
0 COSMOS 2251 DEB
1 34122U 93036KT  14320.51256536  .00007859  00000-0  22732-2 0  9993
2 34122 074.0463 112.4881 0120299 303.1464 119.3265 14.40495745302035
0 COSMOS 2251 DEB
1 34122U 93036KT  14322.81525824  .00006974  00000-0  20171-2 0  9999
2 34122 074.0466 108.2310 0120432 298.3712 180.6754 14.40523232302361
0 COSMOS 2251 DEB
1 34122U 93036KT  14324.82937113  .00006582  00000-0  19032-2 0  9999
2 34122 074.0473 104.5075 0120495 294.1957 185.6712 14.40546245302650
0 COSMOS 2251 DEB
1 34122U 93036KT  14326.84391806  .00005736  00000-0  16589-2 0  9990
2 34122 074.0481 100.7835 0120597 290.0094 193.1004 14.40569047302946
0 COSMOS 2251 DEB
1 34122U 93036KT  14329.47202192  .00005176  00000-0  14967-2 0  9997
2 34122 074.0483 095.9249 0120605 284.5640 142.6640 14.40601112303325
0 COSMOS 2251 DEB
1 34122U 93036KT  14331.77994568  .00006324  00000-0  18253-2 0  9996
2 34122 074.0478 091.6575 0120723 279.7981 231.9743 14.40629105303653
0 COSMOS 2251 DEB
1 34122U 93036KT  14333.78800355  .00007013  00000-0  20216-2 0  9997
2 34122 074.0478 087.9443 0120752 275.6482 206.3298 14.40655065303945
0 COSMOS 2251 DEB
1 34122U 93036KT  14336.00951625  .00004162  00000-0  12027-2 0  9995
2 34122 074.0483 083.8365 0120833 271.0545 207.9490 14.40689780304267
0 COSMOS 2251 DEB
1 34122U 93036KT  14338.35824801  .00006132  00000-0  17664-2 0  9991
2 34122 074.0490 079.4937 0120856 266.2046 149.6352 14.40717892304601
0 COSMOS 2251 DEB
1 34122U 93036KT  14340.37466341  .00005522  00000-0  15909-2 0  9999
2 34122 074.0492 075.7652 0120933 262.0534 167.9391 14.40738157304892
0 COSMOS 2251 DEB
1 34122U 93036KT  14342.39810581  .00004585  00000-0  13217-2 0  9990
2 34122 074.0488 072.0237 0120969 257.8820 222.8480 14.40759779305181
0 COSMOS 2251 DEB
1 34122U 93036KT  14344.41360389  .00003681  00000-0  10626-2 0  9998
2 34122 074.0483 068.2962 0120988 253.7378 236.6864 14.40778214305478
0 COSMOS 2251 DEB
1 34122U 93036KT  14346.64200749  .00004485  00000-0  12922-2 0  9992
2 34122 074.0482 064.1746 0120975 249.1531 274.9583 14.40800699305801
0 COSMOS 2251 DEB
1 34122U 93036KT  14348.65472410  .00005354  00000-0  15400-2 0  9991
2 34122 074.0486 060.4521 0120960 245.0154 274.6724 14.40822979306096
0 COSMOS 2251 DEB
1 34122U 93036KT  14350.38417957  .00005756  00000-0  16540-2 0  9991
2 34122 074.0488 057.2534 0120919 241.4447 245.3101 14.40848762306334
0 COSMOS 2251 DEB
1 34122U 93036KT  14352.52445867  .00006340  00000-0  18198-2 0  9991
2 34122 074.0489 053.2949 0120860 237.0670 187.0420 14.40873733306641
0 COSMOS 2251 DEB
1 34122U 93036KT  14354.61892951  .00006963  00000-0  19967-2 0  9999
2 34122 074.0483 049.4208 0120763 232.7537 251.4025 14.40902492306941
0 COSMOS 2251 DEB
1 34122U 93036KT  14356.84004926  .00006515  00000-0  18677-2 0  9993
2 34122 074.0476 045.3118 0120662 228.1875 252.9483 14.40937304307260
0 COSMOS 2251 DEB
1 34122U 93036KT  14359.18811117  .00005050  00000-0  14494-2 0  9997
2 34122 074.0476 040.9673 0120512 223.3329 193.2624 14.40962670307608
0 COSMOS 2251 DEB
1 34122U 93036KT  14361.20276150  .00003811  00000-0  10960-2 0  9992
2 34122 074.0480 037.2397 0120390 219.1631 204.2038 14.40982019307890
0 COSMOS 2251 DEB
1 34122U 93036KT  14363.51113326  .00002983  00000-0  85973-3 0  9999
2 34122 074.0483 032.9695 0120244 214.4122 298.9243 14.40995522308226
0 COSMOS 2251 DEB
1 34122U 93036KT  14365.52428160  .00002579  00000-0  74453-3 0  9999
2 34122 074.0474 029.2438 0120046 210.2415 302.2964 14.41007581308510
0 COSMOS 2251 DEB
1 34122U 93036KT  15002.86782872  .00001907  00000-0  55270-3 0  9998
2 34122 074.0471 024.9077 0119769 205.4116 219.7031 14.41017820308853
0 COSMOS 2251 DEB
1 34122U 93036KT  15005.44850234  .00002341  00000-0  67635-3 0  9994
2 34122 074.0473 020.1322 0119617 199.9968 287.4290 14.41032877309220
0 COSMOS 2251 DEB
1 34122U 93036KT  15007.71483446  .00003602  00000-0  10274-2 0  9990
2 34122 074.0469 015.9430 0119571 195.2466 164.5556 14.41044243309554
0 COSMOS 2251 DEB
1 34122U 93036KT  15007.79505528  .00003433  00000-0  98797-3 0  9993
2 34122 074.0478 015.7902 0119484 195.0676 220.7345 14.41045089309561
0 COSMOS 2251 DEB
1 34122U 93036KT  15009.80987775  .00002163  00000-0  62552-3 0  9994
2 34122 074.0481 012.0624 0119239 190.8425 233.1970 14.41056844309854
0 COSMOS 2251 DEB
1 34122U 93036KT  15012.18224340  .00002438  00000-0  70408-3 0  9995
2 34122 074.0480 007.6730 0119052 185.8477 300.6332 14.41069167310198
0 COSMOS 2251 DEB
1 34122U 93036KT  15014.41040873  .00002558  00000-0  73826-3 0  9990
2 34122 074.0475 003.5502 0118826 181.1272 340.1100 14.41081114310529
0 COSMOS 2251 DEB
1 34122U 93036KT  15016.42268047  .00002377  00000-0  68664-3 0  9991
2 34122 074.0477 359.8264 0118690 176.8751 339.6247 14.41089504310802
0 COSMOS 2251 DEB
1 34122U 93036KT  15018.89699324  .00001224  00000-0  35761-3 0  9992
2 34122 074.0484 355.2475 0118503 171.6138 216.2838 14.41099446311161
0 COSMOS 2251 DEB
1 34122U 93036KT  15020.91089347  .00001099  00000-0  32185-3 0  9993
2 34122 074.0481 351.5193 0118304 167.2629 224.4603 14.41104723311457
0 COSMOS 2251 DEB
1 34122U 93036KT  15023.28823597  .00001369  00000-0  39899-3 0  9998
2 34122 074.0481 347.1205 0118200 162.1939 318.1722 14.41113721311793
0 COSMOS 2251 DEB
1 34122U 93036KT  15025.30721507  .00001501  00000-0  43657-3 0  9996
2 34122 074.0481 343.3847 0118142 157.8848 352.7436 14.41118633312084
0 COSMOS 2251 DEB
1 34122U 93036KT  15027.32065112  .00001464  00000-0  42609-3 0  9997
2 34122 074.0483 339.6591 0118086 153.5814 358.6062 14.41127323312371
0 COSMOS 2251 DEB
1 34122U 93036KT  15030.99506115  .00003081  00000-0  88712-3 0  9999
2 34122 074.0491 332.8619 0118034 145.8458 341.7900 14.41144519312906
0 COSMOS 2251 DEB
1 34122U 93036KT  15033.21647236  .00003935  00000-0  11303-2 0  9996
2 34122 074.0492 328.7520 0117998 141.1062 346.8731 14.41161991313227
0 COSMOS 2251 DEB
1 34122U 93036KT  15035.23528256  .00003913  00000-0  11237-2 0  9992
2 34122 074.0492 325.0174 0117973 136.8336 020.9213 14.41177090313514
0 COSMOS 2251 DEB
1 34122U 93036KT  15037.24731381  .00004225  00000-0  12122-2 0  9991
2 34122 074.0489 321.2947 0117973 132.5479 019.9400 14.41191492313807
0 COSMOS 2251 DEB
1 34122U 93036KT  15039.51885959  .00004004  00000-0  11488-2 0  9993
2 34122 074.0484 317.0914 0117952 127.7225 285.5177 14.41212549314137
0 COSMOS 2251 DEB
1 34122U 93036KT  15042.17519397  .00003918  00000-0  11237-2 0  9994
2 34122 074.0482 312.1753 0117975 122.0601 027.7397 14.41233490314513
0 COSMOS 2251 DEB
1 34122U 93036KT  15044.18848867  .00003222  00000-0  92541-3 0  9990
2 34122 074.0485 308.4492 0117987 117.7884 033.6957 14.41244302314805
0 COSMOS 2251 DEB
1 34122U 93036KT  15046.80946792  .00002458  00000-0  70764-3 0  9990
2 34122 074.0481 303.5984 0118052 112.1825 312.7738 14.41260405315183
0 COSMOS 2251 DEB
1 34122U 93036KT  15048.83276032  .00002914  00000-0  83707-3 0  9996
2 34122 074.0472 299.8543 0118021 107.9056 010.7703 14.41274953315477
0 COSMOS 2251 DEB
1 34122U 93036KT  15051.12948892  .00002818  00000-0  80942-3 0  9993
2 34122 074.0467 295.6042 0118095 103.0354 047.6696 14.41288910315803
0 COSMOS 2251 DEB
1 34122U 93036KT  15053.47297015  .00003065  00000-0  87945-3 0  9992
2 34122 074.0464 291.2652 0118083 098.0482 327.2793 14.41302089316148
0 COSMOS 2251 DEB
1 34122U 93036KT  15055.69224414  .00002852  00000-0  81845-3 0  9997
2 34122 074.0467 287.1572 0118148 093.3651 322.4850 14.41321749316464
0 COSMOS 2251 DEB
1 34122U 93036KT  15057.70622056  .00002671  00000-0  76702-3 0  9990
2 34122 074.0467 283.4313 0118146 089.1433 332.5449 14.41330604316753
0 COSMOS 2251 DEB
1 34122U 93036KT  15059.99821911  .00003367  00000-0  96453-3 0  9992
2 34122 074.0461 279.1885 0118132 084.2839 345.3377 14.41344554317082
0 COSMOS 2251 DEB
1 34122U 93036KT  15062.56063693  .00004491  00000-0  12830-2 0  9999
2 34122 074.0457 274.4454 0118155 078.8716 321.4464 14.41366862317454
0 COSMOS 2251 DEB
1 34122U 93036KT  15064.57185622  .00003888  00000-0  11113-2 0  9991
2 34122 074.0452 270.7213 0118228 074.6031 317.6022 14.41381885317747
0 COSMOS 2251 DEB
1 34122U 93036KT  15066.58970160  .00003539  00000-0  10122-2 0  9995
2 34122 074.0447 266.9856 0118168 070.3212 348.2313 14.41394107318035
0 COSMOS 2251 DEB
1 34122U 93036KT  15068.68342546  .00003403  00000-0  97343-3 0  9990
2 34122 074.0451 263.1093 0118186 065.8875 052.7031 14.41409253318332
0 COSMOS 2251 DEB
1 34122U 93036KT  15070.69711212  .00002722  00000-0  78019-3 0  9996
2 34122 074.0452 259.3808 0118210 061.6227 061.9434 14.41419388318628
0 COSMOS 2251 DEB
1 34122U 93036KT  15073.19512909  .00002683  00000-0  76882-3 0  9998
2 34122 074.0452 254.7558 0118208 056.3386 064.5256 14.41432472318982
0 COSMOS 2251 DEB
1 34122U 93036KT  15075.46665804  .00002343  00000-0  67219-3 0  9990
2 34122 074.0450 250.5500 0118239 051.5281 331.9300 14.41442909319311
0 COSMOS 2251 DEB
1 34122U 93036KT  15077.48090850  .00004235  00000-0  12078-2 0  9991
2 34122 074.0450 246.8205 0118257 047.2537 344.3774 14.41461305319603
0 COSMOS 2251 DEB
1 34122U 93036KT  15078.89193491  .00004783  00000-0  13623-2 0  9997
2 34122 074.0462 244.2086 0118366 044.2617 106.6467 14.41479367319809
0 COSMOS 2251 DEB
1 34122U 93036KT  15079.65029949  .00002137  00000-0  61340-3 0  9999
2 34122 074.0459 242.8035 0118234 042.6301 082.0514 14.41475303319917
0 COSMOS 2251 DEB
1 34122U 93036KT  15081.87004451  .00002311  00000-0  66262-3 0  9999
2 34122 074.0460 238.6928 0118252 037.9309 081.0711 14.41484799320232
0 COSMOS 2251 DEB
1 34122U 93036KT  15083.88384471  .00002470  00000-0  70758-3 0  9996
2 34122 074.0461 234.9642 0118367 033.6751 091.4337 14.41494284320527
0 COSMOS 2251 DEB
1 34122U 93036KT  15086.16038359  .00002964  00000-0  84710-3 0  9992
2 34122 074.0462 230.7491 0118404 028.8562 025.3400 14.41506859320857
0 COSMOS 2251 DEB
1 34122U 93036KT  15088.52464144  .00003278  00000-0  93567-3 0  9998
2 34122 074.0461 226.3716 0118444 023.8422 054.5744 14.41520587321198
0 COSMOS 2251 DEB
1 34122U 93036KT  15090.82314166  .00002979  00000-0  85076-3 0  9995
2 34122 074.0465 222.1156 0118491 018.9784 102.6646 14.41533125321527
0 COSMOS 2251 DEB
1 34122U 93036KT  15093.04331284  .00003020  00000-0  86198-3 0  9996
2 34122 074.0470 218.0047 0118578 014.2778 104.3679 14.41545571321842
0 COSMOS 2251 DEB
1 34122U 93036KT  15095.11294030  .00002349  00000-0  67208-3 0  9997
2 34122 074.0474 214.1726 0118675 009.8977 044.8952 14.41554271322149
0 COSMOS 2251 DEB
1 34122U 93036KT  15097.12698553  .00001934  00000-0  55473-3 0  9998
2 34122 074.0474 210.4436 0118762 005.6387 057.0348 14.41562212322433
0 COSMOS 2251 DEB
1 34122U 93036KT  15099.41803132  .00001549  00000-0  44607-3 0  9992
2 34122 074.0466 206.2014 0118829 000.8159 066.7378 14.41568425322765
0 COSMOS 2251 DEB
1 34122U 93036KT  15101.43234552  .00001683  00000-0  48381-3 0  9994
2 34122 074.0468 202.4718 0118903 356.5634 080.3776 14.41576674323050
0 COSMOS 2251 DEB
1 34122U 93036KT  15103.73129269  .00001551  00000-0  44628-3 0  9991
2 34122 074.0468 198.2151 0118985 351.7139 131.2245 14.41584026323383
0 COSMOS 2251 DEB
1 34122U 93036KT  15106.28561010  .00002073  00000-0  59356-3 0  9992
2 34122 074.0467 193.4853 0119093 346.3457 067.4339 14.41596446323756
0 COSMOS 2251 DEB
1 34122U 93036KT  15108.29948256  .00002108  00000-0  60318-3 0  9995
2 34122 074.0475 189.7561 0119183 342.0927 078.9666 14.41604213324049
0 COSMOS 2251 DEB
1 34122U 93036KT  15110.31262257  .00002066  00000-0  59128-3 0  9991
2 34122 074.0472 186.0282 0119287 337.8517 086.7584 14.41613124324337
0 COSMOS 2251 DEB
1 34122U 93036KT  15112.53276885  .00002814  00000-0  80192-3 0  9995
2 34122 074.0467 181.9168 0119358 333.1815 088.9418 14.41625345324650
0 COSMOS 2251 DEB
1 34122U 93036KT  15114.55631273  .00002500  00000-0  71317-3 0  9996
2 34122 074.0464 178.1695 0119455 328.9179 150.8798 14.41634773324940
0 COSMOS 2251 DEB
1 34122U 93036KT  15116.56803775  .00001580  00000-0  45382-3 0  9997
2 34122 074.0465 174.4440 0119542 324.6888 151.5266 14.41640485325233
0 COSMOS 2251 DEB
1 34122U 93036KT  15118.85761668  .00001434  00000-0  41257-3 0  9990
2 34122 074.0455 170.2039 0119612 319.8893 154.2449 14.41646853325564
0 COSMOS 2251 DEB
1 34122U 93036KT  15121.20652162  .00001198  00000-0  34595-3 0  9995
2 34122 074.0453 165.8536 0119713 314.9621 104.9193 14.41652728325905
0 COSMOS 2251 DEB
1 34122U 93036KT  15123.50731237  .00001124  00000-0  32514-3 0  9999
2 34122 074.0450 161.5923 0119810 310.1504 165.9215 14.41658755326236
0 COSMOS 2251 DEB
1 34122U 93036KT  15125.52881009  .00001149  00000-0  33200-3 0  9996
2 34122 074.0449 157.8482 0119873 305.9150 217.4560 14.41664407326530
0 COSMOS 2251 DEB
1 34122U 93036KT  15127.54118626  .00001731  00000-0  49576-3 0  9998
2 34122 074.0447 154.1208 0119922 301.7051 221.6973 14.41673765326827
0 COSMOS 2251 DEB
1 34122U 93036KT  15129.75335942  .00002081  00000-0  59412-3 0  9994
2 34122 074.0445 150.0235 0119951 297.0772 182.9527 14.41683627327136
0 COSMOS 2251 DEB
1 34122U 93036KT  15132.02570905  .00003623  00000-0  10273-2 0  9992
2 34122 074.0453 145.8144 0120001 292.3343 096.6103 14.41699369327463
0 COSMOS 2251 DEB
1 34122U 93036KT  15134.03809569  .00004476  00000-0  12666-2 0  9991
2 34122 074.0454 142.0874 0120012 288.1265 101.1757 14.41716915327757
0 COSMOS 2251 DEB
1 34122U 93036KT  15136.12764793  .00003686  00000-0  10444-2 0  9996
2 34122 074.0450 138.2163 0119970 283.7576 146.3783 14.41733315328055
0 COSMOS 2251 DEB
1 34122U 93036KT  15138.42719617  .00002976  00000-0  84476-3 0  9994
2 34122 074.0449 133.9565 0119907 278.9528 201.6155 14.41746612328382
0 COSMOS 2251 DEB
1 34122U 93036KT  15140.44775226  .00002708  00000-0  76934-3 0  9990
2 34122 074.0452 130.2134 0119859 274.7292 248.9121 14.41758347328684
0 COSMOS 2251 DEB
1 34122U 93036KT  15142.99412559  .00001564  00000-0  44790-3 0  9993
2 34122 074.0457 125.4963 0119768 269.4142 145.4497 14.41767863329040
0 COSMOS 2251 DEB
1 34122U 93036KT  15145.08864193  .00001301  00000-0  37410-3 0  9991
2 34122 074.0458 121.6162 0119679 265.0482 216.7500 14.41774340329348
0 COSMOS 2251 DEB
1 34122U 93036KT  15147.38644654  .00001251  00000-0  36000-3 0  9992
2 34122 074.0452 117.3594 0119608 260.2367 263.2615 14.41780353329686
0 COSMOS 2251 DEB
1 34122U 93036KT  15149.39853067  .00001342  00000-0  38571-3 0  9991
2 34122 074.0452 113.6322 0119508 256.0220 266.8205 14.41786853329960
0 COSMOS 2251 DEB
1 34122U 93036KT  15152.30483825  .00001386  00000-0  39809-3 0  9990
2 34122 074.0456 108.2483 0119322 249.9260 231.8483 14.41795159330388
0 COSMOS 2251 DEB
1 34122U 93036KT  15154.39106134  .00001203  00000-0  34661-3 0  9995
2 34122 074.0457 104.3835 0119227 245.5528 260.3214 14.41799836330688
0 COSMOS 2251 DEB
1 34122U 93036KT  15156.53770981  .00001540  00000-0  44127-3 0  9992
2 34122 074.0459 100.4069 0119116 241.0320 242.4975 14.41807514330996
0 COSMOS 2251 DEB
1 34122U 93036KT  15158.88366575  .00002094  00000-0  59691-3 0  9999
2 34122 074.0461 096.0609 0118986 236.0930 179.2376 14.41817503331334
0 COSMOS 2251 DEB
1 34122U 93036KT  15159.92731444 +.00002545 +00000-0 +72355-3 0  9999
2 34122 074.0461 094.1276 0118922 233.8834 196.3674 14.41824002331413
0 COSMOS 2251 DEB
1 34122U 93036KT  15160.82164419 +.00002372 +00000-0 +67496-3 0  9990
2 34122 074.0462 092.4707 0118861 231.9917 158.4482 14.41826241331544
0 COSMOS 2251 DEB
1 34122U 93036KT  15161.26259480  .00002331  00000-0  66328-3 0  9990
2 34122 074.0462 091.6539 0118841 231.0678 287.2279 14.41827575331671
0 COSMOS 2251 DEB
1 34122U 93036KT  15161.79287323 +.00002306 +00000-0 +65640-3 0  9993
2 34122 074.0463 090.6717 0118807 229.9457 159.6885 14.41829700331680
0 COSMOS 2251 DEB
1 34122U 93036KT  15162.76373904 +.00002461 +00000-0 +69984-3 0  9999
2 34122 074.0469 088.8729 0118741 227.8999 159.0616 14.41834511331821
0 COSMOS 2251 DEB
1 34122U 93036KT  15163.27606956  .00002559  00000-0  72748-3 0  9992
2 34122 074.0470 087.9237 0118720 226.8199 298.3691 14.41836955331975
0 COSMOS 2251 DEB
1 34122U 93036KT  15164.93273183 +.00002435 +00000-0 +69240-3 0  9994
2 34122 074.0472 084.8546 0118646 223.3166 257.5008 14.41843950332130
0 COSMOS 2251 DEB
1 34122U 93036KT  15165.48702707  .00002478  00000-0  70443-3 0  9998
2 34122 074.0473 083.8277 0118617 222.1461 254.6556 14.41846703332285
0 COSMOS 2251 DEB
1 34122U 93036KT  15165.82222221 +.00002467 +00000-0 +70132-3 0  9997
2 34122 074.0474 083.2067 0118590 221.4334 194.5445 14.41848274332260
0 COSMOS 2251 DEB
1 34122U 93036KT  15166.18160734 +.00002253 +00000-0 +64128-3 0  9998
2 34122 074.0475 082.5411 0118570 220.6718 259.9933 14.41849031332317
0 COSMOS 2251 DEB
1 34122U 93036KT  15167.75998010 +.00002053 +00000-0 +58503-3 0  9996
2 34122 074.0476 079.6171 0118489 217.3280 172.8277 14.41855182332615
0 COSMOS 2251 DEB
1 34122U 93036KT  15168.80570449 +.00001825 +00000-0 +52100-3 0  9998
2 34122 074.0475 077.6799 0118440 215.1165 200.8688 14.41858867332692
0 COSMOS 2251 DEB
1 34122U 93036KT  15169.44286201 +.00001604 +00000-0 +45891-3 0  9993
2 34122 074.0475 076.4995 0118408 213.7604 268.1768 14.41860564332786
0 COSMOS 2251 DEB
1 34122U 93036KT  15170.21287668  .00001529  00000-0  43779-3 0  9997
2 34122 074.0473 075.0728 0118385 212.1321 305.1062 14.41863151332960
0 COSMOS 2251 DEB
1 34122U 93036KT  15172.76184358  .00001278  00000-0  36736-3 0  9997
2 34122 074.0464 070.3503 0118308 206.7363 216.1208 14.41869504333332
0 COSMOS 2251 DEB
1 34122U 93036KT  15174.77525314  .00001930  00000-0  55029-3 0  9992
2 34122 074.0463 066.6202 0118237 202.4799 227.2601 14.41880123333624
0 COSMOS 2251 DEB
1 34122U 93036KT  15177.14489093  .00001412  00000-0  40503-3 0  9995
2 34122 074.0463 062.2299 0118172 197.4504 287.5620 14.41884772333968
0 COSMOS 2251 DEB
1 34122U 93036KT  15179.36436551  .00001136  00000-0  32728-3 0  9995
2 34122 074.0461 058.1176 0118112 192.7405 288.4517 14.41890186334283
0 COSMOS 2251 DEB
1 34122U 93036KT  15181.63646550  .00000928  00000-0  26901-3 0  9994
2 34122 074.0460 053.9076 0118065 187.9104 202.5593 14.41894781334616
0 COSMOS 2251 DEB
1 34122U 93036KT  15183.64864532  .00001072  00000-0  30920-3 0  9996
2 34122 074.0459 050.1793 0118047 183.6466 207.5431 14.41899937334909
0 COSMOS 2251 DEB
1 34122U 93036KT  15185.66549269  .00001636  00000-0  46762-3 0  9994
2 34122 074.0459 046.4424 0118028 179.3812 236.7202 14.41907428335191
0 COSMOS 2251 DEB
1 34122U 93036KT  15187.67958821  .00001854  00000-0  52882-3 0  9997
2 34122 074.0457 042.7104 0117992 175.1341 251.6584 14.41914640335488
0 COSMOS 2251 DEB
1 34122U 93036KT  15189.69174502  .00002334  00000-0  66321-3 0  9994
2 34122 074.0456 038.9820 0117997 170.8802 256.5970 14.41924162335773
0 COSMOS 2251 DEB
1 34122U 93036KT  15191.99236527  .00002810  00000-0  79681-3 0  9998
2 34122 074.0469 034.7191 0117965 166.0157 319.0079 14.41934622336102
0 COSMOS 2251 DEB
1 34122U 93036KT  15194.00972527  .00002701  00000-0  76604-3 0  9991
2 34122 074.0466 030.9810 0117941 161.7709 351.0920 14.41944543336399
0 COSMOS 2251 DEB
1 34122U 93036KT  15196.55878698  .00002270  00000-0  64486-3 0  9993
2 34122 074.0462 026.2572 0117869 156.4035 263.3459 14.41957007336762
0 COSMOS 2251 DEB
1 34122U 93036KT  15198.65145956  .00001445  00000-0  41348-3 0  9995
2 34122 074.0463 022.3791 0117873 152.0062 326.5294 14.41963064337063
0 COSMOS 2251 DEB
1 34122U 93036KT  15200.66370471  .00001312  00000-0  37602-3 0  9993
2 34122 074.0459 018.6505 0117861 147.7909 332.2332 14.41967810337359
0 COSMOS 2251 DEB
1 34122U 93036KT  15203.49760049  .00000916  00000-0  26499-3 0  9992
2 34122 074.0459 013.3991 0117823 141.8461 283.2462 14.41973003337761
0 COSMOS 2251 DEB
1 34122U 93036KT  15205.50782426  .00001044  00000-0  30086-3 0  9999
2 34122 074.0459 009.6739 0117760 137.6205 278.5503 14.41978238338059
0 COSMOS 2251 DEB
1 34122U 93036KT  15207.52113734  .00000810  00000-0  23515-3 0  9992
2 34122 074.0461 005.9429 0117716 133.4162 289.8887 14.41981088338343
0 COSMOS 2251 DEB
1 34122U 93036KT  15209.96379086  .00000986  00000-0  28457-3 0  9990
2 34122 074.0463 001.4166 0117616 128.2909 010.0515 14.41987234338693
0 COSMOS 2251 DEB
1 34122U 93036KT  15212.11058137  .00001098  00000-0  31594-3 0  9993
2 34122 074.0465 357.4385 0117523 123.7710 354.3964 14.41992188339001
0 COSMOS 2251 DEB
1 34122U 93036KT  15214.18121733  .00001269  00000-0  36391-3 0  9995
2 34122 074.0466 353.6015 0117423 119.4187 303.4458 14.41997885339304
0 COSMOS 2251 DEB
1 34122U 93036KT  15216.47107275  .00001228  00000-0  35227-3 0  9996
2 34122 074.0468 349.3583 0117310 114.6004 310.5534 14.42003333339635
0 COSMOS 2251 DEB
1 34122U 93036KT  15218.77097457  .00001204  00000-0  34555-3 0  9998
2 34122 074.0471 345.0966 0117190 109.7578 009.8669 14.42009166339967
0 COSMOS 2251 DEB
1 34122U 93036KT  15220.78976162  .00001325  00000-0  37966-3 0  9994
2 34122 074.0473 341.3559 0117094 105.4916 049.9106 14.42015316340257
0 COSMOS 2251 DEB
1 34122U 93036KT  15223.13129918  .00001176  00000-0  33779-3 0  9997
2 34122 074.0474 337.0172 0116956 100.5535 325.4764 14.42021043340593
0 COSMOS 2251 DEB
1 34122U 93036KT  15225.34932345  .00000890  00000-0  25748-3 0  9997
2 34122 074.0474 332.9074 0116853 095.8646 319.9007 14.42025085340917
0 COSMOS 2251 DEB
1 34122U 93036KT  15227.36241203  .00000753  00000-0  21907-3 0  9998
2 34122 074.0474 329.1771 0116747 091.5998 330.4781 14.42028429341209
0 COSMOS 2251 DEB
1 34122U 93036KT  15229.45552252  .00001047  00000-0  30173-3 0  9991
2 34122 074.0474 325.2986 0116645 087.1706 036.5094 14.42034489341506
0 COSMOS 2251 DEB
1 34122U 93036KT  15229.65307964 +.00001034 +00000-0 +29820-3 0  9994
2 34122 074.0474 324.9325 0116631 086.7514 342.0960 14.42034801341466
0 COSMOS 2251 DEB
1 34122U 93036KT  15230.70954763 +.00000875 +00000-0 +25333-3 0  9994
2 34122 074.0473 322.9749 0116586 084.5097 066.5864 14.42035937341613
0 COSMOS 2251 DEB
1 34122U 93036KT  15231.24154521 +.00000685 +00000-0 +20002-3 0  9995
2 34122 074.0473 321.9891 0116567 083.3801 308.3728 14.42035915341699
0 COSMOS 2251 DEB
1 34122U 93036KT  15232.21203300  .00000762  00000-0  22186-3 0  9994
2 34122 074.0472 320.1908 0116527 081.3182 306.5246 14.42038221341906
0 COSMOS 2251 DEB
1 34122U 93036KT  15234.38009174  .00000678  00000-0  19812-3 0  9995
2 34122 074.0470 316.1734 0116455 076.7060 041.7231 14.42041667342214
0 COSMOS 2251 DEB
1 34122U 93036KT  15234.93467772 +.00000630 +00000-0 +18482-3 0  9998
2 34122 074.0470 315.1457 0116439 075.5248 040.7905 14.42042317342223
0 COSMOS 2251 DEB
1 34122U 93036KT  15235.42187490 +.00000675 +00000-0 +19739-3 0  9994
2 34122 074.0469 314.2429 0116426 074.4895 050.0152 14.42043273342299
0 COSMOS 2251 DEB
1 34122U 93036KT  15236.67586118  .00000715  00000-0  20870-3 0  9995
2 34122 074.0468 311.9192 0116383 071.8182 079.9469 14.42045433342540
0 COSMOS 2251 DEB
1 34122U 93036KT  15239.57354262 +.00000884 +00000-0 +25614-3 0  9998
2 34122 074.0464 306.5494 0116336 065.6540 002.9736 14.42051315342895
0 COSMOS 2251 DEB
1 34122U 93036KT  15240.34613638 +.00001053 +00000-0 +30335-3 0  9995
2 34122 074.0463 305.1176 0116329 064.0106 053.8340 14.42054052343000
0 COSMOS 2251 DEB
1 34122U 93036KT  15241.23592231  .00001161  00000-0  33381-3 0  9993
2 34122 074.0462 303.4686 0116322 062.1151 353.0969 14.42056817343203
0 COSMOS 2251 DEB
1 34122U 93036KT  15241.87238575 +.00001109 +00000-0 +31904-3 0  9992
2 34122 074.0461 302.2891 0116318 060.7634 057.2522 14.42058046343228
0 COSMOS 2251 DEB
1 34122U 93036KT  15242.64275769 +.00000995 +00000-0 +28730-3 0  9999
2 34122 074.0460 300.8614 0116313 059.1229 096.5921 14.42059245343334
0 COSMOS 2251 DEB
1 34122U 93036KT  15243.52743322  .00000980  00000-0  28288-3 0  9994
2 34122 074.0459 299.2219 0116310 057.2384 009.3389 14.42061251343534
0 COSMOS 2251 DEB
1 34122U 93036KT  15243.61304044 +.00000988 +00000-0 +28515-3 0  9999
2 34122 074.0459 299.0633 0116308 057.0569 093.7641 14.42061522343474
0 COSMOS 2251 DEB
1 34122U 93036KT  15244.85509650 +.00000926 +00000-0 +26785-3 0  9995
2 34122 074.0457 296.7614 0116309 054.4165 061.8394 14.42064123343650
0 COSMOS 2251 DEB
1 34122U 93036KT  15245.54943763  .00000859  00000-0  24900-3 0  9991
2 34122  74.0456 295.4746 0116310  52.9399  66.4826 14.42065214343827
0 COSMOS 2251 DEB
1 34122U 93036KT  15246.51065140 +.00000806 +00000-0 +23401-3 0  9990
2 34122 074.0454 293.6932 0116312 050.8926 016.5918 14.42066743343890
0 COSMOS 2251 DEB
1 34122U 93036KT  15247.56129028  .00000860  00000-0  24941-3 0  9992
2 34122  74.0452 291.7459 0116324  48.6612  70.9513 14.42069038344112
0 COSMOS 2251 DEB
1 34122U 93036KT  15247.83783744 +.00000862 +00000-0 +24994-3 0  9993
2 34122 074.0451 291.2334 0116333 048.0734 066.6390 14.42069567344085
0 COSMOS 2251 DEB
1 34122U 93036KT  15248.81025611 +.00000911 +00000-0 +26352-3 0  9999
2 34122 074.0449 289.4311 0116344 046.0083 074.9277 14.42071563344224
0 COSMOS 2251 DEB
1 34122U 93036KT  15249.57951269  .00000921  00000-0  26647-3 0  9998
2 34122  74.0448 288.0054 0116353  44.3757 108.5079 14.42072967344404
0 COSMOS 2251 DEB
1 34122U 93036KT  15250.82059296 +.00000974 +00000-0 +28117-3 0  9999
2 34122 074.0447 285.7052 0116382 041.7397 071.5664 14.42075791344517
0 COSMOS 2251 DEB
1 34122U 93036KT  15251.51553353 +.00001186 +00000-0 +34060-3 0  9999
2 34122 074.0446 284.4172 0116394 040.2641 079.3540 14.42078638344617
0 COSMOS 2251 DEB
1 34122U 93036KT  15252.05250373  .00001182  00000-0  33949-3 0  9996
2 34122  74.0445 283.4219 0116406  39.1240 347.0389 14.42079898344764
0 COSMOS 2251 DEB
1 34122U 93036KT  15252.47690112 +.00001223 +00000-0 +35112-3 0  9991
2 34122 074.0446 282.6353 0116411 038.2201 030.3062 14.42081147344757
0 COSMOS 2251 DEB
1 34122U 93036KT  15253.52756435 +.00001390 +00000-0 +39775-3 0  9993
2 34122 074.0444 280.6878 0116437 035.9915 084.8467 14.42084930344902
0 COSMOS 2251 DEB
1 34122U 93036KT  15254.06514557  .00001211  00000-0  34777-3 0  9999
2 34122  74.0444 279.6914 0116458  34.8514 355.7120 14.42085347345053
0 COSMOS 2251 DEB
1 34122U 93036KT  15254.83308203 +.00001311 +00000-0 +37562-3 0  9999
2 34122 074.0443 278.2682 0116477 033.2193 022.4842 14.42088033345094
0 COSMOS 2251 DEB
1 34122U 93036KT  15255.87530506 +.00001223 +00000-0 +35108-3 0  9993
2 34122 074.0442 276.3365 0116513 031.0038 033.2340 14.42090451345242
0 COSMOS 2251 DEB
1 34122U 93036KT  15256.15320815  .00001203  00000-0  34548-3 0  9990
2 34122  74.0442 275.8214 0116521  30.4153  35.9807 14.42091143345357
0 COSMOS 2251 DEB
1 34122U 93036KT  15257.48850126 +.00001177 +00000-0 +33794-3 0  9992
2 34122 074.0441 273.3464 0116578 027.5842 128.2267 14.42094529345470
0 COSMOS 2251 DEB
1 34122U 93036KT  15258.16676995  .00001190  00000-0  34178-3 0  9990
2 34122  74.0440 272.0892 0116600  26.1505  49.4988 14.42096465345641
0 COSMOS 2251 DEB
1 34122U 93036KT  15258.45342147 +.00001237 +00000-0 +35469-3 0  9997
2 34122 074.0440 271.5578 0116610 025.5432 097.6689 14.42097407345616
0 COSMOS 2251 DEB
1 34122U 93036KT  15259.82770255 +.00001172 +00000-0 +33661-3 0  9994
2 34122 074.0439 269.0105 0116656 022.6446 032.3375 14.42100495345817
0 COSMOS 2251 DEB
1 34122U 93036KT  15260.47033550  .00001226  00000-0  35169-3 0  9992
2 34122  74.0438 267.8194 0116673  21.2897 128.6129 14.42102357345976
0 COSMOS 2251 DEB
1 34122U 93036KT  15261.76907152 +.00001297 +00000-0 +37158-3 0  9991
2 34122 074.0439 265.4120 0116739 018.5453 031.1109 14.42105854346095
0 COSMOS 2251 DEB
1 34122U 93036KT  15262.47701578  .00001480  00000-0  42279-3 0  9998
2 34122  74.0439 264.0999 0116779  17.0476 106.4733 14.42108615346263
0 COSMOS 2251 DEB
1 34122U 93036KT  15262.81218935 +.00001530 +00000-0 +43686-3 0  9995
2 34122 074.0439 263.4787 0116789 016.3440 046.5570 14.42109804346247
0 COSMOS 2251 DEB
1 34122U 93036KT  15263.78215640 +.00001695 +00000-0 +48291-3 0  9991
2 34122 074.0439 261.6807 0116820 014.3024 042.2396 14.42113385346385
0 COSMOS 2251 DEB
1 34122U 93036KT  15264.82506149  .00001550  00000-0  44231-3 0  9994
2 34122  74.0439 259.7474 0116854  12.1044  56.6001 14.42115555346606
0 COSMOS 2251 DEB
1 34122U 93036KT  15264.95574730 +.00001554 +00000-0 +44328-3 0  9990
2 34122 074.0439 259.5052 0116858 011.8305 015.0710 14.42116038346553
0 COSMOS 2251 DEB
1 34122U 93036KT  15265.79529412 +.00001557 +00000-0 +44425-3 0  9991
2 34122 074.0440 257.9489 0116868 010.0530 053.6927 14.42118526346678
0 COSMOS 2251 DEB
1 34122U 93036KT  15266.96815269 +.00001602 +00000-0 +45669-3 0  9991
2 34122 074.0441 255.7748 0116914 007.5869 022.7474 14.42122579346847
0 COSMOS 2251 DEB
1 34122U 93036KT  15267.12354824  .00001591  00000-0  45371-3 0  9992
2 34122  74.0441 255.4867 0116926   7.2550 109.5107 14.42123017346938
0 COSMOS 2251 DEB
1 34122U 93036KT  15267.93783571 +.00001711 +00000-0 +48711-3 0  9991
2 34122 074.0441 253.9773 0116960 005.5427 017.0074 14.42126442346985
0 COSMOS 2251 DEB
1 34122U 93036KT  15268.90795228 +.00001938 +00000-0 +55062-3 0  9999
2 34122 074.0442 252.1791 0116995 003.5029 013.5278 14.42131179347128
0 COSMOS 2251 DEB
1 34122U 93036KT  15269.13659225  .00001941  00000-0  55143-3 0  9995
2 34122  74.0443 251.7552 0116996   3.0188 120.5555 14.42132049347226
0 COSMOS 2251 DEB
1 34122U 93036KT  15269.95111057 +.00001934 +00000-0 +54945-3 0  9992
2 34122 074.0443 250.2454 0117032 001.3134 029.2666 14.42135044347276
0 COSMOS 2251 DEB
1 34122U 93036KT  15270.92186417 +.00002005 +00000-0 +56935-3 0  9994
2 34122 074.0443 248.4458 0117046 359.2685 029.1233 14.42139012347414
0 COSMOS 2251 DEB
1 34122U 93036KT  15271.36156780  .00001994  00000-0  56618-3 0  9997
2 34122  74.0444 247.6308 0117067 358.3445 151.9326 14.42140588347548
0 COSMOS 2251 DEB
1 34122U 93036KT  15271.96157174 +.00002116 +00000-0 +60018-3 0  9997
2 34122 074.0445 246.5187 0117164 357.1367 026.9237 14.42143499347568
0 COSMOS 2251 DEB
1 34122U 93036KT  15272.93234668 +.00002060 +00000-0 +58453-3 0  9997
2 34122 074.0447 244.7195 0117211 355.0970 026.9129 14.42146914347700
0 COSMOS 2251 DEB
1 34122U 93036KT  15273.36814976  .00002181  00000-0  61843-3 0  9992
2 34122  74.0447 243.9116 0117208 354.1584 129.5071 14.42149244347830
0 COSMOS 2251 DEB
1 34122U 93036KT  15273.90553340 +.00002277 +00000-0 +64519-3 0  9996
2 34122 074.0458 242.9152 0117247 353.0387 039.4499 14.42151067347843
0 COSMOS 2251 DEB
1 34122U 93036KT  15274.95106519 +.00002586 +00000-0 +73136-3 0  9992
2 34122 074.0458 240.9770 0117249 350.8463 067.5848 14.42156419347991
0 COSMOS 2251 DEB
1 34122U 93036KT  15275.38896212  .00002703  00000-0  76395-3 0  9997
2 34122  74.0459 240.1652 0117267 349.9277 181.0389 14.42158555348137
0 COSMOS 2251 DEB
1 34122U 93036KT  15275.71487222 +.00002845 +00000-0 +80372-3 0  9998
2 34122 074.0459 239.5611 0117278 349.2437 073.0880 14.42160446348102
0 COSMOS 2251 DEB
1 34122U 93036KT  15276.96198523 +.00002566 +00000-0 +72575-3 0  9995
2 34122 074.0460 237.2495 0117334 346.6372 067.8135 14.42165548348282
0 COSMOS 2251 DEB
1 34122U 93036KT  15277.65558003  .00002378  00000-0  67316-3 0  9993
2 34122  74.0460 235.9638 0117350 345.1876  68.8101 14.42168249348451
0 COSMOS 2251 DEB
1 34122U 93036KT  15277.93300373 +.00002113 +00000-0 +59886-3 0  9999
2 34122 074.0460 235.4495 0117366 344.6107 069.1333 14.42168731348429
0 COSMOS 2251 DEB
1 34122U 93036KT  15278.36977685 +.00002023 +00000-0 +57376-3 0  9995
2 34122 074.0460 234.6399 0117385 343.6924 176.7778 14.42170458348483
0 COSMOS 2251 DEB
1 34122U 93036KT  15279.87074387  .00001463  00000-0  41728-3 0  9990
2 34122  74.0459 231.8577 0117434 340.5604  49.5061 14.42174398348775
0 COSMOS 2251 DEB
1 34122U 93036KT  15279.94602693 +.00001446 +00000-0 +41254-3 0  9990
2 34122 074.0459 231.7181 0117438 340.4044 080.3606 14.42174597348719
0 COSMOS 2251 DEB
1 34122U 93036KT  15280.84142807 +.00001810 +00000-0 +51416-3 0  9993
2 34122 074.0458 230.0582 0117445 338.5228 049.1398 14.42179133348841
0 COSMOS 2251 DEB
1 34122U 93036KT  15281.55303505 +.00001650 +00000-0 +46948-3 0  9992
2 34122 074.0461 228.7391 0117490 337.0498 143.6692 14.42180799348948
0 COSMOS 2251 DEB
1 34122U 93036KT  15281.95890966  .00001539  00000-0  43845-3 0  9997
2 34122  74.0456 227.9868 0117479 336.2179  90.8906 14.42181479349078
0 COSMOS 2251 DEB
1 34122U 93036KT  15282.85352286 +.00001251 +00000-0 +35799-3 0  9995
2 34122 074.0457 226.3287 0117500 334.3522 055.5782 14.42182763349137
0 COSMOS 2251 DEB
1 34122U 93036KT  15283.82443606 +.00001117 +00000-0 +32051-3 0  9999
2 34122 074.0457 224.5290 0117517 332.3314 056.4083 14.42184931349274
0 COSMOS 2251 DEB
1 34122U 93036KT  15284.53545289  .00001129  00000-0  32378-3 0  9993
2 34122  74.0458 223.2110 0117546 330.8483 147.9051 14.42186939349444
0 COSMOS 2251 DEB
1 34122U 93036KT  15284.94356961 +.00001106 +00000-0 +31727-3 0  9997
2 34122 074.0458 222.4545 0117555 330.0216 106.7653 14.42187903349435
0 COSMOS 2251 DEB
1 34122U 93036KT  15285.83614338 +.00001086 +00000-0 +31188-3 0  9999
2 34122 074.0459 220.8000 0117570 328.1593 060.8888 14.42190065349564
0 COSMOS 2251 DEB
1 34122U 93036KT  15286.88149706  .00001090  00000-0  31283-3 0  9998
2 34122  74.0460 218.8623 0117573 325.9747  88.2395 14.42192767349785
0 COSMOS 2251 DEB
1 34122U 93036KT  15287.85258352 +.00001281 +00000-0 +36617-3 0  9992
2 34122 074.0462 217.0623 0117589 323.9579 089.9997 14.42196189349852
0 COSMOS 2251 DEB
1 34122U 93036KT  15288.89424557  .00001366  00000-0  39003-3 0  9995
2 34122  74.0463 215.1315 0117615 321.7931  98.1916 14.42199281350073
0 COSMOS 2251 DEB
1 34122U 93036KT  15289.86436110 +.00001449 +00000-0 +41294-3 0  9998
2 34122 074.0464 213.3334 0117629 319.7710 094.9387 14.42202342350149
0 COSMOS 2251 DEB
1 34122U 93036KT  15290.83530249 +.00001467 +00000-0 +41804-3 0  9992
2 34122 074.0464 211.5337 0117637 317.7489 095.9829 14.42205253350283
0 COSMOS 2251 DEB
1 34122U 93036KT  15291.20200971  .00001555  00000-0  44268-3 0  9995
2 34122  74.0465 210.8539 0117641 316.9866 199.8990 14.42206937350402
0 COSMOS 2251 DEB
1 34122U 93036KT  15291.87736204 +.00001650 +00000-0 +46914-3 0  9997
2 34122 074.0466 209.6022 0117646 315.5845 106.2790 14.42209759350431
0 COSMOS 2251 DEB
1 34122U 93036KT  15292.84826005 +.00001788 +00000-0 +50767-3 0  9997
2 34122 074.0466 207.8025 0117633 313.5671 107.1247 14.42214039350574
0 COSMOS 2251 DEB
1 34122U 93036KT  15293.21476863  .00001874  00000-0  53159-3 0  9996
2 34122  74.0466 207.1232 0117638 312.8056 210.0188 14.42215825350696
0 COSMOS 2251 DEB
1 34122U 93036KT  15293.89081874 +.00001871 +00000-0 +53062-3 0  9994
2 34122 074.0466 205.8701 0117642 311.4034 120.0414 14.42218501350728
0 COSMOS 2251 DEB
1 34122U 93036KT  15294.79068484 +.00001858 +00000-0 +52702-3 0  9991
2 34122 074.0466 204.2021 0117632 309.5248 112.1267 14.42221884350850
0 COSMOS 2251 DEB
1 34122U 93036KT  15295.21882993  .00001925  00000-0  54580-3 0  9999
2 34122  74.0471 203.4084 0117640 308.6480 175.0342 14.42224188350989
0 COSMOS 2251 DEB
1 34122U 93036KT  15295.83102929 +.00001888 +00000-0 +53537-3 0  9990
2 34122 074.0472 202.2736 0117638 307.3784 113.5635 14.42226602351000
0 COSMOS 2251 DEB
1 34122U 93036KT  15296.80086840 +.00001740 +00000-0 +49421-3 0  9995
2 34122 074.0471 200.4758 0117618 305.3551 108.9750 14.42230014351144
0 COSMOS 2251 DEB
1 34122U 93036KT  15297.43731748  .00002002  00000-0  56702-3 0  9991
2 34122  74.0472 199.2960 0117613 304.0370 173.4211 14.42233334351300
0 COSMOS 2251 DEB
1 34122U 93036KT  15297.84390913 +.00001899 +00000-0 +53828-3 0  9990
2 34122 074.0472 198.5424 0117609 303.1941 124.4500 14.42234652351295
0 COSMOS 2251 DEB
1 34122U 93036KT  15298.81358578 +.00001695 +00000-0 +48138-3 0  9991
2 34122 074.0462 196.7450 0117600 301.1741 119.0407 14.42237060351438
0 COSMOS 2251 DEB
1 34122U 93036KT  15299.85638751  .00001466  00000-0  41757-3 0  9996
2 34122  74.0462 194.8120 0117585 299.0114 133.2990 14.42239533351658
0 COSMOS 2251 DEB
1 34122U 93036KT  15300.82789903 +.00001288 +00000-0 +36797-3 0  9992
2 34122 074.0461 193.0111 0117572 296.9889 137.4325 14.42241725351721
0 COSMOS 2251 DEB
1 34122U 93036KT  15301.79670025 +.00001190 +00000-0 +34055-3 0  9990
2 34122 074.0461 191.2152 0117565 294.9819 127.4930 14.42244074351865
0 COSMOS 2251 DEB
1 34122U 93036KT  15302.16123759  .00001159  00000-0  33203-3 0  9998
2 34122  74.0461 190.5395 0117559 294.2278 220.1883 14.42244904351984
0 COSMOS 2251 DEB
1 34122U 93036KT  15302.76955509 +.00001148 +00000-0 +32883-3 0  9991
2 34122 074.0461 189.4118 0117543 292.9653 138.6095 14.42246544352003
0 COSMOS 2251 DEB
1 34122U 93036KT  15303.73734597 +.00001115 +00000-0 +31973-3 0  9994
2 34122 074.0461 187.6178 0117517 290.9562 123.4445 14.42248865352141
0 COSMOS 2251 DEB
1 34122U 93036KT  15304.37453794  .00001074  00000-0  30817-3 0  9992
2 34122  74.0460 186.4366 0117512 289.6354 191.7891 14.42250136352300
0 COSMOS 2251 DEB
1 34122U 93036KT  15304.77974480 +.00001031 +00000-0 +29627-3 0  9996
2 34122 074.0460 185.6856 0117491 288.7885 135.6590 14.42250798352295
0 COSMOS 2251 DEB
1 34122U 93036KT  15305.67533152 +.00001220 +00000-0 +34889-3 0  9999
2 34122 074.0458 184.0254 0117469 286.9249 105.6226 14.42253822352425
0 COSMOS 2251 DEB
1 34122U 93036KT  15306.38463231  .00001223  00000-0  34966-3 0  9997
2 34122  74.0457 182.7104 0117452 285.4524 188.3723 14.42255265352596
0 COSMOS 2251 DEB
1 34122U 93036KT  15306.72005096 +.00001195 +00000-0 +34187-3 0  9999
2 34122 074.0457 182.0887 0117437 284.7550 129.8980 14.42255903352573
0 COSMOS 2251 DEB
1 34122U 93036KT  15307.76269450 +.00001070 +00000-0 +30710-3 0  9990
2 34122 074.0455 180.1558 0117396 282.5885 143.4035 14.42257347352720
0 COSMOS 2251 DEB
1 34122U 93036KT  15308.73310647  .00001068  00000-0  30644-3 0  9996
2 34122  74.0454 178.3568 0117375 280.5698 141.8877 14.42259441352932
0 COSMOS 2251 DEB
1 34122U 93036KT  15309.70280050 +.00000969 +00000-0 +27901-3 0  9999
2 34122 074.0452 176.5591 0117344 278.5545 136.6473 14.42260896353009
0 COSMOS 2251 DEB
1 34122U 93036KT  15310.59892964 +.00000902 +00000-0 +26024-3 0  9993
2 34122 074.0451 174.8978 0117313 276.6911 109.4558 14.42262273353137
0 COSMOS 2251 DEB
1 34122U 93036KT  15311.10376946  .00000926  00000-0  26691-3 0  9994
2 34122  74.0450 173.9618 0117298 275.6402 210.6483 14.42263407353270
0 COSMOS 2251 DEB
1 34122U 93036KT  15311.71523204 +.00001056 +00000-0 +30320-3 0  9991
2 34122 074.0450 172.8283 0117276 274.3697 145.4436 14.42265575353297
0 COSMOS 2251 DEB
1 34122U 93036KT  15312.96465428 +.00001026 +00000-0 +29482-3 0  9996
2 34122 074.0448 170.5118 0117246 271.7652 152.6263 14.42268300353472
0 COSMOS 2251 DEB
1 34122U 93036KT  15313.32145928  .00001131  00000-0  32403-3 0  9991
2 34122  74.0447 169.8503 0117234 271.0223 205.2122 14.42269748353593
0 COSMOS 2251 DEB
1 34122U 93036KT  15314.55090095 +.00001183 +00000-0 +33863-3 0  9999
2 34122 074.0446 167.5709 0117189 268.4587 108.6721 14.42273072353706
0 COSMOS 2251 DEB
1 34122U 93036KT  15315.59414125  .00001148  00000-0  32881-3 0  9998
2 34122  74.0445 165.6368 0117161 266.2939 125.3428 14.42275410353924
0 COSMOS 2251 DEB
1 34122U 93036KT  15315.94749022 +.00001196 +00000-0 +34224-3 0  9990
2 34122 074.0445 164.9817 0117153 265.5598 159.9915 14.42276576353905
0 COSMOS 2251 DEB
1 34122U 93036KT  15316.91804578 +.00001013 +00000-0 +29111-3 0  9993
2 34122 074.0444 163.1823 0117115 263.5382 159.2899 14.42277933354047
0 COSMOS 2251 DEB
1 34122U 93036KT  15317.97005039 +.00001108 +00000-0 +31767-3 0  9990
2 34122 074.0443 161.2320 0117089 261.3460 221.4991 14.42281083354192
0 COSMOS 2251 DEB
1 34122U 93036KT  15318.04593109  .00001106  00000-0  31718-3 0  9993
2 34122  74.0443 161.0913 0117089 261.1856 255.4888 14.42281268354271
0 COSMOS 2251 DEB
1 34122U 93036KT  15318.65230303 +.00001119 +00000-0 +32081-3 0  9992
2 34122 074.0443 159.9671 0117061 259.9240 163.8896 14.42282791354295
0 COSMOS 2251 DEB
1 34122U 93036KT  15319.90105416 +.00001083 +00000-0 +31058-3 0  9990
2 34122 074.0442 157.6519 0117024 257.3233 167.6616 14.42285591354476
0 COSMOS 2251 DEB
1 34122U 93036KT  15320.51777009  .00001223  00000-0  34962-3 0  9995
2 34122  74.0441 156.5085 0116991 256.0411 129.7837 14.42288060354633
0 COSMOS 2251 DEB
1 34122U 93036KT  15320.95148891 +.00001319 +00000-0 +37646-3 0  9992
2 34122 074.0441 155.7043 0116981 255.1385 221.7481 14.42289739354628
0 COSMOS 2251 DEB
1 34122U 93036KT  15321.63437948 +.00001383 +00000-0 +39432-3 0  9998
2 34122 074.0440 154.4382 0116961 253.7133 167.4737 14.42291882354725
0 COSMOS 2251 DEB
1 34122U 93036KT  15322.88358889  .00001561  00000-0  44400-3 0  9991
2 34122  74.0440 152.1221 0116929 251.1151 173.6667 14.42296542354974
0 COSMOS 2251 DEB
1 34122U 93036KT  15322.97009647 +.00001525 +00000-0 +43382-3 0  9994
2 34122 074.0440 151.9618 0116920 250.9388 262.8318 14.42296631354918
0 COSMOS 2251 DEB
1 34122U 93036KT  15323.85396098 +.00001560 +00000-0 +44351-3 0  9997
2 34122 074.0440 150.3230 0116903 249.0963 172.0841 14.42299648355049
0 COSMOS 2251 DEB
1 34122U 93036KT  15324.89574139 +.00001496 +00000-0 +42580-3 0  9996
2 34122 074.0440 148.3913 0116872 246.9273 181.2848 14.42302685355190
0 COSMOS 2251 DEB
1 34122U 93036KT  15324.98269470  .00001494  00000-0  42512-3 0  9998
2 34122  74.0439 148.2301 0116871 246.7434 272.7731 14.42302962355278
0 COSMOS 2251 DEB
1 34122U 93036KT  15325.94660203 +.00001544 +00000-0 +43920-3 0  9994
2 34122 074.0440 146.4429 0116844 244.7401 237.6481 14.42306605355341
0 COSMOS 2251 DEB
1 34122U 93036KT  15326.92342616 +.00001562 +00000-0 +44416-3 0  9999
2 34122 074.0440 144.6317 0116817 242.7083 269.6034 14.42310121355483
0 COSMOS 2251 DEB
1 34122U 93036KT  15327.95860519  .00001617  00000-0  45943-3 0  9997
2 34122  74.0441 142.7124 0116790 240.5550 244.5675 14.42314009355701
0 COSMOS 2251 DEB
1 34122U 93036KT  15327.95860519 +.00001617 +00000-0 +45943-3 0  9997
2 34122 074.0441 142.7124 0116790 240.5550 244.5675 14.42314009355633
0 COSMOS 2251 DEB
1 34122U 93036KT  15328.92966196 +.00001568 +00000-0 +44562-3 0  9994
2 34122 074.0442 140.9119 0116768 238.5344 246.6024 14.42317141355777
0 COSMOS 2251 DEB
1 34122U 93036KT  15329.90812035 +.00001762 +00000-0 +49971-3 0  9990
2 34122 074.0442 139.0977 0116757 236.5096 287.0697 14.42321597355919
0 COSMOS 2251 DEB
1 34122U 93036KT  15330.43657179  .00001630  00000-0  46299-3 0  9990
2 34122  74.0442 138.1179 0116752 235.4131 150.9620 14.42322527356061
0 COSMOS 2251 DEB
1 34122U 93036KT  15330.94187602 +.00001504 +00000-0 +42784-3 0  9990
2 34122 074.0442 137.1810 0116746 234.3698 254.6668 14.42323544356065
0 COSMOS 2251 DEB
1 34122U 93036KT  15331.91936153 +.00001541 +00000-0 +43818-3 0  9991
2 34122 074.0443 135.3686 0116736 232.3432 290.1072 14.42326929356200
0 COSMOS 2251 DEB
1 34122U 93036KT  15332.52314789  .00001688  00000-0  47911-3 0  9994
2 34122  74.0443 134.2491 0116723 231.0895 185.1810 14.42329702356369
0 COSMOS 2251 DEB
1 34122U 93036KT  15332.88865248 +.00001667 +00000-0 +47329-3 0  9994
2 34122 074.0443 133.5714 0116715 230.3395 283.0043 14.42330781356340
0 COSMOS 2251 DEB
1 34122U 93036KT  15333.84362480 +.00001655 +00000-0 +46992-3 0  9993
2 34122 074.0444 131.8007 0116700 228.3646 201.5639 14.42333716356489
0 COSMOS 2251 DEB
1 34122U 93036KT  15334.81426135  .00001906  00000-0  53966-3 0  9997
2 34122  74.0444 130.0009 0116684 226.3558 201.4777 14.42338543356691
0 COSMOS 2251 DEB
1 34122U 93036KT  15334.90026987 +.00001925 +00000-0 +54498-3 0  9990
2 34122 074.0444 129.8414 0116676 226.1772 288.0681 14.42338976356633
0 COSMOS 2251 DEB
1 34122U 93036KT  15335.85546624 +.00001805 +00000-0 +51158-3 0  9997
2 34122 074.0445 128.0703 0116658 224.1968 207.8197 14.42341441356778
0 COSMOS 2251 DEB
1 34122U 93036KT  15336.84210988  .00001696  00000-0  48118-3 0  9998
2 34122  74.0447 126.2410 0116634 222.1513 290.8712 14.42344211356989
0 COSMOS 2251 DEB
1 34122U 93036KT  15336.91461692 +.00001686 +00000-0 +47849-3 0  9995
2 34122 074.0447 126.1065 0116635 222.0017 307.3565 14.42344389356923
0 COSMOS 2251 DEB
1 34122U 93036KT  15337.88435348 +.00001663 +00000-0 +47182-3 0  9996
2 34122 074.0448 124.3085 0116615 219.9907 302.6321 14.42347522357063
0 COSMOS 2251 DEB
1 34122U 93036KT  15338.84782363  .00001638  00000-0  46508-3 0  9998
2 34122  74.0449 122.5221 0116586 217.9944 265.3805 14.42350703357272
0 COSMOS 2251 DEB
1 34122U 93036KT  15339.89569625 +.00001833 +00000-0 +51939-3 0  9999
2 34122 074.0450 120.5791 0116568 215.8337 306.3867 14.42355420357351
0 COSMOS 2251 DEB
1 34122U 93036KT  15340.86576772  .00002039  00000-0  57657-3 0  9991
2 34122  74.0451 118.7805 0116539 213.8237 303.4395 14.42360013357563
0 COSMOS 2251 DEB
1 34122U 93036KT  15340.86576772 +.00002039 +00000-0 +57657-3 0  9991
2 34122 074.0451 118.7805 0116539 213.8237 303.4395 14.42360013357495
0 COSMOS 2251 DEB
1 34122U 93036KT  15341.83019395 +.00002061 +00000-0 +58285-3 0  9995
2 34122 074.0452 116.9923 0116514 211.8300 271.1866 14.42363611357636
0 COSMOS 2251 DEB
1 34122U 93036KT  15342.79166762 +.00002057 +00000-0 +58165-3 0  9994
2 34122 074.0453 115.2096 0116487 209.8436 223.6147 14.42367174357773
0 COSMOS 2251 DEB
1 34122U 93036KT  15343.07795462  .00001795  00000-0  50845-3 0  9996
2 34122  74.0453 114.6787 0116482 209.2570 270.1493 14.42366796357883
0 COSMOS 2251 DEB
1 34122U 93036KT  15343.77081031 +.00002100 +00000-0 +59348-3 0  9991
2 34122 074.0453 113.3939 0116472 207.8186 267.8045 14.42371120357911
0 COSMOS 2251 DEB
1 34122U 93036KT  15344.82005918 +.00002380 +00000-0 +67153-3 0  9991
2 34122 074.0454 111.4485 0116413 205.6604 316.0309 14.42377170358061
0 COSMOS 2251 DEB
1 34122U 93036KT  15345.42405828  .00002520  00000-0  71048-3 0  9996
2 34122  74.0463 110.3285 0116391 204.4258 212.2928 14.42379474358225
0 COSMOS 2251 DEB
1 34122U 93036KT  15345.78304332 +.00002470 +00000-0 +69644-3 0  9996
2 34122 074.0463 109.6626 0116403 203.6804 276.3361 14.42380777358205
0 COSMOS 2251 DEB
1 34122U 93036KT  15346.76110265 +.00002524 +00000-0 +71159-3 0  9999
2 34122 074.0465 107.8491 0116333 201.6666 314.9454 14.42385852358349
0 COSMOS 2251 DEB
1 34122U 93036KT  15347.43676338  .00002480  00000-0  69935-3 0  9992
2 34122  74.0465 106.5962 0116300 200.2694 223.3552 14.42389237358510
0 COSMOS 2251 DEB
1 34122U 93036KT  15347.80102059 +.00002439 +00000-0 +68793-3 0  9992
2 34122 074.0467 105.9211 0116271 199.5207 314.7810 14.42390908358495
0 COSMOS 2251 DEB
1 34122U 93036KT  15348.76530572 +.00002471 +00000-0 +69662-3 0  9995
2 34122 074.0466 104.1331 0116214 197.5272 281.9098 14.42395894358633
0 COSMOS 2251 DEB
1 34122U 93036KT  15349.37733487 +.00003171 +00000-0 +89153-3 0  9998
2 34122 074.0466 102.9984 0116171 196.2631 219.9361 14.42401969358725
0 COSMOS 2251 DEB
1 34122U 93036KT  15350.01435333  .00003059  00000-0  86049-3 0  9996
2 34122  74.0467 101.8173 0116147 194.9331 287.7401 14.42405191358885
0 COSMOS 2251 DEB
1 34122U 93036KT  15350.78414846 +.00002786 +00000-0 +78441-3 0  9999
2 34122 074.0466 100.3899 0116103 193.3572 324.9860 14.42408891358923
0 COSMOS 2251 DEB
1 34122U 93036KT  15351.75390911 +.00002361 +00000-0 +66588-3 0  9991
2 34122 074.0465 098.5916 0116062 191.3490 320.6149 14.42413306359067
0 COSMOS 2251 DEB
1 34122U 93036KT  15352.02446941  .00002336  00000-0  65896-3 0  9990
2 34122  74.0465  98.0900 0116037 190.7891 285.5429 14.42414804359171
0 COSMOS 2251 DEB
1 34122U 93036KT  15352.72698021 +.00002585 +00000-0 +72835-3 0  9992
2 34122 074.0465 096.7872 0115998 189.3363 333.4476 14.42419282359201
0 COSMOS 2251 DEB
1 34122U 93036KT  15353.76725329 +.00002514 +00000-0 +70859-3 0  9995
2 34122 074.0466 094.8583 0115910 187.1962 335.2454 14.42424382359354
0 COSMOS 2251 DEB
1 34122U 93036KT  15354.29687490  .00002583  00000-0  72773-3 0  9993
2 34122  74.0467  93.8762 0115869 186.1023 205.4107 14.42427441359502
0 COSMOS 2251 DEB
1 34122U 93036KT  15354.73795874 +.00002494 +00000-0 +70291-3 0  9992
2 34122 074.0467 093.0583 0115840 185.1903 335.8315 14.42429531359499
0 COSMOS 2251 DEB
1 34122U 93036KT  15355.70906513 +.00003458 +00000-0 +97122-3 0  9997
2 34122 074.0469 091.2576 0115740 183.1752 338.5407 14.42439361359632
0 COSMOS 2251 DEB
1 34122U 93036KT  15356.38493291  .00003152  00000-0  88598-3 0  9994
2 34122  74.0473  90.0042 0115682 181.7772 248.1572 14.42443793359805
0 COSMOS 2251 DEB
1 34122U 93036KT  15356.67205134 +.00003173 +00000-0 +89199-3 0  9994
2 34122 074.0473 089.4717 0115654 181.1822 299.0999 14.42446218359774
0 COSMOS 2251 DEB
1 34122U 93036KT  15357.35485852 +.00002491 +00000-0 +70205-3 0  9997
2 34122 074.0475 088.2056 0115609 179.7534 244.7855 14.42449859359875
0 COSMOS 2251 DEB
1 34122U 93036KT  15358.68358506  .00002342  00000-0  66046-3 0  9992
2 34122  74.0475  85.7417 0115498 177.0065 304.5960 14.42457021360137
0 COSMOS 2251 DEB
1 34122U 93036KT  15358.96042918 +.00002301 +00000-0 +64897-3 0  9997
2 34122 074.0476 085.2284 0115470 176.4311 302.1995 14.42458415360109
0 COSMOS 2251 DEB
1 34122U 93036KT  15359.93243435 +.00002011 +00000-0 +56827-3 0  9994
2 34122 074.0474 083.4260 0115396 174.4073 309.6638 14.42462014360242
0 COSMOS 2251 DEB
1 34122U 93036KT  15360.76873176  .00001960  00000-0  55406-3 0  9992
2 34122  74.0473  81.8752 0115308 172.6753 332.4222 14.42465605360430
0 COSMOS 2251 DEB
1 34122U 93036KT  15361.67177082 +.00001880 +00000-0 +53194-3 0  9999
2 34122 074.0471 080.2006 0115230 170.7920 341.7833 14.42469153360491
0 COSMOS 2251 DEB
1 34122U 93036KT  15362.91428331  .00001417  00000-0  40274-3 0  9994
2 34122  74.0468  77.8965 0115133 168.1999 314.0021 14.42472490360740
0 COSMOS 2251 DEB
1 34122U 93036KT  15362.91428331 +.00001417 +00000-0 +40274-3 0  9994
2 34122 074.0468 077.8965 0115133 168.1999 314.0021 14.42472490360672
0 COSMOS 2251 DEB
1 34122U 93036KT  15363.67733547 +.00001492 +00000-0 +42367-3 0  9994
2 34122 074.0467 076.4814 0115054 166.6143 316.4414 14.42475161360787
0 COSMOS 2251 DEB
1 34122U 93036KT  15364.65390696 +.00001559 +00000-0 +44239-3 0  9991
2 34122 074.0461 074.6704 0114989 164.5570 347.6986 14.42478144360926
0 COSMOS 2251 DEB
1 34122U 93036KT  15365.18595957  .00001215  00000-0  34666-3 0  9999
2 34122  74.0460  73.6837 0114928 163.4532 230.5923 14.42478099361077
0 COSMOS 2251 DEB
1 34122U 93036KT  15365.89592655 +.00001595 +00000-0 +45235-3 0  9994
2 34122 074.0460 072.3671 0114877 161.9641 317.4039 14.42482735361105
0 COSMOS 2251 DEB
1 34122U 93036KT  16001.58957366 +.00001472 +00000-0 +41816-3 0  9997
2 34122 074.0460 071.0807 0114818 160.5153 319.4640 14.42484411361204
0 COSMOS 2251 DEB
1 34122U 93036KT  16002.19684767  .00001247  00000-0  35542-3 0  9996
2 34122  74.0459  69.9544 0114758 159.2431 233.0011 14.42485124361365
0 COSMOS 2251 DEB
1 34122U 93036KT  16002.62956970 +.00001366 +00000-0 +38877-3 0  9998
2 34122 074.0458 069.1518 0114731 158.3365 320.1052 14.42487215361359
0 COSMOS 2251 DEB
1 34122U 93036KT  16003.87770984 +.00001363 +00000-0 +38794-3 0  9990
2 34122 074.0458 066.8371 0114614 155.7201 321.6456 14.42491252361530
0 COSMOS 2251 DEB
1 34122U 93036KT  16004.21268725  .00001185  00000-0  33820-3 0  9991
2 34122  74.0457  66.2159 0114577 155.0188 261.1699 14.42491297361651
0 COSMOS 2251 DEB
1 34122U 93036KT  16004.64967095 +.00001216 +00000-0 +34704-3 0  9991
2 34122 074.0458 065.4056 0114520 154.1064 010.4088 14.42492753361644
0 COSMOS 2251 DEB
1 34122U 93036KT  16005.61979988 +.00001189 +00000-0 +33945-3 0  9998
2 34122 074.0457 063.6063 0114428 152.0666 008.2708 14.42495471361782
0 COSMOS 2251 DEB
1 34122U 93036KT  16006.22415303  .00001048  00000-0  30024-3 0  9991
2 34122  74.0456  62.4855 0114366 150.7942 266.6720 14.42496480361943
0 COSMOS 2251 DEB
1 34122U 93036KT  16006.85960944 +.00001162 +00000-0 +33186-3 0  9995
2 34122 074.0456 061.3070 0114307 149.4564 326.5977 14.42498960361967
0 COSMOS 2251 DEB
1 34122U 93036KT  16007.83180751 +.00001100 +00000-0 +31466-3 0  9995
2 34122 074.0455 059.5038 0114228 147.4075 335.2294 14.42501206362100
0 COSMOS 2251 DEB
1 34122U 93036KT  16008.23677104  .00001136  00000-0  32463-3 0  9990
2 34122  74.0455  58.7528 0114190 146.5537 278.2109 14.42502436362237
0 COSMOS 2251 DEB
1 34122U 93036KT  16008.52596440 +.00001048 +00000-0 +30025-3 0  9999
2 34122 074.0454 058.2164 0114163 145.9455 339.9931 14.42502523362201
0 COSMOS 2251 DEB
1 34122U 93036KT  16009.89986536 +.00001089 +00000-0 +31151-3 0  9995
2 34122 074.0454 055.6682 0114045 143.0392 274.7061 14.42506281362402
0 COSMOS 2251 DEB
1 34122U 93036KT  16010.53588471  .00001063  00000-0  30448-3 0  9994
2 34122  74.0454  54.4886 0113995 141.6959 337.5767 14.42507635362563
0 COSMOS 2251 DEB
1 34122U 93036KT  16010.61321281 +.00001083 +00000-0 +30984-3 0  9994
2 34122 074.0454 054.3453 0113985 141.5314 019.1466 14.42507987362508
0 COSMOS 2251 DEB
1 34122U 93036KT  16011.58419088 +.00001099 +00000-0 +31450-3 0  9990
2 34122 074.0453 052.5444 0113904 139.4758 021.4839 14.42510479362641
0 COSMOS 2251 DEB
1 34122U 93036KT  16012.55487516  .00001325  00000-0  37734-3 0  9992
2 34122  74.0453  50.7441 0113832 137.4202  22.3085 14.42514327362852
0 COSMOS 2251 DEB
1 34122U 93036KT  16013.79529142 +.00001225 +00000-0 +34966-3 0  9994
2 34122 074.0452 048.4434 0113729 134.7863 343.8825 14.42516881362967
0 COSMOS 2251 DEB
1 34122U 93036KT  16015.17142248  .00001086  00000-0  31095-3 0  9991
2 34122  74.0452  45.8911 0113616 131.8586 290.2553 14.42519528363238
0 COSMOS 2251 DEB
1 34122U 93036KT  16015.52964852 +.00001084 +00000-0 +31025-3 0  9994
2 34122 074.0452 045.2267 0113583 131.0954 350.5592 14.42520366363213
0 COSMOS 2251 DEB
1 34122U 93036KT  16016.77717801 +.00001110 +00000-0 +31748-3 0  9994
2 34122 074.0451 042.9127 0113506 128.4385 349.1115 14.42523409363399
0 COSMOS 2251 DEB
1 34122U 93036KT  16017.54143527  .00001082  00000-0  30968-3 0  9999
2 34122  74.0451  41.4953 0113444 126.8078 357.9887 14.42524950363577
0 COSMOS 2251 DEB
1 34122U 93036KT  16017.87584144 +.00001023 +00000-0 +29320-3 0  9994
2 34122 074.0451 040.8750 0113424 126.0930 294.6020 14.42525392363557
0 COSMOS 2251 DEB
1 34122U 93036KT  16018.51752315 +.00001077 +00000-0 +30830-3 0  9990
2 34122 074.0451 039.6848 0113387 124.7264 026.9320 14.42527006363647
0 COSMOS 2251 DEB
1 34122U 93036KT  16019.81702683  .00001167  00000-0  33349-3 0  9995
2 34122  74.0451  37.2745 0113313 121.9517 295.4294 14.42530292363909
0 COSMOS 2251 DEB
1 34122U 93036KT  16020.85912734 +.00001146 +00000-0 +32763-3 0  9997
2 34122 074.0451 035.3415 0113273 119.7292 307.2046 14.42532430363983
0 COSMOS 2251 DEB
1 34122U 93036KT  16021.49439884 +.00001206 +00000-0 +34441-3 0  9990
2 34122 074.0452 034.1632 0113238 118.3693 006.2723 14.42534354364079
0 COSMOS 2251 DEB
1 34122U 93036KT  16022.10672042  .00001173  00000-0  33508-3 0  9990
2 34122  74.0451  33.0274 0113223 117.0701 306.1473 14.42535671364233
0 COSMOS 2251 DEB
1 34122U 93036KT  16022.47208782 +.00001212 +00000-0 +34612-3 0  9997
2 34122 074.0452 032.3497 0113209 116.2918 043.5587 14.42536800364219
0 COSMOS 2251 DEB
1 34122U 93036KT  16023.97251230 +.00001122 +00000-0 +32086-3 0  9992
2 34122 074.0452 029.5667 0113158 113.0677 275.5372 14.42539862364430
0 COSMOS 2251 DEB
1 34122U 93036KT  16024.19983020  .00001109  00000-0  31717-3 0  9991
2 34122  74.0453  29.1451 0113152 112.5867  16.0350 14.42540341364536
0 COSMOS 2251 DEB
1 34122U 93036KT  16024.47642221 +.00001057 +00000-0 +30264-3 0  9995
2 34122 074.0453 028.6321 0113143 111.9932 012.4290 14.42540673364500
0 COSMOS 2251 DEB
1 34122U 93036KT  16025.44650692 +.00001067 +00000-0 +30561-3 0  9995
2 34122 074.0453 026.8328 0113116 109.9163 010.2634 14.42543068364644
0 COSMOS 2251 DEB
1 34122U 93036KT  16026.42519428  .00000968  00000-0  27788-3 0  9991
2 34122  74.0453  25.0176 0113101 107.8189  52.7795 14.42544655364850
0 COSMOS 2251 DEB
1 34122U 93036KT  16026.95353529 +.00000913 +00000-0 +26263-3 0  9994
2 34122 074.0454 024.0376 0113098 106.6865 276.5623 14.42545530364865
0 COSMOS 2251 DEB
1 34122U 93036KT  16027.45849582 +.00000977 +00000-0 +28051-3 0  9996
2 34122 074.0454 023.1009 0113088 105.6077 018.9231 14.42546870364930
0 COSMOS 2251 DEB
1 34122U 93036KT  16028.42925184  .00000887  00000-0  25539-3 0  9995
2 34122  74.0455  21.3004 0113085 103.5254  20.2648 14.42548184365149
0 COSMOS 2251 DEB
1 34122U 93036KT  16028.76410266 +.00000929 +00000-0 +26703-3 0  9993
2 34122 074.0455 020.6793 0113084 102.8058 319.2203 14.42549114365129
0 COSMOS 2251 DEB
1 34122U 93036KT  16029.93721293 +.00000920 +00000-0 +26440-3 0  9997
2 34122 074.0456 018.5033 0113084 100.3019 291.4289 14.42551174365295
0 COSMOS 2251 DEB
1 34122U 93036KT  16030.70429422  .00000988  00000-0  28337-3 0  9994
2 34122  74.0456  17.0805 0113085  98.6619 315.0521 14.42552936365471
0 COSMOS 2251 DEB
1 34122U 93036KT  16031.94846495 +.00001099 +00000-0 +31445-3 0  9992
2 34122 074.0457 014.7728 0113092 096.0055 296.3119 14.42555910365585
0 COSMOS 2251 DEB
1 34122U 93036KT  16032.78815838  .00001235  00000-0  35219-3 0  9997
2 34122  74.0458  13.2153 0113104  94.2084 337.0427 14.42558408365779
0 COSMOS 2251 DEB
1 34122U 93036KT  16033.75801425 +.00001190 +00000-0 +33981-3 0  9996
2 34122 074.0459 011.4165 0113122 092.1296 333.7451 14.42560094365847
0 COSMOS 2251 DEB
1 34122U 93036KT  16034.93049324 +.00001101 +00000-0 +31487-3 0  9990
2 34122 074.0460 009.2418 0113147 089.6264 302.7228 14.42562210366018
0 COSMOS 2251 DEB
1 34122U 93036KT  16035.08724551  .00001096  00000-0  31348-3 0  9998
2 34122  74.0460   8.9511 0113147  89.2927  36.7764 14.42562516366108
0 COSMOS 2251 DEB
1 34122U 93036KT  16035.90108409 +.00001165 +00000-0 +33282-3 0  9993
2 34122 074.0461 007.4416 0113169 087.5567 303.2528 14.42564883366156
0 COSMOS 2251 DEB
1 34122U 93036KT  16036.74044551 +.00001238 +00000-0 +35294-3 0  9999
2 34122 074.0462 005.8848 0113186 085.7632 342.2864 14.42567407366274
0 COSMOS 2251 DEB
1 34122U 93036KT  16037.09819487  .00001270  00000-0  36182-3 0  9999
2 34122  74.0462   5.2213 0113195  85.0006  40.1768 14.42568499366394
0 COSMOS 2251 DEB
1 34122U 93036KT  16037.91246605 +.00001317 +00000-0 +37503-3 0  9996
2 34122 074.0463 003.7111 0113231 083.2608 308.9199 14.42570976366446
0 COSMOS 2251 DEB
1 34122U 93036KT  16038.95731160 +.00001577 +00000-0 +44733-3 0  9997
2 34122 074.0463 001.7731 0113258 081.0392 335.1048 14.42575523366591
0 COSMOS 2251 DEB
1 34122U 93036KT  16039.32426323  .00001838  00000-0  52020-3 0  9999
2 34122  74.0464   1.0926 0113261  80.2586  80.7965 14.42578181366719
0 COSMOS 2251 DEB
1 34122U 93036KT  16039.92798513 +.00001604 +00000-0 +45488-3 0  9999
2 34122 074.0465 359.9728 0113294 078.9696 336.1117 14.42578838366735
0 COSMOS 2251 DEB
1 34122U 93036KT  16040.96988932 +.00001832 +00000-0 +51837-3 0  9999
2 34122 074.0465 358.0402 0113329 076.7541 347.0507 14.42583699366889
0 COSMOS 2251 DEB
1 34122U 93036KT  16041.33347807  .00001985  00000-0  56103-3 0  9991
2 34122  74.0466 357.3659 0113338  75.9798  75.2882 14.42585885367001
0 COSMOS 2251 DEB
1 34122U 93036KT  16041.93929692 +.00001708 +00000-0 +48387-3 0  9993
2 34122 074.0466 356.2422 0113374 074.6910 341.5062 14.42586560367021
0 COSMOS 2251 DEB
1 34122U 93036KT  16042.90997821 +.00002026 +00000-0 +57225-3 0  9995
2 34122 074.0467 354.4418 0113404 072.6309 342.5896 14.42592239367162
0 COSMOS 2251 DEB
1 34122U 93036KT  16043.54710737  .00002153  00000-0  60764-3 0  9998
2 34122  74.0468 353.2600 0113426  71.2791  51.4306 14.42595666367324
0 COSMOS 2251 DEB
1 34122U 93036KT  16043.95176362 +.00002227 +00000-0 +62802-3 0  9990
2 34122 074.0478 352.5096 0113449 070.4027 352.9736 14.42597418367316
0 COSMOS 2251 DEB
1 34122U 93036KT  16044.92221009 +.00002102 +00000-0 +59312-3 0  9991
2 34122 074.0478 350.7097 0113496 068.3413 352.8714 14.42601586367456
0 COSMOS 2251 DEB
1 34122U 93036KT  16045.55658832  .00002616  00000-0  73615-3 0  9991
2 34122  74.0477 349.5330 0113519  66.9978  47.4441 14.42606184367618
0 COSMOS 2251 DEB
1 34122U 93036KT  16045.89192904 +.00002583 +00000-0 +72695-3 0  9991
2 34122 074.0477 348.9111 0113538 066.2892 349.0006 14.42607848367590
0 COSMOS 2251 DEB
1 34122U 93036KT  16046.93410567 +.00002054 +00000-0 +57971-3 0  9998
2 34122 074.0476 346.9780 0113586 064.0776 001.4534 14.42611156367748
0 COSMOS 2251 DEB
1 34122U 93036KT  16047.90396818  .00002635  00000-0  74113-3 0  9990
2 34122  74.0476 345.1790 0113620  62.0261 358.3593 14.42617384367957
0 COSMOS 2251 DEB
1 34122U 93036KT  16048.87520030 +.00002765 +00000-0 +77716-3 0  9998
2 34122 074.0477 343.3775 0113672 059.9731 002.3991 14.42623028368024
0 COSMOS 2251 DEB
1 34122U 93036KT  16049.91617699 +.00002222 +00000-0 +62623-3 0  9991
2 34122 074.0479 341.4466 0113724 057.7673 008.6723 14.42626498368173
0 COSMOS 2251 DEB
1 34122U 93036KT  16049.99653150  .00002213  00000-0  62370-3 0  9990
2 34122  74.0479 341.2977 0113729  57.5988  65.9895 14.42626843368259
0 COSMOS 2251 DEB
1 34122U 93036KT  16050.88700303 +.00002008 +00000-0 +56646-3 0  9994
2 34122 074.0481 339.6460 0113770 055.7126 010.6351 14.42630522368310
0 COSMOS 2251 DEB
1 34122U 93036KT  16051.85575356 +.00001644 +00000-0 +46514-3 0  9998
2 34122 074.0482 337.8492 0113818 053.6668 001.8261 14.42633523368458
0 COSMOS 2251 DEB
1 34122U 93036KT  16052.22287317  .00001447  00000-0  41052-3 0  9990
2 34122  74.0483 337.1683 0113836  52.8889 108.4619 14.42634302368570
0 COSMOS 2251 DEB
1 34122U 93036KT  16052.82638712 +.00001493 +00000-0 +42313-3 0  9997
2 34122 074.0483 336.0489 0113862 051.6140 002.8098 14.42636531368594
0 COSMOS 2251 DEB
1 34122U 93036KT  16053.86808373 +.00001406 +00000-0 +39898-3 0  9992
2 34122 074.0483 334.1169 0113908 049.4120 012.8675 14.42639313368742
0 COSMOS 2251 DEB
1 34122U 93036KT  16054.23378738  .00001443  00000-0  40913-3 0  9992
2 34122  74.0472 333.4386 0113929  48.6531 112.1400 14.42640011368863
0 COSMOS 2251 DEB
1 34122U 93036KT  16054.83766043 +.00001477 +00000-0 +41855-3 0  9991
2 34122 074.0471 332.3185 0113966 047.3818 008.3598 14.42642129368880
0 COSMOS 2251 DEB
1 34122U 93036KT  16055.20239568 +.00001351 +00000-0 +38351-3 0  9998
2 34122 074.0471 331.6420 0113994 046.6070 102.6264 14.42642702368938
0 COSMOS 2251 DEB
1 34122U 93036KT  16056.44543097  .00001480  00000-0  41945-3 0  9996
2 34122  74.0471 329.3364 0114052  43.9814  78.3717 14.42647316369187
0 COSMOS 2251 DEB
1 34122U 93036KT  16056.84991521 +.00001340 +00000-0 +38052-3 0  9999
2 34122 074.0471 328.5861 0114063 043.1306 019.0731 14.42647761369171
0 COSMOS 2251 DEB
1 34122U 93036KT  16057.90080698 +.00001336 +00000-0 +37936-3 0  9996
2 34122 074.0470 326.6368 0114125 040.9133 076.9281 14.42650871369328
0 COSMOS 2251 DEB
1 34122U 93036KT  16058.51302980  .00001361  00000-0  38621-3 0  9995
2 34122  74.0469 325.5012 0114140  39.6223  16.5391 14.42652736369483
0 COSMOS 2251 DEB
1 34122U 93036KT  16058.87139279 +.00001297 +00000-0 +36843-3 0  9995
2 34122 074.0469 324.8365 0114151 038.8663 077.7187 14.42653476369469
0 COSMOS 2251 DEB
1 34122U 93036KT  16059.91282041 +.00001228 +00000-0 +34917-3 0  9991
2 34122 074.0468 322.9047 0114206 036.6703 086.4396 14.42656043369615
0 COSMOS 2251 DEB
1 34122U 93036KT  16060.52530612  .00001250  00000-0  35545-3 0  9993
2 34122  74.0467 321.7686 0114239  35.3734  27.4318 14.42657769369778
0 COSMOS 2251 DEB
1 34122U 93036KT  16060.80239935 +.00001239 +00000-0 +35232-3 0  9998
2 34122 074.0466 321.2547 0114249 034.7899 026.5358 14.42658495369742
0 COSMOS 2251 DEB
1 34122U 93036KT  16061.85356019 +.00001375 +00000-0 +39000-3 0  9995
2 34122 074.0465 319.3048 0114295 032.5758 085.8248 14.42662162369894
0 COSMOS 2251 DEB
1 34122U 93036KT  16062.53675299  .00001405  00000-0  39826-3 0  9995
2 34122  74.0465 318.0376 0114326  31.1408  34.0461 14.42664325370063
0 COSMOS 2251 DEB
1 34122U 93036KT  16062.81416096 +.00001333 +00000-0 +37839-3 0  9996
2 34122 074.0464 317.5230 0114337 030.5543 034.7904 14.42664572370030
0 COSMOS 2251 DEB
1 34122U 93036KT  16063.86688019 +.00001346 +00000-0 +38205-3 0  9990
2 34122 074.0462 315.5702 0114375 028.3407 102.1915 14.42667582370188
0 COSMOS 2251 DEB
1 34122U 93036KT  16064.75374782  .00001460  00000-0  41344-3 0  9993
2 34122  74.0461 313.9251 0114409  26.4750  28.2359 14.42670739370386
0 COSMOS 2251 DEB
1 34122U 93036KT  16065.79661153 +.00001590 +00000-0 +44954-3 0  9993
2 34122 074.0459 311.9904 0114445 024.2773 044.4784 14.42674514370463
0 COSMOS 2251 DEB
1 34122U 93036KT  16066.76638668  .00001618  00000-0  45743-3 0  9994
2 34122  74.0457 310.1914 0114471  22.2391  41.1328 14.42677649370679
0 COSMOS 2251 DEB
1 34122U 93036KT  16067.81697689 +.00001857 +00000-0 +52371-3 0  9999
2 34122 074.0456 308.2424 0114513 020.0402 097.5270 14.42683019370756
0 COSMOS 2251 DEB
1 34122U 93036KT  16068.77924942 +.00001817 +00000-0 +51234-3 0  9993
2 34122 074.0454 306.4572 0114548 018.0085 055.2599 14.42686605370894
0 COSMOS 2251 DEB
1 34122U 93036KT  16069.07156421  .00001803  00000-0  50843-3 0  9996
2 34122  74.0462 305.9153 0114578  17.3925 133.4485 14.42688253371008
0 COSMOS 2251 DEB
1 34122U 93036KT  16069.74880296 +.00001763 +00000-0 +49734-3 0  9996
2 34122 074.0460 304.6588 0114600 015.9644 050.8179 14.42691191371032
0 COSMOS 2251 DEB
1 34122U 93036KT  16070.71877999 +.00001552 +00000-0 +43871-3 0  9993
2 34122 074.0457 302.8591 0114631 013.9315 048.5778 14.42694585371173
0 COSMOS 2251 DEB
1 34122U 93036KT  16071.08231928  .00001641  00000-0  46345-3 0  9998
2 34122  74.0451 302.1843 0114630  13.1702 136.6872 14.42694873371298
0 COSMOS 2251 DEB
1 34122U 93036KT  16071.68795578 +.00001719 +00000-0 +48505-3 0  9996
2 34122 074.0449 301.0607 0114653 011.8932 042.1923 14.42697802371312
0 COSMOS 2251 DEB
1 34122U 93036KT  16072.72985655 +.00001639 +00000-0 +46290-3 0  9999
2 34122 074.0453 299.1278 0114704 009.7102 053.5282 14.42701951371461
0 COSMOS 2251 DEB
1 34122U 93036KT  16073.08872539  .00001531  00000-0  43283-3 0  9995
2 34122  74.0447 298.4619 0114705   8.9569 117.3932 14.42702227371585
0 COSMOS 2251 DEB
1 34122U 93036KT  16073.78048043 +.00001535 +00000-0 +43386-3 0  9995
2 34122 074.0446 297.1785 0114724 007.4982 110.1881 14.42704638371614
0 COSMOS 2251 DEB
1 34122U 93036KT  16074.66966845 +.00001325 +00000-0 +37571-3 0  9998
2 34122 074.0444 295.5287 0114760 005.6310 048.3965 14.42706336371742
0 COSMOS 2251 DEB
1 34122U 93036KT  16075.30619362  .00001595  00000-0  45065-3 0  9995
2 34122  74.0444 294.3478 0114799   4.2879 114.3564 14.42709936371904
0 COSMOS 2251 DEB
1 34122U 93036KT  16075.71320509 +.00001496 +00000-0 +42323-3 0  9996
2 34122 074.0443 293.5926 0114809 003.4408 068.2641 14.42710591371893
0 COSMOS 2251 DEB
1 34122U 93036KT  16076.68160481 +.00001502 +00000-0 +42463-3 0  9997
2 34122 074.0442 291.7958 0114846 001.4074 057.8988 14.42713555372033
0 COSMOS 2251 DEB
1 34122U 93036KT  16077.65143935  .00001438  00000-0  40699-3 0  9997
2 34122  74.0441 289.9964 0114869 359.3723  54.9951 14.42716185372242
0 COSMOS 2251 DEB
1 34122U 93036KT  16078.69521630 +.00001344 +00000-0 +38087-3 0  9998
2 34122 074.0440 288.0596 0114887 357.1892 076.1318 14.42718603372324
0 COSMOS 2251 DEB
1 34122U 93036KT  16079.66338602  .00001270  00000-0  36035-3 0  9990
2 34122  74.0440 286.2632 0114927 355.1526  64.6057 14.42721022372536
0 COSMOS 2251 DEB
1 34122U 93036KT  16080.63314718 +.00001246 +00000-0 +35372-3 0  9997
2 34122 074.0439 284.4638 0114960 353.1159 061.3496 14.42723612372603
0 COSMOS 2251 DEB
1 34122U 93036KT  16081.96322159 +.00001171 +00000-0 +33276-3 0  9990
2 34122 074.0438 281.9958 0114998 350.3269 129.4991 14.42726911372792
0 COSMOS 2251 DEB
1 34122U 93036KT  16082.92376310 +.00001047 +00000-0 +29859-3 0  9999
2 34122 074.0437 280.2135 0115037 348.3080 078.3787 14.42728679372937
0 COSMOS 2251 DEB
1 34122U 93036KT  16083.61689531  .00001076  00000-0  30657-3 0  9998
2 34122  74.0436 278.9272 0115054 346.8522  78.3864 14.42730557373109
0 COSMOS 2251 DEB
1 34122U 93036KT  16084.94486459 +.00000921 +00000-0 +26346-3 0  9997
2 34122 074.0435 276.4630 0115091 344.0602 135.6368 14.42732610373220
0 COSMOS 2251 DEB
1 34122U 93036KT  16085.62811751  .00000905  00000-0  25911-3 0  9999
2 34122  74.0435 275.1951 0115116 342.6322  84.3345 14.42733940373393
0 COSMOS 2251 DEB
1 34122U 93036KT  16085.90558081 +.00000895 +00000-0 +25618-3 0  9996
2 34122 074.0435 274.6803 0115126 342.0499 085.4339 14.42734405373362
0 COSMOS 2251 DEB
1 34122U 93036KT  16086.95611156 +.00000862 +00000-0 +24715-3 0  9996
2 34122 074.0435 272.7308 0115165 339.8408 141.7294 14.42736225373513
0 COSMOS 2251 DEB
1 34122U 93036KT  16087.92656810 +.00000872 +00000-0 +24999-3 0  9995
2 34122 074.0434 270.9300 0115160 337.7930 142.1455 14.42738073373658
0 COSMOS 2251 DEB
1 34122U 93036KT  16088.20367192  .00000869  00000-0  24918-3 0  9996
2 34122  74.0435 270.4160 0115196 337.2199 141.3727 14.42738515373765
0 COSMOS 2251 DEB
1 34122U 93036KT  16088.96792286 +.00000883 +00000-0 +25285-3 0  9999
2 34122 074.0436 268.9978 0115204 335.6159 150.7827 14.42739956373803
0 COSMOS 2251 DEB
1 34122U 93036KT  16089.57921984 +.00000879 +00000-0 +25172-3 0  9996
2 34122 074.0435 267.8635 0115197 334.3292 085.7788 14.42741080373898
0 COSMOS 2251 DEB
1 34122U 93036KT  16090.54884878  .00000893  00000-0  25561-3 0  9993
2 34122  74.0435 266.0642 0115221 332.2957  81.8998 14.42742876374109
0 COSMOS 2251 DEB
1 34122U 93036KT  16090.90818481 +.00000902 +00000-0 +25810-3 0  9998
2 34122 074.0436 265.3974 0115226 331.5350 148.2514 14.42743570374085
0 COSMOS 2251 DEB
1 34122U 93036KT  16091.59148117 +.00000912 +00000-0 +26104-3 0  9994
2 34122 074.0436 264.1294 0115233 330.0927 097.2145 14.42744863374189
0 COSMOS 2251 DEB
1 34122U 93036KT  16092.56190914  .00000896  00000-0  25645-3 0  9994
2 34122  74.0437 262.3286 0115276 328.0560  97.4995 14.42746493374397
0 COSMOS 2251 DEB
1 34122U 93036KT  16092.91959459 +.00000905 +00000-0 +25905-3 0  9990
2 34122 074.0438 261.6649 0115294 327.3005 155.2809 14.42747192374371
0 COSMOS 2251 DEB
1 34122U 93036KT  16093.89033495 +.00000922 +00000-0 +26382-3 0  9990
2 34122 074.0439 259.8636 0115331 325.2595 157.2022 14.42749149374519
0 COSMOS 2251 DEB
1 34122U 93036KT  16094.86113586  .00000887  00000-0  25397-3 0  9993
2 34122  74.0440 258.0622 0115367 323.2183 159.4441 14.42750788374720
0 COSMOS 2251 DEB
1 34122U 93036KT  16095.90136749 +.00000884 +00000-0 +25305-3 0  9991
2 34122 074.0440 256.1318 0115407 321.0321 162.3079 14.42752692374801
0 COSMOS 2251 DEB
1 34122U 93036KT  16096.86190084  .00000889  00000-0  25465-3 0  9991
2 34122  74.0441 254.3495 0115436 319.0182 111.2288 14.42754550375016
0 COSMOS 2251 DEB
1 34122U 93036KT  16097.84253328 +.00000886 +00000-0 +25357-3 0  9998
2 34122 074.0442 252.5300 0115477 316.9626 164.5478 14.42756377375084
0 COSMOS 2251 DEB
1 34122U 93036KT  16098.88336146  .00000898  00000-0  25697-3 0  9993
2 34122  74.0442 250.5985 0115523 314.7832 170.5229 14.42758382375302
0 COSMOS 2251 DEB
1 34122U 93036KT  16099.85377140 +.00000967 +00000-0 +27610-3 0  9994
2 34122 074.0443 248.7978 0115548 312.7565 170.7551 14.42760703375379
0 COSMOS 2251 DEB
1 34122U 93036KT  16100.82461959 +.00000886 +00000-0 +25365-3 0  9991
2 34122 074.0444 246.9965 0115575 310.7092 173.2851 14.42761956375517
0 COSMOS 2251 DEB
1 34122U 93036KT  16101.10129838  .00000881  00000-0  25238-3 0  9994
2 34122  74.0444 246.4830 0115587 310.1294 170.3369 14.42762442375629
0 COSMOS 2251 DEB
1 34122U 93036KT  16101.86528315 +.00000874 +00000-0 +25017-3 0  9997
2 34122 074.0446 245.0656 0115618 308.5230 178.4320 14.42763743375663
0 COSMOS 2251 DEB
1 34122U 93036KT  16102.83547727 +.00000878 +00000-0 +25132-3 0  9995
2 34122 074.0447 243.2654 0115650 306.4851 177.5702 14.42765451375802
0 COSMOS 2251 DEB
1 34122U 93036KT  16103.44613539  .00001006  00000-0  28674-3 0  9996
2 34122  74.0448 242.1323 0115667 305.2053 109.2984 14.42767285375961
0 COSMOS 2251 DEB
1 34122U 93036KT  16103.80577013 +.00001043 +00000-0 +29710-3 0  9995
2 34122 074.0448 241.4649 0115682 304.4482 177.2286 14.42768168375947
0 COSMOS 2251 DEB
1 34122U 93036KT  16104.77654020 +.00001172 +00000-0 +33263-3 0  9997
2 34122 074.0450 239.6636 0115717 302.4141 179.3709 14.42770875376081
0 COSMOS 2251 DEB
1 34122U 93036KT  16105.81667162  .00001050  00000-0  29887-3 0  9996
2 34122  74.0451 237.7337 0115752 300.2319 181.7811 14.42772273376301
0 COSMOS 2251 DEB
1 34122U 93036KT  16106.78753992 +.00001015 +00000-0 +28916-3 0  9993
2 34122 074.0452 235.9323 0115787 298.1871 184.4589 14.42774220376376
0 COSMOS 2251 DEB
1 34122U 93036KT  16107.75744534 +.00000992 +00000-0 +28285-3 0  9995
2 34122 074.0453 234.1327 0115825 296.1496 182.1364 14.42776191376517
0 COSMOS 2251 DEB
1 34122U 93036KT  16108.36447558  .00001094  00000-0  31098-3 0  9999
2 34122  74.0453 233.0064 0115847 294.8761  95.0487 14.42778210376676
0 COSMOS 2251 DEB
1 34122U 93036KT  16108.72854520 +.00001049 +00000-0 +29845-3 0  9997
2 34122 074.0454 232.3309 0115866 294.1144 186.0228 14.42778761376653
0 COSMOS 2251 DEB
1 34122U 93036KT  16109.48432997 +.00001066 +00000-0 +30328-3 0  9998
2 34122 074.0454 230.9286 0115889 292.5295 151.5694 14.42780605376761
0 COSMOS 2251 DEB
1 34122U 93036KT  16110.45333311  .00001033  00000-0  29405-3 0  9995
2 34122  74.0455 229.1307 0115934 290.4959 144.5797 14.42782582376976
0 COSMOS 2251 DEB
1 34122U 93036KT  16110.74073709 +.00000989 +00000-0 +28180-3 0  9997
2 34122 074.0455 228.5974 0115950 289.8906 197.3612 14.42782917376942
0 COSMOS 2251 DEB
1 34122U 93036KT  16111.78613862 +.00000897 +00000-0 +25651-3 0  9990
2 34122 074.0456 226.6578 0116007 287.6982 227.1912 14.42784489377094
0 COSMOS 2251 DEB
1 34122U 93036KT  16112.60397353  .00000888  00000-0  25399-3 0  9995
2 34122  74.0456 225.1403 0116037 285.9815 155.0430 14.42785946377288
0 COSMOS 2251 DEB
1 34122U 93036KT  16113.43644718 +.00000860 +00000-0 +24608-3 0  9999
2 34122 074.0456 223.5957 0116074 284.2339 158.9332 14.42787307377330
0 COSMOS 2251 DEB
1 34122U 93036KT  16114.76194495  .00000805  00000-0  23108-3 0  9991
2 34122  74.0457 221.1363 0116136 281.4580 203.6039 14.42789181377594
0 COSMOS 2251 DEB
1 34122U 93036KT  16115.73207596 +.00000785 +00000-0 +22551-3 0  9994
2 34122 074.0457 219.3363 0116171 279.4280 202.4951 14.42790621377665
0 COSMOS 2251 DEB
1 34122U 93036KT  16116.70343623 +.00000782 +00000-0 +22451-3 0  9990
2 34122 074.0458 217.5340 0116204 277.3951 207.7769 14.42792148377807
0 COSMOS 2251 DEB
1 34122U 93036KT  16116.97961955  .00000754  00000-0  21676-3 0  9990
2 34122  74.0458 217.0215 0116220 276.8157 202.2860 14.42792455377918
0 COSMOS 2251 DEB
1 34122U 93036KT  16117.67437339 +.00000761 +00000-0 +21884-3 0  9991
2 34122 074.0458 215.7325 0116246 275.3631 210.8663 14.42793568377949
0 COSMOS 2251 DEB
1 34122U 93036KT  16118.71411873 +.00000771 +00000-0 +22137-3 0  9995
2 34122 074.0458 213.8033 0116295 273.1924 211.3494 14.42795295378093
0 COSMOS 2251 DEB
1 34122U 93036KT  16119.32483542  .00000794  00000-0  22794-3 0  9999
2 34122  74.0458 212.6701 0116312 271.9121 143.4467 14.42796421378252
0 COSMOS 2251 DEB
1 34122U 93036KT  16119.96088230 +.00000803 +00000-0 +23026-3 0  9994
2 34122 074.0458 211.4899 0116342 270.5864 207.1062 14.42797537378279
0 COSMOS 2251 DEB
1 34122U 93036KT  16120.65557376 +.00000825 +00000-0 +23637-3 0  9996
2 34122 074.0457 210.2010 0116370 269.1316 215.3776 14.42798798378371
0 COSMOS 2251 DEB
1 34122U 93036KT  16121.33677750  .00000840  00000-0  24040-3 0  9997
2 34122  74.0457 208.9371 0116397 267.7072 153.5935 14.42800012378549
0 COSMOS 2251 DEB
1 34122U 93036KT  16121.70134260 +.00000835 +00000-0 +23915-3 0  9996
2 34122 074.0457 208.2607 0116415 266.9504 247.1638 14.42800590378525
0 COSMOS 2251 DEB
1 34122U 93036KT  16122.94216703 +.00000918 +00000-0 +26205-3 0  9993
2 34122 074.0456 205.9584 0116462 264.3598 212.0944 14.42803277378705
0 COSMOS 2251 DEB
1 34122U 93036KT  16123.63725843  .00000929  00000-0  26491-3 0  9999
2 34122  74.0456 204.6688 0116504 262.9103 222.4534 14.42804730378872
0 COSMOS 2251 DEB
1 34122U 93036KT  16125.64763333  .00000894  00000-0  25540-3 0  9993
2 34122  74.0454 200.9386 0116582 258.7153 224.5145 14.42808379379165
0 COSMOS 2251 DEB
1 34122U 93036KT  16126.89544072 +.00000845 +00000-0 +24163-3 0  9994
2 34122 074.0453 198.6233 0116625 256.1133 225.7465 14.42810565379276
0 COSMOS 2251 DEB
1 34122U 93036KT  16127.65942005  .00000832  00000-0  23812-3 0  9993
2 34122  74.0453 197.2057 0116653 254.5219 233.9328 14.42812002379450
0 COSMOS 2251 DEB
1 34122U 93036KT  16128.63498970 +.00000833 +00000-0 +23829-3 0  9998
2 34122 074.0452 195.3955 0116674 252.4885 261.1478 14.42813923379524
0 COSMOS 2251 DEB
1 34122U 93036KT  16129.87664443  .00000780  00000-0  22370-3 0  9996
2 34122  74.0452 193.0916 0116704 249.9018 230.4475 14.42816153379770
0 COSMOS 2251 DEB
1 34122U 93036KT  16130.57054205 +.00000794 +00000-0 +22760-3 0  9992
2 34122 074.0451 191.8040 0116719 248.4564 234.6386 14.42817669379803
0 COSMOS 2251 DEB
1 34122U 93036KT  16131.88626426  .00000848  00000-0  24244-3 0  9996
2 34122  74.0450 189.3627 0116754 245.7179 228.6706 14.42820633380060
0 COSMOS 2251 DEB
1 34122U 93036KT  16132.85779203 +.00000793 +00000-0 +22722-3 0  9994
2 34122 074.0449 187.5600 0116778 243.6936 234.9196 14.42822190380134
0 COSMOS 2251 DEB
1 34122U 93036KT  16133.55224014 +.00000702 +00000-0 +20216-3 0  9993
2 34122 074.0448 186.2714 0116796 242.2461 241.9822 14.42822951380233
0 COSMOS 2251 DEB
1 34122U 93036KT  16134.23348902  .00000688  00000-0  19814-3 0  9997
2 34122  74.0447 185.0072 0116809 240.8272 180.4882 14.42824097380400
0 COSMOS 2251 DEB
1 34122U 93036KT  16134.59185582 +.00000694 +00000-0 +19981-3 0  9991
2 34122 074.0447 184.3422 0116819 240.0853 241.8940 14.42824734380381
0 COSMOS 2251 DEB
1 34122U 93036KT  16135.56283891 +.00000666 +00000-0 +19224-3 0  9990
2 34122 074.0446 182.5405 0116836 238.0669 245.3238 14.42826189380523
0 COSMOS 2251 DEB
1 34122U 93036KT  16136.24602392  .00000711  00000-0  20464-3 0  9996
2 34122  74.0445 181.2727 0116844 236.6469 193.8905 14.42827503380693
0 COSMOS 2251 DEB
1 34122U 93036KT  16136.53285756 +.00000714 +00000-0 +20524-3 0  9999
2 34122 074.0445 180.7405 0116851 236.0535 243.7458 14.42827914380667
0 COSMOS 2251 DEB
1 34122U 93036KT  16137.57415390 +.00000736 +00000-0 +21141-3 0  9993
2 34122 074.0444 178.8082 0116870 233.8869 252.4057 14.42829537380813
0 COSMOS 2251 DEB
1 34122U 93036KT  16138.46423704  .00000753  00000-0  21611-3 0  9991
2 34122  74.0443 177.1565 0116874 232.0335 195.6458 14.42830913381019
0 COSMOS 2251 DEB
1 34122U 93036KT  16139.51530567 +.00000699 +00000-0 +20115-3 0  9991
2 34122 074.0442 175.2062 0116882 229.8440 255.0772 14.42832148381099
0 COSMOS 2251 DEB
1 34122U 93036KT  16140.55580373  .00000663  00000-0  19124-3 0  9996
2 34122  74.0441 173.2752 0116879 227.6869 259.5985 14.42833477381315
0 COSMOS 2251 DEB
1 34122U 93036KT  16140.55580373 +.00000663 +00000-0 +19124-3 0  9996
2 34122 074.0441 173.2752 0116879 227.6869 259.5985 14.42833477381247
0 COSMOS 2251 DEB
1 34122U 93036KT  16142.77332325  .00000604  00000-0  17479-3 0  9990
2 34122  74.0439 169.1602 0116864 223.0603 257.8146 14.42836389381630
0 COSMOS 2251 DEB
1 34122U 93036KT  16143.53721126 +.00000575 +00000-0 +16679-3 0  9994
2 34122 074.0439 167.7427 0116859 221.4664 265.5978 14.42837214381673
0 COSMOS 2251 DEB
1 34122U 93036KT  16144.78285106  .00000548  00000-0  15949-3 0  9994
2 34122  74.0438 165.4312 0116838 218.8706 255.6978 14.42838743381920
0 COSMOS 2251 DEB
1 34122U 93036KT  16145.48335137 +.00000486 +00000-0 +14238-3 0  9993
2 34122 074.0437 164.1312 0116835 217.4058 294.2421 14.42839245381950
0 COSMOS 2251 DEB
1 34122U 93036KT  16146.51899392 +.00000458 +00000-0 +13451-3 0  9991
2 34122 074.0437 162.2094 0116825 215.2418 273.5869 14.42840285382101
0 COSMOS 2251 DEB
1 34122U 93036KT  16147.05480162  .00000467  00000-0  13694-3 0  9991
2 34122  74.0436 161.2150 0116815 214.1198 176.6889 14.42840957382251
0 COSMOS 2251 DEB
1 34122U 93036KT  16147.48932407 +.00000449 +00000-0 +13202-3 0  9997
2 34122 074.0436 160.4086 0116813 213.2070 273.6961 14.42841284382249
0 COSMOS 2251 DEB
1 34122U 93036KT  16148.46476368 +.00000438 +00000-0 +12897-3 0  9992
2 34122 074.0435 158.5984 0116778 211.1617 300.3485 14.42842277382384
0 COSMOS 2251 DEB
1 34122U 93036KT  16149.14213578  .00000434  00000-0  12794-3 0  9992
2 34122  74.0435 157.3413 0116756 209.7437 218.7713 14.42843000382557
0 COSMOS 2251 DEB
1 34122U 93036KT  16149.50782258 +.00000481 +00000-0 +14094-3 0  9995
2 34122 074.0435 156.6627 0116759 208.9729 318.2379 14.42843680382530
0 COSMOS 2251 DEB
1 34122U 93036KT  16150.47021433 +.00000499 +00000-0 +14581-3 0  9994
2 34122 074.0434 154.8766 0116742 206.9524 277.1270 14.42844758382671
0 COSMOS 2251 DEB
1 34122U 93036KT  16151.16497354  .00000533  00000-0  15524-3 0  9997
2 34122  74.0434 153.5873 0116715 205.4941 285.8726 14.42845749382845
0 COSMOS 2251 DEB
1 34122U 93036KT  16151.44652046 +.00000538 +00000-0 +15647-3 0  9990
2 34122 074.0434 153.0648 0116709 204.9012 308.2970 14.42846075382817
0 COSMOS 2251 DEB
1 34122U 93036KT  16152.94698574 +.00000527 +00000-0 +15343-3 0  9993
2 34122 074.0436 150.2805 0116682 201.7277 182.1045 14.42847739383036
0 COSMOS 2251 DEB
1 34122U 93036KT  16153.45211030  .00000524  00000-0  15282-3 0  9997
2 34122  74.0436 149.3431 0116669 200.6668 285.8476 14.42848300383176
0 COSMOS 2251 DEB
1 34122U 93036KT  16154.75606007 +.00000531 +00000-0 +15469-3 0  9998
2 34122 074.0437 146.9233 0116617 197.9353 218.8869 14.42849910383295
0 COSMOS 2251 DEB
1 34122U 93036KT  16155.39836448 +.00000556 +00000-0 +16165-3 0  9994
2 34122 074.0437 145.7313 0116603 196.5793 315.1882 14.42850783383385
0 COSMOS 2251 DEB
1 34122U 93036KT  16156.15649868  .00000548  00000-0  15920-3 0  9996
2 34122  74.0438 144.3244 0116578 194.9717 293.1508 14.42851667383565
0 COSMOS 2251 DEB
1 34122U 93036KT  16156.43382483 +.00000560 +00000-0 +16266-3 0  9992
2 34122 074.0438 143.8098 0116563 194.3891 293.6553 14.42852019383531
0 COSMOS 2251 DEB
1 34122U 93036KT  16157.94036362 +.00000570 +00000-0 +16547-3 0  9994
2 34122 074.0438 141.0141 0116507 191.2108 199.0342 14.42853879383759
0 COSMOS 2251 DEB
1 34122U 93036KT  16158.38183706  .00000564  00000-0  16363-3 0  9997
2 34122  74.0439 140.1948 0116494 190.2734 332.1769 14.42854332383886
0 COSMOS 2251 DEB
1 34122U 93036KT  16159.95812981 +.00000529 +00000-0 +15407-3 0  9994
2 34122 074.0438 137.2695 0116444 186.9254 239.9110 14.42855896384044
0 COSMOS 2251 DEB
1 34122U 93036KT  16160.38545303  .00000539  00000-0  15691-3 0  9990
2 34122  74.0439 136.4765 0116430 186.0186 299.5561 14.42856408384170
0 COSMOS 2251 DEB
1 34122U 93036KT  16161.89235471 +.00000511 +00000-0 +14912-3 0  9994
2 34122 074.0439 133.6800 0116382 182.8126 206.8705 14.42857983384320
0 COSMOS 2251 DEB
1 34122U 93036KT  16162.40491821  .00000528  00000-0  15362-3 0  9993
2 34122  74.0439 132.7287 0116363 181.7201 349.2879 14.42858618384476
0 COSMOS 2251 DEB
1 34122U 93036KT  16162.93269836 +.00000552 +00000-0 +16047-3 0  9998
2 34122 074.0440 131.7494 0116343 180.6077 210.7354 14.42859434384471
0 COSMOS 2251 DEB
1 34122U 93036KT  16163.36668081 +.00000592 +00000-0 +17149-3 0  9999
2 34122 074.0441 130.9440 0116330 179.6959 304.9678 14.42860181384530
0 COSMOS 2251 DEB
1 34122U 93036KT  16164.87379655  .00000571  00000-0  16554-3 0  9998
2 34122  74.0442 128.1472 0116280 176.4791 213.4248 14.42861946384827
0 COSMOS 2251 DEB
1 34122U 93036KT  16164.87379655 +.00000571 +00000-0 +16554-3 0  9998
2 34122 074.0442 128.1472 0116280 176.4791 213.4248 14.42861946384759
0 COSMOS 2251 DEB
1 34122U 93036KT  16165.58533655 +.00000601 +00000-0 +17392-3 0  9994
2 34122 074.0442 126.8268 0116268 174.9609 309.4040 14.42863108384853
0 COSMOS 2251 DEB
1 34122U 93036KT  16166.88487078  .00000645  00000-0  18588-3 0  9991
2 34122  74.0444 124.4152 0116236 172.1980 219.6177 14.42865066385116
0 COSMOS 2251 DEB
1 34122U 93036KT  16167.85555126 +.00000676 +00000-0 +19461-3 0  9994
2 34122 074.0445 122.6139 0116216 170.1326 221.6641 14.42866649385186
0 COSMOS 2251 DEB
1 34122U 93036KT  16168.82412737 +.00000678 +00000-0 +19503-3 0  9991
2 34122 074.0446 120.8165 0116192 168.0591 212.7962 14.42868034385322
0 COSMOS 2251 DEB
1 34122U 93036KT  16168.97160083  .00000684  00000-0  19659-3 0  9990
2 34122  74.0447 120.5428 0116188 167.7498 258.8209 14.42868313385414
0 COSMOS 2251 DEB
1 34122U 93036KT  16169.86628560 +.00000648 +00000-0 +18689-3 0  9990
2 34122 074.0447 118.8826 0116170 165.8512 226.1228 14.42869382385475
0 COSMOS 2251 DEB
1 34122U 93036KT  16170.30035591 +.00000672 +00000-0 +19339-3 0  9997
2 34122 074.0448 118.0771 0116158 164.9272 320.8383 14.42870097385532
0 COSMOS 2251 DEB
1 34122U 93036KT  16171.26998147  .00000659  00000-0  18967-3 0  9999
2 34122  74.0448 116.2778 0116145 162.8620 317.4228 14.42871377385744
0 COSMOS 2251 DEB
1 34122U 93036KT  16171.95322699 +.00000640 +00000-0 +18454-3 0  9999
2 34122 074.0449 115.0099 0116134 161.4017 266.4541 14.42872246385771
0 COSMOS 2251 DEB
1 34122U 93036KT  16172.92341564 +.00000625 +00000-0 +18037-3 0  9999
2 34122 074.0449 113.2095 0116101 159.3335 265.9723 14.42873449385918
0 COSMOS 2251 DEB
1 34122U 93036KT  16173.28656125  .00000616  00000-0  17799-3 0  9995
2 34122  74.0449 112.5356 0116116 158.5588 352.2865 14.42873848386031
0 COSMOS 2251 DEB
1 34122U 93036KT  16173.89243918 +.00000613 +00000-0 +17708-3 0  9991
2 34122 074.0449 111.4112 0116148 157.2643 259.4468 14.42874640386052
0 COSMOS 2251 DEB
1 34122U 93036KT  16174.93483914 +.00000610 +00000-0 +17622-3 0  9991
2 34122 074.0449 109.4768 0116144 155.0434 274.0661 14.42875979386207
0 COSMOS 2251 DEB
1 34122U 93036KT  16175.29834911  .00000644  00000-0  18568-3 0  9995
2 34122  74.0449 108.8023 0116141 154.2701   2.2745 14.42876632386323
0 COSMOS 2251 DEB
1 34122U 93036KT  16175.90432531 +.00000612 +00000-0 +17669-3 0  9991
2 34122 074.0449 107.6777 0116150 152.9759 269.9493 14.42877194386342
0 COSMOS 2251 DEB
1 34122U 93036KT  16176.87384428 +.00000648 +00000-0 +18673-3 0  9994
2 34122 074.0450 105.8785 0116145 150.9079 266.0100 14.42878745386481
0 COSMOS 2251 DEB
1 34122U 93036KT  16177.50955041  .00000643  00000-0  18525-3 0  9991
2 34122  74.0451 104.6989 0116153 149.5517 328.1181 14.42879550386647
0 COSMOS 2251 DEB
1 34122U 93036KT  16177.91638102 +.00000622 +00000-0 +17939-3 0  9997
2 34122 074.0451 103.9440 0116151 148.6900 281.3514 14.42879985386636
0 COSMOS 2251 DEB
1 34122U 93036KT  16178.88599741 +.00000640 +00000-0 +18430-3 0  9996
2 34122 074.0452 102.1446 0116153 146.6227 277.9260 14.42881413386779
0 COSMOS 2251 DEB
1 34122U 93036KT  16179.85696797  .00000628  00000-0  18115-3 0  9999
2 34122  74.0452 100.3428 0116171 144.5523 281.5393 14.42882690386984
0 COSMOS 2251 DEB
1 34122U 93036KT  16180.82575162 +.00000599 +00000-0 +17313-3 0  9996
2 34122 074.0452 098.5450 0116181 142.4861 273.7976 14.42883862387051
0 COSMOS 2251 DEB
1 34122U 93036KT  16181.86754390  .00000592  00000-0  17101-3 0  9991
2 34122  74.0452  96.6116 0116195 140.2649 285.2964 14.42885192387271
0 COSMOS 2251 DEB
1 34122U 93036KT  16182.83793928 +.00000602 +00000-0 +17395-3 0  9996
2 34122 074.0452 094.8109 0116213 138.1955 285.9347 14.42886483387344
0 COSMOS 2251 DEB
1 34122U 93036KT  16183.80714103 +.00000640 +00000-0 +18433-3 0  9998
2 34122 074.0452 093.0123 0116225 136.1319 280.3744 14.42887927387485
0 COSMOS 2251 DEB
1 34122U 93036KT  16184.24422627  .00000626  00000-0  18056-3 0  9999
2 34122  74.0452  92.2012 0116226 135.2008  30.7784 14.42888296387615
0 COSMOS 2251 DEB
1 34122U 93036KT  16185.74384078 +.00000621 +00000-0 +17915-3 0  9990
2 34122 074.0451 089.4183 0116265 132.0068 260.4155 14.42890102387764
0 COSMOS 2251 DEB
1 34122U 93036KT  16186.78849161  .00000587  00000-0  16971-3 0  9996
2 34122  74.0451  87.4796 0116293 129.7835 286.7807 14.42891160387982
0 COSMOS 2251 DEB
1 34122U 93036KT  16187.76007328 +.00000585 +00000-0 +16900-3 0  9996
2 34122 074.0451 085.6766 0116329 127.7158 293.5972 14.42892286388053
0 COSMOS 2251 DEB
1 34122U 93036KT  16188.80007275 +.00000634 +00000-0 +18247-3 0  9994
2 34122 074.0451 083.7465 0116360 125.5042 295.8089 14.42893796388209
0 COSMOS 2251 DEB
1 34122U 93036KT  16189.15732248  .00000644  00000-0  18531-3 0  9995
2 34122  74.0451  83.0835 0116359 124.7445 351.5217 14.42894309388326
0 COSMOS 2251 DEB
1 34122U 93036KT  16189.76982475 +.00000673 +00000-0 +19327-3 0  9997
2 34122 074.0451 081.9468 0116381 123.4420 293.1308 14.42895337388345
0 COSMOS 2251 DEB
1 34122U 93036KT  16190.74034811 +.00000736 +00000-0 +21068-3 0  9994
2 34122 074.0450 080.1457 0116410 121.3807 294.4638 14.42897149388480
0 COSMOS 2251 DEB
1 34122U 93036KT  16191.17731839  .00000751  00000-0  21488-3 0  9999
2 34122  74.0450  79.3348 0116411 120.4541  44.2834 14.42897902388616
0 COSMOS 2251 DEB
1 34122U 93036KT  16192.67761274 +.00000894 +00000-0 +25421-3 0  9990
2 34122 074.0450 076.5505 0116440 117.2671 277.5006 14.42901195388768
0 COSMOS 2251 DEB
1 34122U 93036KT  16193.11604905 +.00000916 +00000-0 +26032-3 0  9991
2 34122 074.0450 075.7368 0116449 116.3372 034.9430 14.42902173388823
0 COSMOS 2251 DEB
1 34122U 93036KT  16194.00039645  .00000977  00000-0  27709-3 0  9992
2 34122  74.0450  74.0956 0116471 114.4635 308.6548 14.42904149389023
0 COSMOS 2251 DEB
1 34122U 93036KT  16195.65848557 +.00001062 +00000-0 +30056-3 0  9999
2 34122 074.0448 071.0183 0116501 110.9459 281.5623 14.42907925389194
0 COSMOS 2251 DEB
1 34122U 93036KT  16196.09896387  .00001042  00000-0  29483-3 0  9992
2 34122  74.0448  70.2007 0116501 110.0098  49.6226 14.42908738389320
0 COSMOS 2251 DEB
1 34122U 93036KT  16196.62874772 +.00001175 +00000-0 +33147-3 0  9994
2 34122 074.0448 069.2175 0116520 108.8890 281.5764 14.42910562389333
0 COSMOS 2251 DEB
1 34122U 93036KT  16197.74604760 +.00001138 +00000-0 +32136-3 0  9992
2 34122 074.0447 067.1438 0116594 106.5288 325.3769 14.42912712389496
0 COSMOS 2251 DEB
1 34122U 93036KT  16198.10975791  .00000948  00000-0  26900-3 0  9998
2 34122  74.0448  66.4689 0116595 105.7572  54.6714 14.42912497389611
0 COSMOS 2251 DEB
1 34122U 93036KT  16199.96319709 +.00000985 +00000-0 +27914-3 0  9991
2 34122 074.0446 063.0290 0116639 101.8363 322.3660 14.42916409389818
0 COSMOS 2251 DEB
1 34122U 93036KT  16200.32041932  .00000959  00000-0  27200-3 0  9993
2 34122  74.0446  62.3660 0116646 101.0804  17.9612 14.42917017389934
0 COSMOS 2251 DEB
1 34122U 93036KT  16200.65570478 +.00000953 +00000-0 +27030-3 0  9996
2 34122 074.0446 061.7437 0116658 100.3726 319.6048 14.42917685389911
0 COSMOS 2251 DEB
1 34122U 93036KT  16201.69592657 +.00000879 +00000-0 +24979-3 0  9990
2 34122 074.0445 059.8130 0116686 098.1793 323.0482 14.42919312390065
0 COSMOS 2251 DEB
1 34122U 93036KT  16202.81288817  .00000989  00000-0  28009-3 0  9995
2 34122  74.0445  57.7399 0116704  95.8160   5.1368 14.42922224390294
0 COSMOS 2251 DEB
1 34122U 93036KT  16202.94459756 +.00000850 +00000-0 +24180-3 0  9994
2 34122 074.0444 057.4954 0116708 095.5361 329.3058 14.42921700390241
0 COSMOS 2251 DEB
1 34122U 93036KT  16203.63608900 +.00000886 +00000-0 +25188-3 0  9996
2 34122 074.0444 056.2120 0116725 094.0747 321.2795 14.42923250390346
0 COSMOS 2251 DEB
1 34122U 93036KT  16204.96622112 +.00000788 +00000-0 +22476-3 0  9992
2 34122 074.0444 053.7432 0116747 091.2660 030.6974 14.42925132390533
0 COSMOS 2251 DEB
1 34122U 93036KT  16205.03504588  .00000790  00000-0  22519-3 0  9998
2 34122  74.0444  53.6154 0116751  91.1225  28.2087 14.42925285390610
0 COSMOS 2251 DEB
1 34122U 93036KT  16205.64690225 +.00000783 +00000-0 +22344-3 0  9997
2 34122 074.0443 052.4798 0116763 089.8324 326.5209 14.42926419390639
0 COSMOS 2251 DEB
1 34122U 93036KT  16206.76460507 +.00000651 +00000-0 +18693-3 0  9995
2 34122 074.0443 050.4052 0116778 087.4703 012.4806 14.42927564390794
0 COSMOS 2251 DEB
1 34122U 93036KT  16207.51729192  .00000813  00000-0  23167-3 0  9999
2 34122  74.0443  49.0081 0116788  85.8807 322.3537 14.42929824390973
0 COSMOS 2251 DEB
1 34122U 93036KT  16207.65929208 +.00000759 +00000-0 +21667-3 0  9996
2 34122 074.0443 048.7446 0116789 085.5812 339.9801 14.42929732390929
0 COSMOS 2251 DEB
1 34122U 93036KT  16208.63011157 +.00000605 +00000-0 +17442-3 0  9996
2 34122 074.0442 046.9425 0116804 083.5353 342.9485 14.42930201391062
0 COSMOS 2251 DEB
1 34122U 93036KT  16209.59860251  .00000574  00000-0  16571-3 0  9996
2 34122  74.0442  45.1447 0116817  81.4891 333.8333 14.42931396391275
0 COSMOS 2251 DEB
1 34122U 93036KT  16209.95778580 +.00000596 +00000-0 +17177-3 0  9996
2 34122 074.0442 044.4780 0116816 080.7326 039.6299 14.42931883391252
0 COSMOS 2251 DEB
1 34122U 93036KT  16210.64054428 +.00000536 +00000-0 +15534-3 0  9991
2 34122 074.0442 043.2107 0116824 079.2928 346.2591 14.42932360391356
0 COSMOS 2251 DEB
1 34122U 93036KT  16211.61109775  .00000523  00000-0  15184-3 0  9992
2 34122  74.0442  41.4092 0116826  77.2461 347.8609 14.42933448391569
0 COSMOS 2251 DEB
1 34122U 93036KT  16211.96818584 +.00000497 +00000-0 +14450-3 0  9990
2 34122 074.0442 040.7464 0116826 076.4913 042.7797 14.42933671391542
0 COSMOS 2251 DEB
1 34122U 93036KT  16212.94726650 +.00000444 +00000-0 +13007-3 0  9990
2 34122 074.0442 038.9291 0116833 074.4210 088.6855 14.42934419391685
0 COSMOS 2251 DEB
1 34122U 93036KT  16213.90920828  .00000404  00000-0  11912-3 0  9999
2 34122  74.0443  37.1436 0116827  72.4011  45.5498 14.42935075391895
0 COSMOS 2251 DEB
1 34122U 93036KT  16214.94981398 +.00000391 +00000-0 +11551-3 0  9997
2 34122 074.0444 035.2122 0116825 070.2024 051.0553 14.42935913391979
0 COSMOS 2251 DEB
1 34122U 93036KT  16215.92816714  .00000415  00000-0  12211-3 0  9996
2 34122  74.0444  33.3963 0116838  68.1216  93.2012 14.42936848392184
0 COSMOS 2251 DEB
1 34122U 93036KT  16215.92816714 +.00000415 +00000-0 +12211-3 0  9996
2 34122 074.0444 033.3963 0116838 068.1216 093.2012 14.42936848392117
0 COSMOS 2251 DEB
1 34122U 93036KT  16216.45710020 +.00000399 +00000-0 +11762-3 0  9999
2 34122 074.0444 032.4145 0116823 067.0137 320.7786 14.42937293392192
0 COSMOS 2251 DEB
1 34122U 93036KT  16217.93062027  .00000404  00000-0  11908-3 0  9999
2 34122  74.0444  29.6795 0116816  63.8917  55.1132 14.42938601392472
0 COSMOS 2251 DEB
1 34122U 93036KT  16218.90141719 +.00000408 +00000-0 +12023-3 0  9996
2 34122 074.0445 027.8776 0116820 061.8327 058.0127 14.42939507392540
0 COSMOS 2251 DEB
1 34122U 93036KT  16219.94844481  .00000411  00000-0  12097-3 0  9992
2 34122  74.0448  25.9343 0116843  59.6041  96.9114 14.42940487392765
0 COSMOS 2251 DEB
1 34122U 93036KT  16219.94844481 +.00000411 +00000-0 +12097-3 0  9992
2 34122 074.0448 025.9343 0116843 059.6041 096.9114 14.42940487392697
0 COSMOS 2251 DEB
1 34122U 93036KT  16220.91261192 +.00000424 +00000-0 +12448-3 0  9997
2 34122 074.0448 024.1447 0116842 057.5626 065.3750 14.42941467392839
0 COSMOS 2251 DEB
1 34122U 93036KT  16221.88251876 +.00000440 +00000-0 +12903-3 0  9996
2 34122 074.0449 022.3444 0116838 055.5121 063.6552 14.42942560392971
0 COSMOS 2251 DEB
1 34122U 93036KT  16222.41870404  .00000416  00000-0  12244-3 0  9991
2 34122  74.0449  21.3491 0116838  54.3763 328.9271 14.42942943393129
0 COSMOS 2251 DEB
1 34122U 93036KT  16222.84354348 +.00000435 +00000-0 +12755-3 0  9990
2 34122 074.0450 020.5606 0116825 053.4748 015.8036 14.42943430393111
0 COSMOS 2251 DEB
1 34122U 93036KT  16223.90124316 +.00000495 +00000-0 +14404-3 0  9997
2 34122 074.0450 018.5974 0116817 051.2331 110.1457 14.42944805393260
0 COSMOS 2251 DEB
1 34122U 93036KT  16224.43091133  .00000497  00000-0  14467-3 0  9997
2 34122  74.0451  17.6143 0116819  50.1093 341.5704 14.42945378393412
0 COSMOS 2251 DEB
1 34122U 93036KT  16224.50697885 +.00000489 +00000-0 +14236-3 0  9996
2 34122 074.0451 017.4731 0116823 049.9481 016.7119 14.42945394393357
0 COSMOS 2251 DEB
1 34122U 93036KT  16225.83506772 +.00000514 +00000-0 +14944-3 0  9992
2 34122 074.0453 015.0081 0116838 047.1280 075.6351 14.42946867393543
0 COSMOS 2251 DEB
1 34122U 93036KT  16226.51755480  .00000499  00000-0  14512-3 0  9993
2 34122  74.0454  13.7414 0116859  45.6785  20.9012 14.42947432393710
0 COSMOS 2251 DEB
1 34122U 93036KT  16226.87479309 +.00000478 +00000-0 +13959-3 0  9996
2 34122 074.0454 013.0784 0116857 044.9176 076.6239 14.42947653393698
0 COSMOS 2251 DEB
1 34122U 93036KT  16227.84510852 +.00000424 +00000-0 +12465-3 0  9995
2 34122 074.0455 011.2775 0116868 042.8577 077.0542 14.42948293393832
0 COSMOS 2251 DEB
1 34122U 93036KT  16228.82385337  .00000394  00000-0  11638-3 0  9999
2 34122  74.0456   9.4609 0116882  40.7818 121.2729 14.42949021394042
0 COSMOS 2251 DEB
1 34122U 93036KT  16229.85614481 +.00000356 +00000-0 +10600-3 0  9994
2 34122 074.0457 007.5448 0116885 038.5923 083.6487 14.42949639394124
0 COSMOS 2251 DEB
1 34122U 93036KT  16230.82651620  .00000327  00000-0  98053-4 0  9996
2 34122  74.0457   5.7438 0116902  36.5315  84.3780 14.42950244394337
0 COSMOS 2251 DEB
1 34122U 93036KT  16231.79743991 +.00000319 +00000-0 +95631-4 0  9996
2 34122 074.0458 003.9418 0116909 034.4751 087.9731 14.42950919394406
0 COSMOS 2251 DEB
1 34122U 93036KT  16232.40821943 +.00000307 +00000-0 +92485-4 0  9990
2 34122 074.0459 002.8082 0116910 033.1762 020.7566 14.42951301394498
0 COSMOS 2251 DEB
1 34122U 93036KT  16233.44950197  .00000311  00000-0  93663-4 0  9993
2 34122  74.0459   0.8756 0116916  30.9565  29.8581 14.42952011394717
0 COSMOS 2251 DEB
1 34122U 93036KT  16233.80801244 +.00000321 +00000-0 +96401-4 0  9995
2 34122 074.0460 000.2102 0116930 030.1969 092.1921 14.42952319394693
0 COSMOS 2251 DEB
1 34122U 93036KT  16234.77826249 +.00000306 +00000-0 +92139-4 0  9991
2 34122 074.0460 358.4094 0116948 028.1426 092.2943 14.42952929394833
0 COSMOS 2251 DEB
1 34122U 93036KT  16235.82578579  .00000299  00000-0  90249-4 0  9999
2 34122  74.0461 356.4651 0116968  25.9179 133.8129 14.42953641395058
0 COSMOS 2251 DEB
1 34122U 93036KT  16236.79670035 +.00000314 +00000-0 +94378-4 0  9991
2 34122 074.0462 354.6632 0116990 023.8544 137.3801 14.42954418395123
0 COSMOS 2251 DEB
1 34122U 93036KT  16237.76739373 +.00000329 +00000-0 +98480-4 0  9994
2 34122 074.0463 352.8617 0117013 021.7997 139.7936 14.42955289395260
0 COSMOS 2251 DEB
1 34122U 93036KT  16238.37067957  .00000322  00000-0  96505-4 0  9993
2 34122  74.0463 351.7420 0117025  20.5163  33.6610 14.42955775395424
0 COSMOS 2251 DEB
1 34122U 93036KT  16238.73581692 +.00000335 +00000-0 +10008-3 0  9997
2 34122 074.0464 351.0644 0117037 019.7434 130.4237 14.42956138395403
0 COSMOS 2251 DEB
1 34122U 93036KT  16239.77799689 +.00000333 +00000-0 +99629-4 0  9994
2 34122 074.0464 349.1302 0117064 017.5317 144.1964 14.42956964395550
0 COSMOS 2251 DEB
1 34122U 93036KT  16240.38351049  .00000349  00000-0  10394-3 0  9995
2 34122  74.0464 348.0065 0117093  16.2485  49.6345 14.42957565395716
0 COSMOS 2251 DEB
1 34122U 93036KT  16240.74863104 +.00000349 +00000-0 +10405-3 0  9998
2 34122 074.0464 347.3289 0117105 015.4765 146.3111 14.42957857395699
0 COSMOS 2251 DEB
1 34122U 93036KT  16241.71981454 +.00000371 +00000-0 +10999-3 0  9998
2 34122 074.0464 345.5264 0117138 013.4208 151.2816 14.42958788395835
0 COSMOS 2251 DEB
1 34122U 93036KT  16242.39444038  .00000403  00000-0  11879-3 0  9999
2 34122  74.0464 344.2743 0117154  11.9927  55.7363 14.42959481396008
0 COSMOS 2251 DEB
1 34122U 93036KT  16242.75937394 +.00000412 +00000-0 +12129-3 0  9990
2 34122 074.0464 343.5971 0117173 011.2164 151.4478 14.42959786395985
0 COSMOS 2251 DEB
1 34122U 93036KT  16243.72912271 +.00000397 +00000-0 +11728-3 0  9991
2 34122 074.0464 341.7973 0117199 009.1606 148.9736 14.42960458396125
0 COSMOS 2251 DEB
1 34122U 93036KT  16244.61199223  .00000432  00000-0  12679-3 0  9990
2 34122  74.0465 340.1588 0117224   7.2917  55.1904 14.42961363396328
0 COSMOS 2251 DEB
1 34122U 93036KT  16244.96923905 +.00000446 +00000-0 +13083-3 0  9995
2 34122 074.0465 339.4958 0117243 006.5368 110.9701 14.42961774396302
0 COSMOS 2251 DEB
1 34122U 93036KT  16245.73921843 +.00000515 +00000-0 +14975-3 0  9998
2 34122 074.0464 338.0666 0117270 004.9056 150.7652 14.42962837396418
0 COSMOS 2251 DEB
1 34122U 93036KT  16246.34470600 +.00000629 +00000-0 +18117-3 0  9994
2 34122 074.0463 336.9428 0117294 003.6217 056.0828 14.42964151396505
0 COSMOS 2251 DEB
1 34122U 93036KT  16247.31432321  .00000638  00000-0  18361-3 0  9991
2 34122  74.0463 335.1434 0117334   1.5712  52.9356 14.42965294396718
0 COSMOS 2251 DEB
1 34122U 93036KT  16247.95025671 +.00000664 +00000-0 +19057-3 0  9999
2 34122 074.0462 333.9630 0117349 000.2296 116.4087 14.42966265396738
0 COSMOS 2251 DEB
1 34122U 93036KT  16248.72208223 +.00000697 +00000-0 +19973-3 0  9994
2 34122 074.0461 332.5304 0117375 358.5949 165.8065 14.42967504396846
0 COSMOS 2251 DEB
1 34122U 93036KT  16249.32606230  .00000701  00000-0  20095-3 0  9994
2 34122  74.0460 331.4095 0117396 357.3154  63.3014 14.42968427397008
0 COSMOS 2251 DEB
1 34122U 93036KT  16249.69084019 +.00000692 +00000-0 +19841-3 0  9995
2 34122 074.0460 330.7324 0117412 356.5497 158.2065 14.42968903396980
0 COSMOS 2251 DEB
1 34122U 93036KT  16250.66057488 +.00000662 +00000-0 +19018-3 0  9997
2 34122 074.0461 328.9327 0117463 354.5011 155.6873 14.42970276397120
0 COSMOS 2251 DEB
1 34122U 93036KT  16251.19156369 +.00000653 +00000-0 +18776-3 0  9994
2 34122 074.0460 327.9472 0117493 353.3833 034.0130 14.42971092397203
0 COSMOS 2251 DEB
1 34122U 93036KT  16252.23745126  .00000642  00000-0  18471-3 0  9995
2 34122  74.0459 326.0060 0117542 351.1754  67.0911 14.42972590397428
0 COSMOS 2251 DEB
1 34122U 93036KT  16252.30797144 +.00000636 +00000-0 +18303-3 0  9997
2 34122 074.0459 325.8751 0117542 351.0248 073.4244 14.42972647397365
0 COSMOS 2251 DEB
1 34122U 93036KT  16253.64237231 +.00000657 +00000-0 +18876-3 0  9999
2 34122 074.0458 323.3985 0117596 348.2118 165.2492 14.42974680397554
0 COSMOS 2251 DEB
1 34122U 93036KT  16254.52583597  .00000670  00000-0  19233-3 0  9999
2 34122  74.0457 321.7587 0117624 346.3544  74.5857 14.42975969397757
0 COSMOS 2251 DEB
1 34122U 93036KT  16254.88426132 +.00000623 +00000-0 +17942-3 0  9992
2 34122 074.0456 321.0935 0117653 345.5985 136.5041 14.42976192397739
0 COSMOS 2251 DEB
1 34122U 93036KT  16256.53709758  .00000680  00000-0  19511-3 0  9991
2 34122  74.0453 318.0256 0117728 342.1175  82.5250 14.42978604398042
0 COSMOS 2251 DEB
1 34122U 93036KT  16256.62337234 +.00000684 +00000-0 +19605-3 0  9995
2 34122 074.0453 317.8654 0117730 341.9357 170.6987 14.42978742397984
0 COSMOS 2251 DEB
1 34122U 93036KT  16257.86475873 +.00000644 +00000-0 +18509-3 0  9992
2 34122 074.0452 315.5614 0117793 339.3207 139.3620 14.42980136398165
0 COSMOS 2251 DEB
1 34122U 93036KT  16258.27072914 +.00000636 +00000-0 +18302-3 0  9999
2 34122 074.0451 314.8078 0117808 338.4650 088.2697 14.42980622398222
0 COSMOS 2251 DEB
1 34122U 93036KT  16259.24000571  .00000672  00000-0  19283-3 0  9996
2 34122  74.0450 313.0087 0117854 336.4279  83.3999 14.42982104398439
0 COSMOS 2251 DEB
1 34122U 93036KT  16259.60451333 +.00000688 +00000-0 +19721-3 0  9996
2 34122 074.0449 312.3320 0117874 335.6626 176.9191 14.42982661398417
0 COSMOS 2251 DEB
1 34122U 93036KT  16260.57509859 +.00000701 +00000-0 +20077-3 0  9993
2 34122 074.0449 310.5305 0117922 333.6239 178.8540 14.42984149398559
0 COSMOS 2251 DEB
1 34122U 93036KT  16261.52958602  .00000715  00000-0  20452-3 0  9995
2 34122  74.0447 308.7587 0117965 331.6204  97.1681 14.42985586398763
0 COSMOS 2251 DEB
1 34122U 93036KT  16262.58563513 +.00000707 +00000-0 +20229-3 0  9998
2 34122 074.0444 306.7981 0118008 329.4025 183.0752 14.42987059398841
0 COSMOS 2251 DEB
1 34122U 93036KT  16263.55589987  .00000765  00000-0  21826-3 0  9997
2 34122  74.0443 304.9970 0118046 327.3653 183.3605 14.42988884399055
0 COSMOS 2251 DEB
1 34122U 93036KT  16263.82687593 +.00000764 +00000-0 +21814-3 0  9995
2 34122 074.0442 304.4940 0118055 326.7990 151.0125 14.42989321399026
0 COSMOS 2251 DEB
1 34122U 93036KT  16264.43962071 +.00000898 +00000-0 +25482-3 0  9993
2 34122 074.0441 303.3565 0118081 325.5040 094.0847 14.42991131399117
0 COSMOS 2251 DEB
1 34122U 93036KT  16265.20262404 +.00000849 +00000-0 +24134-3 0  9991
2 34122 074.0439 301.9401 0118124 323.9076 097.7000 14.42992075399227
0 COSMOS 2251 DEB
1 34122U 93036KT  16266.17190002  .00000803  00000-0  22862-3 0  9998
2 34122  74.0438 300.1408 0118164 321.8754  92.8609 14.42993380399432
0 COSMOS 2251 DEB
1 34122U 93036KT  16266.53790905 +.00000840 +00000-0 +23884-3 0  9992
2 34122 074.0437 299.4614 0118182 321.1061 194.1948 14.42994121399418
0 COSMOS 2251 DEB
1 34122U 93036KT  16267.50779064 +.00000820 +00000-0 +23337-3 0  9994
2 34122 074.0436 297.6610 0118226 319.0747 192.5082 14.42995640399552
0 COSMOS 2251 DEB
1 34122U 93036KT  16268.18498512  .00000787  00000-0  22433-3 0  9993
2 34122  74.0435 296.4038 0118252 317.6576 110.3786 14.42996473399728
0 COSMOS 2251 DEB
1 34122U 93036KT  16268.54261529 +.00000829 +00000-0 +23572-3 0  9991
2 34122 074.0435 295.7399 0118252 316.9079 168.1886 14.42997232399704
0 COSMOS 2251 DEB
1 34122U 93036KT  16269.78862362 +.00000852 +00000-0 +24207-3 0  9992
2 34122 074.0433 293.4266 0118315 314.3018 160.9296 14.42999479399884
0 COSMOS 2251 DEB
1 34122U 93036KT  16270.48279645  .00000909  00000-0  25771-3 0  9997
2 34122  74.0433 292.1379 0118338 312.8501 167.0109 14.43001037400058
0 COSMOS 2251 DEB
1 34122U 93036KT  16272.49970450  .00001078  00000-0  30406-3 0  9991
2 34122  74.0431 288.3935 0118410 308.6360 204.4357 14.43005589400347
0 COSMOS 2251 DEB
1 34122U 93036KT  16272.76932966 +.00001052 +00000-0 +29701-3 0  9999
2 34122 074.0431 287.8929 0118427 308.0760 165.0818 14.43005959400312
0 COSMOS 2251 DEB
1 34122U 93036KT  16273.74104345 +.00001128 +00000-0 +31760-3 0  9992
2 34122 074.0431 286.0889 0118451 306.0468 172.9497 14.43008401400458
0 COSMOS 2251 DEB
1 34122U 93036KT  16274.50539081  .00001103  00000-0  31076-3 0  9999
2 34122  74.0431 284.6700 0118489 304.4566 183.5874 14.43009894400630
0 COSMOS 2251 DEB
1 34122U 93036KT  16275.48272539 +.00001046 +00000-0 +29515-3 0  9990
2 34122 074.0430 282.8556 0118520 302.4201 220.6618 14.43011680400701
0 COSMOS 2251 DEB
1 34122U 93036KT  16276.45103877 +.00000965 +00000-0 +27293-3 0  9996
2 34122 074.0430 281.0579 0118546 300.4039 210.8784 14.43013338400844
0 COSMOS 2251 DEB
1 34122U 93036KT  16277.05622001  .00000931  00000-0  26363-3 0  9998
2 34122  74.0429 279.9343 0118558 299.1447 114.6909 14.43014484401009
0 COSMOS 2251 DEB
1 34122U 93036KT  16277.49364362 +.00000956 +00000-0 +27047-3 0  9996
2 34122 074.0430 279.1223 0118576 298.2345 227.0330 14.43015533400997
0 COSMOS 2251 DEB
1 34122U 93036KT  16278.46194726 +.00000924 +00000-0 +26173-3 0  9993
2 34122 074.0430 277.3246 0118598 296.2184 217.2131 14.43017356401137
0 COSMOS 2251 DEB
1 34122U 93036KT  16279.06689019  .00000909  00000-0  25748-3 0  9994
2 34122  74.0430 276.2014 0118608 294.9632 119.7936 14.43018598401298
0 COSMOS 2251 DEB
1 34122U 93036KT  16279.42609315 +.00000986 +00000-0 +27873-3 0  9991
2 34122 074.0430 275.5346 0118613 294.2191 185.7951 14.43019764401271
0 COSMOS 2251 DEB
1 34122U 93036KT  16280.40301866 +.00000973 +00000-0 +27514-3 0  9999
2 34122 074.0431 273.7209 0118625 292.1812 220.7822 14.43021647401416
0 COSMOS 2251 DEB
1 34122U 93036KT  16281.07980377  .00000956  00000-0  27055-3 0  9994
2 34122  74.0431 272.4644 0118632 290.7724 136.5854 14.43022978401584
0 COSMOS 2251 DEB
1 34122U 93036KT  16281.44318061 +.00001044 +00000-0 +29442-3 0  9991
2 34122 074.0431 271.7897 0118637 290.0184 224.2753 14.43024145401563
0 COSMOS 2251 DEB
1 34122U 93036KT  16282.94388584 +.00001095 +00000-0 +30853-3 0  9998
2 34122 074.0431 269.0034 0118645 286.9011 100.2375 14.43027650401789
0 COSMOS 2251 DEB
1 34122U 93036KT  16283.45507527  .00001077  00000-0  30355-3 0  9992
2 34122  74.0432 268.0544 0118647 285.8363 235.8055 14.43028688401923
0 COSMOS 2251 DEB
1 34122U 93036KT  16283.65545404 +.00001095 +00000-0 +30849-3 0  9998
2 34122 074.0432 267.6824 0118645 285.4183 196.7506 14.43029243401882
0 COSMOS 2251 DEB
1 34122U 93036KT  16284.95508348 +.00001159 +00000-0 +32590-3 0  9994
2 34122 074.0433 265.2695 0118646 282.7167 108.1773 14.43032570402078
0 COSMOS 2251 DEB
1 34122U 93036KT  16285.92506985 +.00001135 +00000-0 +31949-3 0  9998
2 34122 074.0434 263.4686 0118632 280.7046 107.1510 14.43034716402216
0 COSMOS 2251 DEB
1 34122U 93036KT  16286.07236940  .00001130  00000-0  31801-3 0  9998
2 34122  74.0434 263.1951 0118631 280.3997 152.3560 14.43035027402301
0 COSMOS 2251 DEB
1 34122U 93036KT  16286.97208212 +.00001147 +00000-0 +32281-3 0  9999
2 34122 074.0435 261.5247 0118613 278.5342 146.2728 14.43037234402361
0 COSMOS 2251 DEB
1 34122U 93036KT  16287.04138780 +.00001142 +00000-0 +32133-3 0  9991
2 34122 074.0435 261.3960 0118615 278.3888 146.3108 14.43037356402375
0 COSMOS 2251 DEB
1 34122U 93036KT  16288.37569802  .00001463  00000-0  40919-3 0  9998
2 34122  74.0436 258.9188 0118589 275.6174 237.9456 14.43042786402633
0 COSMOS 2251 DEB
1 34122U 93036KT  16288.90679522 +.00001348 +00000-0 +37781-3 0  9993
2 34122 074.0436 257.9328 0118576 274.5120 116.9611 14.43043782402640
0 COSMOS 2251 DEB
1 34122U 93036KT  16289.95190693 +.00001280 +00000-0 +35911-3 0  9994
2 34122 074.0436 255.9926 0118534 272.3405 146.2534 14.43046562402793
0 COSMOS 2251 DEB
1 34122U 93036KT  16290.38634536  .00001287  00000-0  36098-3 0  9996
2 34122  74.0437 255.1860 0118526 271.4370 243.1382 14.43047845402923
0 COSMOS 2251 DEB
1 34122U 93036KT  16290.92414027 +.00001232 +00000-0 +34599-3 0  9991
2 34122 074.0437 254.1876 0118503 270.3181 156.9579 14.43049157402930
0 COSMOS 2251 DEB
1 34122U 93036KT  16291.96253314 +.00001193 +00000-0 +33523-3 0  9998
2 34122 074.0438 252.2597 0118465 268.1608 151.3657 14.43052012403083
0 COSMOS 2251 DEB
1 34122U 93036KT  16292.85791521  .00001052  00000-0  29651-3 0  9995
2 34122  74.0439 250.5974 0118442 266.3004 122.8439 14.43053674403287
0 COSMOS 2251 DEB
1 34122U 93036KT  16292.93294541 +.00001023 +00000-0 +28874-3 0  9998
2 34122 074.0439 250.4581 0118438 266.1435 152.6244 14.43053720403222
0 COSMOS 2251 DEB
1 34122U 93036KT  16293.89790850 +.00000902 +00000-0 +25544-3 0  9994
2 34122 074.0440 248.6666 0118399 264.1390 125.5806 14.43055489403363
0 COSMOS 2251 DEB
1 34122U 93036KT  16294.94275174 +.00000819 +00000-0 +23272-3 0  9991
2 34122 074.0441 246.7269 0118350 261.9636 153.5218 14.43057245403514
0 COSMOS 2251 DEB
1 34122U 93036KT  16295.23518567  .00000807  00000-0  22943-3 0  9991
2 34122  74.0442 246.1840 0118340 261.3565 232.7101 14.43057718403626
0 COSMOS 2251 DEB
1 34122U 93036KT  16296.95467214 +.00000799 +00000-0 +22725-3 0  9991
2 34122 074.0445 242.9916 0118277 257.7725 165.4282 14.43060575403800
0 COSMOS 2251 DEB
1 34122U 93036KT  16297.24307279  .00000791  00000-0  22506-3 0  9997
2 34122  74.0445 242.4563 0118267 257.1728 223.6661 14.43060891403910
0 COSMOS 2251 DEB
1 34122U 93036KT  16297.92578716 +.00000789 +00000-0 +22448-3 0  9990
2 34122 074.0446 241.1888 0118232 255.7481 170.3697 14.43062015403949
0 COSMOS 2251 DEB
1 34122U 93036KT  16298.89416078 +.00000808 +00000-0 +22991-3 0  9994
2 34122 074.0446 239.3911 0118175 253.7310 161.0733 14.43063596404089
0 COSMOS 2251 DEB
1 34122U 93036KT  16299.53130877  .00000900  00000-0  25496-3 0  9992
2 34122  74.0447 238.2083 0118139 252.4034 231.0623 14.43065027404242
0 COSMOS 2251 DEB
1 34122U 93036KT  16299.86568932 +.00000899 +00000-0 +25466-3 0  9999
2 34122 074.0447 237.5876 0118112 251.7026 168.1775 14.43065577404224
0 COSMOS 2251 DEB
1 34122U 93036KT  16300.90630502 +.00000933 +00000-0 +26396-3 0  9992
2 34122 074.0448 235.6557 0118048 249.5353 174.1946 14.43067608404376
0 COSMOS 2251 DEB
1 34122U 93036KT  16301.87519466  .00000948  00000-0  26826-3 0  9998
2 34122  74.0448 233.8571 0117981 247.5087 167.6078 14.43069432404582
0 COSMOS 2251 DEB
1 34122U 93036KT  16302.91972866 +.00000872 +00000-0 +24722-3 0  9990
2 34122 074.0448 231.9180 0117906 245.3250 194.0003 14.43070869404669
0 COSMOS 2251 DEB
1 34122U 93036KT  16303.88706963  .00000891  00000-0  25261-3 0  9990
2 34122  74.0449 230.1223 0117843 243.3027 179.3809 14.43072861404876
0 COSMOS 2251 DEB
1 34122U 93036KT  16304.85626512 +.00000859 +00000-0 +24387-3 0  9991
2 34122 074.0449 228.3230 0117785 241.2687 174.4091 14.43074543404943
0 COSMOS 2251 DEB
1 34122U 93036KT  16305.89864963 +.00000766 +00000-0 +21839-3 0  9996
2 34122 074.0450 226.3879 0117713 239.0833 189.6621 14.43075933405099
0 COSMOS 2251 DEB
1 34122U 93036KT  16306.18689949  .00000757  00000-0  21577-3 0  9997
2 34122  74.0450 225.8528 0117697 238.4813 247.1370 14.43076360405205
0 COSMOS 2251 DEB
1 34122U 93036KT  16306.86796103 +.00000729 +00000-0 +20822-3 0  9994
2 34122 074.0450 224.5885 0117654 237.0504 185.3009 14.43077324405238
0 COSMOS 2251 DEB
1 34122U 93036KT  16307.83906807 +.00000718 +00000-0 +20513-3 0  9991
2 34122 074.0450 222.7858 0117587 235.0148 190.2744 14.43078927405371
0 COSMOS 2251 DEB
1 34122U 93036KT  16308.20233141  .00000732  00000-0  20910-3 0  9994
2 34122  74.0451 222.1115 0117565 234.2557 277.4537 14.43079600405493
0 COSMOS 2251 DEB
1 34122U 93036KT  16308.88131612 +.00000698 +00000-0 +19976-3 0  9999
2 34122 074.0451 220.8510 0117522 232.8292 204.8370 14.43080530405527
0 COSMOS 2251 DEB
1 34122U 93036KT  16309.84978106 +.00000656 +00000-0 +18805-3 0  9997
2 34122 074.0451 219.0532 0117454 230.7953 196.0971 14.43081744405668
0 COSMOS 2251 DEB
1 34122U 93036KT  16310.21463543  .00000664  00000-0  19031-3 0  9995
2 34122  74.0451 218.3759 0117426 230.0302 291.5479 14.43082320405789
0 COSMOS 2251 DEB
1 34122U 93036KT  16310.81833631 +.00000629 +00000-0 +18064-3 0  9996
2 34122 074.0451 217.2552 0117380 228.7596 187.8331 14.43083025405806
0 COSMOS 2251 DEB
1 34122U 93036KT  16311.78870544 +.00000592 +00000-0 +17054-3 0  9994
2 34122 074.0453 215.4539 0117300 226.7178 188.9988 14.43084228405940
0 COSMOS 2251 DEB
1 34122U 93036KT  16312.83015390  .00000566  00000-0  16337-3 0  9995
2 34122  74.0453 213.5207 0117221 224.5268 199.4319 14.43085424406168
0 COSMOS 2251 DEB
1 34122U 93036KT  16313.72298249 +.00000561 +00000-0 +16205-3 0  9999
2 34122 074.0451 211.8633 0117162 222.6505 157.7710 14.43086473406221
0 COSMOS 2251 DEB
1 34122U 93036KT  16314.69534597 +.00000507 +00000-0 +14728-3 0  9993
2 34122 074.0449 210.0583 0117106 220.6030 169.3082 14.43087230406360
0 COSMOS 2251 DEB
1 34122U 93036KT  16315.12856508  .00000489  00000-0  14225-3 0  9992
2 34122  74.0450 209.2541 0117070 219.6920 259.9303 14.43087595406492
0 COSMOS 2251 DEB
1 34122U 93036KT  16315.40647284 +.00000517 +00000-0 +15009-3 0  9995
2 34122 074.0449 208.7382 0117051 219.1087 263.6912 14.43088010406463
0 COSMOS 2251 DEB
1 34122U 93036KT  16316.70596350 +.00000647 +00000-0 +18579-3 0  9995
2 34122 074.0448 206.3258 0116947 216.3698 174.7048 14.43090144406652
0 COSMOS 2251 DEB
1 34122U 93036KT  16317.14524377  .00000561  00000-0  16216-3 0  9995
2 34122  74.0448 205.5104 0116912 215.4442 296.8206 14.43090137406780
0 COSMOS 2251 DEB
1 34122U 93036KT  16317.75347183 +.00000651 +00000-0 +18679-3 0  9995
2 34122 074.0447 204.3812 0116884 214.1589 216.6480 14.43091371406806
0 COSMOS 2251 DEB
1 34122U 93036KT  16318.11831219 +.00000649 +00000-0 +18624-3 0  9991
2 34122 074.0447 203.7039 0116858 213.3887 312.0428 14.43091768406851
0 COSMOS 2251 DEB
1 34122U 93036KT  16319.76451381  .00000640  00000-0  18368-3 0  9997
2 34122  74.0446 200.6479 0116744 209.9114 224.2931 14.43093847407160
0 COSMOS 2251 DEB
1 34122U 93036KT  16320.12623652 +.00000624 +00000-0 +17954-3 0  9993
2 34122 074.0446 199.9764 0116710 209.1476 303.4946 14.43094196407145
0 COSMOS 2251 DEB
1 34122U 93036KT  16321.77447407  .00000524  00000-0  15199-3 0  9995
2 34122  74.0444 196.9166 0116621 205.6703 226.3308 14.43095769407457
0 COSMOS 2251 DEB
1 34122U 93036KT  16322.74331828 +.00000497 +00000-0 +14458-3 0  9998
2 34122 074.0443 195.1179 0116553 203.6192 219.6317 14.43096831407529
0 COSMOS 2251 DEB
1 34122U 93036KT  16323.71262515 +.00000489 +00000-0 +14248-3 0  9990
2 34122 074.0442 193.3185 0116489 201.5662 215.3399 14.43097902407660
0 COSMOS 2251 DEB
1 34122U 93036KT  16324.07742414  .00000458  00000-0  13398-3 0  9992
2 34122  74.0442 192.6413 0116467 200.7959 310.5293 14.43098131407781
0 COSMOS 2251 DEB
1 34122U 93036KT  16324.68302052 +.00000497 +00000-0 +14444-3 0  9995
2 34122 074.0441 191.5170 0116425 199.5128 216.7044 14.43098976407806
0 COSMOS 2251 DEB
1 34122U 93036KT  16325.72409317 +.00000508 +00000-0 +14766-3 0  9993
2 34122 074.0440 189.5843 0116357 197.3127 225.2492 14.43100046407958
0 COSMOS 2251 DEB
1 34122U 93036KT  16326.01302270 +.00000500 +00000-0 +14531-3 0  9998
2 34122 074.0439 189.0479 0116342 196.7046 286.2840 14.43100256407994
0 COSMOS 2251 DEB
1 34122U 93036KT  16327.05921606  .00000442  00000-0  12944-3 0  9994
2 34122  74.0437 187.1057 0116285 194.4912 321.4379 14.43100861408213
0 COSMOS 2251 DEB
1 34122U 93036KT  16327.94250381 +.00000469 +00000-0 +13680-3 0  9994
2 34122 074.0436 185.4658 0116217 192.6240 230.2708 14.43101793408273
0 COSMOS 2251 DEB
1 34122U 93036KT  16328.70542435 +.00000523 +00000-0 +15167-3 0  9996
2 34122 074.0435 184.0494 0116176 191.0089 233.7799 14.43102788408388
0 COSMOS 2251 DEB
1 34122U 93036KT  16329.06959270  .00000469  00000-0  13686-3 0  9998
2 34122  74.0436 183.3735 0116164 190.2333 325.7051 14.43102802408503
0 COSMOS 2251 DEB
1 34122U 93036KT  16329.67707590 +.00000525 +00000-0 +15226-3 0  9996
2 34122 074.0435 182.2458 0116144 188.9432 241.6960 14.43103693408520
0 COSMOS 2251 DEB
1 34122U 93036KT  16330.92354345 +.00000578 +00000-0 +16675-3 0  9999
2 34122 074.0435 179.9317 0116062 186.3028 237.3311 14.43105276408700
0 COSMOS 2251 DEB
1 34122U 93036KT  16331.53904677  .00000567  00000-0  16377-3 0  9993
2 34122  74.0434 178.7890 0116030 184.9975 194.9913 14.43105902408861
0 COSMOS 2251 DEB
1 34122U 93036KT  16331.68718272 +.00000545 +00000-0 +15763-3 0  9997
2 34122 074.0434 178.5140 0116029 184.6806 244.5890 14.43105922408818
0 COSMOS 2251 DEB
1 34122U 93036KT  16332.94558325 +.00000542 +00000-0 +15702-3 0  9998
2 34122 074.0433 176.1777 0115955 182.0190 302.2254 14.43107376408992
0 COSMOS 2251 DEB
1 34122U 93036KT  16333.55161446  .00000546  00000-0  15789-3 0  9999
2 34122  74.0432 175.0525 0115921 180.7350 210.6803 14.43108149409156
0 COSMOS 2251 DEB
1 34122U 93036KT  16333.90474918 +.00000550 +00000-0 +15897-3 0  9994
2 34122 074.0433 174.3969 0115903 179.9865 245.2880 14.43108594409133
0 COSMOS 2251 DEB
1 34122U 93036KT  16334.94545435 +.00000502 +00000-0 +14578-3 0  9994
2 34122 074.0432 172.4648 0115837 177.7869 251.9619 14.43109602409282
0 COSMOS 2251 DEB
1 34122U 93036KT  16335.56206949  .00000526  00000-0  15239-3 0  9998
2 34122  74.0432 171.3200 0115803 176.4810 215.4075 14.43110511409449
0 COSMOS 2251 DEB
1 34122U 93036KT  16335.91554713 +.00000491 +00000-0 +14287-3 0  9995
2 34122 074.0432 170.6638 0115783 175.7344 251.7966 14.43110716409424
0 COSMOS 2251 DEB
1 34122U 93036KT  16336.97126182 +.00000478 +00000-0 +13930-3 0  9996
2 34122 074.0431 168.7038 0115729 173.5015 336.4588 14.43111905409574
0 COSMOS 2251 DEB
1 34122U 93036KT  16337.93652171 +.00000493 +00000-0 +14343-3 0  9991
2 34122 074.0430 166.9117 0115671 171.4615 311.1913 14.43113090409715
0 COSMOS 2251 DEB
1 34122U 93036KT  16338.01249352  .00000493  00000-0  14346-3 0  9997
2 34122  74.0430 166.7707 0115666 171.3012 345.8810 14.43113179409798
0 COSMOS 2251 DEB
1 34122U 93036KT  16338.61807356 +.00000507 +00000-0 +14716-3 0  9994
2 34122 074.0430 165.6464 0115633 170.0181 252.0047 14.43113946409819
0 COSMOS 2251 DEB
1 34122U 93036KT  16339.95258201 +.00000486 +00000-0 +14136-3 0  9993
2 34122 074.0429 163.1688 0115564 167.2043 345.0655 14.43115277410006
0 COSMOS 2251 DEB
1 34122U 93036KT  16340.22320810  .00000480  00000-0  13996-3 0  9998
2 34122  74.0429 162.6663 0115547 166.6325 311.0287 14.43115548410117
0 COSMOS 2251 DEB
1 34122U 93036KT  16340.92507481 +.00000489 +00000-0 +14234-3 0  9991
2 34122 074.0429 161.3633 0115511 165.1529 357.3816 14.43116336410141
0 COSMOS 2251 DEB
1 34122U 93036KT  16341.95750942 +.00000543 +00000-0 +15713-3 0  9991
2 34122 074.0429 159.4464 0115446 162.9752 321.1134 14.43117780410293
0 COSMOS 2251 DEB
1 34122U 93036KT  16342.56856707  .00000599  00000-0  17255-3 0  9999
2 34122  74.0429 158.3119 0115402 161.6845 255.6999 14.43118766410452
0 COSMOS 2251 DEB
1 34122U 93036KT  16342.92765924 +.00000561 +00000-0 +16204-3 0  9991
2 34122 074.0429 157.6453 0115386 160.9268 321.2677 14.43118978410433
0 COSMOS 2251 DEB
1 34122U 93036KT  16343.88835918 +.00000642 +00000-0 +18424-3 0  9994
2 34122 074.0430 155.8616 0115329 158.9004 272.3312 14.43120613410574
0 COSMOS 2251 DEB
1 34122U 93036KT  16344.86784554  .00000626  00000-0  17985-3 0  9995
2 34122  74.0431 154.0431 0115246 156.8361 320.9962 14.43121728410784
0 COSMOS 2251 DEB
1 34122U 93036KT  16344.94405542 +.00000626 +00000-0 +18005-3 0  9995
2 34122 074.0431 153.9016 0115242 156.6753 356.9252 14.43121838410727
0 COSMOS 2251 DEB
1 34122U 93036KT  16345.82863605 +.00000629 +00000-0 +18075-3 0  9991
2 34122 074.0432 152.2594 0115181 154.8100 272.5387 14.43123034410855
0 COSMOS 2251 DEB
1 34122U 93036KT  16346.87933297  .00000547  00000-0  15834-3 0  9991
2 34122  74.0433 150.3087 0115109 152.5943 331.1709 14.43123985411072
0 COSMOS 2251 DEB
1 34122U 93036KT  16347.91993071 +.00000483 +00000-0 +14064-3 0  9996
2 34122 074.0434 148.3768 0115040 150.3989 337.3409 14.43124977411152
0 COSMOS 2251 DEB
1 34122U 93036KT  16348.88898630  .00000467  00000-0  13614-3 0  9990
2 34122  74.0434 146.5776 0114985 148.3540 331.8354 14.43126073411368
0 COSMOS 2251 DEB
1 34122U 93036KT  16349.77960971 +.00000437 +00000-0 +12797-3 0  9995
2 34122 074.0435 144.9241 0114926 146.4791 278.8528 14.43126937411429
0 COSMOS 2251 DEB
1 34122U 93036KT  16350.90037037  .00000387  00000-0  11431-3 0  9998
2 34122  74.0435 142.8433 0114838 144.1190 341.4963 14.43127828411654
0 COSMOS 2251 DEB
1 34122U 93036KT  16351.87684896 +.00000364 +00000-0 +10796-3 0  9994
2 34122 074.0435 141.0304 0114771 142.0636 014.5591 14.43128626411720
0 COSMOS 2251 DEB
1 34122U 93036KT  16352.84609237 +.00000358 +00000-0 +10623-3 0  9990
2 34122 074.0436 139.2309 0114707 140.0195 010.0399 14.43129448411867
0 COSMOS 2251 DEB
1 34122U 93036KT  16353.52329703  .00000396  00000-0  11667-3 0  9994
2 34122  74.0436 137.9736 0114656 138.5896 288.3043 14.43130265412034
0 COSMOS 2251 DEB
1 34122U 93036KT  16353.88842459 +.00000368 +00000-0 +10893-3 0  9990
2 34122 074.0436 137.2957 0114627 137.8187 025.2426 14.43130394412019
0 COSMOS 2251 DEB
1 34122U 93036KT  16354.85674956 +.00000442 +00000-0 +12926-3 0  9995
2 34122 074.0437 135.4980 0114548 135.7735 015.9615 14.43131641412151
0 COSMOS 2251 DEB
1 34122U 93036KT  16355.53499435  .00000452  00000-0  13207-3 0  9992
2 34122  74.0438 134.2388 0114493 134.3427 299.6330 14.43132328412320
0 COSMOS 2251 DEB
1 34122U 93036KT  16355.82719873 +.00000475 +00000-0 +13834-3 0  9996
2 34122 074.0438 133.6963 0114472 133.7283 017.7158 14.43132752412296
0 COSMOS 2251 DEB
1 34122U 93036KT  16356.86794999 +.00000491 +00000-0 +14283-3 0  9990
2 34122 074.0440 131.7642 0114389 131.5302 024.7174 14.43133868412449
0 COSMOS 2251 DEB
1 34122U 93036KT  16357.83768661  .00000529  00000-0  15344-3 0  9996
2 34122  74.0441 129.9639 0114304 129.4801  22.7859 14.43135221412658
0 COSMOS 2251 DEB
1 34122U 93036KT  16358.80770693 +.00000502 +00000-0 +14581-3 0  9995
2 34122 074.0442 128.1631 0114221 127.4264 022.3340 14.43136203412721
0 COSMOS 2251 DEB
1 34122U 93036KT  16359.84906813  .00000495  00000-0  14395-3 0  9999
2 34122  74.0444 126.2298 0114136 125.2182  32.5282 14.43137466412945
0 COSMOS 2251 DEB
1 34122U 93036KT  16360.81866309 +.00000481 +00000-0 +14025-3 0  9998
2 34122 074.0445 124.4298 0114066 123.1645 029.8771 14.43138631413015
0 COSMOS 2251 DEB
1 34122U 93036KT  16361.78255321 +.00000478 +00000-0 +13932-3 0  9993
2 34122 074.0445 122.6404 0113992 121.1210 357.5938 14.43139861413154
0 COSMOS 2251 DEB
1 34122U 93036KT  16362.05908832  .00000503  00000-0  14631-3 0  9992
2 34122  74.0446 122.1270 0113973 120.5329 354.2849 14.43140388413267
0 COSMOS 2251 DEB
1 34122U 93036KT  16362.82992036 +.00000460 +00000-0 +13436-3 0  9990
2 34122 074.0446 120.6960 0113914 118.8983 039.0068 14.43141104413300
0 COSMOS 2251 DEB
1 34122U 93036KT  16363.79958547 +.00000449 +00000-0 +13131-3 0  9995
2 34122 074.0447 118.8958 0113849 116.8409 036.7355 14.43142188413446
0 COSMOS 2251 DEB
1 34122U 93036KT  16364.12895668  .00000447  00000-0  13088-3 0  9996
2 34122  74.0447 118.2843 0113822 116.1405 307.9296 14.43142570413568
0 COSMOS 2251 DEB
1 34122U 93036KT  16364.76965294 +.00000451 +00000-0 +13191-3 0  9999
2 34122 074.0447 117.0949 0113780 114.7811 036.5595 14.43143284413582
0 COSMOS 2251 DEB
1 34122U 93036KT  16365.74225574 +.00000464 +00000-0 +13547-3 0  9997
2 34122 074.0448 115.2893 0113709 112.7140 049.5610 14.43144418413723
0 COSMOS 2251 DEB
1 34122U 93036KT  16366.49770454  .00000457  00000-0  13344-3 0  9999
2 34122  74.0448 113.8868 0113661 111.1082  14.3760 14.43145159413903
0 COSMOS 2251 DEB
1 34122U 93036KT  16366.78178190 +.00000472 +00000-0 +13761-3 0  9990
2 34122 074.0448 113.3594 0113639 110.5035 050.2569 14.43145548413874
0 COSMOS 2251 DEB
1 34122U 93036KT  17001.75127093 +.00000500 +00000-0 +14539-3 0  9996
2 34122 074.0449 111.5596 0113566 108.4396 047.1529 14.43146760414017
0 COSMOS 2251 DEB
1 34122U 93036KT  17002.71499149  .00000484  00000-0  14108-3 0  9990
2 34122  74.0450 109.7705 0113504 106.3867  14.0233 14.43147677414228
0 COSMOS 2251 DEB
1 34122U 93036KT  17003.76279826 +.00000522 +00000-0 +15149-3 0  9993
2 34122 074.0450 107.8253 0113442 104.1542 057.7571 14.43149030414305
0 COSMOS 2251 DEB
1 34122U 93036KT  17004.73298222  .00000541  00000-0  15677-3 0  9999
2 34122  74.0451 106.0242 0113380 102.0842  58.2196 14.43150238414510
0 COSMOS 2251 DEB
1 34122U 93036KT  17005.70246067 +.00000531 +00000-0 +15394-3 0  9992
2 34122 074.0451 104.2244 0113316 100.0141 055.0229 14.43151365414582
0 COSMOS 2251 DEB
1 34122U 93036KT  17006.74261519  .00000519  00000-0  15062-3 0  9994
2 34122  74.0451 102.2933 0113249  97.7901  59.0221 14.43152575414801
0 COSMOS 2251 DEB
1 34122U 93036KT  17006.74261519 +.00000519 +00000-0 +15062-3 0  9994
2 34122 074.0451 102.2933 0113249 097.7901 059.0221 14.43152575414733
0 COSMOS 2251 DEB
1 34122U 93036KT  17007.27935779 +.00000503 +00000-0 +14632-3 0  9994
2 34122 074.0451 101.2969 0113227 096.6430 327.6053 14.43153115414819
0 COSMOS 2251 DEB
1 34122U 93036KT  17008.68214220 +.00000493 +00000-0 +14354-3 0  9990
2 34122 074.0451 098.6925 0113151 093.6448 055.6144 14.43154745415014
0 COSMOS 2251 DEB
1 34122U 93036KT  17009.21366375  .00000479  00000-0  13966-3 0  9991
2 34122  74.0451  97.7057 0113130  92.5071 297.0786 14.43155315415161
0 COSMOS 2251 DEB
1 34122U 93036KT  17009.92479343 +.00000490 +00000-0 +14282-3 0  9994
2 34122 074.0451 096.3855 0113106 090.9886 031.6760 14.43156177415195
0 COSMOS 2251 DEB
1 34122U 93036KT  17010.69457818 +.00000479 +00000-0 +13974-3 0  9997
2 34122 074.0450 094.9563 0113058 089.3390 071.0174 14.43156959415300
0 COSMOS 2251 DEB
1 34122U 93036KT  17011.30048536  .00000490  00000-0  14287-3 0  9990
2 34122  74.0449  93.8313 0113035  88.0460 338.9454 14.43157715415462
0 COSMOS 2251 DEB
1 34122U 93036KT  17011.66402727 +.00000474 +00000-0 +13842-3 0  9993
2 34122 074.0449 093.1564 0113018 087.2673 067.6928 14.43157987415442
0 COSMOS 2251 DEB
1 34122U 93036KT  17012.90517538 +.00000449 +00000-0 +13153-3 0  9995
2 34122 074.0448 090.8520 0112976 084.6093 035.9640 14.43159186415628
0 COSMOS 2251 DEB
1 34122U 93036KT  17013.31041740  .00000455  00000-0  13313-3 0  9993
2 34122  74.0448  90.0996 0112969  83.7424 341.3616 14.43159619415759
0 COSMOS 2251 DEB
1 34122U 93036KT  17014.20358098 +.00000463 +00000-0 +13533-3 0  9992
2 34122 074.0448 088.4414 0112943 081.8251 301.7202 14.43160578415818
0 COSMOS 2251 DEB
1 34122U 93036KT  17014.64573218 +.00000468 +00000-0 +13671-3 0  9991
2 34122 074.0448 087.6205 0112930 080.8766 078.8806 14.43161012415875
0 COSMOS 2251 DEB
1 34122U 93036KT  17015.32207478  .00000453  00000-0  13268-3 0  9995
2 34122  74.0447  86.3647 0112915  79.4285 352.7627 14.43161645416040
0 COSMOS 2251 DEB
1 34122U 93036KT  17015.88575322 +.00000449 +00000-0 +13139-3 0  9994
2 34122 074.0447 085.3182 0112906 078.2209 041.3094 14.43162184416055
0 COSMOS 2251 DEB
1 34122U 93036KT  17016.65533880 +.00000453 +00000-0 +13260-3 0  9993
2 34122 074.0447 083.8894 0112896 076.5737 079.6298 14.43162921416164
0 COSMOS 2251 DEB
1 34122U 93036KT  17017.53945696  .00000479  00000-0  13977-3 0  9996
2 34122  74.0447  82.2480 0112879  74.6797 353.0002 14.43163940416360
0 COSMOS 2251 DEB
1 34122U 93036KT  17017.62480675 +.00000482 +00000-0 +14068-3 0  9993
2 34122 074.0447 082.0895 0112878 074.4968 076.4290 14.43164046416302
0 COSMOS 2251 DEB
1 34122U 93036KT  17018.59494615 +.00000504 +00000-0 +14658-3 0  9999
2 34122 074.0445 080.2882 0112865 072.4174 076.7212 14.43165151416449
0 COSMOS 2251 DEB
1 34122U 93036KT  17019.55003653  .00000541  00000-0  15679-3 0  9999
2 34122  74.0445  78.5149 0112856  70.3721 358.8298 14.43166373416658
0 COSMOS 2251 DEB
1 34122U 93036KT  17020.24152302 +.00000493 +00000-0 +14350-3 0  9994
2 34122 074.0444 077.2311 0112855 068.8857 351.4085 14.43166809416685
0 COSMOS 2251 DEB
1 34122U 93036KT  17021.57800421  .00000539  00000-0  15626-3 0  9991
2 34122  74.0444  74.7496 0112867  66.0269  95.0139 14.43168523416946
0 COSMOS 2251 DEB
1 34122U 93036KT  17021.84664531 +.00000523 +00000-0 +15192-3 0  9992
2 34122 074.0443 074.2508 0112872 065.4526 050.7227 14.43168741416914
0 COSMOS 2251 DEB
1 34122U 93036KT  17022.45996705 +.00000577 +00000-0 +16668-3 0  9999
2 34122 074.0443 073.1120 0112861 064.1352 357.2073 14.43169760417000
0 COSMOS 2251 DEB
1 34122U 93036KT  17023.51104813 +.00000572 +00000-0 +16537-3 0  9998
2 34122 074.0442 071.1603 0112866 061.8877 058.0420 14.43170898417156
0 COSMOS 2251 DEB
1 34122U 93036KT  17024.19182519  .00000583  00000-0  16834-3 0  9994
2 34122  74.0441  69.8962 0112877  60.4334 354.9848 14.43171840417321
0 COSMOS 2251 DEB
1 34122U 93036KT  17024.82724718 +.00000605 +00000-0 +17438-3 0  9993
2 34122 074.0440 068.7163 0112888 059.0710 056.2942 14.43172753417348
0 COSMOS 2251 DEB
1 34122U 93036KT  17025.52008831 +.00000601 +00000-0 +17333-3 0  9992
2 34122 074.0440 067.4299 0112900 057.5912 055.9186 14.43173583417445
0 COSMOS 2251 DEB
1 34122U 93036KT  17026.20384609  .00000584  00000-0  16873-3 0  9996
2 34122  74.0440  66.1602 0112914  56.1276   8.3562 14.43174355417619
0 COSMOS 2251 DEB
1 34122U 93036KT  17026.56735097 +.00000643 +00000-0 +18488-3 0  9996
2 34122 074.0439 065.4853 0112918 055.3482 096.9347 14.43175136417590
0 COSMOS 2251 DEB
1 34122U 93036KT  17027.53083501 +.00000710 +00000-0 +20337-3 0  9991
2 34122 074.0439 063.6963 0112943 053.2884 062.6839 14.43176821417737
0 COSMOS 2251 DEB
1 34122U 93036KT  17028.51149795  .00000740  00000-0  21156-3 0  9991
2 34122  74.0438  61.8753 0112971  51.1945 117.6870 14.43178320417944
0 COSMOS 2251 DEB
1 34122U 93036KT  17028.90757038 +.00000661 +00000-0 +18994-3 0  9997
2 34122 074.0439 061.1400 0112987 050.3595 015.4584 14.43178382417930
0 COSMOS 2251 DEB
1 34122U 93036KT  17029.87727358 +.00000654 +00000-0 +18781-3 0  9992
2 34122 074.0439 059.3394 0113022 048.2907 013.5246 14.43179617418077
0 COSMOS 2251 DEB
1 34122U 93036KT  17030.51173068  .00000693  00000-0  19874-3 0  9995
2 34122  74.0439  58.1613 0113043  46.9368  69.8313 14.43180649418231
0 COSMOS 2251 DEB
1 34122U 93036KT  17031.49097804 +.00000707 +00000-0 +20264-3 0  9997
2 34122 074.0438 056.3429 0113073 044.8546 117.4849 14.43182058418301
0 COSMOS 2251 DEB
1 34122U 93036KT  17032.52916247  .00000755  00000-0  21579-3 0  9996
2 34122  74.0438  54.4151 0113116  42.6424 111.3557 14.43183805418525
0 COSMOS 2251 DEB
1 34122U 93036KT  17033.49323230 +.00000746 +00000-0 +21320-3 0  9991
2 34122 074.0438 052.6248 0113158 040.5897 080.1666 14.43185022418593
0 COSMOS 2251 DEB
1 34122U 93036KT  17035.14727845  .00000644  00000-0  18524-3 0  9994
2 34122  74.0438  49.5533 0113235  37.0773  33.7410 14.43186716418902
0 COSMOS 2251 DEB
1 34122U 93036KT  17035.50414350 +.00000691 +00000-0 +19808-3 0  9996
2 34122 074.0438 048.8906 0113253 036.3166 087.8330 14.43187412418888
0 COSMOS 2251 DEB
1 34122U 93036KT  17036.47392240 +.00000684 +00000-0 +19628-3 0  9998
2 34122 074.0438 047.0898 0113309 034.2543 086.3178 14.43188722419023
0 COSMOS 2251 DEB
1 34122U 93036KT  17037.44367387  .00000689  00000-0  19753-3 0  9994
2 34122  74.0438  45.2889 0113354  32.2002  84.6573 14.43190158419230
0 COSMOS 2251 DEB
1 34122U 93036KT  17038.95505382 +.00000650 +00000-0 +18670-3 0  9995
2 34122 074.0440 042.4824 0113418 029.0014 017.0333 14.43192210419380
0 COSMOS 2251 DEB
1 34122U 93036KT  17039.46063406  .00000667  00000-0  19133-3 0  9991
2 34122  74.0440  41.5435 0113444  27.9280 123.7813 14.43192998419526
0 COSMOS 2251 DEB
1 34122U 93036KT  17040.75891582 +.00000633 +00000-0 +18213-3 0  9990
2 34122 074.0441 039.1327 0113530 025.1810 029.0165 14.43194717419647
0 COSMOS 2251 DEB
1 34122U 93036KT  17041.40155007 +.00000632 +00000-0 +18169-3 0  9997
2 34122 074.0442 037.9395 0113552 023.8218 127.8310 14.43195598419737
0 COSMOS 2251 DEB
1 34122U 93036KT  17042.15859875  .00000659  00000-0  18913-3 0  9990
2 34122  74.0443  36.5337 0113591  22.2209 101.0899 14.43196808419916
0 COSMOS 2251 DEB
1 34122U 93036KT  17042.97306970 +.00000625 +00000-0 +17991-3 0  9991
2 34122 074.0444 035.0213 0113638 020.5037 012.6838 14.43197700419963
0 COSMOS 2251 DEB
1 34122U 93036KT  17043.94267154 +.00000642 +00000-0 +18442-3 0  9990
2 34122 074.0445 033.2210 0113696 018.4584 010.2682 14.43199100420103
0 COSMOS 2251 DEB
1 34122U 93036KT  17044.37660253  .00000669  00000-0  19198-3 0  9993
2 34122  74.0446  32.4152 0113716  17.5385 104.7707 14.43199812420233
0 COSMOS 2251 DEB
1 34122U 93036KT  17044.78131837 +.00000671 +00000-0 +19241-3 0  9991
2 34122 074.0446 031.6637 0113745 016.6880 047.4774 14.43200298420221
0 COSMOS 2251 DEB
1 34122U 93036KT  17045.95333164 +.00000639 +00000-0 +18373-3 0  9997
2 34122 074.0447 029.4873 0113809 014.2208 016.6990 14.43201633420398
0 COSMOS 2251 DEB
1 34122U 93036KT  17046.39221685  .00000708  00000-0  20267-3 0  9992
2 34122  74.0448  28.6724 0113830  13.2961 136.9391 14.43202528420524
0 COSMOS 2251 DEB
1 34122U 93036KT  17046.92225425 +.00000645 +00000-0 +18533-3 0  9990
2 34122 074.0449 027.6882 0113860 012.1847 010.7595 14.43202915420539
0 COSMOS 2251 DEB
1 34122U 93036KT  17047.97037522 +.00000695 +00000-0 +19915-3 0  9995
2 34122 074.0450 025.7419 0113918 009.9804 056.3044 14.43204572420689
0 COSMOS 2251 DEB
1 34122U 93036KT  17048.73207574  .00000792  00000-0  22587-3 0  9993
2 34122  74.0451  24.3276 0113955   8.3749  53.7511 14.43206154420866
0 COSMOS 2251 DEB
1 34122U 93036KT  17049.90485716 +.00000811 +00000-0 +23098-3 0  9999
2 34122 074.0453 022.1499 0114015 005.9137 026.9808 14.43208001420968
0 COSMOS 2251 DEB
1 34122U 93036KT  17050.87338564  .00000832  00000-0  23664-3 0  9997
2 34122  74.0454  20.3516 0114061   3.8795  19.0156 14.43209671421174
0 COSMOS 2251 DEB
1 34122U 93036KT  17050.94993817 +.00000797 +00000-0 +22696-3 0  9997
2 34122 074.0454 020.2094 0114066 003.7199 056.7472 14.43209627421110
0 COSMOS 2251 DEB
1 34122U 93036KT  17051.91461241 +.00000844 +00000-0 +23993-3 0  9990
2 34122 074.0455 018.4182 0114110 001.6916 028.7664 14.43211544421250
0 COSMOS 2251 DEB
1 34122U 93036KT  17052.88495387  .00000907  00000-0  25731-3 0  9997
2 34122  74.0456  16.6165 0114154 359.6607  30.2265 14.43213604421460
0 COSMOS 2251 DEB
1 34122U 93036KT  17052.95897317 +.00000808 +00000-0 +23016-3 0  9998
2 34122 074.0457 016.4790 0114160 359.5064 054.7973 14.43213217421407
0 COSMOS 2251 DEB
1 34122U 93036KT  17053.92923348 +.00000876 +00000-0 +24877-3 0  9991
2 34122 074.0458 014.6775 0114204 357.4748 055.8447 14.43215428421545
0 COSMOS 2251 DEB
1 34122U 93036KT  17054.90141802  .00001000  00000-0  28275-3 0  9993
2 34122  74.0459  12.8724 0114244 355.4385  66.8980 14.43218025421752
0 COSMOS 2251 DEB
1 34122U 93036KT  17054.97032586 +.00000947 +00000-0 +26809-3 0  9998
2 34122 074.0459 012.7444 0114247 355.2937 064.9139 14.43217857421694
0 COSMOS 2251 DEB
1 34122U 93036KT  17055.93967465 +.00001084 +00000-0 +30590-3 0  9993
2 34122 074.0460 010.9445 0114283 353.2675 061.2386 14.43220653421832
0 COSMOS 2251 DEB
1 34122U 93036KT  17056.90996071  .00001059  00000-0  29905-3 0  9996
2 34122  74.0461   9.1429 0114320 351.2346  62.4442 14.43222586422047
0 COSMOS 2251 DEB
1 34122U 93036KT  17057.95147428 +.00000915 +00000-0 +25949-3 0  9990
2 34122 074.0462 007.2090 0114360 349.0520 073.7238 14.43223836422120
0 COSMOS 2251 DEB
1 34122U 93036KT  17059.19948097  .00000916  00000-0  25958-3 0  9990
2 34122  74.0463   4.8916 0114406 346.4414  77.8646 14.43226351422375
0 COSMOS 2251 DEB
1 34122U 93036KT  17059.89060653 +.00001040 +00000-0 +29362-3 0  9992
2 34122 074.0464 003.6083 0114429 344.9976 068.6787 14.43228490422403
0 COSMOS 2251 DEB
1 34122U 93036KT  17060.52741035 +.00001102 +00000-0 +31061-3 0  9992
2 34122 074.0465 002.4259 0114459 343.6670 137.2621 14.43230150422491
0 COSMOS 2251 DEB
1 34122U 93036KT  17061.29029642  .00001114  00000-0  31391-3 0  9999
2 34122  74.0466   1.0095 0114490 342.0698 140.9293 14.43231961422670
0 COSMOS 2251 DEB
1 34122U 93036KT  17061.90325571 +.00001034 +00000-0 +29191-3 0  9993
2 34122 074.0466 359.8713 0114504 340.7902 085.6320 14.43232884422693
0 COSMOS 2251 DEB
1 34122U 93036KT  17062.79736383 +.00001138 +00000-0 +32063-3 0  9995
2 34122 074.0467 358.2112 0114534 338.9298 051.0780 14.43235532422825
0 COSMOS 2251 DEB
1 34122U 93036KT  17063.50772372  .00001058  00000-0  29846-3 0  9999
2 34122  74.0467 356.8921 0114553 337.4511 141.8412 14.43236627422994
0 COSMOS 2251 DEB
1 34122U 93036KT  17064.80757255 +.00000919 +00000-0 +26046-3 0  9990
2 34122 074.0467 354.4786 0114596 334.7413 055.3836 14.43238862423112
0 COSMOS 2251 DEB
1 34122U 93036KT  17065.51679464  .00000900  00000-0  25528-3 0  9998
2 34122  74.0467 353.1618 0114610 333.2638 140.2489 14.43240397423284
0 COSMOS 2251 DEB
1 34122U 93036KT  17065.77792417 +.00000848 +00000-0 +24092-3 0  9996
2 34122 074.0467 352.6770 0114614 332.7196 056.9853 14.43240689423253
0 COSMOS 2251 DEB
1 34122U 93036KT  17066.74754369 +.00000812 +00000-0 +23111-3 0  9990
2 34122 074.0467 350.8767 0114631 330.7030 054.7866 14.43242619423393
0 COSMOS 2251 DEB
1 34122U 93036KT  17067.86318003  .00000712  00000-0  20352-3 0  9998
2 34122  74.0467 348.8053 0114647 328.3744  91.2541 14.43244268423624
0 COSMOS 2251 DEB
1 34122U 93036KT  17068.83256193 +.00000676 +00000-0 +19359-3 0  9991
2 34122 074.0467 347.0054 0114667 326.3567 087.8338 14.43245850423699
0 COSMOS 2251 DEB
1 34122U 93036KT  17069.80280174 +.00000678 +00000-0 +19437-3 0  9994
2 34122 074.0466 345.2039 0114679 324.3363 088.8774 14.43247556423832
0 COSMOS 2251 DEB
1 34122U 93036KT  17070.23260539  .00000651  00000-0  18689-3 0  9995
2 34122  74.0466 344.4057 0114675 323.4373 161.9988 14.43248026423967
0 COSMOS 2251 DEB
1 34122U 93036KT  17070.84495181 +.00000637 +00000-0 +18305-3 0  9994
2 34122 074.0465 343.2687 0114688 322.1605 103.5525 14.43248934423989
0 COSMOS 2251 DEB
1 34122U 93036KT  17071.81325604 +.00000649 +00000-0 +18630-3 0  9998
2 34122 074.0465 341.4706 0114701 320.1436 094.5502 14.43250535424128
0 COSMOS 2251 DEB
1 34122U 93036KT  17072.44883253  .00000651  00000-0  18682-3 0  9997
2 34122  74.0464 340.2905 0114703 318.8204 156.8031 14.43251492424283
0 COSMOS 2251 DEB
1 34122U 93036KT  17072.85565602 +.00000623 +00000-0 +17922-3 0  9992
2 34122 074.0464 339.5350 0114702 317.9733 110.5294 14.43251964424275
0 COSMOS 2251 DEB
1 34122U 93036KT  17073.82535206 +.00000603 +00000-0 +17377-3 0  9999
2 34122 074.0463 337.7343 0114708 315.9496 108.7711 14.43253223424415
0 COSMOS 2251 DEB
1 34122U 93036KT  17074.79387184 +.00000598 +00000-0 +17237-3 0  9994
2 34122 074.0462 335.9359 0114714 313.9346 100.8999 14.43254568424627
0 COSMOS 2251 DEB
1 34122U 93036KT  17075.76406850 +.00000588 +00000-0 +16968-3 0  9993
2 34122 074.0460 334.1344 0114719 311.9151 101.7465 14.43255857424694
0 COSMOS 2251 DEB
1 34122U 93036KT  17076.80637596 +.00000588 +00000-0 +16964-3 0  9998
2 34122 074.0459 332.1988 0114711 309.7446 117.2651 14.43257253424914
0 COSMOS 2251 DEB
1 34122U 93036KT  17077.77569566 +.00000558 +00000-0 +16126-3 0  9993
2 34122 074.0457 330.3989 0114713 307.7270 113.5629 14.43258284424984
0 COSMOS 2251 DEB
1 34122U 93036KT  17078.82538593 +.00000535 +00000-0 +15520-3 0  9998
2 34122 074.0456 328.4498 0114717 305.5368 167.4532 14.43259486425206
0 COSMOS 2251 DEB
1 34122U 93036KT  17079.71595759 +.00000564 +00000-0 +16303-3 0  9996
2 34122 074.0456 326.7964 0114705 303.6830 114.6077 14.43260711425262
0 COSMOS 2251 DEB
1 34122U 93036KT  17080.83837723 +.00000582 +00000-0 +16800-3 0  9993
2 34122 074.0454 324.7121 0114707 301.3445 186.3848 14.43262139425495
0 COSMOS 2251 DEB
1 34122U 93036KT  17081.65122583 +.00000650 +00000-0 +18668-3 0  9995
2 34122 074.0453 323.2027 0114697 299.6492 089.7238 14.43263534425547
0 COSMOS 2251 DEB
1 34122U 93036KT  17082.69716855 +.00000659 +00000-0 +18900-3 0  9999
2 34122 074.0452 321.2603 0114681 297.4709 124.1569 14.43264878425693
0 COSMOS 2251 DEB
1 34122U 93036KT  17083.73688302 +.00000659 +00000-0 +18894-3 0  9992
2 34122 074.0451 319.3296 0114665 295.3034 126.2365 14.43266151425848
0 COSMOS 2251 DEB
1 34122U 93036KT  17084.70596142 +.00000650 +00000-0 +18671-3 0  9994
2 34122 074.0449 317.5299 0114649 293.2833 121.3146 14.43267352425986
0 COSMOS 2251 DEB
1 34122U 93036KT  17085.67620406 +.00000675 +00000-0 +19360-3 0  9995
2 34122 074.0448 315.7281 0114635 291.2582 122.4483 14.43268716426195
0 COSMOS 2251 DEB
1 34122U 93036KT  17087.68660753 +.00000784 +00000-0 +22328-3 0  9996
2 34122 074.0445 311.9945 0114595 287.0631 128.0123 14.43272240426482
0 COSMOS 2251 DEB
1 34122U 93036KT  17088.93524396 +.00000799 +00000-0 +22742-3 0  9993
2 34122 074.0444 309.6757 0114580 284.4535 135.6371 14.43274228426593
0 COSMOS 2251 DEB
1 34122U 93036KT  17089.69786883 +.00000794 +00000-0 +22616-3 0  9993
2 34122 074.0443 308.2593 0114568 282.8617 138.0601 14.43275344426777
0 COSMOS 2251 DEB
1 34122U 93036KT  17090.66862520 +.00000742 +00000-0 +21194-3 0  9998
2 34122 074.0441 306.4565 0114557 280.8329 141.8935 14.43276542426841
0 COSMOS 2251 DEB
1 34122U 93036KT  17091.91613604 +.00000734 +00000-0 +20970-3 0  9996
2 34122 074.0440 304.1397 0114537 278.2179 143.6984 14.43278470427027
0 COSMOS 2251 DEB
1 34122U 93036KT  17092.67912918 +.00000694 +00000-0 +19864-3 0  9995
2 34122 074.0437 302.7223 0114506 276.6046 148.0684 14.43279414427133
0 COSMOS 2251 DEB
1 34122U 93036KT  17093.92685451 +.00000692 +00000-0 +19806-3 0  9997
2 34122 074.0437 300.4051 0114495 273.9931 150.9955 14.43281215427312
0 COSMOS 2251 DEB
1 34122U 93036KT  17094.89665803 +.00000732 +00000-0 +20913-3 0  9999
2 34122 074.0436 298.6037 0114470 271.9576 149.9106 14.43282922427456
0 COSMOS 2251 DEB
1 34122U 93036KT  17095.58919084 +.00000739 +00000-0 +21101-3 0  9996
2 34122 074.0435 297.3175 0114457 270.5073 148.1787 14.43283993427552
0 COSMOS 2251 DEB
1 34122U 93036KT  17096.62961186 +.00000675 +00000-0 +19349-3 0  9992
2 34122 074.0435 295.3851 0114443 268.3226 154.0171 14.43285121427773
0 COSMOS 2251 DEB
1 34122U 93036KT  17097.95793774 +.00000639 +00000-0 +18363-3 0  9990
2 34122 074.0435 292.9180 0114431 265.5391 215.7598 14.43286828427896
0 COSMOS 2251 DEB
1 34122U 93036KT  17098.56999031 +.00000641 +00000-0 +18425-3 0  9994
2 34122 074.0434 291.7812 0114416 264.2424 155.8921 14.43287730427987
0 COSMOS 2251 DEB
1 34122U 93036KT  17099.96792227 +.00000625 +00000-0 +17980-3 0  9994
2 34122 074.0434 289.1849 0114409 261.3055 219.3162 14.43289583428182
0 COSMOS 2251 DEB
1 34122U 93036KT  17100.50476760 +.00000599 +00000-0 +17262-3 0  9991
2 34122 074.0434 288.1878 0114402 260.1781 128.6779 14.43290188428267
0 COSMOS 2251 DEB
1 34122U 93036KT  17101.90958264 +.00000582 +00000-0 +16780-3 0  9996
2 34122 074.0435 285.5787 0114406 257.2326 227.8723 14.43291980428468
0 COSMOS 2251 DEB
1 34122U 93036KT  17102.59166250 +.00000603 +00000-0 +17376-3 0  9994
2 34122 074.0435 284.3119 0114406 255.8044 171.8518 14.43293014428566
0 COSMOS 2251 DEB
1 34122U 93036KT  17103.91917167 +.00000599 +00000-0 +17246-3 0  9992
2 34122 074.0435 281.8464 0114408 253.0195 229.3909 14.43294695428750
0 COSMOS 2251 DEB
1 34122U 93036KT  17104.88930837 +.00000620 +00000-0 +17821-3 0  9992
2 34122 074.0436 280.0446 0114445 250.9642 230.1022 14.43296088428895
0 COSMOS 2251 DEB
1 34122U 93036KT  17105.92983443 +.00000638 +00000-0 +18334-3 0  9998
2 34122 074.0437 278.1120 0114462 248.7804 236.5329 14.43297588429041
0 COSMOS 2251 DEB
1 34122U 93036KT  17106.90661925 +.00000665 +00000-0 +19061-3 0  9993
2 34122 074.0437 276.2978 0114467 246.7359 271.7719 14.43299046429189
0 COSMOS 2251 DEB
1 34122U 93036KT  17107.85988637 +.00000678 +00000-0 +19404-3 0  9995
2 34122 074.0437 274.5273 0114482 244.7387 184.8233 14.43300461429396
0 COSMOS 2251 DEB
1 34122U 93036KT  17108.91600233 +.00000799 +00000-0 +22723-3 0  9998
2 34122 074.0438 272.5659 0114505 242.5322 272.2643 14.43302674429478
0 COSMOS 2251 DEB
1 34122U 93036KT  17109.87985451 +.00000834 +00000-0 +23686-3 0  9991
2 34122 074.0439 270.7757 0114510 240.5146 240.3247 14.43304390429682
0 COSMOS 2251 DEB
1 34122U 93036KT  17110.85019950 +.00000952 +00000-0 +26920-3 0  9998
2 34122 074.0439 268.9735 0114519 238.4837 242.1296 14.43306806429755
0 COSMOS 2251 DEB
1 34122U 93036KT  17111.53240687 +.00000975 +00000-0 +27551-3 0  9993
2 34122 074.0440 267.7064 0114538 237.0571 186.8036 14.43308083429856
0 COSMOS 2251 DEB
1 34122U 93036KT  17112.86661640 +.00001205 +00000-0 +33834-3 0  9994
2 34122 074.0440 265.2283 0114559 234.2686 279.2239 14.43312068430112
0 COSMOS 2251 DEB
1 34122U 93036KT  17113.83678796 +.00001330 +00000-0 +37251-3 0  9998
2 34122 074.0441 263.4265 0114563 232.2450 280.1458 14.43314998430180
0 COSMOS 2251 DEB
1 34122U 93036KT  17114.87190750 +.00001318 +00000-0 +36921-3 0  9991
2 34122 074.0442 261.5041 0114574 230.0816 258.5441 14.43317404430407
0 COSMOS 2251 DEB
1 34122U 93036KT  17115.84084913 +.00001227 +00000-0 +34427-3 0  9990
2 34122 074.0442 259.7046 0114584 228.0598 253.0913 14.43319232430478
0 COSMOS 2251 DEB
1 34122U 93036KT  17116.81154208 +.00001116 +00000-0 +31402-3 0  9990
2 34122 074.0443 257.9018 0114600 226.0345 256.7465 14.43320999430615
0 COSMOS 2251 DEB
1 34122U 93036KT  17117.85244852 +.00000936 +00000-0 +26458-3 0  9994
2 34122 074.0443 255.9686 0114611 223.8606 265.2356 14.43322430430763
0 COSMOS 2251 DEB
1 34122U 93036KT  17118.82162573 +.00000887 +00000-0 +25127-3 0  9998
2 34122 074.0444 254.1686 0114619 221.8404 261.0270 14.43324295430903
0 COSMOS 2251 DEB
1 34122U 93036KT  17119.79170932 +.00000877 +00000-0 +24842-3 0  9995
2 34122 074.0445 252.3669 0114634 219.8173 261.5357 14.43326283431048
0 COSMOS 2251 DEB
1 34122U 93036KT  17120.76386736 +.00000833 +00000-0 +23631-3 0  9992
2 34122 074.0445 250.5612 0114662 217.7860 272.8320 14.43327886431187
0 COSMOS 2251 DEB
1 34122U 93036KT  17121.80217588 +.00000821 +00000-0 +23291-3 0  9995
2 34122 074.0448 248.6330 0114680 215.6352 267.8326 14.43329803431336
0 COSMOS 2251 DEB
1 34122U 93036KT  17122.41312019 +.00000793 +00000-0 +22519-3 0  9998
2 34122 074.0448 247.4984 0114684 214.3628 202.2787 14.43330760431422
0 COSMOS 2251 DEB
1 34122U 93036KT  17122.77202904 +.00000772 +00000-0 +21953-3 0  9996
2 34122 074.0448 246.8318 0114689 213.6147 267.1589 14.43331267431477
0 COSMOS 2251 DEB
1 34122U 93036KT  17123.45701509 +.00000738 +00000-0 +21035-3 0  9990
2 34122 074.0449 245.5596 0114700 212.1874 226.3279 14.43332274431648
0 COSMOS 2251 DEB
1 34122U 93036KT  17123.74274769 +.00000725 +00000-0 +20654-3 0  9997
2 34122 074.0448 245.0287 0114717 211.5885 270.9910 14.43332641431614
0 COSMOS 2251 DEB
1 34122U 93036KT  17124.42562054 +.00000684 +00000-0 +19536-3 0  9991
2 34122 074.0449 243.7605 0114722 210.1697 219.1792 14.43333539431717
0 COSMOS 2251 DEB
1 34122U 93036KT  17124.78245478 +.00000709 +00000-0 +20236-3 0  9995
2 34122 074.0449 243.0978 0114720 209.4277 273.2823 14.43334275431765
0 COSMOS 2251 DEB
1 34122U 93036KT  17125.39362976 +.00000668 +00000-0 +19104-3 0  9992
2 34122 074.0449 241.9629 0114713 208.1563 208.9351 14.43335033431855
0 COSMOS 2251 DEB
1 34122U 93036KT  17125.75343840 +.00000624 +00000-0 +17903-3 0  9998
2 34122 074.0450 241.2948 0114711 207.4139 278.4871 14.43335259431975
0 COSMOS 2251 DEB
1 34122U 93036KT  17126.36380959 +.00000607 +00000-0 +17423-3 0  9996
2 34122 074.0450 240.1613 0114714 206.1453 209.9648 14.43336076431991
0 COSMOS 2251 DEB
1 34122U 93036KT  17126.72327928 +.00000599 +00000-0 +17225-3 0  9993
2 34122 074.0450 239.4938 0114718 205.4035 277.7582 14.43336519432043
0 COSMOS 2251 DEB
1 34122U 93036KT  17127.40592628 +.00000548 +00000-0 +15829-3 0  9992
2 34122 074.0450 238.2261 0114715 203.9875 224.7788 14.43337121432142
0 COSMOS 2251 DEB
1 34122U 93036KT  17127.76379676 +.00000570 +00000-0 +16410-3 0  9999
2 34122 074.0451 237.5615 0114712 203.2465 284.2669 14.43337690432266
0 COSMOS 2251 DEB
1 34122U 93036KT  17128.29972948 +.00000580 +00000-0 +16693-3 0  9993
2 34122 074.0450 236.5662 0114711 202.1317 188.9691 14.43338448432277
0 COSMOS 2251 DEB
1 34122U 93036KT  17128.73346800 +.00000553 +00000-0 +15957-3 0  9996
2 34122 074.0451 235.7607 0114712 201.2315 282.6693 14.43338800432330
0 COSMOS 2251 DEB
1 34122U 93036KT  17129.62281545 +.00000534 +00000-0 +15429-3 0  9992
2 34122 074.0451 234.1091 0114715 199.3843 223.7123 14.43339748432466
0 COSMOS 2251 DEB
1 34122U 93036KT  17129.70301670 +.00000533 +00000-0 +15399-3 0  9998
2 34122 074.0451 233.9601 0114714 199.2176 280.4377 14.43339838432479
0 COSMOS 2251 DEB
1 34122U 93036KT  17129.98076566 +.00000520 +00000-0 +15058-3 0  9999
2 34122 074.0451 233.4444 0114707 198.6402 283.6205 14.43340103432580
0 COSMOS 2251 DEB
1 34122U 93036KT  17130.74956382 +.00000523 +00000-0 +15135-3 0  9997
2 34122 074.0451 232.0167 0114708 197.0452 318.2921 14.43340985432629
0 COSMOS 2251 DEB
1 34122U 93036KT  17131.35649575 +.00000523 +00000-0 +15113-3 0  9994
2 34122 074.0452 230.8896 0114703 195.7839 231.9111 14.43341669432716
0 COSMOS 2251 DEB
1 34122U 93036KT  17132.60399397 +.00000520 +00000-0 +15050-3 0  9994
2 34122 074.0452 228.5729 0114682 193.1927 233.9172 14.43343060432896
0 COSMOS 2251 DEB
1 34122U 93036KT  17132.96086984 +.00000503 +00000-0 +14573-3 0  9998
2 34122 074.0452 227.9101 0114678 192.4540 288.2440 14.43343363432944
0 COSMOS 2251 DEB
1 34122U 93036KT  17133.36644802 +.00000473 +00000-0 +13758-3 0  9992
2 34122 074.0452 227.1569 0114669 191.6068 235.6357 14.43343618433004
0 COSMOS 2251 DEB
1 34122U 93036KT  17133.73016174 +.00000481 +00000-0 +13971-3 0  9994
2 34122 074.0452 226.4815 0114662 190.8546 325.4924 14.43344035433052
0 COSMOS 2251 DEB
1 34122U 93036KT  17134.26061064 +.00000481 +00000-0 +13968-3 0  9997
2 34122 074.0452 225.4965 0114650 189.7519 201.7119 14.43344624433136
0 COSMOS 2251 DEB
1 34122U 93036KT  17134.96982821 +.00000471 +00000-0 +13706-3 0  9996
2 34122 074.0453 224.1794 0114630 188.2795 286.8155 14.43345332433233
0 COSMOS 2251 DEB
1 34122U 93036KT  17135.23107295 +.00000481 +00000-0 +13979-3 0  9994
2 34122 074.0452 223.6943 0114627 187.7345 204.2494 14.43345662433273
0 COSMOS 2251 DEB
1 34122U 93036KT  17135.94124167 +.00000482 +00000-0 +13998-3 0  9991
2 34122 074.0452 222.3755 0114608 186.2589 294.2993 14.43346436433377
0 COSMOS 2251 DEB
1 34122U 93036KT  17137.60547300 +.00000499 +00000-0 +14475-3 0  9993
2 34122 074.0451 219.2849 0114585 182.8077 301.6767 14.43348284433615
0 COSMOS 2251 DEB
1 34122U 93036KT  17138.28563213 +.00000509 +00000-0 +14722-3 0  9996
2 34122 074.0451 218.0217 0114575 181.3898 235.8079 14.43349142433714
0 COSMOS 2251 DEB
1 34122U 93036KT  17138.92142455 +.00000514 +00000-0 +14882-3 0  9991
2 34122 074.0450 216.8410 0114554 180.0657 299.4082 14.43349891433801
0 COSMOS 2251 DEB
1 34122U 93036KT  17139.32843759 +.00000507 +00000-0 +14689-3 0  9998
2 34122 074.0450 216.0851 0114548 179.2152 254.2658 14.43350293433935
0 COSMOS 2251 DEB
1 34122U 93036KT  17139.61428302 +.00000537 +00000-0 +15495-3 0  9992
2 34122 074.0449 215.5541 0114543 178.6201 299.5302 14.43350783433905
0 COSMOS 2251 DEB
1 34122U 93036KT  17140.22193163 +.00000571 +00000-0 +16433-3 0  9996
2 34122 074.0448 214.4256 0114524 177.3546 216.8988 14.43351756433994
0 COSMOS 2251 DEB
1 34122U 93036KT  17140.65553951 +.00000602 +00000-0 +17267-3 0  9999
2 34122 074.0448 213.6204 0114514 176.4533 309.9435 14.43352465434050
0 COSMOS 2251 DEB
1 34122U 93036KT  17141.63092326 +.00000582 +00000-0 +16734-3 0  9997
2 34122 074.0447 211.8090 0114473 174.4215 338.0832 14.43353497434196
0 COSMOS 2251 DEB
1 34122U 93036KT  17141.63092326 +.00000582 +00000-0 +16734-3 0  9997
2 34122 074.0447 211.8090 0114473 174.4215 338.0832 14.43353497434264
0 COSMOS 2251 DEB
1 34122U 93036KT  17142.59548453 +.00000565 +00000-0 +16254-3 0  9998
2 34122 074.0446 210.0178 0114439 172.4197 309.9869 14.43354628434332
0 COSMOS 2251 DEB
1 34122U 93036KT  17143.63606312 +.00000535 +00000-0 +15440-3 0  9996
2 34122 074.0445 208.0852 0114402 170.2553 316.8890 14.43355742434484
0 COSMOS 2251 DEB
1 34122U 93036KT  17144.24826821 +.00000537 +00000-0 +15492-3 0  9992
2 34122 074.0444 206.9482 0114379 168.9767 257.9471 14.43356534434573
0 COSMOS 2251 DEB
1 34122U 93036KT  17144.60524890 +.00000524 +00000-0 +15130-3 0  9998
2 34122 074.0444 206.2853 0114366 168.2330 312.8410 14.43356877434623
0 COSMOS 2251 DEB
1 34122U 93036KT  17145.57593559 +.00000499 +00000-0 +14466-3 0  9995
2 34122 074.0443 204.4825 0114324 166.2163 316.5864 14.43357903434767
0 COSMOS 2251 DEB
1 34122U 93036KT  17145.85331109 +.00000496 +00000-0 +14385-3 0  9994
2 34122 074.0444 203.9674 0114319 165.6317 317.8555 14.43358251434872
0 COSMOS 2251 DEB
1 34122U 93036KT  17146.61558156 +.00000495 +00000-0 +14357-3 0  9990
2 34122 074.0444 202.5519 0114284 164.0443 318.6653 14.43359124434912
0 COSMOS 2251 DEB
1 34122U 93036KT  17147.58577706 +.00000462 +00000-0 +13447-3 0  9992
2 34122 074.0443 200.7502 0114240 162.0174 319.8770 14.43360004435052
0 COSMOS 2251 DEB
1 34122U 93036KT  17147.86188925 +.00000448 +00000-0 +13046-3 0  9993
2 34122 074.0443 200.2374 0114225 161.4405 314.5781 14.43360224435167
0 COSMOS 2251 DEB
1 34122U 93036KT  17148.83329025 +.00000487 +00000-0 +14133-3 0  9990
2 34122 074.0443 198.4334 0114178 159.4100 322.0627 14.43361665435238
0 COSMOS 2251 DEB
1 34122U 93036KT  17149.52772387 +.00000472 +00000-0 +13722-3 0  9997
2 34122 074.0442 197.1438 0114143 157.9560 330.4040 14.43362369435338
0 COSMOS 2251 DEB
1 34122U 93036KT  17150.56658105 +.00000509 +00000-0 +14735-3 0  9990
2 34122 074.0441 195.2144 0114094 155.7815 328.4080 14.43363924435489
0 COSMOS 2251 DEB
1 34122U 93036KT  17151.53636024 +.00000461 +00000-0 +13410-3 0  9990
2 34122 074.0439 193.4133 0114056 153.7479 327.4816 14.43364809435621
0 COSMOS 2251 DEB
1 34122U 93036KT  17152.57704991 +.00000442 +00000-0 +12892-3 0  9996
2 34122 074.0438 191.4806 0114009 151.5652 335.0179 14.43365911435770
0 COSMOS 2251 DEB
1 34122U 93036KT  17153.19049809 +.00000425 +00000-0 +12434-3 0  9998
2 34122 074.0437 190.3413 0113984 150.2774 282.5645 14.43366538435863
0 COSMOS 2251 DEB
1 34122U 93036KT  17153.55218948 +.00000421 +00000-0 +12308-3 0  9996
2 34122 074.0437 189.6696 0113965 149.5175 001.9547 14.43366867435917
0 COSMOS 2251 DEB
1 34122U 93036KT  17154.51623962 +.00000393 +00000-0 +11545-3 0  9999
2 34122 074.0436 187.8791 0113924 147.4973 331.2686 14.43367737436124
0 COSMOS 2251 DEB
1 34122U 93036KT  17154.79358889 +.00000390 +00000-0 +11465-3 0  9990
2 34122 074.0436 187.3640 0113915 146.9141 332.4096 14.43368013436095
0 COSMOS 2251 DEB
1 34122U 93036KT  17155.48763303 +.00000390 +00000-0 +11462-3 0  9995
2 34122 074.0435 186.0750 0113883 145.4573 338.7464 14.43368653436198
0 COSMOS 2251 DEB
1 34122U 93036KT  17156.53260961 +.00000395 +00000-0 +11611-3 0  9995
2 34122 074.0434 184.1341 0113835 143.2589 008.5783 14.43369602436418
0 COSMOS 2251 DEB
1 34122U 93036KT  17157.50260693 +.00000419 +00000-0 +12271-3 0  9995
2 34122 074.0433 182.3326 0113798 141.2175 008.8130 14.43370643436480
0 COSMOS 2251 DEB
1 34122U 93036KT  17158.46792279 +.00000410 +00000-0 +12025-3 0  9999
2 34122 074.0433 180.5397 0113759 139.1895 344.7210 14.43371468436623
0 COSMOS 2251 DEB
1 34122U 93036KT  17159.51305434 +.00000421 +00000-0 +12324-3 0  9993
2 34122 074.0433 178.5987 0113716 136.9817 015.3784 14.43372536436777
0 COSMOS 2251 DEB
1 34122U 93036KT  17160.48427632 +.00000410 +00000-0 +12023-3 0  9990
2 34122 074.0432 176.7948 0113684 134.9282 021.9955 14.43373410436912
0 COSMOS 2251 DEB
1 34122U 93036KT  17161.44752117 +.00000390 +00000-0 +11475-3 0  9993
2 34122 074.0432 175.0058 0113658 132.8916 347.1646 14.43374172437050
0 COSMOS 2251 DEB
1 34122U 93036KT  17162.49348605 +.00000373 +00000-0 +11005-3 0  9992
2 34122 074.0432 173.0631 0113624 130.6759 022.1666 14.43374958437200
0 COSMOS 2251 DEB
1 34122U 93036KT  17163.46327334 +.00000394 +00000-0 +11562-3 0  9997
2 34122 074.0431 171.2619 0113608 128.6265 021.3361 14.43375899437349
0 COSMOS 2251 DEB
1 34122U 93036KT  17164.42789142 +.00000392 +00000-0 +11506-3 0  9999
2 34122 074.0431 169.4703 0113588 126.5825 353.6538 14.43376703437485
0 COSMOS 2251 DEB
1 34122U 93036KT  17164.96448939 +.00000392 +00000-0 +11517-3 0  9996
2 34122 074.0430 168.4736 0113582 125.4477 261.9056 14.43377133437567
0 COSMOS 2251 DEB
1 34122U 93036KT  17165.46816021 +.00000390 +00000-0 +11449-3 0  9995
2 34122 074.0430 167.5381 0113577 124.3821 359.0632 14.43377465437701
0 COSMOS 2251 DEB
1 34122U 93036KT  17166.41497839  .00000410  00000-0  11219-3 0  9991
2 34122  74.0471 165.7835 0114113 122.6009 238.6692 14.43378174437847
0 COSMOS 2251 DEB
1 34122U 93036KT  17166.44392532 +.00000356 +00000-0 +10522-3 0  9993
2 34122 074.0430 165.7258 0113588 122.3167 029.3051 14.43378010437773
0 COSMOS 2251 DEB
1 34122U 93036KT  17167.41397601 +.00000369 +00000-0 +10877-3 0  9990
2 34122 074.0430 163.9242 0113575 120.2543 029.8651 14.43378786437914
0 COSMOS 2251 DEB
1 34122U 93036KT  17168.09062938 +.00000398 +00000-0 +11680-3 0  9992
2 34122 074.0431 162.6674 0113565 118.8161 305.8813 14.43379504438083
0 COSMOS 2251 DEB
1 34122U 93036KT  17168.44906160 +.00000411 +00000-0 +12035-3 0  9996
2 34122 074.0431 162.0017 0113550 118.0512 008.3647 14.43379830438064
0 COSMOS 2251 DEB
1 34122U 93036KT  17169.42401944 +.00000410 +00000-0 +12003-3 0  9999
2 34122 074.0431 160.1909 0113532 115.9819 034.4257 14.43380570438205
0 COSMOS 2251 DEB
1 34122U 93036KT  17169.95578828 +.00000399 +00000-0 +11718-3 0  9991
2 34122 074.0432 159.2032 0113536 114.8549 277.5945 14.43380962438281
0 COSMOS 2251 DEB
1 34122U 93036KT  17170.02976133 +.00000396 +00000-0 +11618-3 0  9998
2 34122 074.0432 159.0658 0113553 114.6973 301.9728 14.43381002438299
0 COSMOS 2251 DEB
1 34122U 93036KT  17170.38963565 +.00000388 +00000-0 +11400-3 0  9992
2 34122 074.0432 158.3974 0113545 113.9350 011.9456 14.43381193438415
0 COSMOS 2251 DEB
1 34122U 93036KT  17170.92526336 +.00000387 +00000-0 +11368-3 0  9995
2 34122 074.0432 157.4027 0113558 112.7940 275.1731 14.43381640438428
0 COSMOS 2251 DEB
1 34122U 93036KT  17171.42882701 +.00000377 +00000-0 +11110-3 0  9996
2 34122 074.0433 156.4675 0113534 111.7214 011.7895 14.43381956438496
0 COSMOS 2251 DEB
1 34122U 93036KT  17172.40442593 +.00000369 +00000-0 +10879-3 0  9998
2 34122 074.0434 154.6556 0113557 109.6463 041.1941 14.43382673438702
0 COSMOS 2251 DEB
1 34122U 93036KT  17172.93596483 +.00000366 +00000-0 +10811-3 0  9997
2 34122 074.0435 153.6684 0113568 108.5172 283.1753 14.43383132438712
0 COSMOS 2251 DEB
1 34122U 93036KT  17173.35958650 +.00000380 +00000-0 +11196-3 0  9995
2 34122 074.0435 152.8816 0113572 107.6166 324.3986 14.43383549438772
0 COSMOS 2251 DEB
1 34122U 93036KT  17173.90576934 +.00000367 +00000-0 +10820-3 0  9995
2 34122 074.0435 151.8672 0113578 106.4530 282.4773 14.43383938438858
0 COSMOS 2251 DEB
1 34122U 93036KT  17174.95207979 +.00000364 +00000-0 +10750-3 0  9990
2 34122 074.0436 149.9239 0113586 104.2255 319.3224 14.43384733439008
0 COSMOS 2251 DEB
1 34122U 93036KT  17175.38481830 +.00000368 +00000-0 +10865-3 0  9999
2 34122 074.0436 149.1202 0113596 103.3045 047.9216 14.43385071439065
0 COSMOS 2251 DEB
1 34122U 93036KT  17175.91685872 +.00000373 +00000-0 +10984-3 0  9998
2 34122 074.0436 148.1321 0113610 102.1721 292.5155 14.43385554439146
0 COSMOS 2251 DEB
1 34122U 93036KT  17176.26960740 +.00000383 +00000-0 +11267-3 0  9993
2 34122 074.0437 147.4769 0113610 101.4234 325.4706 14.43385898439190
0 COSMOS 2251 DEB
1 34122U 93036KT  17176.62580041 +.00000391 +00000-0 +11478-3 0  9998
2 34122 074.0437 146.8154 0113635 100.6664 016.3244 14.43386261439240
0 COSMOS 2251 DEB
1 34122U 93036KT  17177.03200028 +.00000391 +00000-0 +11472-3 0  9992
2 34122 074.0437 146.0609 0113650 099.8048 327.0229 14.43386603439378
0 COSMOS 2251 DEB
1 34122U 93036KT  17177.31953738 +.00000407 +00000-0 +11916-3 0  9997
2 34122 074.0437 145.5269 0113657 099.1938 021.1261 14.43386888439342
0 COSMOS 2251 DEB
1 34122U 93036KT  17177.92643944 +.00000418 +00000-0 +12221-3 0  9991
2 34122 074.0437 144.3997 0113677 097.9033 294.7195 14.43387475439438
0 COSMOS 2251 DEB
1 34122U 93036KT  17178.89703737 +.00000427 +00000-0 +12477-3 0  9998
2 34122 074.0437 142.5969 0113716 095.8421 298.1541 14.43388347439576
0 COSMOS 2251 DEB
1 34122U 93036KT  17179.60578883 +.00000437 +00000-0 +12751-3 0  9996
2 34122 074.0438 141.2806 0113727 094.3338 020.9837 14.43389021439676
0 COSMOS 2251 DEB
1 34122U 93036KT  17179.86653814 +.00000438 +00000-0 +12780-3 0  9995
2 34122 074.0438 140.7963 0113740 093.7814 295.8929 14.43389272439719
0 COSMOS 2251 DEB
1 34122U 93036KT  17180.57755963 +.00000428 +00000-0 +12486-3 0  9995
2 34122 074.0439 139.4758 0113762 092.2713 030.5168 14.43389814439815
0 COSMOS 2251 DEB
1 34122U 93036KT  17180.91189479 +.00000427 +00000-0 +12465-3 0  9992
2 34122 074.0439 138.8548 0113774 091.5638 327.7939 14.43390113439862
0 COSMOS 2251 DEB
1 34122U 93036KT  17181.87703608 +.00000426 +00000-0 +12427-3 0  9991
2 34122 074.0440 137.0623 0113808 089.5096 302.8885 14.43390966440000
0 COSMOS 2251 DEB
1 34122U 93036KT  17182.58593833 +.00000428 +00000-0 +12488-3 0  9996
2 34122 074.0441 135.7457 0113833 088.0039 026.5050 14.43391596440105
0 COSMOS 2251 DEB
1 34122U 93036KT  17183.55746677 +.00000450 +00000-0 +13085-3 0  9999
2 34122 074.0442 133.9414 0113871 085.9453 034.7851 14.43392607440314
0 COSMOS 2251 DEB
1 34122U 93036KT  17183.96227206 +.00000443 +00000-0 +12900-3 0  9993
2 34122 074.0443 133.1896 0113895 085.0885 338.2443 14.43392950440306
0 COSMOS 2251 DEB
1 34122U 93036KT  17184.24055649 +.00000446 +00000-0 +12977-3 0  9992
2 34122 074.0443 132.6728 0113903 084.4968 344.2754 14.43393180440341
0 COSMOS 2251 DEB
1 34122U 93036KT  17184.32610086 +.00000444 +00000-0 +12938-3 0  9998
2 34122 074.0443 132.5139 0113905 084.3164 068.7824 14.43393244440353
0 COSMOS 2251 DEB
1 34122U 93036KT  17184.93197953 +.00000434 +00000-0 +12664-3 0  9993
2 34122 074.0444 131.3887 0113935 083.0301 337.0696 14.43393771440447
0 COSMOS 2251 DEB
1 34122U 93036KT  17185.29577441 +.00000413 +00000-0 +12086-3 0  9992
2 34122 074.0444 130.7130 0113949 082.2608 067.4300 14.43393948440494
0 COSMOS 2251 DEB
1 34122U 93036KT  17185.90143484 +.00000401 +00000-0 +11764-3 0  9995
2 34122 074.0445 129.5882 0113978 080.9750 334.5849 14.43394472440657
0 COSMOS 2251 DEB
1 34122U 93036KT  17186.26609297 +.00000386 +00000-0 +11353-3 0  9990
2 34122 074.0445 128.9109 0113992 080.2021 069.4334 14.43394657440638
0 COSMOS 2251 DEB
1 34122U 93036KT  17186.53742220 +.00000376 +00000-0 +11079-3 0  9998
2 34122 074.0445 128.4070 0114004 079.6257 039.3250 14.43394834440672
0 COSMOS 2251 DEB
1 34122U 93036KT  17186.94269596 +.00000371 +00000-0 +10922-3 0  9994
2 34122 074.0445 127.6542 0114021 078.7674 345.2225 14.43395163440733
0 COSMOS 2251 DEB
1 34122U 93036KT  17187.30652720 +.00000359 +00000-0 +10591-3 0  9998
2 34122 074.0446 126.9786 0114033 077.9943 075.7772 14.43395355440789
0 COSMOS 2251 DEB
1 34122U 93036KT  17187.91218132 +.00000359 +00000-0 +10598-3 0  9997
2 34122 074.0446 125.8537 0114065 076.7135 342.8976 14.43395880440873
0 COSMOS 2251 DEB
1 34122U 93036KT  17188.27633512 +.00000379 +00000-0 +11143-3 0  9999
2 34122 074.0446 125.1775 0114091 075.9427 075.1267 14.43396257440928
0 COSMOS 2251 DEB
1 34122U 93036KT  17188.88174972 +.00000358 +00000-0 +10583-3 0  9990
2 34122 074.0447 124.0531 0114125 074.6623 341.0040 14.43396660441012
0 COSMOS 2251 DEB
1 34122U 93036KT  17189.24071910 +.00000379 +00000-0 +11139-3 0  9990
2 34122 074.0447 123.3864 0114139 073.9044 046.2927 14.43397020441061
0 COSMOS 2251 DEB
1 34122U 93036KT  17189.85271252 +.00000368 +00000-0 +10853-3 0  9998
2 34122 074.0447 122.2497 0114173 072.6110 346.3557 14.43397456441155
0 COSMOS 2251 DEB
1 34122U 93036KT  17190.28080028 +.00000403 +00000-0 +11811-3 0  9991
2 34122 074.0448 121.4547 0114189 071.7028 050.8055 14.43397964441219
0 COSMOS 2251 DEB
1 34122U 93036KT  17190.89239420 +.00000421 +00000-0 +12307-3 0  9991
2 34122 074.0447 120.3188 0114222 070.4119 348.7937 14.43398587441302
0 COSMOS 2251 DEB
1 34122U 93036KT  17191.25756569 +.00000441 +00000-0 +12852-3 0  9997
2 34122 074.0448 119.6406 0114236 069.6406 086.3122 14.43398933441352
0 COSMOS 2251 DEB
1 34122U 93036KT  17191.93457028 +.00000438 +00000-0 +12752-3 0  9995
2 34122 074.0448 118.3832 0114272 068.2084 004.1947 14.43399505441458
0 COSMOS 2251 DEB
1 34122U 93036KT  17192.22655640 +.00000441 +00000-0 +12849-3 0  9999
2 34122 074.0448 117.8409 0114284 067.5911 081.4261 14.43399728441562
0 COSMOS 2251 DEB
1 34122U 93036KT  17192.49749050 +.00000421 +00000-0 +12307-3 0  9994
2 34122 074.0448 117.3377 0114289 067.0124 049.2720 14.43399831441531
0 COSMOS 2251 DEB
1 34122U 93036KT  17193.26759069 +.00000419 +00000-0 +12242-3 0  9996
2 34122 074.0448 115.9074 0114322 065.3822 090.9066 14.43400486441640
0 COSMOS 2251 DEB
1 34122U 93036KT  17193.79804685 +.00000428 +00000-0 +12499-3 0  9993
2 34122 074.0448 114.9222 0114348 064.2616 327.2895 14.43401042441725
0 COSMOS 2251 DEB
1 34122U 93036KT  17194.57878657 +.00000453 +00000-0 +13171-3 0  9996
2 34122 074.0448 113.4722 0114382 062.6105 064.2112 14.43401864441831
0 COSMOS 2251 DEB
1 34122U 93036KT  17194.76839606 +.00000450 +00000-0 +13075-3 0  9998
2 34122 074.0448 113.1201 0114392 062.2118 329.4685 14.43402043441865
0 COSMOS 2251 DEB
1 34122U 93036KT  17195.47758281 +.00000435 +00000-0 +12665-3 0  9993
2 34122 074.0448 111.8029 0114425 060.7214 054.5761 14.43402631441960
0 COSMOS 2251 DEB
1 34122U 93036KT  17196.24785758 +.00000478 +00000-0 +13865-3 0  9998
2 34122 074.0449 110.3723 0114454 059.0954 097.1206 14.43403561442141
0 COSMOS 2251 DEB
1 34122U 93036KT  17196.78374050 +.00000491 +00000-0 +14204-3 0  9999
2 34122 074.0449 109.3770 0114480 057.9666 001.7048 14.43404192442154
0 COSMOS 2251 DEB
1 34122U 93036KT  17197.21861191 +.00000492 +00000-0 +14243-3 0  9999
2 34122 074.0449 108.5694 0114491 057.0459 101.4117 14.43404549442211
0 COSMOS 2251 DEB
1 34122U 93036KT  17197.82359237 +.00000493 +00000-0 +14255-3 0  9993
2 34122 074.0449 107.4457 0114520 055.7725 005.0457 14.43405206442307
0 COSMOS 2251 DEB
1 34122U 93036KT  17198.45770059 +.00000563 +00000-0 +16183-3 0  9992
2 34122 074.0449 106.2680 0114548 054.4361 060.0412 14.43406419442460
0 COSMOS 2251 DEB
1 34122U 93036KT  17199.42937677 +.00000518 +00000-0 +14935-3 0  9994
2 34122 074.0449 104.4633 0114600 052.3886 069.1281 14.43407220442539
0 COSMOS 2251 DEB
1 34122U 93036KT  17200.19180983 +.00000520 +00000-0 +14990-3 0  9995
2 34122 074.0448 103.0471 0114630 050.7840 070.9336 14.43408074442649
0 COSMOS 2251 DEB
1 34122U 93036KT  17200.72894644 +.00000481 +00000-0 +13934-3 0  9993
2 34122 074.0447 102.0495 0114659 049.6528 342.0398 14.43408441442799
0 COSMOS 2251 DEB
1 34122U 93036KT  17201.16762795 +.00000476 +00000-0 +13808-3 0  9997
2 34122 074.0447 101.2347 0114674 048.7326 101.5449 14.43408894442785
0 COSMOS 2251 DEB
1 34122U 93036KT  17202.13185421 +.00000424 +00000-0 +12382-3 0  9999
2 34122 074.0446 099.4437 0114716 046.7043 071.9260 14.43409633442922
0 COSMOS 2251 DEB
1 34122U 93036KT  17202.66858744 +.00000423 +00000-0 +12358-3 0  9994
2 34122 074.0446 098.4468 0114736 045.5756 340.9390 14.43410208443008
0 COSMOS 2251 DEB
1 34122U 93036KT  17203.17964491 +.00000408 +00000-0 +11952-3 0  9990
2 34122 074.0446 097.4976 0114759 044.5083 116.5269 14.43410641443146
0 COSMOS 2251 DEB
1 34122U 93036KT  17203.70919219 +.00000406 +00000-0 +11888-3 0  9993
2 34122 074.0445 096.5140 0114785 043.3966 348.1996 14.43411181443155
0 COSMOS 2251 DEB
1 34122U 93036KT  17204.14165684 +.00000386 +00000-0 +11338-3 0  9998
2 34122 074.0445 095.7107 0114797 042.4811 075.4118 14.43411441443213
0 COSMOS 2251 DEB
1 34122U 93036KT  17204.67922477 +.00000376 +00000-0 +11075-3 0  9994
2 34122 074.0445 094.7122 0114822 041.3512 348.7646 14.43411909443293
0 COSMOS 2251 DEB
1 34122U 93036KT  17205.38924947 +.00000365 +00000-0 +10755-3 0  9999
2 34122 074.0445 093.3934 0114856 039.8587 078.2523 14.43412463443464
0 COSMOS 2251 DEB
1 34122U 93036KT  17205.64803021 +.00000361 +00000-0 +10668-3 0  9996
2 34122 074.0445 092.9128 0114865 039.3127 342.9519 14.43412658443438
0 COSMOS 2251 DEB
1 34122U 93036KT  17206.16012193 +.00000351 +00000-0 +10384-3 0  9990
2 34122 074.0444 091.9615 0114885 038.2287 123.9330 14.43413012443505
0 COSMOS 2251 DEB
1 34122U 93036KT  17206.76408031 +.00000341 +00000-0 +10118-3 0  9990
2 34122 074.0444 090.8397 0114910 036.9601 022.2717 14.43413473443594
0 COSMOS 2251 DEB
1 34122U 93036KT  17207.12815691 +.00000346 +00000-0 +10241-3 0  9997
2 34122 074.0445 090.1635 0114930 036.1898 114.1231 14.43413802443649
0 COSMOS 2251 DEB
1 34122U 93036KT  17207.66020448 +.00000348 +00000-0 +10287-3 0  9996
2 34122 074.0444 089.1753 0114952 035.0706 358.7967 14.43414324443795
0 COSMOS 2251 DEB
1 34122U 93036KT  17208.77527080 +.00000307 +00000-0 +91872-4 0  9998
2 34122 074.0443 087.1041 0114988 032.7277 033.0038 14.43415054443881
0 COSMOS 2251 DEB
1 34122U 93036KT  17209.74429035 +.00000300 +00000-0 +89942-4 0  9995
2 34122 074.0442 085.3041 0115021 030.6871 028.3166 14.43415780444095
0 COSMOS 2251 DEB
1 34122U 93036KT  17210.78692365 +.00000308 +00000-0 +92186-4 0  9991
2 34122 074.0443 083.3677 0115059 028.4939 046.1506 14.43416761444175
0 COSMOS 2251 DEB
1 34122U 93036KT  17211.68392090 +.00000301 +00000-0 +90193-4 0  9992
2 34122 074.0442 081.7014 0115083 026.6115 027.2126 14.43417400444308
0 COSMOS 2251 DEB
1 34122U 93036KT  17212.04121126 +.00000309 +00000-0 +92482-4 0  9994
2 34122 074.0441 081.0376 0115093 025.8565 083.8046 14.43417698444423
0 COSMOS 2251 DEB
1 34122U 93036KT  17213.08890091 +.00000325 +00000-0 +96808-4 0  9997
2 34122 074.0440 079.0914 0115133 023.6483 127.9223 14.43418553444504
0 COSMOS 2251 DEB
1 34122U 93036KT  17214.73597990 +.00000336 +00000-0 +99869-4 0  9994
2 34122 074.0439 076.0317 0115191 020.1810 046.6547 14.43419931444749
0 COSMOS 2251 DEB
1 34122U 93036KT  17215.10059800 +.00000350 +00000-0 +10357-3 0  9999
2 34122 074.0438 075.3543 0115196 019.4167 141.3210 14.43420275444790
0 COSMOS 2251 DEB
1 34122U 93036KT  17215.70520390 +.00000357 +00000-0 +10544-3 0  9997
2 34122 074.0438 074.2312 0115215 018.1444 043.0420 14.43420759444886
0 COSMOS 2251 DEB
1 34122U 93036KT  17216.06929324 +.00000371 +00000-0 +10931-3 0  9993
2 34122 074.0438 073.5548 0115227 017.3736 134.9692 14.43421093445005
0 COSMOS 2251 DEB
1 34122U 93036KT  17216.67552694 +.00000406 +00000-0 +11898-3 0  9994
2 34122 074.0437 072.4287 0115244 016.0992 045.1505 14.43421835445023
0 COSMOS 2251 DEB
1 34122U 93036KT  17217.03909580 +.00000433 +00000-0 +12637-3 0  9997
2 34122 074.0437 071.7533 0115257 015.3322 134.3724 14.43422312445072
0 COSMOS 2251 DEB
1 34122U 93036KT  17217.64444411 +.00000426 +00000-0 +12430-3 0  9994
2 34122 074.0436 070.6287 0115270 014.0624 039.9520 14.43422838445168
0 COSMOS 2251 DEB
1 34122U 93036KT  17218.08025528 +.00000439 +00000-0 +12788-3 0  9997
2 34122 074.0436 069.8192 0115283 013.1448 144.5678 14.43423307445294
0 COSMOS 2251 DEB
1 34122U 93036KT  17218.61557001 +.00000412 +00000-0 +12064-3 0  9990
2 34122 074.0436 068.8247 0115299 012.0217 046.2321 14.43423613445308
0 COSMOS 2251 DEB
1 34122U 93036KT  17218.97317955 +.00000412 +00000-0 +12050-3 0  9996
2 34122 074.0436 068.1604 0115310 011.2672 104.4893 14.43423915445359
0 COSMOS 2251 DEB
1 34122U 93036KT  17219.04968030 +.00000413 +00000-0 +12074-3 0  9998
2 34122 074.0436 068.0183 0115317 011.1052 142.0131 14.43423997445362
0 COSMOS 2251 DEB
1 34122U 93036KT  17219.93362564 +.00000424 +00000-0 +12393-3 0  9992
2 34122 074.0435 066.3762 0115347 009.2410 055.2875 14.43424954445492
0 COSMOS 2251 DEB
1 34122U 93036KT  17220.00185340 +.00000428 +00000-0 +12488-3 0  9996
2 34122 074.0436 066.2496 0115349 009.1053 049.8142 14.43425092445502
0 COSMOS 2251 DEB
1 34122U 93036KT  17220.62469897 +.00000398 +00000-0 +11664-3 0  9997
2 34122 074.0435 065.0925 0115355 007.8026 046.3178 14.43425575445593
0 COSMOS 2251 DEB
1 34122U 93036KT  17220.62469897 +.00000398 +00000-0 +11664-3 0  9997
2 34122 074.0435 065.0925 0115355 007.8026 046.3178 14.43425575445661
0 COSMOS 2251 DEB
1 34122U 93036KT  17220.98973043 +.00000395 +00000-0 +11595-3 0  9999
2 34122 074.0436 064.4144 0115367 007.0328 143.1441 14.43425897445642
0 COSMOS 2251 DEB
1 34122U 93036KT  17221.59623208 +.00000373 +00000-0 +10992-3 0  9998
2 34122 074.0436 063.2878 0115371 005.7672 054.7182 14.43426369445739
0 COSMOS 2251 DEB
1 34122U 93036KT  17221.95382194 +.00000370 +00000-0 +10921-3 0  9993
2 34122 074.0436 062.6235 0115384 005.0115 112.8778 14.43426653445786
0 COSMOS 2251 DEB
1 34122U 93036KT  17222.56079903 +.00000366 +00000-0 +10802-3 0  9995
2 34122 074.0436 061.4959 0115394 003.7361 026.9330 14.43427198445879
0 COSMOS 2251 DEB
1 34122U 93036KT  17222.99973684  .00000365  00000-0  10768-3 0  9991
2 34122  74.0436  60.6805 0115407   2.8113 147.8032 14.43427570446002
0 COSMOS 2251 DEB
1 34122U 93036KT  17223.60489676 +.00000358 +00000-0 +10571-3 0  9997
2 34122 074.0436 059.5563 0115422 001.5411 052.4163 14.43428089446028
0 COSMOS 2251 DEB
1 34122U 93036KT  17223.96362458 +.00000359 +00000-0 +10608-3 0  9996
2 34122 074.0436 058.8899 0115434 000.7840 116.4901 14.43428361446071
0 COSMOS 2251 DEB
1 34122U 93036KT  17224.57606662 +.00000363 +00000-0 +10722-3 0  9994
2 34122 074.0435 057.7520 0115448 359.4949 058.9486 14.43428901446166
0 COSMOS 2251 DEB
1 34122U 93036KT  17224.93325098 +.00000359 +00000-0 +10597-3 0  9990
2 34122 074.0436 057.0886 0115466 358.7418 115.0020 14.43429104446219
0 COSMOS 2251 DEB
1 34122U 93036KT  17225.01049747  .00000361  00000-0  10664-3 0  9992
2 34122  74.0436  56.9450 0115475 358.5783 156.4022 14.43429182446292
0 COSMOS 2251 DEB
1 34122U 93036KT  17225.61676748 +.00000358 +00000-0 +10573-3 0  9990
2 34122 074.0436 055.8187 0115490 357.3037 066.7887 14.43429630446316
0 COSMOS 2251 DEB
1 34122U 93036KT  17225.97423250 +.00000372 +00000-0 +10970-3 0  9994
2 34122 074.0436 055.1547 0115488 356.5511 124.3014 14.43429984446364
0 COSMOS 2251 DEB
1 34122U 93036KT  17226.58512566 +.00000372 +00000-0 +10975-3 0  9996
2 34122 074.0436 054.0198 0115541 355.2691 058.7108 14.43430487446453
0 COSMOS 2251 DEB
1 34122U 93036KT  17226.95048814 +.00000378 +00000-0 +11135-3 0  9992
2 34122 074.0436 053.3410 0115534 354.4982 157.2639 14.43430792446507
0 COSMOS 2251 DEB
1 34122U 93036KT  17227.22105484  .00000387  00000-0  11377-3 0  9998
2 34122  74.0436  52.8383 0115537 353.9284 123.2233 14.43431050446615
0 COSMOS 2251 DEB
1 34122U 93036KT  17227.62719153 +.00000381 +00000-0 +11206-3 0  9991
2 34122 074.0436 052.0838 0115544 353.0738 073.6520 14.43431345446608
0 COSMOS 2251 DEB
1 34122U 93036KT  17227.90470059 +.00000387 +00000-0 +11387-3 0  9997
2 34122 074.0436 051.5682 0115554 352.4880 075.6883 14.43431568446646
0 COSMOS 2251 DEB
1 34122U 93036KT  17227.99230627 +.00000389 +00000-0 +11436-3 0  9998
2 34122 074.0436 051.4055 0115559 352.3034 170.9185 14.43431650446651
0 COSMOS 2251 DEB
1 34122U 93036KT  17229.22991010  .00000432  00000-0  12611-3 0  9991
2 34122  74.0437  49.1063 0115611 349.7015 121.9443 14.43432892446903
0 COSMOS 2251 DEB
1 34122U 93036KT  17229.56535399 +.00000435 +00000-0 +12679-3 0  9999
2 34122 074.0437 048.4831 0115621 348.9978 065.0288 14.43433237446884
0 COSMOS 2251 DEB
1 34122U 93036KT  17229.92343444 +.00000460 +00000-0 +13371-3 0  9995
2 34122 074.0438 047.8179 0115627 348.2421 125.7459 14.43433702446932
0 COSMOS 2251 DEB
1 34122U 93036KT  17230.96484431 +.00000486 +00000-0 +14074-3 0  9992
2 34122 074.0439 045.8833 0115638 346.0452 137.2939 14.43434849447081
0 COSMOS 2251 DEB
1 34122U 93036KT  17231.57672269  .00000490  00000-0  14185-3 0  9996
2 34122  74.0439  44.7466 0115653 344.7566  76.8384 14.43435483447244
0 COSMOS 2251 DEB
1 34122U 93036KT  17231.93543476 +.00000484 +00000-0 +14021-3 0  9995
2 34122 074.0440 044.0802 0115667 343.9995 140.8401 14.43435796447222
0 COSMOS 2251 DEB
1 34122U 93036KT  17232.54556691 +.00000514 +00000-0 +14836-3 0  9994
2 34122 074.0440 042.9468 0115689 342.7187 071.3089 14.43436622447310
0 COSMOS 2251 DEB
1 34122U 93036KT  17232.91066163 +.00000504 +00000-0 +14562-3 0  9990
2 34122 074.0441 042.2686 0115700 341.9481 168.4785 14.43436925447360
0 COSMOS 2251 DEB
1 34122U 93036KT  17233.51579979 +.00000534 +00000-0 +15386-3 0  9999
2 34122 074.0441 041.1444 0115723 340.6783 072.9993 14.43437832447454
0 COSMOS 2251 DEB
1 34122U 93036KT  17233.88169267 +.00000510 +00000-0 +14731-3 0  9991
2 34122 074.0442 040.4646 0115728 339.9073 174.3163 14.43438037447576
0 COSMOS 2251 DEB
1 34122U 93036KT  17234.92115576 +.00000502 +00000-0 +14514-3 0  9991
2 34122 074.0443 038.5335 0115757 337.7169 175.7623 14.43439148447653
0 COSMOS 2251 DEB
1 34122U 93036KT  17235.45184161 +.00000526 +00000-0 +15164-3 0  9994
2 34122 074.0443 037.5477 0115770 336.6014 053.4074 14.43439927447737
0 COSMOS 2251 DEB
1 34122U 93036KT  17235.80484177 +.00000518 +00000-0 +14963-3 0  9990
2 34122 074.0444 036.8919 0115795 335.8645 087.7250 14.43440248447788
0 COSMOS 2251 DEB
1 34122U 93036KT  17236.49600844 +.00000533 +00000-0 +15371-3 0  9998
2 34122 074.0445 035.6079 0115813 334.4140 079.2895 14.43441176447882
0 COSMOS 2251 DEB
1 34122U 93036KT  17236.77462185  .00000523  00000-0  15076-3 0  9994
2 34122  74.0445  35.0903 0115824 333.8301  87.0697 14.43441374447995
0 COSMOS 2251 DEB
1 34122U 93036KT  17236.93263334 +.00000523 +00000-0 +15098-3 0  9991
2 34122 074.0445 034.7968 0115823 333.4935 188.1629 14.43441569447949
0 COSMOS 2251 DEB
1 34122U 93036KT  17237.13275611 +.00000521 +00000-0 +15031-3 0  9990
2 34122 074.0445 034.4250 0115843 333.0718 148.0791 14.43441791447972
0 COSMOS 2251 DEB
1 34122U 93036KT  17237.90162063 +.00000506 +00000-0 +14614-3 0  9990
2 34122 074.0447 032.9969 0115881 331.4530 183.3992 14.43442518448086
0 COSMOS 2251 DEB
1 34122U 93036KT  17238.86463657 +.00000494 +00000-0 +14286-3 0  9990
2 34122 074.0448 031.2079 0115907 329.4321 147.6025 14.43443442448295
0 COSMOS 2251 DEB
1 34122U 93036KT  17239.47620764 +.00000493 +00000-0 +14264-3 0  9997
2 34122 074.0449 030.0718 0115921 328.1483 085.5651 14.43444135448312
0 COSMOS 2251 DEB
1 34122U 93036KT  17239.75491990 +.00000495 +00000-0 +14318-3 0  9997
2 34122 074.0450 029.5541 0115936 327.5652 093.8611 14.43444402448357
0 COSMOS 2251 DEB
1 34122U 93036KT  17240.37062075 +.00000523 +00000-0 +15085-3 0  9999
2 34122 074.0450 028.4100 0115948 326.2732 053.2855 14.43445224448447
0 COSMOS 2251 DEB
1 34122U 93036KT  17240.88239806  .00000526  00000-0  15157-3 0  9996
2 34122  74.0451  27.4594 0115964 325.1923 192.6901 14.43445777448580
0 COSMOS 2251 DEB
1 34122U 93036KT  17241.48818632 +.00000532 +00000-0 +15345-3 0  9999
2 34122 074.0451 026.3341 0115986 323.9279 100.5999 14.43446461448601
0 COSMOS 2251 DEB
1 34122U 93036KT  17241.84488802 +.00000545 +00000-0 +15699-3 0  9997
2 34122 074.0452 025.6715 0116004 323.1791 154.1649 14.43446903448655
0 COSMOS 2251 DEB
1 34122U 93036KT  17242.45641826 +.00000596 +00000-0 +17078-3 0  9991
2 34122 074.0453 024.5356 0116022 321.8918 091.9266 14.43447912448745
0 COSMOS 2251 DEB
1 34122U 93036KT  17243.09272198  .00000563  00000-0  16179-3 0  9999
2 34122  74.0454  23.3537 0116050 320.5542 158.4195 14.43448370448901
0 COSMOS 2251 DEB
1 34122U 93036KT  17243.86341267 +.00000623 +00000-0 +17801-3 0  9998
2 34122 074.0455 021.9220 0116073 318.9361 203.2430 14.43449517448949
0 COSMOS 2251 DEB
1 34122U 93036KT  17244.39068727 +.00000593 +00000-0 +16985-3 0  9992
2 34122 074.0455 020.9426 0116087 317.8325 063.1754 14.43449977449021
0 COSMOS 2251 DEB
1 34122U 93036KT  17244.82530010 +.00000582 +00000-0 +16694-3 0  9994
2 34122 074.0456 020.1352 0116103 316.9201 161.6027 14.43450370449086
0 COSMOS 2251 DEB
1 34122U 93036KT  17245.10147172  .00000591  00000-0  16942-3 0  9995
2 34122  74.0456  19.6221 0116111 316.3419 156.7041 14.43450790449197
0 COSMOS 2251 DEB
1 34122U 93036KT  17245.43663345 +.00000592 +00000-0 +16974-3 0  9992
2 34122 074.0456 018.9996 0116115 315.6360 098.3464 14.43451220449176
0 COSMOS 2251 DEB
1 34122U 93036KT  17245.80184432 +.00000607 +00000-0 +17382-3 0  9999
2 34122 074.0457 018.3212 0116127 314.8697 196.1348 14.43451752449223
0 COSMOS 2251 DEB
1 34122U 93036KT  17246.40821797 +.00000597 +00000-0 +17091-3 0  9993
2 34122 074.0458 017.1948 0116140 313.6025 107.1010 14.43452438449314
0 COSMOS 2251 DEB
1 34122U 93036KT  17246.84401949 +.00000595 +00000-0 +17039-3 0  9994
2 34122 074.0458 016.3852 0116154 312.6854 211.7120 14.43452940449371
0 COSMOS 2251 DEB
1 34122U 93036KT  17247.45053567 +.00000604 +00000-0 +17284-3 0  9994
2 34122 074.0459 015.2586 0116179 311.4220 123.4182 14.43453778449530
0 COSMOS 2251 DEB
1 34122U 93036KT  17247.80522358 +.00000598 +00000-0 +17116-3 0  9998
2 34122 074.0460 014.5998 0116196 310.6781 166.5275 14.43454179449518
0 COSMOS 2251 DEB
1 34122U 93036KT  17248.77626580 +.00000652 +00000-0 +18609-3 0  9996
2 34122 074.0461 012.7960 0116233 308.6273 172.4964 14.43455906449658
0 COSMOS 2251 DEB
1 34122U 93036KT  17249.38702475 +.00000812 +00000-0 +22969-3 0  9994
2 34122 074.0461 011.6615 0116250 307.3458 106.2662 14.43457659449740
0 COSMOS 2251 DEB
1 34122U 93036KT  17249.81611740  .00000729  00000-0  20705-3 0  9999
2 34122  74.0462  10.8644 0116274 306.4445 176.0199 14.43457777449871
0 COSMOS 2251 DEB
1 34122U 93036KT  17250.35264418 +.00000797 +00000-0 +22540-3 0  9990
2 34122 074.0463 009.8679 0116291 305.3178 084.0514 14.43458977449881
0 COSMOS 2251 DEB
1 34122U 93036KT  17250.78600104 +.00000881 +00000-0 +24826-3 0  9996
2 34122 074.0463 009.0629 0116313 304.4079 175.9679 14.43460125449940
0 COSMOS 2251 DEB
1 34122U 93036KT  17251.39705470 +.00001018 +00000-0 +28569-3 0  9997
2 34122 074.0464 007.9279 0116333 303.1236 111.2819 14.43462034450034
0 COSMOS 2251 DEB
1 34122U 93036KT  17251.75663573 +.00001062 +00000-0 +29763-3 0  9990
2 34122 074.0464 007.2599 0116346 302.3711 179.8274 14.43462963450086
0 COSMOS 2251 DEB
1 34122U 93036KT  17252.03258369  .00001016  00000-0  28507-3 0  9999
2 34122  74.0464   6.7473 0116354 301.7918 173.7806 14.43463308450192
0 COSMOS 2251 DEB
1 34122U 93036KT  17252.29270328 +.00001108 +00000-0 +31014-3 0  9995
2 34122 074.0464 006.2641 0116359 301.2415 085.4883 14.43464441450166
0 COSMOS 2251 DEB
1 34122U 93036KT  17252.36717084 +.00001106 +00000-0 +30958-3 0  9992
2 34122 074.0464 006.1258 0116361 301.0847 112.4570 14.43464597450176
0 COSMOS 2251 DEB
1 34122U 93036KT  17252.79643163 +.00001438 +00000-0 +40003-3 0  9995
2 34122 074.0465 005.3284 0116391 300.1840 183.0969 14.43467308450239
0 COSMOS 2251 DEB
1 34122U 93036KT  17253.40889369 +.00000988 +00000-0 +27736-3 0  9991
2 34122 074.0465 004.1907 0116417 298.8952 125.7357 14.43465938450325
0 COSMOS 2251 DEB
1 34122U 93036KT  17253.76604804 +.00000922 +00000-0 +25950-3 0  9993
2 34122 074.0466 003.5274 0116430 298.1469 181.6762 14.43466272450375
0 COSMOS 2251 DEB
1 34122U 93036KT  17254.30360890  .00000978  00000-0  27462-3 0  9999
2 34122  74.0466   2.5288 0116447 297.0202  95.0965 14.43467733450523
0 COSMOS 2251 DEB
1 34122U 93036KT  17254.74281039 +.00000920 +00000-0 +25888-3 0  9991
2 34122 074.0466 001.7130 0116469 296.1006 217.3943 14.43468271450518
0 COSMOS 2251 DEB
1 34122U 93036KT  17255.34736831 +.00000951 +00000-0 +26719-3 0  9991
2 34122 074.0466 000.5900 0116493 294.8369 118.9629 14.43469701450600
0 COSMOS 2251 DEB
1 34122U 93036KT  17255.70601872 +.00000903 +00000-0 +25428-3 0  9990
2 34122 074.0466 359.9238 0116510 294.0844 182.6831 14.43470114450653
0 COSMOS 2251 DEB
1 34122U 93036KT  17256.38951927  .00000923  00000-0  25960-3 0  9997
2 34122  74.0466 358.6541 0116519 292.6527 134.4833 14.43471644450822
0 COSMOS 2251 DEB
1 34122U 93036KT  17256.75459118 +.00000850 +00000-0 +23982-3 0  9994
2 34122 074.0466 357.9761 0116539 291.8892 231.5723 14.43471880450803
0 COSMOS 2251 DEB
1 34122U 93036KT  17257.28329521 +.00000719 +00000-0 +20402-3 0  9995
2 34122 074.0465 356.9940 0116548 290.7794 098.9772 14.43472055450881
0 COSMOS 2251 DEB
1 34122U 93036KT  17257.71632282 +.00000714 +00000-0 +20265-3 0  9996
2 34122 074.0465 356.1896 0116565 289.8724 189.2010 14.43472755450947
0 COSMOS 2251 DEB
1 34122U 93036KT  17258.60621619 +.00000712 +00000-0 +20227-3 0  9993
2 34122 074.0464 354.5366 0116588 288.0060 133.5293 14.43474213451070
0 COSMOS 2251 DEB
1 34122U 93036KT  17258.68717314  .00000710  00000-0  20173-3 0  9997
2 34122  74.0465 354.3863 0116595 287.8386 194.2194 14.43474326451155
0 COSMOS 2251 DEB
1 34122U 93036KT  17258.96409919 +.00000691 +00000-0 +19645-3 0  9997
2 34122 074.0465 353.8719 0116611 287.2607 193.2621 14.43474616451121
0 COSMOS 2251 DEB
1 34122U 93036KT  17259.22278125 +.00000749 +00000-0 +21237-3 0  9994
2 34122 074.0465 353.3914 0116616 286.7171 097.5051 14.43475341451161
0 COSMOS 2251 DEB
1 34122U 93036KT  17259.72697160 +.00000712 +00000-0 +20224-3 0  9998
2 34122 074.0465 352.4549 0116642 285.6630 197.5278 14.43475839451234
0 COSMOS 2251 DEB
1 34122U 93036KT  17260.61691296 +.00000691 +00000-0 +19642-3 0  9990
2 34122 074.0464 350.8018 0116671 283.8015 142.1077 14.43476971451360
0 COSMOS 2251 DEB
1 34122U 93036KT  17260.97278046 +.00000684 +00000-0 +19441-3 0  9992
2 34122 074.0464 350.1407 0116687 283.0568 191.3751 14.43477481451415
0 COSMOS 2251 DEB
1 34122U 93036KT  17261.23359412  .00000664  00000-0  18899-3 0  9993
2 34122  74.0464 349.6562 0116693 282.5104 106.6950 14.43477741451528
0 COSMOS 2251 DEB
1 34122U 93036KT  17261.65728162 +.00000683 +00000-0 +19431-3 0  9995
2 34122 074.0464 348.8692 0116709 281.6253 148.3893 14.43478471451515
0 COSMOS 2251 DEB
1 34122U 93036KT  17262.63864813 +.00000629 +00000-0 +17950-3 0  9992
2 34122 074.0463 347.0462 0116746 279.5719 208.0699 14.43479503451654
0 COSMOS 2251 DEB
1 34122U 93036KT  17262.70726733 +.00000631 +00000-0 +18003-3 0  9991
2 34122 074.0463 346.9187 0116748 279.4286 204.6504 14.43479621451665
0 COSMOS 2251 DEB
1 34122U 93036KT  17263.59702841 +.00000623 +00000-0 +17794-3 0  9990
2 34122 074.0463 345.2659 0116779 277.5704 148.3042 14.43480817451793
0 COSMOS 2251 DEB
1 34122U 93036KT  17263.67716209  .00000620  00000-0  17696-3 0  9990
2 34122  74.0463 345.1171 0116784 277.4041 204.7187 14.43480903451872
0 COSMOS 2251 DEB
1 34122U 93036KT  17264.56677262 +.00000618 +00000-0 +17644-3 0  9994
2 34122 074.0462 343.4645 0116811 275.5453 147.5955 14.43482143451937
0 COSMOS 2251 DEB
1 34122U 93036KT  17264.92407615 +.00000599 +00000-0 +17148-3 0  9994
2 34122 074.0462 342.8008 0116827 274.8014 204.3275 14.43482521451987
0 COSMOS 2251 DEB
1 34122U 93036KT  17265.61746549 +.00000602 +00000-0 +17212-3 0  9990
2 34122 074.0461 341.5127 0116856 273.3549 207.5384 14.43483442452084
0 COSMOS 2251 DEB
1 34122U 93036KT  17265.68801218  .00000603  00000-0  17249-3 0  9993
2 34122  74.0461 341.3817 0116860 273.2083 214.1353 14.43483552452166
0 COSMOS 2251 DEB
1 34122U 93036KT  17266.22365089 +.00000629 +00000-0 +17959-3 0  9991
2 34122 074.0460 340.3867 0116876 272.0909 117.5941 14.43484426452171
0 COSMOS 2251 DEB
1 34122U 93036KT  17266.65759347 +.00000627 +00000-0 +17883-3 0  9996
2 34122 074.0460 339.5806 0116893 271.1855 212.5876 14.43484963452239
0 COSMOS 2251 DEB
1 34122U 93036KT  17267.63364241 +.00000661 +00000-0 +18817-3 0  9996
2 34122 074.0459 337.7676 0116928 269.1514 244.6521 14.43486491452376
0 COSMOS 2251 DEB
1 34122U 93036KT  17268.23819958  .00000717  00000-0  20343-3 0  9992
2 34122  74.0458 336.6445 0116941 267.8899 146.2544 14.43487685452539
0 COSMOS 2251 DEB
1 34122U 93036KT  17268.59833521 +.00000690 +00000-0 +19600-3 0  9997
2 34122 074.0458 335.9756 0116957 267.1415 217.7087 14.43488002452518
0 COSMOS 2251 DEB
1 34122U 93036KT  17269.28032310 +.00000731 +00000-0 +20732-3 0  9995
2 34122 074.0457 334.7087 0116977 265.7202 161.6824 14.43489125452615
0 COSMOS 2251 DEB
1 34122U 93036KT  17270.52720087  .00000878  00000-0  24718-3 0  9999
2 34122  74.0455 332.3923 0117018 263.1213 161.1359 14.43491744452862
0 COSMOS 2251 DEB
1 34122U 93036KT  17270.61389234 +.00000847 +00000-0 +23870-3 0  9998
2 34122 074.0455 332.2313 0117016 262.9416 251.6324 14.43491797452803
0 COSMOS 2251 DEB
1 34122U 93036KT  17270.88380851 +.00000892 +00000-0 +25103-3 0  9994
2 34122 074.0455 331.7299 0117023 262.3805 214.2638 14.43492506452840
0 COSMOS 2251 DEB
1 34122U 93036KT  17271.14375073 +.00000896 +00000-0 +25215-3 0  9992
2 34122 074.0454 331.2470 0117028 261.8388 125.0670 14.43492983452888
0 COSMOS 2251 DEB
1 34122U 93036KT  17271.57876625 +.00000980 +00000-0 +27498-3 0  9997
2 34122 074.0454 330.4389 0117044 260.9345 225.6485 14.43494310452943
0 COSMOS 2251 DEB
1 34122U 93036KT  17271.85553620 +.00000951 +00000-0 +26695-3 0  9991
2 34122 074.0454 329.9247 0117047 260.3608 223.8954 14.43494621452988
0 COSMOS 2251 DEB
1 34122U 93036KT  17272.61720431  .00000939  00000-0  26379-3 0  9997
2 34122  74.0453 328.5098 0117064 258.7739 221.9485 14.43495896453165
0 COSMOS 2251 DEB
1 34122U 93036KT  17272.61720431 +.00000939 +00000-0 +26379-3 0  9997
2 34122 074.0453 328.5098 0117064 258.7739 221.9485 14.43495896453097
0 COSMOS 2251 DEB
1 34122U 93036KT  17273.59351462 +.00000951 +00000-0 +26684-3 0  9992
2 34122 074.0451 326.6961 0117083 256.7455 255.4046 14.43497877453239
0 COSMOS 2251 DEB
1 34122U 93036KT  17273.86399487 +.00000941 +00000-0 +26413-3 0  9990
2 34122 074.0451 326.1936 0117086 256.1837 220.9728 14.43498380453275
0 COSMOS 2251 DEB
1 34122U 93036KT  17274.56512091 +.00000938 +00000-0 +26350-3 0  9992
2 34122 074.0450 324.8910 0117102 254.7252 264.4245 14.43499784453372
0 COSMOS 2251 DEB
1 34122U 93036KT  17274.83538344  .00000924  00000-0  25946-3 0  9996
2 34122  74.0450 324.3890 0117105 254.1649 228.8621 14.43500265453482
0 COSMOS 2251 DEB
1 34122U 93036KT  17275.51776888 +.00000880 +00000-0 +24759-3 0  9991
2 34122 074.0449 323.1212 0117116 252.7470 174.9297 14.43501406453515
0 COSMOS 2251 DEB
1 34122U 93036KT  17276.48756170 +.00000827 +00000-0 +23319-3 0  9992
2 34122 074.0448 321.3195 0117128 250.7321 174.5370 14.43503078453650
0 COSMOS 2251 DEB
1 34122U 93036KT  17276.84383312 +.00000829 +00000-0 +23360-3 0  9994
2 34122 074.0447 320.6575 0117128 249.9925 225.9320 14.43503847453709
0 COSMOS 2251 DEB
1 34122U 93036KT  17277.54385510  .00000796  00000-0  22460-3 0  9997
2 34122  74.0446 319.3569 0117133 248.5363 263.6602 14.43505018453875
0 COSMOS 2251 DEB
1 34122U 93036KT  17277.54385510 +.00000796 +00000-0 +22460-3 0  9997
2 34122 074.0446 319.3569 0117133 248.5363 263.6602 14.43505018453808
0 COSMOS 2251 DEB
1 34122U 93036KT  17277.81515223 +.00000781 +00000-0 +22062-3 0  9995
2 34122 074.0445 318.8529 0117132 247.9731 233.4804 14.43505465453847
0 COSMOS 2251 DEB
1 34122U 93036KT  17278.57755646 +.00000773 +00000-0 +21851-3 0  9990
2 34122 074.0444 317.4364 0117137 246.3905 235.3846 14.43506773453951
0 COSMOS 2251 DEB
1 34122U 93036KT  17279.19050135 +.00000755 +00000-0 +21366-3 0  9991
2 34122 074.0443 316.2976 0117136 245.1174 180.6132 14.43507776454045
0 COSMOS 2251 DEB
1 34122U 93036KT  17279.82364882  .00000760  00000-0  21493-3 0  9995
2 34122  74.0442 315.1213 0117131 243.8037 230.8277 14.43508916454207
0 COSMOS 2251 DEB
1 34122U 93036KT  17280.52390212 +.00000758 +00000-0 +21448-3 0  9997
2 34122 074.0442 313.8203 0117129 242.3465 269.7709 14.43510085454231
0 COSMOS 2251 DEB
1 34122U 93036KT  17281.47809208 +.00000710 +00000-0 +20139-3 0  9996
2 34122 074.0440 312.0475 0117123 240.3666 188.3219 14.43511369454379
0 COSMOS 2251 DEB
1 34122U 93036KT  17281.89273628 +.00000697 +00000-0 +19784-3 0  9991
2 34122 074.0440 311.2771 0117117 239.5075 183.0654 14.43511956454430
0 COSMOS 2251 DEB
1 34122U 93036KT  17282.17021598  .00000685  00000-0  19458-3 0  9995
2 34122  74.0439 310.7616 0117115 238.9312 185.0205 14.43512333454541
0 COSMOS 2251 DEB
1 34122U 93036KT  17282.53523620 +.00000694 +00000-0 +19687-3 0  9992
2 34122 074.0439 310.0834 0117112 238.1784 281.8849 14.43512892454525
0 COSMOS 2251 DEB
1 34122U 93036KT  17282.86173800 +.00000668 +00000-0 +18974-3 0  9998
2 34122 074.0438 309.4768 0117106 237.5012 178.5888 14.43513226454574
0 COSMOS 2251 DEB
1 34122U 93036KT  17283.77477233 +.00000668 +00000-0 +18989-3 0  9992
2 34122 074.0437 307.7804 0117090 235.6076 243.2789 14.43514522454701
0 COSMOS 2251 DEB
1 34122U 93036KT  17284.53864476  .00000721  00000-0  20420-3 0  9999
2 34122  74.0436 306.3611 0117077 234.0225 252.8358 14.43515848454884
0 COSMOS 2251 DEB
1 34122U 93036KT  17285.50832282 +.00000755 +00000-0 +21353-3 0  9990
2 34122 074.0435 304.5594 0117051 232.0085 251.8938 14.43517392454954
0 COSMOS 2251 DEB
1 34122U 93036KT  17286.48393983 +.00000742 +00000-0 +20993-3 0  9993
2 34122 074.0434 302.7467 0117022 229.9804 281.8203 14.43518648455093
0 COSMOS 2251 DEB
1 34122U 93036KT  17286.75467772  .00000717  00000-0  20305-3 0  9990
2 34122  74.0434 302.2436 0117012 229.4181 248.7468 14.43518887455209
0 COSMOS 2251 DEB
1 34122U 93036KT  17287.01431853 +.00000759 +00000-0 +21463-3 0  9993
2 34122 074.0434 301.7612 0117003 228.8770 158.0094 14.43519553455171
0 COSMOS 2251 DEB
1 34122U 93036KT  17288.49573262 +.00000734 +00000-0 +20788-3 0  9999
2 34122 074.0433 299.0085 0116948 225.8032 296.3880 14.43521533455381
0 COSMOS 2251 DEB
1 34122U 93036KT  17289.02490733  .00000722  00000-0  20454-3 0  9997
2 34122  74.0432 298.0252 0116923 224.6998 166.3287 14.43522316455530
0 COSMOS 2251 DEB
1 34122U 93036KT  17289.46396612 +.00000692 +00000-0 +19629-3 0  9994
2 34122 074.0432 297.2094 0116907 223.7839 287.9683 14.43522778455522
0 COSMOS 2251 DEB
1 34122U 93036KT  17290.42882626 +.00000690 +00000-0 +19566-3 0  9995
2 34122 074.0432 295.4166 0116862 221.7751 262.0198 14.43524263455664
0 COSMOS 2251 DEB
1 34122U 93036KT  17291.04047619  .00000653  00000-0  18569-3 0  9990
2 34122  74.0431 294.2800 0116828 220.5014 200.5600 14.43525006455825
0 COSMOS 2251 DEB
1 34122U 93036KT  17291.46854191 +.00000628 +00000-0 +17881-3 0  9995
2 34122 074.0431 293.4846 0116812 219.6058 265.0796 14.43525481455814
0 COSMOS 2251 DEB
1 34122U 93036KT  17292.44400872 +.00000610 +00000-0 +17403-3 0  9998
2 34122 074.0430 291.6721 0116760 217.5697 294.2650 14.43526810455958
0 COSMOS 2251 DEB
1 34122U 93036KT  17292.71458600 +.00000594 +00000-0 +16975-3 0  9994
2 34122 074.0430 291.1693 0116741 217.0068 260.3664 14.43527110455994
0 COSMOS 2251 DEB
1 34122U 93036KT  17293.04941128  .00000603  00000-0  17200-3 0  9996
2 34122  74.0429 290.5471 0116730 216.3098 200.3452 14.43527668456114
0 COSMOS 2251 DEB
1 34122U 93036KT  17293.40801083 +.00000636 +00000-0 +18118-3 0  9996
2 34122 074.0429 289.8807 0116710 215.5597 263.8753 14.43528345456099
0 COSMOS 2251 DEB
1 34122U 93036KT  17294.37916475 +.00000606 +00000-0 +17303-3 0  9997
2 34122 074.0429 288.0763 0116669 213.5258 270.6626 14.43529420456232
0 COSMOS 2251 DEB
1 34122U 93036KT  17295.42406498  .00000621  00000-0  17701-3 0  9992
2 34122  74.0428 286.1347 0116588 211.3438 300.6864 14.43530874456451
0 COSMOS 2251 DEB
1 34122U 93036KT  17296.39439657 +.00000644 +00000-0 +18318-3 0  9992
2 34122 074.0429 284.3317 0116517 209.3123 303.2088 14.43532205456524
0 COSMOS 2251 DEB
1 34122U 93036KT  17297.42888660  .00000683  00000-0  19390-3 0  9993
2 34122  74.0430 282.4096 0116449 207.1414 279.1530 14.43533689456746
0 COSMOS 2251 DEB
1 34122U 93036KT  17298.40411160 +.00000749 +00000-0 +21170-3 0  9991
2 34122 074.0430 280.5976 0116394 205.0960 307.1198 14.43535384456818
0 COSMOS 2251 DEB
1 34122U 93036KT  17299.37425692 +.00000699 +00000-0 +19834-3 0  9991
2 34122 074.0432 278.7951 0116293 203.0524 308.7005 14.43536390456951
0 COSMOS 2251 DEB
1 34122U 93036KT  17300.40885278  .00000695  00000-0  19711-3 0  9998
2 34122  74.0433 276.8728 0116223 200.8727 285.2205 14.43537822457173
0 COSMOS 2251 DEB
1 34122U 93036KT  17300.95137270 +.00000700 +00000-0 +19843-3 0  9993
2 34122 074.0433 275.8648 0116183 199.7310 224.5537 14.43538665457183
0 COSMOS 2251 DEB
1 34122U 93036KT  17301.38416255 +.00000667 +00000-0 +18967-3 0  9992
2 34122 074.0433 275.0607 0116162 198.8225 313.6466 14.43539055457244
0 COSMOS 2251 DEB
1 34122U 93036KT  17301.91504833 +.00000650 +00000-0 +18497-3 0  9991
2 34122 074.0433 274.0743 0116136 197.7026 192.5251 14.43539744457322
0 COSMOS 2251 DEB
1 34122U 93036KT  17302.62535972 +.00000628 +00000-0 +17889-3 0  9997
2 34122 074.0434 272.7546 0116079 196.2044 283.8342 14.43540603457421
0 COSMOS 2251 DEB
1 34122U 93036KT  17302.88474698  .00000616  00000-0  17562-3 0  9997
2 34122  74.0434 272.2726 0116053 195.6557 191.8066 14.43540914457538
0 COSMOS 2251 DEB
1 34122U 93036KT  17302.95950674 +.00000613 +00000-0 +17474-3 0  9997
2 34122 074.0434 272.1337 0116048 195.4969 220.3157 14.43541011457475
0 COSMOS 2251 DEB
1 34122U 93036KT  17303.38893177 +.00000603 +00000-0 +17220-3 0  9997
2 34122 074.0435 271.3359 0116012 194.5971 291.9252 14.43541544457533
0 COSMOS 2251 DEB
1 34122U 93036KT  17304.36422789 +.00000572 +00000-0 +16364-3 0  9996
2 34122 074.0436 269.5238 0115944 192.5380 320.3026 14.43542703457673
0 COSMOS 2251 DEB
1 34122U 93036KT  17304.96940793  .00000549  00000-0  15741-3 0  9994
2 34122  74.0436 268.3994 0115904 191.2563 225.2829 14.43543419457831
0 COSMOS 2251 DEB
1 34122U 93036KT  17305.60518726 +.00000533 +00000-0 +15320-3 0  9999
2 34122 074.0436 267.2182 0115859 189.9170 289.2741 14.43544111457850
0 COSMOS 2251 DEB
1 34122U 93036KT  17305.93947781 +.00000523 +00000-0 +15039-3 0  9998
2 34122 074.0436 266.5971 0115834 189.2071 226.5078 14.43544479457904
0 COSMOS 2251 DEB
1 34122U 93036KT  17306.29829755 +.00000531 +00000-0 +15263-3 0  9996
2 34122 074.0436 265.9303 0115808 188.4493 291.2106 14.43544940457955
0 COSMOS 2251 DEB
1 34122U 93036KT  17306.91064053 +.00000527 +00000-0 +15137-3 0  9992
2 34122 074.0436 264.7926 0115762 187.1507 233.4211 14.43545656458045
0 COSMOS 2251 DEB
1 34122U 93036KT  17306.98084028  .00000526  00000-0  15120-3 0  9994
2 34122  74.0436 264.6621 0115755 187.0023 238.2332 14.43545731458120
0 COSMOS 2251 DEB
1 34122U 93036KT  17307.34434882 +.00000530 +00000-0 +15223-3 0  9991
2 34122 074.0437 263.9868 0115732 186.2353 327.3031 14.43546149458106
0 COSMOS 2251 DEB
1 34122U 93036KT  17307.94945178 +.00000533 +00000-0 +15303-3 0  9994
2 34122 074.0437 262.8625 0115689 184.9493 231.8947 14.43546912458198
0 COSMOS 2251 DEB
1 34122U 93036KT  17308.58487352 +.00000559 +00000-0 +16014-3 0  9998
2 34122 074.0438 261.6820 0115641 183.6009 294.0463 14.43547813458285
0 COSMOS 2251 DEB
1 34122U 93036KT  17308.91950767 +.00000569 +00000-0 +16278-3 0  9993
2 34122 074.0438 261.0603 0115621 182.8878 233.0723 14.43548279458336
0 COSMOS 2251 DEB
1 34122U 93036KT  17309.19799948  .00000574  00000-0  16423-3 0  9994
2 34122  74.0438 260.5429 0115607 182.3009 240.3317 14.43548611458443
0 COSMOS 2251 DEB
1 34122U 93036KT  17309.35605267 +.00000580 +00000-0 +16576-3 0  9998
2 34122 074.0439 260.2492 0115594 181.9661 341.6998 14.43548786458392
0 COSMOS 2251 DEB
1 34122U 93036KT  17309.96067826 +.00000544 +00000-0 +15602-3 0  9997
2 34122 074.0439 259.1258 0115555 180.6804 243.8156 14.43549278458487
0 COSMOS 2251 DEB
1 34122U 93036KT  17310.32486406 +.00000629 +00000-0 +17930-3 0  9998
2 34122 074.0439 258.4492 0115526 179.9081 336.4137 14.43550134458532
0 COSMOS 2251 DEB
1 34122U 93036KT  17310.92946365 +.00000558 +00000-0 +15998-3 0  9992
2 34122 074.0440 257.3259 0115487 178.6200 238.3997 14.43550485458621
0 COSMOS 2251 DEB
1 34122U 93036KT  17311.29406351  .00000625  00000-0  17802-3 0  9990
2 34122  74.0440 256.6485 0115464 177.8454 333.1523 14.43551221458742
0 COSMOS 2251 DEB
1 34122U 93036KT  17311.56464300 +.00000629 +00000-0 +17927-3 0  9990
2 34122 074.0441 256.1458 0115446 177.2688 299.3026 14.43551596458714
0 COSMOS 2251 DEB
1 34122U 93036KT  17311.89953009 +.00000700 +00000-0 +19856-3 0  9998
2 34122 074.0441 255.5236 0115432 176.5552 239.6486 14.43552473458765
0 COSMOS 2251 DEB
1 34122U 93036KT  17312.53626479 +.00000799 +00000-0 +22549-3 0  9999
2 34122 074.0442 254.3407 0115393 175.2014 308.6381 14.43553858458857
0 COSMOS 2251 DEB
1 34122U 93036KT  17312.94042456 +.00000773 +00000-0 +21845-3 0  9991
2 34122 074.0442 253.5897 0115373 174.3402 248.9824 14.43554265458918
0 COSMOS 2251 DEB
1 34122U 93036KT  17313.30443402  .00000771  00000-0  21779-3 0  9992
2 34122  74.0443 252.9135 0115346 173.5667 340.6707 14.43554687459033
0 COSMOS 2251 DEB
1 34122U 93036KT  17313.91095417 +.00000762 +00000-0 +21528-3 0  9990
2 34122 074.0444 251.7866 0115314 172.2728 252.6494 14.43555521459056
0 COSMOS 2251 DEB
1 34122U 93036KT  17314.27404539 +.00000738 +00000-0 +20890-3 0  9993
2 34122 074.0444 251.1121 0115292 171.5000 339.5692 14.43555852459102
0 COSMOS 2251 DEB
1 34122U 93036KT  17314.87950200 +.00000770 +00000-0 +21754-3 0  9996
2 34122 074.0444 249.9872 0115262 170.2075 246.0249 14.43556935459197
0 COSMOS 2251 DEB
1 34122U 93036KT  17315.51586896  .00000673  00000-0  19104-3 0  9992
2 34122  74.0445 248.8049 0115224 168.8471 313.1200 14.43557338459352
0 COSMOS 2251 DEB
1 34122U 93036KT  17315.92144963 +.00000808 +00000-0 +22799-3 0  9996
2 34122 074.0445 248.0514 0115213 167.9805 260.8550 14.43558509459346
0 COSMOS 2251 DEB
1 34122U 93036KT  17316.28450340 +.00000648 +00000-0 +18438-3 0  9992
2 34122 074.0446 247.3770 0115185 167.2042 347.5896 14.43558287459391
0 COSMOS 2251 DEB
1 34122U 93036KT  17316.89075159 +.00000625 +00000-0 +17797-3 0  9992
2 34122 074.0446 246.2507 0115155 165.9070 258.1674 14.43559045459484
0 COSMOS 2251 DEB
1 34122U 93036KT  17317.52443381  .00000608  00000-0  17334-3 0  9997
2 34122  74.0446 245.0734 0115120 164.5518 311.3169 14.43559847459646
0 COSMOS 2251 DEB
1 34122U 93036KT  17318.49585854 +.00000600 +00000-0 +17115-3 0  9995
2 34122 074.0446 243.2687 0115072 162.4754 319.6647 14.43561127459712
0 COSMOS 2251 DEB
1 34122U 93036KT  17318.83071571 +.00000598 +00000-0 +17065-3 0  9999
2 34122 074.0446 242.6466 0115057 161.7550 259.8725 14.43561576459764
0 COSMOS 2251 DEB
1 34122U 93036KT  17319.26574160 +.00000625 +00000-0 +17796-3 0  9991
2 34122 074.0447 241.8384 0115033 160.8268 000.6367 14.43562254459820
0 COSMOS 2251 DEB
1 34122U 93036KT  17319.79525234  .00000645  00000-0  18348-3 0  9993
2 34122  74.0447 240.8547 0115011 159.6913 232.4323 14.43563094459975
0 COSMOS 2251 DEB
1 34122U 93036KT  17320.50411090 +.00000672 +00000-0 +19099-3 0  9992
2 34122 074.0447 239.5378 0114980 158.1737 316.2735 14.43564172460006
0 COSMOS 2251 DEB
1 34122U 93036KT  17320.83946748 +.00000682 +00000-0 +19367-3 0  9990
2 34122 074.0447 238.9148 0114973 157.4577 259.0750 14.43564696460057
0 COSMOS 2251 DEB
1 34122U 93036KT  17321.47540601 +.00000696 +00000-0 +19740-3 0  9999
2 34122 074.0447 237.7334 0114944 156.1044 323.9556 14.43565605460140
0 COSMOS 2251 DEB
1 34122U 93036KT  17321.80964185  .00000698  00000-0  19793-3 0  9993
2 34122  74.0447 237.1124 0114935 155.3871 260.9379 14.43566082460266
0 COSMOS 2251 DEB
1 34122U 93036KT  17322.16903045 +.00000714 +00000-0 +20225-3 0  9992
2 34122 074.0448 236.4447 0114921 154.6207 328.6318 14.43566640460240
0 COSMOS 2251 DEB
1 34122U 93036KT  17322.85010740 +.00000721 +00000-0 +20434-3 0  9999
2 34122 074.0448 235.1794 0114899 153.1624 268.1037 14.43567616460343
0 COSMOS 2251 DEB
1 34122U 93036KT  17323.20892226 +.00000679 +00000-0 +19284-3 0  9999
2 34122 074.0448 234.5128 0114884 152.3934 332.8214 14.43567867460395
0 COSMOS 2251 DEB
1 34122U 93036KT  17323.81946535  .00000746  00000-0  21092-3 0  9994
2 34122  74.0448 233.3786 0114869 151.0872 265.7408 14.43569155460551
0 COSMOS 2251 DEB
1 34122U 93036KT  17324.45514096 +.00000750 +00000-0 +21222-3 0  9998
2 34122 074.0448 232.1976 0114845 149.7224 329.2773 14.43570102460575
0 COSMOS 2251 DEB
1 34122U 93036KT  17324.86109115 +.00000747 +00000-0 +21118-3 0  9995
2 34122 074.0448 231.4435 0114835 148.8541 278.9540 14.43570713460635
0 COSMOS 2251 DEB
1 34122U 93036KT  17325.83018324  .00000807  00000-0  22748-3 0  9991
2 34122  74.0448 229.6431 0114811 146.7876 275.2143 14.43572617460849
0 COSMOS 2251 DEB
1 34122U 93036KT  17325.91222220 +.00000774 +00000-0 +21854-3 0  9992
2 34122 074.0448 229.4907 0114808 146.6117 341.5615 14.43572507460780
0 COSMOS 2251 DEB
1 34122U 93036KT  17326.19559552 +.00000775 +00000-0 +21883-3 0  9997
2 34122 074.0448 228.9642 0114798 146.0025 014.2256 14.43572943460824
0 COSMOS 2251 DEB
1 34122U 93036KT  17326.88086811 +.00000788 +00000-0 +22240-3 0  9998
2 34122 074.0447 227.6912 0114788 144.5364 335.5181 14.43574171460929
0 COSMOS 2251 DEB
1 34122U 93036KT  17327.16385005 +.00000793 +00000-0 +22382-3 0  9990
2 34122 074.0447 227.1655 0114780 143.9310 006.1473 14.43574650460965
0 COSMOS 2251 DEB
1 34122U 93036KT  17327.92159323 +.00000770 +00000-0 +21762-3 0  9992
2 34122 074.0447 225.7578 0114768 142.3070 344.0694 14.43575821461078
0 COSMOS 2251 DEB
1 34122U 93036KT  17328.20589144  .00000769  00000-0  21719-3 0  9992
2 34122  74.0447 225.2296 0114757 141.6980  21.5415 14.43576279461188
0 COSMOS 2251 DEB
1 34122U 93036KT  17328.53369175 +.00000769 +00000-0 +21733-3 0  9994
2 34122 074.0446 224.6207 0114751 140.9973 285.0900 14.43576862461162
0 COSMOS 2251 DEB
1 34122U 93036KT  17328.89184420 +.00000760 +00000-0 +21474-3 0  9994
2 34122 074.0446 223.9553 0114746 140.2325 346.3751 14.43577412461219
0 COSMOS 2251 DEB
1 34122U 93036KT  17329.86112118 +.00000754 +00000-0 +21326-3 0  9996
2 34122 074.0445 222.1546 0114731 138.1602 343.6253 14.43579089461353
0 COSMOS 2251 DEB
1 34122U 93036KT  17330.47257927  .00000742  00000-0  20975-3 0  9999
2 34122  74.0444 221.0186 0114715 136.8527 281.3239 14.43580071461516
0 COSMOS 2251 DEB
1 34122U 93036KT  17330.83063649 +.00000783 +00000-0 +22098-3 0  9998
2 34122 074.0444 220.3534 0114709 136.0878 342.1189 14.43580919461497
0 COSMOS 2251 DEB
1 34122U 93036KT  17331.87144697 +.00000725 +00000-0 +20524-3 0  9994
2 34122 074.0443 218.4198 0114695 133.8591 351.1370 14.43582325461643
0 COSMOS 2251 DEB
1 34122U 93036KT  17332.48369212  .00000803  00000-0  22648-3 0  9990
2 34122  74.0442 217.2824 0114683 132.5474 292.9360 14.43583778461800
0 COSMOS 2251 DEB
1 34122U 93036KT  17332.84089979 +.00000781 +00000-0 +22038-3 0  9997
2 34122 074.0442 216.6188 0114682 131.7831 349.3210 14.43584238461783
0 COSMOS 2251 DEB
1 34122U 93036KT  17333.39414446 +.00000774 +00000-0 +21841-3 0  9992
2 34122 074.0441 215.5909 0114677 130.5956 344.5027 14.43585077461864
0 COSMOS 2251 DEB
1 34122U 93036KT  17333.72939407 +.00000787 +00000-0 +22211-3 0  9994
2 34122 074.0441 214.9681 0114678 129.8767 286.7770 14.43585730461910
0 COSMOS 2251 DEB
1 34122U 93036KT  17334.49351750 +.00000778 +00000-0 +21973-3 0  9992
2 34122 074.0440 213.5485 0114669 128.2409 297.8839 14.43586863462022
0 COSMOS 2251 DEB
1 34122U 93036KT  17334.85159462  .00000775  00000-0  21867-3 0  9997
2 34122  74.0440 212.8833 0114669 127.4729 358.7935 14.43587413462146
0 COSMOS 2251 DEB
1 34122U 93036KT  17335.12829498 +.00000786 +00000-0 +22167-3 0  9997
2 34122 074.0440 212.3692 0114665 126.8794 356.7924 14.43587899462116
0 COSMOS 2251 DEB
1 34122U 93036KT  17335.74042236 +.00000739 +00000-0 +20887-3 0  9997
2 34122 074.0439 211.2319 0114666 125.5676 297.9901 14.43588604462200
0 COSMOS 2251 DEB
1 34122U 93036KT  17336.63499701 +.00000738 +00000-0 +20869-3 0  9998
2 34122 074.0439 209.5699 0114670 123.6489 267.0592 14.43590017462336
0 COSMOS 2251 DEB
1 34122U 93036KT  17336.79056869 +.00000740 +00000-0 +20929-3 0  9999
2 34122 074.0439 209.2809 0114669 123.3154 355.5597 14.43590288462350
0 COSMOS 2251 DEB
1 34122U 93036KT  17337.06844044  .00000730  00000-0  20657-3 0  9997
2 34122  74.0439 208.7647 0114668 122.7190 359.6495 14.43590648462460
0 COSMOS 2251 DEB
1 34122U 93036KT  17337.83143587 +.00000688 +00000-0 +19507-3 0  9990
2 34122 074.0439 207.3471 0114666 121.0861 004.9081 14.43591620462502
0 COSMOS 2251 DEB
1 34122U 93036KT  17338.44337010 +.00000684 +00000-0 +19400-3 0  9992
2 34122 074.0439 206.2102 0114662 119.7762 305.1101 14.43592549462590
0 COSMOS 2251 DEB
1 34122U 93036KT  17338.80043697 +.00000670 +00000-0 +19029-3 0  9999
2 34122 074.0438 205.5468 0114664 119.0148 000.7727 14.43593031462644
0 COSMOS 2251 DEB
1 34122U 93036KT  17339.07827734  .00000674  00000-0  19115-3 0  9991
2 34122  74.0438 205.0306 0114667 118.4185   4.7026 14.43593473462755
0 COSMOS 2251 DEB
1 34122U 93036KT  17339.77056389 +.00000688 +00000-0 +19505-3 0  9996
2 34122 074.0438 203.7444 0114671 116.9385 002.4971 14.43594717462782
0 COSMOS 2251 DEB
1 34122U 93036KT  17340.58444324 +.00000711 +00000-0 +20131-3 0  9991
2 34122 074.0437 202.2323 0114674 115.1977 272.2106 14.43596196462906
0 COSMOS 2251 DEB
1 34122U 93036KT  17340.81133920 +.00000704 +00000-0 +19952-3 0  9995
2 34122 074.0437 201.8108 0114674 114.7151 011.3818 14.43596515462931
0 COSMOS 2251 DEB
1 34122U 93036KT  17341.08851118  .00000706  00000-0  20007-3 0  9996
2 34122  74.0436 201.2958 0114673 114.1213  11.8406 14.43596968463042
0 COSMOS 2251 DEB
1 34122U 93036KT  17341.55203153 +.00000703 +00000-0 +19917-3 0  9993
2 34122 074.0435 200.4346 0114673 113.1328 260.7456 14.43597702463046
0 COSMOS 2251 DEB
1 34122U 93036KT  17341.78032831 +.00000713 +00000-0 +20198-3 0  9995
2 34122 074.0435 200.0105 0114668 112.6475 007.1982 14.43598140463073
0 COSMOS 2251 DEB
1 34122U 93036KT  17342.05731432 +.00000751 +00000-0 +21213-3 0  9990
2 34122 074.0435 199.4958 0114668 112.0554 006.6911 14.43598795463119
0 COSMOS 2251 DEB
1 34122U 93036KT  17342.39219479 +.00000708 +00000-0 +20042-3 0  9990
2 34122 074.0434 198.8736 0114670 111.3373 307.0625 14.43599074463165
0 COSMOS 2251 DEB
1 34122U 93036KT  17342.75033727 +.00000682 +00000-0 +19352-3 0  9993
2 34122 074.0434 198.2082 0114674 110.5731 008.3240 14.43599520463212
0 COSMOS 2251 DEB
1 34122U 93036KT  17343.36228324  .00000687  00000-0  19473-3 0  9999
2 34122  74.0433 197.0713 0114679 109.2644 308.6028 14.43600480463377
0 COSMOS 2251 DEB
1 34122U 93036KT  17343.79096709 +.00000671 +00000-0 +19045-3 0  9994
2 34122 074.0432 196.2748 0114683 108.3500 016.4688 14.43601061463362
0 COSMOS 2251 DEB
1 34122U 93036KT  17344.61065803 +.00000685 +00000-0 +19407-3 0  9994
2 34122 074.0431 194.7518 0114681 106.5994 316.3995 14.43602378463482
0 COSMOS 2251 DEB
1 34122U 93036KT  17344.96861995 +.00000655 +00000-0 +18606-3 0  9995
2 34122 074.0430 194.0867 0114680 105.8345 016.7280 14.43602753463533
0 COSMOS 2251 DEB
1 34122U 93036KT  17345.37213935  .00000716  00000-0  20274-3 0  9998
2 34122  74.0430 193.3370 0114690 104.9706 313.8214 14.43603711463663
0 COSMOS 2251 DEB
1 34122U 93036KT  17345.73033323 +.00000741 +00000-0 +20942-3 0  9999
2 34122 074.0430 192.6714 0114691 104.2067 015.3559 14.43604433463647
0 COSMOS 2251 DEB
1 34122U 93036KT  17346.28421389 +.00000728 +00000-0 +20586-3 0  9992
2 34122 074.0429 191.6423 0114697 103.0213 013.8801 14.43605217463720
0 COSMOS 2251 DEB
1 34122U 93036KT  17346.61891976 +.00000739 +00000-0 +20898-3 0  9990
2 34122 074.0429 191.0204 0114702 102.3075 313.3490 14.43605824463777
0 COSMOS 2251 DEB
1 34122U 93036KT  17347.38289160  .00000754  00000-0  21296-3 0  9991
2 34122  74.0429 189.6010 0114690 100.6737 323.7223 14.43607043463951
0 COSMOS 2251 DEB
1 34122U 93036KT  17347.93810384 +.00000742 +00000-0 +20965-3 0  9999
2 34122 074.0428 188.5694 0114690 099.4906 329.1666 14.43607815463968
0 COSMOS 2251 DEB
1 34122U 93036KT  17348.62875980 +.00000730 +00000-0 +20630-3 0  9995
2 34122 074.0428 187.2861 0114698 098.0155 318.5193 14.43608840464067
0 COSMOS 2251 DEB
1 34122U 93036KT  17348.90768784 +.00000733 +00000-0 +20720-3 0  9992
2 34122 074.0428 186.7679 0114696 097.4201 328.1142 14.43609278464103
0 COSMOS 2251 DEB
1 34122U 93036KT  17349.59882311 +.00000745 +00000-0 +21048-3 0  9998
2 34122 074.0428 185.4837 0114704 095.9441 319.9624 14.43610494464200
0 COSMOS 2251 DEB
1 34122U 93036KT  17349.67979491  .00000745  00000-0  21045-3 0  9990
2 34122  74.0428 185.3333 0114701  95.7705  20.7757 14.43610618464288
0 COSMOS 2251 DEB
1 34122U 93036KT  17349.95758803 +.00000737 +00000-0 +20828-3 0  9992
2 34122 074.0428 184.8171 0114703 095.1769 024.4748 14.43611002464254
0 COSMOS 2251 DEB
1 34122U 93036KT  17350.63946514 +.00000749 +00000-0 +21149-3 0  9997
2 34122 074.0428 183.5501 0114703 093.7215 328.2107 14.43612152464359
0 COSMOS 2251 DEB
1 34122U 93036KT  17350.92826984 +.00000716 +00000-0 +20268-3 0  9992
2 34122 074.0428 183.0136 0114702 093.1054 029.1381 14.43612439464395
0 COSMOS 2251 DEB
1 34122U 93036KT  17351.53464656 +.00000787 +00000-0 +22183-3 0  9990
2 34122 074.0427 181.8869 0114706 091.8105 300.5008 14.43613843464481
0 COSMOS 2251 DEB
1 34122U 93036KT  17351.69000650  .00000812  00000-0  22860-3 0  9998
2 34122  74.0427 181.5982 0114705  91.4798  27.9120 14.43614255464570
0 COSMOS 2251 DEB
1 34122U 93036KT  17351.97328184 +.00000796 +00000-0 +22423-3 0  9990
2 34122 074.0427 181.0719 0114706 090.8736 060.1067 14.43614632464544
0 COSMOS 2251 DEB
1 34122U 93036KT  17352.50317896 +.00000841 +00000-0 +23654-3 0  9996
2 34122 074.0427 180.0873 0114711 089.7423 294.0057 14.43615830464627
0 COSMOS 2251 DEB
1 34122U 93036KT  17352.94439882 +.00000841 +00000-0 +23670-3 0  9992
2 34122 074.0427 179.2675 0114710 088.8005 067.0452 14.43616540464684
0 COSMOS 2251 DEB
1 34122U 93036KT  17353.47377253 +.00000779 +00000-0 +21977-3 0  9992
2 34122 074.0427 178.2839 0114708 087.6695 298.2260 14.43617031464764
0 COSMOS 2251 DEB
1 34122U 93036KT  17353.98325012  .00000782  00000-0  22044-3 0  9994
2 34122  74.0427 177.3373 0114703  86.5816  66.0077 14.43617880464900
0 COSMOS 2251 DEB
1 34122U 93036KT  17354.51449326 +.00000736 +00000-0 +20806-3 0  9992
2 34122 074.0427 176.3502 0114709 085.4485 306.9056 14.43618480464910
0 COSMOS 2251 DEB
1 34122U 93036KT  17355.92462868 +.00000693 +00000-0 +19621-3 0  9999
2 34122 074.0427 173.7300 0114713 082.4416 075.4579 14.43620375465110
0 COSMOS 2251 DEB
1 34122U 93036KT  17356.59958337 +.00000670 +00000-0 +19015-3 0  9996
2 34122 074.0427 172.4758 0114714 080.9986 343.2425 14.43621280465212
0 COSMOS 2251 DEB
1 34122U 93036KT  17356.88698003  .00000669  00000-0  18975-3 0  9991
2 34122  74.0427 171.9418 0114714  80.3887  36.8583 14.43621672465320
0 COSMOS 2251 DEB
1 34122U 93036KT  17356.96342258 +.00000672 +00000-0 +19067-3 0  9995
2 34122 074.0427 171.7998 0114714 080.2257 074.1354 14.43621816465265
0 COSMOS 2251 DEB
1 34122U 93036KT  17357.56941939 +.00000665 +00000-0 +18882-3 0  9999
2 34122 074.0427 170.6738 0114714 078.9282 343.5463 14.43622678465358
0 COSMOS 2251 DEB
1 34122U 93036KT  17357.92676646 +.00000687 +00000-0 +19454-3 0  9999
2 34122 074.0427 170.0098 0114718 078.1710 040.6991 14.43623304465407
0 COSMOS 2251 DEB
1 34122U 93036KT  17358.53825417 +.00000694 +00000-0 +19669-3 0  9995
2 34122 074.0427 168.8736 0114725 076.8677 338.6441 14.43624273465491
0 COSMOS 2251 DEB
1 34122U 93036KT  17358.90423731  .00000711  00000-0  20117-3 0  9999
2 34122  74.0427 168.1935 0114725  76.0903  80.6830 14.43624883465616
0 COSMOS 2251 DEB
1 34122U 93036KT  17359.94313800 +.00000739 +00000-0 +20878-3 0  9993
2 34122 074.0427 166.2632 0114711 073.8639 079.9429 14.43626572465695
0 COSMOS 2251 DEB
1 34122U 93036KT  17360.54873792 +.00000738 +00000-0 +20843-3 0  9993
2 34122 074.0428 165.1379 0114718 072.5744 347.2939 14.43627470465787
0 COSMOS 2251 DEB
1 34122U 93036KT  17360.83765775 +.00000741 +00000-0 +20927-3 0  9993
2 34122 074.0428 164.6011 0114720 071.9560 048.8371 14.43627888465828
0 COSMOS 2251 DEB
1 34122U 93036KT  17361.51811101  .00000737  00000-0  20838-3 0  9990
2 34122  74.0429 163.3367 0114706  70.4972 345.2202 14.43628907465992
0 COSMOS 2251 DEB
1 34122U 93036KT  17361.88489411 +.00000716 +00000-0 +20258-3 0  9998
2 34122 074.0429 162.6552 0114704 069.7114 091.4279 14.43629265465977
0 COSMOS 2251 DEB
1 34122U 93036KT  17362.92341743 +.00000643 +00000-0 +18277-3 0  9996
2 34122 074.0431 160.7256 0114711 067.4901 088.7372 14.43630383466121
0 COSMOS 2251 DEB
1 34122U 93036KT  17363.52977670  .00000626  00000-0  17799-3 0  9996
2 34122  74.0432 159.5990 0114714  66.1984   0.0440 14.43631166466283
0 COSMOS 2251 DEB
1 34122U 93036KT  17363.88728250 +.00000604 +00000-0 +17217-3 0  9994
2 34122 074.0432 158.9347 0114715 065.4294 058.0438 14.43631535466267
0 COSMOS 2251 DEB
1 34122U 93036KT  17364.49788042 +.00000595 +00000-0 +16967-3 0  9997
2 34122 074.0433 157.8002 0114710 064.1295 351.3815 14.43632382466355
0 COSMOS 2251 DEB
1 34122U 93036KT  17364.86237247 +.00000594 +00000-0 +16936-3 0  9999
2 34122 074.0433 157.1230 0114717 063.3499 085.6870 14.43632869466409
0 COSMOS 2251 DEB
1 34122U 93036KT  17365.54005566  .00000584  00000-0  16665-3 0  9990
2 34122  74.0434 155.8638 0114720  61.9012   7.6826 14.43633773466574
0 COSMOS 2251 DEB
1 34122U 93036KT  17365.90350203 +.00000581 +00000-0 +16585-3 0  9999
2 34122 074.0434 155.1885 0114722 061.1236 096.5552 14.43634205466555
0 COSMOS 2251 DEB
1 34122U 93036KT  18001.50855059 +.00000576 +00000-0 +16441-3 0  9997
2 34122 074.0435 154.0642 0114722 059.8263 001.0673 14.43635005466643
0 COSMOS 2251 DEB
1 34122U 93036KT  18001.86637772 +.00000581 +00000-0 +16589-3 0  9995
2 34122 074.0435 153.3994 0114722 059.0588 060.7399 14.43635485466691
0 COSMOS 2251 DEB
1 34122U 93036KT  18002.55076437  .00000548  00000-0  15688-3 0  9999
2 34122  74.0435 152.1277 0114725  57.5974  17.5781 14.43636177466860
0 COSMOS 2251 DEB
1 34122U 93036KT  18002.84216786 +.00000547 +00000-0 +15668-3 0  9991
2 34122 074.0435 151.5863 0114728 056.9750 092.0371 14.43636524466838
0 COSMOS 2251 DEB
1 34122U 93036KT  18003.51948979 +.00000525 +00000-0 +15073-3 0  9998
2 34122 074.0436 150.3278 0114733 055.5280 012.1624 14.43637232466937
0 COSMOS 2251 DEB
1 34122U 93036KT  18003.79722404 +.00000525 +00000-0 +15060-3 0  9997
2 34122 074.0436 149.8118 0114735 054.9329 015.5836 14.43637524466972
0 COSMOS 2251 DEB
1 34122U 93036KT  18004.48836456 +.00000516 +00000-0 +14830-3 0  9991
2 34122 074.0436 148.5276 0114749 053.4552 007.5292 14.43638267467074
0 COSMOS 2251 DEB
1 34122U 93036KT  18004.84714116  .00000515  00000-0  14778-3 0  9999
2 34122  74.0437 147.8609 0114745  52.6856  72.1400 14.43638616467191
0 COSMOS 2251 DEB
1 34122U 93036KT  18005.45893587 +.00000507 +00000-0 +14560-3 0  9997
2 34122 074.0437 146.7241 0114754 051.3826 011.7123 14.43639238467219
0 COSMOS 2251 DEB
1 34122U 93036KT  18005.82198792 +.00000506 +00000-0 +14535-3 0  9995
2 34122 074.0436 146.0494 0114739 050.6024 098.5458 14.43639571467265
0 COSMOS 2251 DEB
1 34122U 93036KT  18006.78669037 +.00000490 +00000-0 +14103-3 0  9999
2 34122 074.0437 144.2569 0114751 048.5407 072.2334 14.43640443467402
0 COSMOS 2251 DEB
1 34122U 93036KT  18007.46873310  .00000481  00000-0  13876-3 0  9992
2 34122  74.0438 142.9896 0114767  47.0848  16.9012 14.43641083467578
0 COSMOS 2251 DEB
1 34122U 93036KT  18007.75649382 +.00000482 +00000-0 +13906-3 0  9999
2 34122 074.0438 142.4549 0114767 046.4667 072.4364 14.43641336467545
0 COSMOS 2251 DEB
1 34122U 93036KT  18008.51076753 +.00000483 +00000-0 +13908-3 0  9993
2 34122 074.0439 141.0534 0114783 044.8536 032.5041 14.43642109467650
0 COSMOS 2251 DEB
1 34122U 93036KT  18008.79586479 +.00000497 +00000-0 +14313-3 0  9990
2 34122 074.0440 140.5238 0114799 044.2524 074.1877 14.43642494467695
0 COSMOS 2251 DEB
1 34122U 93036KT  18009.47955663  .00000488  00000-0  14057-3 0  9996
2 34122  74.0441 139.2536 0114821  42.8030  27.4216 14.43643184467868
0 COSMOS 2251 DEB
1 34122U 93036KT  18009.76640640 +.00000476 +00000-0 +13737-3 0  9995
2 34122 074.0442 138.7206 0114830 042.1949 078.2164 14.43643369467837
0 COSMOS 2251 DEB
1 34122U 93036KT  18010.04362561 +.00000457 +00000-0 +13220-3 0  9997
2 34122 074.0442 138.2055 0114837 041.5953 078.9718 14.43643512467875
0 COSMOS 2251 DEB
1 34122U 93036KT  18010.80680965 +.00000453 +00000-0 +13115-3 0  9991
2 34122 074.0443 136.7876 0114853 039.9655 085.3511 14.43644206467984
0 COSMOS 2251 DEB
1 34122U 93036KT  18011.41799553 +.00000431 +00000-0 +12519-3 0  9996
2 34122 074.0444 135.6520 0114875 038.6729 021.7617 14.43644644468079
0 COSMOS 2251 DEB
1 34122U 93036KT  18011.77586378  .00000427  00000-0  12409-3 0  9997
2 34122  74.0444 134.9871 0114888  37.9101  81.6548 14.43644918468195
0 COSMOS 2251 DEB
1 34122U 93036KT  18012.45980413 +.00000411 +00000-0 +11964-3 0  9999
2 34122 074.0445 133.7162 0114901 036.4547 036.1912 14.43645473468221
0 COSMOS 2251 DEB
1 34122U 93036KT  18012.74668412 +.00000413 +00000-0 +12017-3 0  9995
2 34122 074.0445 133.1833 0114910 035.8414 087.1508 14.43645714468265
0 COSMOS 2251 DEB
1 34122U 93036KT  18013.02311635 +.00000400 +00000-0 +11663-3 0  9991
2 34122 074.0445 132.6696 0114906 035.2475 083.8146 14.43645849468307
0 COSMOS 2251 DEB
1 34122U 93036KT  18013.78653597  .00000402  00000-0  11716-3 0  9991
2 34122  74.0446 131.2512 0114923  33.6202  91.4211 14.43646466468482
0 COSMOS 2251 DEB
1 34122U 93036KT  18014.39763079 +.00000399 +00000-0 +11634-3 0  9990
2 34122 074.0446 130.1157 0114948 032.3284 027.3631 14.43646949468501
0 COSMOS 2251 DEB
1 34122U 93036KT  18014.68592720 +.00000389 +00000-0 +11355-3 0  9994
2 34122 074.0446 129.5800 0114956 031.7128 085.6845 14.43647085468547
0 COSMOS 2251 DEB
1 34122U 93036KT  18015.64548905 +.00000356 +00000-0 +10479-3 0  9997
2 34122 074.0446 127.7971 0114985 029.6817 032.6609 14.43647599468684
0 COSMOS 2251 DEB
1 34122U 93036KT  18016.00268813  .00000337  00000-0  99580-4 0  9995
2 34122  74.0447 127.1335 0115017  28.9005  89.0993 14.43647728468801
0 COSMOS 2251 DEB
1 34122U 93036KT  18016.76625431 +.00000329 +00000-0 +97393-4 0  9992
2 34122 074.0447 125.7149 0115034 027.2784 097.4667 14.43648164468843
0 COSMOS 2251 DEB
1 34122U 93036KT  18017.74155788 +.00000334 +00000-0 +98635-4 0  9990
2 34122 074.0447 123.9027 0115068 025.2032 126.2706 14.43648823468981
0 COSMOS 2251 DEB
1 34122U 93036KT  18018.34658910  .00000333  00000-0  98536-4 0  9991
2 34122  74.0447 122.7786 0115093  23.9180  30.7108 14.43649251469147
0 COSMOS 2251 DEB
1 34122U 93036KT  18018.98224628 +.00000328 +00000-0 +97121-4 0  9999
2 34122 074.0447 121.5975 0115119 022.5647 094.3220 14.43649595469160
0 COSMOS 2251 DEB
1 34122U 93036KT  18020.72131921  .00000352  00000-0  10374-3 0  9998
2 34122  74.0447 118.3661 0115180  18.8669 132.5623 14.43650875469486
0 COSMOS 2251 DEB
1 34122U 93036KT  18021.25257650 +.00000348 +00000-0 +10258-3 0  9991
2 34122 074.0447 117.3790 0115202 017.7380 013.5923 14.43651241469491
0 COSMOS 2251 DEB
1 34122U 93036KT  18021.96211899 +.00000339 +00000-0 +10018-3 0  9998
2 34122 074.0447 116.0607 0115235 016.2302 101.2000 14.43651664469599
0 COSMOS 2251 DEB
1 34122U 93036KT  18022.65595150 +.00000337 +00000-0 +99634-4 0  9990
2 34122 074.0447 114.7714 0115265 014.7598 107.1580 14.43652131469695
0 COSMOS 2251 DEB
1 34122U 93036KT  18023.33689049  .00000337  00000-0  99664-4 0  9990
2 34122  74.0447 113.5062 0115296  13.3170  46.1075 14.43652646469864
0 COSMOS 2251 DEB
1 34122U 93036KT  18023.61537219 +.00000338 +00000-0 +99968-4 0  9990
2 34122 074.0447 112.9888 0115310 012.7207 053.4283 14.43652834469832
0 COSMOS 2251 DEB
1 34122U 93036KT  18023.70113618 +.00000334 +00000-0 +98805-4 0  9998
2 34122 074.0447 112.8295 0115314 012.5362 139.1602 14.43652867469841
0 COSMOS 2251 DEB
1 34122U 93036KT  18024.66512019 +.00000309 +00000-0 +92090-4 0  9994
2 34122 074.0446 111.0382 0115358 010.4909 109.1453 14.43653411469982
0 COSMOS 2251 DEB
1 34122U 93036KT  18025.55455038  .00000316  00000-0  93910-4 0  9990
2 34122  74.0446 109.3856 0115399   8.6083  51.6603 14.43654139470185
0 COSMOS 2251 DEB
1 34122U 93036KT  18025.63484854 +.00000316 +00000-0 +93843-4 0  9992
2 34122 074.0446 109.2364 0115402 008.4386 108.9828 14.43654193470126
0 COSMOS 2251 DEB
1 34122U 93036KT  18026.60516826 +.00000324 +00000-0 +95926-4 0  9998
2 34122 074.0445 107.4334 0115452 006.3789 111.9017 14.43654915470262
0 COSMOS 2251 DEB
1 34122U 93036KT  18026.68104319 +.00000321 +00000-0 +95254-4 0  9997
2 34122 074.0445 107.2925 0115451 006.2176 146.2371 14.43654948470275
0 COSMOS 2251 DEB
1 34122U 93036KT  18027.56490948  .00000315  00000-0  93746-4 0  9998
2 34122  74.0445 105.6500 0115494   4.3451  59.8408 14.43655521470478
0 COSMOS 2251 DEB
1 34122U 93036KT  18027.64480939 +.00000312 +00000-0 +92942-4 0  9990
2 34122 074.0444 105.5015 0115498 004.1767 115.0934 14.43655561470416
0 COSMOS 2251 DEB
1 34122U 93036KT  18028.61462626 +.00000317 +00000-0 +94047-4 0  9994
2 34122 074.0443 103.6993 0115539 002.1255 115.3960 14.43656229470554
0 COSMOS 2251 DEB
1 34122U 93036KT  18029.57501454  .00000327  00000-0  96848-4 0  9995
2 34122  74.0442 101.9147 0115583   0.0949  66.6979 14.43656885470760
0 COSMOS 2251 DEB
1 34122U 93036KT  18029.65477823 +.00000324 +00000-0 +96120-4 0  9996
2 34122 074.0442 101.7665 0115590 359.9251 121.2446 14.43656919470702
0 COSMOS 2251 DEB
1 34122U 93036KT  18030.55485398 +.00000320 +00000-0 +94885-4 0  9995
2 34122 074.0441 100.0940 0115638 358.0247 119.0913 14.43657457470833
0 COSMOS 2251 DEB
1 34122U 93036KT  18030.90076819 +.00000323 +00000-0 +95726-4 0  9996
2 34122 074.0441 099.4512 0115660 357.2917 116.8695 14.43657715470883
0 COSMOS 2251 DEB
1 34122U 93036KT  18031.59488369  .00000308  00000-0  91793-4 0  9992
2 34122  74.0441  98.1613 0115694 355.8289 124.3046 14.43658061471053
0 COSMOS 2251 DEB
1 34122U 93036KT  18031.59488369 +.00000308 +00000-0 +91793-4 0  9992
2 34122 074.0441 098.1613 0115694 355.8289 124.3046 14.43658061470984
0 COSMOS 2251 DEB
1 34122U 93036KT  18032.55474833 +.00000312 +00000-0 +92933-4 0  9992
2 34122 074.0440 096.3776 0115745 353.8047 072.8860 14.43658662471125
0 COSMOS 2251 DEB
1 34122U 93036KT  18033.60403812 +.00000305 +00000-0 +90966-4 0  9994
2 34122 074.0440 094.4279 0115805 351.5866 126.2328 14.43659263471270
0 COSMOS 2251 DEB
1 34122U 93036KT  18033.88033774  .00000299  00000-0  89419-4 0  9993
2 34122  74.0440  93.9145 0115823 351.0026 122.2117 14.43659419471386
0 COSMOS 2251 DEB
1 34122U 93036KT  18034.57413369 +.00000291 +00000-0 +87164-4 0  9999
2 34122 074.0440 092.6252 0115865 349.5402 127.9910 14.43659810471419
0 COSMOS 2251 DEB
1 34122U 93036KT  18035.61537080 +.00000282 +00000-0 +84758-4 0  9998
2 34122 074.0439 090.6902 0115916 347.3470 139.4833 14.43660396471564
0 COSMOS 2251 DEB
1 34122U 93036KT  18036.15117001  .00000279  00000-0  83965-4 0  9990
2 34122  74.0438  89.6945 0115939 346.2192  44.1264 14.43660732471713
0 COSMOS 2251 DEB
1 34122U 93036KT  18036.51394508 +.00000278 +00000-0 +83743-4 0  9992
2 34122 074.0438 089.0204 0115962 345.4513 129.5370 14.43660926471697
0 COSMOS 2251 DEB
1 34122U 93036KT  18036.86053334 +.00000274 +00000-0 +82629-4 0  9997
2 34122 074.0438 088.3763 0115987 344.7209 130.8188 14.43661131471747
0 COSMOS 2251 DEB
1 34122U 93036KT  18037.55354559 +.00000271 +00000-0 +81803-4 0  9997
2 34122 074.0437 087.0884 0116016 343.2635 132.5261 14.43661534471846
0 COSMOS 2251 DEB
1 34122U 93036KT  18037.83124021 +.00000272 +00000-0 +81872-4 0  9994
2 34122 074.0437 086.5723 0116027 342.6805 135.7537 14.43661712471889
0 COSMOS 2251 DEB
1 34122U 93036KT  18038.51439995  .00000276  00000-0  83179-4 0  9995
2 34122  74.0436  85.3027 0116064 341.2395  86.2614 14.43662115472056
0 COSMOS 2251 DEB
1 34122U 93036KT  18039.83963146 +.00000310 +00000-0 +92255-4 0  9995
2 34122 074.0435 082.8398 0116136 338.4518 133.7312 14.43663106472170
0 COSMOS 2251 DEB
1 34122U 93036KT  18040.53400095  .00000315  00000-0  93767-4 0  9997
2 34122  74.0434  81.5494 0116158 336.9909 142.4981 14.43663568472343
0 COSMOS 2251 DEB
1 34122U 93036KT  18040.81075439 +.00000310 +00000-0 +92227-4 0  9993
2 34122 074.0434 081.0350 0116170 336.4106 140.8354 14.43663730472311
0 COSMOS 2251 DEB
1 34122U 93036KT  18041.50337865 +.00000326 +00000-0 +96580-4 0  9997
2 34122 074.0433 079.7478 0116205 334.9513 140.5356 14.43664240472416
0 COSMOS 2251 DEB
1 34122U 93036KT  18042.54432300  .00000347  00000-0  10244-3 0  9997
2 34122  74.0433  77.8132 0116262 332.7642 150.5183 14.43665052472639
0 COSMOS 2251 DEB
1 34122U 93036KT  18043.50416878 +.00000374 +00000-0 +10964-3 0  9995
2 34122 074.0432 076.0294 0116326 330.7495 099.0186 14.43665971472701
0 COSMOS 2251 DEB
1 34122U 93036KT  18043.79025758 +.00000380 +00000-0 +11141-3 0  9994
2 34122 074.0432 075.4977 0116340 330.1520 145.8739 14.43666258472748
0 COSMOS 2251 DEB
1 34122U 93036KT  18044.48383767 +.00000401 +00000-0 +11697-3 0  9998
2 34122 074.0432 074.2088 0116391 328.6954 150.5433 14.43666894472848
0 COSMOS 2251 DEB
1 34122U 93036KT  18045.16541124  .00000407  00000-0  11871-3 0  9997
2 34122  74.0432  72.9421 0116429 327.2681  92.8103 14.43667503473018
0 COSMOS 2251 DEB
1 34122U 93036KT  18045.52975362 +.00000458 +00000-0 +13248-3 0  9998
2 34122 074.0432 072.2650 0116453 326.5042 186.3686 14.43668088472995
0 COSMOS 2251 DEB
1 34122U 93036KT  18046.49949453 +.00000473 +00000-0 +13650-3 0  9991
2 34122 074.0432 070.4627 0116499 324.4741 186.2995 14.43669042473132
0 COSMOS 2251 DEB
1 34122U 93036KT  18046.77010713 +.00000466 +00000-0 +13464-3 0  9995
2 34122 074.0432 069.9599 0116498 323.9078 152.7269 14.43669327473171
0 COSMOS 2251 DEB
1 34122U 93036KT  18047.17650036  .00000479  00000-0  13816-3 0  9993
2 34122  74.0432  69.2046 0116515 323.0570 104.8332 14.43669837473309
0 COSMOS 2251 DEB
1 34122U 93036KT  18047.46245890 +.00000463 +00000-0 +13390-3 0  9993
2 34122 074.0432 068.6732 0116543 322.4602 151.0138 14.43669957473271
0 COSMOS 2251 DEB
1 34122U 93036KT  18048.50961767 +.00000478 +00000-0 +13786-3 0  9992
2 34122 074.0432 066.7270 0116586 320.2696 193.3070 14.43671076473429
0 COSMOS 2251 DEB
1 34122U 93036KT  18049.46095006  .00000502  00000-0  14434-3 0  9991
2 34122  74.0432  64.9589 0116629 318.2818  97.5734 14.43672233473634
0 COSMOS 2251 DEB
1 34122U 93036KT  18050.52060520 +.00000509 +00000-0 +14629-3 0  9996
2 34122 074.0432 062.9894 0116643 316.0582 204.8288 14.43673448473716
0 COSMOS 2251 DEB
1 34122U 93036KT  18051.48955046  .00000522  00000-0  14969-3 0  9990
2 34122  74.0433  61.1887 0116665 314.0271 200.6471 14.43674581473927
0 COSMOS 2251 DEB
1 34122U 93036KT  18052.45252241 +.00000508 +00000-0 +14605-3 0  9996
2 34122 074.0433 059.3989 0116701 312.0194 165.4123 14.43675510473994
0 COSMOS 2251 DEB
1 34122U 93036KT  18053.42968888 +.00000485 +00000-0 +13978-3 0  9991
2 34122 074.0434 057.5827 0116730 309.9821 203.9534 14.43676430474133
0 COSMOS 2251 DEB
1 34122U 93036KT  18054.39310965  .00000499  00000-0  14366-3 0  9992
2 34122  74.0434  55.7920 0116763 307.9798 171.0526 14.43677514474347
0 COSMOS 2251 DEB
1 34122U 93036KT  18055.07572264 +.00000495 +00000-0 +14246-3 0  9993
2 34122 074.0434 054.5232 0116794 306.5715 118.7266 14.43678231474377
0 COSMOS 2251 DEB
1 34122U 93036KT  18055.43270447 +.00000511 +00000-0 +14684-3 0  9996
2 34122 074.0435 053.8598 0116801 305.8304 174.0364 14.43678649474423
0 COSMOS 2251 DEB
1 34122U 93036KT  18056.40891535  .00000505  00000-0  14506-3 0  9997
2 34122  74.0436  52.0455 0116816 303.7993 207.6179 14.43679645474631
0 COSMOS 2251 DEB
1 34122U 93036KT  18057.44929153 +.00000500 +00000-0 +14368-3 0  9991
2 34122 074.0437 050.1120 0116827 301.6310 214.6885 14.43680719474717
0 COSMOS 2251 DEB
1 34122U 93036KT  18058.40054497 +.00000519 +00000-0 +14891-3 0  9999
2 34122 074.0438 048.3441 0116846 299.6582 118.5631 14.43681918474859
0 COSMOS 2251 DEB
1 34122U 93036KT  18058.68835917  .00000527  00000-0  15115-3 0  9992
2 34122  74.0439  47.8093 0116829 299.0510 174.4087 14.43682329474968
0 COSMOS 2251 DEB
1 34122U 93036KT  18059.38881140 +.00000512 +00000-0 +14718-3 0  9991
2 34122 074.0440 046.5075 0116829 297.5936 214.8211 14.43683019474999
0 COSMOS 2251 DEB
1 34122U 93036KT  18060.42904380 +.00000489 +00000-0 +14079-3 0  9993
2 34122 074.0441 044.5742 0116841 295.4279 221.1554 14.43684097475146
0 COSMOS 2251 DEB
1 34122U 93036KT  18060.75632576  .00000503  00000-0  14456-3 0  9990
2 34122  74.0442  43.9659 0116847 294.7526 122.1127 14.43684594475261
0 COSMOS 2251 DEB
1 34122U 93036KT  18061.39844550 +.00000509 +00000-0 +14625-3 0  9992
2 34122 074.0443 042.7726 0116841 293.4159 219.3645 14.43685384475280
0 COSMOS 2251 DEB
1 34122U 93036KT  18061.92894831 +.00000499 +00000-0 +14354-3 0  9995
2 34122 074.0443 041.7867 0116835 292.3173 096.5114 14.43685972475360
0 COSMOS 2251 DEB
1 34122U 93036KT  18062.36831046 +.00000504 +00000-0 +14496-3 0  9997
2 34122 074.0444 040.9702 0116834 291.4021 219.9854 14.43686503475421
0 COSMOS 2251 DEB
1 34122U 93036KT  18062.89844381  .00000508  00000-0  14611-3 0  9994
2 34122  74.0445  39.9848 0116834 290.3007  95.2183 14.43687184475575
0 COSMOS 2251 DEB
1 34122U 93036KT  18063.40991081 +.00000527 +00000-0 +15106-3 0  9993
2 34122 074.0445 039.0343 0116828 289.2362 233.4405 14.43687875475570
0 COSMOS 2251 DEB
1 34122U 93036KT  18063.93865122 +.00000525 +00000-0 +15057-3 0  9990
2 34122 074.0446 038.0517 0116825 288.1387 101.4351 14.43688512475657
0 COSMOS 2251 DEB
1 34122U 93036KT  18064.37842323 +.00000535 +00000-0 +15319-3 0  9999
2 34122 074.0447 037.2344 0116828 287.2182 227.0477 14.43689069475712
0 COSMOS 2251 DEB
1 34122U 93036KT  18064.64767543 +.00000541 +00000-0 +15498-3 0  9994
2 34122 074.0447 036.7341 0116814 286.6594 186.4194 14.43689461475752
0 COSMOS 2251 DEB
1 34122U 93036KT  18064.98288767  .00000540  00000-0  15477-3 0  9993
2 34122  74.0448  36.1111 0116806 285.9622 128.6033 14.43689876475870
0 COSMOS 2251 DEB
1 34122U 93036KT  18065.61862448 +.00000550 +00000-0 +15737-3 0  9998
2 34122 074.0449 034.9296 0116797 284.6380 192.6940 14.43690684475896
0 COSMOS 2251 DEB
1 34122U 93036KT  18065.95296012 +.00000545 +00000-0 +15601-3 0  9997
2 34122 074.0449 034.3083 0116786 283.9419 130.3241 14.43691070475946
0 COSMOS 2251 DEB
1 34122U 93036KT  18066.91830853 +.00000557 +00000-0 +15923-3 0  9991
2 34122 074.0451 032.5143 0116779 281.9381 107.4899 14.43692272476089
0 COSMOS 2251 DEB
1 34122U 93036KT  18067.35863841  .00000569  00000-0  16244-3 0  9993
2 34122  74.0451  31.6960 0116777 281.0189 236.0050 14.43692841476216
0 COSMOS 2251 DEB
1 34122U 93036KT  18067.88843376 +.00000565 +00000-0 +16133-3 0  9995
2 34122 074.0452 030.7114 0116762 279.9224 109.4884 14.43693493476221
0 COSMOS 2251 DEB
1 34122U 93036KT  18068.59811523 +.00000575 +00000-0 +16413-3 0  9995
2 34122 074.0453 029.3926 0116750 278.4475 197.8949 14.43694430476322
0 COSMOS 2251 DEB
1 34122U 93036KT  18069.37136995  .00000579  00000-0  16530-3 0  9999
2 34122  74.0454  27.9557 0116722 276.8416 256.7097 14.43695409476510
0 COSMOS 2251 DEB
1 34122U 93036KT  18070.33782588 +.00000598 +00000-0 +17037-3 0  9996
2 34122 074.0456 026.1598 0116694 274.8297 239.6528 14.43696735476579
0 COSMOS 2251 DEB
1 34122U 93036KT  18070.86815626 +.00000591 +00000-0 +16854-3 0  9993
2 34122 074.0457 025.1743 0116674 273.7281 115.9285 14.43697412476658
0 COSMOS 2251 DEB
1 34122U 93036KT  18071.30727192 +.00000597 +00000-0 +17004-3 0  9997
2 34122 074.0457 024.3583 0116654 272.8081 238.1446 14.43697986476717
0 COSMOS 2251 DEB
1 34122U 93036KT  18071.83830103  .00000590  00000-0  16821-3 0  9991
2 34122  74.0458  23.3715 0116632 271.7055 118.0534 14.43698663476862
0 COSMOS 2251 DEB
1 34122U 93036KT  18072.54917017 +.00000618 +00000-0 +17588-3 0  9992
2 34122 074.0459 022.0505 0116599 270.2176 212.6564 14.43699739476898
0 COSMOS 2251 DEB
1 34122U 93036KT  18072.95485723 +.00000608 +00000-0 +17302-3 0  9994
2 34122 074.0459 021.2967 0116583 269.3691 161.1356 14.43700219476955
0 COSMOS 2251 DEB
1 34122U 93036KT  18073.31872351 +.00000609 +00000-0 +17341-3 0  9996
2 34122 074.0460 020.6206 0116574 268.6118 252.2558 14.43700652477006
0 COSMOS 2251 DEB
1 34122U 93036KT  18074.28735128  .00000649  00000-0  18420-3 0  9996
2 34122  74.0461  18.8207 0116532 266.5900 246.5107 14.43702178477211
0 COSMOS 2251 DEB
1 34122U 93036KT  18074.89200198 +.00000603 +00000-0 +17163-3 0  9990
2 34122 074.0461 017.6971 0116502 265.3287 149.0656 14.43702712477230
0 COSMOS 2251 DEB
1 34122U 93036KT  18075.17060567 +.00000614 +00000-0 +17459-3 0  9996
2 34122 074.0462 017.1794 0116496 264.7478 157.0553 14.43703131477271
0 COSMOS 2251 DEB
1 34122U 93036KT  18075.93299810 +.00000633 +00000-0 +17988-3 0  9993
2 34122 074.0462 015.7626 0116460 263.1551 159.4496 14.43704270477384
0 COSMOS 2251 DEB
1 34122U 93036KT  18076.29878171  .00000681  00000-0  19288-3 0  9994
2 34122  74.0462  15.0829 0116437 262.3944 260.5410 14.43705054477508
0 COSMOS 2251 DEB
1 34122U 93036KT  18076.90365394 +.00000646 +00000-0 +18339-3 0  9997
2 34122 074.0463 013.9588 0116403 261.1310 164.2551 14.43705648477522
0 COSMOS 2251 DEB
1 34122U 93036KT  18077.26688894 +.00000665 +00000-0 +18864-3 0  9994
2 34122 074.0463 013.2838 0116385 260.3709 252.1059 14.43706210477576
0 COSMOS 2251 DEB
1 34122U 93036KT  18078.23024078 +.00000737 +00000-0 +20813-3 0  9997
2 34122 074.0463 011.4936 0116334 258.3545 218.9663 14.43708045477719
0 COSMOS 2251 DEB
1 34122U 93036KT  18078.91323500  .00000677  00000-0  19187-3 0  9999
2 34122  74.0463  10.2244 0116295 256.9231 168.7173 14.43708649477886
0 COSMOS 2251 DEB
1 34122U 93036KT  18078.91323500 +.00000677 +00000-0 +19187-3 0  9999
2 34122 074.0463 010.2244 0116295 256.9231 168.7173 14.43708649477819
0 COSMOS 2251 DEB
1 34122U 93036KT  18079.27050927 +.00000702 +00000-0 +19846-3 0  9990
2 34122 074.0464 009.5606 0116274 256.1780 225.5901 14.43709289477868
0 COSMOS 2251 DEB
1 34122U 93036KT  18079.88336426 +.00000679 +00000-0 +19227-3 0  9994
2 34122 074.0464 008.4217 0116232 254.8938 170.8075 14.43710057477957
0 COSMOS 2251 DEB
1 34122U 93036KT  18080.24060939 +.00000689 +00000-0 +19507-3 0  9991
2 34122 074.0464 007.7578 0116207 254.1452 227.5341 14.43710615478008
0 COSMOS 2251 DEB
1 34122U 93036KT  18080.85143230 +.00000671 +00000-0 +19030-3 0  9996
2 34122 074.0464 006.6227 0116173 252.8604 162.1987 14.43711459478099
0 COSMOS 2251 DEB
1 34122U 93036KT  18081.21652663  .00000659  00000-0  18692-3 0  9991
2 34122  74.0464   5.9443 0116156 252.0948 259.7218 14.43711854478218
0 COSMOS 2251 DEB
1 34122U 93036KT  18081.48750352 +.00000667 +00000-0 +18898-3 0  9991
2 34122 074.0464 005.4407 0116133 251.5253 228.0865 14.43712337478181
0 COSMOS 2251 DEB
1 34122U 93036KT  18081.82151532 +.00000658 +00000-0 +18667-3 0  9998
2 34122 074.0464 004.8200 0116114 250.8245 164.0652 14.43712800478231
0 COSMOS 2251 DEB
1 34122U 93036KT  18082.25782932 +.00000657 +00000-0 +18627-3 0  9995
2 34122 074.0464 004.0093 0116088 249.9077 271.7463 14.43713369478298
0 COSMOS 2251 DEB
1 34122U 93036KT  18082.86226584 +.00000641 +00000-0 +18202-3 0  9990
2 34122 074.0464 002.8861 0116052 248.6407 173.2198 14.43714154478385
0 COSMOS 2251 DEB
1 34122U 93036KT  18083.22002188  .00000665  00000-0  18867-3 0  9996
2 34122  74.0463   2.2212 0116039 247.8753 232.6226 14.43714745478500
0 COSMOS 2251 DEB
1 34122U 93036KT  18083.49600993 +.00000668 +00000-0 +18925-3 0  9991
2 34122 074.0463 001.7084 0116024 247.2954 227.0344 14.43715174478474
0 COSMOS 2251 DEB
1 34122U 93036KT  18083.83113750 +.00000652 +00000-0 +18505-3 0  9996
2 34122 074.0463 001.0856 0116011 246.5877 168.8199 14.43715574478526
0 COSMOS 2251 DEB
1 34122U 93036KT  18084.18954432 +.00000657 +00000-0 +18648-3 0  9998
2 34122 074.0463 000.4196 0115991 245.8352 231.5924 14.43716072478575
0 COSMOS 2251 DEB
1 34122U 93036KT  18084.87262453 +.00000637 +00000-0 +18104-3 0  9994
2 34122 074.0463 359.1502 0115948 244.3989 181.8163 14.43716919478675
0 COSMOS 2251 DEB
1 34122U 93036KT  18085.16046462 +.00000633 +00000-0 +17975-3 0  9998
2 34122 074.0463 358.6154 0115935 243.7965 237.8266 14.43717241478715
0 COSMOS 2251 DEB
1 34122U 93036KT  18085.84171917 +.00000630 +00000-0 +17920-3 0  9994
2 34122 074.0462 357.3494 0115897 242.3647 178.5646 14.43718171478880
0 COSMOS 2251 DEB
1 34122U 93036KT  18086.20023705 +.00000621 +00000-0 +17672-3 0  9990
2 34122 074.0462 356.6832 0115882 241.6111 241.9182 14.43718552478861
0 COSMOS 2251 DEB
1 34122U 93036KT  18086.73652413 +.00000623 +00000-0 +17730-3 0  9999
2 34122 074.0461 355.6866 0115848 240.4853 149.2063 14.43719303478940
0 COSMOS 2251 DEB
1 34122U 93036KT  18087.44641470 +.00000620 +00000-0 +17640-3 0  9996
2 34122 074.0461 354.3674 0115809 238.9898 238.7849 14.43720200479047
0 COSMOS 2251 DEB
1 34122U 93036KT  18087.71097417 +.00000618 +00000-0 +17593-3 0  9996
2 34122 074.0461 353.8757 0115790 238.4326 173.8042 14.43720548479086
0 COSMOS 2251 DEB
1 34122U 93036KT  18088.14114354  .00000615  00000-0  17500-3 0  9999
2 34122  74.0461 353.0763 0115772 237.5258 249.5646 14.43721059479213
0 COSMOS 2251 DEB
1 34122U 93036KT  18088.74613382 +.00000617 +00000-0 +17567-3 0  9995
2 34122 074.0460 351.9520 0115737 236.2529 153.9375 14.43721869479236
0 COSMOS 2251 DEB
1 34122U 93036KT  18089.17925090 +.00000619 +00000-0 +17611-3 0  9997
2 34122 074.0460 351.1471 0115716 235.3407 245.0196 14.43722408479295
0 COSMOS 2251 DEB
1 34122U 93036KT  18090.15540205  .00000605  00000-0  17233-3 0  9993
2 34122  74.0459 349.3331 0115659 233.2856 278.4683 14.43723567479500
0 COSMOS 2251 DEB
1 34122U 93036KT  18090.42590573 +.00000606 +00000-0 +17266-3 0  9993
2 34122 074.0459 348.8304 0115640 232.7145 244.3870 14.43723941479471
0 COSMOS 2251 DEB
1 34122U 93036KT  18090.76042410 +.00000601 +00000-0 +17123-3 0  9999
2 34122 074.0458 348.2087 0115619 232.0073 183.0174 14.43724355479523
0 COSMOS 2251 DEB
1 34122U 93036KT  18091.19771647 +.00000597 +00000-0 +17010-3 0  9997
2 34122 074.0458 347.3961 0115596 231.0869 295.8031 14.43724839479587
0 COSMOS 2251 DEB
1 34122U 93036KT  18091.80129059 +.00000597 +00000-0 +17013-3 0  9992
2 34122 074.0458 346.2745 0115562 229.8120 192.8290 14.43725612479676
0 COSMOS 2251 DEB
1 34122U 93036KT  18092.15931076  .00000606  00000-0  17252-3 0  9997
2 34122  74.0458 345.6091 0115543 229.0582 253.6072 14.43726088479791
0 COSMOS 2251 DEB
1 34122U 93036KT  18092.77017795 +.00000605 +00000-0 +17235-3 0  9998
2 34122 074.0457 344.4739 0115507 227.7681 188.5408 14.43726888479811
0 COSMOS 2251 DEB
1 34122U 93036KT  18093.40547520 +.00000595 +00000-0 +16962-3 0  9997
2 34122 074.0456 343.2934 0115476 226.4265 250.4484 14.43727570479905
0 COSMOS 2251 DEB
1 34122U 93036KT  18093.74008360 +.00000590 +00000-0 +16833-3 0  9990
2 34122 074.0456 342.6715 0115456 225.7160 189.5542 14.43727978479953
0 COSMOS 2251 DEB
1 34122U 93036KT  18094.17749819  .00000579  00000-0  16532-3 0  9992
2 34122  74.0455 341.8587 0115435 224.7918 302.9843 14.43728410480080
0 COSMOS 2251 DEB
1 34122U 93036KT  18094.86288875 +.00000590 +00000-0 +16829-3 0  9990
2 34122 074.0455 340.5850 0115401 223.3470 265.2508 14.43729343480119
0 COSMOS 2251 DEB
1 34122U 93036KT  18095.13846650 +.00000591 +00000-0 +16842-3 0  9998
2 34122 074.0454 340.0729 0115386 222.7663 257.5457 14.43729670480151
0 COSMOS 2251 DEB
1 34122U 93036KT  18095.67555557 +.00000593 +00000-0 +16906-3 0  9993
2 34122 074.0453 339.0747 0115358 221.6309 169.0313 14.43730367480234
0 COSMOS 2251 DEB
1 34122U 93036KT  18096.38509354  .00000585  00000-0  16678-3 0  9993
2 34122  74.0452 337.7562 0115327 220.1301 256.8111 14.43731161480408
0 COSMOS 2251 DEB
1 34122U 93036KT  18096.64536031 +.00000582 +00000-0 +16596-3 0  9990
2 34122 074.0452 337.2725 0115313 219.5783 169.5334 14.43731464480374
0 COSMOS 2251 DEB
1 34122U 93036KT  18098.11892670 +.00000563 +00000-0 +16085-3 0  9990
2 34122 074.0450 334.5340 0115242 216.4626 268.3107 14.43733065480586
0 COSMOS 2251 DEB
1 34122U 93036KT  18099.09430903  .00000572  00000-0  16339-3 0  9997
2 34122  74.0449 332.7213 0115200 214.3946 297.8152 14.43734223480796
0 COSMOS 2251 DEB
1 34122U 93036KT  18099.62522773 +.00000598 +00000-0 +17040-3 0  9991
2 34122 074.0449 331.7346 0115166 213.2671 177.2442 14.43734992480804
0 COSMOS 2251 DEB
1 34122U 93036KT  18100.05817322 +.00000599 +00000-0 +17071-3 0  9993
2 34122 074.0448 330.9300 0115158 212.3528 267.4571 14.43735481480861
0 COSMOS 2251 DEB
1 34122U 93036KT  18101.09850226  .00000655  00000-0  18582-3 0  9999
2 34122  74.0447 328.9964 0115117 210.1517 274.5253 14.43737082481082
0 COSMOS 2251 DEB
1 34122U 93036KT  18101.63482851 +.00000692 +00000-0 +19593-3 0  9998
2 34122 074.0446 327.9997 0115098 209.0157 182.0623 14.43737965481096
0 COSMOS 2251 DEB
1 34122U 93036KT  18101.71033321 +.00000683 +00000-0 +19334-3 0  9994
2 34122 074.0446 327.8593 0115097 208.8529 214.4981 14.43737989481101
0 COSMOS 2251 DEB
1 34122U 93036KT  18102.34390228 +.00000672 +00000-0 +19038-3 0  9995
2 34122 074.0445 326.6818 0115074 207.5104 267.4530 14.43738674481196
0 COSMOS 2251 DEB
1 34122U 93036KT  18103.57419267 +.00000687 +00000-0 +19436-3 0  9994
2 34122 074.0444 324.3953 0115030 204.9023 181.8566 14.43740409481370
0 COSMOS 2251 DEB
1 34122U 93036KT  18103.72067958  .00000673  00000-0  19065-3 0  9990
2 34122  74.0444 324.1230 0115025 204.5901 223.2203 14.43740516481469
0 COSMOS 2251 DEB
1 34122U 93036KT  18104.07816002 +.00000686 +00000-0 +19429-3 0  9999
2 34122 074.0444 323.4587 0115012 203.8327 281.2173 14.43741069481448
0 COSMOS 2251 DEB
1 34122U 93036KT  18104.69098045 +.00000652 +00000-0 +18488-3 0  9993
2 34122 074.0443 322.3197 0115002 202.5298 226.3438 14.43741706481536
0 COSMOS 2251 DEB
1 34122U 93036KT  18105.58434462 +.00000647 +00000-0 +18356-3 0  9997
2 34122 074.0441 320.6593 0114982 200.6376 189.5894 14.43742911481666
0 COSMOS 2251 DEB
1 34122U 93036KT  18106.02342865  .00000636  00000-0  18050-3 0  9991
2 34122  74.0442 319.8433 0114970 199.7089 311.7212 14.43743427481796
0 COSMOS 2251 DEB
1 34122U 93036KT  18106.62858354 +.00000622 +00000-0 +17674-3 0  9998
2 34122 074.0441 318.7185 0114954 198.4281 217.0062 14.43744195481816
0 COSMOS 2251 DEB
1 34122U 93036KT  18107.59399763 +.00000626 +00000-0 +17787-3 0  9998
2 34122 074.0440 316.9242 0114934 196.3856 194.7368 14.43745520481950
0 COSMOS 2251 DEB
1 34122U 93036KT  18107.94757037 +.00000619 +00000-0 +17587-3 0  9999
2 34122 074.0440 316.2670 0114932 195.6359 232.4300 14.43745898482007
0 COSMOS 2251 DEB
1 34122U 93036KT  18108.02674970  .00000613  00000-0  17426-3 0  9999
2 34122  74.0439 316.1199 0114931 195.4701 283.9621 14.43745958482080
0 COSMOS 2251 DEB
1 34122U 93036KT  18108.56472205 +.00000627 +00000-0 +17823-3 0  9991
2 34122 074.0439 315.1200 0114920 194.3305 200.0727 14.43746761482099
0 COSMOS 2251 DEB
1 34122U 93036KT  18109.60823734 +.00000613 +00000-0 +17442-3 0  9996
2 34122 074.0437 313.1804 0114904 192.1255 223.7396 14.43748021482249
0 COSMOS 2251 DEB
1 34122U 93036KT  18109.96654479 +.00000615 +00000-0 +17478-3 0  9994
2 34122 074.0437 312.5145 0114891 191.3726 286.0382 14.43748457482294
0 COSMOS 2251 DEB
1 34122U 93036KT  18110.57411476  .00000679  00000-0  19222-3 0  9990
2 34122  74.0436 311.3852 0114880 190.0877 203.8866 14.43749658482452
0 COSMOS 2251 DEB
1 34122U 93036KT  18110.57411476 +.00000679 +00000-0 +19222-3 0  9990
2 34122 074.0436 311.3852 0114880 190.0877 203.8866 14.43749658482384
0 COSMOS 2251 DEB
1 34122U 93036KT  18110.93690594 +.00000671 +00000-0 +19003-3 0  9999
2 34122 074.0436 310.7109 0114875 189.3231 289.4933 14.43750053482433
0 COSMOS 2251 DEB
1 34122U 93036KT  18111.61792862 +.00000695 +00000-0 +19658-3 0  9998
2 34122 074.0435 309.4451 0114864 187.8832 229.1148 14.43751111482531
0 COSMOS 2251 DEB
1 34122U 93036KT  18111.89686434 +.00000696 +00000-0 +19693-3 0  9995
2 34122 074.0435 308.9266 0114859 187.2954 238.8843 14.43751467482579
0 COSMOS 2251 DEB
1 34122U 93036KT  18112.58779456 +.00000679 +00000-0 +19212-3 0  9997
2 34122 074.0435 307.6423 0114850 185.8355 230.0022 14.43752301482672
0 COSMOS 2251 DEB
1 34122U 93036KT  18112.86622862  .00000681  00000-0  19281-3 0  9995
2 34122  74.0435 307.1248 0114850 185.2499 237.1646 14.43752666482781
0 COSMOS 2251 DEB
1 34122U 93036KT  18112.94681907 +.00000670 +00000-0 +18975-3 0  9996
2 34122 074.0434 306.9750 0114848 185.0796 296.0347 14.43752711482727
0 COSMOS 2251 DEB
1 34122U 93036KT  18113.62859708 +.00000645 +00000-0 +18301-3 0  9993
2 34122 074.0434 305.7077 0114845 183.6394 239.5870 14.43753502482824
0 COSMOS 2251 DEB
1 34122U 93036KT  18113.91743182 +.00000649 +00000-0 +18417-3 0  9995
2 34122 074.0435 305.1710 0114838 183.0326 300.8077 14.43753903482864
0 COSMOS 2251 DEB
1 34122U 93036KT  18114.59754038 +.00000643 +00000-0 +18232-3 0  9991
2 34122 074.0434 303.9068 0114823 181.5975 235.6852 14.43754831482960
0 COSMOS 2251 DEB
1 34122U 93036KT  18114.87648472  .00003010  00000-0  82383-3 0  9995
2 34122  74.0436 303.3884 0114982 180.9953 245.5818 14.43771689483072
0 COSMOS 2251 DEB
1 34122U 93036KT  18114.95664142  .00000638  00000-0  18095-3 0  9998
2 34122  74.0434 303.2394 0114821 180.8405 302.1194 14.43755257483089
0 COSMOS 2251 DEB
1 34122U 93036KT  18114.95664142 +.00000638 +00000-0 +18095-3 0  9998
2 34122 074.0434 303.2394 0114821 180.8405 302.1194 14.43755257483012
0 COSMOS 2251 DEB
1 34122U 93036KT  18115.92689406 +.00000637 +00000-0 +18090-3 0  9990
2 34122 074.0434 301.4359 0114796 178.7961 305.0291 14.43756606483151
0 COSMOS 2251 DEB
1 34122U 93036KT  18116.60938344 +.00000604 +00000-0 +17170-3 0  9996
2 34122 074.0434 300.1673 0114784 177.3567 252.2855 14.43757315483258
0 COSMOS 2251 DEB
1 34122U 93036KT  18116.96554743  .00000609  00000-0  17312-3 0  9995
2 34122  74.0434 299.5054 0114776 176.6083 303.4556 14.43757795483370
0 COSMOS 2251 DEB
1 34122U 93036KT  18116.96554743 +.00000609 +00000-0 +17312-3 0  9995
2 34122 074.0434 299.5054 0114776 176.6083 303.4556 14.43757795483303
0 COSMOS 2251 DEB
1 34122U 93036KT  18117.57901293 +.00000578 +00000-0 +16484-3 0  9993
2 34122 074.0434 298.3651 0114809 175.3164 251.9598 14.43758433483398
0 COSMOS 2251 DEB
1 34122U 93036KT  18117.93595311 +.00000586 +00000-0 +16704-3 0  9997
2 34122 074.0434 297.7017 0114805 174.5664 307.1658 14.43758919483445
0 COSMOS 2251 DEB
1 34122U 93036KT  18118.61929344 +.00000548 +00000-0 +15646-3 0  9992
2 34122 074.0434 296.4317 0114805 173.1298 258.8465 14.43759549483541
0 COSMOS 2251 DEB
1 34122U 93036KT  18118.90611634 +.00000544 +00000-0 +15557-3 0  9991
2 34122 074.0435 295.8987 0114791 172.5245 309.6190 14.43759831483585
0 COSMOS 2251 DEB
1 34122U 93036KT  18119.51156425  .00000518  00000-0  14837-3 0  9992
2 34122  74.0434 294.7733 0114804 171.2529 216.4522 14.43760377483746
0 COSMOS 2251 DEB
1 34122U 93036KT  18119.58827557 +.00000504 +00000-0 +14454-3 0  9990
2 34122 074.0434 294.6307 0114794 171.0905 255.1627 14.43760371483689
0 COSMOS 2251 DEB
1 34122U 93036KT  18119.94567635 +.00000499 +00000-0 +14323-3 0  9996
2 34122 074.0434 293.9664 0114795 170.3451 312.7590 14.43760705483732
0 COSMOS 2251 DEB
1 34122U 93036KT  18120.48247374 +.00000487 +00000-0 +14012-3 0  9994
2 34122 074.0434 292.9687 0114791 169.2153 222.7831 14.43761213483810
0 COSMOS 2251 DEB
1 34122U 93036KT  18120.92148222 +.00000475 +00000-0 +13668-3 0  9998
2 34122 074.0435 292.1528 0114784 168.2948 344.5430 14.43761573483873
0 COSMOS 2251 DEB
1 34122U 93036KT  18121.45222406 +.00000456 +00000-0 +13163-3 0  9993
2 34122 074.0435 291.1663 0114771 167.1790 223.0934 14.43762004483950
0 COSMOS 2251 DEB
1 34122U 93036KT  18121.60809382  .00000459  00000-0  13248-3 0  9991
2 34122  74.0435 290.8766 0114776 166.8533 313.2305 14.43762170484045
0 COSMOS 2251 DEB
1 34122U 93036KT  18122.92559286 +.00000431 +00000-0 +12491-3 0  9991
2 34122 074.0435 288.4277 0114765 164.0975 320.9704 14.43763165484169
0 COSMOS 2251 DEB
1 34122U 93036KT  18123.53799750 +.00000415 +00000-0 +12045-3 0  9998
2 34122 074.0435 287.2895 0114744 162.8053 263.9742 14.43763588484259
0 COSMOS 2251 DEB
1 34122U 93036KT  18123.90075872  .00000411  00000-0  11926-3 0  9994
2 34122  74.0435 286.6152 0114733 162.0406 349.4437 14.43763848484373
0 COSMOS 2251 DEB
1 34122U 93036KT  18124.50613696 +.00000405 +00000-0 +11761-3 0  9993
2 34122 074.0435 285.4899 0114723 160.7684 255.9241 14.43764326484398
0 COSMOS 2251 DEB
1 34122U 93036KT  18125.54834590 +.00000378 +00000-0 +11039-3 0  9993
2 34122 074.0436 283.5529 0114691 158.5709 272.8596 14.43764909484540
0 COSMOS 2251 DEB
1 34122U 93036KT  18125.62816191 +.00000381 +00000-0 +11116-3 0  9999
2 34122 074.0436 283.4045 0114685 158.4035 327.7068 14.43764976484555
0 COSMOS 2251 DEB
1 34122U 93036KT  18126.51696111  .00000449  00000-0  12961-3 0  9990
2 34122  74.0437 281.7526 0114663 156.5423 267.2798 14.43766137484758
0 COSMOS 2251 DEB
1 34122U 93036KT  18126.59904089 +.00000449 +00000-0 +12959-3 0  9991
2 34122 074.0437 281.6000 0114658 156.3675 333.8962 14.43766204484696
0 COSMOS 2251 DEB
1 34122U 93036KT  18126.88041830 +.00000454 +00000-0 +13090-3 0  9992
2 34122 074.0438 281.0771 0114649 155.7765 356.3696 14.43766455484736
0 COSMOS 2251 DEB
1 34122U 93036KT  18127.56711580 +.00000470 +00000-0 +13544-3 0  9996
2 34122 074.0438 279.8007 0114642 154.3395 325.5124 14.43767228484834
0 COSMOS 2251 DEB
1 34122U 93036KT  18127.84433267 +.00000479 +00000-0 +13785-3 0  9996
2 34122 074.0438 279.2855 0114634 153.7569 326.3630 14.43767532484879
0 COSMOS 2251 DEB
1 34122U 93036KT  18128.52714299  .00000476  00000-0  13683-3 0  9993
2 34122  74.0438 278.0164 0114615 152.3224 275.3093 14.43768188485045
0 COSMOS 2251 DEB
1 34122U 93036KT  18128.81513587 +.00000466 +00000-0 +13419-3 0  9998
2 34122 074.0438 277.4811 0114604 151.7212 332.1655 14.43768392485015
0 COSMOS 2251 DEB
1 34122U 93036KT  18129.57709966 +.00000468 +00000-0 +13467-3 0  9995
2 34122 074.0438 276.0650 0114579 150.1249 332.5166 14.43769263485126
0 COSMOS 2251 DEB
1 34122U 93036KT  18129.85991207 +.00000465 +00000-0 +13408-3 0  9999
2 34122 074.0439 275.5394 0114568 149.5314 002.4516 14.43769544485167
0 COSMOS 2251 DEB
1 34122U 93036KT  18130.46520840 +.00000475 +00000-0 +13676-3 0  9997
2 34122 074.0439 274.4144 0114551 148.2619 268.5182 14.43770334485257
0 COSMOS 2251 DEB
1 34122U 93036KT  18130.82372513  .00000455  00000-0  13130-3 0  9992
2 34122  74.0439 273.7481 0114539 147.5098 331.9320 14.43770595485373
0 COSMOS 2251 DEB
1 34122U 93036KT  18131.58725090 +.00000477 +00000-0 +13733-3 0  9991
2 34122 074.0440 272.3289 0114515 145.9157 340.4029 14.43771675485414
0 COSMOS 2251 DEB
1 34122U 93036KT  18131.79406228 +.00000474 +00000-0 +13631-3 0  9997
2 34122 074.0440 271.9446 0114503 145.4813 335.3199 14.43771882485449
0 COSMOS 2251 DEB
1 34122U 93036KT  18132.55609622 +.00000444 +00000-0 +12821-3 0  9992
2 34122 074.0441 270.5283 0114475 143.8818 336.0467 14.43772580485553
0 COSMOS 2251 DEB
1 34122U 93036KT  18132.83948431  .00000440  00000-0  12706-3 0  9995
2 34122  74.0441 270.0016 0114463 143.2880   8.9764 14.43772863485663
0 COSMOS 2251 DEB
1 34122U 93036KT  18133.52642684 +.00000419 +00000-0 +12136-3 0  9996
2 34122 074.0441 268.7249 0114435 141.8477 339.4114 14.43773516485690
0 COSMOS 2251 DEB
1 34122U 93036KT  18133.72406458 +.00000413 +00000-0 +11976-3 0  9990
2 34122 074.0441 268.3576 0114425 141.4323 286.6494 14.43773671485724
0 COSMOS 2251 DEB
1 34122U 93036KT  18134.77293566 +.00000396 +00000-0 +11512-3 0  9996
2 34122 074.0442 266.4082 0114380 139.2298 338.2419 14.43774670485879
0 COSMOS 2251 DEB
1 34122U 93036KT  18135.45544328  .00000377  00000-0  11020-3 0  9990
2 34122  74.0443 265.1398 0114351 137.7971 285.6312 14.43775215486048
0 COSMOS 2251 DEB
1 34122U 93036KT  18135.81385066 +.00000373 +00000-0 +10893-3 0  9995
2 34122 074.0443 264.4737 0114330 137.0456 348.4827 14.43775495486022
0 COSMOS 2251 DEB
1 34122U 93036KT  18136.42610253 +.00000372 +00000-0 +10861-3 0  9996
2 34122 074.0443 263.3358 0114306 135.7590 290.7156 14.43776054486112
0 COSMOS 2251 DEB
1 34122U 93036KT  18136.50588257 +.00000369 +00000-0 +10785-3 0  9994
2 34122 074.0443 263.1875 0114304 135.5935 345.3771 14.43776091486125
0 COSMOS 2251 DEB
1 34122U 93036KT  18137.39423400 +.00000365 +00000-0 +10671-3 0  9990
2 34122 074.0444 261.5365 0114264 133.7243 282.6659 14.43776839486251
0 COSMOS 2251 DEB
1 34122U 93036KT  18137.75400295  .00000352  00000-0  10341-3 0  9997
2 34122  74.0444 260.8678 0114242 132.9695 352.5964 14.43777030486371
0 COSMOS 2251 DEB
1 34122U 93036KT  18138.43495142 +.00000341 +00000-0 +10042-3 0  9994
2 34122 074.0445 259.6023 0114210 131.5358 291.8919 14.43777516486406
0 COSMOS 2251 DEB
1 34122U 93036KT  18138.79295001 +.00000339 +00000-0 +99855-4 0  9992
2 34122 074.0445 258.9370 0114189 130.7827 352.6239 14.43777755486451
0 COSMOS 2251 DEB
1 34122U 93036KT  18139.48545625 +.00000317 +00000-0 +93840-4 0  9993
2 34122 074.0446 257.6499 0114162 129.3273 351.9910 14.43778149486557
0 COSMOS 2251 DEB
1 34122U 93036KT  18139.76217050  .00000310  00000-0  91851-4 0  9995
2 34122  74.0446 257.1357 0114146 128.7453 350.2405 14.43778302486664
0 COSMOS 2251 DEB
1 34122U 93036KT  18140.45514806 +.00000289 +00000-0 +86090-4 0  9996
2 34122 074.0447 255.8478 0114118 127.2886 352.0595 14.43778717486690
0 COSMOS 2251 DEB
1 34122U 93036KT  18140.81047774 +.00000279 +00000-0 +83488-4 0  9998
2 34122 074.0447 255.1875 0114095 126.5413 038.9209 14.43778892486748
0 COSMOS 2251 DEB
1 34122U 93036KT  18141.41466373 +.00000259 +00000-0 +78135-4 0  9996
2 34122 074.0448 254.0647 0114070 125.2657 299.2433 14.43779185486830
0 COSMOS 2251 DEB
1 34122U 93036KT  18141.77324615  .00000257  00000-0  77411-4 0  9991
2 34122  74.0448 253.3982 0114047 124.5109   3.0125 14.43779386486957
0 COSMOS 2251 DEB
1 34122U 93036KT  18142.38449744 +.00000237 +00000-0 +72140-4 0  9992
2 34122 074.0448 252.2623 0114022 123.2250 300.0542 14.43779681486976
0 COSMOS 2251 DEB
1 34122U 93036KT  18142.74222861 +.00000229 +00000-0 +69891-4 0  9991
2 34122 074.0448 251.5974 0114000 122.4729 359.3986 14.43779830487027
0 COSMOS 2251 DEB
1 34122U 93036KT  18143.42665427 +.00000221 +00000-0 +67839-4 0  9998
2 34122 074.0448 250.3254 0113964 121.0296 316.7770 14.43780253487127
0 COSMOS 2251 DEB
1 34122U 93036KT  18143.70261640 +.00000223 +00000-0 +68269-4 0  9998
2 34122 074.0448 249.8126 0113948 120.4470 311.1215 14.43780409487167
0 COSMOS 2251 DEB
1 34122U 93036KT  18143.98923933  .00000207  00000-0  63986-4 0  9991
2 34122  74.0448 249.2799 0113932 119.8409   0.8776 14.43780481487270
0 COSMOS 2251 DEB
1 34122U 93036KT  18144.47499691 +.00000200 +00000-0 +62110-4 0  9996
2 34122 074.0448 248.3772 0113910 118.8154 005.6582 14.43780703487278
0 COSMOS 2251 DEB
1 34122U 93036KT  18144.75213463 +.00000202 +00000-0 +62431-4 0  9996
2 34122 074.0448 247.8622 0113892 118.2295 006.1142 14.43780845487315
0 COSMOS 2251 DEB
1 34122U 93036KT  18145.36365459 +.00000192 +00000-0 +59893-4 0  9993
2 34122 074.0448 246.7257 0113862 116.9386 304.5601 14.43781124487406
0 COSMOS 2251 DEB
1 34122U 93036KT  18145.72103170 +.00000182 +00000-0 +57129-4 0  9992
2 34122 074.0448 246.0615 0113839 116.1878 002.0650 14.43781193487454
0 COSMOS 2251 DEB
1 34122U 93036KT  18146.33273843  .00000166  00000-0  52752-4 0  9994
2 34122  74.0447 244.9247 0113814 114.8955 301.4832 14.43781411487614
0 COSMOS 2251 DEB
1 34122U 93036KT  18146.61154027 +.00000178 +00000-0 +55958-4 0  9991
2 34122 074.0447 244.4066 0113795 114.3082 310.5878 14.43781601487580
0 COSMOS 2251 DEB
1 34122U 93036KT  18146.96846330 +.00000184 +00000-0 +57713-4 0  9992
2 34122 074.0447 243.7433 0113785 113.5487 005.7439 14.43781833487638
0 COSMOS 2251 DEB
1 34122U 93036KT  18147.30347941 +.00000183 +00000-0 +57519-4 0  9998
2 34122 074.0447 243.1207 0113774 112.8394 307.0318 14.43781983487683
0 COSMOS 2251 DEB
1 34122U 93036KT  18147.37406182 +.00000181 +00000-0 +56976-4 0  9992
2 34122 074.0447 242.9896 0113769 112.6909 313.8918 14.43782003487694
0 COSMOS 2251 DEB
1 34122U 93036KT  18147.73772543 +.00000181 +00000-0 +56873-4 0  9995
2 34122 074.0447 242.3138 0113745 111.9226 044.0771 14.43782120487741
0 COSMOS 2251 DEB
1 34122U 93036KT  18148.42375601  .00000186  00000-0  58336-4 0  9997
2 34122  74.0447 241.0389 0113712 110.4775   9.8009 14.43782469487910
0 COSMOS 2251 DEB
1 34122U 93036KT  18148.70109986 +.00000186 +00000-0 +58238-4 0  9990
2 34122 074.0447 240.5235 0113698 109.8903 011.3307 14.43782571487881
0 COSMOS 2251 DEB
1 34122U 93036KT  18149.39364277 +.00000185 +00000-0 +57906-4 0  9992
2 34122 074.0447 239.2364 0113666 108.4271 010.9083 14.43782898487986
0 COSMOS 2251 DEB
1 34122U 93036KT  18149.94782499 +.00000192 +00000-0 +59881-4 0  9995
2 34122 074.0447 238.2066 0113639 107.2538 011.3423 14.43783199488065
0 COSMOS 2251 DEB
1 34122U 93036KT  18150.64070046  .00000199  00000-0  61881-4 0  9992
2 34122  74.0447 236.9190 0113600 105.7857  12.6538 14.43783532488234
0 COSMOS 2251 DEB
1 34122U 93036KT  18150.64070046 +.00000199 +00000-0 +61881-4 0  9992
2 34122 074.0447 236.9190 0113600 105.7857 012.6538 14.43783532488166
0 COSMOS 2251 DEB
1 34122U 93036KT  18151.32250297 +.00000201 +00000-0 +62207-4 0  9993
2 34122 074.0447 235.6519 0113568 104.3418 316.4127 14.43783880488264
0 COSMOS 2251 DEB
1 34122U 93036KT  18151.68052003 +.00000214 +00000-0 +65853-4 0  9991
2 34122 074.0447 234.9867 0113547 103.5814 017.2560 14.43784090488317
0 COSMOS 2251 DEB
1 34122U 93036KT  18152.57073125 +.00000256 +00000-0 +77164-4 0  9992
2 34122 074.0447 233.3323 0113503 101.6957 324.2500 14.43784819488444
0 COSMOS 2251 DEB
1 34122U 93036KT  18153.18721132  .00000256  00000-0  77344-4 0  9998
2 34122  74.0447 232.1866 0113476 100.3886 288.4914 14.43785217488600
0 COSMOS 2251 DEB
1 34122U 93036KT  18153.62109465 +.00000285 +00000-0 +85243-4 0  9995
2 34122 074.0446 231.3803 0113457 099.4726 023.6582 14.43785660488591
0 COSMOS 2251 DEB
1 34122U 93036KT  18154.58055706 +.00000288 +00000-0 +85866-4 0  9993
2 34122 074.0446 229.5973 0113417 097.4354 330.6048 14.43786325488732
0 COSMOS 2251 DEB
1 34122U 93036KT  18154.66049535 +.00000290 +00000-0 +86437-4 0  9993
2 34122 074.0446 229.4488 0113423 097.2649 026.0968 14.43786405488741
0 COSMOS 2251 DEB
1 34122U 93036KT  18155.19723375  .00000307  00000-0  91219-4 0  9996
2 34122  74.0445 228.4513 0113397  96.1224 295.8783 14.43786960488898
0 COSMOS 2251 DEB
1 34122U 93036KT  18155.63554074 +.00000293 +00000-0 +87210-4 0  9993
2 34122 074.0445 227.6368 0113380 095.1924 054.0437 14.43787165488883
0 COSMOS 2251 DEB
1 34122U 93036KT  18155.90628767 +.00000284 +00000-0 +84785-4 0  9998
2 34122 074.0445 227.1336 0113373 094.6163 021.2932 14.43787333488922
0 COSMOS 2251 DEB
1 34122U 93036KT  18156.24112087 +.00000276 +00000-0 +82755-4 0  9995
2 34122 074.0444 226.5113 0113362 093.9046 321.6403 14.43787555488978
0 COSMOS 2251 DEB
1 34122U 93036KT  18157.20332005  .00000267  00000-0  80137-4 0  9998
2 34122  74.0443 224.7233 0113318  91.8577 282.8220 14.43788195489187
0 COSMOS 2251 DEB
1 34122U 93036KT  18157.28170578 +.00000259 +00000-0 +78048-4 0  9990
2 34122 074.0443 224.5776 0113317 091.6920 330.2429 14.43788191489125
0 COSMOS 2251 DEB
1 34122U 93036KT  18157.64543431 +.00000249 +00000-0 +75445-4 0  9999
2 34122 074.0443 223.9017 0113299 090.9180 060.7796 14.43788359489178
0 COSMOS 2251 DEB
1 34122U 93036KT  18158.61502236 +.00000259 +00000-0 +78088-4 0  9992
2 34122 074.0442 222.0998 0113268 088.8579 060.3678 14.43789143489312
0 COSMOS 2251 DEB
1 34122U 93036KT  18158.88586958 +.00000262 +00000-0 +78986-4 0  9995
2 34122 074.0442 221.5965 0113268 088.2819 028.1403 14.43789376489351
0 COSMOS 2251 DEB
1 34122U 93036KT  18159.22060160  .00000259  00000-0  78006-4 0  9995
2 34122  74.0441 220.9744 0113263  87.5733 327.9611 14.43789598489470
0 COSMOS 2251 DEB
1 34122U 93036KT  18159.57968374 +.00000263 +00000-0 +79168-4 0  9992
2 34122 074.0441 220.3069 0113246 086.8111 034.3478 14.43789833489457
0 COSMOS 2251 DEB
1 34122U 93036KT  18160.61969209 +.00000262 +00000-0 +78819-4 0  9998
2 34122 074.0439 218.3741 0113217 084.5986 039.9627 14.43790448489609
0 COSMOS 2251 DEB
1 34122U 93036KT  18161.23119583  .00000258  00000-0  77853-4 0  9991
2 34122  74.0439 217.2377 0113200  83.2989 338.3543 14.43790816489762
0 COSMOS 2251 DEB
1 34122U 93036KT  18161.59465037 +.00000258 +00000-0 +77907-4 0  9998
2 34122 074.0439 216.5622 0113190 082.5257 067.4701 14.43791004489749
0 COSMOS 2251 DEB
1 34122U 93036KT  18162.83641410 +.00000255 +00000-0 +76887-4 0  9990
2 34122 074.0438 214.2544 0113159 079.8809 041.7505 14.43791715489929
0 COSMOS 2251 DEB
1 34122U 93036KT  18163.24116722  .00000252  00000-0  76208-4 0  9993
2 34122  74.0438 213.5022 0113155  79.0233 345.5203 14.43791921490056
0 COSMOS 2251 DEB
1 34122U 93036KT  18163.59900434 +.00000255 +00000-0 +76935-4 0  9992
2 34122 074.0438 212.8372 0113145 078.2567 045.4453 14.43792113490031
0 COSMOS 2251 DEB
1 34122U 93036KT  18164.56900512 +.00000260 +00000-0 +78462-4 0  9990
2 34122 074.0438 211.0346 0113132 076.1888 047.1968 14.43792709490178
0 COSMOS 2251 DEB
1 34122U 93036KT  18164.84425037 +.00000261 +00000-0 +78724-4 0  9997
2 34122 074.0438 210.5230 0113131 075.6010 037.8346 14.43792902490210
0 COSMOS 2251 DEB
1 34122U 93036KT  18165.53816920 +.00000257 +00000-0 +77604-4 0  9990
2 34122 074.0437 209.2334 0113123 074.1268 044.5973 14.43793267490316
0 COSMOS 2251 DEB
1 34122U 93036KT  18165.81556861  .00000256  00000-0  77273-4 0  9997
2 34122  74.0437 208.7179 0113121  73.5354  46.4311 14.43793432490427
0 COSMOS 2251 DEB
1 34122U 93036KT  18166.57880321 +.00000259 +00000-0 +78060-4 0  9990
2 34122 074.0437 207.2994 0113107 071.9112 053.4789 14.43793864490464
0 COSMOS 2251 DEB
1 34122U 93036KT  18167.54779906 +.00000265 +00000-0 +79701-4 0  9994
2 34122 074.0436 205.4986 0113106 069.8458 050.0130 14.43794476490601
0 COSMOS 2251 DEB
1 34122U 93036KT  18167.82368352  .00000264  00000-0  79438-4 0  9990
2 34122  74.0435 204.9859 0113108  69.2574  43.9740 14.43794659490711
0 COSMOS 2251 DEB
1 34122U 93036KT  18168.51772189 +.00000271 +00000-0 +81491-4 0  9994
2 34122 074.0434 203.6959 0113096 067.7890 051.3571 14.43795127490746
0 COSMOS 2251 DEB
1 34122U 93036KT  18168.92327285 +.00000272 +00000-0 +81587-4 0  9999
2 34122 074.0433 202.9422 0113096 066.9262 359.2826 14.43795372490808
0 COSMOS 2251 DEB
1 34122U 93036KT  18169.55812873 +.00000309 +00000-0 +91788-4 0  9996
2 34122 074.0433 201.7624 0113089 065.5722 059.0674 14.43796007490898
0 COSMOS 2251 DEB
1 34122U 93036KT  18170.16922125  .00000308  00000-0  91559-4 0  9992
2 34122  74.0432 200.6267 0113092  64.2702 355.3368 14.43796411491056
0 COSMOS 2251 DEB
1 34122U 93036KT  18170.53414152 +.00000345 +00000-0 +10138-3 0  9993
2 34122 074.0431 199.9484 0113096 063.4938 092.0795 14.43796877491035
0 COSMOS 2251 DEB
1 34122U 93036KT  18170.86177375 +.00000363 +00000-0 +10645-3 0  9995
2 34122 074.0431 199.3395 0113093 062.7948 355.0129 14.43797264491089
0 COSMOS 2251 DEB
1 34122U 93036KT  18171.49703073 +.00000375 +00000-0 +10972-3 0  9991
2 34122 074.0430 198.1589 0113098 061.4439 056.8822 14.43797811491170
0 COSMOS 2251 DEB
1 34122U 93036KT  18172.26055539  .00000398  00000-0  11586-3 0  9991
2 34122  74.0430 196.7399 0113101  59.8190  65.4508 14.43798573491356
0 COSMOS 2251 DEB
1 34122U 93036KT  18172.54311219 +.00000408 +00000-0 +11850-3 0  9998
2 34122 074.0429 196.2147 0113102 059.2162 094.0967 14.43798844491329
0 COSMOS 2251 DEB
1 34122U 93036KT  18172.87238300 +.00000431 +00000-0 +12482-3 0  9991
2 34122 074.0429 195.6028 0113097 058.5159 005.5471 14.43799283491371
0 COSMOS 2251 DEB
1 34122U 93036KT  18173.51271698 +.00000446 +00000-0 +12898-3 0  9997
2 34122 074.0429 194.4127 0113108 057.1558 093.8080 14.43799908491469
0 COSMOS 2251 DEB
1 34122U 93036KT  18173.84123508 +.00000457 +00000-0 +13187-3 0  9993
2 34122 074.0429 193.8021 0113113 056.4562 001.3478 14.43800298491514
0 COSMOS 2251 DEB
1 34122U 93036KT  18174.48242456  .00000467  00000-0  13455-3 0  9997
2 34122  74.0429 192.6104 0113123  55.0941  94.0580 14.43800953491678
0 COSMOS 2251 DEB
1 34122U 93036KT  18174.75339328 +.00000498 +00000-0 +14318-3 0  9995
2 34122 074.0429 192.1068 0113130 054.5209 062.4712 14.43801460491648
0 COSMOS 2251 DEB
1 34122U 93036KT  18175.52429708 +.00000545 +00000-0 +15594-3 0  9993
2 34122 074.0428 190.6739 0113139 052.8806 109.4049 14.43802573491751
0 COSMOS 2251 DEB
1 34122U 93036KT  18176.49216080  .00000563  00000-0  16062-3 0  9998
2 34122  74.0429 188.8751 0113160  50.8193 100.0832 14.43803715491965
0 COSMOS 2251 DEB
1 34122U 93036KT  18177.46186259 +.00000658 +00000-0 +18658-3 0  9998
2 34122 074.0429 187.0729 0113179 048.7612 100.3152 14.43805497492039
0 COSMOS 2251 DEB
1 34122U 93036KT  18178.42643958 +.00000622 +00000-0 +17688-3 0  9992
2 34122 074.0429 185.2801 0113205 046.7134 073.9132 14.43806510492172
0 COSMOS 2251 DEB
1 34122U 93036KT  18178.83137649  .00000640  00000-0  18162-3 0  9990
2 34122  74.0429 184.5275 0113215  45.8540  18.6624 14.43807167492307
0 COSMOS 2251 DEB
1 34122U 93036KT  18179.47171913 +.00000600 +00000-0 +17090-3 0  9998
2 34122 074.0429 183.3373 0113228 044.4986 106.9818 14.43807772492326
0 COSMOS 2251 DEB
1 34122U 93036KT  18180.44132400 +.00000561 +00000-0 +16008-3 0  9999
2 34122 074.0429 181.5352 0113258 042.4462 106.7160 14.43808800492469
0 COSMOS 2251 DEB
1 34122U 93036KT  18180.97238340 +.00000545 +00000-0 +15578-3 0  9990
2 34122 074.0429 180.5482 0113276 041.3259 347.0123 14.43809435492547
0 COSMOS 2251 DEB
1 34122U 93036KT  18181.11993977  .00000538  00000-0  15397-3 0  9992
2 34122  74.0429 180.2739 0113278  41.0149  33.9683 14.43809591492631
0 COSMOS 2251 DEB
1 34122U 93036KT  18181.48354951 +.00000520 +00000-0 +14917-3 0  9993
2 34122 074.0430 179.5981 0113291 040.2451 123.9114 14.43809886492619
0 COSMOS 2251 DEB
1 34122U 93036KT  18182.45125321 +.00000503 +00000-0 +14452-3 0  9993
2 34122 074.0430 177.7996 0113321 038.2009 113.7669 14.43810884492752
0 COSMOS 2251 DEB
1 34122U 93036KT  18183.42098997  .00000463  00000-0  13369-3 0  9990
2 34122  74.0431 175.9972 0113363  36.1554 114.1892 14.43811675492960
0 COSMOS 2251 DEB
1 34122U 93036KT  18183.69150556 +.00000450 +00000-0 +13015-3 0  9993
2 34122 074.0430 175.4944 0113377 035.5648 080.2745 14.43811874492933
0 COSMOS 2251 DEB
1 34122U 93036KT  18184.46301701 +.00000425 +00000-0 +12322-3 0  9991
2 34122 074.0431 174.0605 0113398 033.9322 130.3849 14.43812467493041
0 COSMOS 2251 DEB
1 34122U 93036KT  18184.66261781 +.00000418 +00000-0 +12129-3 0  9993
2 34122 074.0431 173.6896 0113412 033.5055 087.8611 14.43812616493076
0 COSMOS 2251 DEB
1 34122U 93036KT  18185.43081396  .00000423  00000-0  12269-3 0  9992
2 34122  74.0431 172.2618 0113433  31.8854 120.7357 14.43813290493257
0 COSMOS 2251 DEB
1 34122U 93036KT  18186.40029344 +.00000424 +00000-0 +12294-3 0  9994
2 34122 074.0432 170.4599 0113463 029.8417 119.8281 14.43814111493327
0 COSMOS 2251 DEB
1 34122U 93036KT  18187.37038337 +.00000472 +00000-0 +13606-3 0  9994
2 34122 074.0433 168.6569 0113489 027.7973 122.0973 14.43815286493469
0 COSMOS 2251 DEB
1 34122U 93036KT  18188.04647558  .00000437  00000-0  12649-3 0  9997
2 34122  74.0434 167.4003 0113520  26.3724  36.2447 14.43815645493635
0 COSMOS 2251 DEB
1 34122U 93036KT  18188.41066861 +.00000456 +00000-0 +13174-3 0  9995
2 34122 074.0434 166.7234 0113533 025.6039 129.2252 14.43816047493610
0 COSMOS 2251 DEB
1 34122U 93036KT  18189.37978168 +.00000472 +00000-0 +13608-3 0  9993
2 34122 074.0436 164.9222 0113574 023.5709 126.4134 14.43817037493758
0 COSMOS 2251 DEB
1 34122U 93036KT  18190.35042361  .00000471  00000-0  13580-3 0  9998
2 34122  74.0437 163.1182 0113608  21.5323 131.5545 14.43818008493968
0 COSMOS 2251 DEB
1 34122U 93036KT  18191.31410538 +.00000481 +00000-0 +13853-3 0  9994
2 34122 074.0438 161.3272 0113646 019.5039 100.5259 14.43819020494034
0 COSMOS 2251 DEB
1 34122U 93036KT  18191.92058007 +.00000472 +00000-0 +13603-3 0  9993
2 34122 074.0439 160.2000 0113676 018.2289 012.8270 14.43819637494120
0 COSMOS 2251 DEB
1 34122U 93036KT  18192.35927973  .00000472  00000-0  13613-3 0  9999
2 34122  74.0439 159.3847 0113690  17.3067 133.0768 14.43820083494257
0 COSMOS 2251 DEB
1 34122U 93036KT  18192.96438837 +.00000464 +00000-0 +13399-3 0  9994
2 34122 074.0439 158.2600 0113717 016.0399 038.2747 14.43820730494270
0 COSMOS 2251 DEB
1 34122U 93036KT  18193.32338719 +.00000453 +00000-0 +13077-3 0  9994
2 34122 074.0440 157.5928 0113731 015.2746 104.2706 14.43820967494327
0 COSMOS 2251 DEB
1 34122U 93036KT  18193.85878566 +.00000460 +00000-0 +13286-3 0  9991
2 34122 074.0440 156.5976 0113750 014.1510 007.1374 14.43821580494400
0 COSMOS 2251 DEB
1 34122U 93036KT  18194.36988414  .00000460  00000-0  13269-3 0  9993
2 34122  74.0440 155.6478 0113766  13.0723 143.7053 14.43822052494549
0 COSMOS 2251 DEB
1 34122U 93036KT  18194.90010865 +.00000467 +00000-0 +13458-3 0  9996
2 34122 074.0440 154.6623 0113788 011.9590 019.6815 14.43822650494555
0 COSMOS 2251 DEB
1 34122U 93036KT  18195.33897921 +.00000471 +00000-0 +13575-3 0  9995
2 34122 074.0441 153.8466 0113806 011.0342 140.8259 14.43823067494618
0 COSMOS 2251 DEB
1 34122U 93036KT  18195.86979766 +.00000473 +00000-0 +13633-3 0  9998
2 34122 074.0441 152.8601 0113829 009.9150 019.8958 14.43823639494690
0 COSMOS 2251 DEB
1 34122U 93036KT  18196.57967800 +.00000602 +00000-0 +17143-3 0  9997
2 34122 074.0444 151.5413 0113808 008.5113 109.6139 14.43826020494798
0 COSMOS 2251 DEB
1 34122U 93036KT  18196.83916128  .00000636  00000-0  18057-3 0  9995
2 34122  74.0443 151.0589 0113836   7.9299  18.3853 14.43826632494906
0 COSMOS 2251 DEB
1 34122U 93036KT  18197.34949552 +.00000620 +00000-0 +17621-3 0  9998
2 34122 074.0444 150.1104 0113852 006.8728 150.9699 14.43827178494900
0 COSMOS 2251 DEB
1 34122U 93036KT  18197.95400530 +.00000475 +00000-0 +13681-3 0  9993
2 34122 074.0440 148.9863 0113925 005.5113 053.1350 14.43825623494998
0 COSMOS 2251 DEB
1 34122U 93036KT  18198.31838087  .00000492  00000-0  14151-3 0  9998
2 34122  74.0440 148.3090 0113929   4.7511 147.0685 14.43826028495110
0 COSMOS 2251 DEB
1 34122U 93036KT  18198.92322303 +.00000456 +00000-0 +13163-3 0  9996
2 34122 074.0440 147.1849 0113960 003.4854 050.8930 14.43826473495130
0 COSMOS 2251 DEB
1 34122U 93036KT  18199.28802597 +.00000484 +00000-0 +13928-3 0  9994
2 34122 074.0442 146.5069 0113970 002.7263 147.0477 14.43826991495181
0 COSMOS 2251 DEB
1 34122U 93036KT  18199.96496396 +.00000466 +00000-0 +13436-3 0  9999
2 34122 074.0442 145.2487 0114000 001.3032 065.6182 14.43827618495281
0 COSMOS 2251 DEB
1 34122U 93036KT  18200.32999861  .00000467  00000-0  13467-3 0  9992
2 34122  74.0444 144.5703 0114015   0.5443 162.9766 14.43827907495403
0 COSMOS 2251 DEB
1 34122U 93036KT  18200.93430361 +.00000455 +00000-0 +13152-3 0  9992
2 34122 074.0444 143.4471 0114037 359.2787 064.0144 14.43828475495427
0 COSMOS 2251 DEB
1 34122U 93036KT  18201.29781079 +.00000463 +00000-0 +13352-3 0  9998
2 34122 074.0445 142.7716 0114048 358.5245 153.4343 14.43828872495475
0 COSMOS 2251 DEB
1 34122U 93036KT  18201.90262921 +.00000466 +00000-0 +13445-3 0  9992
2 34122 074.0445 141.6475 0114075 357.2536 057.1484 14.43829622495564
0 COSMOS 2251 DEB
1 34122U 93036KT  18202.53808167  .00000458  00000-0  13237-3 0  9990
2 34122  74.0447 140.4664 0114096 355.9200 120.0897 14.43830218495728
0 COSMOS 2251 DEB
1 34122U 93036KT  18202.94576282 +.00000456 +00000-0 +13178-3 0  9997
2 34122 074.0447 139.7086 0114113 355.0605 079.1317 14.43830687495717
0 COSMOS 2251 DEB
1 34122U 93036KT  18203.23166764 +.00000458 +00000-0 +13231-3 0  9992
2 34122 074.0447 139.1773 0114121 354.4559 125.2072 14.43830968495751
0 COSMOS 2251 DEB
1 34122U 93036KT  18203.91310726 +.00000451 +00000-0 +13045-3 0  9992
2 34122 074.0448 137.9109 0114142 353.0263 067.1826 14.43831623495852
0 COSMOS 2251 DEB
1 34122U 93036KT  18204.80808095 +.00000451 +00000-0 +13029-3 0  9994
2 34122 074.0449 136.2476 0114163 351.1440 039.0687 14.43832472496050
0 COSMOS 2251 DEB
1 34122U 93036KT  18205.24690295 +.00000456 +00000-0 +13165-3 0  9990
2 34122 074.0449 135.4320 0114184 350.2220 159.9737 14.43832913496045
0 COSMOS 2251 DEB
1 34122U 93036KT  18205.77666707 +.00000435 +00000-0 +12596-3 0  9993
2 34122 074.0449 134.4474 0114184 349.1133 033.5734 14.43833312496121
0 COSMOS 2251 DEB
1 34122U 93036KT  18206.20122868 +.00000424 +00000-0 +12312-3 0  9991
2 34122 074.0449 133.6584 0114209 348.2200 080.3579 14.43833608496188
0 COSMOS 2251 DEB
1 34122U 93036KT  18207.78590498 +.00000353 +00000-0 +10371-3 0  9997
2 34122 074.0449 130.7130 0114250 344.9017 037.1697 14.43834490496482
0 COSMOS 2251 DEB
1 34122U 93036KT  18208.22635295 +.00000341 +00000-0 +10049-3 0  9991
2 34122 074.0450 129.8944 0114289 343.9827 166.5224 14.43834739496474
0 COSMOS 2251 DEB
1 34122U 93036KT  18209.46791844 +.00000318 +00000-0 +94243-4 0  9994
2 34122 074.0450 127.5868 0114309 341.3935 139.9126 14.43835549496654
0 COSMOS 2251 DEB
1 34122U 93036KT  18211.20580847  .00000318  00000-0  94460-4 0  9999
2 34122  74.0449 124.3568 0114323 337.7555 173.1100 14.43836696496978
0 COSMOS 2251 DEB
1 34122U 93036KT  18211.73648543 +.00000313 +00000-0 +93144-4 0  9998
2 34122 074.0449 123.3705 0114334 336.6479 051.4590 14.43837070496984
0 COSMOS 2251 DEB
1 34122U 93036KT  18212.70469215 +.00000306 +00000-0 +91111-4 0  9997
2 34122 074.0449 121.5710 0114352 334.6239 044.0014 14.43837661497124
0 COSMOS 2251 DEB
1 34122U 93036KT  18213.74457628  .00000293  00000-0  87511-4 0  9991
2 34122  74.0449 119.6382 0114373 332.4515  49.1094 14.43838267497344
0 COSMOS 2251 DEB
1 34122U 93036KT  18214.71596437 +.00000284 +00000-0 +85135-4 0  9991
2 34122 074.0449 117.8327 0114375 330.4192 058.1944 14.43838886497413
0 COSMOS 2251 DEB
1 34122U 93036KT  18215.42627493 +.00000268 +00000-0 +80853-4 0  9991
2 34122 074.0449 116.5125 0114394 328.9315 150.2512 14.43839195497515
0 COSMOS 2251 DEB
1 34122U 93036KT  18216.19702486  .00000262  00000-0  79302-4 0  9993
2 34122  74.0449 115.0801 0114408 327.3182 196.4611 14.43839635497691
0 COSMOS 2251 DEB
1 34122U 93036KT  18216.72391293 +.00000252 +00000-0 +76554-4 0  9997
2 34122 074.0448 114.1007 0114405 326.2239 055.1158 14.43839886497703
0 COSMOS 2251 DEB
1 34122U 93036KT  18217.43457358 +.00000238 +00000-0 +72735-4 0  9992
2 34122 074.0448 112.7798 0114414 324.7394 148.9914 14.43840189497809
0 COSMOS 2251 DEB
1 34122U 93036KT  18217.69536838 +.00000234 +00000-0 +71778-4 0  9993
2 34122 074.0447 112.2950 0114415 324.1955 064.5515 14.43840333497846
0 COSMOS 2251 DEB
1 34122U 93036KT  18218.40545347  .00000219  00000-0  67540-4 0  9993
2 34122  74.0447 110.9752 0114420 322.7184 155.4301 14.43840588498010
0 COSMOS 2251 DEB
1 34122U 93036KT  18219.08875383 +.00000217 +00000-0 +67013-4 0  9997
2 34122 074.0446 109.7051 0114422 321.2885 107.0968 14.43840903498047
0 COSMOS 2251 DEB
1 34122U 93036KT  18220.14421508 +.00000212 +00000-0 +65695-4 0  9991
2 34122 074.0445 107.7432 0114430 319.0832 193.1837 14.43841357498194
0 COSMOS 2251 DEB
1 34122U 93036KT  18221.02764067  .00000213  00000-0  66102-4 0  9994
2 34122  74.0444 106.1011 0114431 317.2377 105.0632 14.43841776498396
0 COSMOS 2251 DEB
1 34122U 93036KT  18221.64415807 +.00000215 +00000-0 +66424-4 0  9996
2 34122 074.0443 104.9551 0114436 315.9519 069.6027 14.43842067498418
0 COSMOS 2251 DEB
1 34122U 93036KT  18222.06800036 +.00000218 +00000-0 +67296-4 0  9996
2 34122 074.0443 104.1672 0114438 315.0637 112.6585 14.43842256498472
0 COSMOS 2251 DEB
1 34122U 93036KT  18223.12369242 +.00000221 +00000-0 +68266-4 0  9995
2 34122 074.0442 102.2049 0114444 312.8571 199.9511 14.43842730498695
0 COSMOS 2251 DEB
1 34122U 93036KT  18223.80092744 +.00000216 +00000-0 +66899-4 0  9994
2 34122 074.0442 100.9460 0114437 311.4438 120.0929 14.43843048498721
0 COSMOS 2251 DEB
1 34122U 93036KT  18224.36400556 +.00000227 +00000-0 +69708-4 0  9994
2 34122 074.0441 099.8993 0114433 310.2671 166.8708 14.43843383498803
0 COSMOS 2251 DEB
1 34122U 93036KT  18224.76977108 +.00000214 +00000-0 +66201-4 0  9991
2 34122 074.0441 099.1451 0114424 309.4185 115.9670 14.43843516498862
0 COSMOS 2251 DEB
1 34122U 93036KT  18225.73865557 +.00000213 +00000-0 +66087-4 0  9994
2 34122 074.0440 097.3440 0114422 307.3910 112.0572 14.43843991499070
0 COSMOS 2251 DEB
1 34122U 93036KT  18226.78007578 +.00000210 +00000-0 +65084-4 0  9994
2 34122 074.0439 095.4082 0114416 305.2098 125.1792 14.43844507499158
0 COSMOS 2251 DEB
1 34122U 93036KT  18227.74920039  .00000207  00000-0  64291-4 0  9992
2 34122  74.0439  93.6066 0114416 303.1836 122.5194 14.43845007499363
0 COSMOS 2251 DEB
1 34122U 93036KT  18227.95597399 +.00000218 +00000-0 +67369-4 0  9995
2 34122 074.0439 093.2223 0114420 302.7508 117.2933 14.43845170499329
0 COSMOS 2251 DEB
1 34122U 93036KT  18228.03594736 +.00000219 +00000-0 +67726-4 0  9995
2 34122 074.0439 093.0736 0114418 302.5845 172.9801 14.43845224499338
0 COSMOS 2251 DEB
1 34122U 93036KT  18229.96602146 +.00000213 +00000-0 +66105-4 0  9997
2 34122 074.0437 089.4859 0114411 298.5436 125.1792 14.43846160499614
0 COSMOS 2251 DEB
1 34122U 93036KT  18230.04683656  .00000211  00000-0  65560-4 0  9995
2 34122  74.0437  89.3356 0114408 298.3733 185.2436 14.43846182499693
0 COSMOS 2251 DEB
1 34122U 93036KT  18230.94662507 +.00000221 +00000-0 +68121-4 0  9993
2 34122 074.0436 087.6629 0114404 296.4898 182.1947 14.43846703499752
0 COSMOS 2251 DEB
1 34122U 93036KT  18231.29386954 +.00000221 +00000-0 +68200-4 0  9999
2 34122 074.0436 087.0174 0114398 295.7631 187.1133 14.43846855499806
0 COSMOS 2251 DEB
1 34122U 93036KT  18232.05584194  .00000230  00000-0  70543-4 0  9993
2 34122  74.0436  85.6010 0114402 294.1675 187.7209 14.43847247499981
0 COSMOS 2251 DEB
1 34122U 93036KT  18232.59284282 +.00000240 +00000-0 +73393-4 0  9994
2 34122 074.0435 084.6027 0114399 293.0437 098.9636 14.43847585499999
0 COSMOS 2251 DEB
1 34122U 93036KT  18233.02518649 +.00000245 +00000-0 +74746-4 0  9998
2 34122 074.0435 083.7990 0114400 292.1383 186.2162 14.43847813500050
0 COSMOS 2251 DEB
1 34122U 93036KT  18234.53015861  .00000239  00000-0  72996-4 0  9991
2 34122  74.0435  81.0013 0114372 288.9908  88.8161 14.43848531500347
0 COSMOS 2251 DEB
1 34122U 93036KT  18234.96533427 +.00000240 +00000-0 +73342-4 0  9999
2 34122 074.0435 080.1923 0114375 288.0779 190.7919 14.43848733500334
0 COSMOS 2251 DEB
1 34122U 93036KT  18235.57179459 +.00000243 +00000-0 +74099-4 0  9991
2 34122 074.0435 079.0649 0114370 286.8087 103.0765 14.43849076500426
0 COSMOS 2251 DEB
1 34122U 93036KT  18235.92489763 +.00000246 +00000-0 +75110-4 0  9990
2 34122 074.0435 078.4085 0114370 286.0678 138.4524 14.43849258500473
0 COSMOS 2251 DEB
1 34122U 93036KT  18236.54145247  .00000248  00000-0  75644-4 0  9999
2 34122  74.0434  77.2624 0114362 284.7775 103.2081 14.43849626500637
0 COSMOS 2251 DEB
1 34122U 93036KT  18236.97502094 +.00000257 +00000-0 +77874-4 0  9990
2 34122 074.0434 076.4564 0114362 283.8693 196.8306 14.43849893500623
0 COSMOS 2251 DEB
1 34122U 93036KT  18237.94610968 +.00000269 +00000-0 +81283-4 0  9990
2 34122 074.0434 074.6511 0114360 281.8327 204.4044 14.43850467500764
0 COSMOS 2251 DEB
1 34122U 93036KT  18238.62689538 +.00000317 +00000-0 +94288-4 0  9998
2 34122 074.0434 073.3855 0114353 280.4036 143.0312 14.43851233500864
0 COSMOS 2251 DEB
1 34122U 93036KT  18238.90441267  .00000328  00000-0  97211-4 0  9995
2 34122  74.0435  72.8696 0114353 279.8203 145.5272 14.43851461500977
0 COSMOS 2251 DEB
1 34122U 93036KT  18238.98446036 +.00000334 +00000-0 +98779-4 0  9999
2 34122 074.0434 072.7208 0114349 279.6515 201.6046 14.43851564500914
0 COSMOS 2251 DEB
1 34122U 93036KT  18239.94457358 +.00000312 +00000-0 +92889-4 0  9997
2 34122 074.0435 070.9359 0114349 277.6419 152.1317 14.43852124501053
0 COSMOS 2251 DEB
1 34122U 93036KT  18240.92340021 +.00000334 +00000-0 +98698-4 0  9993
2 34122 074.0435 069.1164 0114349 275.5862 199.9371 14.43852894501194
0 COSMOS 2251 DEB
1 34122U 93036KT  18240.99509012  .00000333  00000-0  98497-4 0  9993
2 34122  74.0435  68.9830 0114353 275.4391 212.5679 14.43852941501277
0 COSMOS 2251 DEB
1 34122U 93036KT  18241.96406243 +.00000305 +00000-0 +90903-4 0  9996
2 34122 074.0436 067.1817 0114351 273.4030 209.1565 14.43853512501349
0 COSMOS 2251 DEB
1 34122U 93036KT  18242.50049459 +.00000297 +00000-0 +88907-4 0  9990
2 34122 074.0435 066.1845 0114348 272.2776 117.4582 14.43853891501427
0 COSMOS 2251 DEB
1 34122U 93036KT  18242.92405274 +.00000295 +00000-0 +88226-4 0  9999
2 34122 074.0436 065.3970 0114353 271.3887 159.0570 14.43854171501484
0 COSMOS 2251 DEB
1 34122U 93036KT  18243.21052262  .00000290  00000-0  87011-4 0  9993
2 34122  74.0436  64.8645 0114352 270.7835 208.0934 14.43854364501597
0 COSMOS 2251 DEB
1 34122U 93036KT  18243.97443536 +.00000295 +00000-0 +88302-4 0  9993
2 34122 074.0437 063.4444 0114357 269.1835 218.8080 14.43854917501637
0 COSMOS 2251 DEB
1 34122U 93036KT  18244.86328883 +.00000306 +00000-0 +91273-4 0  9993
2 34122 074.0437 061.7920 0114366 267.3238 158.9478 14.43855591501762
0 COSMOS 2251 DEB
1 34122U 93036KT  18245.21885514  .00000311  00000-0  92442-4 0  9997
2 34122  74.0437  61.1310 0114364 266.5855 207.1282 14.43855874501880
0 COSMOS 2251 DEB
1 34122U 93036KT  18245.91349910 +.00000316 +00000-0 +93796-4 0  9997
2 34122 074.0438 059.8396 0114371 265.1285 217.7985 14.43856345501914
0 COSMOS 2251 DEB
1 34122U 93036KT  18246.88363640 +.00000339 +00000-0 +10021-3 0  9994
2 34122 074.0439 058.0361 0114389 263.0861 220.4583 14.43857141502050
0 COSMOS 2251 DEB
1 34122U 93036KT  18247.56454771  .00000365  00000-0  10730-3 0  9992
2 34122  74.0440  56.7703 0114400 261.6619 159.7479 14.43857805502220
0 COSMOS 2251 DEB
1 34122U 93036KT  18247.92313042 +.00000373 +00000-0 +10922-3 0  9999
2 34122 074.0440 056.1037 0114407 260.9092 223.6176 14.43858074502200
0 COSMOS 2251 DEB
1 34122U 93036KT  18249.57505199 +.00000392 +00000-0 +11442-3 0  9997
2 34122 074.0442 053.0328 0114426 257.4431 170.1119 14.43859488502449
0 COSMOS 2251 DEB
1 34122U 93036KT  18249.86131580  .00000396  00000-0  11565-3 0  9998
2 34122  74.0442  52.5007 0114434 256.8454 218.0752 14.43859722502552
0 COSMOS 2251 DEB
1 34122U 93036KT  18250.54397647 +.00000400 +00000-0 +11676-3 0  9992
2 34122 074.0443 051.2317 0114445 255.4152 166.4661 14.43860334502584
0 COSMOS 2251 DEB
1 34122U 93036KT  18250.90193953 +.00000402 +00000-0 +11721-3 0  9999
2 34122 074.0444 050.5662 0114459 254.6593 227.1228 14.43860606502637
0 COSMOS 2251 DEB
1 34122U 93036KT  18251.51270962 +.00000401 +00000-0 +11678-3 0  9993
2 34122 074.0444 049.4308 0114465 253.3813 161.8353 14.43861155502722
0 COSMOS 2251 DEB
1 34122U 93036KT  18251.87208792  .00000402  00000-0  11724-3 0  9997
2 34122  74.0445  48.7628 0114479 252.6294 229.8425 14.43861449502844
0 COSMOS 2251 DEB
1 34122U 93036KT  18252.84238208 +.00000399 +00000-0 +11636-3 0  9997
2 34122 074.0446 046.9589 0114485 250.5959 233.3260 14.43862269502919
0 COSMOS 2251 DEB
1 34122U 93036KT  18253.88151963  .00000413  00000-0  12013-3 0  9991
2 34122  74.0447  45.0272 0114512 248.4274 234.6441 14.43863263503131
0 COSMOS 2251 DEB
1 34122U 93036KT  18254.84178539 +.00000445 +00000-0 +12877-3 0  9999
2 34122 074.0448 043.2421 0114523 246.4217 186.0016 14.43864347503205
0 COSMOS 2251 DEB
1 34122U 93036KT  18255.53426130 +.00000458 +00000-0 +13221-3 0  9997
2 34122 074.0449 041.9548 0114527 244.9750 185.4189 14.43865114503308
0 COSMOS 2251 DEB
1 34122U 93036KT  18255.82068959 +.00000478 +00000-0 +13775-3 0  9996
2 34122 074.0449 041.4223 0114529 244.3770 234.2434 14.43865492503340
0 COSMOS 2251 DEB
1 34122U 93036KT  18256.09885478  .00000477  00000-0  13749-3 0  9999
2 34122  74.0449  40.9052 0114536 243.7976 240.1157 14.43865752503452
0 COSMOS 2251 DEB
1 34122U 93036KT  18256.43301286 +.00000474 +00000-0 +13664-3 0  9990
2 34122 074.0450 040.2840 0114532 243.0954 177.0394 14.43866051503439
0 COSMOS 2251 DEB
1 34122U 93036KT  18256.86701858 +.00000497 +00000-0 +14275-3 0  9990
2 34122 074.0450 039.4773 0114551 242.1860 272.9607 14.43866586503492
0 COSMOS 2251 DEB
1 34122U 93036KT  18257.47457841 +.00000551 +00000-0 +15732-3 0  9998
2 34122 074.0451 038.3479 0114555 240.9182 190.9973 14.43867581503582
0 COSMOS 2251 DEB
1 34122U 93036KT  18257.82099837 +.00000529 +00000-0 +15135-3 0  9996
2 34122 074.0451 037.7038 0114560 240.1932 191.6559 14.43867773503634
0 COSMOS 2251 DEB
1 34122U 93036KT  18258.44137113  .00000554  00000-0  15820-3 0  9994
2 34122  74.0452  36.5507 0114561 238.8991 176.2939 14.43868614503796
0 COSMOS 2251 DEB
1 34122U 93036KT  18258.71995578 +.00000547 +00000-0 +15639-3 0  9991
2 34122 074.0453 036.0328 0114570 238.3181 184.3502 14.43868849503762
0 COSMOS 2251 DEB
1 34122U 93036KT  18259.48218990 +.00000532 +00000-0 +15237-3 0  9990
2 34122 074.0453 034.6159 0114582 236.7260 186.3743 14.43869600503878
0 COSMOS 2251 DEB
1 34122U 93036KT  18259.84666479 +.00000524 +00000-0 +15012-3 0  9991
2 34122 074.0454 033.9384 0114595 235.9679 280.8792 14.43869913503927
0 COSMOS 2251 DEB
1 34122U 93036KT  18260.37662376 +.00000516 +00000-0 +14797-3 0  9993
2 34122 074.0455 032.9534 0114594 234.8646 155.5569 14.43870490504007
0 COSMOS 2251 DEB
1 34122U 93036KT  18260.80969314  .00000527  00000-0  15102-3 0  9996
2 34122  74.0456  32.1485 0114597 233.9655 246.6101 14.43871046504134
0 COSMOS 2251 DEB
1 34122U 93036KT  18261.78576895 +.00000493 +00000-0 +14167-3 0  9994
2 34122 074.0457 030.3343 0114606 231.9292 280.1705 14.43871961504201
0 COSMOS 2251 DEB
1 34122U 93036KT  18262.46171434 +.00000499 +00000-0 +14336-3 0  9994
2 34122 074.0458 029.0779 0114607 230.5158 193.6836 14.43872760504309
0 COSMOS 2251 DEB
1 34122U 93036KT  18262.82586389  .00000497  00000-0  14272-3 0  9990
2 34122  74.0459  28.4012 0114611 229.7631 286.4969 14.43873110504425
0 COSMOS 2251 DEB
1 34122U 93036KT  18263.78979465 +.00000496 +00000-0 +14248-3 0  9999
2 34122 074.0460 026.6095 0114618 227.7595 256.9277 14.43874109504492
0 COSMOS 2251 DEB
1 34122U 93036KT  18264.75807296 +.00000491 +00000-0 +14114-3 0  9996
2 34122 074.0461 024.8098 0114628 225.7456 249.9614 14.43875087504630
0 COSMOS 2251 DEB
1 34122U 93036KT  18265.44213373 +.00000484 +00000-0 +13932-3 0  9999
2 34122 074.0462 023.5383 0114636 224.3201 205.6604 14.43875810504739
0 COSMOS 2251 DEB
1 34122U 93036KT  18265.80531475 +.00000465 +00000-0 +13414-3 0  9999
2 34122 074.0462 022.8632 0114640 223.5670 293.4453 14.43876013504782
0 COSMOS 2251 DEB
1 34122U 93036KT  18266.41139402 +.00000583 +00000-0 +16599-3 0  9999
2 34122 074.0463 021.7368 0114637 222.3098 203.8000 14.43877401504879
0 COSMOS 2251 DEB
1 34122U 93036KT  18266.77464483 +.00000569 +00000-0 +16212-3 0  9994
2 34122 074.0463 021.0616 0114639 221.5568 291.9494 14.43877676504928
0 COSMOS 2251 DEB
1 34122U 93036KT  18267.37939698 +.00000563 +00000-0 +16048-3 0  9997
2 34122 074.0464 019.9375 0114638 220.2963 195.4134 14.43878366505085
0 COSMOS 2251 DEB
1 34122U 93036KT  18267.74429228 +.00000551 +00000-0 +15737-3 0  9992
2 34122 074.0464 019.2594 0114636 219.5427 292.1093 14.43878658505066
0 COSMOS 2251 DEB
1 34122U 93036KT  18268.70774062 +.00000549 +00000-0 +15684-3 0  9996
2 34122 074.0464 017.4685 0114638 217.5442 260.0473 14.43879693505206
0 COSMOS 2251 DEB
1 34122U 93036KT  18269.39100498 +.00000549 +00000-0 +15664-3 0  9996
2 34122 074.0465 016.1986 0114625 216.1212 211.6169 14.43880503505377
0 COSMOS 2251 DEB
1 34122U 93036KT  18270.71768832 +.00000547 +00000-0 +15630-3 0  9997
2 34122 074.0465 013.7326 0114621 213.3688 267.6371 14.43882048505495
0 COSMOS 2251 DEB
1 34122U 93036KT  18271.40123713  .00000541  00000-0  15447-3 0  9997
2 34122  74.0466  12.4620 0114615 211.9473 220.6892 14.43882866505662
0 COSMOS 2251 DEB
1 34122U 93036KT  18271.68731499 +.00000545 +00000-0 +15553-3 0  9995
2 34122 074.0466 011.9303 0114611 211.3562 267.7041 14.43883211505633
0 COSMOS 2251 DEB
1 34122U 93036KT  18272.72644771 +.00000547 +00000-0 +15606-3 0  9998
2 34122 074.0466 009.9990 0114593 209.2051 269.0586 14.43884485505789
0 COSMOS 2251 DEB
1 34122U 93036KT  18273.70265503  .00000552  00000-0  15739-3 0  9992
2 34122  74.0466   8.1845 0114575 207.1777 303.3415 14.43885705505993
0 COSMOS 2251 DEB
1 34122U 93036KT  18274.58628649 +.00000556 +00000-0 +15860-3 0  9992
2 34122 074.0466 006.5421 0114559 205.3436 216.4219 14.43886827506059
0 COSMOS 2251 DEB
1 34122U 93036KT  18274.74513057 +.00000549 +00000-0 +15661-3 0  9997
2 34122 074.0466 006.2469 0114559 205.0166 322.0844 14.43886976506070
0 COSMOS 2251 DEB
1 34122U 93036KT  18275.34857061 +.00000545 +00000-0 +15568-3 0  9992
2 34122 074.0466 005.1253 0114544 203.7620 218.7453 14.43887697506161
0 COSMOS 2251 DEB
1 34122U 93036KT  18275.71261911  .00000550  00000-0  15699-3 0  9997
2 34122  74.0466   4.4486 0114531 203.0085 311.0542 14.43888137506284
0 COSMOS 2251 DEB
1 34122U 93036KT  18276.31737883 +.00000531 +00000-0 +15176-3 0  9999
2 34122 074.0466 003.3246 0114517 201.7516 214.5768 14.43888776506303
0 COSMOS 2251 DEB
1 34122U 93036KT  18276.95280272 +.00000542 +00000-0 +15487-3 0  9991
2 34122 074.0465 002.1435 0114502 200.4286 277.4957 14.43889632506392
0 COSMOS 2251 DEB
1 34122U 93036KT  18277.63661061 +.00000532 +00000-0 +15191-3 0  9997
2 34122 074.0465 000.8725 0114480 199.0072 231.9118 14.43890363506498
0 COSMOS 2251 DEB
1 34122U 93036KT  18277.92412215  .00000534  00000-0  15266-3 0  9999
2 34122  74.0465   0.3381 0114473 198.4072 286.3930 14.43890734506607
0 COSMOS 2251 DEB
1 34122U 93036KT  18278.69192956 +.00000539 +00000-0 +15400-3 0  9996
2 34122 074.0464 358.9109 0114451 196.8102 317.4405 14.43891613506642
0 COSMOS 2251 DEB
1 34122U 93036KT  18279.93179579 +.00000559 +00000-0 +15927-3 0  9996
2 34122 074.0463 356.6063 0114403 194.2288 282.2489 14.43893149506826
0 COSMOS 2251 DEB
1 34122U 93036KT  18280.61592774 +.00000577 +00000-0 +16422-3 0  9990
2 34122 074.0463 355.3346 0114377 192.8049 238.3598 14.43894008506924
0 COSMOS 2251 DEB
1 34122U 93036KT  18281.67133666 +.00000643 +00000-0 +18210-3 0  9999
2 34122 074.0462 353.3727 0114327 190.6083 324.3712 14.43895709507073
0 COSMOS 2251 DEB
1 34122U 93036KT  18282.20184145  .00000642  00000-0  18181-3 0  9993
2 34122  74.0461 352.3866 0114303 189.5013 201.9377 14.43896407507229
0 COSMOS 2251 DEB
1 34122U 93036KT  18282.64072123 +.00000615 +00000-0 +17459-3 0  9990
2 34122 074.0461 351.5708 0114283 188.5888 323.2331 14.43896727507213
0 COSMOS 2251 DEB
1 34122U 93036KT  18283.61071270 +.00000617 +00000-0 +17505-3 0  9994
2 34122 074.0460 349.7678 0114236 186.5623 325.2615 14.43898038507359
0 COSMOS 2251 DEB
1 34122U 93036KT  18283.88215455 +.00000625 +00000-0 +17715-3 0  9990
2 34122 074.0460 349.2632 0114219 185.9948 296.2214 14.43898481507396
0 COSMOS 2251 DEB
1 34122U 93036KT  18284.21809292  .00000648  00000-0  18328-3 0  9992
2 34122  74.0460 348.6388 0114204 185.2963 242.4322 14.43899107507514
0 COSMOS 2251 DEB
1 34122U 93036KT  18284.57504909 +.00000629 +00000-0 +17832-3 0  9996
2 34122 074.0459 347.9753 0114183 184.5554 297.8920 14.43899453507493
0 COSMOS 2251 DEB
1 34122U 93036KT  18285.61314275 +.00000596 +00000-0 +16942-3 0  9991
2 34122 074.0458 346.0457 0114126 182.3897 293.9230 14.43900701507643
0 COSMOS 2251 DEB
1 34122U 93036KT  18286.58379059  .00000596  00000-0  16920-3 0  9995
2 34122  74.0457 344.2415 0114074 180.3654 299.3750 14.43902121507855
0 COSMOS 2251 DEB
1 34122U 93036KT  18286.58379059 +.00000596 +00000-0 +16920-3 0  9995
2 34122 074.0457 344.2415 0114074 180.3654 299.3750 14.43902121507787
0 COSMOS 2251 DEB
1 34122U 93036KT  18287.62375868 +.00000614 +00000-0 +17420-3 0  9992
2 34122 074.0455 342.3083 0114009 178.1942 305.1627 14.43903725507935
0 COSMOS 2251 DEB
1 34122U 93036KT  18288.59275828  .00000574  00000-0  16345-3 0  9994
2 34122  74.0454 340.5071 0113943 176.1689 302.0598 14.43904818508144
0 COSMOS 2251 DEB
1 34122U 93036KT  18289.56243032 +.00000563 +00000-0 +16034-3 0  9997
2 34122 074.0453 338.7045 0113887 174.1401 302.4589 14.43906032508212
0 COSMOS 2251 DEB
1 34122U 93036KT  18290.60342729  .00000566  00000-0  16112-3 0  9997
2 34122  74.0452 336.7696 0113808 171.9604 313.6143 14.43907382508437
0 COSMOS 2251 DEB
1 34122U 93036KT  18291.57199229 +.00000563 +00000-0 +16049-3 0  9995
2 34122 074.0451 334.9691 0113743 169.9333 308.2673 14.43908519508504
0 COSMOS 2251 DEB
1 34122U 93036KT  18292.53325413 +.00000550 +00000-0 +15692-3 0  9997
2 34122 074.0449 333.1822 0113687 167.9162 264.9672 14.43909572508645
0 COSMOS 2251 DEB
1 34122U 93036KT  18293.15350729  .00000555  00000-0  15831-3 0  9994
2 34122  74.0448 332.0291 0113653 166.6120 249.0876 14.43910369508809
0 COSMOS 2251 DEB
1 34122U 93036KT  18293.58249852 +.00000552 +00000-0 +15752-3 0  9994
2 34122 074.0447 331.2316 0113623 165.7121 319.0129 14.43910803508795
0 COSMOS 2251 DEB
1 34122U 93036KT  18294.55777190 +.00000530 +00000-0 +15145-3 0  9995
2 34122 074.0446 329.4186 0113562 163.6639 348.5547 14.43911729508936
0 COSMOS 2251 DEB
1 34122U 93036KT  18295.16295352  .00000530  00000-0  15137-3 0  9999
2 34122  74.0445 328.2934 0113523 162.3869 254.3412 14.43912443509098
0 COSMOS 2251 DEB
1 34122U 93036KT  18295.52868057 +.00000535 +00000-0 +15282-3 0  9993
2 34122 074.0444 327.6135 0113496 161.6189 355.4185 14.43912830509077
0 COSMOS 2251 DEB
1 34122U 93036KT  18296.49252823 +.00000541 +00000-0 +15432-3 0  9992
2 34122 074.0443 325.8217 0113420 159.5925 325.5786 14.43913920509210
0 COSMOS 2251 DEB
1 34122U 93036KT  18297.53730476 +.00000543 +00000-0 +15490-3 0  9999
2 34122 074.0441 323.8794 0113337 157.3913 356.4226 14.43915087509360
0 COSMOS 2251 DEB
1 34122U 93036KT  18298.77747883 +.00000535 +00000-0 +15283-3 0  9997
2 34122 074.0440 321.5739 0113262 154.7672 322.9785 14.43916481509540
0 COSMOS 2251 DEB
1 34122U 93036KT  18299.47111628  .00000532  00000-0  15203-3 0  9996
2 34122  74.0439 320.2844 0113207 153.3057 328.5755 14.43917237509710
0 COSMOS 2251 DEB
1 34122U 93036KT  18300.50963719 +.00000528 +00000-0 +15084-3 0  9991
2 34122 074.0438 318.3537 0113137 151.1091 326.9230 14.43918362509790
0 COSMOS 2251 DEB
1 34122U 93036KT  18301.20069043 +.00000528 +00000-0 +15083-3 0  9995
2 34122 074.0437 317.0688 0113094 149.6451 319.1001 14.43919161509895
0 COSMOS 2251 DEB
1 34122U 93036KT  18301.81431819  .00000528  00000-0  15090-3 0  9994
2 34122  74.0436 315.9280 0113051 148.3421 268.8146 14.43919838510056
0 COSMOS 2251 DEB
1 34122U 93036KT  18302.45009869 +.00000535 +00000-0 +15288-3 0  9998
2 34122 074.0435 314.7459 0113014 146.9946 333.6810 14.43920577510078
0 COSMOS 2251 DEB
1 34122U 93036KT  18303.49562050 +.00000535 +00000-0 +15282-3 0  9993
2 34122 074.0435 312.8022 0112945 144.7746 008.4403 14.43921663510228
0 COSMOS 2251 DEB
1 34122U 93036KT  18304.02645782  .00000538  00000-0  15371-3 0  9999
2 34122  74.0434 311.8153 0112912 143.6447 247.8070 14.43922271510372
0 COSMOS 2251 DEB
1 34122U 93036KT  18304.46501288 +.00000540 +00000-0 +15426-3 0  9993
2 34122 074.0434 311.0000 0112892 142.7151 007.4742 14.43922718510365
0 COSMOS 2251 DEB
1 34122U 93036KT  18305.96520413 +.00000548 +00000-0 +15645-3 0  9991
2 34122 074.0433 308.2109 0112801 139.5207 245.6876 14.43924376510588
0 COSMOS 2251 DEB
1 34122U 93036KT  18306.11145799  .00000547  00000-0  15607-3 0  9996
2 34122  74.0433 307.9389 0112794 139.2102 285.9362 14.43924535510670
0 COSMOS 2251 DEB
1 34122U 93036KT  18306.46826623 +.00000555 +00000-0 +15833-3 0  9996
2 34122 074.0433 307.2756 0112768 138.4501 340.6794 14.43924939510650
0 COSMOS 2251 DEB
1 34122U 93036KT  18307.97541135 +.00000545 +00000-0 +15537-3 0  9995
2 34122 074.0433 304.4734 0112698 135.2358 255.0568 14.43926523510875
0 COSMOS 2251 DEB
1 34122U 93036KT  18308.12189687  .00000543  00000-0  15484-3 0  9992
2 34122  74.0433 304.2011 0112688 134.9207 296.5146 14.43926666510969
0 COSMOS 2251 DEB
1 34122U 93036KT  18308.81384833 +.00000540 +00000-0 +15406-3 0  9999
2 34122 074.0433 302.9147 0112651 133.4441 293.3911 14.43927376510995
0 COSMOS 2251 DEB
1 34122U 93036KT  18309.78347958 +.00000545 +00000-0 +15553-3 0  9991
2 34122 074.0434 301.1120 0112616 131.3807 293.6910 14.43928507511138
0 COSMOS 2251 DEB
1 34122U 93036KT  18310.14043771  .00000551  00000-0  15723-3 0  9995
2 34122  74.0433 300.4484 0112606 130.6220 349.2175 14.43928981511252
0 COSMOS 2251 DEB
1 34122U 93036KT  18310.42344580 +.00000553 +00000-0 +15756-3 0  9996
2 34122 074.0433 299.9223 0112591 130.0137 020.3461 14.43929290511225
0 COSMOS 2251 DEB
1 34122U 93036KT  18310.75204546 +.00000551 +00000-0 +15715-3 0  9992
2 34122 074.0433 299.3114 0112576 129.3077 288.4689 14.43929677511278
0 COSMOS 2251 DEB
1 34122U 93036KT  18311.38740125 +.00000555 +00000-0 +15823-3 0  9994
2 34122 074.0433 298.1302 0112551 127.9471 351.1642 14.43930438511363
0 COSMOS 2251 DEB
1 34122U 93036KT  18311.66477116 +.00000550 +00000-0 +15675-3 0  9992
2 34122 074.0433 297.6145 0112542 127.3557 352.9816 14.43930748511402
0 COSMOS 2251 DEB
1 34122U 93036KT  18312.15104051  .00000549  00000-0  15660-3 0  9994
2 34122  74.0434 296.7105 0112530 126.3198   0.6947 14.43931312511541
0 COSMOS 2251 DEB
1 34122U 93036KT  18312.43341799 +.00000553 +00000-0 +15766-3 0  9999
2 34122 074.0434 296.1855 0112519 125.7152 028.5454 14.43931647511517
0 COSMOS 2251 DEB
1 34122U 93036KT  18312.76250101 +.00000554 +00000-0 +15783-3 0  9991
2 34122 074.0434 295.5737 0112508 125.0126 299.1791 14.43932043511567
0 COSMOS 2251 DEB
1 34122U 93036KT  18313.73125237 +.00000547 +00000-0 +15595-3 0  9993
2 34122 074.0434 293.7726 0112482 122.9381 294.9338 14.43933123511701
0 COSMOS 2251 DEB
1 34122U 93036KT  18314.77213241 +.00000554 +00000-0 +15791-3 0  9997
2 34122 074.0435 291.8375 0112459 120.7107 305.6301 14.43934366511853
0 COSMOS 2251 DEB
1 34122U 93036KT  18315.32718931 +.00000561 +00000-0 +15980-3 0  9993
2 34122 074.0435 290.8056 0112445 119.5238 310.9245 14.43935037511935
0 COSMOS 2251 DEB
1 34122U 93036KT  18316.38188885  .00000579  00000-0  16481-3 0  9995
2 34122  74.0436 288.8448 0112423 117.2617  33.4695 14.43936348512157
0 COSMOS 2251 DEB
1 34122U 93036KT  18316.91319300 +.00000584 +00000-0 +16599-3 0  9998
2 34122 074.0436 287.8570 0112420 116.1245 275.2974 14.43937016512164
0 COSMOS 2251 DEB
1 34122U 93036KT  18317.62267743 +.00000576 +00000-0 +16394-3 0  9994
2 34122 074.0437 286.5380 0112407 114.6029 003.3469 14.43937762512266
0 COSMOS 2251 DEB
1 34122U 93036KT  18318.92846604 +.00000592 +00000-0 +16809-3 0  9996
2 34122 074.0438 284.1103 0112399 111.8045 311.1153 14.43939347512453
0 COSMOS 2251 DEB
1 34122U 93036KT  18318.99737274  .00000587  00000-0  16698-3 0  9995
2 34122  74.0438 283.9822 0112400 111.6541 309.3096 14.43939392512534
0 COSMOS 2251 DEB
1 34122U 93036KT  18319.36116236 +.00000592 +00000-0 +16834-3 0  9994
2 34122 074.0438 283.3059 0112395 110.8735 040.3681 14.43939818512512
0 COSMOS 2251 DEB
1 34122U 93036KT  18319.96644855 +.00000590 +00000-0 +16758-3 0  9996
2 34122 074.0439 282.1806 0112400 109.5754 306.7801 14.43940567512609
0 COSMOS 2251 DEB
1 34122U 93036KT  18320.60168090 +.00000570 +00000-0 +16219-3 0  9991
2 34122 074.0439 280.9997 0112388 108.2260 008.8464 14.43941150512692
0 COSMOS 2251 DEB
1 34122U 93036KT  18320.93625171 +.00000570 +00000-0 +16227-3 0  9994
2 34122 074.0439 280.3777 0112391 107.5096 308.0199 14.43941566512742
0 COSMOS 2251 DEB
1 34122U 93036KT  18321.21458424  .00000571  00000-0  16255-3 0  9993
2 34122  74.0440 279.8602 0112389 106.9118 314.8562 14.43941859512855
0 COSMOS 2251 DEB
1 34122U 93036KT  18321.36502080 +.00000571 +00000-0 +16242-3 0  9993
2 34122 074.0440 279.5805 0112388 106.5891 016.8596 14.43942023512805
0 COSMOS 2251 DEB
1 34122U 93036KT  18321.90738847 +.00000559 +00000-0 +15919-3 0  9991
2 34122 074.0440 278.5722 0112392 105.4266 316.2099 14.43942571512882
0 COSMOS 2251 DEB
1 34122U 93036KT  18322.94558774 +.00000545 +00000-0 +15552-3 0  9993
2 34122 074.0441 276.6422 0112392 103.2069 313.0032 14.43943655513030
0 COSMOS 2251 DEB
1 34122U 93036KT  18323.30407000  .00000538  00000-0  15342-3 0  9998
2 34122  74.0441 275.9759 0112391 102.4376  16.4779 14.43943961513151
0 COSMOS 2251 DEB
1 34122U 93036KT  18323.91540005 +.00000530 +00000-0 +15125-3 0  9999
2 34122 074.0442 274.8394 0112398 101.1282 314.3145 14.43944629513175
0 COSMOS 2251 DEB
1 34122U 93036KT  18324.95729228 +.00000538 +00000-0 +15355-3 0  9993
2 34122 074.0442 272.9025 0112406 098.8978 330.3160 14.43945818513322
0 COSMOS 2251 DEB
1 34122U 93036KT  18325.31958031  .00000534  00000-0  15258-3 0  9998
2 34122  74.0442 272.2290 0112405  98.1212  53.5764 14.43946165513445
0 COSMOS 2251 DEB
1 34122U 93036KT  18325.92474125 +.00000528 +00000-0 +15084-3 0  9992
2 34122 074.0443 271.1040 0112414 096.8254 319.3489 14.43946828513463
0 COSMOS 2251 DEB
1 34122U 93036KT  18326.89454839 +.00000540 +00000-0 +15394-3 0  9997
2 34122 074.0443 269.3011 0112442 094.7490 320.6440 14.43948027513601
0 COSMOS 2251 DEB
1 34122U 93036KT  18327.86548965  .00000545  00000-0  15555-3 0  9993
2 34122  74.0444 267.4961 0112455  92.6714 327.8360 14.43949124513817
0 COSMOS 2251 DEB
1 34122U 93036KT  18327.93522524 +.00000541 +00000-0 +15443-3 0  9996
2 34122 074.0444 267.3665 0112461 092.5204 330.3405 14.43949167513756
0 COSMOS 2251 DEB
1 34122U 93036KT  18328.29880104 +.00000559 +00000-0 +15930-3 0  9997
2 34122 074.0444 266.6906 0112464 091.7422 060.2988 14.43949666513807
0 COSMOS 2251 DEB
1 34122U 93036KT  18328.90531855 +.00000556 +00000-0 +15845-3 0  9993
2 34122 074.0445 265.5630 0112480 090.4469 333.1273 14.43950370513897
0 COSMOS 2251 DEB
1 34122U 93036KT  18329.53892454 +.00000558 +00000-0 +15881-3 0  9990
2 34122 074.0445 264.3852 0112490 089.0901 026.7732 14.43951079513988
0 COSMOS 2251 DEB
1 34122U 93036KT  18329.87370417  .00000556  00000-0  15826-3 0  9994
2 34122  74.0445 263.7629 0112503  88.3750 327.0424 14.43951474514101
0 COSMOS 2251 DEB
1 34122U 93036KT  18330.51010478 +.00000555 +00000-0 +15814-3 0  9991
2 34122 074.0446 262.5798 0112516 087.0107 035.2194 14.43952163514122
0 COSMOS 2251 DEB
1 34122U 93036KT  18330.91473054 +.00000555 +00000-0 +15824-3 0  9999
2 34122 074.0447 261.8276 0112529 086.1475 338.5670 14.43952630514181
0 COSMOS 2251 DEB
1 34122U 93036KT  18331.80916579 +.00000547 +00000-0 +15597-3 0  9990
2 34122 074.0447 260.1649 0112550 084.2378 308.0723 14.43953581514314
0 COSMOS 2251 DEB
1 34122U 93036KT  18332.24120715  .00000541  00000-0  15435-3 0  9993
2 34122  74.0448 259.3618 0112558  83.3155  33.9357 14.43954011514442
0 COSMOS 2251 DEB
1 34122U 93036KT  18332.93427209 +.00000526 +00000-0 +15013-3 0  9992
2 34122 074.0449 258.0734 0112580 081.8360 036.6694 14.43954740514470
0 COSMOS 2251 DEB
1 34122U 93036KT  18333.89421786 +.00000511 +00000-0 +14621-3 0  9990
2 34122 074.0449 256.2890 0112623 079.7809 346.7281 14.43955705514610
0 COSMOS 2251 DEB
1 34122U 93036KT  18334.25743691  .00000534  00000-0  15235-3 0  9990
2 34122  74.0449 255.6138 0112639  79.0029  74.8406 14.43956199514731
0 COSMOS 2251 DEB
1 34122U 93036KT  18334.86375573 +.00000532 +00000-0 +15194-3 0  9999
2 34122 074.0449 254.4867 0112659 077.7108 346.6481 14.43956912514750
0 COSMOS 2251 DEB
1 34122U 93036KT  18335.91326654 +.00000530 +00000-0 +15124-3 0  9993
2 34122 074.0449 252.5358 0112687 075.4730 042.2900 14.43958072514902
0 COSMOS 2251 DEB
1 34122U 93036KT  18336.46786174  .00000514  00000-0  14685-3 0  9994
2 34122  74.0449 251.5049 0112712  74.2881  45.2304 14.43958594515058
0 COSMOS 2251 DEB
1 34122U 93036KT  18336.87299493 +.00000503 +00000-0 +14402-3 0  9997
2 34122 074.0448 250.7518 0112733 073.4251 351.2235 14.43958977515041
0 COSMOS 2251 DEB
1 34122U 93036KT  18337.77424081 +.00000498 +00000-0 +14270-3 0  9996
2 34122 074.0448 249.0765 0112768 071.5004 356.1535 14.43959910515178
0 COSMOS 2251 DEB
1 34122U 93036KT  18338.73706789  .00000494  00000-0  14163-3 0  9998
2 34122  74.0448 247.2867 0112813  69.4488 321.1991 14.43960939515388
0 COSMOS 2251 DEB
1 34122U 93036KT  18338.89256303 +.00000496 +00000-0 +14218-3 0  9990
2 34122 074.0448 246.9976 0112820 069.1186 049.5061 14.43961133515336
0 COSMOS 2251 DEB
1 34122U 93036KT  18339.93275042 +.00000521 +00000-0 +14883-3 0  9994
2 34122 074.0448 245.0640 0112855 066.9053 056.6950 14.43962443515487
0 COSMOS 2251 DEB
1 34122U 93036KT  18340.90166208 +.00000548 +00000-0 +15619-3 0  9993
2 34122 074.0448 243.2629 0112902 064.8419 053.3781 14.43963689515625
0 COSMOS 2251 DEB
1 34122U 93036KT  18341.51348038  .00000552  00000-0  15733-3 0  9996
2 34122  74.0447 242.1255 0112921  63.5412 353.7865 14.43964425515783
0 COSMOS 2251 DEB
1 34122U 93036KT  18341.87154771 +.00000534 +00000-0 +15241-3 0  9998
2 34122 074.0447 241.4599 0112937 062.7802 055.1247 14.43964772515767
0 COSMOS 2251 DEB
1 34122U 93036KT  18342.83150437 +.00000562 +00000-0 +15992-3 0  9994
2 34122 074.0446 239.6754 0112979 060.7394 005.2624 14.43966104515900
0 COSMOS 2251 DEB
1 34122U 93036KT  18343.52393612  .00000592  00000-0  16795-3 0  9990
2 34122  74.0447 238.3882 0113010  59.2654   4.7319 14.43967144516077
0 COSMOS 2251 DEB
1 34122U 93036KT  18343.88086130 +.00000578 +00000-0 +16419-3 0  9990
2 34122 074.0446 237.7247 0113026 058.5080 060.1352 14.43967540516057
0 COSMOS 2251 DEB
1 34122U 93036KT  18344.85077595 +.00000601 +00000-0 +17052-3 0  9994
2 34122 074.0446 235.9217 0113070 056.4470 062.0470 14.43968989516198
0 COSMOS 2251 DEB
1 34122U 93036KT  18345.66465328  .00000593  00000-0  16836-3 0  9998
2 34122  74.0445 234.4087 0113108  54.7172 332.8323 14.43970029516382
0 COSMOS 2251 DEB
1 34122U 93036KT  18346.77947295 +.00000578 +00000-0 +16417-3 0  9997
2 34122 074.0444 232.3364 0113153 052.3482 008.0140 14.43971450516472
0 COSMOS 2251 DEB
1 34122U 93036KT  18347.82980794  .00000565  00000-0  16066-3 0  9991
2 34122  74.0443 230.3839 0113210  50.1218  67.9845 14.43972834516690
0 COSMOS 2251 DEB
1 34122U 93036KT  18348.87016325 +.00000550 +00000-0 +15659-3 0  9998
2 34122 074.0442 228.4499 0113248 047.9122 076.0866 14.43974150516774
0 COSMOS 2251 DEB
1 34122U 93036KT  18349.83978325  .00000554  00000-0  15785-3 0  9996
2 34122  74.0440 226.6474 0113283  45.8533  76.4874 14.43975422516986
0 COSMOS 2251 DEB
1 34122U 93036KT  18350.80903372 +.00000531 +00000-0 +15148-3 0  9993
2 34122 074.0439 224.8456 0113329 043.7981 074.9678 14.43976485517053
0 COSMOS 2251 DEB
1 34122U 93036KT  18351.69729095 +.00000541 +00000-0 +15418-3 0  9990
2 34122 074.0438 223.1943 0113370 041.9153 012.4221 14.43977623517182
0 COSMOS 2251 DEB
1 34122U 93036KT  18352.05696396  .00000552  00000-0  15720-3 0  9996
2 34122  74.0438 222.5256 0113381  41.1488  82.1261 14.43978095517303
0 COSMOS 2251 DEB
1 34122U 93036KT  18352.73804720 +.00000556 +00000-0 +15831-3 0  9990
2 34122 074.0437 221.2594 0113415 039.7057 022.6243 14.43978932517338
0 COSMOS 2251 DEB
1 34122U 93036KT  18353.63273258 +.00000586 +00000-0 +16647-3 0  9995
2 34122 074.0435 219.5960 0113455 037.8106 353.5016 14.43980214517465
0 COSMOS 2251 DEB
1 34122U 93036KT  18353.70764132 +.00000585 +00000-0 +16616-3 0  9994
2 34122 074.0435 219.4568 0113458 037.6528 022.9018 14.43980308517471
0 COSMOS 2251 DEB
1 34122U 93036KT  18354.39962734 +.00000603 +00000-0 +17097-3 0  9993
2 34122 074.0435 218.1703 0113486 036.1892 020.0800 14.43981285517571
0 COSMOS 2251 DEB
1 34122U 93036KT  18354.75671976 +.00000605 +00000-0 +17145-3 0  9994
2 34122 074.0435 217.5064 0113503 035.4381 076.3643 14.43981782517626
0 COSMOS 2251 DEB
1 34122U 93036KT  18355.71716529 +.00000607 +00000-0 +17210-3 0  9990
2 34122 074.0434 215.7209 0113546 033.3997 029.0980 14.43983029517763
0 COSMOS 2251 DEB
1 34122U 93036KT  18356.40819722  .00000608  00000-0  17225-3 0  9993
2 34122  74.0434 214.4363 0113583  31.9375  21.3236 14.43983942517937
0 COSMOS 2251 DEB
1 34122U 93036KT  18356.61180622 +.00000602 +00000-0 +17063-3 0  9990
2 34122 074.0434 214.0577 0113593 031.5079 359.7535 14.43984195517894
0 COSMOS 2251 DEB
1 34122U 93036KT  18356.76688685 +.00000598 +00000-0 +16968-3 0  9995
2 34122 074.0433 213.7694 0113596 031.1804 085.9167 14.43984378517919
0 COSMOS 2251 DEB
1 34122U 93036KT  18357.73692227 +.00000577 +00000-0 +16391-3 0  9997
2 34122 074.0433 211.9661 0113649 029.1301 088.5030 14.43985584518055
0 COSMOS 2251 DEB
1 34122U 93036KT  18358.41946097  .00000566  00000-0  16105-3 0  9991
2 34122  74.0433 210.6972 0113688  27.6860  36.5836 14.43986394518228
0 COSMOS 2251 DEB
1 34122U 93036KT  18358.77717966 +.00000554 +00000-0 +15783-3 0  9999
2 34122 074.0433 210.0322 0113699 026.9299 096.1334 14.43986781518204
0 COSMOS 2251 DEB
1 34122U 93036KT  18359.74606722 +.00000527 +00000-0 +15046-3 0  9996
2 34122 074.0432 208.2310 0113744 024.8820 092.7605 14.43987828518348
0 COSMOS 2251 DEB
1 34122U 93036KT  18360.56038911  .00000511  00000-0  14606-3 0  9991
2 34122  74.0430 206.7170 0113786  23.1619   5.9012 14.43988725518533
0 COSMOS 2251 DEB
1 34122U 93036KT  18360.71593406 +.00000506 +00000-0 +14482-3 0  9999
2 34122 074.0430 206.4279 0113794 022.8331 094.4809 14.43988882518481
0 COSMOS 2251 DEB
1 34122U 93036KT  18361.60727142 +.00000504 +00000-0 +14413-3 0  9996
2 34122 074.0429 204.7708 0113841 020.9503 047.9791 14.43989859518613
0 COSMOS 2251 DEB
1 34122U 93036KT  18361.96395118 +.00000502 +00000-0 +14364-3 0  9992
2 34122 074.0429 204.1076 0113855 020.1956 102.1331 14.43990197518660
0 COSMOS 2251 DEB
1 34122U 93036KT  18362.57663338  .00000520  00000-0  14850-3 0  9992
2 34122  74.0428 202.9685 0113883  18.9026  47.0816 14.43990996518825
0 COSMOS 2251 DEB
1 34122U 93036KT  18362.93290705 +.00000517 +00000-0 +14774-3 0  9997
2 34122 074.0428 202.3061 0113897 018.1487 099.1262 14.43991333518802
0 COSMOS 2251 DEB
1 34122U 93036KT  18363.61357189 +.00000524 +00000-0 +14952-3 0  9999
2 34122 074.0427 201.0406 0113929 016.7133 037.4749 14.43992144518905
0 COSMOS 2251 DEB
1 34122U 93036KT  18363.97346365 +.00000532 +00000-0 +15179-3 0  9993
2 34122 074.0427 200.3715 0113949 015.9517 108.3293 14.43992557518954
0 COSMOS 2251 DEB
1 34122U 93036KT  18364.58417466 +.00000532 +00000-0 +15174-3 0  9997
2 34122 074.0427 199.2360 0113979 014.6637 043.0345 14.43993224519044
0 COSMOS 2251 DEB
1 34122U 93036KT  18364.73538218  .00000531  00000-0  15150-3 0  9996
2 34122  74.0427 198.9549 0113981  14.3426 109.0702 14.43993365519131
0 COSMOS 2251 DEB
1 34122U 93036KT  18364.94169536 +.00000534 +00000-0 +15222-3 0  9995
2 34122 074.0427 198.5713 0113993 013.9067 101.5647 14.43993584519092
0 COSMOS 2251 DEB
1 34122U 93036KT  18365.55576661 +.00000537 +00000-0 +15308-3 0  9992
2 34122 074.0427 197.4296 0114023 012.6123 053.7395 14.43994284519186
0 COSMOS 2251 DEB
1 34122U 93036KT  18365.70611186 +.00000532 +00000-0 +15177-3 0  9990
2 34122 074.0427 197.1501 0114026 012.2927 115.2938 14.43994405519208
0 COSMOS 2251 DEB
1 34122U 93036KT  19001.59263366 +.00000525 +00000-0 +14995-3 0  9997
2 34122 074.0426 195.5018 0114064 010.4224 043.7744 14.43995373519333
0 COSMOS 2251 DEB
1 34122U 93036KT  19001.87149397  .00000526  00000-0  15004-3 0  9998
2 34122  74.0426 194.9834 0114078   9.8323  53.3996 14.43995659519444
0 COSMOS 2251 DEB
1 34122U 93036KT  19001.95744133 +.00000521 +00000-0 +14871-3 0  9992
2 34122 074.0426 194.8236 0114082 009.6513 140.1868 14.43995721519389
0 COSMOS 2251 DEB
1 34122U 93036KT  19002.92246622 +.00000516 +00000-0 +14743-3 0  9992
2 34122 074.0427 193.0293 0114124 007.6135 116.7630 14.43996755519529
0 COSMOS 2251 DEB
1 34122U 93036KT  19003.96697105 +.00000490 +00000-0 +14048-3 0  9992
2 34122 074.0427 191.0874 0114166 005.4103 146.5084 14.43997744519678
0 COSMOS 2251 DEB
1 34122U 93036KT  19004.23649488  .00000480  00000-0  13764-3 0  9997
2 34122  74.0427 190.5862 0114185   4.8404 107.6008 14.43997979519783
0 COSMOS 2251 DEB
1 34122U 93036KT  19004.93649861 +.00000472 +00000-0 +13551-3 0  9994
2 34122 074.0427 189.2848 0114214 003.3638 146.4977 14.43998701519812
0 COSMOS 2251 DEB
1 34122U 93036KT  19005.89059229 +.00000467 +00000-0 +13417-3 0  9998
2 34122 074.0428 187.5109 0114269 001.3481 066.2610 14.43999703519959
0 COSMOS 2251 DEB
1 34122U 93036KT  19006.50700310  .00000468  00000-0  13457-3 0  9996
2 34122  74.0428 186.3649 0114295   0.0470  30.6135 14.44000388520118
0 COSMOS 2251 DEB
1 34122U 93036KT  19006.94599964 +.00000473 +00000-0 +13570-3 0  9997
2 34122 074.0428 185.5487 0114314 359.1200 152.6960 14.44000852520106
0 COSMOS 2251 DEB
1 34122U 93036KT  19007.91555709 +.00000470 +00000-0 +13501-3 0  9995
2 34122 074.0428 183.7460 0114375 357.0646 152.8607 14.44001869520249
0 COSMOS 2251 DEB
1 34122U 93036KT  19008.44608955 +.00000467 +00000-0 +13431-3 0  9994
2 34122 074.0428 182.7596 0114401 355.9439 030.7876 14.44002437520328
0 COSMOS 2251 DEB
1 34122U 93036KT  19008.95743361  .00000474  00000-0  13608-3 0  9995
2 34122  74.0429 181.8089 0114431 354.8599 168.9698 14.44002983520461
0 COSMOS 2251 DEB
1 34122U 93036KT  19008.95743361 +.00000474 +00000-0 +13608-3 0  9995
2 34122 074.0429 181.8089 0114431 354.8599 168.9698 14.44002983520393
0 COSMOS 2251 DEB
1 34122U 93036KT  19009.48593896 +.00000480 +00000-0 +13763-3 0  9999
2 34122 074.0429 180.8263 0114465 353.7358 036.3686 14.44003570520471
0 COSMOS 2251 DEB
1 34122U 93036KT  19010.52981310 +.00000481 +00000-0 +13808-3 0  9999
2 34122 074.0430 178.8855 0114508 351.5353 062.8599 14.44004661520622
0 COSMOS 2251 DEB
1 34122U 93036KT  19010.61129312 +.00000481 +00000-0 +13808-3 0  9995
2 34122 074.0430 178.7340 0114511 351.3628 126.4278 14.44004732520638
0 COSMOS 2251 DEB
1 34122U 93036KT  19011.57131241  .00000488  00000-0  13986-3 0  9999
2 34122  74.0430 176.9491 0114551 349.3344  77.0150 14.44005758520843
0 COSMOS 2251 DEB
1 34122U 93036KT  19011.93523708 +.00000492 +00000-0 +14081-3 0  9994
2 34122 074.0431 176.2725 0114569 348.5672 168.8488 14.44006122520828
0 COSMOS 2251 DEB
1 34122U 93036KT  19012.89874244 +.00000499 +00000-0 +14294-3 0  9997
2 34122 074.0432 174.4810 0114615 346.5354 137.5581 14.44007081520968
0 COSMOS 2251 DEB
1 34122U 93036KT  19013.86796280  .00000494  00000-0  14141-3 0  9994
2 34122  74.0433 172.6790 0114664 344.4850 135.9862 14.44007986521170
0 COSMOS 2251 DEB
1 34122U 93036KT  19014.91430000 +.00000489 +00000-0 +14018-3 0  9993
2 34122 074.0434 170.7337 0114702 342.2765 175.2999 14.44008982521255
0 COSMOS 2251 DEB
1 34122U 93036KT  19015.87721347  .00000471  00000-0  13525-3 0  9999
2 34122  74.0436 168.9434 0114741 340.2512 140.9365 14.44009766521465
0 COSMOS 2251 DEB
1 34122U 93036KT  19016.56940355 +.00000451 +00000-0 +12981-3 0  9991
2 34122 074.0438 167.6565 0114766 338.7943 139.2394 14.44010295521490
0 COSMOS 2251 DEB
1 34122U 93036KT  19017.52967191 +.00000435 +00000-0 +12542-3 0  9990
2 34122 074.0439 165.8712 0114809 336.7669 091.1385 14.44011116521631
0 COSMOS 2251 DEB
1 34122U 93036KT  19017.81686747 +.00000430 +00000-0 +12407-3 0  9992
2 34122 074.0440 165.3373 0114826 336.1591 144.1096 14.44011326521673
0 COSMOS 2251 DEB
1 34122U 93036KT  19018.09452753  .00000421  00000-0  12167-3 0  9994
2 34122  74.0440 164.8210 0114845 335.5738 147.5091 14.44011533521788
0 COSMOS 2251 DEB
1 34122U 93036KT  19018.42861448 +.00000416 +00000-0 +12049-3 0  9999
2 34122 074.0440 164.1998 0114856 334.8702 084.2401 14.44011817521764
0 COSMOS 2251 DEB
1 34122U 93036KT  19018.85655941 +.00000415 +00000-0 +12006-3 0  9997
2 34122 074.0441 163.4042 0114881 333.9659 148.8895 14.44012162521821
0 COSMOS 2251 DEB
1 34122U 93036KT  19019.46807655 +.00000399 +00000-0 +11572-3 0  9994
2 34122 074.0441 162.2673 0114904 332.6777 087.8264 14.44012620521912
0 COSMOS 2251 DEB
1 34122U 93036KT  19019.74590372 +.00000395 +00000-0 +11481-3 0  9995
2 34122 074.0441 161.7507 0114918 332.0915 092.0962 14.44012806521958
0 COSMOS 2251 DEB
1 34122U 93036KT  19020.15968571  .00000385  00000-0  11216-3 0  9997
2 34122  74.0441 160.9814 0114943 331.2161  83.1227 14.44013099522087
0 COSMOS 2251 DEB
1 34122U 93036KT  19020.79665316 +.00000378 +00000-0 +11023-3 0  9996
2 34122 074.0441 159.7971 0114970 329.8742 154.3641 14.44013583522107
0 COSMOS 2251 DEB
1 34122U 93036KT  19021.47736434 +.00000368 +00000-0 +10734-3 0  9999
2 34122 074.0442 158.5316 0114999 328.4450 093.0005 14.44014046522209
0 COSMOS 2251 DEB
1 34122U 93036KT  19021.84163591 +.00000369 +00000-0 +10761-3 0  9999
2 34122 074.0442 157.8543 0115018 327.6765 186.6486 14.44014289522252
0 COSMOS 2251 DEB
1 34122U 93036KT  19022.17063668  .00000358  00000-0  10484-3 0  9990
2 34122  74.0443 157.2426 0115035 326.9854  96.9400 14.44014440522378
0 COSMOS 2251 DEB
1 34122U 93036KT  19022.81094257 +.00000362 +00000-0 +10594-3 0  9996
2 34122 074.0443 156.0522 0115076 325.6326 185.5422 14.44014894522391
0 COSMOS 2251 DEB
1 34122U 93036KT  19023.41572787 +.00000367 +00000-0 +10724-3 0  9992
2 34122 074.0443 154.9278 0115100 324.3609 089.4878 14.44015389522481
0 COSMOS 2251 DEB
1 34122U 93036KT  19024.17972383  .00000358  00000-0  10470-3 0  9990
2 34122  74.0444 153.5073 0115146 322.7519 101.0840 14.44015775522661
0 COSMOS 2251 DEB
1 34122U 93036KT  19024.45755642 +.00000352 +00000-0 +10328-3 0  9994
2 34122 074.0444 152.9907 0115157 322.1677 105.3831 14.44015943522632
0 COSMOS 2251 DEB
1 34122U 93036KT  19025.79003481 +.00000358 +00000-0 +10490-3 0  9995
2 34122 074.0445 150.5134 0115231 319.3650 192.2101 14.44016834522827
0 COSMOS 2251 DEB
1 34122U 93036KT  19026.39478056  .00000354  00000-0  10365-3 0  9993
2 34122  74.0446 149.3891 0115259 318.0929  95.9551 14.44017292522983
0 COSMOS 2251 DEB
1 34122U 93036KT  19027.43684355 +.00000350 +00000-0 +10267-3 0  9997
2 34122 074.0447 147.4517 0115306 315.9011 113.0770 14.44018052523069
0 COSMOS 2251 DEB
1 34122U 93036KT  19027.79998434 +.00000356 +00000-0 +10410-3 0  9998
2 34122 074.0448 146.7766 0115330 315.1374 200.8499 14.44018329523115
0 COSMOS 2251 DEB
1 34122U 93036KT  19028.48566980  .00000347  00000-0  10190-3 0  9997
2 34122  74.0448 145.5018 0115374 313.6914 165.3638 14.44018826523283
0 COSMOS 2251 DEB
1 34122U 93036KT  19028.76911994 +.00000349 +00000-0 +10229-3 0  9992
2 34122 074.0448 144.9749 0115389 313.0956 198.8687 14.44019044523258
0 COSMOS 2251 DEB
1 34122U 93036KT  19029.73973123 +.00000331 +00000-0 +97535-4 0  9999
2 34122 074.0448 143.1703 0115439 311.0580 204.5535 14.44019687523391
0 COSMOS 2251 DEB
1 34122U 93036KT  19030.78012690  .00000325  00000-0  95756-4 0  9995
2 34122  74.0449 141.2361 0115496 308.8733 213.0129 14.44020421523615
0 COSMOS 2251 DEB
1 34122U 93036KT  19031.74834475 +.00000326 +00000-0 +96158-4 0  9993
2 34122 074.0448 139.4360 0115537 306.8352 206.2657 14.44021084523686
0 COSMOS 2251 DEB
1 34122U 93036KT  19032.71992556 +.00000324 +00000-0 +95720-4 0  9998
2 34122 074.0448 137.6297 0115599 304.7966 216.9960 14.44021719523827
0 COSMOS 2251 DEB
1 34122U 93036KT  19032.98861406  .00000324  00000-0  95556-4 0  9993
2 34122  74.0449 137.1301 0115615 304.2347 173.7629 14.44021902523934
0 COSMOS 2251 DEB
1 34122U 93036KT  19033.75853729 +.00000320 +00000-0 +94480-4 0  9999
2 34122 074.0449 135.6987 0115662 302.6191 216.1854 14.44022379523973
0 COSMOS 2251 DEB
1 34122U 93036KT  19034.72735473 +.00000359 +00000-0 +10488-3 0  9999
2 34122 074.0449 133.8975 0115723 300.5878 212.5551 14.44023278524117
0 COSMOS 2251 DEB
1 34122U 93036KT  19035.41344413  .00000353  00000-0  10351-3 0  9999
2 34122  74.0449 132.6219 0115760 299.1503 179.1711 14.44023747524289
0 COSMOS 2251 DEB
1 34122U 93036KT  19035.96782615 +.00000355 +00000-0 +10400-3 0  9996
2 34122 074.0449 131.5912 0115787 297.9903 181.1096 14.44024157524292
0 COSMOS 2251 DEB
1 34122U 93036KT  19036.37340333 +.00000360 +00000-0 +10521-3 0  9999
2 34122 074.0449 130.8371 0115808 297.1403 129.4928 14.44024510524353
0 COSMOS 2251 DEB
1 34122U 93036KT  19037.70640465  .00000367  00000-0  10717-3 0  9990
2 34122  74.0448 128.3588 0115888 294.3485 219.0684 14.44025524524611
0 COSMOS 2251 DEB
1 34122U 93036KT  19038.39263289 +.00000357 +00000-0 +10439-3 0  9991
2 34122 074.0448 127.0829 0115932 292.9093 186.4131 14.44025995524643
0 COSMOS 2251 DEB
1 34122U 93036KT  19038.94644855 +.00000348 +00000-0 +10208-3 0  9998
2 34122 074.0447 126.0532 0115962 291.7526 185.4097 14.44026359524727
0 COSMOS 2251 DEB
1 34122U 93036KT  19039.64167376 +.00000350 +00000-0 +10256-3 0  9990
2 34122 074.0447 124.7606 0116001 290.2944 199.5278 14.44026892524827
0 COSMOS 2251 DEB
1 34122U 93036KT  19040.04462428  .00000350  00000-0  10250-3 0  9996
2 34122  74.0447 124.0114 0116021 289.4533 134.2567 14.44027193524956
0 COSMOS 2251 DEB
1 34122U 93036KT  19040.67933779 +.00000353 +00000-0 +10324-3 0  9992
2 34122 074.0447 122.8312 0116061 288.1272 193.8021 14.44027669524978
0 COSMOS 2251 DEB
1 34122U 93036KT  19041.92583514 +.00000321 +00000-0 +94749-4 0  9998
2 34122 074.0446 120.5136 0116121 285.5228 193.6965 14.44028420525157
0 COSMOS 2251 DEB
1 34122U 93036KT  19042.18497089  .00000320  00000-0  94506-4 0  9998
2 34122  74.0446 120.0318 0116133 284.9820 100.8091 14.44028623525265
0 COSMOS 2251 DEB
1 34122U 93036KT  19042.60899517 +.00000312 +00000-0 +92178-4 0  9991
2 34122 074.0446 119.2434 0116157 284.0964 145.0924 14.44028855525252
0 COSMOS 2251 DEB
1 34122U 93036KT  19043.66463318 +.00000305 +00000-0 +90439-4 0  9994
2 34122 074.0445 117.2806 0116208 281.8944 232.8084 14.44029521525402
0 COSMOS 2251 DEB
1 34122U 93036KT  19044.54815023  .00000299  00000-0  88780-4 0  9994
2 34122  74.0444 115.6378 0116248 280.0516 145.7588 14.44030089525601
0 COSMOS 2251 DEB
1 34122U 93036KT  19044.90438837 +.00000299 +00000-0 +88762-4 0  9998
2 34122 074.0443 114.9754 0116263 279.3096 197.6571 14.44030352525589
0 COSMOS 2251 DEB
1 34122U 93036KT  19045.51712101 +.00000299 +00000-0 +88846-4 0  9998
2 34122 074.0443 113.8361 0116290 278.0299 142.9419 14.44030749525676
0 COSMOS 2251 DEB
1 34122U 93036KT  19046.56837848  .00000293  00000-0  87220-4 0  9999
2 34122  74.0441 111.8813 0116333 275.8419 207.8879 14.44031354525899
0 COSMOS 2251 DEB
1 34122U 93036KT  19046.63809650 +.00000288 +00000-0 +85783-4 0  9993
2 34122 074.0441 111.7517 0116339 275.6977 210.3149 14.44031356525837
0 COSMOS 2251 DEB
1 34122U 93036KT  19047.61299622 +.00000280 +00000-0 +83554-4 0  9990
2 34122 074.0440 109.9389 0116376 273.6679 238.3188 14.44031873525972
0 COSMOS 2251 DEB
1 34122U 93036KT  19048.85432035  .00000269  00000-0  80588-4 0  9995
2 34122  74.0439 107.6306 0116422 271.0847 211.3284 14.44032538526221
0 COSMOS 2251 DEB
1 34122U 93036KT  19049.61696556 +.00000270 +00000-0 +81031-4 0  9996
2 34122 074.0438 106.2125 0116445 269.4943 215.9355 14.44032945526262
0 COSMOS 2251 DEB
1 34122U 93036KT  19050.59202765 +.00000270 +00000-0 +80939-4 0  9996
2 34122 074.0437 104.3994 0116475 267.4661 244.7877 14.44033490526403
0 COSMOS 2251 DEB
1 34122U 93036KT  19051.19678751  .00000260  00000-0  78348-4 0  9995
2 34122  74.0437 103.2749 0116488 266.2066 148.6294 14.44033817526564
0 COSMOS 2251 DEB
1 34122U 93036KT  19051.55597334 +.00000260 +00000-0 +78377-4 0  9994
2 34122 074.0437 102.6070 0116500 265.4622 215.8520 14.44033990526547
0 COSMOS 2251 DEB
1 34122U 93036KT  19052.31908682 +.00000236 +00000-0 +71705-4 0  9992
2 34122 074.0437 101.1879 0116520 263.8750 222.8929 14.44034252526659
0 COSMOS 2251 DEB
1 34122U 93036KT  19052.93029454 +.00000237 +00000-0 +72068-4 0  9995
2 34122 074.0436 100.0514 0116538 262.6070 160.2507 14.44034587526741
0 COSMOS 2251 DEB
1 34122U 93036KT  19053.20719786  .00000228  00000-0  69619-4 0  9998
2 34122  74.0436  99.5365 0116542 262.0296 159.7333 14.44034710526856
0 COSMOS 2251 DEB
1 34122U 93036KT  19053.55550993 +.00000223 +00000-0 +68276-4 0  9992
2 34122 074.0436 098.8888 0116552 261.3064 170.4312 14.44034838526830
0 COSMOS 2251 DEB
1 34122U 93036KT  19054.52520060 +.00000199 +00000-0 +61736-4 0  9998
2 34122 074.0435 097.0857 0116567 259.2912 171.3649 14.44035218526971
0 COSMOS 2251 DEB
1 34122U 93036KT  19055.21655589  .00000185  00000-0  57975-4 0  9995
2 34122  74.0434  95.8000 0116576 257.8512 165.3775 14.44035518527142
0 COSMOS 2251 DEB
1 34122U 93036KT  19055.57503894 +.00000182 +00000-0 +57300-4 0  9994
2 34122 074.0434 095.1334 0116585 257.1061 228.9509 14.44035634527125
0 COSMOS 2251 DEB
1 34122U 93036KT  19056.55009478 +.00000174 +00000-0 +54978-4 0  9991
2 34122 074.0433 093.3202 0116595 255.0808 257.7772 14.44036016527267
0 COSMOS 2251 DEB
1 34122U 93036KT  19057.22797402  .00000162  00000-0  51753-4 0  9992
2 34122  74.0432  92.0596 0116596 253.6716 181.7334 14.44036265527436
0 COSMOS 2251 DEB
1 34122U 93036KT  19057.51391993 +.00000172 +00000-0 +54455-4 0  9992
2 34122 074.0432 091.5278 0116597 253.0791 228.2218 14.44036415527407
0 COSMOS 2251 DEB
1 34122U 93036KT  19058.48346067 +.00000172 +00000-0 +54615-4 0  9999
2 34122 074.0432 089.7249 0116602 251.0687 228.3767 14.44036788527541
0 COSMOS 2251 DEB
1 34122U 93036KT  19059.52301896  .00000187  00000-0  58653-4 0  9998
2 34122  74.0430  87.7916 0116604 248.9146 232.5178 14.44037259527766
0 COSMOS 2251 DEB
1 34122U 93036KT  19060.49246633 +.00000213 +00000-0 +65520-4 0  9994
2 34122 074.0430 085.9887 0116588 246.8974 232.1985 14.44037838527833
0 COSMOS 2251 DEB
1 34122U 93036KT  19061.53314715  .00000227  00000-0  69228-4 0  9991
2 34122  74.0430  84.0535 0116570 244.7336 242.1872 14.44038421528053
0 COSMOS 2251 DEB
1 34122U 93036KT  19062.50816939 +.00000245 +00000-0 +74111-4 0  9991
2 34122 074.0429 082.2402 0116557 242.7138 270.8440 14.44039038528129
0 COSMOS 2251 DEB
1 34122U 93036KT  19063.74849745  .00000261  00000-0  78414-4 0  9997
2 34122  74.0429  79.9336 0116520 240.1233 238.7196 14.44039925528379
0 COSMOS 2251 DEB
1 34122U 93036KT  19064.43185597 +.00000265 +00000-0 +79563-4 0  9992
2 34122 074.0429 078.6628 0116513 238.7037 191.1690 14.44040385528403
0 COSMOS 2251 DEB
1 34122U 93036KT  19065.48108948 +.00000274 +00000-0 +81953-4 0  9999
2 34122 074.0430 076.7116 0116473 236.5262 245.6251 14.44041112528550
0 COSMOS 2251 DEB
1 34122U 93036KT  19066.16523709  .00000264  00000-0  79343-4 0  9990
2 34122  74.0430  75.4393 0116439 235.1035 202.1808 14.44041524528720
0 COSMOS 2251 DEB
1 34122U 93036KT  19066.38142910 +.00000270 +00000-0 +80788-4 0  9997
2 34122 074.0430 075.0373 0116431 234.6540 246.0595 14.44041671528689
0 COSMOS 2251 DEB
1 34122U 93036KT  19067.49886201 +.00000267 +00000-0 +79933-4 0  9994
2 34122 074.0431 072.9593 0116386 232.3254 295.0654 14.44042376528847
0 COSMOS 2251 DEB
1 34122U 93036KT  19068.39073800  .00000260  00000-0  78045-4 0  9993
2 34122  74.0432  71.3007 0116335 230.4695 251.5063 14.44042851529045
0 COSMOS 2251 DEB
1 34122U 93036KT  19069.96650564 +.00000255 +00000-0 +76739-4 0  9997
2 34122 074.0433 068.3704 0116283 227.1698 163.2007 14.44043762529201
0 COSMOS 2251 DEB
1 34122U 93036KT  19070.39902515  .00000241  00000-0  73123-4 0  9991
2 34122  74.0434  67.5661 0116273 226.2672 251.6693 14.44043911529339
0 COSMOS 2251 DEB
1 34122U 93036KT  19070.93370411 +.00000243 +00000-0 +73527-4 0  9995
2 34122 074.0434 066.5717 0116239 225.1499 151.2195 14.44044219529342
0 COSMOS 2251 DEB
1 34122U 93036KT  19071.44526064 +.00000243 +00000-0 +73610-4 0  9992
2 34122 074.0435 065.6205 0116221 224.0791 290.5691 14.44044479529413
0 COSMOS 2251 DEB
1 34122U 93036KT  19072.40893973  .00000253  00000-0  76252-4 0  9991
2 34122  74.0435  63.8284 0116175 222.0570 260.3048 14.44045058529629
0 COSMOS 2251 DEB
1 34122U 93036KT  19072.94504355 +.00000252 +00000-0 +76071-4 0  9991
2 34122 074.0436 062.8315 0116142 220.9323 167.2690 14.44045380529638
0 COSMOS 2251 DEB
1 34122U 93036KT  19073.91410059 +.00000254 +00000-0 +76617-4 0  9994
2 34122 074.0437 061.0294 0116097 218.8958 164.9681 14.44045915529778
0 COSMOS 2251 DEB
1 34122U 93036KT  19074.41909076  .00000263  00000-0  78937-4 0  9999
2 34122  74.0438  60.0904 0116067 217.8373 270.1869 14.44046240529919
0 COSMOS 2251 DEB
1 34122U 93036KT  19075.92389639 +.00000257 +00000-0 +77292-4 0  9999
2 34122 074.0440 057.2921 0115973 214.6687 173.0186 14.44047127530063
0 COSMOS 2251 DEB
1 34122U 93036KT  19076.96378380 +.00000266 +00000-0 +79692-4 0  9991
2 34122 074.0441 055.3584 0115915 212.4815 178.9432 14.44047862530214
0 COSMOS 2251 DEB
1 34122U 93036KT  19077.03927601  .00000262  00000-0  78655-4 0  9990
2 34122  74.0442  55.2181 0115912 212.3229 211.3944 14.44047882530292
0 COSMOS 2251 DEB
1 34122U 93036KT  19077.39787017 +.00000274 +00000-0 +81832-4 0  9998
2 34122 074.0442 054.5513 0115877 211.5678 275.5718 14.44048169530270
0 COSMOS 2251 DEB
1 34122U 93036KT  19077.93350943 +.00000271 +00000-0 +81117-4 0  9995
2 34122 074.0443 053.5553 0115841 210.4384 180.1328 14.44048525530350
0 COSMOS 2251 DEB
1 34122U 93036KT  19078.35733894 +.00000271 +00000-0 +80977-4 0  9995
2 34122 074.0444 052.7672 0115813 209.5438 223.4437 14.44048782530416
0 COSMOS 2251 DEB
1 34122U 93036KT  19079.61373904  .00000265  00000-0  79446-4 0  9999
2 34122  74.0446  50.4312 0115766 206.8911 274.9416 14.44049598530668
0 COSMOS 2251 DEB
1 34122U 93036KT  19079.87256910 +.00000263 +00000-0 +78895-4 0  9999
2 34122 074.0446 049.9500 0115758 206.3421 180.4934 14.44049751530636
0 COSMOS 2251 DEB
1 34122U 93036KT  19080.38232751 +.00000276 +00000-0 +82344-4 0  9992
2 34122 074.0446 049.0019 0115723 205.2698 310.5113 14.44050136530700
0 COSMOS 2251 DEB
1 34122U 93036KT  19081.62169192  .00000296  00000-0  87793-4 0  9993
2 34122  74.0447  46.6973 0115651 202.6484 273.4583 14.44051065530954
0 COSMOS 2251 DEB
1 34122U 93036KT  19081.95804209 +.00000299 +00000-0 +88579-4 0  9990
2 34122 074.0448 046.0719 0115635 201.9359 222.0066 14.44051323530933
0 COSMOS 2251 DEB
1 34122U 93036KT  19082.92800633 +.00000295 +00000-0 +87602-4 0  9997
2 34122 074.0449 044.2684 0115574 199.8854 224.4546 14.44051925531075
0 COSMOS 2251 DEB
1 34122U 93036KT  19083.35560141 +.00000306 +00000-0 +90333-4 0  9990
2 34122 074.0450 043.4732 0115556 198.9812 287.3477 14.44052222531135
0 COSMOS 2251 DEB
1 34122U 93036KT  19084.33048660  .00000318  00000-0  93686-4 0  9993
2 34122  74.0451  41.6605 0115509 196.9163 315.3851 14.44052914531349
0 COSMOS 2251 DEB
1 34122U 93036KT  19084.93557986 +.00000332 +00000-0 +97477-4 0  9993
2 34122 074.0451 040.5354 0115475 195.6317 221.0267 14.44053422531368
0 COSMOS 2251 DEB
1 34122U 93036KT  19085.90547556 +.00000343 +00000-0 +10047-3 0  9992
2 34122 074.0453 038.7320 0115417 193.5779 223.1292 14.44054150531503
0 COSMOS 2251 DEB
1 34122U 93036KT  19086.34035684  .00000352  00000-0  10271-3 0  9994
2 34122  74.0453  37.9234 0115393 192.6590 323.9029 14.44054470531638
0 COSMOS 2251 DEB
1 34122U 93036KT  19086.94665785 +.00000355 +00000-0 +10373-3 0  9997
2 34122 074.0454 036.7961 0115363 191.3710 235.8274 14.44054956531654
0 COSMOS 2251 DEB
1 34122U 93036KT  19087.30946528 +.00000363 +00000-0 +10571-3 0  9994
2 34122 074.0454 036.1215 0115348 190.5987 321.9250 14.44055243531707
0 COSMOS 2251 DEB
1 34122U 93036KT  19087.91452431 +.00000363 +00000-0 +10584-3 0  9990
2 34122 074.0455 034.9964 0115316 189.3113 227.3968 14.44055752531796
0 COSMOS 2251 DEB
1 34122U 93036KT  19088.55007153  .00000359  00000-0  10471-3 0  9998
2 34122  74.0456  33.8148 0115282 187.9628 291.3621 14.44056206531956
0 COSMOS 2251 DEB
1 34122U 93036KT  19088.95592024 +.00000358 +00000-0 +10453-3 0  9997
2 34122 074.0456 033.0602 0115253 187.1009 241.2149 14.44056542531947
0 COSMOS 2251 DEB
1 34122U 93036KT  19089.92450458 +.00000372 +00000-0 +10828-3 0  9991
2 34122 074.0457 031.2592 0115202 185.0443 236.5173 14.44057399532080
0 COSMOS 2251 DEB
1 34122U 93036KT  19090.89345990  .00000365  00000-0  10636-3 0  9992
2 34122  74.0458  29.4577 0115166 182.9820 233.7556 14.44058144532293
0 COSMOS 2251 DEB
1 34122U 93036KT  19090.96705019 +.00000346 +00000-0 +10120-3 0  9999
2 34122 074.0458 029.3209 0115164 182.8293 256.3193 14.44058032532233
0 COSMOS 2251 DEB
1 34122U 93036KT  19091.93530733 +.00000379 +00000-0 +11012-3 0  9993
2 34122 074.0459 027.5206 0115132 180.7545 249.9468 14.44059095532371
0 COSMOS 2251 DEB
1 34122U 93036KT  19092.90338736 +.00000406 +00000-0 +11725-3 0  9992
2 34122 074.0460 025.7207 0115079 178.6985 242.6373 14.44060088532513
0 COSMOS 2251 DEB
1 34122U 93036KT  19093.26740650 +.00000417 +00000-0 +12018-3 0  9992
2 34122 074.0460 025.0440 0115059 177.9257 335.0384 14.44060428532569
0 COSMOS 2251 DEB
1 34122U 93036KT  19094.84222377  .00000418  00000-0  12066-3 0  9992
2 34122  74.0461  22.1159 0115000 174.5726 241.9474 14.44061809532867
0 COSMOS 2251 DEB
1 34122U 93036KT  19095.27884606 +.00000443 +00000-0 +12731-3 0  9996
2 34122 074.0461 021.3041 0114979 173.6480 351.7867 14.44062332532856
0 COSMOS 2251 DEB
1 34122U 93036KT  19095.88244389 +.00000450 +00000-0 +12919-3 0  9997
2 34122 074.0461 020.1819 0114973 172.3626 249.6785 14.44062931532947
0 COSMOS 2251 DEB
1 34122U 93036KT  19096.24637372 +.00000462 +00000-0 +13227-3 0  9992
2 34122 074.0461 019.5052 0114952 171.5880 341.6211 14.44063305532996
0 COSMOS 2251 DEB
1 34122U 93036KT  19096.85130910  .00000468  00000-0  13402-3 0  9996
2 34122  74.0461  18.3804 0114933 170.2991 246.4696 14.44063951533151
0 COSMOS 2251 DEB
1 34122U 93036KT  19097.89393182 +.00000485 +00000-0 +13856-3 0  9995
2 34122 074.0461 016.4420 0114898 168.0746 266.7087 14.44065111533235
0 COSMOS 2251 DEB
1 34122U 93036KT  19098.86189878  .00000497  00000-0  14190-3 0  9993
2 34122  74.0461  14.6422 0114864 166.0192 258.8320 14.44066193533449
0 COSMOS 2251 DEB
1 34122U 93036KT  19099.83402588 +.00000509 +00000-0 +14512-3 0  9999
2 34122 074.0461 012.8347 0114851 163.9438 272.5974 14.44067315533513
0 COSMOS 2251 DEB
1 34122U 93036KT  19100.46530156 +.00000541 +00000-0 +15376-3 0  9999
2 34122 074.0461 011.6611 0114830 162.5927 314.3963 14.44068250533601
0 COSMOS 2251 DEB
1 34122U 93036KT  19101.15844812  .00000538  00000-0  15275-3 0  9997
2 34122  74.0461  10.3724 0114817 161.1169 317.8354 14.44069032533779
0 COSMOS 2251 DEB
1 34122U 93036KT  19101.84047944 +.00000547 +00000-0 +15514-3 0  9990
2 34122 074.0460 009.1042 0114801 159.6550 263.5016 14.44069892533806
0 COSMOS 2251 DEB
1 34122U 93036KT  19102.81028771 +.00000565 +00000-0 +15996-3 0  9999
2 34122 074.0460 007.3011 0114776 157.5894 265.2209 14.44071182533944
0 COSMOS 2251 DEB
1 34122U 93036KT  19103.17363486  .00000567  00000-0  16067-3 0  9996
2 34122  74.0460   6.6255 0114769 156.8170 354.1444 14.44071611534067
0 COSMOS 2251 DEB
1 34122U 93036KT  19103.85103769 +.00000554 +00000-0 +15722-3 0  9990
2 34122 074.0459 005.3660 0114757 155.3685 275.7513 14.44072390534096
0 COSMOS 2251 DEB
1 34122U 93036KT  19104.81986764 +.00000527 +00000-0 +14995-3 0  9992
2 34122 074.0459 003.5647 0114737 153.3038 272.3924 14.44073329534237
0 COSMOS 2251 DEB
1 34122U 93036KT  19105.17790035  .00000531  00000-0  15099-3 0  9997
2 34122  74.0459   2.8990 0114726 152.5401 333.6932 14.44073747534350
0 COSMOS 2251 DEB
1 34122U 93036KT  19105.86970465 +.00000527 +00000-0 +14990-3 0  9994
2 34122 074.0458 001.6128 0114713 151.0734 330.1619 14.44074532534388
0 COSMOS 2251 DEB
1 34122U 93036KT  19106.75788850 +.00000513 +00000-0 +14600-3 0  9991
2 34122 074.0457 359.9613 0114704 149.1790 267.5584 14.44075461534516
0 COSMOS 2251 DEB
1 34122U 93036KT  19107.79872698 +.00000514 +00000-0 +14640-3 0  9995
2 34122 074.0456 358.0260 0114698 146.9587 278.5642 14.44076606534669
0 COSMOS 2251 DEB
1 34122U 93036KT  19108.76914981 +.00000524 +00000-0 +14905-3 0  9990
2 34122 074.0455 356.2216 0114687 144.8917 283.5008 14.44077698534801
0 COSMOS 2251 DEB
1 34122U 93036KT  19109.46012315  .00000517  00000-0  14701-3 0  9994
2 34122  74.0455 354.9369 0114673 143.4195 275.6657 14.44078370534971
0 COSMOS 2251 DEB
1 34122U 93036KT  19109.81800854 +.00000512 +00000-0 +14578-3 0  9993
2 34122 074.0454 354.2715 0114678 142.6581 336.2053 14.44078748534954
