0 COSMOS 2251 DEB
1 34474U 93036TT  09130.37002508 +.00000439 +00000-0 +32189-3 0  9993
2 34474 074.0842 227.4994 0247013 306.6580 051.2069 13.85256970011710
0 COSMOS 2251 DEB
1 34474U 93036TT  09131.38104246  .00000477  00000-0  34827-3 0  9990
2 34474 074.0843 225.7956 0246954 304.6619 053.1508 13.85258866 11854
0 COSMOS 2251 DEB
1 34474U 93036TT  09132.60870536  .00000513  00000-0  37347-3 0  9999
2 34474 074.0846 223.7269 0246862 302.2507 055.4933 13.85260906 12025
0 COSMOS 2251 DEB
1 34474U 93036TT  09133.69193855  .00000524  00000-0  38101-3 0  9992
2 34474 074.0846 221.9021 0246945 300.1507 057.5347 13.85262270 12174
0 COSMOS 2251 DEB
1 34474U 93036TT  09134.34187916 +.00000529 +00000-0 +38436-3 0  9992
2 34474 074.0845 220.8068 0246983 298.9018 058.7560 13.85263111012260
0 COSMOS 2251 DEB
1 34474U 93036TT  09135.35289673  .00000540  00000-0  39203-3 0  9993
2 34474 074.0850 219.1040 0246904 296.9423 060.6727 13.85264510 12405
0 COSMOS 2251 DEB
1 34474U 93036TT  09135.56954232 +.00000545 +00000-0 +39566-3 0  9993
2 34474 074.0856 218.7398 0246992 296.5348 061.0650 13.85264857012438
0 COSMOS 2251 DEB
1 34474U 93036TT  09136.65277514  .00000570  00000-0  41277-3 0  9995
2 34474 074.0858 216.9145 0247092 294.4132 063.1460 13.85266579 12581
0 COSMOS 2251 DEB
1 34474U 93036TT  09137.59157448 +.00000587 +00000-0 +42432-3 0  9994
2 34474 074.0854 215.3327 0247175 292.6231 064.8948 13.85268072012718
0 COSMOS 2251 DEB
1 34474U 93036TT  09138.16929761  .00000589  00000-0  42569-3 0  9996
2 34474 074.0852 214.3589 0247173 291.5083 065.9870 13.85268824 12795
0 COSMOS 2251 DEB
1 34474U 93036TT  09138.31372822 +.00000611 +00000-0 +44061-3 0  9998
2 34474 074.0853 214.1156 0247319 291.2357 066.2611 13.85269529012810
0 COSMOS 2251 DEB
1 34474U 93036TT  09139.18031119  .00000621  00000-0  44756-3 0  9997
2 34474 074.0863 212.6576 0247433 289.5746 067.8847 13.85270878 12939
0 COSMOS 2251 DEB
1 34474U 93036TT  09139.32474139 +.00000629 +00000-0 +45347-3 0  9991
2 34474 074.0865 212.4145 0247401 289.2750 068.1798 13.85271246012959
0 COSMOS 2251 DEB
1 34474U 93036TT  09140.19132509  .00000663  00000-0  47665-3 0  9993
2 34474 074.0859 210.9529 0247702 287.6184 069.8176 13.85273151 13077
0 COSMOS 2251 DEB
1 34474U 93036TT  09140.26353745 +.00000667 +00000-0 +47927-3 0  9993
2 34474 074.0857 210.8305 0247714 287.4799 069.9411 13.85273337013089
0 COSMOS 2251 DEB
1 34474U 93036TT  09141.27454929  .00000695  00000-0  49908-3 0  9993
2 34474 074.0859 209.1262 0247742 285.4856 071.9059 13.85275335 13224
0 COSMOS 2251 DEB
1 34474U 93036TT  09141.56340982 +.00000713 +00000-0 +51111-3 0  9998
2 34474 074.0862 208.6396 0247690 284.9005 072.4858 13.85276070013266
0 COSMOS 2251 DEB
1 34474U 93036TT  09142.28556101  .00000714  00000-0  51197-3 0  9995
2 34474 074.0862 207.4233 0247691 283.5152 073.8493 13.85277168 13362
0 COSMOS 2251 DEB
1 34474U 93036TT  09143.29657217  .00000730  00000-0  52310-3 0  9993
2 34474 074.0860 205.7191 0247596 281.5465 075.7978 13.85279037 13505
0 COSMOS 2251 DEB
1 34474U 93036TT  09144.23536845 +.00000737 +00000-0 +52754-3 0  9990
2 34474 074.0869 204.1385 0247815 279.7591 077.5651 13.85280619013635
0 COSMOS 2251 DEB
1 34474U 93036TT  09145.53523875  .00000755  00000-0  53985-3 0  9990
2 34474 074.0868 201.9471 0247786 277.2364 080.0655 13.85282879 13816
0 COSMOS 2251 DEB
1 34474U 93036TT  09146.25738916 +.00000752 +00000-0 +53834-3 0  9994
2 34474 074.0869 200.7300 0247828 275.8541 081.4390 13.85283975013913
0 COSMOS 2251 DEB
1 34474U 93036TT  09147.19618414  .00000766  00000-0  54777-3 0  9990
2 34474 074.0872 199.1488 0247887 274.0508 083.2364 13.85285726 14046
0 COSMOS 2251 DEB
1 34474U 93036TT  09147.26839824 +.00000768 +00000-0 +54934-3 0  9995
2 34474 074.0872 199.0272 0247886 273.9122 083.3693 13.85285888014051
0 COSMOS 2251 DEB
1 34474U 93036TT  09148.20719275  .00000763  00000-0  54576-3 0  9994
2 34474 074.0876 197.4458 0248011 272.1051 085.1703 13.85287292 14183
0 COSMOS 2251 DEB
1 34474U 93036TT  09148.56826712 +.00000761 +00000-0 +54378-3 0  9996
2 34474 074.0863 196.8346 0248059 271.4167 085.8550 13.85287759014231
0 COSMOS 2251 DEB
1 34474U 93036TT  09149.43484629  .00000762  00000-0  54495-3 0  9991
2 34474 074.0864 195.3750 0248072 269.7513 087.5195 13.85289152 14351
0 COSMOS 2251 DEB
1 34474U 93036TT  09150.59028254  .00000778  00000-0  55570-3 0  9990
2 34474 074.0857 193.4263 0248279 267.5626 089.7062 13.85291349 14517
0 COSMOS 2251 DEB
1 34474U 93036TT  09151.24021517 +.00000786 +00000-0 +56063-3 0  9995
2 34474 074.0858 192.3305 0248356 266.3013 090.9695 13.85292572014601
0 COSMOS 2251 DEB
1 34474U 93036TT  09152.17900714  .00000781  00000-0  55759-3 0  9999
2 34474 074.0856 190.7488 0248348 264.4925 092.7820 13.85293998 14732
0 COSMOS 2251 DEB
1 34474U 93036TT  09152.54008083 +.00000784 +00000-0 +55951-3 0  9995
2 34474 074.0863 190.1402 0248427 263.7895 093.4875 13.85294635014788
0 COSMOS 2251 DEB
1 34474U 93036TT  09153.19001365  .00000777  00000-0  55479-3 0  9990
2 34474 074.0860 189.0451 0248434 262.5362 094.7462 13.85295544 14876
0 COSMOS 2251 DEB
1 34474U 93036TT  09154.20101894  .00000776  00000-0  55397-3 0  9999
2 34474 074.0858 187.3402 0248601 260.5701 096.7235 13.85297193 15010
0 COSMOS 2251 DEB
1 34474U 93036TT  09154.56209264 +.00000779 +00000-0 +55546-3 0  9997
2 34474 074.0862 186.7320 0248678 259.8876 097.4113 13.85297798015064
0 COSMOS 2251 DEB
1 34474U 93036TT  09155.42866907  .00000771  00000-0  54992-3 0  9992
2 34474 074.0869 185.2729 0248716 258.2141 099.0978 13.85299021 15180
0 COSMOS 2251 DEB
1 34474U 93036TT  09156.51188917  .00000762  00000-0  54340-3 0  9998
2 34474 074.0858 183.4454 0248832 256.1605 101.1715 13.85300514 15335
0 COSMOS 2251 DEB
1 34474U 93036TT  09157.37846468 +.00000758 +00000-0 +54058-3 0  9996
2 34474 074.0856 181.9853 0248879 254.4909 102.8611 13.85301799015450
0 COSMOS 2251 DEB
1 34474U 93036TT  09158.17282520  .00000745  00000-0  53195-3 0  9995
2 34474 074.0854 180.6463 0248946 252.9477 104.4224 13.85302802 15565
0 COSMOS 2251 DEB
1 34474U 93036TT  09158.53389874 +.00000736 +00000-0 +52531-3 0  9998
2 34474 074.0855 180.0372 0249001 252.2536 105.1269 13.85303181015615
0 COSMOS 2251 DEB
1 34474U 93036TT  09159.18383003  .00000731  00000-0  52204-3 0  9990
2 34474 074.0859 178.9422 0248992 251.0054 106.3936 13.85304098 15703
0 COSMOS 2251 DEB
1 34474U 93036TT  09159.47268847 +.00000729 +00000-0 +52083-3 0  9992
2 34474 074.0854 178.4545 0248992 250.4500 106.9582 13.85304473015742
0 COSMOS 2251 DEB
1 34474U 93036TT  09160.19483422  .00000724  00000-0  51726-3 0  9999
2 34474 074.0856 177.2375 0248976 249.0600 108.3709 13.85305450 15843
0 COSMOS 2251 DEB
1 34474U 93036TT  09160.48369259 +.00000717 +00000-0 +51196-3 0  9995
2 34474 074.0855 176.7507 0248987 248.4901 108.9497 13.85305718015883
0 COSMOS 2251 DEB
1 34474U 93036TT  09161.35026729  .00000715  00000-0  51076-3 0  9999
2 34474 074.0854 175.2909 0248979 246.8304 110.6415 13.85306971 16009
0 COSMOS 2251 DEB
1 34474U 93036TT  09161.49469638 +.00000713 +00000-0 +50969-3 0  9992
2 34474 074.0851 175.0471 0248975 246.5629 110.9138 13.85307144016021
0 COSMOS 2251 DEB
1 34474U 93036TT  09162.43348493  .00000703  00000-0  50236-3 0  9998
2 34474 074.0844 173.4645 0249037 244.7539 112.7583 13.85308317 16159
0 COSMOS 2251 DEB
1 34474U 93036TT  09163.44448823  .00000680  00000-0  48634-3 0  9991
2 34474 074.0845 171.7608 0248985 242.8206 114.7310 13.85309361 16296
0 COSMOS 2251 DEB
1 34474U 93036TT  09164.45549174  .00000671  00000-0  48002-3 0  9993
2 34474 074.0846 170.0574 0248982 240.8769 116.7222 13.85310604 16432
0 COSMOS 2251 DEB
1 34474U 93036TT  09165.46649431  .00000665  00000-0  47585-3 0  9990
2 34474 074.0839 168.3537 0248987 238.9292 118.7174 13.85311842 16575
0 COSMOS 2251 DEB
1 34474U 93036TT  09166.33306767 +.00000655 +00000-0 +46915-3 0  9994
2 34474 074.0844 166.8939 0249057 237.2425 120.4481 13.85312881016697
0 COSMOS 2251 DEB
1 34474U 93036TT  09167.05521171  .00000655  00000-0  46921-3 0  9999
2 34474 074.0843 165.6773 0249051 235.8592 121.8691 13.85313864 16793
0 COSMOS 2251 DEB
1 34474U 93036TT  09167.41628366 +.00000650 +00000-0 +46597-3 0  9997
2 34474 074.0838 165.0685 0249037 235.1718 122.5745 13.85314245016848
0 COSMOS 2251 DEB
1 34474U 93036TT  09168.06621329  .00000649  00000-0  46516-3 0  9990
2 34474 074.0839 163.9736 0249039 233.9175 123.8654 13.85315096 16936
0 COSMOS 2251 DEB
1 34474U 93036TT  09168.42728541 +.00000646 +00000-0 +46270-3 0  9998
2 34474 074.0841 163.3651 0249023 233.2404 124.5616 13.85315482016980
0 COSMOS 2251 DEB
1 34474U 93036TT  09169.07721415  .00000635  00000-0  45511-3 0  9998
2 34474 074.0843 162.2694 0249220 231.9823 125.8558 13.85316199 17072
0 COSMOS 2251 DEB
1 34474U 93036TT  09169.43828614 +.00000630 +00000-0 +45158-3 0  9999
2 34474 074.0840 161.6607 0249256 231.2902 126.5689 13.85316549017124
0 COSMOS 2251 DEB
1 34474U 93036TT  09170.08821543  .00000628  00000-0  45038-3 0  9990
2 34474 074.0841 160.5656 0249211 230.0568 127.8421 13.85317375 17219
0 COSMOS 2251 DEB
1 34474U 93036TT  09170.37707287 +.00000624 +00000-0 +44708-3 0  9999
2 34474 074.0838 160.0787 0249252 229.4974 128.4194 13.85317655017252
0 COSMOS 2251 DEB
1 34474U 93036TT  09171.46028794  .00000607  00000-0  43569-3 0  9994
2 34474 074.0840 158.2530 0249212 227.4345 130.5486 13.85318751 17409
0 COSMOS 2251 DEB
1 34474U 93036TT  09172.39907424 +.00000608 +00000-0 +43595-3 0  9993
2 34474 074.0840 156.6712 0249197 225.6360 132.4116 13.85319946017534
0 COSMOS 2251 DEB
1 34474U 93036TT  09172.97678832  .00000601  00000-0  43124-3 0  9996
2 34474 074.0843 155.6978 0249298 224.5118 133.5749 13.85320577 17616
0 COSMOS 2251 DEB
1 34474U 93036TT  09173.41007382 +.00000597 +00000-0 +42843-3 0  9993
2 34474 074.0840 154.9673 0249320 223.6853 134.4296 13.85321015017670
0 COSMOS 2251 DEB
1 34474U 93036TT  09173.98778793  .00000597  00000-0  42826-3 0  9997
2 34474 074.0840 153.9940 0249323 222.5755 135.5806 13.85321728 17757
0 COSMOS 2251 DEB
1 34474U 93036TT  09174.27664487 +.00000591 +00000-0 +42442-3 0  9992
2 34474 074.0840 153.5074 0249121 222.0439 136.1283 13.85321957017795
0 COSMOS 2251 DEB
1 34474U 93036TT  09174.99878813  .00000584  00000-0  41944-3 0  9999
2 34474 074.0838 152.2905 0249151 220.6529 137.5742 13.85322672 17899
0 COSMOS 2251 DEB
1 34474U 93036TT  09175.35986000 +.00000581 +00000-0 +41791-3 0  9995
2 34474 074.0841 151.6819 0249024 219.9680 138.2881 13.85323087017947
0 COSMOS 2251 DEB
1 34474U 93036TT  09176.00978787  .00000580  00000-0  41718-3 0  9999
2 34474 074.0840 150.5866 0249084 218.7223 139.5830 13.85323852 18031
0 COSMOS 2251 DEB
1 34474U 93036TT  09176.37085879 +.00000577 +00000-0 +41483-3 0  9995
2 34474 074.0833 149.9777 0249024 218.0381 140.2922 13.85324180018089
0 COSMOS 2251 DEB
1 34474U 93036TT  09177.02078660  .00000569  00000-0  40936-3 0  9991
2 34474 074.0832 148.8823 0249097 216.7716 141.6091 13.85324811 18178
0 COSMOS 2251 DEB
1 34474U 93036TT  09177.30964343 +.00000565 +00000-0 +40659-3 0  9992
2 34474 074.0832 148.3956 0249054 216.2138 142.1889 13.85325072018212
0 COSMOS 2251 DEB
1 34474U 93036TT  09178.03178530  .00000561  00000-0  40334-3 0  9994
2 34474 074.0832 147.1786 0249043 214.8290 143.6302 13.85325816 18314
0 COSMOS 2251 DEB
1 34474U 93036TT  09178.32064225 +.00000559 +00000-0 +40259-3 0  9994
2 34474 074.0828 146.6913 0249015 214.2765 144.2070 13.85326112018358
0 COSMOS 2251 DEB
1 34474U 93036TT  09179.33164177  .00000540  00000-0  38951-3 0  9999
2 34474 074.0830 144.9869 0248870 212.3406 146.2240 13.85326834 18498
0 COSMOS 2251 DEB
1 34474U 93036TT  09180.34264039  .00000522  00000-0  37702-3 0  9993
2 34474 074.0831 143.2833 0248946 210.3865 148.2620 13.85327596 18639
0 COSMOS 2251 DEB
1 34474U 93036TT  09180.92035352 +.00000513 +00000-0 +37070-3 0  9999
2 34474 074.0834 142.3099 0249061 209.2518 149.4452 13.85328041018718
0 COSMOS 2251 DEB
1 34474U 93036TT  09181.35363866  .00000509  00000-0  36761-3 0  9992
2 34474 074.0832 141.5795 0249058 208.4232 150.3115 13.85328400 18772
0 COSMOS 2251 DEB
1 34474U 93036TT  09182.94234973 +.00000480 +00000-0 +34744-3 0  9991
2 34474 074.0835 138.9023 0249186 205.3280 153.5428 13.85329448018999
0 COSMOS 2251 DEB
1 34474U 93036TT  09183.01456449  .00000478  00000-0  34621-3 0  9995
2 34474 074.0835 138.7806 0249207 205.1884 153.6918 13.85329479 19000
0 COSMOS 2251 DEB
1 34474U 93036TT  09183.88113423 +.00000465 +00000-0 +33686-3 0  9998
2 34474 074.0832 137.3195 0249056 203.5354 155.4227 13.85330104019122
0 COSMOS 2251 DEB
1 34474U 93036TT  09184.31441847  .00000465  00000-0  33687-3 0  9992
2 34474 074.0830 136.5891 0249069 202.6999 156.2969 13.85330527 19180
0 COSMOS 2251 DEB
1 34474U 93036TT  09185.90312752 +.00000442 +00000-0 +32081-3 0  9992
2 34474 074.0837 133.9114 0249184 199.6307 159.5076 13.85331628019405
0 COSMOS 2251 DEB
1 34474U 93036TT  09185.97534198  .00000441  00000-0  32062-3 0  9997
2 34474 074.0836 133.7898 0249216 199.4934 159.6540 13.85331685 19412
0 COSMOS 2251 DEB
1 34474U 93036TT  09186.91412398 +.00000432 +00000-0 +31431-3 0  9998
2 34474 074.0837 132.2083 0249288 197.6705 161.5605 13.85332350019546
0 COSMOS 2251 DEB
1 34474U 93036TT  09187.20298060  .00000427  00000-0  31065-3 0  9996
2 34474 074.0840 131.7217 0249107 197.1207 162.1375 13.85332526 19585
0 COSMOS 2251 DEB
1 34474U 93036TT  09187.27519524 +.00000429 +00000-0 +31174-3 0  9997
2 34474 074.0838 131.5997 0249110 196.9794 162.2895 13.85332623019594
0 COSMOS 2251 DEB
1 34474U 93036TT  09188.28619086  .00000422  00000-0  30730-3 0  9993
2 34474 074.0836 129.8955 0249096 195.0421 164.3200 13.85333410 19730
0 COSMOS 2251 DEB
1 34474U 93036TT  09188.93611654 +.00000422 +00000-0 +30685-3 0  9997
2 34474 074.0838 128.8000 0249090 193.7905 165.6336 13.85333990019825
0 COSMOS 2251 DEB
1 34474U 93036TT  09189.22497229 +.00000417 +00000-0 +30401-3 0  9990
2 34474 074.0834 128.3134 0249033 193.2322 166.2180 13.85334163019860
0 COSMOS 2251 DEB
1 34474U 93036TT  09190.16375356  .00000411  00000-0  29990-3 0  9996
2 34474 074.0837 126.7315 0248907 191.4259 168.1125 13.85334886 19990
0 COSMOS 2251 DEB
1 34474U 93036TT  09190.88589338 +.00000401 +00000-0 +29294-3 0  9998
2 34474 074.0837 125.5146 0248868 190.0229 169.5839 13.85335256020099
0 COSMOS 2251 DEB
1 34474U 93036TT  09191.17474990  .00000398  00000-0  29054-3 0  9997
2 34474 074.0838 125.0280 0248689 189.4621 170.1751 13.85335451 20136
0 COSMOS 2251 DEB
1 34474U 93036TT  09191.24696431 +.00000397 +00000-0 +29028-3 0  9991
2 34474 074.0837 124.9062 0248703 189.3227 170.3242 13.85335501020143
0 COSMOS 2251 DEB
1 34474U 93036TT  09192.18574457  .00000396  00000-0  28882-3 0  9994
2 34474 074.0834 123.3242 0248822 187.5159 172.2212 13.85336220 20270
0 COSMOS 2251 DEB
1 34474U 93036TT  09192.83566916 +.00000389 +00000-0 +28442-3 0  9991
2 34474 074.0835 122.2288 0248910 186.2587 173.5395 13.85336615020362
0 COSMOS 2251 DEB
1 34474U 93036TT  09193.19673877  .00000386  00000-0  28192-3 0  9995
2 34474 074.0835 121.6204 0248933 185.5589 174.2759 13.85336844 20414
0 COSMOS 2251 DEB
1 34474U 93036TT  09193.77444946 +.00000385 +00000-0 +28138-3 0  9991
2 34474 074.0836 120.6467 0248955 184.4475 175.4443 13.85337301020491
0 COSMOS 2251 DEB
1 34474U 93036TT  09194.20773259  .00000379  00000-0  27694-3 0  9991
2 34474 074.0838 119.9165 0249028 183.6055 176.3282 13.85337512 20558
0 COSMOS 2251 DEB
1 34474U 93036TT  09195.14651184 +.00000375 +00000-0 +27472-3 0  9997
2 34474 074.0841 118.3349 0248967 181.7933 178.2309 13.85338214020689
0 COSMOS 2251 DEB
1 34474U 93036TT  09196.15750464  .00000371  00000-0  27149-3 0  9997
2 34474 074.0838 116.6312 0249035 179.8497 180.2754 13.85338939 20823
0 COSMOS 2251 DEB
1 34474U 93036TT  09197.16849645  .00000358  00000-0  26256-3 0  9992
2 34474 074.0847 114.9287 0248916 177.8831 182.3346 13.85339484 20963
0 COSMOS 2251 DEB
1 34474U 93036TT  09197.81842099 +.00000363 +00000-0 +26601-3 0  9990
2 34474 074.0846 113.8335 0248904 176.6380 183.6520 13.85340099021050
0 COSMOS 2251 DEB
1 34474U 93036TT  09198.17948881  .00000364  00000-0  26649-3 0  9999
2 34474 074.0843 113.2248 0248923 175.9467 184.3761 13.85340369 21104
0 COSMOS 2251 DEB
1 34474U 93036TT  09199.19048012 +.00000365 +00000-0 +26704-3 0  9992
2 34474 074.0838 111.5204 0248933 173.9790 186.4473 13.85341191021241
0 COSMOS 2251 DEB
1 34474U 93036TT  09200.20146963  .00000365  00000-0  26756-3 0  9998
2 34474 074.0833 109.8157 0249001 172.0229 188.4997 13.85341968 21387
0 COSMOS 2251 DEB
1 34474U 93036TT  09200.77917752 +.00000366 +00000-0 +26759-3 0  9996
2 34474 074.0832 108.8409 0249038 170.9182 189.6593 13.85342430021469
0 COSMOS 2251 DEB
1 34474U 93036TT  09201.14024491 +.00000369 +00000-0 +26964-3 0  9998
2 34474 074.0835 108.2327 0249117 170.2266 190.3850 13.85342747021511
0 COSMOS 2251 DEB
1 34474U 93036TT  09202.07902003  .00000376  00000-0  27436-3 0  9998
2 34474 074.0839 106.6513 0249064 168.4230 192.2796 13.85343650 21643
0 COSMOS 2251 DEB
1 34474U 93036TT  09202.15123305 +.00000378 +00000-0 +27588-3 0  9997
2 34474 074.0833 106.5280 0249137 168.2772 192.4325 13.85343741021659
0 COSMOS 2251 DEB
1 34474U 93036TT  09203.16222053  .00000384  00000-0  27982-3 0  9994
2 34474 074.0835 104.8243 0249151 166.3435 194.4614 13.85344649 21798
0 COSMOS 2251 DEB
1 34474U 93036TT  09204.17320744  .00000384  00000-0  27977-3 0  9996
2 34474 074.0832 103.1205 0249138 164.3994 196.5000 13.85345452 21939
0 COSMOS 2251 DEB
1 34474U 93036TT  09205.11198030 +.00000385 +00000-0 +28083-3 0  9992
2 34474 074.0829 101.5379 0249167 162.5907 198.3958 13.85346213022068
0 COSMOS 2251 DEB
1 34474U 93036TT  09206.12296580  .00000384  00000-0  28027-3 0  9990
2 34474 074.0829 099.8343 0249218 160.6518 200.4281 13.85347014 22202
0 COSMOS 2251 DEB
1 34474U 93036TT  09206.77288475 +.00000384 +00000-0 +28009-3 0  9995
2 34474 074.0827 098.7380 0249282 159.3798 201.7599 13.85347502022292
0 COSMOS 2251 DEB
1 34474U 93036TT  09207.13395082  .00000392  00000-0  28531-3 0  9998
2 34474 074.0827 098.1291 0249270 158.6934 202.4815 13.85347923 22340
0 COSMOS 2251 DEB
1 34474U 93036TT  09208.14493393  .00000396  00000-0  28823-3 0  9992
2 34474 074.0829 096.4258 0249287 156.7504 204.5140 13.85348872 22489
0 COSMOS 2251 DEB
1 34474U 93036TT  09209.73362007  .00000402  00000-0  29180-3 0  9990
2 34474 074.0825 093.7479 0249372 153.6915 207.7130 13.85350313 22709
0 COSMOS 2251 DEB
1 34474U 93036TT  09210.09468495 +.00000407 +00000-0 +29536-3 0  9999
2 34474 074.0823 093.1392 0249516 152.9978 208.4417 13.85350750022752
0 COSMOS 2251 DEB
1 34474U 93036TT  09211.10566519  .00000413  00000-0  29978-3 0  9995
2 34474 074.0821 091.4354 0249441 151.0407 210.4832 13.85351723 22893
0 COSMOS 2251 DEB
1 34474U 93036TT  09212.04443203 +.00000417 +00000-0 +30212-3 0  9990
2 34474 074.0822 089.8534 0249391 149.2347 212.3696 13.85352646023021
0 COSMOS 2251 DEB
1 34474U 93036TT  09213.05541030  .00000430  00000-0  31100-3 0  9991
2 34474 074.0818 088.1493 0249362 147.2814 214.4076 13.85353787 23164
0 COSMOS 2251 DEB
1 34474U 93036TT  09213.63311115 +.00000440 +00000-0 +31805-3 0  9997
2 34474 074.0819 087.1752 0249284 146.1265 215.6049 13.85354445023247
0 COSMOS 2251 DEB
1 34474U 93036TT  09214.06638746  .00000435  00000-0  31494-3 0  9995
2 34474 074.0819 086.4452 0249283 145.2948 216.4739 13.85354829 23301
0 COSMOS 2251 DEB
1 34474U 93036TT  09214.64408778 +.00000456 +00000-0 +32889-3 0  9991
2 34474 074.0820 085.4710 0249312 144.1673 217.6457 13.85355625023388
0 COSMOS 2251 DEB
1 34474U 93036TT  09215.07736347  .00000455  00000-0  32826-3 0  9995
2 34474 074.0816 084.7405 0249327 143.3409 218.5077 13.85356015 23449
0 COSMOS 2251 DEB
1 34474U 93036TT  09215.72727596 +.00000456 +00000-0 +32887-3 0  9991
2 34474 074.0817 083.6453 0249354 142.0955 219.8022 13.85356645023536
0 COSMOS 2251 DEB
1 34474U 93036TT  09216.08833839  .00000457  00000-0  33017-3 0  9996
2 34474 074.0815 083.0367 0249318 141.3947 220.5310 13.85357028 23585
0 COSMOS 2251 DEB
1 34474U 93036TT  09217.67701092  .00000455  00000-0  32848-3 0  9996
2 34474 074.0821 080.3598 0249364 138.3416 223.6989 13.85358493 23804
0 COSMOS 2251 DEB
1 34474U 93036TT  09218.03807282 +.00000458 +00000-0 +33068-3 0  9993
2 34474 074.0819 079.7510 0249461 137.6442 224.4260 13.85358928023855
0 COSMOS 2251 DEB
1 34474U 93036TT  09219.04904406  .00000464  00000-0  33417-3 0  9996
2 34474 074.0814 078.0469 0249394 135.6936 226.4464 13.85359982 23990
0 COSMOS 2251 DEB
1 34474U 93036TT  09220.56549878  .00000468  00000-0  33737-3 0  9992
2 34474 074.0817 075.4914 0249437 132.7747 229.4663 13.85361550 24208
0 COSMOS 2251 DEB
1 34474U 93036TT  09221.64867852 +.00000472 +00000-0 +34006-3 0  9992
2 34474 074.0812 073.6654 0249468 130.6762 231.6334 13.85362727024355
0 COSMOS 2251 DEB
1 34474U 93036TT  09222.58743316 +.00000477 +00000-0 +34292-3 0  9996
2 34474 074.0810 072.0825 0249561 128.8755 233.4918 13.85363747024486
0 COSMOS 2251 DEB
1 34474U 93036TT  09223.02070450  .00000478  00000-0  34385-3 0  9992
2 34474 074.0807 071.3520 0249539 128.0379 234.3563 13.85364201 24544
0 COSMOS 2251 DEB
1 34474U 93036TT  09224.03166928  .00000484  00000-0  34775-3 0  9990
2 34474 074.0808 069.6481 0249583 126.0941 236.3581 13.85365331 24685
0 COSMOS 2251 DEB
1 34474U 93036TT  09224.60936293 +.00000483 +00000-0 +34727-3 0  9999
2 34474 074.0808 068.6745 0249585 124.9835 237.4998 13.85365897024768
0 COSMOS 2251 DEB
1 34474U 93036TT  09224.97042138 +.00000487 +00000-0 +34967-3 0  9995
2 34474 074.0801 068.0652 0249650 124.2993 238.2060 13.85366327024817
0 COSMOS 2251 DEB
1 34474U 93036TT  09225.98138344  .00000491  00000-0  35299-3 0  9996
2 34474 074.0803 066.3613 0249644 122.3567 240.2003 13.85367452 24951
0 COSMOS 2251 DEB
1 34474U 93036TT  09226.99234424  .00000500  00000-0  35914-3 0  9999
2 34474 074.0805 064.6574 0249643 120.4051 242.2016 13.85368649 25097
0 COSMOS 2251 DEB
1 34474U 93036TT  09228.58099417  .00000482  00000-0  34620-3 0  9999
2 34474 074.0805 061.9801 0249708 117.3539 245.3139 13.85369824 25319
0 COSMOS 2251 DEB
1 34474U 93036TT  09228.94205272 +.00000480 +00000-0 +34519-3 0  9992
2 34474 074.0804 061.3714 0249713 116.6629 246.0297 13.85370147025361
0 COSMOS 2251 DEB
1 34474U 93036TT  09229.51974292 +.00000477 +00000-0 +34285-3 0  9997
2 34474 074.0804 060.3976 0249701 115.5373 247.1769 13.85370623025445
0 COSMOS 2251 DEB
1 34474U 93036TT  09229.95301082  .00000469  00000-0  33783-3 0  9999
2 34474 074.0803 059.6672 0249666 114.6657 248.0661 13.85370930 25502
0 COSMOS 2251 DEB
1 34474U 93036TT  09230.96396752  .00000466  00000-0  33563-3 0  9993
2 34474 074.0802 057.9630 0249675 112.7289 250.0429 13.85371864 25643
0 COSMOS 2251 DEB
1 34474U 93036TT  09232.48039935  .00000459  00000-0  33035-3 0  9995
2 34474 074.0802 055.4073 0249728 109.8259 252.9953 13.85373196 25856
0 COSMOS 2251 DEB
1 34474U 93036TT  09232.69703261 +.00000432 +00000-0 +31224-3 0  9997
2 34474 074.0799 055.0415 0249701 109.4131 253.4026 13.85372705025888
0 COSMOS 2251 DEB
1 34474U 93036TT  09233.56356685  .00000423  00000-0  30603-3 0  9998
2 34474 074.0791 053.5799 0249707 107.7716 255.0807 13.85373253 26003
0 COSMOS 2251 DEB
1 34474U 93036TT  09234.64673124  .00000400  00000-0  29018-3 0  9991
2 34474 074.0786 051.7537 0249712 105.6378 257.2427 13.85373774 26150
0 COSMOS 2251 DEB
1 34474U 93036TT  09235.58547212 +.00000389 +00000-0 +28218-3 0  9990
2 34474 074.0785 050.1713 0249726 103.8674 259.0346 13.85374320026284
0 COSMOS 2251 DEB
1 34474U 93036TT  09235.65768333  .00000383  00000-0  27844-3 0  9995
2 34474 074.0787 050.0501 0249706 103.7322 259.1718 13.85374271 26297
0 COSMOS 2251 DEB
1 34474U 93036TT  09236.66863375  .00000369  00000-0  26817-3 0  9992
2 34474 074.0786 048.3463 0249845 101.8369 261.0868 13.85374807 26436
0 COSMOS 2251 DEB
1 34474U 93036TT  09237.60737274 +.00000356 +00000-0 +25928-3 0  9993
2 34474 074.0789 046.7642 0249841 100.0131 262.9241 13.85375288026567
0 COSMOS 2251 DEB
1 34474U 93036TT  09238.47390069  .00000339  00000-0  24763-3 0  9993
2 34474 074.0787 045.3033 0249873 098.3377 264.6127 13.85375648 26685
0 COSMOS 2251 DEB
1 34474U 93036TT  09238.61832250 +.00000332 +00000-0 +24302-3 0  9994
2 34474 074.0783 045.0594 0249908 098.0665 264.8874 13.85375599026705
0 COSMOS 2251 DEB
1 34474U 93036TT  09239.55705968  .00000323  00000-0  23674-3 0  9994
2 34474 074.0786 043.4776 0249971 096.2839 266.6801 13.85376098 26834
0 COSMOS 2251 DEB
1 34474U 93036TT  09240.64021682  .00000314  00000-0  23020-3 0  9995
2 34474 074.0789 041.6526 0249997 094.1775 268.7915 13.85376638 26989
0 COSMOS 2251 DEB
1 34474U 93036TT  09241.65116319  .00000304  00000-0  22387-3 0  9993
2 34474 074.0788 039.9487 0250010 092.2390 270.7369 13.85377134 27129
0 COSMOS 2251 DEB
1 34474U 93036TT  09242.58989726 +.00000299 +00000-0 +21997-3 0  9995
2 34474 074.0795 038.3673 0249967 090.4243 272.5505 13.85377666027259
0 COSMOS 2251 DEB
1 34474U 93036TT  09243.45642053  .00000299  00000-0  22024-3 0  9993
2 34474 074.0795 036.9066 0249955 088.7752 274.2009 13.85378248 27379
0 COSMOS 2251 DEB
1 34474U 93036TT  09243.52863044 +.00000299 +00000-0 +21984-3 0  9990
2 34474 074.0796 036.7849 0249969 088.6372 274.3370 13.85378282027380
0 COSMOS 2251 DEB
1 34474U 93036TT  09244.61178297  .00000283  00000-0  20937-3 0  9990
2 34474 074.0801 034.9597 0250000 086.5709 276.3940 13.85378680 27530
0 COSMOS 2251 DEB
1 34474U 93036TT  09245.62272496  .00000276  00000-0  20455-3 0  9995
2 34474 074.0798 033.2557 0249944 084.6297 278.3286 13.85379177 27671
0 COSMOS 2251 DEB
1 34474U 93036TT  09246.56145507 +.00000269 +00000-0 +19965-3 0  9997
2 34474 074.0798 031.6730 0249886 082.8355 280.1095 13.85379606027807
0 COSMOS 2251 DEB
1 34474U 93036TT  09247.42797476  .00000267  00000-0  19807-3 0  9994
2 34474 074.0798 030.2128 0249891 081.1834 281.7498 13.85380073 27920
0 COSMOS 2251 DEB
1 34474U 93036TT  09247.57239460 +.00000260 +00000-0 +19313-3 0  9999
2 34474 074.0801 029.9704 0249802 080.8917 282.0359 13.85380017027940
0 COSMOS 2251 DEB
1 34474U 93036TT  09248.43891369  .00000254  00000-0  18951-3 0  9997
2 34474 074.0802 028.5099 0249806 079.2402 283.6722 13.85380389 28065
0 COSMOS 2251 DEB
1 34474U 93036TT  09248.58333370 +.00000247 +00000-0 +18414-3 0  9992
2 34474 074.0804 028.2669 0249792 078.9795 283.9307 13.85380341028084
0 COSMOS 2251 DEB
1 34474U 93036TT  09249.59427149  .00000230  00000-0  17283-3 0  9997
2 34474 074.0805 026.5630 0249833 077.0182 285.8663 13.85380582 28229
0 COSMOS 2251 DEB
1 34474U 93036TT  09250.53299952 +.00000220 +00000-0 +16598-3 0  9999
2 34474 074.0805 024.9808 0249810 075.2249 287.6392 13.85380850028358
0 COSMOS 2251 DEB
1 34474U 93036TT  09251.39951650  .00000215  00000-0  16282-3 0  9998
2 34474 074.0809 023.5210 0249823 073.5838 289.2581 13.85381191 28473
0 COSMOS 2251 DEB
1 34474U 93036TT  09251.54393603 +.00000210 +00000-0 +15898-3 0  9990
2 34474 074.0808 023.2775 0249806 073.3133 289.5235 13.85381130028496
0 COSMOS 2251 DEB
1 34474U 93036TT  09252.48266188  .00000203  00000-0  15394-3 0  9994
2 34474 074.0809 021.6960 0249829 071.4922 291.3136 13.85381402 28623
0 COSMOS 2251 DEB
1 34474U 93036TT  09252.55487227 +.00000199 +00000-0 +15155-3 0  9990
2 34474 074.0813 021.5745 0249818 071.3440 291.4619 13.85381382028635
0 COSMOS 2251 DEB
1 34474U 93036TT  09253.78243448  .00000186  00000-0  14286-3 0  9991
2 34474 074.0803 019.5047 0249346 068.9277 293.8306 13.85381734 28801
0 COSMOS 2251 DEB
1 34474U 93036TT  09254.43232039 +.00000183 +00000-0 +14036-3 0  9998
2 34474 074.0805 018.4077 0249347 067.7100 295.0250 13.85381923028898
0 COSMOS 2251 DEB
1 34474U 93036TT  09255.37104396  .00000170  00000-0  13199-3 0  9991
2 34474 074.0809 016.8258 0249351 065.9328 296.7629 13.85382046 29023
0 COSMOS 2251 DEB
1 34474U 93036TT  09255.51546373 +.00000162 +00000-0 +12597-3 0  9994
2 34474 074.0808 016.5827 0249267 065.6528 297.0375 13.85381894029040
0 COSMOS 2251 DEB
1 34474U 93036TT  09256.38197772  .00000149  00000-0  11752-3 0  9992
2 34474 074.0809 015.1224 0249223 064.0255 298.6288 13.85381953 29168
0 COSMOS 2251 DEB
1 34474U 93036TT  09256.52639713 +.00000141 +00000-0 +11212-3 0  9997
2 34474 074.0813 014.8804 0249185 063.7382 298.9095 13.85381858029182
0 COSMOS 2251 DEB
1 34474U 93036TT  09257.39291064  .00000136  00000-0  10869-3 0  9997
2 34474 074.0813 013.4188 0249141 062.0888 300.5228 13.85382057 29301
0 COSMOS 2251 DEB
1 34474U 93036TT  09258.47605109  .00000124  00000-0  99870-4 0  9993
2 34474 074.0814 011.5940 0249095 060.0207 302.5361 13.85382146 29453
0 COSMOS 2251 DEB
1 34474U 93036TT  09259.34256363 +.00000117 +00000-0 +95677-4 0  9997
2 34474 074.0817 010.1322 0249017 058.3564 304.1606 13.85382330029573
0 COSMOS 2251 DEB
1 34474U 93036TT  09260.35349334  .00000119  00000-0  96809-4 0  9991
2 34474 074.0814 008.4271 0248837 056.4521 306.0154 13.85382670 29716
0 COSMOS 2251 DEB
1 34474U 93036TT  09260.71453850 +.00000116 +00000-0 +94467-4 0  9995
2 34474 074.0814 007.8182 0248787 055.7327 306.7085 13.85382715029765
0 COSMOS 2251 DEB
1 34474U 93036TT  09261.36442156  .00000115  00000-0  94411-4 0  9992
2 34474 074.0814 006.7227 0248789 054.4872 307.9184 13.85382892 29855
0 COSMOS 2251 DEB
1 34474U 93036TT  09262.37535009  .00000104  00000-0  86272-4 0  9998
2 34474 074.0814 005.0187 0248666 052.5215 309.8214 13.85382915 29992
0 COSMOS 2251 DEB
1 34474U 93036TT  09262.73639644 +.00000098 +00000-0 +82732-4 0  9997
2 34474 074.0814 004.4103 0248654 051.7744 310.5461 13.85382903030046
0 COSMOS 2251 DEB
1 34474U 93036TT  09263.31406999 +.00000104 +00000-0 +86753-4 0  9992
2 34474 074.0814 003.4363 0248597 050.7092 311.5839 13.85383193030125
0 COSMOS 2251 DEB
1 34474U 93036TT  09264.32499647  .00000109  00000-0  89816-4 0  9994
2 34474 074.0811 001.7314 0248391 048.7840 313.4467 13.85383563 30263
0 COSMOS 2251 DEB
1 34474U 93036TT  09264.68604057 +.00000111 +00000-0 +91245-4 0  9998
2 34474 074.0813 001.1232 0248315 048.0839 314.1173 13.85383678030310
0 COSMOS 2251 DEB
1 34474U 93036TT  09265.40813084  .00000110  00000-0  90708-4 0  9993
2 34474 074.0814 359.9056 0248265 046.6531 315.4985 13.85383844 30417
0 COSMOS 2251 DEB
1 34474U 93036TT  09265.69696699 +.00000104 +00000-0 +86978-4 0  9992
2 34474 074.0815 359.4187 0248237 046.0020 316.1257 13.85383819030450
0 COSMOS 2251 DEB
1 34474U 93036TT  09266.41905701  .00000104  00000-0  86672-4 0  9991
2 34474 074.0814 358.2021 0248132 044.6133 317.4664 13.85383985 30557
0 COSMOS 2251 DEB
1 34474U 93036TT  09267.42998255  .00000102  00000-0  85643-4 0  9994
2 34474 074.0821 356.4995 0248086 042.6564 319.3528 13.85384225 30692
0 COSMOS 2251 DEB
1 34474U 93036TT  09268.65753279  .00000115  00000-0  94339-4 0  9991
2 34474 074.0821 354.4306 0247894 040.2656 321.6546 13.85384824 30868
0 COSMOS 2251 DEB
1 34474U 93036TT  09269.23520349 +.00000125 +00000-0 +10131-3 0  9994
2 34474 074.0819 353.4567 0247824 039.1193 322.7616 13.85385231030941
0 COSMOS 2251 DEB
1 34474U 93036TT  09270.24612574  .00000133  00000-0  10734-3 0  9997
2 34474 074.0823 351.7532 0247787 037.1599 324.6423 13.85385725 31086
0 COSMOS 2251 DEB
1 34474U 93036TT  09270.67937774 +.00000140 +00000-0 +11178-3 0  9997
2 34474 074.0828 351.0239 0247791 036.3133 325.4538 13.85386002031140
0 COSMOS 2251 DEB
1 34474U 93036TT  09271.25704740  .00000147  00000-0  11654-3 0  9993
2 34474 074.0827 350.0503 0247776 035.1842 326.5398 13.85386362 31223
0 COSMOS 2251 DEB
1 34474U 93036TT  09272.26796852  .00000155  00000-0  12235-3 0  9995
2 34474 074.0834 348.3479 0247734 033.2267 328.4166 13.85386898 31360
0 COSMOS 2251 DEB
1 34474U 93036TT  09272.62901130 +.00000161 +00000-0 +12679-3 0  9991
2 34474 074.0838 347.7398 0247745 032.5228 329.0900 13.85387152031411
0 COSMOS 2251 DEB
1 34474U 93036TT  09273.27888879  .00000170  00000-0  13279-3 0  9994
2 34474 074.0836 346.6440 0247710 031.2517 330.3112 13.85387599 31509
0 COSMOS 2251 DEB
1 34474U 93036TT  09274.28980813  .00000180  00000-0  14010-3 0  9992
2 34474 074.0840 344.9398 0247458 029.3313 332.1501 13.85388210 31646
0 COSMOS 2251 DEB
1 34474U 93036TT  09274.65084974 +.00000182 +00000-0 +14122-3 0  9992
2 34474 074.0838 344.3318 0247436 028.6244 332.8207 13.85388364031695
0 COSMOS 2251 DEB
1 34474U 93036TT  09275.15630948 +.00000184 +00000-0 +14250-3 0  9990
2 34474 074.0838 343.4801 0247415 027.6525 333.7518 13.85388616031763
0 COSMOS 2251 DEB
1 34474U 93036TT  09276.23943674  .00000201  00000-0  15413-3 0  9995
2 34474 074.0839 341.6548 0247296 025.5713 335.7473 13.85389428 31916
0 COSMOS 2251 DEB
1 34474U 93036TT  09276.60047758 +.00000206 +00000-0 +15815-3 0  9995
2 34474 074.0844 341.0468 0247304 024.8531 336.4272 13.85389683031960
0 COSMOS 2251 DEB
1 34474U 93036TT  09277.25035334  .00000214  00000-0  16330-3 0  9996
2 34474 074.0840 339.9509 0247271 023.6013 337.6266 13.85390147 32057
0 COSMOS 2251 DEB
1 34474U 93036TT  09277.61139455 +.00000213 +00000-0 +16298-3 0  9997
2 34474 074.0840 339.3426 0247336 022.8754 338.3154 13.85390293032106
0 COSMOS 2251 DEB
1 34474U 93036TT  09279.27218689  .00000221  00000-0  16857-3 0  9998
2 34474 074.0841 336.5445 0247318 019.6731 341.3770 13.85391279 32334
0 COSMOS 2251 DEB
1 34474U 93036TT  09280.13868562 +.00000243 +00000-0 +18370-3 0  9992
2 34474 074.0840 335.0840 0247299 017.9738 343.0028 13.85392187032459
0 COSMOS 2251 DEB
1 34474U 93036TT  09281.22180728  .00000270  00000-0  20268-3 0  9993
2 34474 074.0840 333.2582 0247209 015.8908 344.9897 13.85393347 32609
0 COSMOS 2251 DEB
1 34474U 93036TT  09281.58284610 +.00000270 +00000-0 +20262-3 0  9991
2 34474 074.0837 332.6496 0247248 015.1746 345.6618 13.85393532032658
0 COSMOS 2251 DEB
1 34474U 93036TT  09283.09921699  .00000273  00000-0  20484-3 0  9993
2 34474 074.0834 330.0942 0247277 012.2541 348.4457 13.85394475 32868
0 COSMOS 2251 DEB
1 34474U 93036TT  09284.18233798  .00000308  00000-0  22892-3 0  9994
2 34474 074.0836 328.2684 0247373 010.1309 350.4844 13.85396000 33015
0 COSMOS 2251 DEB
1 34474U 93036TT  09284.54337450 +.00000322 +00000-0 +23851-3 0  9996
2 34474 074.0835 327.6594 0247375 009.3868 351.1771 13.85396425033062
0 COSMOS 2251 DEB
1 34474U 93036TT  09285.55428484  .00000332  00000-0  24552-3 0  9996
2 34474 074.0823 325.9543 0247463 007.3952 353.0713 13.85397300 33200
0 COSMOS 2251 DEB
1 34474U 93036TT  09286.05974029 +.00000329 +00000-0 +24315-3 0  9996
2 34474 074.0823 325.1025 0247487 006.3950 354.0235 13.85397615033276
0 COSMOS 2251 DEB
1 34474U 93036TT  09287.14285857  .00000341  00000-0  25162-3 0  9996
2 34474 074.0828 323.2775 0247503 004.3031 356.0183 13.85398658 33428
0 COSMOS 2251 DEB
1 34474U 93036TT  09288.15376737  .00000361  00000-0  26584-3 0  9997
2 34474 074.0823 321.5730 0247593 002.3362 357.8934 13.85399840 33561
0 COSMOS 2251 DEB
1 34474U 93036TT  09289.09246678 +.00000372 +00000-0 +27337-3 0  9990
2 34474 074.0826 319.9910 0247569 000.5117 359.6251 13.85400792033691
0 COSMOS 2251 DEB
1 34474U 93036TT  09290.53662019  .00000384  00000-0  28136-3 0  9993
2 34474 074.0831 317.5579 0247457 357.7498 002.2519 13.85402166 33894
0 COSMOS 2251 DEB
1 34474U 93036TT  09291.47531906 +.00000390 +00000-0 +28556-3 0  9990
2 34474 074.0829 315.9754 0247464 355.9396 003.9730 13.85403033034026
0 COSMOS 2251 DEB
1 34474U 93036TT  09292.12518726  .00000421  00000-0  30738-3 0  9998
2 34474 074.0833 314.8807 0247358 354.6934 005.1743 13.85404398 34117
0 COSMOS 2251 DEB
1 34474U 93036TT  09293.49712649  .00000433  00000-0  31536-3 0  9999
2 34474 074.0818 312.5656 0247541 351.9879 007.7336 13.85405783 34305
0 COSMOS 2251 DEB
1 34474U 93036TT  09295.44672732  .00000441  00000-0  32149-3 0  9994
2 34474 074.0811 309.2791 0247555 348.2485 011.2949 13.85407718 34577
0 COSMOS 2251 DEB
1 34474U 93036TT  09296.45763013  .00000486  00000-0  35241-3 0  9994
2 34474 074.0807 307.5746 0247922 346.2275 013.2349 13.85409673 34710
0 COSMOS 2251 DEB
1 34474U 93036TT  09297.46852821  .00000501  00000-0  36250-3 0  9991
2 34474 074.0815 305.8714 0247950 344.2573 015.0957 13.85410974 34851
0 COSMOS 2251 DEB
1 34474U 93036TT  09298.47942880  .00000502  00000-0  36337-3 0  9995
2 34474 074.0815 304.1675 0248016 342.3074 016.9521 13.85412080 34990
0 COSMOS 2251 DEB
1 34474U 93036TT  09299.41812169 +.00000525 +00000-0 +37910-3 0  9999
2 34474 074.0821 302.5864 0248226 340.5015 018.6758 13.85413524035128
0 COSMOS 2251 DEB
1 34474U 93036TT  09300.35681394  .00000534  00000-0  38507-3 0  9992
2 34474 074.0823 301.0040 0248157 338.6828 020.4125 13.85414721 35256
0 COSMOS 2251 DEB
1 34474U 93036TT  09300.42902046 +.00000532 +00000-0 +38410-3 0  9991
2 34474 074.0823 300.8823 0248165 338.5407 020.5447 13.85414770035266
0 COSMOS 2251 DEB
1 34474U 93036TT  09301.07888429 +.00000543 +00000-0 +39140-3 0  9994
2 34474 074.0824 299.7866 0248154 337.2848 021.7469 13.85415688035359
0 COSMOS 2251 DEB
1 34474U 93036TT  09302.37861033  .00000543  00000-0  39162-3 0  9994
2 34474 074.0823 297.5961 0248227 334.7849 024.1322 13.85417172 35539
0 COSMOS 2251 DEB
1 34474U 93036TT  09302.95626624 +.00000544 +00000-0 +39199-3 0  9994
2 34474 074.0822 296.6223 0248215 333.6744 025.1940 13.85417838035613
0 COSMOS 2251 DEB
1 34474U 93036TT  09303.38950789 +.00000542 +00000-0 +39076-3 0  9996
2 34474 074.0819 295.8914 0248289 332.8381 025.9920 13.85418282035672
0 COSMOS 2251 DEB
1 34474U 93036TT  09304.40040531 +.00000547 +00000-0 +39434-3 0  9998
2 34474 074.0821 294.1874 0248313 330.8860 027.8620 13.85419523035813
0 COSMOS 2251 DEB
1 34474U 93036TT  09304.97806030 +.00000541 +00000-0 +38974-3 0  9996
2 34474 074.0819 293.2130 0248310 329.7622 028.9368 13.85420087035891
0 COSMOS 2251 DEB
1 34474U 93036TT  09306.42219778 +.00000534 +00000-0 +38546-3 0  9992
2 34474 074.0822 290.7794 0248345 326.9806 031.6007 13.85421627036099
0 COSMOS 2251 DEB
1 34474U 93036TT  09307.36088687 +.00000544 +00000-0 +39208-3 0  9996
2 34474 074.0824 289.1975 0248463 325.1930 033.3181 13.85422890036224
0 COSMOS 2251 DEB
1 34474U 93036TT  09308.01074754  .00000541  00000-0  39029-3 0  9997
2 34474 074.0824 288.1022 0248444 323.9453 034.5119 13.85423564 36314
0 COSMOS 2251 DEB
1 34474U 93036TT  09308.37178173 +.00000551 +00000-0 +39721-3 0  9996
2 34474 074.0830 287.4941 0248519 323.2608 035.1716 13.85424170036360
0 COSMOS 2251 DEB
1 34474U 93036TT  09309.38267600  .00000548  00000-0  39502-3 0  9995
2 34474 074.0832 285.7904 0248624 321.3203 037.0329 13.85425274 36502
0 COSMOS 2251 DEB
1 34474U 93036TT  09310.89901779  .00000539  00000-0  38875-3 0  9997
2 34474 074.0831 283.2348 0248607 318.4157 039.8266 13.85426780 36718
0 COSMOS 2251 DEB
1 34474U 93036TT  09311.33225845 +.00000535 +00000-0 +38559-3 0  9995
2 34474 074.0826 282.5037 0248684 317.5814 040.6298 13.85427137036772
0 COSMOS 2251 DEB
1 34474U 93036TT  09312.34315247  .00000521  00000-0  37599-3 0  9991
2 34474 074.0833 280.7998 0248823 315.6577 042.4801 13.85427999 36918
0 COSMOS 2251 DEB
1 34474U 93036TT  09312.92080692 +.00000518 +00000-0 +37395-3 0  9998
2 34474 074.0830 279.8256 0248835 314.5567 043.5459 13.85428550036994
0 COSMOS 2251 DEB
1 34474U 93036TT  09313.35404724  .00000519  00000-0  37449-3 0  9993
2 34474 074.0830 279.0951 0248845 313.7387 044.3375 13.85429053 37053
0 COSMOS 2251 DEB
1 34474U 93036TT  09313.93170038 +.00000515 +00000-0 +37180-3 0  9993
2 34474 074.0830 278.1216 0248805 312.6280 045.4087 13.85429591037131
0 COSMOS 2251 DEB
1 34474U 93036TT  09314.87038708  .00000508  00000-0  36717-3 0  9991
2 34474 074.0828 276.5393 0248802 310.8366 047.1392 13.85430432 37266
0 COSMOS 2251 DEB
1 34474U 93036TT  09314.87038708 +.00000508 +00000-0 +36717-3 0  9991
2 34474 074.0828 276.5393 0248802 310.8366 047.1392 13.85430432037266
0 COSMOS 2251 DEB
1 34474U 93036TT  09315.88128110  .00000496  00000-0  35889-3 0  9995
2 34474 074.0825 274.8344 0248908 308.9097 049.0035 13.85431194 37403
0 COSMOS 2251 DEB
1 34474U 93036TT  09316.31452148 +.00000484 +00000-0 +35025-3 0  9994
2 34474 074.0832 274.1044 0248996 308.1012 049.7860 13.85431450037461
0 COSMOS 2251 DEB
1 34474U 93036TT  09317.25320826  .00000470  00000-0  34101-3 0  9994
2 34474 074.0836 272.5226 0248961 306.2840 051.5495 13.85432181 37590
0 COSMOS 2251 DEB
1 34474U 93036TT  09318.26410142  .00000463  00000-0  33603-3 0  9995
2 34474 074.0837 270.8193 0248913 304.3316 053.4458 13.85433035 37734
0 COSMOS 2251 DEB
1 34474U 93036TT  09318.84175477 +.00000454 +00000-0 +32994-3 0  9990
2 34474 074.0835 269.8455 0248850 303.2277 054.5171 13.85433371037811
0 COSMOS 2251 DEB
1 34474U 93036TT  09319.27499539  .00000448  00000-0  32587-3 0  9997
2 34474 074.0836 269.1154 0248843 302.3976 055.3273 13.85433672 37871
0 COSMOS 2251 DEB
1 34474U 93036TT  09319.85264872 +.00000442 +00000-0 +32145-3 0  9995
2 34474 074.0832 268.1407 0248814 301.2968 056.3977 13.85434044037959
0 COSMOS 2251 DEB
1 34474U 93036TT  09320.28588911  .00000432  00000-0  31464-3 0  9999
2 34474 074.0840 267.4105 0248949 300.4964 057.1759 13.85434291 38010
0 COSMOS 2251 DEB
1 34474U 93036TT  09320.86354282 +.00000428 +00000-0 +31216-3 0  9995
2 34474 074.0840 266.4367 0248934 299.3834 058.2634 13.85434746038092
0 COSMOS 2251 DEB
1 34474U 93036TT  09321.29678277  .00000414  00000-0  30247-3 0  9994
2 34474 074.0844 265.7066 0248999 298.5713 059.0527 13.85434914 38156
0 COSMOS 2251 DEB
1 34474U 93036TT  09321.80222987 +.00000410 +00000-0 +29939-3 0  9996
2 34474 074.0843 264.8547 0248957 297.5998 060.0024 13.85435244038226
0 COSMOS 2251 DEB
1 34474U 93036TT  09322.30767679  .00000408  00000-0  29798-3 0  9994
2 34474 074.0840 264.0027 0248989 296.6275 060.9526 13.85435611 38292
0 COSMOS 2251 DEB
1 34474U 93036TT  09323.89622401  .00000398  00000-0  29118-3 0  9996
2 34474 074.0842 261.3250 0249079 293.6038 063.9112 13.85436766 38518
0 COSMOS 2251 DEB
1 34474U 93036TT  09323.89622401 +.00000398 +00000-0 +29118-3 0  9996
2 34474 074.0842 261.3250 0249079 293.6038 063.9112 13.85436766038518
0 COSMOS 2251 DEB
1 34474U 93036TT  09324.25725727 +.00000383 +00000-0 +28070-3 0  9992
2 34474 074.0847 260.7166 0249151 292.9401 064.5555 13.85436789038567
0 COSMOS 2251 DEB
1 34474U 93036TT  09325.26815159  .00000373  00000-0  27413-3 0  9992
2 34474 074.0847 259.0125 0249201 291.0139 066.4470 13.85437443 38708
0 COSMOS 2251 DEB
1 34474U 93036TT  09325.77359877 +.00000366 +00000-0 +26939-3 0  9992
2 34474 074.0847 258.1608 0249124 290.0415 067.4010 13.85437663038776
0 COSMOS 2251 DEB
1 34474U 93036TT  09326.78449250  .00000355  00000-0  26188-3 0  9993
2 34474 074.0847 256.4572 0249021 288.1097 069.2956 13.85438168 38913
0 COSMOS 2251 DEB
1 34474U 93036TT  09327.21773461 +.00000340 +00000-0 +25152-3 0  9990
2 34474 074.0849 255.7263 0249041 287.3021 070.0956 13.85438224038973
0 COSMOS 2251 DEB
1 34474U 93036TT  09328.22862949  .00000334  00000-0  24712-3 0  9996
2 34474 074.0852 254.0228 0249052 285.3617 072.0109 13.85438870 39117
0 COSMOS 2251 DEB
1 34474U 93036TT  09328.80628344 +.00000324 +00000-0 +24002-3 0  9990
2 34474 074.0850 253.0490 0249009 284.2487 073.1075 13.85439079039194
0 COSMOS 2251 DEB
1 34474U 93036TT  09330.25041885  .00000320  00000-0  23769-3 0  9996
2 34474 074.0846 250.6147 0249018 281.4809 075.8441 13.85440000 39392
0 COSMOS 2251 DEB
1 34474U 93036TT  09330.75586633 +.00000312 +00000-0 +23228-3 0  9997
2 34474 074.0845 249.7628 0248949 280.5078 076.8044 13.85440137039463
0 COSMOS 2251 DEB
1 34474U 93036TT  09331.76676257  .00000301  00000-0  22437-3 0  9990
2 34474 074.0848 248.0585 0248927 278.5903 078.7082 13.85440608 39602
0 COSMOS 2251 DEB
1 34474U 93036TT  09332.20000354 +.00000299 +00000-0 +22285-3 0  9996
2 34474 074.0851 247.3286 0248966 277.7689 079.5228 13.85440846039662
0 COSMOS 2251 DEB
1 34474U 93036TT  09334.14958760  .00000292  00000-0  21831-3 0  9993
2 34474 074.0849 244.0424 0248983 274.0393 083.2298 13.85441986 39933
0 COSMOS 2251 DEB
1 34474U 93036TT  09335.16048352  .00000288  00000-0  21552-3 0  9998
2 34474 074.0852 242.3390 0248991 272.1133 085.1487 13.85442556 40072
0 COSMOS 2251 DEB
1 34474U 93036TT  09336.17137974  .00000277  00000-0  20765-3 0  9992
2 34474 074.0861 240.6354 0248961 270.2009 087.0536 13.85442957 40218
0 COSMOS 2251 DEB
1 34474U 93036TT  09338.69862206  .00000245  00000-0  18566-3 0  9995
2 34474 074.0853 236.3754 0248760 265.2942 091.9517 13.85443528 40568
0 COSMOS 2251 DEB
1 34474U 93036TT  09339.13186826 +.00000237 +00000-0 +18075-3 0  9998
2 34474 074.0854 235.6451 0248787 264.4905 092.7768 13.85443605040624
0 COSMOS 2251 DEB
1 34474U 93036TT  09340.64821569  .00000213  00000-0  16409-3 0  9999
2 34474 074.0859 233.0903 0248711 261.6245 095.6552 13.85443981 40839
0 COSMOS 2251 DEB
1 34474U 93036TT  09343.10325676  .00000163  00000-0  12909-3 0  9996
2 34474 074.0856 228.9525 0248675 257.0436 100.2581 13.85443953 41171
0 COSMOS 2251 DEB
1 34474U 93036TT  09343.82533293  .00000161  00000-0  12769-3 0  9993
2 34474 074.0857 227.7359 0248650 255.6516 101.6868 13.85444157 41271
0 COSMOS 2251 DEB
1 34474U 93036TT  09344.11416205 +.00000145 +00000-0 +11668-3 0  9998
2 34474 074.0851 227.2479 0248649 255.0814 102.2628 13.85443929041318
0 COSMOS 2251 DEB
1 34474U 93036TT  09345.12506349  .00000131  00000-0  10736-3 0  9999
2 34474 074.0856 225.5447 0248687 253.1485 104.2205 13.85443998 41458
0 COSMOS 2251 DEB
1 34474U 93036TT  09345.77492923 +.00000126 +00000-0 +10369-3 0  9998
2 34474 074.0859 224.4497 0248632 251.8942 105.4933 13.85444085041546
0 COSMOS 2251 DEB
1 34474U 93036TT  09346.78583176  .00000102  00000-0  87619-4 0  9998
2 34474 074.0851 222.7431 0248406 249.9730 107.4412 13.85443848 41684
0 COSMOS 2251 DEB
1 34474U 93036TT  09347.07466274 +.00000096 +00000-0 +83381-4 0  9994
2 34474 074.0855 222.2565 0248347 249.4183 108.0128 13.85443834041723
0 COSMOS 2251 DEB
1 34474U 93036TT  09348.01335842  .00000091  00000-0  79565-4 0  9999
2 34474 074.0858 220.6748 0248369 247.6140 109.8493 13.85443963 41859
0 COSMOS 2251 DEB
1 34474U 93036TT  09349.60192099  .00000070  00000-0  65210-4 0  9999
2 34474 074.0865 217.9973 0248291 244.5662 112.9528 13.85443966 42077
0 COSMOS 2251 DEB
1 34474U 93036TT  09350.61282633  .00000071  00000-0  65958-4 0  9996
2 34474 074.0859 216.2916 0248333 242.6530 114.9132 13.85444130 42212
0 COSMOS 2251 DEB
1 34474U 93036TT  09351.04607100 +.00000068 +00000-0 +63483-4 0  9991
2 34474 074.0874 215.5612 0248180 241.8501 115.7333 13.85444255042279
0 COSMOS 2251 DEB
1 34474U 93036TT  09352.05697621  .00000081  00000-0  72483-4 0  9995
2 34474 074.0894 213.8570 0248003 239.9732 117.6598 13.85444787 42413
0 COSMOS 2251 DEB
1 34474U 93036TT  09353.06788099  .00000085  00000-0  75386-4 0  9996
2 34474 074.0891 212.1537 0247996 238.0212 119.6610 13.85445077 42553
0 COSMOS 2251 DEB
1 34474U 93036TT  09354.72865255  .00000111  00000-0  93113-4 0  9998
2 34474 074.0887 209.3539 0247910 234.8259 122.9427 13.85445966 42784
0 COSMOS 2251 DEB
1 34474U 93036TT  09355.59514193 +.00000125 +00000-0 +10314-3 0  9992
2 34474 074.0874 207.8918 0247879 233.1420 124.6755 13.85446481042900
0 COSMOS 2251 DEB
1 34474U 93036TT  09356.02838713  .00000128  00000-0  10513-3 0  9992
2 34474 074.0874 207.1620 0247869 232.3138 125.5291 13.85446680 42961
0 COSMOS 2251 DEB
1 34474U 93036TT  09357.68916001  .00000155  00000-0  12357-3 0  9990
2 34474 074.0874 204.3637 0247758 229.1630 128.7809 13.85447730 43199
0 COSMOS 2251 DEB
1 34474U 93036TT  09357.97798973 +.00000164 +00000-0 +13019-3 0  9994
2 34474 074.0866 203.8760 0247731 228.6030 129.3605 13.85448029043238
0 COSMOS 2251 DEB
1 34474U 93036TT  09358.91668719  .00000169  00000-0  13304-3 0  9995
2 34474 074.0869 202.2944 0247734 226.7977 131.2235 13.85448474 43369
0 COSMOS 2251 DEB
1 34474U 93036TT  09359.71096982 +.00000215 +00000-0 +16490-3 0  9992
2 34474 074.0866 200.9555 0247733 225.2807 132.7984 13.85449546043474
0 COSMOS 2251 DEB
1 34474U 93036TT  09359.92759101  .00000213  00000-0  16376-3 0  9995
2 34474 074.0872 200.5902 0247632 224.8685 133.2176 13.85449646 43504
0 COSMOS 2251 DEB
1 34474U 93036TT  09360.86628923 +.00000230 +00000-0 +17498-3 0  9992
2 34474 074.0871 199.0094 0247807 223.0407 135.1167 13.85450402043631
0 COSMOS 2251 DEB
1 34474U 93036TT  09360.93849553  .00000231  00000-0  17606-3 0  9996
2 34474 074.0873 198.8873 0247777 222.8964 135.2605 13.85450476 43646
0 COSMOS 2251 DEB
1 34474U 93036TT  09361.94940087  .00000233  00000-0  17734-3 0  9996
2 34474 074.0873 197.1842 0247774 220.9556 137.2737 13.85451035 43782
0 COSMOS 2251 DEB
1 34474U 93036TT  09362.96030615  .00000258  00000-0  19445-3 0  9994
2 34474 074.0862 195.4798 0247852 218.9923 139.3230 13.85452125 43921
0 COSMOS 2251 DEB
1 34474U 93036TT  09363.97120871  .00000266  00000-0  19980-3 0  9993
2 34474 074.0859 193.7751 0247810 217.0489 141.3326 13.85452835 44061
0 COSMOS 2251 DEB
1 34474U 93036TT  09364.62107577 +.00000272 +00000-0 +20433-3 0  9996
2 34474 074.0860 192.6794 0247725 215.7984 142.6315 13.85453301044159
0 COSMOS 2251 DEB
1 34474U 93036TT  09364.98211333  .00000276  00000-0  20672-3 0  9990
2 34474 074.0862 192.0714 0247704 215.1110 143.3490 13.85453608 44207
0 COSMOS 2251 DEB
1 34474U 93036TT  09365.63198039 +.00000292 +00000-0 +21801-3 0  9993
2 34474 074.0862 190.9756 0247610 213.8920 144.6227 13.85454347044292
0 COSMOS 2251 DEB
1 34474U 93036TT  10001.64288317  .00000304  00000-0  22614-3 0  9999
2 34474 074.0861 189.2711 0247559 211.9533 146.6383 13.85455225 44431
0 COSMOS 2251 DEB
1 34474U 93036TT  10002.58157917 +.00000319 +00000-0 +23653-3 0  9994
2 34474 074.0861 187.6883 0247479 210.1535 148.5154 13.85456122044565
0 COSMOS 2251 DEB
1 34474U 93036TT  10003.59248255 +.00000331 +00000-0 +24458-3 0  9990
2 34474 074.0862 185.9850 0247348 208.2337 150.5202 13.85457052044700
0 COSMOS 2251 DEB
1 34474U 93036TT  10004.45897096  .00000342  00000-0  25255-3 0  9997
2 34474 074.0861 184.5246 0247259 206.5762 152.2524 13.85457877 44821
0 COSMOS 2251 DEB
1 34474U 93036TT  10005.90311794  .00000353  00000-0  26050-3 0  9990
2 34474 074.0850 182.0894 0246826 203.8205 155.1318 13.85459085 45021
0 COSMOS 2251 DEB
1 34474U 93036TT  10005.90311794 +.00000353 +00000-0 +26050-3 0  9990
2 34474 074.0850 182.0894 0246826 203.8205 155.1318 13.85459085045021
0 COSMOS 2251 DEB
1 34474U 93036TT  10006.84181365 +.00000348 +00000-0 +25705-3 0  9993
2 34474 074.0854 180.5079 0246775 202.0309 157.0047 13.85459698045156
0 COSMOS 2251 DEB
1 34474U 93036TT  10007.85271609  .00000351  00000-0  25854-3 0  9995
2 34474 074.0852 178.8042 0246755 200.0886 159.0391 13.85460486 45296
0 COSMOS 2251 DEB
1 34474U 93036TT  10008.86361800  .00000354  00000-0  26094-3 0  9990
2 34474 074.0850 177.1002 0246683 198.1563 161.0633 13.85461296 45439
0 COSMOS 2251 DEB
1 34474U 93036TT  10009.87451972  .00000357  00000-0  26319-3 0  9995
2 34474 074.0853 175.3960 0246720 196.2179 163.0968 13.85462135 45570
0 COSMOS 2251 DEB
1 34474U 93036TT  10010.81321348 +.00000355 +00000-0 +26127-3 0  9999
2 34474 074.0856 173.8141 0246618 194.4145 164.9856 13.85462819045706
0 COSMOS 2251 DEB
1 34474U 93036TT  10010.88542081  .00000359  00000-0  26394-3 0  9995
2 34474 074.0855 173.6923 0246567 194.2794 165.1293 13.85462967 45715
0 COSMOS 2251 DEB
1 34474U 93036TT  10011.46307814 +.00000359 +00000-0 +26439-3 0  9993
2 34474 074.0859 172.7188 0246574 193.1733 166.2887 13.85463437045793
0 COSMOS 2251 DEB
1 34474U 93036TT  10013.48487852  .00000372  00000-0  27336-3 0  9990
2 34474 074.0864 169.3118 0246506 189.3083 170.3495 13.85465311 46070
0 COSMOS 2251 DEB
1 34474U 93036TT  10014.85681163  .00000387  00000-0  28322-3 0  9995
2 34474 074.0860 166.9990 0246438 186.6763 173.1109 13.85466728 46263
0 COSMOS 2251 DEB
1 34474U 93036TT  10015.50667379 +.00000389 +00000-0 +28521-3 0  9994
2 34474 074.0861 165.9040 0246444 185.4327 174.4124 13.85467335046355
0 COSMOS 2251 DEB
1 34474U 93036TT  10016.44536474  .00000398  00000-0  29101-3 0  9994
2 34474 074.0863 164.3222 0246477 183.6392 176.2983 13.85468275 46481
0 COSMOS 2251 DEB
1 34474U 93036TT  10016.51757112 +.00000402 +00000-0 +29397-3 0  9999
2 34474 074.0863 164.2006 0246475 183.5036 176.4398 13.85468441046490
0 COSMOS 2251 DEB
1 34474U 93036TT  10017.81729561  .00000415  00000-0  30247-3 0  9990
2 34474 074.0858 162.0095 0246552 181.0015 179.0705 13.85469799 46672
0 COSMOS 2251 DEB
1 34474U 93036TT  10018.75598371 +.00000425 +00000-0 +30969-3 0  9999
2 34474 074.0861 160.4276 0246461 179.2042 180.9554 13.85470872046809
0 COSMOS 2251 DEB
1 34474U 93036TT  10018.82819005  .00000429  00000-0  31235-3 0  9998
2 34474 074.0860 160.3055 0246395 179.0690 181.0962 13.85471026 46813
0 COSMOS 2251 DEB
1 34474U 93036TT  10020.41673926  .00000455  00000-0  33023-3 0  9992
2 34474 074.0859 157.6282 0246318 176.0266 184.2982 13.85473011 47031
0 COSMOS 2251 DEB
1 34474U 93036TT  10020.48894429 +.00000455 +00000-0 +33071-3 0  9995
2 34474 074.0860 157.5064 0246268 175.8864 184.4369 13.85473101047047
0 COSMOS 2251 DEB
1 34474U 93036TT  10021.42763132  .00000467  00000-0  33840-3 0  9993
2 34474 074.0870 155.9245 0246364 174.0982 186.3190 13.85474244 47176
0 COSMOS 2251 DEB
1 34474U 93036TT  10022.72734928  .00000472  00000-0  34206-3 0  9991
2 34474 074.0867 153.7338 0246343 171.6154 188.9195 13.85475568 47355
0 COSMOS 2251 DEB
1 34474U 93036TT  10023.44941516 +.00000485 +00000-0 +35078-3 0  9996
2 34474 074.0864 152.5166 0246283 170.2118 190.3968 13.85476539047451
0 COSMOS 2251 DEB
1 34474U 93036TT  10024.38809903  .00000487  00000-0  35208-3 0  9990
2 34474 074.0865 150.9351 0246286 168.4185 192.2761 13.85477520 47583
0 COSMOS 2251 DEB
1 34474U 93036TT  10024.74913118 +.00000481 +00000-0 +34804-3 0  9999
2 34474 074.0864 150.3266 0246120 167.7233 193.0005 13.85477736047639
0 COSMOS 2251 DEB
1 34474U 93036TT  10025.39898984  .00000478  00000-0  34583-3 0  9994
2 34474 074.0864 149.2313 0246103 166.4834 194.3039 13.85478317 47720
0 COSMOS 2251 DEB
1 34474U 93036TT  10025.76002202 +.00000473 +00000-0 +34290-3 0  9995
2 34474 074.0861 148.6225 0245965 165.7830 195.0358 13.85478566047778
0 COSMOS 2251 DEB
1 34474U 93036TT  10026.40987997  .00000467  00000-0  33855-3 0  9999
2 34474 074.0863 147.5271 0246038 164.5505 196.3308 13.85479092 47861
0 COSMOS 2251 DEB
1 34474U 93036TT  10026.77091176 +.00000466 +00000-0 +33791-3 0  9992
2 34474 074.0869 146.9198 0245864 163.8485 197.0634 13.85479424047918
0 COSMOS 2251 DEB
1 34474U 93036TT  10027.42076918  .00000470  00000-0  34093-3 0  9993
2 34474 074.0869 145.8246 0245928 162.6076 198.3695 13.85480164 48009
0 COSMOS 2251 DEB
1 34474U 93036TT  10027.70959374 +.00000467 +00000-0 +33874-3 0  9992
2 34474 074.0868 145.3376 0245896 162.0513 198.9484 13.85480381048048
0 COSMOS 2251 DEB
1 34474U 93036TT  10028.72048100  .00000469  00000-0  34014-3 0  9990
2 34474 074.0870 143.6335 0245885 160.1420 200.9485 13.85481381 48182
0 COSMOS 2251 DEB
1 34474U 93036TT  10029.73136726  .00000462  00000-0  33529-3 0  9997
2 34474 074.0872 141.9295 0245801 158.2077 202.9700 13.85482235 48321
0 COSMOS 2251 DEB
1 34474U 93036TT  10030.67004719 +.00000453 +00000-0 +32910-3 0  9991
2 34474 074.0868 140.3471 0245790 156.4567 204.8046 13.85482971048451
0 COSMOS 2251 DEB
1 34474U 93036TT  10031.39210776  .00000433  00000-0  31505-3 0  9990
2 34474 074.0869 139.1296 0245949 155.0883 206.2339 13.85483300 48554
0 COSMOS 2251 DEB
1 34474U 93036TT  10031.68093231 +.00000430 +00000-0 +31251-3 0  9992
2 34474 074.0871 138.6428 0245865 154.5327 206.8134 13.85483470048593
0 COSMOS 2251 DEB
1 34474U 93036TT  10032.69181708  .00000419  00000-0  30497-3 0  9999
2 34474 074.0868 136.9392 0245793 152.6016 208.8305 13.85484140 48737
0 COSMOS 2251 DEB
1 34474U 93036TT  10033.70270115  .00000412  00000-0  30011-3 0  9998
2 34474 074.0867 135.2352 0245696 150.6537 210.8636 13.85484860 48876
0 COSMOS 2251 DEB
1 34474U 93036TT  10034.71358382  .00000406  00000-0  29654-3 0  9997
2 34474 074.0871 133.5326 0245527 148.7167 212.8808 13.85485616 49013
0 COSMOS 2251 DEB
1 34474U 93036TT  10035.36343709 +.00000393 +00000-0 +28723-3 0  9997
2 34474 074.0872 132.4377 0245620 147.4902 214.1625 13.85485954049102
0 COSMOS 2251 DEB
1 34474U 93036TT  10036.30211242  .00000393  00000-0  28740-3 0  9997
2 34474 074.0872 130.8562 0245603 145.6867 216.0406 13.85486740 49237
0 COSMOS 2251 DEB
1 34474U 93036TT  10036.37431817 +.00000392 +00000-0 +28646-3 0  9990
2 34474 074.0872 130.7345 0245615 145.5517 216.1809 13.85486769049249
0 COSMOS 2251 DEB
1 34474U 93036TT  10037.31299258  .00000387  00000-0  28255-3 0  9996
2 34474 074.0872 129.1530 0245710 143.7489 218.0562 13.85487435 49373
0 COSMOS 2251 DEB
1 34474U 93036TT  10037.38519851 +.00000387 +00000-0 +28257-3 0  9999
2 34474 074.0872 129.0313 0245719 143.6100 218.2018 13.85487495049384
0 COSMOS 2251 DEB
1 34474U 93036TT  10038.32387200  .00000371  00000-0  27211-3 0  9997
2 34474 074.0875 127.4501 0245311 141.8598 220.0158 13.85488015 49517
0 COSMOS 2251 DEB
1 34474U 93036TT  10038.68490050 +.00000366 +00000-0 +26877-3 0  9995
2 34474 074.0871 126.8409 0245195 141.1720 220.7296 13.85488175049565
0 COSMOS 2251 DEB
1 34474U 93036TT  10039.33475115  .00000359  00000-0  26329-3 0  9997
2 34474 074.0871 125.7449 0245380 139.9675 221.9855 13.85488574 49654
0 COSMOS 2251 DEB
1 34474U 93036TT  10039.62357290 +.00000353 +00000-0 +25944-3 0  9998
2 34474 074.0868 125.2577 0245149 139.4070 222.5604 13.85488677049691
0 COSMOS 2251 DEB
1 34474U 93036TT  10040.56224517  .00000339  00000-0  24956-3 0  9994
2 34474 074.0868 123.6758 0245061 137.6142 224.4181 13.85489138 49826
0 COSMOS 2251 DEB
1 34474U 93036TT  10041.64532764  .00000339  00000-0  24990-3 0  9998
2 34474 074.0863 121.8499 0244913 135.5126 226.5951 13.85489914 49973
0 COSMOS 2251 DEB
1 34474U 93036TT  10042.58399787 +.00000341 +00000-0 +25126-3 0  9993
2 34474 074.0860 120.2682 0244918 133.7137 228.4568 13.85490606050106
0 COSMOS 2251 DEB
1 34474U 93036TT  10043.30605111 +.00000339 +00000-0 +24948-3 0  9993
2 34474 074.0859 119.0509 0244943 132.3350 229.8809 13.85491065050202
0 COSMOS 2251 DEB
1 34474U 93036TT  10045.25559253 +.00000337 +00000-0 +24859-3 0  9993
2 34474 074.0860 115.7652 0244811 128.6310 233.7052 13.85492504050476
0 COSMOS 2251 DEB
1 34474U 93036TT  10046.62748854 +.00000343 +00000-0 +25259-3 0  9994
2 34474 074.0856 113.4524 0244637 125.9921 236.4156 13.85493572050660
0 COSMOS 2251 DEB
1 34474U 93036TT  10047.27733382 +.00000346 +00000-0 +25463-3 0  9996
2 34474 074.0854 112.3561 0244660 124.7588 237.6869 13.85494124050757
0 COSMOS 2251 DEB
1 34474U 93036TT  10048.28820263 +.00000347 +00000-0 +25506-3 0  9992
2 34474 074.0855 110.6526 0244614 122.8285 239.6667 13.85494893050898
0 COSMOS 2251 DEB
1 34474U 93036TT  10049.22686583 +.00000349 +00000-0 +25660-3 0  9995
2 34474 074.0855 109.0706 0244599 121.0330 241.5072 13.85495623051024
0 COSMOS 2251 DEB
1 34474U 93036TT  10050.23773289  .00000354  00000-0  26056-3 0  9994
2 34474 074.0856 107.3663 0244523 119.0852 243.5030 13.85496523 51162
0 COSMOS 2251 DEB
1 34474U 93036TT  10050.59875601 +.00000358 +00000-0 +26280-3 0  9997
2 34474 074.0855 106.7580 0244469 118.3774 244.2238 13.85496859051212
0 COSMOS 2251 DEB
1 34474U 93036TT  10051.17639353 +.00000365 +00000-0 +26813-3 0  9994
2 34474 074.0854 105.7842 0244323 117.2670 245.3603 13.85497474051293
0 COSMOS 2251 DEB
1 34474U 93036TT  10052.18725760  .00000374  00000-0  27432-3 0  9992
2 34474 074.0853 104.0808 0244287 115.3207 247.3470 13.85498445 51439
0 COSMOS 2251 DEB
1 34474U 93036TT  10053.19812038  .00000380  00000-0  27836-3 0  9994
2 34474 074.0851 102.3769 0244217 113.3953 249.3087 13.85499355 51575
0 COSMOS 2251 DEB
1 34474U 93036TT  10054.20898198  .00000387  00000-0  28291-3 0  9991
2 34474 074.0855 100.6739 0244273 111.4925 251.2461 13.85500287 51718
0 COSMOS 2251 DEB
1 34474U 93036TT  10054.57000333 +.00000387 +00000-0 +28307-3 0  9995
2 34474 074.0846 100.0641 0244005 110.7520 251.9922 13.85500546051762
0 COSMOS 2251 DEB
1 34474U 93036TT  10055.14763828 +.00000385 +00000-0 +28210-3 0  9995
2 34474 074.0843 099.0899 0243989 109.6609 253.1031 13.85500990051843
0 COSMOS 2251 DEB
1 34474U 93036TT  10056.23070200  .00000389  00000-0  28464-3 0  9996
2 34474 074.0843 097.2641 0243967 107.5957 255.1991 13.85501932 51997
0 COSMOS 2251 DEB
1 34474U 93036TT  10057.16935590 +.00000387 +00000-0 +28334-3 0  9995
2 34474 074.0846 095.6825 0243876 105.7770 257.0375 13.85502650052129
0 COSMOS 2251 DEB
1 34474U 93036TT  10058.18021350  .00000382  00000-0  28022-3 0  9997
2 34474 074.0849 093.9794 0243767 103.8112 259.0235 13.85503366 52263
0 COSMOS 2251 DEB
1 34474U 93036TT  10058.54123431 +.00000382 +00000-0 +27990-3 0  9993
2 34474 074.0855 093.3725 0243547 103.0757 259.7652 13.85503652052315
0 COSMOS 2251 DEB
1 34474U 93036TT  10059.19107066  .00000381  00000-0  27922-3 0  9995
2 34474 074.0855 092.2769 0243503 101.8499 261.0063 13.85504177 52407
0 COSMOS 2251 DEB
1 34474U 93036TT  10059.47988610 +.00000374 +00000-0 +27470-3 0  9998
2 34474 074.0850 091.7894 0243380 101.2596 261.5962 13.85504275052446
0 COSMOS 2251 DEB
1 34474U 93036TT  10060.49074139  .00000367  00000-0  26979-3 0  9999
2 34474 074.0842 090.0838 0243230 099.3054 263.5659 13.85504905 52587
0 COSMOS 2251 DEB
1 34474U 93036TT  10060.49074139 +.00000367 +00000-0 +26979-3 0  9999
2 34474 074.0842 090.0838 0243230 099.3054 263.5659 13.85504905052587
0 COSMOS 2251 DEB
1 34474U 93036TT  10061.14057596 +.00000369 +00000-0 +27117-3 0  9997
2 34474 074.0843 088.9891 0243246 098.0536 264.8262 13.85505441052671
0 COSMOS 2251 DEB
1 34474U 93036TT  10062.15142863  .00000364  00000-0  26803-3 0  9997
2 34474 074.0841 087.2850 0243201 096.1369 266.7534 13.85506160 52818
0 COSMOS 2251 DEB
1 34474U 93036TT  10063.16227989  .00000362  00000-0  26653-3 0  9993
2 34474 074.0837 085.5798 0243097 094.2266 268.6708 13.85506919 52954
0 COSMOS 2251 DEB
1 34474U 93036TT  10063.45109379 +.00000361 +00000-0 +26552-3 0  9994
2 34474 074.0835 085.0924 0243060 093.6656 269.2295 13.85507099052996
0 COSMOS 2251 DEB
1 34474U 93036TT  10064.46194337 +.00000362 +00000-0 +26648-3 0  9991
2 34474 074.0831 083.3879 0243013 091.7329 271.1648 13.85507925053135
0 COSMOS 2251 DEB
1 34474U 93036TT  10065.47279204 +.00000363 +00000-0 +26720-3 0  9992
2 34474 074.0827 081.6829 0242891 089.7409 273.1538 13.85508708053270
0 COSMOS 2251 DEB
1 34474U 93036TT  10066.19482621 +.00000371 +00000-0 +27265-3 0  9995
2 34474 074.0833 080.4674 0242834 088.3371 274.5580 13.85509475053377
0 COSMOS 2251 DEB
1 34474U 93036TT  10067.20567210 +.00000387 +00000-0 +28411-3 0  9997
2 34474 074.0825 078.7615 0242641 086.3803 276.5116 13.85510641053517
0 COSMOS 2251 DEB
1 34474U 93036TT  10068.36092173  .00000411  00000-0  30087-3 0  9996
2 34474 074.0827 076.8146 0242442 084.1512 278.7264 13.85512055 53675
0 COSMOS 2251 DEB
1 34474U 93036TT  10068.43312343 +.00000411 +00000-0 +30098-3 0  9990
2 34474 074.0828 076.6932 0242441 084.0113 278.8583 13.85512124053685
0 COSMOS 2251 DEB
1 34474U 93036TT  10069.44396644 +.00000420 +00000-0 +30702-3 0  9990
2 34474 074.0825 074.9892 0242437 082.0242 280.8321 13.85513153053826
0 COSMOS 2251 DEB
1 34474U 93036TT  10070.38260492 +.00000429 +00000-0 +31380-3 0  9998
2 34474 074.0823 073.4068 0242469 080.2408 282.6031 13.85514172053956
0 COSMOS 2251 DEB
1 34474U 93036TT  10071.17683626  .00000454  00000-0  33089-3 0  9990
2 34474 074.0823 072.0670 0242283 078.6825 284.1489 13.85515367 54062
0 COSMOS 2251 DEB
1 34474U 93036TT  10072.40428117  .00000476  00000-0  34618-3 0  9992
2 34474 074.0829 069.9987 0242170 076.3294 286.4693 13.85516958 54232
0 COSMOS 2251 DEB
1 34474U 93036TT  10073.41511759  .00000483  00000-0  35150-3 0  9999
2 34474 074.0826 068.2946 0242199 074.3509 288.4198 13.85518103 54375
0 COSMOS 2251 DEB
1 34474U 93036TT  10074.42595216  .00000510  00000-0  36996-3 0  9991
2 34474 074.0821 066.5895 0242365 072.5453 290.2075 13.85519663 54510
0 COSMOS 2251 DEB
1 34474U 93036TT  10075.36458231 +.00000529 +00000-0 +38312-3 0  9994
2 34474 074.0821 065.0073 0242333 070.6455 292.0734 13.85521059054646
0 COSMOS 2251 DEB
1 34474U 93036TT  10076.37541385  .00000553  00000-0  40040-3 0  9997
2 34474 074.0826 063.3037 0242334 068.6639 294.0219 13.85522660 54788
0 COSMOS 2251 DEB
1 34474U 93036TT  10077.09743471 +.00000563 +00000-0 +40673-3 0  9990
2 34474 074.0820 062.0855 0242526 067.3460 295.3154 13.85523676054888
0 COSMOS 2251 DEB
1 34474U 93036TT  10078.10826328  .00000575  00000-0  41528-3 0  9999
2 34474 074.0815 060.3809 0242618 065.4060 297.2161 13.85525078 55023
0 COSMOS 2251 DEB
1 34474U 93036TT  10079.33569527  .00000598  00000-0  43126-3 0  9991
2 34474 074.0813 058.3112 0242524 062.9935 299.5740 13.85526989 55192
0 COSMOS 2251 DEB
1 34474U 93036TT  10079.40789689 +.00000601 +00000-0 +43311-3 0  9993
2 34474 074.0810 058.1884 0242545 062.8940 299.6722 13.85527129055201
0 COSMOS 2251 DEB
1 34474U 93036TT  10080.12991485 +.00000629 +00000-0 +45262-3 0  9990
2 34474 074.0822 056.9734 0242508 061.5132 301.0259 13.85528598055307
0 COSMOS 2251 DEB
1 34474U 93036TT  10080.99633410  .00000633  00000-0  45601-3 0  9998
2 34474 074.0823 055.5134 0242540 059.8196 302.6710 13.85529806 55428
0 COSMOS 2251 DEB
1 34474U 93036TT  10080.99633418 +.00000640 +00000-0 +46087-3 0  9993
2 34474 074.0823 055.5133 0242547 059.8200 302.6736 13.85529963055422
0 COSMOS 2251 DEB
1 34474U 93036TT  10083.09017878  .00000672  00000-0  48276-3 0  9990
2 34474 074.0821 051.9840 0242549 055.7618 306.6321 13.85533397 55717
0 COSMOS 2251 DEB
1 34474U 93036TT  10084.02879455 +.00000707 +00000-0 +50726-3 0  9993
2 34474 074.0818 050.4020 0242512 053.9400 308.4075 13.85535520055846
0 COSMOS 2251 DEB
1 34474U 93036TT  10084.96740734  .00000739  00000-0  53004-3 0  9990
2 34474 074.0823 048.8213 0242250 052.2280 310.0673 13.85537605 55977
0 COSMOS 2251 DEB
1 34474U 93036TT  10086.05042026  .00000762  00000-0  54586-3 0  9993
2 34474 074.0818 046.9956 0242250 050.1620 312.0613 13.85539688 56126
0 COSMOS 2251 DEB
1 34474U 93036TT  10087.06123189  .00000788  00000-0  56387-3 0  9994
2 34474 074.0816 045.2902 0242365 048.2122 313.9485 13.85541751 56265
0 COSMOS 2251 DEB
1 34474U 93036TT  10088.86624836  .00000820  00000-0  58637-3 0  9995
2 34474 074.0814 042.2466 0242342 044.7675 317.2791 13.85545348 56515
0 COSMOS 2251 DEB
1 34474U 93036TT  10088.86624836 +.00000820 +00000-0 +58637-3 0  9995
2 34474 074.0814 042.2466 0242342 044.7675 317.2791 13.85545348056515
0 COSMOS 2251 DEB
1 34474U 93036TT  10089.01064824 +.00000830 +00000-0 +59333-3 0  9993
2 34474 074.0816 042.0037 0242309 044.5062 317.5293 13.85545835056533
0 COSMOS 2251 DEB
1 34474U 93036TT  10090.02145443  .00000844  00000-0  60281-3 0  9992
2 34474 074.0815 040.3014 0242273 042.5902 319.3766 13.85547812 56676
0 COSMOS 2251 DEB
1 34474U 93036TT  10090.88785834 +.00000853 +00000-0 +60923-3 0  9993
2 34474 074.0812 038.8407 0242361 040.8719 321.0318 13.85549506056794
0 COSMOS 2251 DEB
1 34474U 93036TT  10091.03225860  .00000886  00000-0  63159-3 0  9999
2 34474 074.0814 038.5960 0242806 040.5275 321.3628 13.85550262 56816
0 COSMOS 2251 DEB
1 34474U 93036TT  10091.89866173 +.00000885 +00000-0 +63070-3 0  9992
2 34474 074.0821 037.1377 0242817 038.8863 322.9443 13.85551833056936
0 COSMOS 2251 DEB
1 34474U 93036TT  10092.90946347  .00000905  00000-0  64527-3 0  9998
2 34474 074.0822 035.4336 0242782 036.9709 324.7927 13.85554064 57074
0 COSMOS 2251 DEB
1 34474U 93036TT  10093.84806206 +.00000918 +00000-0 +65365-3 0  9996
2 34474 074.0834 033.8559 0242955 035.0837 326.6025 13.85556103057201
0 COSMOS 2251 DEB
1 34474U 93036TT  10093.99246173  .00000917  00000-0  65292-3 0  9991
2 34474 074.0836 033.6104 0243003 034.8401 326.8345 13.85556329 57225
0 COSMOS 2251 DEB
1 34474U 93036TT  10095.00325963  .00000925  00000-0  65821-3 0  9997
2 34474 074.0837 031.9071 0243087 032.9079 328.6916 13.85558365 57363
0 COSMOS 2251 DEB
1 34474U 93036TT  10095.86965608 +.00000928 +00000-0 +66021-3 0  9993
2 34474 074.0829 030.4450 0243176 031.2322 330.2994 13.85560041057483
0 COSMOS 2251 DEB
1 34474U 93036TT  10096.88045018  .00000931  00000-0  66239-3 0  9995
2 34474 074.0831 028.7415 0243254 029.2820 332.1686 13.85562049 57629
0 COSMOS 2251 DEB
1 34474U 93036TT  10096.88045018 +.00000931 +00000-0 +66239-3 0  9995
2 34474 074.0831 028.7415 0243254 029.2820 332.1686 13.85562049057629
0 COSMOS 2251 DEB
1 34474U 93036TT  10097.89124265  .00000940  00000-0  66928-3 0  9994
2 34474 074.0832 027.0384 0243148 027.3900 333.9843 13.85564192 57767
0 COSMOS 2251 DEB
1 34474U 93036TT  10098.90203244  .00000952  00000-0  67691-3 0  9993
2 34474 074.0835 025.3355 0243362 025.4313 335.8556 13.85566378 57900
0 COSMOS 2251 DEB
1 34474U 93036TT  10099.84062202 +.00000959 +00000-0 +68150-3 0  9992
2 34474 074.0835 023.7536 0243434 023.6025 337.6077 13.85568389058030
0 COSMOS 2251 DEB
1 34474U 93036TT  10100.20161698  .00000980  00000-0  69641-3 0  9994
2 34474 074.0834 023.1452 0243609 022.9358 338.2454 13.85569502 58084
0 COSMOS 2251 DEB
1 34474U 93036TT  10100.85140770 +.00000985 +00000-0 +69995-3 0  9990
2 34474 074.0831 022.0505 0243563 021.6785 339.4468 13.85570925058176
0 COSMOS 2251 DEB
1 34474U 93036TT  10101.21240191  .00000994  00000-0  70641-3 0  9999
2 34474 074.0827 021.4422 0243470 020.9857 340.1082 13.85571793 58222
0 COSMOS 2251 DEB
1 34474U 93036TT  10101.86219137 +.00000993 +00000-0 +70583-3 0  9990
2 34474 074.0824 020.3472 0243329 019.7682 341.2681 13.85573075058319
0 COSMOS 2251 DEB
1 34474U 93036TT  10102.22318541  .00001000  00000-0  71015-3 0  9991
2 34474 074.0827 019.7393 0243431 019.0944 341.9107 13.85573941 58361
0 COSMOS 2251 DEB
1 34474U 93036TT  10102.80077568 +.00000996 +00000-0 +70783-3 0  9990
2 34474 074.0831 018.7624 0243348 018.0485 342.9075 13.85575036058449
0 COSMOS 2251 DEB
1 34474U 93036TT  10103.16176963 +.00000997 +00000-0 +70807-3 0  9997
2 34474 074.0834 018.1538 0243367 017.3684 343.5572 13.85575770058493
0 COSMOS 2251 DEB
1 34474U 93036TT  10104.17255085  .00001001  00000-0  71108-3 0  9994
2 34474 074.0838 016.4496 0243349 015.4341 345.4048 13.85577929 58633
0 COSMOS 2251 DEB
1 34474U 93036TT  10104.75013896 +.00001000 +00000-0 +71038-3 0  9991
2 34474 074.0838 015.4760 0243290 014.3331 346.4534 13.85579083058711
0 COSMOS 2251 DEB
1 34474U 93036TT  10105.11113143 +.00000998 +00000-0 +70911-3 0  9992
2 34474 074.0845 014.8674 0243561 013.6519 347.0969 13.85579754058766
0 COSMOS 2251 DEB
1 34474U 93036TT  10106.19410898  .00000992  00000-0  70462-3 0  9993
2 34474 074.0846 013.0421 0243865 011.4942 349.1553 13.85581798 58911
0 COSMOS 2251 DEB
1 34474U 93036TT  10106.77169674 +.00000974 +00000-0 +69233-3 0  9994
2 34474 074.0847 012.0668 0243671 010.4790 350.1185 13.85582490058990
0 COSMOS 2251 DEB
1 34474U 93036TT  10107.13269018 +.00000962 +00000-0 +68395-3 0  9993
2 34474 074.0853 011.4599 0243414 009.8168 350.7556 13.85582943059047
0 COSMOS 2251 DEB
1 34474U 93036TT  10108.14346614  .00000956  00000-0  67984-3 0  9999
2 34474 074.0853 009.7562 0243280 007.8846 352.5986 13.85584802 59187
0 COSMOS 2251 DEB
1 34474U 93036TT  10109.15424022  .00000930  00000-0  66185-3 0  9995
2 34474 074.0845 008.0510 0243506 005.9041 354.4777 13.85586250 59324
0 COSMOS 2251 DEB
1 34474U 93036TT  10110.16501469  .00000897  00000-0  63890-3 0  9991
2 34474 074.0846 006.3488 0243659 003.8992 356.3804 13.85587393 59467
0 COSMOS 2251 DEB
1 34474U 93036TT  10110.74260185 +.00000893 +00000-0 +63644-3 0  9995
2 34474 074.0840 005.3762 0243473 002.8192 357.4235 13.85588351059544
0 COSMOS 2251 DEB
1 34474U 93036TT  10112.11436254  .00000808  00000-0  57749-3 0  9995
2 34474 074.0839 003.0609 0243492 000.2867 359.7946 13.85588843 59730
0 COSMOS 2251 DEB
1 34474U 93036TT  10113.12514161  .00000775  00000-0  55446-3 0  9996
2 34474 074.0835 001.3573 0243546 358.3615 001.6572 13.85589837 59872
0 COSMOS 2251 DEB
1 34474U 93036TT  10113.77492484 +.00000769 +00000-0 +55018-3 0  9998
2 34474 074.0836 000.2615 0243408 357.1479 002.8219 13.85590733059968
0 COSMOS 2251 DEB
1 34474U 93036TT  10114.13591454  .00000724  00000-0  51827-3 0  9991
2 34474 074.0845 359.6528 0244457 356.4639 003.4507 13.85590451 60019
0 COSMOS 2251 DEB
1 34474U 93036TT  10115.07449134 +.00000688 +00000-0 +49247-3 0  9994
2 34474 074.0850 358.0688 0244905 354.6748 005.1587 13.85591047060147
0 COSMOS 2251 DEB
1 34474U 93036TT  10116.08526457  .00000647  00000-0  46468-3 0  9997
2 34474 074.0855 356.3659 0244773 352.7790 006.9716 13.85591703 60287
0 COSMOS 2251 DEB
1 34474U 93036TT  10117.09603594  .00000625  00000-0  44926-3 0  9990
2 34474 074.0856 354.6628 0245052 350.8426 008.8174 13.85592620 60425
0 COSMOS 2251 DEB
1 34474U 93036TT  10119.04537633  .00000590  00000-0  42485-3 0  9996
2 34474 074.0863 351.3781 0245161 347.1154 012.3608 13.85594343 60690
0 COSMOS 2251 DEB
1 34474U 93036TT  10119.62296123 +.00000574 +00000-0 +41311-3 0  9995
2 34474 074.0867 350.4037 0245430 346.0835 013.3446 13.85594590060775
0 COSMOS 2251 DEB
1 34474U 93036TT  10120.05615053  .00000563  00000-0  40582-3 0  9998
2 34474 074.0860 349.6730 0245460 345.2321 014.1695 13.85594873 60838
0 COSMOS 2251 DEB
1 34474U 93036TT  10121.06691829  .00000542  00000-0  39172-3 0  9995
2 34474 074.0862 347.9697 0245187 343.2648 016.0467 13.85595665 60972
0 COSMOS 2251 DEB
1 34474U 93036TT  10122.07768559  .00000534  00000-0  38597-3 0  9993
2 34474 074.0868 346.2665 0245182 341.2967 017.9237 13.85596630 61117
0 COSMOS 2251 DEB
1 34474U 93036TT  10124.60460106  .00000496  00000-0  35982-3 0  9993
2 34474 074.0870 342.0070 0245088 336.4612 022.5347 13.85598703 61467
0 COSMOS 2251 DEB
1 34474U 93036TT  10125.03778831 +.00000479 +00000-0 +34835-3 0  9995
2 34474 074.0869 341.2766 0244949 335.6462 023.3169 13.85598746061522
0 COSMOS 2251 DEB
1 34474U 93036TT  10126.04855537  .00000460  00000-0  33509-3 0  9993
2 34474 074.0872 339.5737 0245006 333.6939 025.1816 13.85599293 61668
0 COSMOS 2251 DEB
1 34474U 93036TT  10127.99789034  .00000446  00000-0  32501-3 0  9991
2 34474 074.0878 336.2880 0245220 329.9661 028.7547 13.85600961 61930
0 COSMOS 2251 DEB
1 34474U 93036TT  10128.64766855 +.00000442 +00000-0 +32256-3 0  9993
2 34474 074.0880 335.1929 0245153 328.7261 029.9457 13.85601500062027
0 COSMOS 2251 DEB
1 34474U 93036TT  10129.00865626  .00000448  00000-0  32650-3 0  9994
2 34474 074.0874 334.5839 0245076 328.0343 030.6138 13.85601957 62077
0 COSMOS 2251 DEB
1 34474U 93036TT  10129.58623540 +.00000445 +00000-0 +32452-3 0  9991
2 34474 074.0875 333.6111 0245057 326.9198 031.6799 13.85602468062156
0 COSMOS 2251 DEB
1 34474U 93036TT  10130.01942011  .00000445  00000-0  32479-3 0  9997
2 34474 074.0871 332.8806 0244897 326.0969 032.4702 13.85602855 62212
0 COSMOS 2251 DEB
1 34474U 93036TT  10130.59699969 +.00000437 +00000-0 +31948-3 0  9992
2 34474 074.0874 331.9065 0244710 324.9989 033.5233 13.85603236062298
0 COSMOS 2251 DEB
1 34474U 93036TT  10131.60776428  .00000433  00000-0  31690-3 0  9991
2 34474 074.0883 330.2030 0244738 323.0663 035.3810 13.85604134 62436
0 COSMOS 2251 DEB
1 34474U 93036TT  10132.61852806  .00000440  00000-0  32126-3 0  9991
2 34474 074.0886 328.4991 0244740 321.1300 037.2441 13.85605190 62573
0 COSMOS 2251 DEB
1 34474U 93036TT  10132.61852806 +.00000440 +00000-0 +32126-3 0  9991
2 34474 074.0886 328.4991 0244740 321.1300 037.2441 13.85605190062573
0 COSMOS 2251 DEB
1 34474U 93036TT  10133.55709268 +.00000459 +00000-0 +33509-3 0  9994
2 34474 074.0885 326.9165 0244522 319.3329 038.9759 13.85606503062700
0 COSMOS 2251 DEB
1 34474U 93036TT  10134.92884216  .00000478  00000-0  34806-3 0  9995
2 34474 074.0876 324.6033 0244166 316.7069 041.5150 13.85608171 62893
0 COSMOS 2251 DEB
1 34474U 93036TT  10134.92884216 +.00000478 +00000-0 +34806-3 0  9995
2 34474 074.0876 324.6033 0244166 316.7069 041.5150 13.85608171062893
0 COSMOS 2251 DEB
1 34474U 93036TT  10135.93960322  .00000484  00000-0  35278-3 0  9991
2 34474 074.0870 322.8994 0244195 314.7858 043.3616 13.85609243 63034
0 COSMOS 2251 DEB
1 34474U 93036TT  10136.95036536  .00000481  00000-0  35076-3 0  9998
2 34474 074.0865 321.1950 0244115 312.8660 045.2148 13.85610129 63175
0 COSMOS 2251 DEB
1 34474U 93036TT  10137.52794425 +.00000483 +00000-0 +35178-3 0  9995
2 34474 074.0866 320.2208 0244105 311.7655 046.2825 13.85610732063255
0 COSMOS 2251 DEB
1 34474U 93036TT  10137.88893061 +.00000484 +00000-0 +35244-3 0  9995
2 34474 074.0870 319.6128 0244160 311.0588 046.9676 13.85611145063308
0 COSMOS 2251 DEB
1 34474U 93036TT  10139.47726949  .00000469  00000-0  34216-3 0  9993
2 34474 074.0860 316.9332 0243811 308.0641 049.8584 13.85612271 63527
0 COSMOS 2251 DEB
1 34474U 93036TT  10140.48803323  .00000461  00000-0  33710-3 0  9998
2 34474 074.0907 315.2286 0243956 306.1922 051.6805 13.85613298 63662
0 COSMOS 2251 DEB
1 34474U 93036TT  10141.85978166  .00000439  00000-0  32169-3 0  9990
2 34474 074.0901 312.9168 0243823 303.4375 054.3620 13.85614063 63851
0 COSMOS 2251 DEB
1 34474U 93036TT  10142.43736007 +.00000416 +00000-0 +30580-3 0  9991
2 34474 074.0901 311.9428 0243877 302.3123 055.4592 13.85614304063934
0 COSMOS 2251 DEB
1 34474U 93036TT  10143.44812150  .00000435  00000-0  31882-3 0  9994
2 34474 074.0900 310.2381 0243790 300.3610 057.3668 13.85615545 64075
0 COSMOS 2251 DEB
1 34474U 93036TT  10143.88130369 +.00000441 +00000-0 +32309-3 0  9999
2 34474 074.0891 309.5067 0243541 299.5122 058.1936 13.85616021064131
0 COSMOS 2251 DEB
1 34474U 93036TT  10144.45888095  .00000447  00000-0  32739-3 0  9992
2 34474 074.0891 308.5328 0243638 298.4321 059.2467 13.85616724 64216
0 COSMOS 2251 DEB
1 34474U 93036TT  10146.40820462  .00000458  00000-0  33500-3 0  9992
2 34474 074.0886 305.2470 0243678 294.6983 062.8994 13.85618811 64481
0 COSMOS 2251 DEB
1 34474U 93036TT  10146.84138671 +.00000461 +00000-0 +33711-3 0  9992
2 34474 074.0876 304.5153 0243664 293.8752 063.7027 13.85619269064542
0 COSMOS 2251 DEB
1 34474U 93036TT  10147.41896366  .00000471  00000-0  34388-3 0  9990
2 34474 074.0873 303.5408 0243778 292.7730 064.7847 13.85620055 64626
0 COSMOS 2251 DEB
1 34474U 93036TT  10148.42972268  .00000472  00000-0  34489-3 0  9991
2 34474 074.0871 301.8366 0243820 290.8440 066.6744 13.85621112 64760
0 COSMOS 2251 DEB
1 34474U 93036TT  10149.44048206  .00000473  00000-0  34508-3 0  9993
2 34474 074.0871 300.1331 0243811 288.9001 068.5838 13.85622124 64900
0 COSMOS 2251 DEB
1 34474U 93036TT  10150.37904443 +.00000495 +00000-0 +36059-3 0  9998
2 34474 074.0868 298.5501 0243776 287.0915 070.3715 13.85623505065033
0 COSMOS 2251 DEB
1 34474U 93036TT  10151.38980202  .00000531  00000-0  38552-3 0  9998
2 34474 074.0874 296.8467 0243733 285.0787 072.3588 13.85625224 65175
0 COSMOS 2251 DEB
1 34474U 93036TT  10151.46199708 +.00000531 +00000-0 +38526-3 0  9991
2 34474 074.0876 296.7252 0243727 284.9375 072.4882 13.85625301065187
0 COSMOS 2251 DEB
1 34474U 93036TT  10152.40055851  .00000546  00000-0  39619-3 0  9996
2 34474 074.0857 295.1407 0243651 283.1139 074.2960 13.85626603 65314
0 COSMOS 2251 DEB
1 34474U 93036TT  10153.41131529  .00000570  00000-0  41274-3 0  9992
2 34474 074.0847 293.4356 0243626 281.1528 076.2341 13.85628100 65453
0 COSMOS 2251 DEB
1 34474U 93036TT  10154.42207189  .00000580  00000-0  41992-3 0  9998
2 34474 074.0851 291.7323 0243637 279.1994 078.1686 13.85629541 65597
0 COSMOS 2251 DEB
1 34474U 93036TT  10155.43282570 +.00000608 +00000-0 +43898-3 0  9995
2 34474 074.0850 290.0275 0243625 277.2257 080.1227 13.85631385065731
0 COSMOS 2251 DEB
1 34474U 93036TT  10156.37138529 +.00000627 +00000-0 +45208-3 0  9991
2 34474 074.0840 288.4436 0243615 275.4124 081.9324 13.85632934065864
0 COSMOS 2251 DEB
1 34474U 93036TT  10158.39289511  .00000643  00000-0  46311-3 0  9997
2 34474 074.0832 285.0346 0243567 271.5195 085.8108 13.85635904 66144
0 COSMOS 2251 DEB
1 34474U 93036TT  10158.46509064 +.00000647 +00000-0 +46588-3 0  9993
2 34474 074.0832 284.9129 0243549 271.3824 085.9431 13.85636091066157
0 COSMOS 2251 DEB
1 34474U 93036TT  10159.40364832  .00000659  00000-0  47419-3 0  9997
2 34474 074.0832 283.3307 0243529 269.5835 087.7438 13.85637646 66285
0 COSMOS 2251 DEB
1 34474U 93036TT  10159.76463093 +.00000681 +00000-0 +48960-3 0  9992
2 34474 074.0841 282.7232 0243330 268.8121 088.5188 13.85638621066336
0 COSMOS 2251 DEB
1 34474U 93036TT  10162.36370980  .00000736  00000-0  52757-3 0  9994
2 34474 074.0845 278.3415 0243703 263.8591 093.4939 13.85643535 66692
0 COSMOS 2251 DEB
1 34474U 93036TT  10162.58029515 +.00000734 +00000-0 +52614-3 0  9993
2 34474 074.0844 277.9754 0243911 263.4648 093.8638 13.85643748066722
0 COSMOS 2251 DEB
1 34474U 93036TT  10163.51885009  .00000745  00000-0  53305-3 0  9995
2 34474 074.0843 276.3920 0244218 261.7605 095.5732 13.85645294 66850
0 COSMOS 2251 DEB
1 34474U 93036TT  10164.52960119  .00000747  00000-0  53445-3 0  9990
2 34474 074.0849 274.6869 0244349 259.8046 097.5430 13.85646901 66999
0 COSMOS 2251 DEB
1 34474U 93036TT  10165.32376273 +.00000749 +00000-0 +53569-3 0  9990
2 34474 074.0855 273.3484 0244353 258.2853 099.0771 13.85648186067105
0 COSMOS 2251 DEB
1 34474U 93036TT  10166.33451285  .00000749  00000-0  53541-3 0  9999
2 34474 074.0855 271.6447 0244361 256.3409 101.0405 13.85649749 67249
0 COSMOS 2251 DEB
1 34474U 93036TT  10166.40670924 +.00000740 +00000-0 +52979-3 0  9995
2 34474 074.0847 271.5220 0244374 256.1995 101.1810 13.85649656067259
0 COSMOS 2251 DEB
1 34474U 93036TT  10167.34526311  .00000726  00000-0  51937-3 0  9996
2 34474 074.0849 269.9396 0244454 254.3585 103.0442 13.85650862 67387
0 COSMOS 2251 DEB
1 34474U 93036TT  10167.70624525 +.00000717 +00000-0 +51376-3 0  9999
2 34474 074.0854 269.3311 0244440 253.6559 103.7550 13.85651283067433
0 COSMOS 2251 DEB
1 34474U 93036TT  10168.35601313  .00000716  00000-0  51271-3 0  9994
2 34474 074.0865 268.2368 0244441 252.4226 105.0058 13.85652255 67522
0 COSMOS 2251 DEB
1 34474U 93036TT  10169.29456614 +.00000727 +00000-0 +52059-3 0  9997
2 34474 074.0859 266.6537 0244480 250.6167 106.8438 13.85653898067651
0 COSMOS 2251 DEB
1 34474U 93036TT  10170.30531373  .00000730  00000-0  52199-3 0  9996
2 34474 074.0860 264.9498 0244509 248.6768 108.8119 13.85655490 67799
0 COSMOS 2251 DEB
1 34474U 93036TT  10171.31606142  .00000724  00000-0  51787-3 0  9990
2 34474 074.0861 263.2460 0244514 246.7311 110.7883 13.85656879 67938
0 COSMOS 2251 DEB
1 34474U 93036TT  10171.67704327 +.00000726 +00000-0 +51927-3 0  9991
2 34474 074.0876 262.6385 0244522 246.0488 111.4868 13.85657513067982
0 COSMOS 2251 DEB
1 34474U 93036TT  10172.32680939  .00000709  00000-0  50737-3 0  9995
2 34474 074.0877 261.5429 0244678 244.7850 112.7733 13.85658254 68079
0 COSMOS 2251 DEB
1 34474U 93036TT  10173.33755669  .00000715  00000-0  51158-3 0  9995
2 34474 074.0875 259.8385 0244712 242.8281 114.7744 13.85659882 68212
0 COSMOS 2251 DEB
1 34474U 93036TT  10174.27610655 +.00000715 +00000-0 +51183-3 0  9992
2 34474 074.0880 258.2574 0244673 241.0441 116.5957 13.85661302068346
0 COSMOS 2251 DEB
1 34474U 93036TT  10175.28685279  .00000715  00000-0  51181-3 0  9996
2 34474 074.0874 256.5528 0244724 239.0698 118.6187 13.85662805 68489
0 COSMOS 2251 DEB
1 34474U 93036TT  10175.64783309 +.00000724 +00000-0 +51750-3 0  9991
2 34474 074.0885 255.9448 0244680 238.4134 119.2893 13.85663467068536
0 COSMOS 2251 DEB
1 34474U 93036TT  10176.29759827  .00000721  00000-0  51580-3 0  9999
2 34474 074.0878 254.8482 0244741 237.1387 120.5976 13.85664375 68624
0 COSMOS 2251 DEB
1 34474U 93036TT  10177.30834329  .00000731  00000-0  52263-3 0  9993
2 34474 074.0882 253.1447 0244752 235.1847 122.6055 13.85666062 68764
0 COSMOS 2251 DEB
1 34474U 93036TT  10179.25763517  .00000731  00000-0  52256-3 0  9991
2 34474 074.0882 249.8593 0244755 231.4339 126.4627 13.85669008 69037
0 COSMOS 2251 DEB
1 34474U 93036TT  10179.54641918 +.00000738 +00000-0 +52697-3 0  9999
2 34474 074.0882 249.3724 0244801 230.8996 127.0143 13.85669541069078
0 COSMOS 2251 DEB
1 34474U 93036TT  10180.26837846  .00000730  00000-0  52168-3 0  9992
2 34474 074.0882 248.1553 0244832 229.5095 128.4468 13.85670522 69171
0 COSMOS 2251 DEB
1 34474U 93036TT  10181.27912123  .00000730  00000-0  52149-3 0  9995
2 34474 074.0884 246.4524 0244831 227.5728 130.4459 13.85672048 69316
0 COSMOS 2251 DEB
1 34474U 93036TT  10182.57864613  .00000748  00000-0  53399-3 0  9996
2 34474 074.0883 244.2606 0244740 225.0712 133.0381 13.85674460 69499
0 COSMOS 2251 DEB
1 34474U 93036TT  10183.58938590  .00000751  00000-0  53590-3 0  9991
2 34474 074.0889 242.5559 0244796 223.1037 135.0708 13.85676106 69633
0 COSMOS 2251 DEB
1 34474U 93036TT  10184.60012569  .00000758  00000-0  54046-3 0  9998
2 34474 074.0886 240.8466 0245174 221.1218 137.1295 13.85677824 69775
0 COSMOS 2251 DEB
1 34474U 93036TT  10185.53866758 +.00000756 +00000-0 +53886-3 0  9997
2 34474 074.0885 239.2635 0245159 219.3464 138.9618 13.85679264069902
0 COSMOS 2251 DEB
1 34474U 93036TT  10186.18842860  .00000752  00000-0  53594-3 0  9999
2 34474 074.0882 238.1682 0245163 218.0961 140.2609 13.85680182 69998
0 COSMOS 2251 DEB
1 34474U 93036TT  10187.19916720  .00000759  00000-0  54110-3 0  9990
2 34474 074.0879 236.4635 0245060 216.1256 142.3095 13.85681830 70136
0 COSMOS 2251 DEB
1 34474U 93036TT  10187.48794961 +.00000759 +00000-0 +54085-3 0  9994
2 34474 074.0877 235.9768 0245016 215.5815 142.8750 13.85682241070174
0 COSMOS 2251 DEB
1 34474U 93036TT  10188.13770976 +.00000764 +00000-0 +54409-3 0  9993
2 34474 074.0873 234.8809 0245009 214.3388 144.1708 13.85683334070260
0 COSMOS 2251 DEB
1 34474U 93036TT  10189.22064183  .00000760  00000-0  54158-3 0  9997
2 34474 074.0872 233.0556 0244894 212.2562 146.3350 13.85684917 70413
0 COSMOS 2251 DEB
1 34474U 93036TT  10190.23137872  .00000747  00000-0  53281-3 0  9997
2 34474 074.0874 231.3523 0244875 210.2856 148.3864 13.85686201 70558
0 COSMOS 2251 DEB
1 34474U 93036TT  10191.53089853  .00000724  00000-0  51672-3 0  9993
2 34474 074.0862 229.1582 0244701 207.8325 150.9508 13.85687625 70731
0 COSMOS 2251 DEB
1 34474U 93036TT  10193.19139165  .00000705  00000-0  50322-3 0  9999
2 34474 074.0858 226.3586 0244970 204.6161 154.3094 13.85689699 70966
0 COSMOS 2251 DEB
1 34474U 93036TT  10194.20212594  .00000694  00000-0  49571-3 0  9991
2 34474 074.0864 224.6551 0245128 202.6545 156.3606 13.85690997 71107
0 COSMOS 2251 DEB
1 34474U 93036TT  10194.49090717 +.00000681 +00000-0 +48672-3 0  9990
2 34474 074.0855 224.1672 0245092 202.1128 156.9255 13.85691136071144
0 COSMOS 2251 DEB
1 34474U 93036TT  10195.42944619  .00000661  00000-0  47265-3 0  9998
2 34474 074.0861 222.5857 0244871 200.3349 158.7833 13.85692061 71271
0 COSMOS 2251 DEB
1 34474U 93036TT  10196.15139953 +.00000628 +00000-0 +44948-3 0  9994
2 34474 074.0861 221.3680 0245335 198.9439 160.2464 13.85692551071373
0 COSMOS 2251 DEB
1 34474U 93036TT  10197.16213168  .00000619  00000-0  44329-3 0  9990
2 34474 074.0864 219.6645 0245396 196.9984 162.2792 13.85693681 71514
0 COSMOS 2251 DEB
1 34474U 93036TT  10197.45091283 +.00000611 +00000-0 +43751-3 0  9994
2 34474 074.0856 219.1765 0245459 196.4558 162.8484 13.85693840071550
0 COSMOS 2251 DEB
1 34474U 93036TT  10198.17286461  .00000608  00000-0  43585-3 0  9999
2 34474 074.0857 217.9597 0245474 195.0678 164.3039 13.85694703 71658
0 COSMOS 2251 DEB
1 34474U 93036TT  10198.46164526 +.00000595 +00000-0 +42716-3 0  9998
2 34474 074.0848 217.4714 0245262 194.5262 164.8685 13.85694810071697
0 COSMOS 2251 DEB
1 34474U 93036TT  10199.18359721  .00000588  00000-0  42219-3 0  9991
2 34474 074.0851 216.2548 0245266 193.1317 166.3320 13.85695546 71794
0 COSMOS 2251 DEB
1 34474U 93036TT  10199.47237821 +.00000578 +00000-0 +41495-3 0  9993
2 34474 074.0852 215.7677 0245113 192.5765 166.9134 13.85695697071834
0 COSMOS 2251 DEB
1 34474U 93036TT  10200.48311002  .00000566  00000-0  40676-3 0  9998
2 34474 074.0844 214.0614 0245411 190.6000 168.9920 13.85696695 71979
0 COSMOS 2251 DEB
1 34474U 93036TT  10201.42164495 +.00000559 +00000-0 +40188-3 0  9995
2 34474 074.0840 212.4787 0245554 188.7808 170.8977 13.85697637072107
0 COSMOS 2251 DEB
1 34474U 93036TT  10202.14359504  .00000559  00000-0  40139-3 0  9998
2 34474 074.0842 211.2618 0245529 187.3910 172.3565 13.85698462 72208
0 COSMOS 2251 DEB
1 34474U 93036TT  10202.43237506 +.00000550 +00000-0 +39529-3 0  9999
2 34474 074.0844 210.7750 0245387 186.8412 172.9299 13.85698598072248
0 COSMOS 2251 DEB
1 34474U 93036TT  10203.37091019  .00000538  00000-0  38726-3 0  9994
2 34474 074.0849 209.1920 0245134 185.0730 174.7875 13.85699480 72373
0 COSMOS 2251 DEB
1 34474U 93036TT  10204.38163978  .00000530  00000-0  38148-3 0  9990
2 34474 074.0848 207.4876 0245141 183.1215 176.8387 13.85700429 72511
0 COSMOS 2251 DEB
1 34474U 93036TT  10205.39236778  .00000522  00000-0  37606-3 0  9990
2 34474 074.0848 205.7830 0245222 181.1743 178.8837 13.85701420 72655
0 COSMOS 2251 DEB
1 34474U 93036TT  10205.39236778 +.00000522 +00000-0 +37606-3 0  9990
2 34474 074.0848 205.7830 0245222 181.1743 178.8837 13.85701420072655
0 COSMOS 2251 DEB
1 34474U 93036TT  10206.40309522  .00000514  00000-0  37079-3 0  9996
2 34474 074.0846 204.0786 0245258 179.2460 180.9096 13.85702395 72796
0 COSMOS 2251 DEB
1 34474U 93036TT  10207.41382150  .00000509  00000-0  36689-3 0  9996
2 34474 074.0842 202.3740 0245308 177.3102 182.9416 13.85703380 72930
0 COSMOS 2251 DEB
1 34474U 93036TT  10208.35235244 +.00000502 +00000-0 +36223-3 0  9998
2 34474 074.0843 200.7916 0245401 175.5100 184.8311 13.85704266073064
0 COSMOS 2251 DEB
1 34474U 93036TT  10209.29088286  .00000502  00000-0  36175-3 0  9990
2 34474 074.0843 199.2094 0245400 173.7046 186.7265 13.85705241 73198
0 COSMOS 2251 DEB
1 34474U 93036TT  10209.36307750 +.00000503 +00000-0 +36249-3 0  9991
2 34474 074.0841 199.0874 0245356 173.5660 186.8720 13.85705334073202
0 COSMOS 2251 DEB
1 34474U 93036TT  10210.30160706  .00000499  00000-0  35970-3 0  9999
2 34474 074.0843 197.5049 0245376 171.7678 188.7584 13.85706233 73334
0 COSMOS 2251 DEB
1 34474U 93036TT  10210.37380181 +.00000498 +00000-0 +35874-3 0  9999
2 34474 074.0831 197.3796 0245805 171.6132 188.9269 13.85706268073340
0 COSMOS 2251 DEB
1 34474U 93036TT  10211.31232974  .00000500  00000-0  36005-3 0  9991
2 34474 074.0833 195.7973 0245784 169.8131 190.8119 13.85707290 73471
0 COSMOS 2251 DEB
1 34474U 93036TT  10211.38452411 +.00000499 +00000-0 +35982-3 0  9998
2 34474 074.0831 195.6748 0245728 169.6726 190.9580 13.85707351073486
0 COSMOS 2251 DEB
1 34474U 93036TT  10212.32305222  .00000496  00000-0  35738-3 0  9996
2 34474 074.0832 194.0920 0245802 167.8664 192.8526 13.85708247 73617
0 COSMOS 2251 DEB
1 34474U 93036TT  10213.33377406  .00000495  00000-0  35641-3 0  9993
2 34474 074.0833 192.3881 0245865 165.9297 194.8847 13.85709262 73756
0 COSMOS 2251 DEB
1 34474U 93036TT  10214.34449497  .00000487  00000-0  35095-3 0  9999
2 34474 074.0833 190.6841 0245880 163.9766 196.9297 13.85710135 73897
0 COSMOS 2251 DEB
1 34474U 93036TT  10216.94348759  .00000477  00000-0  34395-3 0  9997
2 34474 074.0837 186.3025 0245831 158.9739 202.1670 13.85712573 74251
0 COSMOS 2251 DEB
1 34474U 93036TT  10217.30445912 +.00000476 +00000-0 +34349-3 0  9995
2 34474 074.0837 185.6941 0245858 158.2816 202.8954 13.85712912074303
0 COSMOS 2251 DEB
1 34474U 93036TT  10218.31517643  .00000478  00000-0  34471-3 0  9996
2 34474 074.0838 183.9903 0245851 156.3351 204.9322 13.85713961 74441
0 COSMOS 2251 DEB
1 34474U 93036TT  10219.32589254  .00000484  00000-0  34894-3 0  9991
2 34474 074.0841 182.2865 0245822 154.3831 206.9755 13.85715167 74580
0 COSMOS 2251 DEB
1 34474U 93036TT  10220.33660684  .00000492  00000-0  35415-3 0  9990
2 34474 074.0837 180.5819 0245847 152.4327 209.0122 13.85716347 74720
0 COSMOS 2251 DEB
1 34474U 93036TT  10221.27512626 +.00000494 +00000-0 +35564-3 0  9993
2 34474 074.0840 179.0003 0245925 150.6509 210.8717 13.85717380074853
0 COSMOS 2251 DEB
1 34474U 93036TT  10221.92486981  .00000497  00000-0  35735-3 0  9992
2 34474 074.0841 177.9046 0245958 149.4133 212.1630 13.85718131 74947
0 COSMOS 2251 DEB
1 34474U 93036TT  10222.28583798 +.00000500 +00000-0 +35952-3 0  9992
2 34474 074.0838 177.2957 0245942 148.7115 212.8929 13.85718571074993
0 COSMOS 2251 DEB
1 34474U 93036TT  10223.22435567  .00000507  00000-0  36447-3 0  9994
2 34474 074.0839 175.7133 0245870 146.8840 214.7961 13.85719686 75128
0 COSMOS 2251 DEB
1 34474U 93036TT  10223.94629169 +.00000514 +00000-0 +36895-3 0  9991
2 34474 074.0838 174.4961 0245847 145.4873 216.2507 13.85720571075226
0 COSMOS 2251 DEB
1 34474U 93036TT  10224.30725927  .00000526  00000-0  37750-3 0  9995
2 34474 074.0832 173.8864 0245905 144.7754 216.9942 13.85721204 75279
0 COSMOS 2251 DEB
1 34474U 93036TT  10225.89551426  .00000541  00000-0  38748-3 0  9996
2 34474 074.0837 171.2092 0245880 141.7090 220.1791 13.85723244 75490
0 COSMOS 2251 DEB
1 34474U 93036TT  10226.25648097 +.00000548 +00000-0 +39249-3 0  9992
2 34474 074.0838 170.6009 0245891 141.0184 220.8984 13.85723807075543
0 COSMOS 2251 DEB
1 34474U 93036TT  10227.26718652  .00000556  00000-0  39816-3 0  9998
2 34474 074.0836 168.8963 0245806 139.0586 222.9308 13.85725128 75684
0 COSMOS 2251 DEB
1 34474U 93036TT  10227.91692501 +.00000561 +00000-0 +40129-3 0  9999
2 34474 074.0834 167.8006 0245685 137.7974 224.2357 13.85725942075773
0 COSMOS 2251 DEB
1 34474U 93036TT  10228.92762866  .00000566  00000-0  40523-3 0  9996
2 34474 074.0839 166.0974 0245594 135.8329 226.2686 13.85727230 75910
0 COSMOS 2251 DEB
1 34474U 93036TT  10228.92762866 +.00000566 +00000-0 +40523-3 0  9996
2 34474 074.0839 166.0974 0245594 135.8329 226.2686 13.85727230075910
0 COSMOS 2251 DEB
1 34474U 93036TT  10229.93833103  .00000572  00000-0  40921-3 0  9990
2 34474 074.0842 164.3941 0245493 133.8717 228.2977 13.85728548 76050
0 COSMOS 2251 DEB
1 34474U 93036TT  10229.93833103 +.00000572 +00000-0 +40921-3 0  9990
2 34474 074.0842 164.3941 0245493 133.8717 228.2977 13.85728548076050
0 COSMOS 2251 DEB
1 34474U 93036TT  10230.87683907 +.00000589 +00000-0 +42092-3 0  9999
2 34474 074.0844 162.8109 0245364 132.0407 230.1935 13.85730030076184
0 COSMOS 2251 DEB
1 34474U 93036TT  10231.88753742  .00000597  00000-0  42602-3 0  9992
2 34474 074.0840 161.1061 0245708 130.1090 232.1891 13.85731411 76321
0 COSMOS 2251 DEB
1 34474U 93036TT  10232.24850037 +.00000608 +00000-0 +43336-3 0  9996
2 34474 074.0833 160.4953 0245887 129.4064 232.9169 13.85732091076371
0 COSMOS 2251 DEB
1 34474U 93036TT  10233.18700377  .00000615  00000-0  43869-3 0  9990
2 34474 074.0833 158.9130 0245887 127.5814 234.7922 13.85733402 76501
0 COSMOS 2251 DEB
1 34474U 93036TT  10233.83673679 +.00000617 +00000-0 +43956-3 0  9995
2 34474 074.0834 157.8174 0245887 126.3318 236.0788 13.85734259076599
0 COSMOS 2251 DEB
1 34474U 93036TT  10234.19769922  .00000626  00000-0  44603-3 0  9992
2 34474 074.0838 157.2087 0246015 125.6247 236.8088 13.85734927 76646
0 COSMOS 2251 DEB
1 34474U 93036TT  10234.91962318 +.00000638 +00000-0 +45419-3 0  9995
2 34474 074.0835 155.9917 0245954 124.2106 238.2603 13.85736057076746
0 COSMOS 2251 DEB
1 34474U 93036TT  10235.20839252  .00000647  00000-0  46037-3 0  9995
2 34474 074.0831 155.5042 0245995 123.6457 238.8432 13.85736628 76788
0 COSMOS 2251 DEB
1 34474U 93036TT  10236.21908395  .00000646  00000-0  45965-3 0  9990
2 34474 074.0829 153.7997 0246114 121.7175 240.8201 13.85737950 76926
0 COSMOS 2251 DEB
1 34474U 93036TT  10236.86881369 +.00000645 +00000-0 +45863-3 0  9998
2 34474 074.0830 152.7041 0246140 120.4654 242.1024 13.85738780077015
0 COSMOS 2251 DEB
1 34474U 93036TT  10237.87950283  .00000654  00000-0  46499-3 0  9998
2 34474 074.0837 151.0001 0246278 118.5366 244.0780 13.85740304 77150
0 COSMOS 2251 DEB
1 34474U 93036TT  10238.16827121 +.00000663 +00000-0 +47075-3 0  9996
2 34474 074.0838 150.5134 0246362 117.9841 244.6476 13.85740867077193
0 COSMOS 2251 DEB
1 34474U 93036TT  10239.17895801  .00000664  00000-0  47142-3 0  9994
2 34474 074.0842 148.8091 0246354 116.0348 246.6368 13.85742281 77333
0 COSMOS 2251 DEB
1 34474U 93036TT  10240.18964368  .00000671  00000-0  47621-3 0  9992
2 34474 074.0838 147.1042 0246552 114.1318 248.5851 13.85743818 77472
0 COSMOS 2251 DEB
1 34474U 93036TT  10241.77785995  .00000672  00000-0  47672-3 0  9992
2 34474 074.0837 144.4255 0246597 111.0413 251.7259 13.85745986 77698
0 COSMOS 2251 DEB
1 34474U 93036TT  10242.13881813 +.00000671 +00000-0 +47630-3 0  9992
2 34474 074.0837 143.8173 0246671 110.2916 252.4867 13.85746468077747
0 COSMOS 2251 DEB
1 34474U 93036TT  10243.14949968  .00000679  00000-0  48136-3 0  9990
2 34474 074.0833 142.1133 0246729 108.3433 254.4720 13.85748027 77885
0 COSMOS 2251 DEB
1 34474U 93036TT  10244.08798692 +.00000680 +00000-0 +48206-3 0  9990
2 34474 074.0835 140.5312 0246728 106.5281 256.3102 13.85749378078019
0 COSMOS 2251 DEB
1 34474U 93036TT  10245.09866435  .00000682  00000-0  48348-3 0  9992
2 34474 074.0835 138.8269 0246783 104.6053 258.2591 13.85750842 78153
0 COSMOS 2251 DEB
1 34474U 93036TT  10245.74838431 +.00000692 +00000-0 +49034-3 0  9993
2 34474 074.0836 137.7314 0246709 103.3653 259.5159 13.85752006078241
0 COSMOS 2251 DEB
1 34474U 93036TT  10246.10933855  .00000697  00000-0  49379-3 0  9997
2 34474 074.0834 137.1233 0246791 102.6545 260.2302 13.85752645 78299
0 COSMOS 2251 DEB
1 34474U 93036TT  10246.75905741 +.00000706 +00000-0 +49995-3 0  9996
2 34474 074.0831 136.0274 0246877 101.3621 261.5337 13.85753721078383
0 COSMOS 2251 DEB
1 34474U 93036TT  10247.12001230  .00000712  00000-0  50400-3 0  9998
2 34474 074.0828 135.4184 0246979 100.6692 262.2366 13.85754377 78439
0 COSMOS 2251 DEB
1 34474U 93036TT  10247.76972968 +.00000723 +00000-0 +51120-3 0  9995
2 34474 074.0827 134.3225 0247085 099.3552 263.5567 13.85755474078526
0 COSMOS 2251 DEB
1 34474U 93036TT  10248.13068431  .00000736  00000-0  52015-3 0  9996
2 34474 074.0828 133.7133 0247249 098.6623 264.2622 13.85756272 78573
0 COSMOS 2251 DEB
1 34474U 93036TT  10248.70820952 +.00000744 +00000-0 +52539-3 0  9993
2 34474 074.0829 132.7394 0247266 097.5236 265.4046 13.85757269078658
0 COSMOS 2251 DEB
1 34474U 93036TT  10249.06916293 +.00000752 +00000-0 +53098-3 0  9997
2 34474 074.0828 132.1308 0247259 096.8102 266.1224 13.85757948078708
0 COSMOS 2251 DEB
1 34474U 93036TT  10250.07983073  .00000760  00000-0  53655-3 0  9998
2 34474 074.0824 130.4260 0247388 094.8734 268.0689 13.85759629 78843
0 COSMOS 2251 DEB
1 34474U 93036TT  10250.65735424 +.00000761 +00000-0 +53689-3 0  9995
2 34474 074.0824 129.4521 0247367 093.7684 269.1769 13.85760549078923
0 COSMOS 2251 DEB
1 34474U 93036TT  10251.09049641  .00000761  00000-0  53708-3 0  9995
2 34474 074.0829 128.7215 0247343 092.9131 270.0322 13.85761249 78982
0 COSMOS 2251 DEB
1 34474U 93036TT  10252.02897042 +.00000762 +00000-0 +53792-3 0  9999
2 34474 074.0832 127.1393 0247336 091.0820 271.8646 13.85762765079111
0 COSMOS 2251 DEB
1 34474U 93036TT  10253.03963293  .00000768  00000-0  54197-3 0  9999
2 34474 074.0832 125.4354 0247360 089.1319 273.8148 13.85764466 79251
0 COSMOS 2251 DEB
1 34474U 93036TT  10253.76153327 +.00000770 +00000-0 +54325-3 0  9994
2 34474 074.0834 124.2182 0247378 087.7465 275.1961 13.85765639079356
0 COSMOS 2251 DEB
1 34474U 93036TT  10254.05029324  .00000773  00000-0  54503-3 0  9997
2 34474 074.0833 123.7313 0247413 087.2005 275.7410 13.85766126 79391
0 COSMOS 2251 DEB
1 34474U 93036TT  10255.06095185  .00000776  00000-0  54734-3 0  9996
2 34474 074.0832 122.0272 0247440 085.2383 277.6953 13.85767813 79536
0 COSMOS 2251 DEB
1 34474U 93036TT  10255.99941883 +.00000779 +00000-0 +54912-3 0  9994
2 34474 074.0834 120.4452 0247494 083.4433 279.4807 13.85769375079662
0 COSMOS 2251 DEB
1 34474U 93036TT  10257.01007374  .00000779  00000-0  54958-3 0  9997
2 34474 074.0835 118.7413 0247507 081.4935 281.4153 13.85771013 79805
0 COSMOS 2251 DEB
1 34474U 93036TT  10257.65977961 +.00000788 +00000-0 +55527-3 0  9998
2 34474 074.0835 117.6454 0247482 080.2480 282.6538 13.85772250079895
0 COSMOS 2251 DEB
1 34474U 93036TT  10258.02072612  .00000801  00000-0  56409-3 0  9995
2 34474 074.0827 117.0356 0247657 079.6795 283.2226 13.85773098 79944
0 COSMOS 2251 DEB
1 34474U 93036TT  10259.03137544  .00000805  00000-0  56691-3 0  9990
2 34474 074.0828 115.3315 0247644 077.7346 285.1396 13.85774852 80083
0 COSMOS 2251 DEB
1 34474U 93036TT  10260.98048272  .00000813  00000-0  57276-3 0  9994
2 34474 074.0829 112.0447 0247696 073.9855 288.8413 13.85778237 80355
0 COSMOS 2251 DEB
1 34474U 93036TT  10261.63018333 +.00000808 +00000-0 +56879-3 0  9994
2 34474 074.0830 110.9493 0247784 072.7446 290.0581 13.85779143080444
0 COSMOS 2251 DEB
1 34474U 93036TT  10261.99112900  .00000819  00000-0  57632-3 0  9998
2 34474 074.0826 110.3395 0247826 072.1017 290.7005 13.85779942 80499
0 COSMOS 2251 DEB
1 34474U 93036TT  10262.56863902 +.00000813 +00000-0 +57249-3 0  9995
2 34474 074.0825 109.3654 0247944 070.9741 291.8024 13.85780775080573
0 COSMOS 2251 DEB
1 34474U 93036TT  10263.00177267  .00000815  00000-0  57342-3 0  9993
2 34474 074.0824 108.6349 0247961 070.1315 292.6351 13.85781530 80632
0 COSMOS 2251 DEB
1 34474U 93036TT  10263.65147119 +.00000815 +00000-0 +57356-3 0  9992
2 34474 074.0825 107.5394 0247990 068.8850 293.8586 13.85782618080722
0 COSMOS 2251 DEB
1 34474U 93036TT  10264.73430053  .00000807  00000-0  56829-3 0  9999
2 34474 074.0823 105.7134 0247932 066.8186 295.8825 13.85784239 80873
0 COSMOS 2251 DEB
1 34474U 93036TT  10265.96150511  .00000803  00000-0  56545-3 0  9994
2 34474 074.0823 103.6439 0247957 064.4568 298.1950 13.85786180 81045
0 COSMOS 2251 DEB
1 34474U 93036TT  10266.53901262 +.00000780 +00000-0 +54959-3 0  9996
2 34474 074.0819 102.6690 0248107 063.3522 299.2689 13.85786591081120
0 COSMOS 2251 DEB
1 34474U 93036TT  10266.97214449  .00000780  00000-0  54960-3 0  9990
2 34474 074.0815 101.9382 0248124 062.5132 300.0984 13.85787293 81188
0 COSMOS 2251 DEB
1 34474U 93036TT  10267.98277981  .00000777  00000-0  54759-3 0  9994
2 34474 074.0811 100.2333 0248142 060.5762 301.9882 13.85788860 81323
0 COSMOS 2251 DEB
1 34474U 93036TT  10269.57091772  .00000744  00000-0  52496-3 0  9993
2 34474 074.0808 097.5544 0248052 057.6101 304.8675 13.85790673 81546
0 COSMOS 2251 DEB
1 34474U 93036TT  10269.93185957 +.00000741 +00000-0 +52312-3 0  9996
2 34474 074.0809 096.9457 0248041 056.9217 305.5450 13.85791161081598
0 COSMOS 2251 DEB
1 34474U 93036TT  10270.94249082  .00000729  00000-0  51434-3 0  9999
2 34474 074.0808 095.2410 0248313 054.8889 307.5179 13.85792493 81737
0 COSMOS 2251 DEB
1 34474U 93036TT  10270.94249082 +.00000729 +00000-0 +51434-3 0  9999
2 34474 074.0808 095.2410 0248313 054.8889 307.5179 13.85792493081737
0 COSMOS 2251 DEB
1 34474U 93036TT  10271.95312157  .00000729  00000-0  51439-3 0  9990
2 34474 074.0806 093.5365 0248334 052.9603 309.3966 13.85794034 81873
0 COSMOS 2251 DEB
1 34474U 93036TT  10272.89156164 +.00000721 +00000-0 +50874-3 0  9992
2 34474 074.0806 091.9539 0248350 051.1415 311.1554 13.85795268082008
0 COSMOS 2251 DEB
1 34474U 93036TT  10273.54125096  .00000711  00000-0  50220-3 0  9999
2 34474 074.0807 090.8580 0248341 049.9170 312.3396 13.85795995 82099
0 COSMOS 2251 DEB
1 34474U 93036TT  10273.90218981 +.00000697 +00000-0 +49213-3 0  9998
2 34474 074.0803 090.2491 0248482 049.1890 313.0459 13.85796282082141
0 COSMOS 2251 DEB
1 34474U 93036TT  10274.55187847  .00000693  00000-0  48921-3 0  9997
2 34474 074.0801 089.1532 0248510 047.9322 314.2642 13.85797136 82236
0 COSMOS 2251 DEB
1 34474U 93036TT  10275.63469044  .00000689  00000-0  48655-3 0  9998
2 34474 074.0801 087.3271 0248495 045.8684 316.2578 13.85798620 82381
0 COSMOS 2251 DEB
1 34474U 93036TT  10276.86187516  .00000688  00000-0  48651-3 0  9990
2 34474 074.0798 085.2568 0248488 043.5125 318.5309 13.85800363 82553
0 COSMOS 2251 DEB
1 34474U 93036TT  10278.88311590  .00000687  00000-0  48535-3 0  9995
2 34474 074.0794 081.8472 0248511 039.6535 322.2464 13.85803188 82836
0 COSMOS 2251 DEB
1 34474U 93036TT  10279.82154729 +.00000682 +00000-0 +48233-3 0  9999
2 34474 074.0793 080.2641 0248503 037.8548 323.9752 13.85804425082968
0 COSMOS 2251 DEB
1 34474U 93036TT  10280.83216416  .00000679  00000-0  47994-3 0  9993
2 34474 074.0793 078.5594 0248512 035.9062 325.8445 13.85805760 83105
0 COSMOS 2251 DEB
1 34474U 93036TT  10281.48184649 +.00000671 +00000-0 +47485-3 0  9994
2 34474 074.0792 077.4631 0248521 034.6726 327.0281 13.85806478083195
0 COSMOS 2251 DEB
1 34474U 93036TT  10283.43088901  .00000663  00000-0  46936-3 0  9996
2 34474 074.0791 074.1749 0248570 030.9331 330.6147 13.85809040 83462
0 COSMOS 2251 DEB
1 34474U 93036TT  10283.57526270 +.00000651 +00000-0 +46100-3 0  9997
2 34474 074.0797 073.9324 0248629 030.5881 330.9405 13.85808939083483
0 COSMOS 2251 DEB
1 34474U 93036TT  10284.44150343  .00000650  00000-0  46009-3 0  9995
2 34474 074.0797 072.4710 0248541 028.9441 332.5222 13.85810100 83604
0 COSMOS 2251 DEB
1 34474U 93036TT  10284.51368971 +.00000642 +00000-0 +45518-3 0  9996
2 34474 074.0798 072.3496 0248576 028.7790 332.6746 13.85810006083616
0 COSMOS 2251 DEB
1 34474U 93036TT  10285.81304785  .00000644  00000-0  45587-3 0  9991
2 34474 074.0800 070.1582 0248632 026.2738 335.0741 13.85811743 83790
0 COSMOS 2251 DEB
1 34474U 93036TT  10286.82365786  .00000636  00000-0  44956-3 0  9991
2 34474 074.0816 068.4525 0249658 024.1431 337.1036 13.85813005 83939
0 COSMOS 2251 DEB
1 34474U 93036TT  10287.83426903  .00000627  00000-0  44383-3 0  9996
2 34474 074.0813 066.7474 0249456 022.2618 338.9118 13.85814162 84073
0 COSMOS 2251 DEB
1 34474U 93036TT  10288.48394529 +.00000612 +00000-0 +43401-3 0  9990
2 34474 074.0814 065.6518 0249233 021.0550 340.0595 13.85814698084163
0 COSMOS 2251 DEB
1 34474U 93036TT  10289.42236662  .00000606  00000-0  42975-3 0  9996
2 34474 074.0813 064.0683 0249169 019.2757 341.7563 13.85815725 84293
0 COSMOS 2251 DEB
1 34474U 93036TT  10290.43297322  .00000596  00000-0  42316-3 0  9996
2 34474 074.0817 062.3638 0249359 017.3007 343.6387 13.85816837 84432
0 COSMOS 2251 DEB
1 34474U 93036TT  10292.74292692  .00000582  00000-0  41334-3 0  9991
2 34474 074.0813 058.4672 0249316 012.8009 347.9268 13.85819389 84752
0 COSMOS 2251 DEB
1 34474U 93036TT  10293.39260078 +.00000578 +00000-0 +41073-3 0  9991
2 34474 074.0810 057.3697 0249167 011.5354 349.1358 13.85820108084842
0 COSMOS 2251 DEB
1 34474U 93036TT  10294.40320262  .00000582  00000-0  41390-3 0  9993
2 34474 074.0816 055.6652 0249141 009.5997 350.9785 13.85821462 84985
0 COSMOS 2251 DEB
1 34474U 93036TT  10296.35221790  .00000596  00000-0  42371-3 0  9990
2 34474 074.0812 052.3758 0248839 005.8590 354.5420 13.85824071 85259
0 COSMOS 2251 DEB
1 34474U 93036TT  10297.36281569  .00000604  00000-0  42886-3 0  9993
2 34474 074.0807 050.6692 0248830 003.9079 356.3940 13.85825455 85392
0 COSMOS 2251 DEB
1 34474U 93036TT  10298.37341021  .00000617  00000-0  43902-3 0  9999
2 34474 074.0808 048.9654 0247761 002.0237 358.1827 13.85827037 85537
0 COSMOS 2251 DEB
1 34474U 93036TT  10299.38400727  .00000615  00000-0  43730-3 0  9997
2 34474 074.0809 047.2611 0247891 000.0189 000.0891 13.85828278 85678
0 COSMOS 2251 DEB
1 34474U 93036TT  10300.39460360  .00000613  00000-0  43563-3 0  9992
2 34474 074.0819 045.5586 0248107 358.0285 001.9815 13.85829546 85816
0 COSMOS 2251 DEB
1 34474U 93036TT  10300.68334563 +.00000612 +00000-0 +43475-3 0  9990
2 34474 074.0817 045.0713 0248416 357.4001 002.5798 13.85829889085854
0 COSMOS 2251 DEB
1 34474U 93036TT  10301.33301423 +.00000622 +00000-0 +44153-3 0  9997
2 34474 074.0814 043.9742 0248718 356.1005 003.8205 13.85830957085940
0 COSMOS 2251 DEB
1 34474U 93036TT  10302.34360777  .00000640  00000-0  45403-3 0  9995
2 34474 074.0818 042.2696 0248379 354.1049 005.7237 13.85832587 86086
0 COSMOS 2251 DEB
1 34474U 93036TT  10303.35419936  .00000638  00000-0  45329-3 0  9993
2 34474 074.0819 040.5653 0248350 352.1737 007.5536 13.85833904 86224
0 COSMOS 2251 DEB
1 34474U 93036TT  10304.65353125  .00000657  00000-0  46597-3 0  9993
2 34474 074.0826 038.3748 0248051 349.6583 009.9521 13.85835997 86404
0 COSMOS 2251 DEB
1 34474U 93036TT  10305.30319626 +.00000658 +00000-0 +46727-3 0  9990
2 34474 074.0826 037.2788 0248067 348.4081 011.1399 13.85836919086495
0 COSMOS 2251 DEB
1 34474U 93036TT  10306.31378637  .00000665  00000-0  47172-3 0  9992
2 34474 074.0822 035.5736 0248094 346.4379 013.0190 13.85838440 86630
0 COSMOS 2251 DEB
1 34474U 93036TT  10307.25219004 +.00000664 +00000-0 +47111-3 0  9990
2 34474 074.0821 033.9907 0248044 344.6335 014.7359 13.85839730086760
0 COSMOS 2251 DEB
1 34474U 93036TT  10308.26277834  .00000659  00000-0  46784-3 0  9996
2 34474 074.0828 032.2882 0248022 342.6650 016.6107 13.85841058 86909
0 COSMOS 2251 DEB
1 34474U 93036TT  10308.69588759 +.00000654 +00000-0 +46416-3 0  9991
2 34474 074.0819 031.5557 0248259 341.7853 017.4477 13.85841511086966
0 COSMOS 2251 DEB
1 34474U 93036TT  10309.27336656  .00000649  00000-0  46081-3 0  9995
2 34474 074.0818 030.5813 0248191 340.7012 018.4807 13.85842153 87041
0 COSMOS 2251 DEB
1 34474U 93036TT  10310.64487724  .00000649  00000-0  46060-3 0  9998
2 34474 074.0825 028.2688 0248230 338.0188 021.0425 13.85844076 87234
0 COSMOS 2251 DEB
1 34474U 93036TT  10311.22235520 +.00000650 +00000-0 +46184-3 0  9997
2 34474 074.0825 027.2948 0248233 336.9142 022.0982 13.85844891087315
0 COSMOS 2251 DEB
1 34474U 93036TT  10312.30512534  .00000647  00000-0  45951-3 0  9997
2 34474 074.0824 025.4685 0248232 334.8233 024.0946 13.85846279 87469
0 COSMOS 2251 DEB
1 34474U 93036TT  10312.66604872 +.00000645 +00000-0 +45812-3 0  9997
2 34474 074.0827 024.8605 0248324 334.1151 024.7709 13.85846733087516
0 COSMOS 2251 DEB
1 34474U 93036TT  10313.24352589 +.00000641 +00000-0 +45515-3 0  9993
2 34474 074.0826 023.8860 0248256 333.0011 025.8367 13.85847412087599
0 COSMOS 2251 DEB
1 34474U 93036TT  10314.25411028  .00000640  00000-0  45447-3 0  9992
2 34474 074.0831 022.1823 0248235 331.0559 027.6983 13.85848757 87731
0 COSMOS 2251 DEB
1 34474U 93036TT  10315.62561658  .00000638  00000-0  45376-3 0  9997
2 34474 074.0829 019.8685 0248165 328.4279 030.2174 13.85850585 87923
0 COSMOS 2251 DEB
1 34474U 93036TT  10316.20309209 +.00000642 +00000-0 +45596-3 0  9993
2 34474 074.0830 018.8945 0248178 327.3204 031.2781 13.85851431088009
0 COSMOS 2251 DEB
1 34474U 93036TT  10317.21367412  .00000651  00000-0  46234-3 0  9995
2 34474 074.0831 017.1895 0248213 325.3576 033.1659 13.85853056 88141
0 COSMOS 2251 DEB
1 34474U 93036TT  10318.22425418  .00000662  00000-0  46999-3 0  9998
2 34474 074.0835 015.4858 0248332 323.4102 035.0324 13.85854712 88286
0 COSMOS 2251 DEB
1 34474U 93036TT  10319.59575379  .00000685  00000-0  48595-3 0  9990
2 34474 074.0848 013.1731 0247918 320.7592 037.5804 13.85857113 88476
0 COSMOS 2251 DEB
1 34474U 93036TT  10320.24541167 +.00000687 +00000-0 +48713-3 0  9996
2 34474 074.0848 012.0772 0247978 319.5035 038.7874 13.85858083088560
0 COSMOS 2251 DEB
1 34474U 93036TT  10321.54472717  .00000719  00000-0  50934-3 0  9998
2 34474 074.0849 009.8851 0247927 316.9771 041.2301 13.85860549 88749
0 COSMOS 2251 DEB
1 34474U 93036TT  10322.55530287 +.00000742 +00000-0 +52538-3 0  9995
2 34474 074.0844 008.1802 0247831 315.0290 043.1092 13.85862552088881
0 COSMOS 2251 DEB
1 34474U 93036TT  10323.56587761 +.00000758 +00000-0 +53639-3 0  9996
2 34474 074.0841 006.4758 0247883 313.0736 044.9946 13.85864475089029
0 COSMOS 2251 DEB
1 34474U 93036TT  10324.57644895 +.00000784 +00000-0 +55345-3 0  9995
2 34474 074.0842 004.7710 0248362 311.0693 046.9223 13.85866748089162
0 COSMOS 2251 DEB
1 34474U 93036TT  10325.15391989 +.00000797 +00000-0 +56184-3 0  9999
2 34474 074.0841 003.7962 0248778 309.9376 048.0201 13.85868032089240
0 COSMOS 2251 DEB
1 34474U 93036TT  10326.16449216 +.00000824 +00000-0 +58021-3 0  9991
2 34474 074.0845 002.0921 0249103 307.9950 049.8973 13.85870247089381
0 COSMOS 2251 DEB
1 34474U 93036TT  10327.17506357 +.00000850 +00000-0 +59747-3 0  9998
2 34474 074.0844 000.3877 0249292 306.0565 051.7739 13.85872433089529
0 COSMOS 2251 DEB
1 34474U 93036TT  10328.18563421  .00000854  00000-0  59995-3 0  9994
2 34474 074.0846 358.6834 0249315 304.1099 053.6614 13.85874300 89663
0 COSMOS 2251 DEB
1 34474U 93036TT  10330.13459177  .00000851  00000-0  59775-3 0  9997
2 34474 074.0847 355.3961 0249606 300.4086 057.2546 13.85877557 89938
0 COSMOS 2251 DEB
1 34474U 93036TT  10331.50607966  .00000830  00000-0  58327-3 0  9999
2 34474 074.0858 353.0818 0249845 297.7312 059.8664 13.85879590 90122
0 COSMOS 2251 DEB
1 34474U 93036TT  10333.09411775  .00000802  00000-0  56353-3 0  9992
2 34474 074.0858 350.4036 0250352 294.6984 062.8246 13.85881684 90342
0 COSMOS 2251 DEB
1 34474U 93036TT  10334.46560323  .00000777  00000-0  54649-3 0  9995
2 34474 074.0868 348.0900 0250501 292.1009 065.3622 13.85883533 90535
0 COSMOS 2251 DEB
1 34474U 93036TT  10338.43568826  .00000696  00000-0  49076-3 0  9990
2 34474 074.0863 341.3934 0250986 284.4790 072.8326 13.85888104 91085
0 COSMOS 2251 DEB
1 34474U 93036TT  10339.01316071 +.00000684 +00000-0 +48287-3 0  9998
2 34474 074.0861 340.4194 0250776 283.3675 073.9545 13.85888640091167
0 COSMOS 2251 DEB
1 34474U 93036TT  10340.02372862  .00000668  00000-0  47149-3 0  9999
2 34474 074.0863 338.7154 0250689 281.3950 075.9089 13.85889785 91304
0 COSMOS 2251 DEB
1 34474U 93036TT  10341.03429563  .00000658  00000-0  46517-3 0  9999
2 34474 074.0863 337.0113 0250574 279.4231 077.8614 13.85890952 91442
0 COSMOS 2251 DEB
1 34474U 93036TT  10342.04486271  .00000651  00000-0  46058-3 0  9993
2 34474 074.0860 335.3069 0250574 277.4686 079.8024 13.85892193 91583
0 COSMOS 2251 DEB
1 34474U 93036TT  10342.98324574 +.00000639 +00000-0 +45218-3 0  9996
2 34474 074.0862 333.7244 0250560 275.6523 081.6054 13.85893229091717
0 COSMOS 2251 DEB
1 34474U 93036TT  10343.99381224  .00000629  00000-0  44528-3 0  9995
2 34474 074.0861 332.0199 0250557 273.7029 083.5446 13.85894345 91854
0 COSMOS 2251 DEB
1 34474U 93036TT  10345.36529500  .00000582  00000-0  41335-3 0  9990
2 34474 074.0864 329.7056 0250765 271.0875 086.1362 13.85895101 92042
0 COSMOS 2251 DEB
1 34474U 93036TT  10345.94276486 +.00000576 +00000-0 +40895-3 0  9999
2 34474 074.0860 328.7303 0250696 269.9881 087.2480 13.85895614092129
0 COSMOS 2251 DEB
1 34474U 93036TT  10346.95333228  .00000560  00000-0  39837-3 0  9996
2 34474 074.0868 327.0266 0250738 268.0802 089.1563 13.85896544 92268
0 COSMOS 2251 DEB
1 34474U 93036TT  10346.95333228 +.00000560 +00000-0 +39837-3 0  9996
2 34474 074.0868 327.0266 0250738 268.0802 089.1563 13.85896544092268
0 COSMOS 2251 DEB
1 34474U 93036TT  10347.96389907  .00000557  00000-0  39593-3 0  9998
2 34474 074.0865 325.3224 0250751 266.1471 091.0947 13.85897650 92409
0 COSMOS 2251 DEB
1 34474U 93036TT  10348.97446528  .00000517  00000-0  36836-3 0  9996
2 34474 074.0861 323.6173 0250982 264.2333 093.0019 13.85897958 92549
0 COSMOS 2251 DEB
1 34474U 93036TT  10349.91285068 +.00000500 +00000-0 +35696-3 0  9996
2 34474 074.0858 322.0331 0251016 262.4827 094.7645 13.85898566092674
0 COSMOS 2251 DEB
1 34474U 93036TT  10350.34595219  .00000487  00000-0  34834-3 0  9994
2 34474 074.0846 321.2995 0251112 261.7105 095.5448 13.85898741 92738
0 COSMOS 2251 DEB
1 34474U 93036TT  10351.35651961  .00000479  00000-0  34303-3 0  9995
2 34474 074.0839 319.5941 0251066 259.7555 097.5180 13.85899646 92870
0 COSMOS 2251 DEB
1 34474U 93036TT  10351.93398625 +.00000479 +00000-0 +34272-3 0  9999
2 34474 074.0839 318.6198 0251071 258.6493 098.6331 13.85900217092955
0 COSMOS 2251 DEB
1 34474U 93036TT  10352.36708630  .00000474  00000-0  33949-3 0  9993
2 34474 074.0844 317.8900 0251040 257.8175 099.4722 13.85900597 93019
0 COSMOS 2251 DEB
1 34474U 93036TT  10353.95512020  .00000471  00000-0  33696-3 0  9991
2 34474 074.0833 315.2091 0251091 254.8020 102.5205 13.85902006 93235
0 COSMOS 2251 DEB
1 34474U 93036TT  10353.95512020 +.00000471 +00000-0 +33696-3 0  9991
2 34474 074.0833 315.2091 0251091 254.8020 102.5205 13.85902006093235
0 COSMOS 2251 DEB
1 34474U 93036TT  10354.31603711 +.00000448 +00000-0 +32160-3 0  9999
2 34474 074.0838 314.5996 0250946 254.1462 103.1800 13.85901963093281
0 COSMOS 2251 DEB
1 34474U 93036TT  10355.32660554  .00000425  00000-0  30585-3 0  9993
2 34474 074.0833 312.8946 0250849 252.1486 105.2082 13.85902458 93429
0 COSMOS 2251 DEB
1 34474U 93036TT  10356.26499198 +.00000405 +00000-0 +29266-3 0  9993
2 34474 074.0835 311.3118 0250693 250.3194 107.0719 13.85902866093553
0 COSMOS 2251 DEB
1 34474U 93036TT  10357.27555973  .00000397  00000-0  28713-3 0  9995
2 34474 074.0831 309.6065 0250689 248.4008 109.0205 13.85903524 93696
0 COSMOS 2251 DEB
1 34474U 93036TT  10357.92521114 +.00000398 +00000-0 +28743-3 0  9991
2 34474 074.0833 308.5109 0250673 247.1569 110.2910 13.85904089093780
0 COSMOS 2251 DEB
1 34474U 93036TT  10358.28612819  .00000389  00000-0  28155-3 0  9991
2 34474 074.0831 307.9018 0250640 246.4813 110.9753 13.85904168 93834
0 COSMOS 2251 DEB
1 34474U 93036TT  10358.86359648 +.00000381 +00000-0 +27606-3 0  9995
2 34474 074.0835 306.9265 0250497 245.3637 112.1165 13.85904458093915
0 COSMOS 2251 DEB
1 34474U 93036TT  10359.29669802  .00000359  00000-0  26105-3 0  9997
2 34474 074.0849 306.1963 0250472 244.5752 112.9225 13.85904529 93979
0 COSMOS 2251 DEB
1 34474U 93036TT  10359.87416637 +.00000359 +00000-0 +26101-3 0  9993
2 34474 074.0848 305.2225 0250407 243.4675 114.0569 13.85904945094055
0 COSMOS 2251 DEB
1 34474U 93036TT  10360.88473505  .00000352  00000-0  25653-3 0  9997
2 34474 074.0848 303.5183 0250404 241.5227 116.0454 13.85905575 94198
0 COSMOS 2251 DEB
1 34474U 93036TT  10361.82312143 +.00000306 +00000-0 +22539-3 0  9991
2 34474 074.0853 301.9350 0250375 239.7591 117.8459 13.85905416094325
0 COSMOS 2251 DEB
1 34474U 93036TT  10362.25622406  .00000296  00000-0  21823-3 0  9998
2 34474 074.0850 301.2040 0250422 238.9422 118.6886 13.85905488 94386
0 COSMOS 2251 DEB
1 34474U 93036TT  10363.26679384  .00000289  00000-0  21307-3 0  9996
2 34474 074.0850 299.4998 0250449 237.0058 120.6758 13.85905985 94529
0 COSMOS 2251 DEB
1 34474U 93036TT  10363.84426250 +.00000291 +00000-0 +21456-3 0  9990
2 34474 074.0849 298.5259 0250366 235.9017 121.8114 13.85906366094609
0 COSMOS 2251 DEB
1 34474U 93036TT  10364.85483232  .00000276  00000-0  20418-3 0  9995
2 34474 074.0853 296.8218 0250452 233.9155 123.8492 13.85906647 94745
0 COSMOS 2251 DEB
1 34474U 93036TT  10365.86540444  .00000245  00000-0  18352-3 0  9996
2 34474 074.0848 295.1163 0250618 231.9405 125.8844 13.85906580 94884
0 COSMOS 2251 DEB
1 34474U 93036TT  11001.80379337 +.00000207 +00000-0 +15761-3 0  9998
2 34474 074.0854 293.5325 0250360 230.1824 127.6992 13.85906450095019
0 COSMOS 2251 DEB
1 34474U 93036TT  11001.87597776  .00000204  00000-0  15559-3 0  9996
2 34474 074.0855 293.4108 0250361 230.0412 127.8482 13.85906436 95022
0 COSMOS 2251 DEB
1 34474U 93036TT  11002.88654913  .00000203  00000-0  15477-3 0  9993
2 34474 074.0856 291.7067 0250365 228.0957 129.8573 13.85906873 95166
0 COSMOS 2251 DEB
1 34474U 93036TT  11003.17528391 +.00000203 +00000-0 +15484-3 0  9994
2 34474 074.0856 291.2198 0250357 227.5408 130.4315 13.85907011095204
0 COSMOS 2251 DEB
1 34474U 93036TT  11004.18585541  .00000203  00000-0  15489-3 0  9991
2 34474 074.0854 289.5151 0250337 225.6028 132.4365 13.85907474 95341
0 COSMOS 2251 DEB
1 34474U 93036TT  11004.76332488 +.00000199 +00000-0 +15203-3 0  9993
2 34474 074.0853 288.5410 0250302 224.4848 133.5914 13.85907622095422
0 COSMOS 2251 DEB
1 34474U 93036TT  11005.19642762  .00000193  00000-0  14786-3 0  9999
2 34474 074.0860 287.8098 0249871 223.6983 134.4078 13.85907792 95489
0 COSMOS 2251 DEB
1 34474U 93036TT  11005.84608191 +.00000189 +00000-0 +14496-3 0  9992
2 34474 074.0868 286.7139 0249877 222.4363 135.7194 13.85908014095577
0 COSMOS 2251 DEB
1 34474U 93036TT  11006.85665424  .00000183  00000-0  14122-3 0  9996
2 34474 074.0869 285.0098 0249870 220.4882 137.7410 13.85908355 95718
0 COSMOS 2251 DEB
1 34474U 93036TT  11007.79504300 +.00000182 +00000-0 +14001-3 0  9990
2 34474 074.0868 283.4272 0249835 218.6836 139.6162 13.85908716095842
0 COSMOS 2251 DEB
1 34474U 93036TT  11008.73343180  .00000184  00000-0  14138-3 0  9995
2 34474 074.0870 281.8444 0249851 216.8820 141.4914 13.85909157 95979
0 COSMOS 2251 DEB
1 34474U 93036TT  11009.81618641  .00000202  00000-0  15404-3 0  9990
2 34474 074.0871 280.0171 0249815 214.7730 143.6856 13.85910037 96121
0 COSMOS 2251 DEB
1 34474U 93036TT  11010.75457489 +.00000206 +00000-0 +15646-3 0  9998
2 34474 074.0871 278.4349 0249780 212.9748 145.5599 13.85910538096254
0 COSMOS 2251 DEB
1 34474U 93036TT  11011.11549338  .00000214  00000-0  16229-3 0  9991
2 34474 074.0871 277.8263 0249748 212.2785 146.2884 13.85910905 96309
0 COSMOS 2251 DEB
1 34474U 93036TT  11012.12606484  .00000221  00000-0  16706-3 0  9997
2 34474 074.0855 276.1195 0249670 210.3494 148.3014 13.85911508 96440
0 COSMOS 2251 DEB
1 34474U 93036TT  11013.13663613  .00000235  00000-0  17627-3 0  9994
2 34474 074.0846 274.4138 0249607 208.4121 150.3252 13.85912260 96581
0 COSMOS 2251 DEB
1 34474U 93036TT  11014.07502344 +.00000237 +00000-0 +17782-3 0  9995
2 34474 074.0853 272.8309 0249515 206.6021 152.2108 13.85912760096719
0 COSMOS 2251 DEB
1 34474U 93036TT  11015.08559544  .00000244  00000-0  18235-3 0  9993
2 34474 074.0851 271.1264 0249473 204.6699 154.2345 13.85913406 96859
0 COSMOS 2251 DEB
1 34474U 93036TT  11016.09616662  .00000247  00000-0  18426-3 0  9995
2 34474 074.0852 269.4223 0249465 202.7302 156.2638 13.85914013 96993
0 COSMOS 2251 DEB
1 34474U 93036TT  11016.74581940 +.00000246 +00000-0 +18371-3 0  9995
2 34474 074.0855 268.3265 0249452 201.4617 157.5880 13.85914307097081
0 COSMOS 2251 DEB
1 34474U 93036TT  11017.10673830  .00000237  00000-0  17746-3 0  9991
2 34474 074.0855 267.7174 0249286 200.7781 158.3035 13.85914315 97138
0 COSMOS 2251 DEB
1 34474U 93036TT  11017.75639212 +.00000240 +00000-0 +17931-3 0  9998
2 34474 074.0859 266.6215 0249291 199.5176 159.6274 13.85914695097225
0 COSMOS 2251 DEB
1 34474U 93036TT  11018.11731051  .00000248  00000-0  18470-3 0  9990
2 34474 074.0856 266.0123 0249304 198.8207 160.3613 13.85915058 97271
0 COSMOS 2251 DEB
1 34474U 93036TT  11018.76696268 +.00000249 +00000-0 +18572-3 0  9995
2 34474 074.0855 264.9166 0249314 197.5650 161.6744 13.85915432097368
0 COSMOS 2251 DEB
1 34474U 93036TT  11019.63316552  .00000254  00000-0  18905-3 0  9993
2 34474 074.0849 263.4550 0249373 195.8774 163.4420 13.85916005 97486
0 COSMOS 2251 DEB
1 34474U 93036TT  11020.71592051  .00000250  00000-0  18645-3 0  9991
2 34474 074.0847 261.6282 0249316 193.7813 165.6417 13.85916492 97631
0 COSMOS 2251 DEB
1 34474U 93036TT  11021.72649109  .00000249  00000-0  18573-3 0  9998
2 34474 074.0849 259.9228 0249323 191.8276 167.6922 13.85917018 97776
0 COSMOS 2251 DEB
1 34474U 93036TT  11022.73706144  .00000246  00000-0  18365-3 0  9999
2 34474 074.0851 258.2186 0249234 189.8818 169.7343 13.85917524 97912
0 COSMOS 2251 DEB
1 34474U 93036TT  11023.67544841 +.00000250 +00000-0 +18623-3 0  9999
2 34474 074.0852 256.6359 0249177 188.0834 171.6267 13.85918111098047
0 COSMOS 2251 DEB
1 34474U 93036TT  11024.03636576  .00000254  00000-0  18921-3 0  9992
2 34474 074.0846 256.0263 0249168 187.3856 172.3594 13.85918393 98092
0 COSMOS 2251 DEB
1 34474U 93036TT  11024.68601719 +.00000259 +00000-0 +19204-3 0  9994
2 34474 074.0849 254.9302 0249081 186.1295 173.6762 13.85918812098181
0 COSMOS 2251 DEB
1 34474U 93036TT  11025.04693498  .00000263  00000-0  19486-3 0  9997
2 34474 074.0845 254.3202 0248961 185.4158 174.4279 13.85919130 98238
0 COSMOS 2251 DEB
1 34474U 93036TT  11025.69658630 +.00000269 +00000-0 +19895-3 0  9997
2 34474 074.0849 253.2241 0248890 184.1508 175.7545 13.85919577098324
0 COSMOS 2251 DEB
1 34474U 93036TT  11026.70715511  .00000272  00000-0  20095-3 0  9990
2 34474 074.0849 251.5199 0248864 182.2050 177.7998 13.85920209 98462
0 COSMOS 2251 DEB
1 34474U 93036TT  11026.99588904 +.00000276 +00000-0 +20380-3 0  9996
2 34474 074.0848 251.0330 0248812 181.6472 178.3869 13.85920458098502
0 COSMOS 2251 DEB
1 34474U 93036TT  11028.00645694  .00000279  00000-0  20600-3 0  9998
2 34474 074.0847 249.3287 0248760 179.7057 180.4271 13.85921122 98646
0 COSMOS 2251 DEB
1 34474U 93036TT  11028.58392400 +.00000278 +00000-0 +20496-3 0  9997
2 34474 074.0845 248.3541 0248756 178.5916 181.5963 13.85921428098720
0 COSMOS 2251 DEB
1 34474U 93036TT  11029.01702444  .00000275  00000-0  20319-3 0  9990
2 34474 074.0847 247.6235 0248500 177.7455 182.4832 13.85921677 98787
0 COSMOS 2251 DEB
1 34474U 93036TT  11029.59449189 +.00000283 +00000-0 +20859-3 0  9995
2 34474 074.0849 246.6491 0248557 176.6323 183.6573 13.85922162098860
0 COSMOS 2251 DEB
1 34474U 93036TT  11030.02759155  .00000291  00000-0  21410-3 0  9995
2 34474 074.0843 245.9176 0248280 175.7727 184.5592 13.85922630 98925
0 COSMOS 2251 DEB
1 34474U 93036TT  11030.67724112 +.00000291 +00000-0 +21417-3 0  9998
2 34474 074.0845 244.8221 0248271 174.5221 185.8717 13.85923046099018
0 COSMOS 2251 DEB
1 34474U 93036TT  11030.96597432 +.00000295 +00000-0 +21694-3 0  9994
2 34474 074.0843 244.3354 0248238 173.9630 186.4604 13.85923326099055
0 COSMOS 2251 DEB
1 34474U 93036TT  11032.62618872  .00000307  00000-0  22524-3 0  9998
2 34474 074.0850 241.5349 0248334 170.7629 189.8233 13.85924638 99283
0 COSMOS 2251 DEB
1 34474U 93036TT  11033.63675253  .00000326  00000-0  23784-3 0  9996
2 34474 074.0854 239.8297 0248461 168.8116 191.8748 13.85925690 99428
0 COSMOS 2251 DEB
1 34474U 93036TT  11034.64731353  .00000345  00000-0  25075-3 0  9998
2 34474 074.0851 238.1251 0248631 166.8429 193.9346 13.85926792 99567
0 COSMOS 2251 DEB
1 34474U 93036TT  11035.94660787  .00000357  00000-0  25922-3 0  9998
2 34474 074.0847 235.9334 0248609 164.3367 196.5672 13.85928049 99746
0 COSMOS 2251 DEB
1 34474U 93036TT  11035.94660787 +.00000357 +00000-0 +25922-3 0  9998
2 34474 074.0847 235.9334 0248609 164.3367 196.5672 13.85928049099746
0 COSMOS 2251 DEB
1 34474U 93036TT  11036.88498567 +.00000372 +00000-0 +26940-3 0  9995
2 34474 074.0849 234.3510 0248564 162.5499 198.4411 13.85929049099870
0 COSMOS 2251 DEB
1 34474U 93036TT  11036.95716771  .00000384  00000-0  27698-3 0  9997
2 34474 074.0834 234.2268 0248729 162.4011 198.5997 13.85929340 99880
0 COSMOS 2251 DEB
1 34474U 93036TT  11037.89554386 +.00000392 +00000-0 +28293-3 0  9994
2 34474 074.0834 232.6441 0248662 160.6070 200.4759 13.85930279100016
0 COSMOS 2251 DEB
1 34474U 93036TT  11037.96772611  .00000395  00000-0  28491-3 0  9998
2 34474 074.0831 232.5220 0248742 160.4671 200.6219 13.85930406100027
0 COSMOS 2251 DEB
1 34474U 93036TT  11038.61737104 +.00000412 +00000-0 +29630-3 0  9995
2 34474 074.0833 231.4257 0248610 159.2245 201.9257 13.85931297100119
0 COSMOS 2251 DEB
1 34474U 93036TT  11038.97828388  .00000430  00000-0  30861-3 0  9997
2 34474 074.0824 230.8155 0248520 158.5355 202.6498 13.85932007100163
0 COSMOS 2251 DEB
1 34474U 93036TT  11040.63848249  .00000460  00000-0  32923-3 0  9995
2 34474 074.0822 228.0142 0248328 155.3633 205.9645 13.85934157100399
0 COSMOS 2251 DEB
1 34474U 93036TT  11041.57685312 +.00000496 +00000-0 +35353-3 0  9998
2 34474 074.0824 226.4305 0248421 153.5556 207.8508 13.85935751100527
0 COSMOS 2251 DEB
1 34474U 93036TT  11041.93776537  .00000504  00000-0  35924-3 0  9992
2 34474 074.0823 225.8218 0248466 152.8664 208.5731 13.85936287100579
0 COSMOS 2251 DEB
1 34474U 93036TT  11042.58740666 +.00000514 +00000-0 +36568-3 0  9994
2 34474 074.0822 224.7258 0248395 151.6099 209.8846 13.85937152100663
0 COSMOS 2251 DEB
1 34474U 93036TT  11042.94831812  .00000530  00000-0  37717-3 0  9993
2 34474 074.0818 224.1167 0248334 150.9164 210.6118 13.85937893100719
0 COSMOS 2251 DEB
1 34474U 93036TT  11043.59795782 +.00000541 +00000-0 +38469-3 0  9997
2 34474 074.0821 223.0209 0248219 149.6714 211.9083 13.85938859100804
0 COSMOS 2251 DEB
1 34474U 93036TT  11044.53632524  .00000560  00000-0  39783-3 0  9997
2 34474 074.0823 221.4377 0248175 147.8497 213.8043 13.85940314100933
0 COSMOS 2251 DEB
1 34474U 93036TT  11045.54687432  .00000583  00000-0  41334-3 0  9997
2 34474 074.0830 219.7324 0248104 145.8834 215.8527 13.85941921101078
0 COSMOS 2251 DEB
1 34474U 93036TT  11046.84614881  .00000630  00000-0  44508-3 0  9998
2 34474 074.0831 217.5411 0248081 143.3862 218.4591 13.85944484101257
0 COSMOS 2251 DEB
1 34474U 93036TT  11047.85669301  .00000665  00000-0  46909-3 0  9992
2 34474 074.0829 215.8363 0247977 141.3918 220.5316 13.85946521101392
0 COSMOS 2251 DEB
1 34474U 93036TT  11048.79505334 +.00000712 +00000-0 +50122-3 0  9996
2 34474 074.0829 214.2530 0247966 139.6170 222.3867 13.85948886101521
0 COSMOS 2251 DEB
1 34474U 93036TT  11048.86723089  .00000719  00000-0  50624-3 0  9997
2 34474 074.0828 214.1308 0248074 139.4757 222.5161 13.85949149101535
0 COSMOS 2251 DEB
1 34474U 93036TT  11049.51686439 +.00000733 +00000-0 +51603-3 0  9991
2 34474 074.0827 213.0348 0247986 138.2485 223.7936 13.85950434101624
0 COSMOS 2251 DEB
1 34474U 93036TT  11049.87777032  .00000748  00000-0  52601-3 0  9995
2 34474 074.0830 212.4256 0248123 137.5751 224.4912 13.85951280101678
0 COSMOS 2251 DEB
1 34474U 93036TT  11050.52740186 +.00000770 +00000-0 +54075-3 0  9991
2 34474 074.0831 211.3295 0247978 136.2833 225.8238 13.85952624101763
0 COSMOS 2251 DEB
1 34474U 93036TT  11051.53793941  .00000790  00000-0  55487-3 0  9990
2 34474 074.0832 209.6249 0247839 134.3102 227.8675 13.85954656101907
0 COSMOS 2251 DEB
1 34474U 93036TT  11052.54847384  .00000850  00000-0  59601-3 0  9992
2 34474 074.0837 207.9201 0247696 132.4050 229.8483 13.85957507102046
0 COSMOS 2251 DEB
1 34474U 93036TT  11053.77554534  .00000880  00000-0  61620-3 0  9997
2 34474 074.0841 205.8503 0247896 130.1152 232.2036 13.85960266102210
0 COSMOS 2251 DEB
1 34474U 93036TT  11054.78607398  .00000921  00000-0  64422-3 0  9995
2 34474 074.0839 204.1456 0247791 128.1600 234.2148 13.85962782102351
0 COSMOS 2251 DEB
1 34474U 93036TT  11054.78607398 +.00000921 +00000-0 +64422-3 0  9995
2 34474 074.0839 204.1456 0247791 128.1600 234.2148 13.85962782102351
0 COSMOS 2251 DEB
1 34474U 93036TT  11055.79660171  .00000924  00000-0  64621-3 0  9999
2 34474 074.0839 202.4409 0247728 126.2138 236.2159 13.85964755102496
0 COSMOS 2251 DEB
1 34474U 93036TT  11056.51840578 +.00000940 +00000-0 +65702-3 0  9990
2 34474 074.0844 201.2242 0247728 124.8695 237.6013 13.85966450102595
0 COSMOS 2251 DEB
1 34474U 93036TT  11057.45674998  .00000953  00000-0  66623-3 0  9992
2 34474 074.0846 199.6411 0247735 123.0584 239.4620 13.85968481102726
0 COSMOS 2251 DEB
1 34474U 93036TT  11057.81765081 +.00000938 +00000-0 +65596-3 0  9997
2 34474 074.0846 199.0325 0247525 122.3340 240.1940 13.85968814102772
0 COSMOS 2251 DEB
1 34474U 93036TT  11058.46727405  .00000939  00000-0  65681-3 0  9993
2 34474 074.0846 197.9368 0247550 121.0860 241.4812 13.85970069102864
0 COSMOS 2251 DEB
1 34474U 93036TT  11058.75599464 +.00000937 +00000-0 +65553-3 0  9993
2 34474 074.0844 197.4497 0247558 120.5409 242.0397 13.85970558102904
0 COSMOS 2251 DEB
1 34474U 93036TT  11059.76651597  .00000931  00000-0  65076-3 0  9995
2 34474 074.0848 195.7457 0247621 118.6068 244.0209 13.85972323103047
0 COSMOS 2251 DEB
1 34474U 93036TT  11060.77703672  .00000906  00000-0  63381-3 0  9999
2 34474 074.0842 194.0400 0247624 116.6701 245.9992 13.85973588103184
0 COSMOS 2251 DEB
1 34474U 93036TT  11061.78755497  .00000874  00000-0  61248-3 0  9997
2 34474 074.0844 192.3354 0247471 114.7435 247.9606 13.85974789103322
0 COSMOS 2251 DEB
1 34474U 93036TT  11062.79807277  .00000843  00000-0  59133-3 0  9999
2 34474 074.0853 190.6319 0247237 112.7964 249.9432 13.85975958103462
0 COSMOS 2251 DEB
1 34474U 93036TT  11063.44769035 +.00000822 +00000-0 +57679-3 0  9991
2 34474 074.0853 189.5366 0247293 111.5719 251.1914 13.85976692103554
0 COSMOS 2251 DEB
1 34474U 93036TT  11064.38602504  .00000779  00000-0  54763-3 0  9994
2 34474 074.0851 187.9536 0247197 109.7810 253.0085 13.85977530103683
0 COSMOS 2251 DEB
1 34474U 93036TT  11064.74692380 +.00000749 +00000-0 +52745-3 0  9990
2 34474 074.0852 187.3446 0246732 109.0131 253.7815 13.85977535103730
0 COSMOS 2251 DEB
1 34474U 93036TT  11066.33487203  .00000726  00000-0  51170-3 0  9999
2 34474 074.0848 184.6659 0246760 106.0005 256.8435 13.85979580103957
0 COSMOS 2251 DEB
1 34474U 93036TT  11066.40705168 +.00000727 +00000-0 +51193-3 0  9996
2 34474 074.0848 184.5442 0246756 105.8626 256.9852 13.85979702103968
0 COSMOS 2251 DEB
1 34474U 93036TT  11067.34538172  .00000724  00000-0  51042-3 0  9999
2 34474 074.0849 182.9616 0246756 104.0644 258.8046 13.85981080104098
0 COSMOS 2251 DEB
1 34474U 93036TT  11067.41756084 +.00000726 +00000-0 +51160-3 0  9994
2 34474 074.0849 182.8399 0246748 103.9232 258.9477 13.85981229104103
0 COSMOS 2251 DEB
1 34474U 93036TT  11068.35588921  .00000737  00000-0  51916-3 0  9992
2 34474 074.0846 181.2567 0246701 102.1182 260.7765 13.85982928104236
0 COSMOS 2251 DEB
1 34474U 93036TT  11068.64460398 +.00000733 +00000-0 +51666-3 0  9999
2 34474 074.0858 180.7709 0246610 101.5438 261.3462 13.85983309104276
0 COSMOS 2251 DEB
1 34474U 93036TT  11069.36639409  .00000732  00000-0  51587-3 0  9991
2 34474 074.0863 179.5538 0246443 100.1435 262.7615 13.85984457104375
0 COSMOS 2251 DEB
1 34474U 93036TT  11069.51075133 +.00000736 +00000-0 +51881-3 0  9997
2 34474 074.0869 179.3108 0246407 099.8710 263.0350 13.85984792104396
0 COSMOS 2251 DEB
1 34474U 93036TT  11070.37689700  .00000740  00000-0  52119-3 0  9994
2 34474 074.0873 177.8506 0246380 098.2027 264.7131 13.85986189104511
0 COSMOS 2251 DEB
1 34474U 93036TT  11071.38739888  .00000759  00000-0  53452-3 0  9990
2 34474 074.0870 176.1466 0246270 096.2754 266.6586 13.85988193104655
0 COSMOS 2251 DEB
1 34474U 93036TT  11071.67611128 +.00000802 +00000-0 +56436-3 0  9992
2 34474 074.0873 175.6600 0246170 095.7008 267.2435 13.85989705104691
0 COSMOS 2251 DEB
1 34474U 93036TT  11072.32571387  .00000849  00000-0  59631-3 0  9998
2 34474 074.0871 174.5636 0245948 094.4005 268.5467 13.85991893104781
0 COSMOS 2251 DEB
1 34474U 93036TT  11072.47006655 +.00000872 +00000-0 +61240-3 0  9990
2 34474 074.0878 174.3209 0245854 094.2005 268.7353 13.85992603104805
0 COSMOS 2251 DEB
1 34474U 93036TT  11073.40838240  .00000928  00000-0  65103-3 0  9991
2 34474 074.0884 172.7387 0245696 092.4421 270.5039 13.85995398104937
0 COSMOS 2251 DEB
1 34474U 93036TT  11073.69709132 +.00000956 +00000-0 +67040-3 0  9992
2 34474 074.0870 172.2503 0245721 091.9222 271.0132 13.85996393104979
0 COSMOS 2251 DEB
1 34474U 93036TT  11074.70758111  .00000995  00000-0  69698-3 0  9990
2 34474 074.0869 170.5457 0245635 090.0201 272.9136 13.85999114105112
0 COSMOS 2251 DEB
1 34474U 93036TT  11075.42935761 +.00001064 +00000-0 +74479-3 0  9999
2 34474 074.0879 169.3297 0245323 088.6247 274.3053 13.86001736105218
0 COSMOS 2251 DEB
1 34474U 93036TT  11076.36766562  .00001069  00000-0  74859-3 0  9991
2 34474 074.0882 167.7470 0245295 086.8485 276.0694 13.86003865105348
0 COSMOS 2251 DEB
1 34474U 93036TT  11076.65637550 +.00001068 +00000-0 +74778-3 0  9996
2 34474 074.0877 167.2591 0245199 086.2581 276.6533 13.86004439105385
0 COSMOS 2251 DEB
1 34474U 93036TT  11077.66686053  .00001056  00000-0  73959-3 0  9997
2 34474 074.0871 165.5535 0245037 084.2316 278.6638 13.86006321105529
0 COSMOS 2251 DEB
1 34474U 93036TT  11078.67734449  .00001049  00000-0  73481-3 0  9994
2 34474 074.0866 163.8488 0245013 082.2566 280.6266 13.86008253105661
0 COSMOS 2251 DEB
1 34474U 93036TT  11079.61564896 +.00001034 +00000-0 +72440-3 0  9994
2 34474 074.0868 162.2658 0244981 080.4902 282.3795 13.86009906105798
0 COSMOS 2251 DEB
1 34474U 93036TT  11080.33742013  .00001006  00000-0  70523-3 0  9993
2 34474 074.0869 161.0479 0245145 079.1685 283.6830 13.86010798105899
0 COSMOS 2251 DEB
1 34474U 93036TT  11080.62613017 +.00000978 +00000-0 +68640-3 0  9990
2 34474 074.0864 160.5598 0244990 078.5854 284.2588 13.86010746105933
0 COSMOS 2251 DEB
1 34474U 93036TT  11081.63661187  .00000935  00000-0  65693-3 0  9991
2 34474 074.0866 158.8552 0245010 076.6188 286.2069 13.86011794106074
0 COSMOS 2251 DEB
1 34474U 93036TT  11082.57491307 +.00000897 +00000-0 +63038-3 0  9998
2 34474 074.0864 157.2721 0244904 074.9266 287.8806 13.86012854106201
0 COSMOS 2251 DEB
1 34474U 93036TT  11083.29668124  .00000848  00000-0  59709-3 0  9997
2 34474 074.0864 156.0550 0244753 073.6882 289.0940 13.86013234106307
0 COSMOS 2251 DEB
1 34474U 93036TT  11084.30715686  .00000728  00000-0  51488-3 0  9999
2 34474 074.0859 154.3507 0244310 071.6580 291.0771 13.86013055106447
0 COSMOS 2251 DEB
1 34474U 93036TT  11084.59586747 +.00000673 +00000-0 +47729-3 0  9996
2 34474 074.0860 153.8624 0244064 070.9307 291.7986 13.86012680106480
0 COSMOS 2251 DEB
1 34474U 93036TT  11085.38981326  .00000654  00000-0  46471-3 0  9998
2 34474 074.0859 152.5223 0243989 069.3801 293.3277 13.86013474106590
0 COSMOS 2251 DEB
1 34474U 93036TT  11085.60634392 +.00000654 +00000-0 +46494-3 0  9996
2 34474 074.0858 152.1568 0243981 068.9639 293.7395 13.86013763106623
0 COSMOS 2251 DEB
1 34474U 93036TT  11086.61681682  .00000641  00000-0  45557-3 0  9997
2 34474 074.0857 150.4527 0243914 066.9795 295.6829 13.86014855106766
0 COSMOS 2251 DEB
1 34474U 93036TT  11087.55511282 +.00000627 +00000-0 +44641-3 0  9996
2 34474 074.0856 148.8701 0243922 065.1771 297.4507 13.86015823106897
0 COSMOS 2251 DEB
1 34474U 93036TT  11088.27687733  .00000625  00000-0  44467-3 0  9995
2 34474 074.0856 147.6526 0243931 063.7883 298.8086 13.86016698106996
0 COSMOS 2251 DEB
1 34474U 93036TT  11088.34905400 +.00000611 +00000-0 +43511-3 0  9991
2 34474 074.0857 147.5309 0243963 063.6278 298.9643 13.86016581107001
0 COSMOS 2251 DEB
1 34474U 93036TT  11089.28734725  .00000593  00000-0  42287-3 0  9993
2 34474 074.0856 145.9482 0243836 061.8005 300.7509 13.86017513107134
0 COSMOS 2251 DEB
1 34474U 93036TT  11089.57605257 +.00000581 +00000-0 +41439-3 0  9997
2 34474 074.0855 145.4609 0243802 061.2412 301.2959 13.86017677107178
0 COSMOS 2251 DEB
1 34474U 93036TT  11090.29781545  .00000585  00000-0  41724-3 0  9994
2 34474 074.0855 144.2441 0243698 059.8638 302.6431 13.86018653107271
0 COSMOS 2251 DEB
1 34474U 93036TT  11090.58651961 +.00000586 +00000-0 +41815-3 0  9996
2 34474 074.0855 143.7571 0243730 059.3106 303.1799 13.86019046107316
0 COSMOS 2251 DEB
1 34474U 93036TT  11091.30828106  .00000592  00000-0  42212-3 0  9993
2 34474 074.0854 142.5392 0243688 057.9224 304.5346 13.86020067107419
0 COSMOS 2251 DEB
1 34474U 93036TT  11091.52480868 +.00000593 +00000-0 +42298-3 0  9991
2 34474 074.0854 142.1742 0243693 057.5045 304.9384 13.86020361107443
0 COSMOS 2251 DEB
1 34474U 93036TT  11092.31874517  .00000614  00000-0  43730-3 0  9993
2 34474 074.0855 140.8349 0243660 055.9553 306.4541 13.86021840107559
0 COSMOS 2251 DEB
1 34474U 93036TT  11092.53527123 +.00000625 +00000-0 +44522-3 0  9997
2 34474 074.0853 140.4690 0243663 055.5518 306.8404 13.86022327107588
0 COSMOS 2251 DEB
1 34474U 93036TT  11093.32920560  .00000641  00000-0  45587-3 0  9997
2 34474 074.0854 139.1303 0243605 054.0468 308.3055 13.86023700107696
0 COSMOS 2251 DEB
1 34474U 93036TT  11094.26748973 +.00000678 +00000-0 +48190-3 0  9990
2 34474 074.0856 137.5477 0243506 052.2201 310.0867 13.86025810107827
0 COSMOS 2251 DEB
1 34474U 93036TT  11095.27794573  .00000704  00000-0  49990-3 0  9998
2 34474 074.0855 135.8437 0243519 050.2666 311.9730 13.86027787107969
0 COSMOS 2251 DEB
1 34474U 93036TT  11095.49447066 +.00000741 +00000-0 +52549-3 0  9999
2 34474 074.0855 135.4784 0243499 049.8091 312.4180 13.86028847107999
0 COSMOS 2251 DEB
1 34474U 93036TT  11096.43274946  .00000761  00000-0  53914-3 0  9998
2 34474 074.0858 133.8953 0243462 047.9956 314.1702 13.86030736108126
0 COSMOS 2251 DEB
1 34474U 93036TT  11096.50492322 +.00000771 +00000-0 +54579-3 0  9995
2 34474 074.0859 133.7740 0243485 047.8503 314.3066 13.86031081108132
0 COSMOS 2251 DEB
1 34474U 93036TT  11097.51537453  .00000842  00000-0  59492-3 0  9990
2 34474 074.0853 132.0678 0243306 045.7835 316.3196 13.86034310108274
0 COSMOS 2251 DEB
1 34474U 93036TT  11098.52581488  .00000939  00000-0  66238-3 0  9992
2 34474 074.0846 130.3625 0242873 043.9015 318.1258 13.86038318108414
0 COSMOS 2251 DEB
1 34474U 93036TT  11099.46408252 +.00000993 +00000-0 +69918-3 0  9991
2 34474 074.0850 128.7805 0242994 042.0941 319.8599 13.86041316108544
0 COSMOS 2251 DEB
1 34474U 93036TT  11100.25800344  .00001047  00000-0  73661-3 0  9990
2 34474 074.0852 127.4408 0242988 040.5234 321.3937 13.86044221108656
0 COSMOS 2251 DEB
1 34474U 93036TT  11100.47452240 +.00001075 +00000-0 +75527-3 0  9996
2 34474 074.0853 127.0759 0243220 040.0486 321.8307 13.86045154108681
0 COSMOS 2251 DEB
1 34474U 93036TT  11101.48496142  .00001181  00000-0  82953-3 0  9996
2 34474 074.0853 125.3703 0242779 038.2045 323.6206 13.86049426108829
0 COSMOS 2251 DEB
1 34474U 93036TT  11102.49539421  .00001254  00000-0  87957-3 0  9996
2 34474 074.0856 123.6673 0242915 036.2036 325.5310 13.86053214108961
0 COSMOS 2251 DEB
1 34474U 93036TT  11103.43365382 +.00001295 +00000-0 +90706-3 0  9995
2 34474 074.0850 122.0844 0243010 034.3316 327.3291 13.86056346109097
0 COSMOS 2251 DEB
1 34474U 93036TT  11104.15539084  .00001312  00000-0  91884-3 0  9995
2 34474 074.0849 120.8665 0243012 032.9070 328.6994 13.86058652109192
0 COSMOS 2251 DEB
1 34474U 93036TT  11104.44408410 +.00001328 +00000-0 +92980-3 0  9990
2 34474 074.0850 120.3794 0243113 032.3171 329.2603 13.86059700109234
0 COSMOS 2251 DEB
1 34474U 93036TT  11105.45451298  .00001364  00000-0  95497-3 0  9990
2 34474 074.0850 118.6739 0242847 030.4387 331.0669 13.86063118109370
0 COSMOS 2251 DEB
1 34474U 93036TT  11106.39276476 +.00001377 +00000-0 +96443-3 0  9993
2 34474 074.0850 117.0915 0242769 028.5988 332.8218 13.86065935109500
0 COSMOS 2251 DEB
1 34474U 93036TT  11107.18666994  .00001379  00000-0  96573-3 0  9995
2 34474 074.0847 115.7520 0242810 027.0532 334.3005 13.86068177109613
0 COSMOS 2251 DEB
1 34474U 93036TT  11107.40318939 +.00001388 +00000-0 +97155-3 0  9990
2 34474 074.0848 115.3867 0242825 026.6225 334.7144 13.86068930109642
0 COSMOS 2251 DEB
1 34474U 93036TT  11108.34143854  .00001392  00000-0  97461-3 0  9991
2 34474 074.0846 113.8035 0242833 024.8287 336.4298 13.86071635109776
0 COSMOS 2251 DEB
1 34474U 93036TT  11108.41361141 +.00001391 +00000-0 +97372-3 0  9990
2 34474 074.0844 113.6813 0242856 024.6791 336.5720 13.86071804109789
0 COSMOS 2251 DEB
1 34474U 93036TT  11109.42403177  .00001389  00000-0  97252-3 0  9992
2 34474 074.0843 111.9763 0242826 022.7414 338.4257 13.86074607109927
0 COSMOS 2251 DEB
1 34474U 93036TT  11110.07358616 +.00001386 +00000-0 +97069-3 0  9995
2 34474 074.0842 110.8804 0242780 021.4993 339.6117 13.86076389110016
0 COSMOS 2251 DEB
1 34474U 93036TT  11111.08400249  .00001378  00000-0  96463-3 0  9995
2 34474 074.0842 109.1757 0242849 019.5406 341.4803 13.86079074110159
0 COSMOS 2251 DEB
1 34474U 93036TT  11111.37269301 +.00001373 +00000-0 +96104-3 0  9996
2 34474 074.0841 108.6886 0242835 018.9870 342.0099 13.86079770110199
0 COSMOS 2251 DEB
1 34474U 93036TT  11112.38310690  .00001371  00000-0  95972-3 0  9996
2 34474 074.0841 106.9837 0242812 017.0450 343.8648 13.86082551110331
0 COSMOS 2251 DEB
1 34474U 93036TT  11113.39351885  .00001353  00000-0  94770-3 0  9994
2 34474 074.0837 105.2780 0242926 015.0369 345.7785 13.86085007110475
0 COSMOS 2251 DEB
1 34474U 93036TT  11114.40392898  .00001344  00000-0  94114-3 0  9998
2 34474 074.0834 103.5713 0242822 013.0755 347.6520 13.86087601110617
0 COSMOS 2251 DEB
1 34474U 93036TT  11115.91953937  .00001341  00000-0  93962-3 0  9999
2 34474 074.0832 101.0139 0242764 010.1717 350.4202 13.86091695110821
0 COSMOS 2251 DEB
1 34474U 93036TT  11115.91953937 +.00001341 +00000-0 +93962-3 0  9999
2 34474 074.0832 101.0139 0242764 010.1717 350.4202 13.86091695110821
0 COSMOS 2251 DEB
1 34474U 93036TT  11116.92994335  .00001349  00000-0  94488-3 0  9990
2 34474 074.0829 099.3083 0242793 008.2148 352.2876 13.86094638110964
0 COSMOS 2251 DEB
1 34474U 93036TT  11116.92994335 +.00001349 +00000-0 +94488-3 0  9990
2 34474 074.0829 099.3083 0242793 008.2148 352.2876 13.86094638110964
0 COSMOS 2251 DEB
1 34474U 93036TT  11117.36297232 +.00001353 +00000-0 +94803-3 0  9997
2 34474 074.0829 098.5773 0242768 007.4078 353.0550 13.86095937111025
0 COSMOS 2251 DEB
1 34474U 93036TT  11118.37337294  .00001360  00000-0  95219-3 0  9992
2 34474 074.0828 096.8722 0243021 005.4495 354.9203 13.86098902111168
0 COSMOS 2251 DEB
1 34474U 93036TT  11119.31160012 +.00001371 +00000-0 +95939-3 0  9990
2 34474 074.0824 095.2886 0243151 003.6395 356.6457 13.86101729111297
0 COSMOS 2251 DEB
1 34474U 93036TT  11120.32199615  .00001390  00000-0  97187-3 0  9992
2 34474 074.0825 093.5836 0243300 001.6880 358.5067 13.86104966111437
0 COSMOS 2251 DEB
1 34474U 93036TT  11121.33238927  .00001406  00000-0  98320-3 0  9992
2 34474 074.0826 091.8787 0243345 359.7231 000.3783 13.86108198111573
0 COSMOS 2251 DEB
1 34474U 93036TT  11121.90975506 +.00001423 +00000-0 +99478-3 0  9990
2 34474 074.0824 090.9038 0243190 358.5824 001.4681 13.86110245111657
0 COSMOS 2251 DEB
1 34474U 93036TT  11122.34277747  .00001436  00000-0  10044-2 0  9996
2 34474 074.0823 090.1733 0243143 357.7815 002.2225 13.86111777111710
0 COSMOS 2251 DEB
1 34474U 93036TT  11123.35316525  .00001468  00000-0  10265-2 0  9996
2 34474 074.0820 088.4679 0243085 355.9111 004.0071 13.86115457111853
0 COSMOS 2251 DEB
1 34474U 93036TT  11124.94091018  .00001540  00000-0  10757-2 0  9996
2 34474 074.0820 085.7886 0242947 352.8679 006.9126 13.86121875112072
0 COSMOS 2251 DEB
1 34474U 93036TT  11124.94091018 +.00001540 +00000-0 +10757-2 0  9996
2 34474 074.0820 085.7886 0242947 352.8679 006.9126 13.86121875112072
0 COSMOS 2251 DEB
1 34474U 93036TT  11125.30175882 +.00001582 +00000-0 +11060-2 0  9993
2 34474 074.0826 085.1802 0242337 352.2094 007.5418 13.86123815112121
0 COSMOS 2251 DEB
1 34474U 93036TT  11126.31213699  .00001610  00000-0  11256-2 0  9993
2 34474 074.0825 083.4758 0242332 350.2836 009.3719 13.86127642112269
0 COSMOS 2251 DEB
1 34474U 93036TT  11126.88949461 +.00001616 +00000-0 +11293-2 0  9995
2 34474 074.0826 082.5017 0242348 349.1738 010.4237 13.86129648112348
0 COSMOS 2251 DEB
1 34474U 93036TT  11127.32251311  .00001656  00000-0  11568-2 0  9994
2 34474 074.0832 081.7716 0242360 348.3723 011.1960 13.86131886112406
0 COSMOS 2251 DEB
1 34474U 93036TT  11127.89986855 +.00001664 +00000-0 +11625-2 0  9997
2 34474 074.0834 080.7975 0242391 347.2530 012.2564 13.86134020112485
0 COSMOS 2251 DEB
1 34474U 93036TT  11128.91024055  .00001692  00000-0  11817-2 0  9990
2 34474 074.0842 079.0930 0242409 345.3108 014.1058 13.86137925112628
0 COSMOS 2251 DEB
1 34474U 93036TT  11129.92061023  .00001740  00000-0  12144-2 0  9996
2 34474 074.0849 077.3882 0242510 343.3604 015.9666 13.86142143112761
0 COSMOS 2251 DEB
1 34474U 93036TT  11129.92061023 +.00001740 +00000-0 +12144-2 0  9996
2 34474 074.0849 077.3882 0242510 343.3604 015.9666 13.86142143112761
0 COSMOS 2251 DEB
1 34474U 93036TT  11130.28145607 +.00001733 +00000-0 +12090-2 0  9990
2 34474 074.0845 076.7789 0242694 342.6518 016.6373 13.86143201112810
0 COSMOS 2251 DEB
1 34474U 93036TT  11131.29182413  .00001718  00000-0  11983-2 0  9991
2 34474 074.0843 075.0739 0242767 340.7052 018.4928 13.86146375112954
0 COSMOS 2251 DEB
1 34474U 93036TT  11131.86917727 +.00001710 +00000-0 +11931-2 0  9993
2 34474 074.0844 074.1004 0242692 339.6073 019.5436 13.86148172113030
0 COSMOS 2251 DEB
1 34474U 93036TT  11132.87954296  .00001675  00000-0  11698-2 0  9997
2 34474 074.0843 072.3956 0242487 337.6929 021.3674 13.86150838113177
0 COSMOS 2251 DEB
1 34474U 93036TT  11133.88990837  .00001660  00000-0  11593-2 0  9998
2 34474 074.0849 070.6916 0242428 335.7415 023.2429 13.86153918113311
0 COSMOS 2251 DEB
1 34474U 93036TT  11134.90027060  .00001622  00000-0  11324-2 0  9991
2 34474 074.0850 068.9868 0242645 333.8009 025.0955 13.86156542113453
0 COSMOS 2251 DEB
1 34474U 93036TT  11135.83846444 +.00001533 +00000-0 +10722-2 0  9991
2 34474 074.0851 067.4048 0242240 331.9892 026.8164 13.86157612113582
0 COSMOS 2251 DEB
1 34474U 93036TT  11136.19931092  .00001499  00000-0  10480-2 0  9997
2 34474 074.0853 066.7953 0242695 331.3017 027.4768 13.86157966113633
0 COSMOS 2251 DEB
1 34474U 93036TT  11136.84883022 +.00001440 +00000-0 +10070-2 0  9999
2 34474 074.0867 065.6985 0243044 330.1823 028.5374 13.86158766113726
0 COSMOS 2251 DEB
1 34474U 93036TT  11137.20967766  .00001416  00000-0  98932-3 0  9995
2 34474 074.0853 065.0892 0243632 329.5270 029.1757 13.86159278113779
0 COSMOS 2251 DEB
1 34474U 93036TT  11137.78702744 +.00001360 +00000-0 +95054-3 0  9991
2 34474 074.0852 064.1140 0243658 328.4075 030.2488 13.86159892113858
0 COSMOS 2251 DEB
1 34474U 93036TT  11138.22004034  .00001338  00000-0  93554-3 0  9996
2 34474 074.0852 063.3832 0243494 327.5318 031.1011 13.86160718113913
0 COSMOS 2251 DEB
1 34474U 93036TT  11138.86955575 +.00001326 +00000-0 +92811-3 0  9993
2 34474 074.0854 062.2879 0243366 326.2611 032.3210 13.86162284114009
0 COSMOS 2251 DEB
1 34474U 93036TT  11139.23039757  .00001273  00000-0  89166-3 0  9990
2 34474 074.0856 061.6791 0243135 325.5048 033.0367 13.86162149114053
0 COSMOS 2251 DEB
1 34474U 93036TT  11140.81810406  .00001191  00000-0  83648-3 0  9992
2 34474 074.0852 058.9997 0242511 322.3935 036.0343 13.86164557114279
0 COSMOS 2251 DEB
1 34474U 93036TT  11141.82846566  .00001121  00000-0  78814-3 0  9992
2 34474 074.0852 057.2949 0242539 320.4372 037.9236 13.86165441114412
0 COSMOS 2251 DEB
1 34474U 93036TT  11142.18930739  .00001066  00000-0  74942-3 0  9994
2 34474 074.0854 056.6849 0243014 319.9099 038.4040 13.86165112114463
0 COSMOS 2251 DEB
1 34474U 93036TT  11143.19966796  .00001021  00000-0  71905-3 0  9995
2 34474 074.0861 054.9810 0242841 317.9242 040.3357 13.86166453114603
0 COSMOS 2251 DEB
1 34474U 93036TT  11144.71520429  .00000966  00000-0  68104-3 0  9997
2 34474 074.0858 052.4244 0242760 315.0470 043.1180 13.86168485114810
0 COSMOS 2251 DEB
1 34474U 93036TT  11145.79773181  .00000876  00000-0  61980-3 0  9996
2 34474 074.0861 050.5967 0242597 313.0156 045.0760 13.86168675114964
0 COSMOS 2251 DEB
1 34474U 93036TT  11146.73592039 +.00000855 +00000-0 +60522-3 0  9990
2 34474 074.0861 049.0140 0242465 311.1709 046.8702 13.86169951115095
0 COSMOS 2251 DEB
1 34474U 93036TT  11147.16892968  .00000828  00000-0  58668-3 0  9990
2 34474 074.0861 048.2834 0242311 310.3073 047.7031 13.86170150115156
0 COSMOS 2251 DEB
1 34474U 93036TT  11147.74627621 +.00000801 +00000-0 +56823-3 0  9998
2 34474 074.0863 047.3100 0242130 309.1379 048.8391 13.86170593115239
0 COSMOS 2251 DEB
1 34474U 93036TT  11148.68446395  .00000767  00000-0  54541-3 0  9995
2 34474 074.0859 045.7268 0242056 307.3509 050.5702 13.86171403115364
0 COSMOS 2251 DEB
1 34474U 93036TT  11149.69482305  .00000712  00000-0  50678-3 0  9995
2 34474 074.0863 044.0215 0242426 305.5552 052.3140 13.86171895115509
0 COSMOS 2251 DEB
1 34474U 93036TT  11150.12783288 +.00000707 +00000-0 +50387-3 0  9990
2 34474 074.0857 043.2897 0242409 304.7332 053.1151 13.86172390115565
0 COSMOS 2251 DEB
1 34474U 93036TT  11151.13818717  .00000693  00000-0  49380-3 0  9993
2 34474 074.0860 041.5852 0242390 302.7624 055.0351 13.86173662115704
0 COSMOS 2251 DEB
1 34474U 93036TT  11151.71553204 +.00000685 +00000-0 +48856-3 0  9992
2 34474 074.0862 040.6113 0242336 301.6321 056.1351 13.86174345115787
0 COSMOS 2251 DEB
1 34474U 93036TT  11152.72588611  .00000671  00000-0  47906-3 0  9994
2 34474 074.0862 038.9068 0242350 299.7061 058.0133 13.86175530115922
0 COSMOS 2251 DEB
1 34474U 93036TT  11153.73623960  .00000656  00000-0  46882-3 0  9998
2 34474 074.0860 037.2014 0242315 297.7745 059.9006 13.86176697116061
0 COSMOS 2251 DEB
1 34474U 93036TT  11154.09707977 +.00000660 +00000-0 +47107-3 0  9995
2 34474 074.0859 036.5926 0242284 297.0795 060.5811 13.86177267116118
0 COSMOS 2251 DEB
1 34474U 93036TT  11155.10743183  .00000666  00000-0  47546-3 0  9990
2 34474 074.0856 034.8879 0242235 295.1402 062.4802 13.86178806116259
0 COSMOS 2251 DEB
1 34474U 93036TT  11155.68477517 +.00000667 +00000-0 +47599-3 0  9997
2 34474 074.0862 033.9147 0242245 294.0310 063.5640 13.86179658116338
0 COSMOS 2251 DEB
1 34474U 93036TT  11156.11778289  .00000671  00000-0  47933-3 0  9993
2 34474 074.0859 033.1839 0242222 293.1938 064.3867 13.86180365116398
0 COSMOS 2251 DEB
1 34474U 93036TT  11156.69512600 +.00000684 +00000-0 +48774-3 0  9997
2 34474 074.0864 032.2104 0242255 292.0920 065.4680 13.86181448116471
0 COSMOS 2251 DEB
1 34474U 93036TT  11157.70547485  .00000703  00000-0  50140-3 0  9991
2 34474 074.0860 030.5045 0242074 290.1621 067.3611 13.86183281116616
0 COSMOS 2251 DEB
1 34474U 93036TT  11158.64365662 +.00000714 +00000-0 +50878-3 0  9990
2 34474 074.0861 028.9211 0242066 288.3412 069.1550 13.86184891116745
0 COSMOS 2251 DEB
1 34474U 93036TT  11159.07666302  .00000722  00000-0  51417-3 0  9992
2 34474 074.0857 028.1904 0242041 287.5116 069.9721 13.86185698116807
0 COSMOS 2251 DEB
1 34474U 93036TT  11160.08701147  .00000741  00000-0  52699-3 0  9996
2 34474 074.0856 026.4857 0242038 285.5876 071.8708 13.86187596116942
0 COSMOS 2251 DEB
1 34474U 93036TT  11160.66435232 +.00000747 +00000-0 +53145-3 0  9992
2 34474 074.0856 025.5115 0242084 284.4832 072.9575 13.86188632117026
0 COSMOS 2251 DEB
1 34474U 93036TT  11161.67469917  .00000761  00000-0  54120-3 0  9991
2 34474 074.0860 023.8068 0242012 282.5470 074.8685 13.86190451117167
0 COSMOS 2251 DEB
1 34474U 93036TT  11162.61287789 +.00000794 +00000-0 +56352-3 0  9996
2 34474 074.0862 022.2234 0241968 280.7456 076.6537 13.86192489117293
0 COSMOS 2251 DEB
1 34474U 93036TT  11163.04588303  .00000803  00000-0  56989-3 0  9997
2 34474 074.0864 021.4934 0241920 279.9073 077.4864 13.86193425117356
0 COSMOS 2251 DEB
1 34474U 93036TT  11163.69539031 +.00000805 +00000-0 +57156-3 0  9991
2 34474 074.0864 020.3974 0241903 278.6666 078.7122 13.86194522117443
0 COSMOS 2251 DEB
1 34474U 93036TT  11164.05622812  .00000808  00000-0  57338-3 0  9997
2 34474 074.0863 019.7883 0241881 277.9698 079.4059 13.86195189117497
0 COSMOS 2251 DEB
1 34474U 93036TT  11164.63356794 +.00000805 +00000-0 +57191-3 0  9998
2 34474 074.0864 018.8142 0241797 276.8708 080.4925 13.86196041117573
0 COSMOS 2251 DEB
1 34474U 93036TT  11165.64391373  .00000801  00000-0  56864-3 0  9994
2 34474 074.0864 017.1086 0241653 274.9372 082.4161 13.86197547117711
0 COSMOS 2251 DEB
1 34474U 93036TT  11166.58209116 +.00000800 +00000-0 +56847-3 0  9991
2 34474 074.0856 015.5237 0241541 273.1219 084.2273 13.86199049117846
0 COSMOS 2251 DEB
1 34474U 93036TT  11167.01509623  .00000798  00000-0  56707-3 0  9997
2 34474 074.0855 014.7930 0241529 272.2875 085.0615 13.86199727117909
0 COSMOS 2251 DEB
1 34474U 93036TT  11168.02543989  .00000799  00000-0  56771-3 0  9994
2 34474 074.0850 013.0877 0241494 270.3428 087.0032 13.86201387118047
0 COSMOS 2251 DEB
1 34474U 93036TT  11168.60277882 +.00000789 +00000-0 +56059-3 0  9992
2 34474 074.0848 012.1132 0241417 269.2022 088.1402 13.86202086118129
0 COSMOS 2251 DEB
1 34474U 93036TT  11169.61312292  .00000768  00000-0  54673-3 0  9996
2 34474 074.0851 010.4080 0241316 267.2612 090.0810 13.86203269118261
0 COSMOS 2251 DEB
1 34474U 93036TT  11170.62346763  .00000754  00000-0  53683-3 0  9994
2 34474 074.0855 008.7020 0241177 265.3293 092.0240 13.86204604118407
0 COSMOS 2251 DEB
1 34474U 93036TT  11171.63381031  .00000746  00000-0  53128-3 0  9998
2 34474 074.0855 006.9973 0241170 263.3643 093.9968 13.86206014118543
0 COSMOS 2251 DEB
1 34474U 93036TT  11172.57198528 +.00000739 +00000-0 +52642-3 0  9991
2 34474 074.0855 005.4146 0241149 261.5643 095.8068 13.86207335118678
0 COSMOS 2251 DEB
1 34474U 93036TT  11172.93282199  .00000732  00000-0  52153-3 0  9999
2 34474 074.0853 004.8056 0241116 260.8713 096.5047 13.86207755118720
0 COSMOS 2251 DEB
1 34474U 93036TT  11173.58232768 +.00000727 +00000-0 +51843-3 0  9997
2 34474 074.0855 003.7094 0241056 259.6082 097.7770 13.86208614118811
0 COSMOS 2251 DEB
1 34474U 93036TT  11174.59266981 +.00000718 +00000-0 +51249-3 0  9993
2 34474 074.0857 002.0041 0240935 257.6332 099.7731 13.86209990118950
0 COSMOS 2251 DEB
1 34474U 93036TT  11175.53084364 +.00000717 +00000-0 +51126-3 0  9994
2 34474 074.0857 000.4215 0240936 255.8181 101.6077 13.86211370119084
0 COSMOS 2251 DEB
1 34474U 93036TT  11175.96384669  .00000714  00000-0  50945-3 0  9997
2 34474 074.0858 359.6907 0240888 254.9755 102.4596 13.86211969119141
0 COSMOS 2251 DEB
1 34474U 93036TT  11176.54118421 +.00000717 +00000-0 +51151-3 0  9996
2 34474 074.0862 358.7167 0240924 253.8792 103.5708 13.86212911119228
0 COSMOS 2251 DEB
1 34474U 93036TT  11177.55152425 +.00000716 +00000-0 +51108-3 0  9991
2 34474 074.0868 357.0114 0240793 251.9196 105.5583 13.86214439119364
0 COSMOS 2251 DEB
1 34474U 93036TT  11178.92269866  .00000726  00000-0  51772-3 0  9999
2 34474 074.0866 354.6968 0240722 249.2799 108.2401 13.86216691119555
0 COSMOS 2251 DEB
1 34474U 93036TT  11178.92269866 +.00000726 +00000-0 +51772-3 0  9999
2 34474 074.0866 354.6968 0240722 249.2799 108.2401 13.86216691119555
0 COSMOS 2251 DEB
1 34474U 93036TT  11179.86086997 +.00000740 +00000-0 +52782-3 0  9993
2 34474 074.0863 353.1132 0240617 247.4095 110.1475 13.86218397119683
0 COSMOS 2251 DEB
1 34474U 93036TT  11179.93303581  .00000743  00000-0  52981-3 0  9996
2 34474 074.0862 352.9913 0240609 247.2650 110.2903 13.86218577119690
0 COSMOS 2251 DEB
1 34474U 93036TT  11180.51037158 +.00000754 +00000-0 +53703-3 0  9991
2 34474 074.0861 352.0162 0240622 246.1597 111.4188 13.86219699119772
0 COSMOS 2251 DEB
1 34474U 93036TT  11181.52070797 +.00000764 +00000-0 +54426-3 0  9993
2 34474 074.0864 350.3118 0240694 244.2285 113.3870 13.86221543119915
0 COSMOS 2251 DEB
1 34474U 93036TT  11182.53104310  .00000798  00000-0  56680-3 0  9995
2 34474 074.0858 348.6048 0241024 242.2779 115.3844 13.86223880120050
0 COSMOS 2251 DEB
1 34474U 93036TT  11183.54137608  .00000797  00000-0  56600-3 0  9994
2 34474 074.0860 346.8999 0241020 240.3282 117.3647 13.86225511120193
0 COSMOS 2251 DEB
1 34474U 93036TT  11184.47954361 +.00000812 +00000-0 +57667-3 0  9992
2 34474 074.0856 345.3163 0240937 238.4991 119.2399 13.86227363120323
0 COSMOS 2251 DEB
1 34474U 93036TT  11184.84037724  .00000819  00000-0  58127-3 0  9997
2 34474 074.0859 344.7074 0240969 237.8234 119.9328 13.86228081120370
0 COSMOS 2251 DEB
1 34474U 93036TT  11185.48987747 +.00000822 +00000-0 +58361-3 0  9991
2 34474 074.0857 343.6114 0240944 236.5844 121.2032 13.86229229120460
0 COSMOS 2251 DEB
1 34474U 93036TT  11186.86104396  .00000841  00000-0  59645-3 0  9992
2 34474 074.0863 341.2977 0240926 233.9110 123.9526 13.86231879120657
0 COSMOS 2251 DEB
1 34474U 93036TT  11187.43837607 +.00000842 +00000-0 +59703-3 0  9990
2 34474 074.0863 340.3238 0240928 232.8023 125.0900 13.86232899120731
0 COSMOS 2251 DEB
1 34474U 93036TT  11188.44870773  .00000840  00000-0  59535-3 0  9994
2 34474 074.0863 338.6189 0241003 230.8541 127.0961 13.86234626120878
0 COSMOS 2251 DEB
1 34474U 93036TT  11188.80954009 +.00000839 +00000-0 +59475-3 0  9990
2 34474 074.0863 338.0100 0241021 230.1705 127.7984 13.86235211120929
0 COSMOS 2251 DEB
1 34474U 93036TT  11189.45903868  .00000838  00000-0  59391-3 0  9995
2 34474 074.0863 336.9137 0241030 228.9139 129.0952 13.86236314121018
0 COSMOS 2251 DEB
1 34474U 93036TT  11190.46936891  .00000837  00000-0  59355-3 0  9999
2 34474 074.0872 335.2092 0241104 226.9499 131.1221 13.86238063121150
0 COSMOS 2251 DEB
1 34474U 93036TT  11190.83020089 +.00000841 +00000-0 +59624-3 0  9997
2 34474 074.0879 334.6003 0241116 226.2524 131.8435 13.86238777121209
0 COSMOS 2251 DEB
1 34474U 93036TT  11191.76836350  .00000843  00000-0  59758-3 0  9996
2 34474 074.0877 333.0171 0241136 224.4333 133.7245 13.86240447121337
0 COSMOS 2251 DEB
1 34474U 93036TT  11192.41785977 +.00000840 +00000-0 +59522-3 0  9993
2 34474 074.0872 331.9201 0241260 223.1781 135.0237 13.86241590121420
0 COSMOS 2251 DEB
1 34474U 93036TT  11193.42818704  .00000842  00000-0  59651-3 0  9995
2 34474 074.0875 330.2156 0241302 221.2334 137.0372 13.86243420121565
0 COSMOS 2251 DEB
1 34474U 93036TT  11193.78901775 +.00000851 +00000-0 +60288-3 0  9993
2 34474 074.0881 329.6073 0241310 220.5296 137.7664 13.86244227121613
0 COSMOS 2251 DEB
1 34474U 93036TT  11194.43851311  .00000858  00000-0  60703-3 0  9995
2 34474 074.0881 328.5118 0241337 219.2854 139.0580 13.86245516121709
0 COSMOS 2251 DEB
1 34474U 93036TT  11194.79934324 +.00000861 +00000-0 +60940-3 0  9997
2 34474 074.0877 327.9028 0241352 218.5902 139.7782 13.86246222121751
0 COSMOS 2251 DEB
1 34474U 93036TT  11195.80966819  .00000867  00000-0  61316-3 0  9998
2 34474 074.0880 326.1981 0241387 216.6279 141.8155 13.86248149121891
0 COSMOS 2251 DEB
1 34474U 93036TT  11196.74782506 +.00000883 +00000-0 +62456-3 0  9995
2 34474 074.0878 324.6143 0241477 214.8309 143.6832 13.86250204122028
0 COSMOS 2251 DEB
1 34474U 93036TT  11197.39731835  .00000888  00000-0  62739-3 0  9995
2 34474 074.0878 323.5182 0241479 213.5893 144.9746 13.86251476122115
0 COSMOS 2251 DEB
1 34474U 93036TT  11198.69629976  .00000923  00000-0  65134-3 0  9993
2 34474 074.0871 321.3236 0241944 211.1072 147.5538 13.86254674122294
0 COSMOS 2251 DEB
1 34474U 93036TT  11199.77878605  .00000932  00000-0  65706-3 0  9993
2 34474 074.0867 319.4964 0241838 209.0338 149.7160 13.86256873122443
0 COSMOS 2251 DEB
1 34474U 93036TT  11200.35611166 +.00000937 +00000-0 +66085-3 0  9993
2 34474 074.0865 318.5212 0241789 207.9471 150.8509 13.86258077122524
0 COSMOS 2251 DEB
1 34474U 93036TT  11201.29426465  .00000954  00000-0  67263-3 0  9991
2 34474 074.0864 316.9383 0241675 206.1606 152.7190 13.86260226122659
0 COSMOS 2251 DEB
1 34474U 93036TT  11201.72725718 +.00000954 +00000-0 +67262-3 0  9991
2 34474 074.0867 316.2079 0241676 205.3274 153.5829 13.86261021122719
0 COSMOS 2251 DEB
1 34474U 93036TT  11202.30458174  .00000961  00000-0  67738-3 0  9991
2 34474 074.0865 315.2330 0241718 204.2248 154.7407 13.86262328122796
0 COSMOS 2251 DEB
1 34474U 93036TT  11202.37674635 +.00000954 +00000-0 +67236-3 0  9995
2 34474 074.0865 315.1110 0241840 204.0791 154.8873 13.86262328122808
0 COSMOS 2251 DEB
1 34474U 93036TT  11203.38706273  .00000971  00000-0  68327-3 0  9992
2 34474 074.0878 313.4062 0242492 202.0162 157.0497 13.86264622122944
0 COSMOS 2251 DEB
1 34474U 93036TT  11204.68603675  .00000974  00000-0  68493-3 0  9995
2 34474 074.0875 311.2135 0242513 199.5879 159.5815 13.86267248123126
0 COSMOS 2251 DEB
1 34474U 93036TT  11205.40768821 +.00000979 +00000-0 +68857-3 0  9990
2 34474 074.0876 309.9956 0242562 198.2146 161.0184 13.86268864123222
0 COSMOS 2251 DEB
1 34474U 93036TT  11206.34583532  .00000999  00000-0  70135-3 0  9992
2 34474 074.0878 308.4130 0242814 196.4012 162.9228 13.86271101123355
0 COSMOS 2251 DEB
1 34474U 93036TT  11207.28397979 +.00000997 +00000-0 +70027-3 0  9992
2 34474 074.0880 306.8294 0242825 194.5959 164.8077 13.86273005123484
0 COSMOS 2251 DEB
1 34474U 93036TT  11208.29428934  .00000994  00000-0  69805-3 0  9999
2 34474 074.0882 305.1251 0242877 192.6493 166.8461 13.86274994123623
0 COSMOS 2251 DEB
1 34474U 93036TT  11209.37676271  .00000985  00000-0  69159-3 0  9990
2 34474 074.0882 303.2988 0242971 190.5718 169.0219 13.86276970123779
0 COSMOS 2251 DEB
1 34474U 93036TT  11210.31490566 +.00000974 +00000-0 +68439-3 0  9995
2 34474 074.0883 301.7152 0242618 188.8735 170.8010 13.86278600123909
0 COSMOS 2251 DEB
1 34474U 93036TT  11211.32521277  .00000973  00000-0  68375-3 0  9999
2 34474 074.0877 300.0100 0242690 186.9215 172.8537 13.86280554124042
0 COSMOS 2251 DEB
1 34474U 93036TT  11211.68603611 +.00000956 +00000-0 +67184-3 0  9999
2 34474 074.0873 299.4003 0242516 186.2798 173.5192 13.86280822124095
0 COSMOS 2251 DEB
1 34474U 93036TT  11212.33551937  .00000937  00000-0  65901-3 0  9999
2 34474 074.0875 298.3045 0242648 185.0270 174.8388 13.86281761124183
0 COSMOS 2251 DEB
1 34474U 93036TT  11212.62417836 +.00000926 +00000-0 +65113-3 0  9993
2 34474 074.0875 297.8175 0242570 184.4924 175.3988 13.86282067124221
0 COSMOS 2251 DEB
1 34474U 93036TT  11213.63448298  .00000915  00000-0  64356-3 0  9997
2 34474 074.0872 296.1121 0242561 182.5500 177.4382 13.86283721124364
0 COSMOS 2251 DEB
1 34474U 93036TT  11214.64478550  .00000899  00000-0  63309-3 0  9991
2 34474 074.0861 294.4042 0242495 180.6582 179.4231 13.86285301124507
0 COSMOS 2251 DEB
1 34474U 93036TT  11215.29426567 +.00000890 +00000-0 +62626-3 0  9996
2 34474 074.0862 293.3080 0242576 179.4080 180.7376 13.86286344124599
0 COSMOS 2251 DEB
1 34474U 93036TT  11216.23240200  .00000883  00000-0  62119-3 0  9998
2 34474 074.0861 291.7253 0242638 177.6007 182.6335 13.86287915124726
0 COSMOS 2251 DEB
1 34474U 93036TT  11217.31486576  .00000842  00000-0  59283-3 0  9999
2 34474 074.0862 289.8984 0242982 175.5549 184.7765 13.86289115124876
0 COSMOS 2251 DEB
1 34474U 93036TT  11217.60352369 +.00000827 +00000-0 +58268-3 0  9998
2 34474 074.0858 289.4107 0242779 175.0036 185.3507 13.86289165124915
0 COSMOS 2251 DEB
1 34474U 93036TT  11218.61382340  .00000781  00000-0  55150-3 0  9998
2 34474 074.0866 287.7060 0242775 173.1207 187.3298 13.86290211125057
0 COSMOS 2251 DEB
1 34474U 93036TT  11219.62412164  .00000775  00000-0  54719-3 0  9991
2 34474 074.0863 286.0012 0242912 171.1961 189.3538 13.86291750125194
0 COSMOS 2251 DEB
1 34474U 93036TT  11220.56225422 +.00000753 +00000-0 +53202-3 0  9997
2 34474 074.0864 284.4188 0242942 169.4217 191.2118 13.86292839125328
0 COSMOS 2251 DEB
1 34474U 93036TT  11221.21173079  .00000755  00000-0  53328-3 0  9991
2 34474 074.0864 283.3228 0242961 168.1728 192.5265 13.86293895125415
0 COSMOS 2251 DEB
1 34474U 93036TT  11221.57255019 +.00000748 +00000-0 +52831-3 0  9995
2 34474 074.0864 282.7136 0242929 167.4843 193.2454 13.86294329125466
0 COSMOS 2251 DEB
1 34474U 93036TT  11222.22202548  .00000753  00000-0  53169-3 0  9998
2 34474 074.0859 281.6164 0243068 166.2630 194.5341 13.86295498125552
0 COSMOS 2251 DEB
1 34474U 93036TT  11223.23231737  .00000754  00000-0  53224-3 0  9995
2 34474 074.0864 279.9118 0243083 164.3335 196.5493 13.86297080125699
0 COSMOS 2251 DEB
1 34474U 93036TT  11223.59313603 +.00000747 +00000-0 +52704-3 0  9991
2 34474 074.0863 279.3029 0243095 163.6543 197.2592 13.86297484125741
0 COSMOS 2251 DEB
1 34474U 93036TT  11224.17044594 +.00000747 +00000-0 +52757-3 0  9994
2 34474 074.0864 278.3290 0243079 162.5413 198.4259 13.86298389125824
0 COSMOS 2251 DEB
1 34474U 93036TT  11225.18073675  .00000732  00000-0  51660-3 0  9994
2 34474 074.0865 276.6244 0243237 160.6249 200.4311 13.86299659125966
0 COSMOS 2251 DEB
1 34474U 93036TT  11225.54155499 +.00000714 +00000-0 +50428-3 0  9990
2 34474 074.0865 276.0149 0243272 159.9513 201.1343 13.86299857126018
0 COSMOS 2251 DEB
1 34474U 93036TT  11226.19102764  .00000706  00000-0  49898-3 0  9999
2 34474 074.0865 274.9191 0243316 158.7014 202.4428 13.86300642126107
0 COSMOS 2251 DEB
1 34474U 93036TT  11226.55184575 +.00000681 +00000-0 +48259-3 0  9991
2 34474 074.0849 274.3066 0242640 158.0384 203.1270 13.86300582126157
0 COSMOS 2251 DEB
1 34474U 93036TT  11227.56213580  .00000681  00000-0  48221-3 0  9991
2 34474 074.0850 272.6019 0242660 156.1017 205.1595 13.86302013126290
0 COSMOS 2251 DEB
1 34474U 93036TT  11228.21160656 +.00000676 +00000-0 +47905-3 0  9991
2 34474 074.0850 271.5060 0242736 154.8523 206.4647 13.86302824126387
0 COSMOS 2251 DEB
1 34474U 93036TT  11229.29405663  .00000651  00000-0  46127-3 0  9998
2 34474 074.0843 269.6787 0242944 152.7838 208.6191 13.86303736126538
0 COSMOS 2251 DEB
1 34474U 93036TT  11229.51054806 +.00000637 +00000-0 +45173-3 0  9996
2 34474 074.0846 269.3132 0242833 152.3647 209.0602 13.86303779126565
0 COSMOS 2251 DEB
1 34474U 93036TT  11230.52083456  .00000614  00000-0  43599-3 0  9997
2 34474 074.0841 267.6081 0242712 150.4230 211.0843 13.86304650126702
0 COSMOS 2251 DEB
1 34474U 93036TT  11231.53111958  .00000608  00000-0  43226-3 0  9998
2 34474 074.0836 265.9030 0242688 148.4871 213.1028 13.86305798126848
0 COSMOS 2251 DEB
1 34474U 93036TT  11232.46924147 +.00000583 +00000-0 +41434-3 0  9994
2 34474 074.0837 264.3198 0242857 146.7099 214.9568 13.86306448126973
0 COSMOS 2251 DEB
1 34474U 93036TT  11233.26303508  .00000567  00000-0  40377-3 0  9992
2 34474 074.0839 262.9806 0242937 145.2070 216.5188 13.86307108127080
0 COSMOS 2251 DEB
1 34474U 93036TT  11233.47952473 +.00000554 +00000-0 +39442-3 0  9993
2 34474 074.0838 262.6148 0243011 144.8114 216.9332 13.86307147127115
0 COSMOS 2251 DEB
1 34474U 93036TT  11234.27331764  .00000531  00000-0  37895-3 0  9991
2 34474 074.0838 261.2749 0242908 143.3041 218.4979 13.86307711127227
0 COSMOS 2251 DEB
1 34474U 93036TT  11234.48980694 +.00000517 +00000-0 +36951-3 0  9992
2 34474 074.0833 260.9081 0242647 142.8461 218.9679 13.86307648127251
0 COSMOS 2251 DEB
1 34474U 93036TT  11235.50008845  .00000504  00000-0  36017-3 0  9994
2 34474 074.0831 259.2037 0242613 140.9463 220.9455 13.86308559127397
0 COSMOS 2251 DEB
1 34474U 93036TT  11236.43820557 +.00000499 +00000-0 +35691-3 0  9999
2 34474 074.0830 257.6205 0242614 139.1479 222.8108 13.86309439127522
0 COSMOS 2251 DEB
1 34474U 93036TT  11237.23199629  .00000500  00000-0  35774-3 0  9992
2 34474 074.0829 256.2808 0242611 137.6242 224.3917 13.86310294127630
0 COSMOS 2251 DEB
1 34474U 93036TT  11237.44848432 +.00000499 +00000-0 +35694-3 0  9996
2 34474 074.0828 255.9153 0242599 137.2097 224.8200 13.86310491127669
0 COSMOS 2251 DEB
1 34474U 93036TT  11238.45876169  .00000488  00000-0  34972-3 0  9992
2 34474 074.0825 254.2096 0242523 135.2904 226.8061 13.86311381127808
0 COSMOS 2251 DEB
1 34474U 93036TT  11239.10822516 +.00000486 +00000-0 +34803-3 0  9993
2 34474 074.0824 253.1133 0242529 134.0526 228.0873 13.86312029127894
0 COSMOS 2251 DEB
1 34474U 93036TT  11240.19066294  .00000492  00000-0  35240-3 0  9990
2 34474 074.0821 251.2862 0242508 131.9719 230.2387 13.86313298128048
0 COSMOS 2251 DEB
1 34474U 93036TT  11241.20093628  .00000504  00000-0  36070-3 0  9990
2 34474 074.0821 249.5811 0242484 130.0087 232.2630 13.86314594128181
0 COSMOS 2251 DEB
1 34474U 93036TT  11241.41742280 +.00000509 +00000-0 +36417-3 0  9998
2 34474 074.0821 249.2157 0242464 129.5918 232.6912 13.86314918128216
0 COSMOS 2251 DEB
1 34474U 93036TT  11242.21120794  .00000527  00000-0  37586-3 0  9995
2 34474 074.0819 247.8757 0242423 128.0710 234.2632 13.86316144128324
0 COSMOS 2251 DEB
1 34474U 93036TT  11242.42769323 +.00000534 +00000-0 +38133-3 0  9992
2 34474 074.0817 247.5106 0242401 127.6700 234.6711 13.86316510128359
0 COSMOS 2251 DEB
1 34474U 93036TT  11243.43796210  .00000552  00000-0  39338-3 0  9997
2 34474 074.0812 245.8050 0242436 125.7480 236.6478 13.86318001128499
0 COSMOS 2251 DEB
1 34474U 93036TT  11244.37606834 +.00000560 +00000-0 +39888-3 0  9992
2 34474 074.0813 244.2215 0242385 123.9336 238.5094 13.86319220128623
0 COSMOS 2251 DEB
1 34474U 93036TT  11245.38633581  .00000569  00000-0  40486-3 0  9998
2 34474 074.0815 242.5165 0242344 122.0044 240.4922 13.86320591128761
0 COSMOS 2251 DEB
1 34474U 93036TT  11246.18011549 +.00000572 +00000-0 +40729-3 0  9995
2 34474 074.0815 241.1767 0242292 120.4756 242.0553 13.86321598128876
0 COSMOS 2251 DEB
1 34474U 93036TT  11247.11821827  .00000587  00000-0  41751-3 0  9999
2 34474 074.0813 239.5933 0242334 118.7199 243.8570 13.86322964129000
0 COSMOS 2251 DEB
1 34474U 93036TT  11248.12848033  .00000589  00000-0  41857-3 0  9998
2 34474 074.0811 237.8877 0242352 116.7742 245.8402 13.86324211129146
0 COSMOS 2251 DEB
1 34474U 93036TT  11248.34496509 +.00000595 +00000-0 +42271-3 0  9997
2 34474 074.0812 237.5225 0242371 116.3768 246.2485 13.86324595129170
0 COSMOS 2251 DEB
1 34474U 93036TT  11249.13874145  .00000597  00000-0  42411-3 0  9999
2 34474 074.0811 236.1826 0242366 114.8512 247.8036 13.86325616129281
0 COSMOS 2251 DEB
1 34474U 93036TT  11249.35522569 +.00000603 +00000-0 +42850-3 0  9998
2 34474 074.0812 235.8174 0242287 114.4217 248.2403 13.86325989129314
0 COSMOS 2251 DEB
1 34474U 93036TT  11250.14900113  .00000610  00000-0  43291-3 0  9990
2 34474 074.0812 234.4774 0242282 112.8855 249.8061 13.86327114129421
0 COSMOS 2251 DEB
1 34474U 93036TT  11251.37574178  .00000623  00000-0  44161-3 0  9995
2 34474 074.0811 232.4070 0242308 110.5702 252.1611 13.86328939129594
0 COSMOS 2251 DEB
1 34474U 93036TT  11252.38599766  .00000632  00000-0  44781-3 0  9995
2 34474 074.0805 230.7002 0242354 108.6086 254.1539 13.86330419129730
0 COSMOS 2251 DEB
1 34474U 93036TT  11253.32409095 +.00000636 +00000-0 +45099-3 0  9992
2 34474 074.0807 229.1170 0242325 106.7922 255.9950 13.86331752129867
0 COSMOS 2251 DEB
1 34474U 93036TT  11254.11786108  .00000643  00000-0  45557-3 0  9990
2 34474 074.0806 227.7768 0242275 105.2640 257.5445 13.86332966129975
0 COSMOS 2251 DEB
1 34474U 93036TT  11254.33434295 +.00000648 +00000-0 +45885-3 0  9990
2 34474 074.0808 227.4117 0242246 104.8401 257.9706 13.86333363130002
0 COSMOS 2251 DEB
1 34474U 93036TT  11255.12811159  .00000663  00000-0  46947-3 0  9993
2 34474 074.0805 226.0713 0242252 103.2942 259.5376 13.86334780130113
0 COSMOS 2251 DEB
1 34474U 93036TT  11255.34459271 +.00000669 +00000-0 +47325-3 0  9997
2 34474 074.0804 225.7061 0242178 102.8556 259.9753 13.86335182130140
0 COSMOS 2251 DEB
1 34474U 93036TT  11256.93212495  .00000695  00000-0  49127-3 0  9999
2 34474 074.0801 223.0259 0242172 099.7668 263.0907 13.86337928130360
0 COSMOS 2251 DEB
1 34474U 93036TT  11256.93212495 +.00000695 +00000-0 +49127-3 0  9999
2 34474 074.0801 223.0259 0242172 099.7668 263.0907 13.86337928130360
0 COSMOS 2251 DEB
1 34474U 93036TT  11257.07644572 +.00000710 +00000-0 +50181-3 0  9990
2 34474 074.0803 222.7825 0242207 099.4898 263.3754 13.86338509130389
0 COSMOS 2251 DEB
1 34474U 93036TT  11258.30317105  .00000756  00000-0  53365-3 0  9993
2 34474 074.0804 220.7127 0241998 097.0560 265.8293 13.86341319130556
0 COSMOS 2251 DEB
1 34474U 93036TT  11259.09693051  .00000818  00000-0  57561-3 0  9998
2 34474 074.0804 219.3708 0242572 095.7483 267.1585 13.86343762130668
0 COSMOS 2251 DEB
1 34474U 93036TT  11260.25148625  .00000853  00000-0  59888-3 0  9993
2 34474 074.0808 217.4225 0242771 093.5934 269.3110 13.86346425130828
0 COSMOS 2251 DEB
1 34474U 93036TT  11261.26172164  .00000890  00000-0  62426-3 0  9993
2 34474 074.0811 215.7170 0242767 091.5812 271.3239 13.86349014130967
0 COSMOS 2251 DEB
1 34474U 93036TT  11262.27195483  .00000983  00000-0  68795-3 0  9992
2 34474 074.0812 214.0106 0243146 089.8234 273.1177 13.86353001131108
0 COSMOS 2251 DEB
1 34474U 93036TT  11263.28217796  .00001051  00000-0  73357-3 0  9993
2 34474 074.0815 212.3051 0243439 088.1362 274.7926 13.86356439131242
0 COSMOS 2251 DEB
1 34474U 93036TT  11263.93160486 +.00001075 +00000-0 +75015-3 0  9997
2 34474 074.0811 211.2095 0243232 086.7410 276.1541 13.86358314131336
0 COSMOS 2251 DEB
1 34474U 93036TT  11264.22024068 +.00001123 +00000-0 +78343-3 0  9996
2 34474 074.0810 210.7225 0243073 086.0184 276.8778 13.86359919131373
0 COSMOS 2251 DEB
1 34474U 93036TT  11265.01398754  .00001203  00000-0  83899-3 0  9991
2 34474 074.0807 209.3825 0242789 084.2744 278.6205 13.86363402131483
0 COSMOS 2251 DEB
1 34474U 93036TT  11266.24068159  .00001278  00000-0  89068-3 0  9996
2 34474 074.0804 207.3118 0242536 081.7392 281.1334 13.86367901131653
0 COSMOS 2251 DEB
1 34474U 93036TT  11267.17873770  .00001387  00000-0  96570-3 0  9999
2 34474 074.0812 205.7307 0242074 079.9439 282.9326 13.86372685131781
0 COSMOS 2251 DEB
1 34474U 93036TT  11268.26110115  .00001491  00000-0  10375-2 0  9991
2 34474 074.0799 203.9021 0241840 077.7671 285.0856 13.86378121131932
0 COSMOS 2251 DEB
1 34474U 93036TT  11269.84855622  .00001603  00000-0  11149-2 0  9990
2 34474 074.0799 201.2234 0241703 074.6791 288.1003 13.86385419132157
0 COSMOS 2251 DEB
1 34474U 93036TT  11270.85875397  .00001685  00000-0  11707-2 0  9994
2 34474 074.0802 199.5201 0241740 072.5935 290.1559 13.86390521132297
0 COSMOS 2251 DEB
1 34474U 93036TT  11271.21953759  .00001746  00000-0  12121-2 0  9993
2 34474 074.0814 198.9115 0241927 072.2360 290.5242 13.86392968132349
0 COSMOS 2251 DEB
1 34474U 93036TT  11271.86894521 +.00001789 +00000-0 +12413-2 0  9996
2 34474 074.0815 197.8149 0241996 071.0481 291.6805 13.86396051132436
0 COSMOS 2251 DEB
1 34474U 93036TT  11272.87913585  .00001855  00000-0  12854-2 0  9993
2 34474 074.0821 196.1093 0242595 069.0009 293.6873 13.86400980132571
0 COSMOS 2251 DEB
1 34474U 93036TT  11273.88932332 +.00001933 +00000-0 +13366-2 0  9992
2 34474 074.0820 194.4030 0243323 067.0293 295.6349 13.86406453132712
0 COSMOS 2251 DEB
1 34474U 93036TT  11274.82734889 +.00001983 +00000-0 +13698-2 0  9997
2 34474 074.0828 192.8215 0243555 065.2845 297.3395 13.86411100132846
0 COSMOS 2251 DEB
1 34474U 93036TT  11275.18812876  .00002037  00000-0  14076-2 0  9992
2 34474 074.0834 192.2114 0243332 064.8166 297.8194 13.86413587132897
0 COSMOS 2251 DEB
1 34474U 93036TT  11275.83752565 +.00002052 +00000-0 +14178-2 0  9992
2 34474 074.0833 191.1160 0243412 063.4943 299.0928 13.86416550132984
0 COSMOS 2251 DEB
1 34474U 93036TT  11276.19830325  .00002099  00000-0  14496-2 0  9997
2 34474 074.0836 190.5069 0243411 062.8252 299.7582 13.86418945133033
0 COSMOS 2251 DEB
1 34474U 93036TT  11277.78571399  .00002160  00000-0  14907-2 0  9992
2 34474 074.0836 187.8264 0243490 059.6660 302.8376 13.86427006133252
0 COSMOS 2251 DEB
1 34474U 93036TT  11278.72372335 +.00002217 +00000-0 +15301-2 0  9998
2 34474 074.0838 186.2438 0243454 057.7867 304.6686 13.86432346133389
0 COSMOS 2251 DEB
1 34474U 93036TT  11279.15664942  .00002259  00000-0  15587-2 0  9996
2 34474 074.0832 185.5120 0243411 056.9725 305.4639 13.86435029133445
0 COSMOS 2251 DEB
1 34474U 93036TT  11279.73388262 +.00002266 +00000-0 +15639-2 0  9994
2 34474 074.0829 184.5371 0243156 055.8764 306.5241 13.86437822133528
0 COSMOS 2251 DEB
1 34474U 93036TT  11280.16680683  .00002292  00000-0  15808-2 0  9992
2 34474 074.0832 183.8060 0243392 054.9948 307.3787 13.86440312133583
0 COSMOS 2251 DEB
1 34474U 93036TT  11280.81619319 +.00002298 +00000-0 +15851-2 0  9996
2 34474 074.0832 182.7101 0243442 053.7138 308.6215 13.86443459133676
0 COSMOS 2251 DEB
1 34474U 93036TT  11281.17696279  .00002312  00000-0  15941-2 0  9993
2 34474 074.0834 182.1012 0243637 052.9717 309.3440 13.86445443133722
0 COSMOS 2251 DEB
1 34474U 93036TT  11281.75419297 +.00002318 +00000-0 +15981-2 0  9990
2 34474 074.0834 181.1267 0243674 051.8398 310.4418 13.86448259133802
0 COSMOS 2251 DEB
1 34474U 93036TT  11282.69218813  .00002353  00000-0  16216-2 0  9996
2 34474 074.0832 179.5435 0243645 050.0158 312.2111 13.86453312133931
0 COSMOS 2251 DEB
1 34474U 93036TT  11283.77448573  .00002391  00000-0  16468-2 0  9995
2 34474 074.0836 177.7165 0243831 047.9293 314.2319 13.86459198134084
0 COSMOS 2251 DEB
1 34474U 93036TT  11284.78462529  .00002419  00000-0  16655-2 0  9993
2 34474 074.0834 176.0116 0243846 046.0299 316.0670 13.86464596134226
0 COSMOS 2251 DEB
1 34474U 93036TT  11285.86691322  .00002441  00000-0  16802-2 0  9997
2 34474 074.0837 174.1847 0243880 043.9659 318.0591 13.86470326134371
0 COSMOS 2251 DEB
1 34474U 93036TT  11285.86691322 +.00002441 +00000-0 +16802-2 0  9997
2 34474 074.0837 174.1847 0243880 043.9659 318.0591 13.86470326134371
0 COSMOS 2251 DEB
1 34474U 93036TT  11286.80489271 +.00002454 +00000-0 +16895-2 0  9996
2 34474 074.0833 172.6011 0243850 042.1711 319.7910 13.86475194134506
0 COSMOS 2251 DEB
1 34474U 93036TT  11287.09350077  .00002464  00000-0  16960-2 0  9993
2 34474 074.0834 172.1138 0243818 041.6330 320.3103 13.86476809134547
0 COSMOS 2251 DEB
1 34474U 93036TT  11287.67071607 +.00002465 +00000-0 +16968-2 0  9995
2 34474 074.0835 171.1395 0243830 040.5173 321.3824 13.86479712134625
0 COSMOS 2251 DEB
1 34474U 93036TT  11288.10362705  .00002471  00000-0  17008-2 0  9999
2 34474 074.0834 170.4084 0243842 039.6917 322.1793 13.86481992134682
0 COSMOS 2251 DEB
1 34474U 93036TT  11288.75299173 +.00002471 +00000-0 +17007-2 0  9997
2 34474 074.0834 169.3120 0243847 038.4474 323.3743 13.86485227134773
0 COSMOS 2251 DEB
1 34474U 93036TT  11289.11374946  .00002478  00000-0  17053-2 0  9998
2 34474 074.0833 168.7027 0243880 037.7560 324.0421 13.86487177134829
0 COSMOS 2251 DEB
1 34474U 93036TT  11289.76311143 +.00002479 +00000-0 +17057-2 0  9994
2 34474 074.0834 167.6066 0243886 036.5087 325.2388 13.86490439134918
0 COSMOS 2251 DEB
1 34474U 93036TT  11291.06183125  .00002499  00000-0  17196-2 0  9993
2 34474 074.0837 165.4141 0243802 034.0224 327.6323 13.86497329135095
0 COSMOS 2251 DEB
1 34474U 93036TT  11292.07194057  .00002521  00000-0  17348-2 0  9996
2 34474 074.0833 163.7083 0243772 032.0771 329.5028 13.86502936135238
0 COSMOS 2251 DEB
1 34474U 93036TT  11292.79344329 +.00002527 +00000-0 +17389-2 0  9995
2 34474 074.0833 162.4903 0243791 030.6767 330.8387 13.86506774135333
0 COSMOS 2251 DEB
1 34474U 93036TT  11293.08204392  .00002540  00000-0  17478-2 0  9997
2 34474 074.0832 162.0032 0243775 030.1307 331.3625 13.86508505135377
0 COSMOS 2251 DEB
1 34474U 93036TT  11293.73139470 +.00002540 +00000-0 +17476-2 0  9991
2 34474 074.0832 160.9070 0243771 028.8852 332.5514 13.86511831135467
0 COSMOS 2251 DEB
1 34474U 93036TT  11294.74149322  .00002562  00000-0  17620-2 0  9995
2 34474 074.0832 159.2014 0243808 026.9091 334.4496 13.86517502135608
0 COSMOS 2251 DEB
1 34474U 93036TT  11295.75158585  .00002580  00000-0  17743-2 0  9994
2 34474 074.0830 157.4957 0243823 024.9705 336.3018 13.86523149135749
0 COSMOS 2251 DEB
1 34474U 93036TT  11296.68952573 +.00002594 +00000-0 +17840-2 0  9999
2 34474 074.0830 155.9122 0243805 023.2000 337.9917 13.86528331135873
0 COSMOS 2251 DEB
1 34474U 93036TT  11297.05027115  .00002603  00000-0  17900-2 0  9994
2 34474 074.0830 155.3030 0243828 022.5193 338.6444 13.86530422135928
0 COSMOS 2251 DEB
1 34474U 93036TT  11297.69961123 +.00002607 +00000-0 +17920-2 0  9996
2 34474 074.0830 154.2068 0243857 021.2705 339.8352 13.86533898136016
0 COSMOS 2251 DEB
1 34474U 93036TT  11298.70969262  .00002632  00000-0  18089-2 0  9996
2 34474 074.0831 152.5010 0244007 019.3102 341.7115 13.86539769136159
0 COSMOS 2251 DEB
1 34474U 93036TT  11299.93621329  .00002657  00000-0  18249-2 0  9996
2 34474 074.0839 150.4308 0244078 016.9760 343.9367 13.86546798136327
0 COSMOS 2251 DEB
1 34474U 93036TT  11299.93621329 +.00002657 +00000-0 +18249-2 0  9996
2 34474 074.0839 150.4308 0244078 016.9760 343.9367 13.86546798136327
0 COSMOS 2251 DEB
1 34474U 93036TT  11300.72984086 +.00002688 +00000-0 +18462-2 0  9999
2 34474 074.0837 149.0908 0244028 015.4896 345.3617 13.86551769136434
0 COSMOS 2251 DEB
1 34474U 93036TT  11301.01843047  .00002717  00000-0  18662-2 0  9998
2 34474 074.0833 148.6022 0244064 014.9542 345.8740 13.86553991136479
0 COSMOS 2251 DEB
1 34474U 93036TT  11302.02849398  .00002746  00000-0  18846-2 0  9991
2 34474 074.0828 146.8961 0244218 013.0041 347.7272 13.86560155136617
0 COSMOS 2251 DEB
1 34474U 93036TT  11302.67781922 +.00002755 +00000-0 +18909-2 0  9990
2 34474 074.0828 145.7997 0244275 011.7638 348.9073 13.86563955136707
0 COSMOS 2251 DEB
1 34474U 93036TT  11303.68787701  .00002763  00000-0  18962-2 0  9991
2 34474 074.0823 144.0933 0244264 009.8231 350.7467 13.86569591136844
0 COSMOS 2251 DEB
1 34474U 93036TT  11303.97646610 +.00002764 +00000-0 +18963-2 0  9998
2 34474 074.0824 143.6060 0244271 009.2569 351.2932 13.86571188136889
0 COSMOS 2251 DEB
1 34474U 93036TT  11304.91437344  .00002766  00000-0  18981-2 0  9997
2 34474 074.0822 142.0217 0244267 007.4604 353.0041 13.86576432137013
0 COSMOS 2251 DEB
1 34474U 93036TT  11305.92442365  .00002762  00000-0  18948-2 0  9997
2 34474 074.0820 140.3156 0244365 005.5091 354.8594 13.86581916137152
0 COSMOS 2251 DEB
1 34474U 93036TT  11305.92442365 +.00002762 +00000-0 +18948-2 0  9997
2 34474 074.0820 140.3156 0244365 005.5091 354.8594 13.86581916137152
0 COSMOS 2251 DEB
1 34474U 93036TT  11306.93447027  .00002756  00000-0  18905-2 0  9995
2 34474 074.0830 138.6115 0244398 003.5651 356.7080 13.86587371137291
0 COSMOS 2251 DEB
1 34474U 93036TT  11308.95455114 +.00002712 +00000-0 +18580-2 0  9996
2 34474 074.0820 135.1986 0244917 359.7080 000.3578 13.86597472137575
0 COSMOS 2251 DEB
1 34474U 93036TT  11311.47963553  .00002298  00000-0  15785-2 0  9991
2 34474 074.0843 130.9349 0244487 354.8059 004.8478 13.86600431137927
0 COSMOS 2251 DEB
1 34474U 93036TT  11312.48970393  .00002341  00000-0  16059-2 0  9997
2 34474 074.0826 129.2292 0245059 352.9450 006.8028 13.86606539138060
0 COSMOS 2251 DEB
1 34474U 93036TT  11313.93260662  .00002262  00000-0  15539-2 0  9993
2 34474 074.0842 126.7954 0244521 350.0778 009.5516 13.86611828138261
0 COSMOS 2251 DEB
1 34474U 93036TT  11313.93260662 +.00002262 +00000-0 +15539-2 0  9993
2 34474 074.0842 126.7954 0244521 350.0778 009.5516 13.86611828138261
0 COSMOS 2251 DEB
1 34474U 93036TT  11314.87048863 +.00002229 +00000-0 +15292-2 0  9993
2 34474 074.0836 125.2103 0245065 348.3450 011.1959 13.86615472138398
0 COSMOS 2251 DEB
1 34474U 93036TT  11315.44764661  .00002209  00000-0  15166-2 0  9996
2 34474 074.0836 124.2352 0244737 347.1881 012.3105 13.86617711138476
0 COSMOS 2251 DEB
1 34474U 93036TT  11315.80836842 +.00002178 +00000-0 +14942-2 0  9993
2 34474 074.0834 123.6252 0245170 346.5605 012.8986 13.86618859138527
0 COSMOS 2251 DEB
1 34474U 93036TT  11316.60195723  .00002178  00000-0  14942-2 0  9998
2 34474 074.0830 122.2830 0245178 344.9878 014.4122 13.86622449138634
0 COSMOS 2251 DEB
1 34474U 93036TT  11317.53982957 +.00002163 +00000-0 +14839-2 0  9993
2 34474 074.0836 120.6994 0245219 343.1977 016.1124 13.86626390138764
0 COSMOS 2251 DEB
1 34474U 93036TT  11317.82840556  .00002165  00000-0  14852-2 0  9990
2 34474 074.0827 120.2115 0245236 342.6368 016.6483 13.86627657138807
0 COSMOS 2251 DEB
1 34474U 93036TT  11318.83841921  .00002195  00000-0  15058-2 0  9991
2 34474 074.0837 118.5068 0245120 340.6612 018.5390 13.86632632138949
0 COSMOS 2251 DEB
1 34474U 93036TT  11319.84842721  .00002218  00000-0  15215-2 0  9993
2 34474 074.0834 116.8004 0245083 338.7228 020.3839 13.86637565139081
0 COSMOS 2251 DEB
1 34474U 93036TT  11320.49771564 +.00002251 +00000-0 +15447-2 0  9996
2 34474 074.0835 115.7030 0244755 337.4593 021.5931 13.86641175139173
0 COSMOS 2251 DEB
1 34474U 93036TT  11320.85843170  .00002261  00000-0  15515-2 0  9996
2 34474 074.0830 115.0938 0244697 336.7727 022.2510 13.86642983139229
0 COSMOS 2251 DEB
1 34474U 93036TT  11321.50771938 +.00002267 +00000-0 +15559-2 0  9995
2 34474 074.0832 113.9977 0244687 335.5261 023.4413 13.86646077139313
0 COSMOS 2251 DEB
1 34474U 93036TT  11322.44557750  .00002271  00000-0  15582-2 0  9994
2 34474 074.0833 112.4141 0244691 333.7239 025.1647 13.86650456139449
0 COSMOS 2251 DEB
1 34474U 93036TT  11322.51772014 +.00002270 +00000-0 +15576-2 0  9996
2 34474 074.0833 112.2923 0244690 333.5856 025.2957 13.86650765139456
0 COSMOS 2251 DEB
1 34474U 93036TT  11323.52771760  .00002285  00000-0  15683-2 0  9990
2 34474 074.0834 110.5864 0244647 331.6269 027.1750 13.86655800139593
0 COSMOS 2251 DEB
1 34474U 93036TT  11324.75413838  .00002293  00000-0  15734-2 0  9991
2 34474 074.0839 108.5155 0244703 329.2459 029.4528 13.86661617139765
0 COSMOS 2251 DEB
1 34474U 93036TT  11325.76412895  .00002305  00000-0  15805-2 0  9998
2 34474 074.0832 106.8088 0244806 327.2873 031.3305 13.86666427139901
0 COSMOS 2251 DEB
1 34474U 93036TT  11326.48554878 +.00002303 +00000-0 +15794-2 0  9991
2 34474 074.0837 105.5912 0244850 325.8991 032.6596 13.86669756140009
0 COSMOS 2251 DEB
1 34474U 93036TT  11327.42339270  .00002324  00000-0  15923-2 0  9990
2 34474 074.0837 104.0074 0245104 324.0976 034.3900 13.86674411140135
0 COSMOS 2251 DEB
1 34474U 93036TT  11327.78410079 +.00002320 +00000-0 +15896-2 0  9991
2 34474 074.0838 103.3981 0245109 323.4027 035.0551 13.86676028140181
0 COSMOS 2251 DEB
1 34474U 93036TT  11328.43337510  .00002325  00000-0  15934-2 0  9990
2 34474 074.0836 102.3010 0245098 322.1408 036.2725 13.86679200140278
0 COSMOS 2251 DEB
1 34474U 93036TT  11328.79408172 +.00002320 +00000-0 +15893-2 0  9991
2 34474 074.0835 101.6917 0245247 321.4358 036.9441 13.86680770140329
0 COSMOS 2251 DEB
1 34474U 93036TT  11329.44335428  .00002320  00000-0  15890-2 0  9994
2 34474 074.0836 100.5952 0245246 320.1837 038.1517 13.86683824140415
0 COSMOS 2251 DEB
1 34474U 93036TT  11329.80406035 +.00002324 +00000-0 +15922-2 0  9997
2 34474 074.0837 099.9865 0245204 319.4958 038.8151 13.86685619140469
0 COSMOS 2251 DEB
1 34474U 93036TT  11330.45333015  .00002322  00000-0  15909-2 0  9990
2 34474 074.0837 098.8900 0245187 318.2475 040.0156 13.86688626140559
0 COSMOS 2251 DEB
1 34474U 93036TT  11330.81403537 +.00002320 +00000-0 +15898-2 0  9992
2 34474 074.0830 098.2796 0245086 317.5557 040.6840 13.86690261140600
0 COSMOS 2251 DEB
1 34474U 93036TT  11331.75186686  .00002314  00000-0  15856-2 0  9996
2 34474 074.0832 096.6960 0244991 315.7501 042.4245 13.86694524140739
0 COSMOS 2251 DEB
1 34474U 93036TT  11332.76183715  .00002303  00000-0  15787-2 0  9999
2 34474 074.0834 094.9900 0244895 313.8084 044.3009 13.86699032140877
0 COSMOS 2251 DEB
1 34474U 93036TT  11333.41110190 +.00002301 +00000-0 +15774-2 0  9993
2 34474 074.0829 093.8920 0244858 312.5548 045.5142 13.86702013140966
0 COSMOS 2251 DEB
1 34474U 93036TT  11334.42106653  .00002294  00000-0  15723-2 0  9999
2 34474 074.0827 092.1859 0244746 310.5994 047.4046 13.86706544141100
0 COSMOS 2251 DEB
1 34474U 93036TT  11335.71958843  .00002298  00000-0  15748-2 0  9999
2 34474 074.0826 089.9922 0244827 308.0991 049.8278 13.86712663141284
0 COSMOS 2251 DEB
1 34474U 93036TT  11336.72954551  .00002306  00000-0  15795-2 0  9995
2 34474 074.0839 088.2861 0245039 306.1407 051.7273 13.86717648141420
0 COSMOS 2251 DEB
1 34474U 93036TT  11337.66735772 +.00002327 +00000-0 +15933-2 0  9998
2 34474 074.0840 086.7020 0245178 304.2784 053.5346 13.86722632141557
0 COSMOS 2251 DEB
1 34474U 93036TT  11338.38875210  .00002334  00000-0  15980-2 0  9990
2 34474 074.0840 085.4836 0245130 302.9046 054.8724 13.86726169141656
0 COSMOS 2251 DEB
1 34474U 93036TT  11338.67730913 +.00002335 +00000-0 +15988-2 0  9991
2 34474 074.0839 084.9962 0245128 302.3523 055.4088 13.86727557141695
0 COSMOS 2251 DEB
1 34474U 93036TT  11339.39870133  .00002340  00000-0  16016-2 0  9999
2 34474 074.0839 083.7780 0245172 300.9718 056.7540 13.86731069141790
0 COSMOS 2251 DEB
1 34474U 93036TT  11339.68725752 +.00002380 +00000-0 +16282-2 0  9996
2 34474 074.0838 083.2893 0245426 300.4647 057.2585 13.86733357141839
0 COSMOS 2251 DEB
1 34474U 93036TT  11340.40864433  .00002388  00000-0  16334-2 0  9994
2 34474 074.0838 082.0716 0245432 299.1048 058.5712 13.86736979141936
0 COSMOS 2251 DEB
1 34474U 93036TT  11341.70713822  .00002529  00000-0  17314-2 0  9999
2 34474 074.0827 079.8750 0244553 296.5350 061.1331 13.86746422142118
0 COSMOS 2251 DEB
1 34474U 93036TT  11342.64492771 +.00002561 +00000-0 +17541-2 0  9998
2 34474 074.0826 078.2916 0244295 294.7405 062.8562 13.86751863142241
0 COSMOS 2251 DEB
1 34474U 93036TT  11343.65485903  .00002611  00000-0  17873-2 0  9993
2 34474 074.0837 076.5869 0244392 292.7509 064.8128 13.86758152142385
0 COSMOS 2251 DEB
1 34474U 93036TT  11344.66478471  .00002694  00000-0  18439-2 0  9997
2 34474 074.0837 074.8810 0244213 290.7296 066.8150 13.86765303142524
0 COSMOS 2251 DEB
1 34474U 93036TT  11345.67469261  .00002802  00000-0  19132-2 0  9998
2 34474 074.0842 073.1758 0245200 288.7956 068.6716 13.86773404142664
0 COSMOS 2251 DEB
1 34474U 93036TT  11346.32392669 +.00002863 +00000-0 +19554-2 0  9993
2 34474 074.0828 072.0765 0244905 287.6265 069.8397 13.86778247142754
0 COSMOS 2251 DEB
1 34474U 93036TT  11347.33383959  .00002927  00000-0  19954-2 0  9992
2 34474 074.0829 070.3705 0245606 285.7121 071.7310 13.86785584142893
0 COSMOS 2251 DEB
1 34474U 93036TT  11348.34374517  .00002991  00000-0  20323-2 0  9997
2 34474 074.0855 068.6697 0247119 283.8270 073.5712 13.86793085143035
0 COSMOS 2251 DEB
1 34474U 93036TT  11349.28151051  .00003078  00000-0  20954-2 0  9994
2 34474 074.0856 067.0830 0246046 281.7795 075.6091 13.86800315143167
0 COSMOS 2251 DEB
1 34474U 93036TT  11349.64218481 +.00003077 +00000-0 +20914-2 0  9990
2 34474 074.0855 066.4739 0246893 281.2008 076.1413 13.86802492143217
0 COSMOS 2251 DEB
1 34474U 93036TT  11350.29140768  .00003084  00000-0  20954-2 0  9997
2 34474 074.0852 065.3769 0246932 279.9626 077.3726 13.86806631143308
0 COSMOS 2251 DEB
1 34474U 93036TT  11351.30130494  .00003082  00000-0  20935-2 0  9992
2 34474 074.0854 063.6719 0246974 278.0051 079.3097 13.86812822143441
0 COSMOS 2251 DEB
1 34474U 93036TT  11351.58984681 +.00003086 +00000-0 +20964-2 0  9993
2 34474 074.0860 063.1851 0247017 277.4485 079.8635 13.86814684143488
0 COSMOS 2251 DEB
1 34474U 93036TT  11352.31119904  .00003063  00000-0  20814-2 0  9992
2 34474 074.0851 061.9646 0246844 276.0313 081.2640 13.86818569143588
0 COSMOS 2251 DEB
1 34474U 93036TT  11353.24895622 +.00003063 +00000-0 +20814-2 0  9993
2 34474 074.0851 060.3809 0246833 274.2262 083.0694 13.86824357143719
0 COSMOS 2251 DEB
1 34474U 93036TT  11354.25884270  .00003000  00000-0  20395-2 0  9997
2 34474 074.0853 058.6738 0246629 272.2608 085.0041 13.86829123143856
0 COSMOS 2251 DEB
1 34474U 93036TT  11355.26873164  .00002990  00000-0  20320-2 0  9994
2 34474 074.0855 056.9690 0246679 270.2980 086.9854 13.86835006143996
0 COSMOS 2251 DEB
1 34474U 93036TT  11356.27861237  .00002859  00000-0  19433-2 0  9991
2 34474 074.0864 055.2634 0246695 268.1538 089.0811 13.86837918144137
0 COSMOS 2251 DEB
1 34474U 93036TT  11357.57704243  .00002702  00000-0  18351-2 0  9993
2 34474 074.0869 053.0678 0247451 265.9312 091.3177 13.86842142144318
0 COSMOS 2251 DEB
1 34474U 93036TT  11358.58692561  .00002657  00000-0  18034-2 0  9991
2 34474 074.0872 051.3618 0247827 263.9092 093.3697 13.86846781144454
0 COSMOS 2251 DEB
1 34474U 93036TT  11359.59680093  .00002610  00000-0  17711-2 0  9990
2 34474 074.0873 049.6561 0248007 261.9832 095.2979 13.86851273144594
0 COSMOS 2251 DEB
1 34474U 93036TT  11360.53454194 +.00002541 +00000-0 +17247-2 0  9994
2 34474 074.0868 048.0701 0247922 260.1450 097.1528 13.86855009144726
0 COSMOS 2251 DEB
1 34474U 93036TT  11361.18374561  .00002530  00000-0  17174-2 0  9992
2 34474 074.0867 046.9733 0247832 258.9024 098.4085 13.86858057144817
0 COSMOS 2251 DEB
1 34474U 93036TT  11362.48214739  .00002421  00000-0  16447-2 0  9997
2 34474 074.0863 044.7790 0247630 256.6546 100.6538 13.86862725144997
0 COSMOS 2251 DEB
1 34474U 93036TT  11363.49201925  .00002401  00000-0  16300-2 0  9998
2 34474 074.0859 043.0720 0247873 254.8309 102.5209 13.86867198145135
0 COSMOS 2251 DEB
1 34474U 93036TT  11364.50188266  .00002391  00000-0  16234-2 0  9997
2 34474 074.0855 041.3644 0247941 252.8449 104.5387 13.86871928145276
0 COSMOS 2251 DEB
1 34474U 93036TT  11365.51174257  .00002373  00000-0  16111-2 0  9998
2 34474 074.0855 039.6574 0247959 250.8785 106.5320 13.86876444145411
0 COSMOS 2251 DEB
1 34474U 93036TT  12001.52159982  .00002358  00000-0  16003-2 0  9998
2 34474 074.0850 037.9500 0248079 248.8636 108.5811 13.86880991145556
0 COSMOS 2251 DEB
1 34474U 93036TT  12002.67571899  .00002346  00000-0  15919-2 0  9992
2 34474 074.0854 036.0014 0248201 246.6967 110.7814 13.86886220145717
0 COSMOS 2251 DEB
1 34474U 93036TT  12003.46917522 +.00002334 +00000-0 +15834-2 0  9990
2 34474 074.0853 034.6590 0248269 245.1262 112.3867 13.86889670145825
0 COSMOS 2251 DEB
1 34474U 93036TT  12004.11836437  .00002323  00000-0  15762-2 0  9996
2 34474 074.0852 033.5621 0248197 243.8404 113.6964 13.86892468145911
0 COSMOS 2251 DEB
1 34474U 93036TT  12004.47902535 +.00002321 +00000-0 +15748-2 0  9990
2 34474 074.0853 032.9524 0248168 243.1741 114.3799 13.86894113145960
0 COSMOS 2251 DEB
1 34474U 93036TT  12005.12821307  .00002289  00000-0  15519-2 0  9999
2 34474 074.0855 031.8547 0248472 241.9248 115.6522 13.86896584146054
0 COSMOS 2251 DEB
1 34474U 93036TT  12005.48887308 +.00002280 +00000-0 +15457-2 0  9993
2 34474 074.0856 031.2455 0248571 241.2041 116.3922 13.86898103146108
0 COSMOS 2251 DEB
1 34474U 93036TT  12006.49871731  .00002268  00000-0  15371-2 0  9999
2 34474 074.0868 029.5431 0248646 239.2722 118.3669 13.86902580146241
0 COSMOS 2251 DEB
1 34474U 93036TT  12007.43643028 +.00002186 +00000-0 +14812-2 0  9998
2 34474 074.0864 027.9566 0248973 237.3588 120.3219 13.86905200146370
0 COSMOS 2251 DEB
1 34474U 93036TT  12008.15774666  .00002150  00000-0  14570-2 0  9993
2 34474 074.0855 026.7361 0248971 236.0104 121.6987 13.86907501146471
0 COSMOS 2251 DEB
1 34474U 93036TT  12008.44627555 +.00002099 +00000-0 +14232-2 0  9996
2 34474 074.0854 026.2483 0248753 235.5953 122.1286 13.86907894146512
0 COSMOS 2251 DEB
1 34474U 93036TT  12009.45611984  .00002049  00000-0  13903-2 0  9996
2 34474 074.0848 024.5408 0248545 234.0364 123.7311 13.86911032146652
0 COSMOS 2251 DEB
1 34474U 93036TT  12010.46596081  .00002014  00000-0  13663-2 0  9994
2 34474 074.0853 022.8348 0248696 232.0145 125.8231 13.86914509146795
0 COSMOS 2251 DEB
1 34474U 93036TT  12011.69219309  .00001929  00000-0  13092-2 0  9995
2 34474 074.0853 020.7634 0248735 229.5649 128.3411 13.86917639146968
0 COSMOS 2251 DEB
1 34474U 93036TT  12012.41350844 +.00001905 +00000-0 +12936-2 0  9996
2 34474 074.0852 019.5447 0248560 228.0912 129.8783 13.86919826147068
0 COSMOS 2251 DEB
1 34474U 93036TT  12013.42334088  .00001809  00000-0  12303-2 0  9991
2 34474 074.0844 017.8358 0248168 226.1075 131.8985 13.86921683147201
0 COSMOS 2251 DEB
1 34474U 93036TT  12014.43318058  .00001752  00000-0  11905-2 0  9996
2 34474 074.0847 016.1295 0248616 224.1199 133.9838 13.86924289147349
0 COSMOS 2251 DEB
1 34474U 93036TT  12015.37088063  .00001614  00000-0  10974-2 0  9992
2 34474 074.0844 014.5441 0248981 222.3072 135.8256 13.86924808147472
0 COSMOS 2251 DEB
1 34474U 93036TT  12015.44301867 +.00001615 +00000-0 +10979-2 0  9996
2 34474 074.0857 014.4252 0249099 222.1326 136.0434 13.86925125147481
0 COSMOS 2251 DEB
1 34474U 93036TT  12016.38071798  .00001485  00000-0  10112-2 0  9991
2 34474 074.0843 012.8378 0248700 220.3507 137.8478 13.86925419147614
0 COSMOS 2251 DEB
1 34474U 93036TT  12017.39055773  .00001397  00000-0  95452-3 0  9991
2 34474 074.0845 011.1316 0247652 218.5000 139.7810 13.86926609147750
0 COSMOS 2251 DEB
1 34474U 93036TT  12018.40039635  .00001316  00000-0  89993-3 0  9997
2 34474 074.0842 009.4257 0247463 216.6590 141.7063 13.86927648147896
0 COSMOS 2251 DEB
1 34474U 93036TT  12019.41023201  .00001228  00000-0  84078-3 0  9992
2 34474 074.0841 007.7201 0247617 214.8178 143.6306 13.86928687148030
0 COSMOS 2251 DEB
1 34474U 93036TT  12020.34793691 +.00001147 +00000-0 +78650-3 0  9992
2 34474 074.0833 006.1339 0247446 213.0146 145.5154 13.86929398148168
0 COSMOS 2251 DEB
1 34474U 93036TT  12021.35776967 +.00001073 +00000-0 +73736-3 0  9999
2 34474 074.0838 004.4270 0247087 211.1141 147.4925 13.86930373148301
0 COSMOS 2251 DEB
1 34474U 93036TT  12022.94465069 +.00001000 +00000-0 +68728-3 0  9998
2 34474 074.0841 001.7455 0247963 208.0006 150.7638 13.86932413148527
0 COSMOS 2251 DEB
1 34474U 93036TT  12023.37743357  .00000956  00000-0  65710-3 0  9992
2 34474 074.0839 001.0133 0248024 207.1935 151.5945 13.86932496148587
0 COSMOS 2251 DEB
1 34474U 93036TT  12023.95448007 +.00000918 +00000-0 +63208-3 0  9998
2 34474 074.0840 000.0386 0248015 206.0697 152.7691 13.86932980148669
0 COSMOS 2251 DEB
1 34474U 93036TT  12024.38726525  .00000893  00000-0  61556-3 0  9996
2 34474 074.0853 359.3076 0247746 205.2489 153.6293 13.86933440148726
0 COSMOS 2251 DEB
1 34474U 93036TT  12024.96431134 +.00000886 +00000-0 +61030-3 0  9998
2 34474 074.0851 358.3318 0247817 204.1258 154.8100 13.86934363148807
0 COSMOS 2251 DEB
1 34474U 93036TT  12025.97413883  .00000873  00000-0  60199-3 0  9992
2 34474 074.0843 356.6257 0247757 202.1806 156.8438 13.86935979148946
0 COSMOS 2251 DEB
1 34474U 93036TT  12026.91183521 +.00000873 +00000-0 +60191-3 0  9992
2 34474 074.0839 355.0407 0247772 200.3700 158.7419 13.86937669149074
0 COSMOS 2251 DEB
1 34474U 93036TT  12027.92166055  .00000869  00000-0  59914-3 0  9993
2 34474 074.0843 353.3344 0247597 198.4232 160.7781 13.86939418149217
0 COSMOS 2251 DEB
1 34474U 93036TT  12027.92166055 +.00000869 +00000-0 +59914-3 0  9993
2 34474 074.0843 353.3344 0247597 198.4232 160.7781 13.86939418149217
0 COSMOS 2251 DEB
1 34474U 93036TT  12028.93148506  .00000868  00000-0  59856-3 0  9990
2 34474 074.0843 351.6278 0247666 196.4482 162.8495 13.86941235149356
0 COSMOS 2251 DEB
1 34474U 93036TT  12028.93148506 +.00000868 +00000-0 +59856-3 0  9990
2 34474 074.0843 351.6278 0247666 196.4482 162.8495 13.86941235149356
0 COSMOS 2251 DEB
1 34474U 93036TT  12029.94130863  .00000861  00000-0  59373-3 0  9996
2 34474 074.0846 349.9206 0247655 194.4511 164.9399 13.86942837149499
0 COSMOS 2251 DEB
1 34474U 93036TT  12030.30196060 +.00000862 +00000-0 +59456-3 0  9992
2 34474 074.0843 349.3113 0247652 193.7596 165.6705 13.86943491149541
0 COSMOS 2251 DEB
1 34474U 93036TT  12030.95113189  .00000860  00000-0  59270-3 0  9996
2 34474 074.0843 348.2137 0247669 192.5053 166.9846 13.86944560149636
0 COSMOS 2251 DEB
1 34474U 93036TT  12031.88882342 +.00000865 +00000-0 +59597-3 0  9990
2 34474 074.0841 346.6286 0247604 190.6963 168.8844 13.86946278149760
0 COSMOS 2251 DEB
1 34474U 93036TT  12032.32160363  .00000863  00000-0  59460-3 0  9999
2 34474 074.0845 345.8975 0247548 189.8724 169.7482 13.86947012149824
0 COSMOS 2251 DEB
1 34474U 93036TT  12032.89864380 +.00000853 +00000-0 +58851-3 0  9993
2 34474 074.0843 344.9219 0247524 188.7396 170.9319 13.86947753149904
0 COSMOS 2251 DEB
1 34474U 93036TT  12033.90846428  .00000733  00000-0  50741-3 0  9996
2 34474 074.0848 343.2130 0247545 186.7419 173.0201 13.86947828150044
0 COSMOS 2251 DEB
1 34474U 93036TT  12033.90846428 +.00000733 +00000-0 +50741-3 0  9996
2 34474 074.0848 343.2130 0247545 186.7419 173.0201 13.86947828150044
0 COSMOS 2251 DEB
1 34474U 93036TT  12034.91828675  .00000826  00000-0  56972-3 0  9997
2 34474 074.0845 341.5086 0247589 184.8271 175.0577 13.86950631150184
0 COSMOS 2251 DEB
1 34474U 93036TT  12035.27893372 +.00000816 +00000-0 +56340-3 0  9991
2 34474 074.0841 340.8990 0247216 184.1880 175.7121 13.86951002150233
0 COSMOS 2251 DEB
1 34474U 93036TT  12036.28875190  .00000779  00000-0  53880-3 0  9995
2 34474 074.0838 339.1928 0247094 182.2985 177.6911 13.86951888150375
0 COSMOS 2251 DEB
1 34474U 93036TT  12037.22644092 +.00000750 +00000-0 +51946-3 0  9995
2 34474 074.0835 337.6070 0247123 180.4771 179.6087 13.86952810150506
0 COSMOS 2251 DEB
1 34474U 93036TT  12038.23625808  .00000624  00000-0  43515-3 0  9994
2 34474 074.0846 335.9001 0246559 178.4486 181.7185 13.86952484150640
0 COSMOS 2251 DEB
1 34474U 93036TT  12038.81330151 +.00000711 +00000-0 +49322-3 0  9991
2 34474 074.0839 334.9249 0246545 177.3243 182.9355 13.86954369150724
0 COSMOS 2251 DEB
1 34474U 93036TT  12039.24607764  .00000706  00000-0  49027-3 0  9992
2 34474 074.0838 334.1940 0246547 176.4899 183.8022 13.86954915150786
0 COSMOS 2251 DEB
1 34474U 93036TT  12039.82311465 +.00000689 +00000-0 +47806-3 0  9999
2 34474 074.0839 333.2191 0246894 175.4022 184.9474 13.86955465150860
0 COSMOS 2251 DEB
1 34474U 93036TT  12040.25589181  .00000671  00000-0  46648-3 0  9994
2 34474 074.0841 332.4878 0246850 174.5589 185.8257 13.86955738150925
0 COSMOS 2251 DEB
1 34474U 93036TT  12041.19357692 +.00000655 +00000-0 +45538-3 0  9997
2 34474 074.0845 330.9038 0246660 172.7443 187.7321 13.86956789151053
0 COSMOS 2251 DEB
1 34474U 93036TT  12042.20339041  .00000647  00000-0  45048-3 0  9995
2 34474 074.0852 329.1982 0246539 170.7905 189.7844 13.86958055151190
0 COSMOS 2251 DEB
1 34474U 93036TT  12042.78042631 +.00000642 +00000-0 +44686-3 0  9996
2 34474 074.0852 328.2229 0246504 169.6594 190.9706 13.86958689151270
0 COSMOS 2251 DEB
1 34474U 93036TT  12043.21320332  .00000642  00000-0  44653-3 0  9996
2 34474 074.0848 327.4916 0246467 168.8248 191.8494 13.86959246151335
0 COSMOS 2251 DEB
1 34474U 93036TT  12044.22301396  .00000649  00000-0  45153-3 0  9990
2 34474 074.0846 325.7851 0246468 166.8665 193.9077 13.86960783151477
0 COSMOS 2251 DEB
1 34474U 93036TT  12045.16069331 +.00000660 +00000-0 +45862-3 0  9994
2 34474 074.0849 324.2010 0246490 165.0363 195.8252 13.86962256151600
0 COSMOS 2251 DEB
1 34474U 93036TT  12046.74753360  .00000662  00000-0  46044-3 0  9996
2 34474 074.0850 321.5196 0246474 161.9818 199.0253 13.86964476151826
0 COSMOS 2251 DEB
1 34474U 93036TT  12047.18030762 +.00000678 +00000-0 +47112-3 0  9993
2 34474 074.0846 320.7882 0246274 161.1264 199.9237 13.86965418151883
0 COSMOS 2251 DEB
1 34474U 93036TT  12048.19011205  .00000689  00000-0  47827-3 0  9991
2 34474 074.0837 319.0815 0246036 159.1711 201.9694 13.86967073152027
0 COSMOS 2251 DEB
1 34474U 93036TT  12049.77694312  .00000732  00000-0  50712-3 0  9998
2 34474 074.0839 316.4001 0246082 156.0832 205.2001 13.86970281152246
0 COSMOS 2251 DEB
1 34474U 93036TT  12050.71461348 +.00000758 +00000-0 +52470-3 0  9996
2 34474 074.0844 314.8155 0246309 154.2886 207.0764 13.86972248152370
0 COSMOS 2251 DEB
1 34474U 93036TT  12050.78674143  .00000759  00000-0  52565-3 0  9998
2 34474 074.0846 314.6933 0246287 154.1477 207.2209 13.86972398152387
0 COSMOS 2251 DEB
1 34474U 93036TT  12051.72441200 +.00000772 +00000-0 +53382-3 0  9992
2 34474 074.0843 313.1090 0246267 152.3332 209.1175 13.86974072152519
0 COSMOS 2251 DEB
1 34474U 93036TT  12052.15718219  .00000779  00000-0  53874-3 0  9990
2 34474 074.0833 312.3766 0246285 151.4878 210.0006 13.86974895152577
0 COSMOS 2251 DEB
1 34474U 93036TT  12052.80633698 +.00000811 +00000-0 +55984-3 0  9990
2 34474 074.0827 311.2783 0246580 150.1853 211.3675 13.86976581152664
0 COSMOS 2251 DEB
1 34474U 93036TT  12053.16697664  .00000832  00000-0  57348-3 0  9992
2 34474 074.0831 310.6688 0246818 149.4809 212.1012 13.86977606152711
0 COSMOS 2251 DEB
1 34474U 93036TT  12053.81612920 +.00000832 +00000-0 +57348-3 0  9996
2 34474 074.0831 309.5720 0246816 148.2313 213.3981 13.86978713152808
0 COSMOS 2251 DEB
1 34474U 93036TT  12054.68166477  .00000854  00000-0  58816-3 0  9998
2 34474 074.0836 308.1101 0247032 146.5503 215.1509 13.86980730152925
0 COSMOS 2251 DEB
1 34474U 93036TT  12055.69145308  .00000940  00000-0  64556-3 0  9994
2 34474 074.0838 306.4031 0247228 144.5733 217.2114 13.86984056153066
0 COSMOS 2251 DEB
1 34474U 93036TT  12056.70124155  .00000959  00000-0  65863-3 0  9996
2 34474 074.0842 304.6973 0247076 142.6022 219.2598 13.86986321153208
0 COSMOS 2251 DEB
1 34474U 93036TT  12057.71102776  .00000978  00000-0  67131-3 0  9994
2 34474 074.0839 302.9908 0246915 140.6470 221.2914 13.86988653153349
0 COSMOS 2251 DEB
1 34474U 93036TT  12058.72081146  .00000989  00000-0  67869-3 0  9993
2 34474 074.0839 301.2849 0246948 138.6947 223.3161 13.86990888153482
0 COSMOS 2251 DEB
1 34474U 93036TT  12059.73059310  .00001003  00000-0  68821-3 0  9990
2 34474 074.0839 299.5787 0247016 136.7625 225.3215 13.86993255153620
0 COSMOS 2251 DEB
1 34474U 93036TT  12060.66824467 +.00001039 +00000-0 +71241-3 0  9996
2 34474 074.0836 297.9936 0246979 134.9437 227.2039 13.86995797153755
0 COSMOS 2251 DEB
1 34474U 93036TT  12061.10100644  .00001048  00000-0  71780-3 0  9998
2 34474 074.0835 297.2619 0247080 134.1114 228.0668 13.86996894153816
0 COSMOS 2251 DEB
1 34474U 93036TT  12061.67802141 +.00001063 +00000-0 +72880-3 0  9990
2 34474 074.0834 296.2872 0246791 132.9880 229.2261 13.86998424153890
0 COSMOS 2251 DEB
1 34474U 93036TT  12062.68779483 +.00001087 +00000-0 +74438-3 0  9991
2 34474 074.0832 294.5805 0246917 131.0541 231.2245 13.87001147154039
0 COSMOS 2251 DEB
1 34474U 93036TT  12063.69756658 +.00001111 +00000-0 +76023-3 0  9992
2 34474 074.0834 292.8742 0246859 129.1300 233.2111 13.87003855154175
0 COSMOS 2251 DEB
1 34474U 93036TT  12064.70733448 +.00001165 +00000-0 +79661-3 0  9997
2 34474 074.0833 291.1674 0246878 127.1167 235.2802 13.87007059154315
0 COSMOS 2251 DEB
1 34474U 93036TT  12065.64497509 +.00001186 +00000-0 +81060-3 0  9995
2 34474 074.0827 289.5818 0246863 125.3021 237.1505 13.87009708154440
0 COSMOS 2251 DEB
1 34474U 93036TT  12065.78922660  .00001189  00000-0  81270-3 0  9997
2 34474 074.0827 289.3381 0246972 125.0281 237.4304 13.87010129154460
0 COSMOS 2251 DEB
1 34474U 93036TT  12066.65473904 +.00001198 +00000-0 +81888-3 0  9991
2 34474 074.0827 287.8758 0246957 123.3619 239.1446 13.87012436154582
0 COSMOS 2251 DEB
1 34474U 93036TT  12066.79899024  .00001226  00000-0  83674-3 0  9998
2 34474 074.0832 287.6324 0247415 123.1671 239.3573 13.87013357154600
0 COSMOS 2251 DEB
1 34474U 93036TT  12067.66449803 +.00001265 +00000-0 +86274-3 0  9993
2 34474 074.0830 286.1692 0247212 121.4589 241.1037 13.87016223154728
0 COSMOS 2251 DEB
1 34474U 93036TT  12068.02512501  .00001287  00000-0  87691-3 0  9998
2 34474 074.0831 285.5602 0247731 120.8118 241.7730 13.87017617154779
0 COSMOS 2251 DEB
1 34474U 93036TT  12068.67425365 +.00001303 +00000-0 +88770-3 0  9998
2 34474 074.0829 284.4628 0247550 119.5380 243.0720 13.87019645154864
0 COSMOS 2251 DEB
1 34474U 93036TT  12069.61188327  .00001322  00000-0  90092-3 0  9998
2 34474 074.0830 282.8787 0247514 117.6760 244.9725 13.87022478154992
0 COSMOS 2251 DEB
1 34474U 93036TT  12070.69375867  .00001381  00000-0  94128-3 0  9994
2 34474 074.0828 281.0507 0247043 115.5071 247.1835 13.87026604155149
0 COSMOS 2251 DEB
1 34474U 93036TT  12070.98225869  .00001450  00000-0  98628-3 0  9998
2 34474 074.0824 280.5627 0247480 115.1081 247.6228 13.87028800155189
0 COSMOS 2251 DEB
1 34474U 93036TT  12071.99200085  .00001466  00000-0  99690-3 0  9990
2 34474 074.0824 278.8570 0247614 113.2262 249.5239 13.87032146155322
0 COSMOS 2251 DEB
1 34474U 93036TT  12072.64112097 +.00001481 +00000-0 +10060-2 0  9998
2 34474 074.0817 277.7584 0247883 112.0299 250.7441 13.87034395155419
0 COSMOS 2251 DEB
1 34474U 93036TT  12073.65086105  .00001581  00000-0  10759-2 0  9996
2 34474 074.0815 276.0495 0246682 109.8018 253.0188 13.87039826155552
0 COSMOS 2251 DEB
1 34474U 93036TT  12074.66059280  .00001609  00000-0  10945-2 0  9990
2 34474 074.0820 274.3434 0246651 107.7386 255.0825 13.87043602155695
0 COSMOS 2251 DEB
1 34474U 93036TT  12075.59819840  .00001703  00000-0  11579-2 0  9998
2 34474 074.0812 272.7571 0246320 105.9515 256.9034 13.87048712155821
0 COSMOS 2251 DEB
1 34474U 93036TT  12076.60792217  .00001768  00000-0  12010-2 0  9991
2 34474 074.0806 271.0504 0246695 104.1478 258.7223 13.87053412155964
0 COSMOS 2251 DEB
1 34474U 93036TT  12077.61764709  .00001787  00000-0  12137-2 0  9999
2 34474 074.0809 269.3437 0246684 102.1520 260.7370 13.87057450156105
0 COSMOS 2251 DEB
1 34474U 93036TT  12077.68976995 +.00001832 +00000-0 +12431-2 0  9996
2 34474 074.0811 269.2222 0246827 102.0812 260.8168 13.87058403156117
0 COSMOS 2251 DEB
1 34474U 93036TT  12079.56496305  .00001866  00000-0  12660-2 0  9998
2 34474 074.0810 266.0535 0246849 098.3758 264.5457 13.87065990156377
0 COSMOS 2251 DEB
1 34474U 93036TT  12080.64679789  .00001890  00000-0  12817-2 0  9999
2 34474 074.0804 264.2253 0246933 096.3349 266.5942 13.87070528156526
0 COSMOS 2251 DEB
1 34474U 93036TT  12081.65650936  .00001890  00000-0  12817-2 0  9994
2 34474 074.0802 262.5173 0246948 094.3499 268.5851 13.87074317156662
0 COSMOS 2251 DEB
1 34474U 93036TT  12082.66621734  .00001880  00000-0  12748-2 0  9992
2 34474 074.0809 260.8114 0247040 092.4072 270.5275 13.87077898156801
0 COSMOS 2251 DEB
1 34474U 93036TT  12083.67592346  .00001854  00000-0  12574-2 0  9998
2 34474 074.0807 259.1042 0247003 090.3895 272.5397 13.87081076156944
0 COSMOS 2251 DEB
1 34474U 93036TT  12084.61350664 +.00001810 +00000-0 +12272-2 0  9995
2 34474 074.0807 257.5180 0247050 088.5417 274.3867 13.87083676157075
0 COSMOS 2251 DEB
1 34474U 93036TT  12084.90199488  .00001801  00000-0  12212-2 0  9996
2 34474 074.0809 257.0300 0247054 087.9319 275.0033 13.87084576157112
0 COSMOS 2251 DEB
1 34474U 93036TT  12085.91169365  .00001774  00000-0  12034-2 0  9990
2 34474 074.0810 255.3246 0246970 085.9728 276.9526 13.87087765157257
0 COSMOS 2251 DEB
1 34474U 93036TT  12086.84926894 +.00001738 +00000-0 +11795-2 0  9994
2 34474 074.0802 253.7390 0246937 084.1557 278.7558 13.87090387157387
0 COSMOS 2251 DEB
1 34474U 93036TT  12087.49835934  .00001729  00000-0  11734-2 0  9993
2 34474 074.0802 252.6415 0246913 082.8918 280.0169 13.87092449157478
0 COSMOS 2251 DEB
1 34474U 93036TT  12088.65229696  .00001618  00000-0  10994-2 0  9998
2 34474 074.0801 250.6902 0246749 080.6849 282.1951 13.87094025157634
0 COSMOS 2251 DEB
1 34474U 93036TT  12089.58986881 +.00001556 +00000-0 +10574-2 0  9992
2 34474 074.0803 249.1056 0247010 079.0527 283.8236 13.87096041157764
0 COSMOS 2251 DEB
1 34474U 93036TT  12090.45531574  .00001556  00000-0  10572-2 0  9993
2 34474 074.0803 247.6428 0247002 077.3915 285.4711 13.87098769157881
0 COSMOS 2251 DEB
1 34474U 93036TT  12090.59955650 +.00001550 +00000-0 +10533-2 0  9994
2 34474 074.0802 247.3990 0247010 077.1171 285.7399 13.87099083157900
0 COSMOS 2251 DEB
1 34474U 93036TT  12091.82560143  .00001485  00000-0  10098-2 0  9993
2 34474 074.0802 245.3245 0246882 074.5354 288.2708 13.87101824158079
0 COSMOS 2251 DEB
1 34474U 93036TT  12092.61892620 +.00001477 +00000-0 +10048-2 0  9995
2 34474 074.0798 243.9838 0246815 073.0143 289.7854 13.87104050158185
0 COSMOS 2251 DEB
1 34474U 93036TT  12093.48436597  .00001473  00000-0  10019-2 0  9992
2 34474 074.0802 242.5215 0246834 071.3752 291.3999 13.87106581158307
0 COSMOS 2251 DEB
1 34474U 93036TT  12093.48436608 +.00001472 +00000-0 +10009-2 0  9993
2 34474 074.0802 242.5216 0246828 071.3809 291.3943 13.87106547158305
0 COSMOS 2251 DEB
1 34474U 93036TT  12094.49404297  .00001462  00000-0  99406-3 0  9992
2 34474 074.0801 240.8148 0246814 069.4689 293.2724 13.87109375158443
0 COSMOS 2251 DEB
1 34474U 93036TT  12094.56616286 +.00001459 +00000-0 +99208-3 0  9999
2 34474 074.0801 240.6931 0246797 069.3285 293.4099 13.87109516158457
0 COSMOS 2251 DEB
1 34474U 93036TT  12095.57583730  .00001446  00000-0  98400-3 0  9997
2 34474 074.0795 238.9847 0246764 067.3813 295.3200 13.87112273158598
0 COSMOS 2251 DEB
1 34474U 93036TT  12096.58550927  .00001436  00000-0  97677-3 0  9995
2 34474 074.0795 237.2765 0246748 065.3900 297.2700 13.87115039158731
0 COSMOS 2251 DEB
1 34474U 93036TT  12096.58550927 +.00001436 +00000-0 +97677-3 0  9995
2 34474 074.0795 237.2765 0246748 065.3900 297.2700 13.87115039158731
0 COSMOS 2251 DEB
1 34474U 93036TT  12097.45094014 +.00001435 +00000-0 +97634-3 0  9994
2 34474 074.0795 235.8135 0246744 063.7311 298.8939 13.87117549158852
0 COSMOS 2251 DEB
1 34474U 93036TT  12098.38848781  .00001441  00000-0  98017-3 0  9998
2 34474 074.0795 234.2286 0246715 061.9381 300.6473 13.87120386158989
0 COSMOS 2251 DEB
1 34474U 93036TT  12098.74908204 +.00001429 +00000-0 +97241-3 0  9999
2 34474 074.0797 233.6196 0246697 061.2098 301.3506 13.87121171159036
0 COSMOS 2251 DEB
1 34474U 93036TT  12099.39815266  .00001425  00000-0  96985-3 0  9996
2 34474 074.0798 232.5225 0246716 059.9825 302.5515 13.87122961159123
0 COSMOS 2251 DEB
1 34474U 93036TT  12099.75874673 +.00001407 +00000-0 +95782-3 0  9997
2 34474 074.0793 231.9120 0246655 059.1907 303.3160 13.87123571159178
0 COSMOS 2251 DEB
1 34474U 93036TT  12100.40781642  .00001400  00000-0  95279-3 0  9999
2 34474 074.0794 230.8140 0246687 057.9876 304.4936 13.87125251159265
0 COSMOS 2251 DEB
1 34474U 93036TT  12100.55205416 +.00001390 +00000-0 +94626-3 0  9998
2 34474 074.0796 230.5707 0246616 057.6919 304.7796 13.87125431159289
0 COSMOS 2251 DEB
1 34474U 93036TT  12101.41747720  .00001383  00000-0  94145-3 0  9991
2 34474 074.0798 229.1078 0246558 056.0553 306.3742 13.87127743159409
0 COSMOS 2251 DEB
1 34474U 93036TT  12101.41747730 +.00001381 +00000-0 +94052-3 0  9997
2 34474 074.0800 229.1080 0246555 056.0455 306.3834 13.87127716159406
0 COSMOS 2251 DEB
1 34474U 93036TT  12102.49925342  .00001354  00000-0  92256-3 0  9997
2 34474 074.0796 227.2804 0246396 054.0043 308.3605 13.87130117159550
0 COSMOS 2251 DEB
1 34474U 93036TT  12103.50890992  .00001303  00000-0  88903-3 0  9990
2 34474 074.0797 225.5738 0246164 052.0179 310.2768 13.87131742159691
0 COSMOS 2251 DEB
1 34474U 93036TT  12104.73492034  .00001198  00000-0  81777-3 0  9995
2 34474 074.0802 223.5000 0246606 049.5296 312.6693 13.87132894159861
0 COSMOS 2251 DEB
1 34474U 93036TT  12105.38399012 +.00001181 +00000-0 +80615-3 0  9991
2 34474 074.0802 222.4028 0246558 048.3162 313.8752 13.87134083159955
0 COSMOS 2251 DEB
1 34474U 93036TT  12105.74458043  .00001169  00000-0  79861-3 0  9998
2 34474 074.0802 221.7934 0246415 047.6535 314.5173 13.87134751160006
0 COSMOS 2251 DEB
1 34474U 93036TT  12106.68211269 +.00001138 +00000-0 +77786-3 0  9999
2 34474 074.0796 220.2080 0246315 045.7885 316.3101 13.87136333160133
0 COSMOS 2251 DEB
1 34474U 93036TT  12107.33117433  .00001125  00000-0  76919-3 0  9993
2 34474 074.0799 219.1112 0246176 044.5434 317.5169 13.87137580160223
0 COSMOS 2251 DEB
1 34474U 93036TT  12107.69176333 +.00001083 +00000-0 +74144-3 0  9997
2 34474 074.0797 218.5010 0246085 043.8453 318.1820 13.87137599160279
0 COSMOS 2251 DEB
1 34474U 93036TT  12108.34082444  .00001072  00000-0  73407-3 0  9998
2 34474 074.0799 217.4041 0246017 042.6480 319.3414 13.87138759160366
0 COSMOS 2251 DEB
1 34474U 93036TT  12108.70141342 +.00001028 +00000-0 +70521-3 0  9996
2 34474 074.0798 216.7946 0245747 042.0520 319.9120 13.87138750160416
0 COSMOS 2251 DEB
1 34474U 93036TT  12109.35047303  .00001020  00000-0  69955-3 0  9991
2 34474 074.0799 215.6976 0245708 040.8200 321.1012 13.87139912160502
0 COSMOS 2251 DEB
1 34474U 93036TT  12110.28800121 +.00000980 +00000-0 +67341-3 0  9991
2 34474 074.0801 214.1119 0245281 039.1293 322.7273 13.87141184160632
0 COSMOS 2251 DEB
1 34474U 93036TT  12111.29764524  .00000980  00000-0  67341-3 0  9999
2 34474 074.0801 212.4053 0245278 037.1856 324.5977 13.87143206160772
0 COSMOS 2251 DEB
1 34474U 93036TT  12111.65823185 +.00000948 +00000-0 +65244-3 0  9992
2 34474 074.0796 211.7949 0244989 036.5069 325.2417 13.87143244160823
0 COSMOS 2251 DEB
1 34474U 93036TT  12112.30728875  .00000942  00000-0  64821-3 0  9999
2 34474 074.0795 210.6977 0245096 035.1255 326.5738 13.87144408160916
0 COSMOS 2251 DEB
1 34474U 93036TT  12112.66787528 +.00000915 +00000-0 +62986-3 0  9998
2 34474 074.0795 210.0881 0245054 034.4017 327.2662 13.87144644160967
0 COSMOS 2251 DEB
1 34474U 93036TT  12113.31693083  .00000917  00000-0  63169-3 0  9999
2 34474 074.0795 208.9908 0245091 033.1326 328.4891 13.87145933161053
0 COSMOS 2251 DEB
1 34474U 93036TT  12114.32656989  .00000911  00000-0  62744-3 0  9997
2 34474 074.0796 207.2844 0245110 031.1850 330.3545 13.87147735161192
0 COSMOS 2251 DEB
1 34474U 93036TT  12115.33620767 +.00000917 +00000-0 +63141-3 0  9992
2 34474 074.0797 205.5777 0245101 029.2504 332.2126 13.87149803161333
0 COSMOS 2251 DEB
1 34474U 93036TT  12115.33620777  .00000909  00000-0  62602-3 0  9995
2 34474 074.0795 205.5776 0245095 029.2299 332.2292 13.87149600161332
0 COSMOS 2251 DEB
1 34474U 93036TT  12116.63430777  .00000951  00000-0  65413-3 0  9998
2 34474 074.0802 203.3835 0244947 026.7796 334.5783 13.87153036161510
0 COSMOS 2251 DEB
1 34474U 93036TT  12117.35547326 +.00000958 +00000-0 +65911-3 0  9997
2 34474 074.0802 202.1647 0244939 025.3864 335.9074 13.87154599161614
0 COSMOS 2251 DEB
1 34474U 93036TT  12118.29298828  .00000961  00000-0  66135-3 0  9994
2 34474 074.0801 200.5805 0244961 023.5659 337.6479 13.87156525161741
0 COSMOS 2251 DEB
1 34474U 93036TT  12119.30261816  .00000968  00000-0  66569-3 0  9992
2 34474 074.0801 198.8738 0244956 021.6174 339.5103 13.87158652161883
0 COSMOS 2251 DEB
1 34474U 93036TT  12120.31224609  .00000987  00000-0  67904-3 0  9999
2 34474 074.0808 197.1668 0244876 019.6869 341.3601 13.87161135162024
0 COSMOS 2251 DEB
1 34474U 93036TT  12121.61032980  .00001141  00000-0  78300-3 0  9997
2 34474 074.0802 194.9719 0244454 017.0973 343.8795 13.87167601162205
0 COSMOS 2251 DEB
1 34474U 93036TT  12122.25936051 +.00001152 +00000-0 +78991-3 0  9998
2 34474 074.0803 193.8749 0244532 015.8086 345.0558 13.87169400162294
0 COSMOS 2251 DEB
1 34474U 93036TT  12123.19686365  .00001196  00000-0  82002-3 0  9998
2 34474 074.0803 192.2896 0244525 013.9117 346.8777 13.87172609162428
0 COSMOS 2251 DEB
1 34474U 93036TT  12125.28820810  .00001233  00000-0  84403-3 0  9994
2 34474 074.0814 188.7559 0244806 009.8420 350.7408 13.87178393162712
0 COSMOS 2251 DEB
1 34474U 93036TT  12126.58628147  .00001231  00000-0  84363-3 0  9990
2 34474 074.0819 186.5632 0244573 007.3116 353.1370 13.87181342162893
0 COSMOS 2251 DEB
1 34474U 93036TT  12127.59589466  .00001214  00000-0  83194-3 0  9994
2 34474 074.0815 184.8539 0244596 005.2486 355.1142 13.87183539163034
0 COSMOS 2251 DEB
1 34474U 93036TT  12128.53338981 +.00001175 +00000-0 +80640-3 0  9992
2 34474 074.0823 183.2701 0244219 003.4357 356.8340 13.87185019163163
0 COSMOS 2251 DEB
1 34474U 93036TT  12129.25453930  .00001155  00000-0  79288-3 0  9998
2 34474 074.0823 182.0508 0243960 002.0811 358.1211 13.87186281163262
0 COSMOS 2251 DEB
1 34474U 93036TT  12130.19203291 +.00001131 +00000-0 +77718-3 0  9996
2 34474 074.0827 180.4668 0243667 000.3050 359.8111 13.87187959163399
0 COSMOS 2251 DEB
1 34474U 93036TT  12131.20164027  .00001108  00000-0  76146-3 0  9990
2 34474 074.0830 178.7605 0244166 358.3556 001.6640 13.87189861163535
0 COSMOS 2251 DEB
1 34474U 93036TT  12132.21124687  .00001055  00000-0  72650-3 0  9997
2 34474 074.0832 177.0543 0243769 356.3380 003.5886 13.87191145163677
0 COSMOS 2251 DEB
1 34474U 93036TT  12133.22085199  .00001020  00000-0  70309-3 0  9994
2 34474 074.0829 175.3469 0243643 354.3777 005.4552 13.87192640163818
0 COSMOS 2251 DEB
1 34474U 93036TT  12134.23045618  .00001004  00000-0  69166-3 0  9999
2 34474 074.0830 173.6407 0244100 352.4495 007.2920 13.87194514163954
0 COSMOS 2251 DEB
1 34474U 93036TT  12135.45640200  .00001000  00000-0  68919-3 0  9993
2 34474 074.0837 171.5697 0243980 350.0929 009.5443 13.87197015164124
0 COSMOS 2251 DEB
1 34474U 93036TT  12136.17754462 +.00000996 +00000-0 +68663-3 0  9998
2 34474 074.0840 170.3519 0243883 348.6823 010.8899 13.87198495164220
0 COSMOS 2251 DEB
1 34474U 93036TT  12137.18714299  .00001024  00000-0  70548-3 0  9992
2 34474 074.0862 168.6482 0243511 346.7099 012.7818 13.87201232164366
0 COSMOS 2251 DEB
1 34474U 93036TT  12137.47559675 +.00001045 +00000-0 +71991-3 0  9995
2 34474 074.0854 168.1588 0243440 346.1771 013.2834 13.87202243164403
0 COSMOS 2251 DEB
1 34474U 93036TT  12138.48518928  .00001074  00000-0  73919-3 0  9997
2 34474 074.0842 166.4497 0243600 344.2125 015.1500 13.87205036164549
0 COSMOS 2251 DEB
1 34474U 93036TT  12139.49478364  .00001133  00000-0  77864-3 0  9997
2 34474 074.0836 164.7417 0243719 342.1794 017.1147 13.87208557164680
0 COSMOS 2251 DEB
1 34474U 93036TT  12140.43225665 +.00001144 +00000-0 +78632-3 0  9993
2 34474 074.0830 163.1568 0243892 340.3770 018.8088 13.87210909164811
0 COSMOS 2251 DEB
1 34474U 93036TT  12141.15339286  .00001157  00000-0  79418-3 0  9995
2 34474 074.0831 161.9381 0244119 338.9860 020.1398 13.87212883164911
0 COSMOS 2251 DEB
1 34474U 93036TT  12142.45143303  .00001254  00000-0  85848-3 0  9994
2 34474 074.0825 159.7428 0244988 336.5206 022.4957 13.87217811165095
0 COSMOS 2251 DEB
1 34474U 93036TT  12143.38889636  .00001358  00000-0  92816-3 0  9991
2 34474 074.0836 158.1592 0244812 334.5597 024.3673 13.87222477165224
0 COSMOS 2251 DEB
1 34474U 93036TT  12144.47059114  .00001370  00000-0  93618-3 0  9997
2 34474 074.0829 156.3296 0244784 332.5081 026.3311 13.87225748165372
0 COSMOS 2251 DEB
1 34474U 93036TT  12145.40805722 +.00001414 +00000-0 +96550-3 0  9992
2 34474 074.0834 154.7457 0244855 330.6746 028.0899 13.87229207165504
0 COSMOS 2251 DEB
1 34474U 93036TT  12146.12918307  .00001455  00000-0  99289-3 0  9993
2 34474 074.0833 153.5261 0245144 329.3044 029.4095 13.87232307165600
0 COSMOS 2251 DEB
1 34474U 93036TT  12147.13875584  .00001516  00000-0  10343-2 0  9995
2 34474 074.0837 151.8201 0244876 327.2978 031.3403 13.87236563165741
0 COSMOS 2251 DEB
1 34474U 93036TT  12147.42720116 +.00001543 +00000-0 +10541-2 0  9997
2 34474 074.0827 151.3311 0244008 326.7281 031.8828 13.87237976165784
0 COSMOS 2251 DEB
1 34474U 93036TT  12148.36465818  .00001576  00000-0  10762-2 0  9997
2 34474 074.0825 149.7460 0243979 324.9392 033.5914 13.87241501165916
0 COSMOS 2251 DEB
1 34474U 93036TT  12149.37422681  .00001624  00000-0  11084-2 0  9992
2 34474 074.0832 148.0401 0244100 323.0137 035.4429 13.87245626166055
0 COSMOS 2251 DEB
1 34474U 93036TT  12150.38379292  .00001673  00000-0  11411-2 0  9992
2 34474 074.0837 146.3336 0244024 321.0540 037.3314 13.87249779166191
0 COSMOS 2251 DEB
1 34474U 93036TT  12151.32124423 +.00001679 +00000-0 +11452-2 0  9992
2 34474 074.0831 144.7485 0243993 319.2550 039.0547 13.87253018166329
0 COSMOS 2251 DEB
1 34474U 93036TT  12152.04236073  .00001678  00000-0  11448-2 0  9991
2 34474 074.0832 143.5296 0243988 317.8674 040.3914 13.87255462166421
0 COSMOS 2251 DEB
1 34474U 93036TT  12153.05192213  .00001682  00000-0  11472-2 0  9992
2 34474 074.0830 141.8231 0243993 315.9270 042.2630 13.87258948166569
0 COSMOS 2251 DEB
1 34474U 93036TT  12153.34036785 +.00001690 +00000-0 +11527-2 0  9995
2 34474 074.0834 141.3357 0244048 315.3602 042.8100 13.87260039166609
0 COSMOS 2251 DEB
1 34474U 93036TT  12154.06148127  .00001684  00000-0  11483-2 0  9993
2 34474 074.0834 140.1168 0244033 313.9730 044.1464 13.87262354166707
0 COSMOS 2251 DEB
1 34474U 93036TT  12154.34992702 +.00001684 +00000-0 +11483-2 0  9990
2 34474 074.0840 139.6300 0244068 313.4086 044.6935 13.87263329166747
0 COSMOS 2251 DEB
1 34474U 93036TT  12155.28737276  .00001656  00000-0  11290-2 0  9992
2 34474 074.0840 138.0453 0244233 311.6167 046.4125 13.87265854166873
0 COSMOS 2251 DEB
1 34474U 93036TT  12155.35948664 +.00001653 +00000-0 +11271-2 0  9991
2 34474 074.0837 137.9228 0244229 311.4808 046.5564 13.87266017166883
0 COSMOS 2251 DEB
1 34474U 93036TT  12156.29693099  .00001625  00000-0  11082-2 0  9993
2 34474 074.0837 136.3382 0244202 309.6808 048.2885 13.87268514167012
0 COSMOS 2251 DEB
1 34474U 93036TT  12157.30648717  .00001618  00000-0  11036-2 0  9994
2 34474 074.0834 134.6310 0244184 307.7392 050.1803 13.87271680167152
0 COSMOS 2251 DEB
1 34474U 93036TT  12158.31604004  .00001602  00000-0  10933-2 0  9995
2 34474 074.0836 132.9246 0243965 305.7604 052.1047 13.87274700167296
0 COSMOS 2251 DEB
1 34474U 93036TT  12159.25347981 +.00001587 +00000-0 +10829-2 0  9993
2 34474 074.0840 131.3394 0244058 304.0037 053.8075 13.87277518167428
0 COSMOS 2251 DEB
1 34474U 93036TT  12160.26302941  .00001558  00000-0  10636-2 0  9997
2 34474 074.0834 129.6311 0243883 301.9761 055.7879 13.87280298167562
0 COSMOS 2251 DEB
1 34474U 93036TT  12160.33513971 +.00001564 +00000-0 +10686-2 0  9994
2 34474 074.0827 129.5076 0243588 301.8139 055.9518 13.87280666167573
0 COSMOS 2251 DEB
1 34474U 93036TT  12161.27257542  .00001577  00000-0  10772-2 0  9997
2 34474 074.0824 127.9213 0243649 299.9934 057.7304 13.87284005167702
0 COSMOS 2251 DEB
1 34474U 93036TT  12161.34468399 +.00001580 +00000-0 +10790-2 0  9993
2 34474 074.0825 127.7999 0243569 299.8485 057.8643 13.87284298167715
0 COSMOS 2251 DEB
1 34474U 93036TT  12162.28211840  .00001588  00000-0  10846-2 0  9994
2 34474 074.0830 126.2157 0243659 298.0636 059.6077 13.87287549167847
0 COSMOS 2251 DEB
1 34474U 93036TT  12162.85899971 +.00001597 +00000-0 +10904-2 0  9999
2 34474 074.0830 125.2397 0243751 296.9360 060.7115 13.87289654167920
0 COSMOS 2251 DEB
1 34474U 93036TT  12163.29165946  .00001619  00000-0  11044-2 0  9997
2 34474 074.0840 124.5074 0243821 296.0826 061.5467 13.87291518167988
0 COSMOS 2251 DEB
1 34474U 93036TT  12163.86853857 +.00001629 +00000-0 +11110-2 0  9990
2 34474 074.0837 123.5318 0243873 294.9706 062.6302 13.87293614168064
0 COSMOS 2251 DEB
1 34474U 93036TT  12165.23862676  .00001655  00000-0  11282-2 0  9991
2 34474 074.0835 121.2157 0243948 292.3768 065.1721 13.87298661168252
0 COSMOS 2251 DEB
1 34474U 93036TT  12166.24816241  .00001676  00000-0  11421-2 0  9998
2 34474 074.0840 119.5091 0244020 290.4353 067.0776 13.87302463168398
0 COSMOS 2251 DEB
1 34474U 93036TT  12166.89714802 +.00001672 +00000-0 +11400-2 0  9992
2 34474 074.0838 118.4119 0244015 289.1822 068.3034 13.87304594168482
0 COSMOS 2251 DEB
1 34474U 93036TT  12167.90668094  .00001689  00000-0  11517-2 0  9993
2 34474 074.0844 116.7033 0243702 287.1798 070.2758 13.87308190168624
0 COSMOS 2251 DEB
1 34474U 93036TT  12168.91621246  .00001677  00000-0  11444-2 0  9999
2 34474 074.0851 114.9969 0243468 285.1754 072.2487 13.87311313168766
0 COSMOS 2251 DEB
1 34474U 93036TT  12168.91621246 +.00001677 +00000-0 +11444-2 0  9999
2 34474 074.0851 114.9969 0243468 285.1754 072.2487 13.87311313168766
0 COSMOS 2251 DEB
1 34474U 93036TT  12170.21418067  .00001663  00000-0  11343-2 0  9993
2 34474 074.0850 112.8028 0243672 282.7045 074.6901 13.87315410168940
0 COSMOS 2251 DEB
1 34474U 93036TT  12170.93527279 +.00001653 +00000-0 +11271-2 0  9997
2 34474 074.0850 111.5838 0243649 281.3005 076.0802 13.87317611169043
0 COSMOS 2251 DEB
1 34474U 93036TT  12171.22370974  .00001626  00000-0  11092-2 0  9999
2 34474 074.0857 111.0965 0243707 280.7677 076.5999 13.87318022169082
0 COSMOS 2251 DEB
1 34474U 93036TT  12172.16112912 +.00001589 +00000-0 +10842-2 0  9999
2 34474 074.0864 109.5131 0243834 279.0396 078.3106 13.87320483169216
0 COSMOS 2251 DEB
1 34474U 93036TT  12173.17065631  .00001564  00000-0  10671-2 0  9999
2 34474 074.0868 107.8075 0243903 277.1312 080.2029 13.87323186169356
0 COSMOS 2251 DEB
1 34474U 93036TT  12173.81963834 +.00001543 +00000-0 +10531-2 0  9994
2 34474 074.0869 106.7108 0243949 275.8859 081.4463 13.87324867169445
0 COSMOS 2251 DEB
1 34474U 93036TT  12174.18018341  .00001532  00000-0  10452-2 0  9999
2 34474 074.0875 106.1025 0243949 275.1998 082.1289 13.87325772169496
0 COSMOS 2251 DEB
1 34474U 93036TT  12174.90127204 +.00001476 +00000-0 +10074-2 0  9995
2 34474 074.0873 104.8840 0244107 273.8744 083.4236 13.87326665169594
0 COSMOS 2251 DEB
1 34474U 93036TT  12175.18971262  .00001437  00000-0  98120-3 0  9993
2 34474 074.0871 104.3960 0244149 273.3598 083.9410 13.87326511169632
0 COSMOS 2251 DEB
1 34474U 93036TT  12175.83869605 +.00001401 +00000-0 +95663-3 0  9992
2 34474 074.0865 103.2984 0244185 272.0929 085.2132 13.87327590169727
0 COSMOS 2251 DEB
1 34474U 93036TT  12175.91080729  .00001324  00000-0  90634-3 0  9990
2 34474 074.0857 103.1753 0243736 271.9610 085.3342 13.87326190169737
0 COSMOS 2251 DEB
1 34474U 93036TT  12176.84822753 +.00001301 +00000-0 +89089-3 0  9991
2 34474 074.0860 101.5901 0243601 270.0950 087.2176 13.87328156169860
0 COSMOS 2251 DEB
1 34474U 93036TT  12177.20877327  .00001267  00000-0  86785-3 0  9990
2 34474 074.0859 100.9799 0243560 269.4493 087.8627 13.87328479169915
0 COSMOS 2251 DEB
1 34474U 93036TT  12178.86727669  .00001234  00000-0  84592-3 0  9994
2 34474 074.0856 098.1759 0243412 266.1733 091.1518 13.87332140170147
0 COSMOS 2251 DEB
1 34474U 93036TT  12179.80469296  .00001130  00000-0  77668-3 0  9999
2 34474 074.0843 096.5881 0242956 264.2616 093.0551 13.87332093170271
0 COSMOS 2251 DEB
1 34474U 93036TT  12180.16524087 +.00001112 +00000-0 +76512-3 0  9997
2 34474 074.0841 095.9780 0242885 263.5553 093.7787 13.87332486170323
0 COSMOS 2251 DEB
1 34474U 93036TT  12181.10265557  .00001047  00000-0  72103-3 0  9995
2 34474 074.0848 094.3932 0242898 261.7866 095.5428 13.87333256170455
0 COSMOS 2251 DEB
1 34474U 93036TT  12182.11218181  .00001004  00000-0  69149-3 0  9997
2 34474 074.0863 092.6880 0243305 259.8135 097.5421 13.87334669170595
0 COSMOS 2251 DEB
1 34474U 93036TT  12182.83326971 +.00000980 +00000-0 +67535-3 0  9992
2 34474 074.0859 091.4676 0243244 258.3598 099.0105 13.87335683170693
0 COSMOS 2251 DEB
1 34474U 93036TT  12183.19380222  .00000929  00000-0  64156-3 0  9990
2 34474 074.0861 090.8585 0243082 257.5900 099.7832 13.87335500170744
0 COSMOS 2251 DEB
1 34474U 93036TT  12183.84278245 +.00000920 +00000-0 +63540-3 0  9990
2 34474 074.0862 089.7618 0243153 256.3276 101.0667 13.87336582170835
0 COSMOS 2251 DEB
1 34474U 93036TT  12184.13121731  .00000878  00000-0  60684-3 0  9998
2 34474 074.0859 089.2732 0243012 256.1542 101.2200 13.87336340170872
0 COSMOS 2251 DEB
1 34474U 93036TT  12185.14074372  .00000876  00000-0  60589-3 0  9990
2 34474 074.0854 087.5659 0242996 254.2134 103.2068 13.87338092171019
0 COSMOS 2251 DEB
1 34474U 93036TT  12185.78972175 +.00000857 +00000-0 +59341-3 0  9991
2 34474 074.0852 086.4672 0242828 252.9007 104.5343 13.87338847171106
0 COSMOS 2251 DEB
1 34474U 93036TT  12186.79924419 +.00000844 +00000-0 +58446-3 0  9992
2 34474 074.0857 084.7610 0242890 250.9610 106.5089 13.87340460171249
0 COSMOS 2251 DEB
1 34474U 93036TT  12187.80876342 +.00000848 +00000-0 +58693-3 0  9994
2 34474 074.0848 083.0518 0242714 248.9616 108.5401 13.87342287171380
0 COSMOS 2251 DEB
1 34474U 93036TT  12188.74617510 +.00000831 +00000-0 +57610-3 0  9998
2 34474 074.0847 081.4669 0242553 247.1339 110.3993 13.87343594171516
0 COSMOS 2251 DEB
1 34474U 93036TT  12189.10671817  .00000825  00000-0  57195-3 0  9990
2 34474 074.0852 080.8562 0242388 246.4988 111.0453 13.87344109171562
0 COSMOS 2251 DEB
1 34474U 93036TT  12190.04412963 +.00000828 +00000-0 +57368-3 0  9995
2 34474 074.0851 079.2719 0242387 244.6860 112.8995 13.87345764171697
0 COSMOS 2251 DEB
1 34474U 93036TT  12191.05364772  .00000834  00000-0  57818-3 0  9998
2 34474 074.0854 077.5658 0242379 242.7499 114.8774 13.87347646171835
0 COSMOS 2251 DEB
1 34474U 93036TT  12191.77473130 +.00000846 +00000-0 +58593-3 0  9990
2 34474 074.0854 076.3469 0242399 241.3804 116.2793 13.87349147171935
0 COSMOS 2251 DEB
1 34474U 93036TT  12192.06316389  .00000867  00000-0  60040-3 0  9998
2 34474 074.0851 075.8590 0242385 240.8173 116.8599 13.87350128171974
0 COSMOS 2251 DEB
1 34474U 93036TT  12194.08219396  .00000883  00000-0  61128-3 0  9998
2 34474 074.0842 072.4451 0242128 237.0200 120.7438 13.87354007172255
0 COSMOS 2251 DEB
1 34474U 93036TT  12194.73116782 +.00000898 +00000-0 +62171-3 0  9990
2 34474 074.0844 071.3473 0241924 235.7923 122.0080 13.87355489172342
0 COSMOS 2251 DEB
1 34474U 93036TT  12195.09170831  .00000950  00000-0  65642-3 0  9990
2 34474 074.0833 070.7343 0241870 235.0137 122.8332 13.87357381172395
0 COSMOS 2251 DEB
1 34474U 93036TT  12196.02910760 +.00000982 +00000-0 +67817-3 0  9998
2 34474 074.0832 069.1487 0241611 233.2162 124.6590 13.87359717172522
0 COSMOS 2251 DEB
1 34474U 93036TT  12197.03861863  .00000992  00000-0  68487-3 0  9994
2 34474 074.0834 067.4416 0241627 231.2888 126.6448 13.87361957172665
0 COSMOS 2251 DEB
1 34474U 93036TT  12198.69709844  .00000997  00000-0  68818-3 0  9990
2 34474 074.0833 064.6371 0241451 228.0964 129.9313 13.87365357172897
0 COSMOS 2251 DEB
1 34474U 93036TT  12199.70660770  .00000999  00000-0  68990-3 0  9990
2 34474 074.0835 062.9304 0241405 226.1677 131.9273 13.87367471173039
0 COSMOS 2251 DEB
1 34474U 93036TT  12199.70660770 +.00000999 +00000-0 +68990-3 0  9990
2 34474 074.0835 062.9304 0241405 226.1677 131.9273 13.87367471173039
0 COSMOS 2251 DEB
1 34474U 93036TT  12200.71611516  .00000999  00000-0  68990-3 0  9998
2 34474 074.0835 061.2239 0241401 224.2232 133.9381 13.87369536173171
0 COSMOS 2251 DEB
1 34474U 93036TT  12201.65351401 +.00001019 +00000-0 +70334-3 0  9995
2 34474 074.0843 059.6383 0241128 222.4532 135.7720 13.87371829173300
0 COSMOS 2251 DEB
1 34474U 93036TT  12201.94194429  .00001020  00000-0  70398-3 0  9994
2 34474 074.0843 059.1508 0241256 221.8199 136.4319 13.87372500173341
0 COSMOS 2251 DEB
1 34474U 93036TT  12202.66301843 +.00001020 +00000-0 +70398-3 0  9994
2 34474 074.0843 057.9319 0241253 220.4308 137.8674 13.87374004173442
0 COSMOS 2251 DEB
1 34474U 93036TT  12203.02355572  .00001029  00000-0  71008-3 0  9991
2 34474 074.0839 057.3213 0240983 219.7192 138.6053 13.87374893173496
0 COSMOS 2251 DEB
1 34474U 93036TT  12204.03305967  .00001028  00000-0  70992-3 0  9996
2 34474 074.0825 055.6094 0240914 217.6902 140.7153 13.87376981173630
0 COSMOS 2251 DEB
1 34474U 93036TT  12204.68202533 +.00001017 +00000-0 +70238-3 0  9993
2 34474 074.0825 054.5116 0241054 216.3717 142.0788 13.87378049173725
0 COSMOS 2251 DEB
1 34474U 93036TT  12205.61942059  .00001002  00000-0  69146-3 0  9991
2 34474 074.0824 052.9256 0241184 214.5094 144.0132 13.87379631173850
0 COSMOS 2251 DEB
1 34474U 93036TT  12206.62892258  .00001002  00000-0  69146-3 0  9998
2 34474 074.0824 051.2190 0241180 212.5650 146.0409 13.87381700173995
0 COSMOS 2251 DEB
1 34474U 93036TT  12207.63842256  .00000957  00000-0  66133-3 0  9994
2 34474 074.0819 049.5095 0240971 210.6011 148.0701 13.87382755174135
0 COSMOS 2251 DEB
1 34474U 93036TT  12208.93635382  .00000938  00000-0  64888-3 0  9992
2 34474 074.0823 047.3151 0240943 208.0903 150.7006 13.87384983174312
0 COSMOS 2251 DEB
1 34474U 93036TT  12208.93635382 +.00000938 +00000-0 +64888-3 0  9992
2 34474 074.0823 047.3151 0240943 208.0903 150.7006 13.87384983174312
0 COSMOS 2251 DEB
1 34474U 93036TT  12209.58531812 +.00000910 +00000-0 +62991-3 0  9990
2 34474 074.0825 046.2179 0240984 206.7793 152.0646 13.87385669174406
0 COSMOS 2251 DEB
1 34474U 93036TT  12209.94585493  .00000902  00000-0  62456-3 0  9991
2 34474 074.0823 045.6078 0240922 206.0875 152.7913 13.87386150174456
0 COSMOS 2251 DEB
1 34474U 93036TT  12210.95535356  .00000897  00000-0  62059-3 0  9999
2 34474 074.0824 043.9010 0240990 204.1257 154.8429 13.87387921174599
0 COSMOS 2251 DEB
1 34474U 93036TT  12211.89274365 +.00000885 +00000-0 +61300-3 0  9998
2 34474 074.0826 042.3164 0240822 202.3150 156.7312 13.87389442174727
0 COSMOS 2251 DEB
1 34474U 93036TT  12211.96485155  .00000887  00000-0  61382-3 0  9999
2 34474 074.0821 042.1936 0240899 202.1381 156.9226 13.87389586174731
0 COSMOS 2251 DEB
1 34474U 93036TT  12212.61381297 +.00000863 +00000-0 +59788-3 0  9995
2 34474 074.0822 041.0961 0240866 200.8529 158.2569 13.87390314174827
0 COSMOS 2251 DEB
1 34474U 93036TT  12212.97434877  .00000876  00000-0  60655-3 0  9996
2 34474 074.0816 040.4849 0241108 200.0957 159.0634 13.87391233174873
0 COSMOS 2251 DEB
1 34474U 93036TT  12213.62330837 +.00000884 +00000-0 +61143-3 0  9992
2 34474 074.0815 039.3878 0241207 198.8746 160.3383 13.87392586174969
0 COSMOS 2251 DEB
1 34474U 93036TT  12214.56069441  .00000890  00000-0  61530-3 0  9993
2 34474 074.0818 037.8033 0241289 197.0952 162.1998 13.87394510175094
0 COSMOS 2251 DEB
1 34474U 93036TT  12215.93071898  .00000911  00000-0  62784-3 0  9990
2 34474 074.0817 035.4858 0242474 194.2443 165.1963 13.87397551175287
0 COSMOS 2251 DEB
1 34474U 93036TT  12215.93071898 +.00000911 +00000-0 +62784-3 0  9990
2 34474 074.0817 035.4858 0242474 194.2443 165.1963 13.87397551175287
0 COSMOS 2251 DEB
1 34474U 93036TT  12216.57967372 +.00000921 +00000-0 +63498-3 0  9996
2 34474 074.0818 034.3884 0242251 192.9856 166.4943 13.87398918175371
0 COSMOS 2251 DEB
1 34474U 93036TT  12216.94020647  .00000930  00000-0  64117-3 0  9991
2 34474 074.0809 033.7777 0242147 192.3225 167.1965 13.87399805175427
0 COSMOS 2251 DEB
1 34474U 93036TT  12217.58916318 +.00000986 +00000-0 +67929-3 0  9996
2 34474 074.0809 032.6789 0241602 191.1874 168.4014 13.87402317175512
0 COSMOS 2251 DEB
1 34474U 93036TT  12218.52654065  .00001037  00000-0  71438-3 0  9997
2 34474 074.0814 031.0945 0241139 189.4595 170.2103 13.87405394175642
0 COSMOS 2251 DEB
1 34474U 93036TT  12219.53602119  .00001146  00000-0  78767-3 0  9995
2 34474 074.0814 029.3880 0241101 187.4966 172.2686 13.87409580175783
0 COSMOS 2251 DEB
1 34474U 93036TT  12220.90602861  .00001197  00000-0  82325-3 0  9993
2 34474 074.0809 027.0707 0240512 184.8192 175.0648 13.87413803175970
0 COSMOS 2251 DEB
1 34474U 93036TT  12220.90602861 +.00001197 +00000-0 +82325-3 0  9993
2 34474 074.0809 027.0707 0240512 184.8192 175.0648 13.87413803175970
0 COSMOS 2251 DEB
1 34474U 93036TT  12221.48287362 +.00001225 +00000-0 +84223-3 0  9993
2 34474 074.0810 026.0942 0240411 183.7245 176.2226 13.87415899176059
0 COSMOS 2251 DEB
1 34474U 93036TT  12222.85286981  .00001350  00000-0  92452-3 0  9993
2 34474 074.0821 023.7786 0241289 181.0198 179.0674 13.87422110176246
0 COSMOS 2251 DEB
1 34474U 93036TT  12223.79022813  .00001429  00000-0  97634-3 0  9993
2 34474 074.0817 022.1932 0241951 179.2261 180.9381 13.87426439176371
0 COSMOS 2251 DEB
1 34474U 93036TT  12224.87180076  .00001504  00000-0  10276-2 0  9999
2 34474 074.0814 020.3626 0241565 177.0445 183.2231 13.87430888176529
0 COSMOS 2251 DEB
1 34474U 93036TT  12225.88126441  .00001574  00000-0  10749-2 0  9999
2 34474 074.0816 018.6554 0241374 175.0719 185.2914 13.87435290176668
0 COSMOS 2251 DEB
1 34474U 93036TT  12226.81862138 +.00001616 +00000-0 +11021-2 0  9994
2 34474 074.0825 017.0702 0241834 173.3300 187.1260 13.87439096176791
0 COSMOS 2251 DEB
1 34474U 93036TT  12227.39545411  .00001662  00000-0  11315-2 0  9997
2 34474 074.0822 016.0948 0242452 172.2849 188.2325 13.87441875176873
0 COSMOS 2251 DEB
1 34474U 93036TT  12227.46755428 +.00001662 +00000-0 +11317-2 0  9998
2 34474 074.0823 015.9727 0242435 172.1448 188.3589 13.87442127176887
0 COSMOS 2251 DEB
1 34474U 93036TT  12228.83753286  .00001678  00000-0  11430-2 0  9993
2 34474 074.0819 013.6552 0242034 169.5317 191.0969 13.87446939177073
0 COSMOS 2251 DEB
1 34474U 93036TT  12230.42381785  .00001690  00000-0  11498-2 0  9990
2 34474 074.0823 010.9735 0242534 166.5316 194.2468 13.87452402177297
0 COSMOS 2251 DEB
1 34474U 93036TT  12230.78433570 +.00001678 +00000-0 +11419-2 0  9998
2 34474 074.0827 010.3641 0242607 165.8261 194.9795 13.87453396177342
0 COSMOS 2251 DEB
1 34474U 93036TT  12231.43327128  .00001647  00000-0  11211-2 0  9998
2 34474 074.0817 009.2649 0242550 164.5412 196.3276 13.87454817177436
0 COSMOS 2251 DEB
1 34474U 93036TT  12232.44272384  .00001575  00000-0  10729-2 0  9996
2 34474 074.0824 007.5586 0242261 162.6512 198.2958 13.87456503177571
0 COSMOS 2251 DEB
1 34474U 93036TT  12233.38007013 +.00001554 +00000-0 +10584-2 0  9991
2 34474 074.0825 005.9741 0242547 160.8873 200.1548 13.87459152177700
0 COSMOS 2251 DEB
1 34474U 93036TT  12234.38951534  .00001525  00000-0  10388-2 0  9998
2 34474 074.0823 004.2674 0242685 158.9425 202.1854 13.87461807177846
0 COSMOS 2251 DEB
1 34474U 93036TT  12234.75003205 +.00001474 +00000-0 +10036-2 0  9995
2 34474 074.0828 003.6578 0243117 158.2806 202.8739 13.87461903177895
0 COSMOS 2251 DEB
1 34474U 93036TT  12235.39896523  .00001401  00000-0  95433-3 0  9994
2 34474 074.0828 002.5589 0243126 157.0549 204.1652 13.87462440177982
0 COSMOS 2251 DEB
1 34474U 93036TT  12236.40841167 +.00001318 +00000-0 +89782-3 0  9998
2 34474 074.0832 000.8526 0243473 155.1538 206.1487 13.87463509178123
0 COSMOS 2251 DEB
1 34474U 93036TT  12237.41785689  .00001234  00000-0  84240-3 0  9997
2 34474 074.0841 359.1464 0243059 153.2843 208.0986 13.87464665178266
0 COSMOS 2251 DEB
1 34474U 93036TT  12238.78781508  .00001144  00000-0  78222-3 0  9997
2 34474 074.0839 356.8303 0242992 150.6430 210.8549 13.87466544178452
0 COSMOS 2251 DEB
1 34474U 93036TT  12238.78781508 +.00001144 +00000-0 +78222-3 0  9997
2 34474 074.0839 356.8303 0242992 150.6430 210.8549 13.87466544178452
0 COSMOS 2251 DEB
1 34474U 93036TT  12239.36464109 +.00001061 +00000-0 +72649-3 0  9992
2 34474 074.0837 355.8542 0242895 149.5219 212.0253 13.87466500178535
0 COSMOS 2251 DEB
1 34474U 93036TT  12240.30197755  .00001053  00000-0  72131-3 0  9995
2 34474 074.0833 354.2692 0242726 147.7149 213.9070 13.87468337178666
0 COSMOS 2251 DEB
1 34474U 93036TT  12240.37408092 +.00001049 +00000-0 +71883-3 0  9999
2 34474 074.0833 354.1472 0242748 147.5774 214.0524 13.87468409178674
0 COSMOS 2251 DEB
1 34474U 93036TT  12241.38351833  .00001041  00000-0  71354-3 0  9996
2 34474 074.0831 352.4402 0242654 145.6376 216.0718 13.87470397178811
0 COSMOS 2251 DEB
1 34474U 93036TT  12242.39295392  .00001027  00000-0  70420-3 0  9992
2 34474 074.0827 350.7329 0242585 143.6925 218.0942 13.87472265178958
0 COSMOS 2251 DEB
1 34474U 93036TT  12243.69079623  .00001014  00000-0  69533-3 0  9992
2 34474 074.0829 348.5380 0242494 141.1817 220.7026 13.87474851179131
0 COSMOS 2251 DEB
1 34474U 93036TT  12244.33971409 +.00001027 +00000-0 +70418-3 0  9995
2 34474 074.0828 347.4402 0242475 139.9806 221.9492 13.87476592179229
0 COSMOS 2251 DEB
1 34474U 93036TT  12245.27704079  .00001034  00000-0  70872-3 0  9998
2 34474 074.0829 345.8554 0242492 138.1991 223.7993 13.87478750179353
0 COSMOS 2251 DEB
1 34474U 93036TT  12245.34914181 +.00001035 +00000-0 +70928-3 0  9996
2 34474 074.0828 345.7334 0242501 138.0593 223.9394 13.87478914179365
0 COSMOS 2251 DEB
1 34474U 93036TT  12246.64697573 +.00001056 +00000-0 +72341-3 0  9997
2 34474 074.0827 343.5386 0242441 135.5459 226.5462 13.87482098179546
0 COSMOS 2251 DEB
1 34474U 93036TT  12247.65639776 +.00001115 +00000-0 +76314-3 0  9990
2 34474 074.0827 341.8314 0242372 133.6234 228.5405 13.87485434179682
0 COSMOS 2251 DEB
1 34474U 93036TT  12248.30530909  .00001116  00000-0  76379-3 0  9993
2 34474 074.0827 340.7342 0242364 132.3695 229.8234 13.87486930179775
0 COSMOS 2251 DEB
1 34474U 93036TT  12248.66581635 +.00001165 +00000-0 +79613-3 0  9992
2 34474 074.0825 340.1240 0242375 131.6797 230.5560 13.87488885179829
0 COSMOS 2251 DEB
1 34474U 93036TT  12249.31472406 +.00001177 +00000-0 +80437-3 0  9999
2 34474 074.0824 339.0264 0242329 130.4086 231.8476 13.87490627179915
0 COSMOS 2251 DEB
1 34474U 93036TT  12250.68464461  .00001201  00000-0  82080-3 0  9997
2 34474 074.0818 336.7087 0242144 127.7457 234.5916 13.87494407180103
0 COSMOS 2251 DEB
1 34474U 93036TT  12251.69405677 +.00001247 +00000-0 +85217-3 0  9998
2 34474 074.0817 335.0019 0241919 125.8229 236.5865 13.87497997180241
0 COSMOS 2251 DEB
1 34474U 93036TT  12252.63134058  .00002121  00000-0  14241-2 0  9995
2 34474 074.0834 333.4134 0241775 124.1798 238.2971 13.87512722180378
0 COSMOS 2251 DEB
1 34474U 93036TT  12252.63135343  .00001534  00000-0  10437-2 0  9993
2 34474 074.0818 333.4166 0242470 124.1935 238.3193 13.87506771180375
0 COSMOS 2251 DEB
1 34474U 93036TT  12253.64073746 +.00001577 +00000-0 +10729-2 0  9994
2 34474 074.0819 331.7100 0242267 122.2652 240.2207 13.87510881180515
0 COSMOS 2251 DEB
1 34474U 93036TT  12254.28963708 +.00001591 +00000-0 +10824-2 0  9993
2 34474 074.0818 330.6126 0242260 121.0013 241.5202 13.87513271180606
0 COSMOS 2251 DEB
1 34474U 93036TT  12255.22693338  .00001661  00000-0  11298-2 0  9991
2 34474 074.0820 329.0279 0241938 119.1596 243.4083 13.87517437180735
0 COSMOS 2251 DEB
1 34474U 93036TT  12255.65952877 +.00001658 +00000-0 +11278-2 0  9998
2 34474 074.0832 328.2972 0241875 118.3486 244.2245 13.87518810180799
0 COSMOS 2251 DEB
1 34474U 93036TT  12256.23632499  .00001652  00000-0  11233-2 0  9993
2 34474 074.0831 327.3217 0241900 117.2344 245.3626 13.87520589180870
0 COSMOS 2251 DEB
1 34474U 93036TT  12256.59682250 +.00001680 +00000-0 +11423-2 0  9994
2 34474 074.0827 326.7116 0241838 116.6089 246.0102 13.87522204180924
0 COSMOS 2251 DEB
1 34474U 93036TT  12257.24571449  .00001672  00000-0  11369-2 0  9994
2 34474 074.0827 325.6134 0241981 115.3025 247.3274 13.87524093181010
0 COSMOS 2251 DEB
1 34474U 93036TT  12257.53411337 +.00001684 +00000-0 +11445-2 0  9993
2 34474 074.0827 325.1256 0241952 114.7658 247.8870 13.87525222181059
0 COSMOS 2251 DEB
1 34474U 93036TT  12258.25510356  .00001670  00000-0  11356-2 0  9990
2 34474 074.0835 323.9073 0241886 113.3981 249.2747 13.87527407181158
0 COSMOS 2251 DEB
1 34474U 93036TT  12258.61559906 +.00001613 +00000-0 +10982-2 0  9995
2 34474 074.0823 323.2966 0241580 112.7643 249.9029 13.87527271181203
0 COSMOS 2251 DEB
1 34474U 93036TT  12259.26449279  .00001602  00000-0  10900-2 0  9996
2 34474 074.0823 322.1997 0241662 111.5461 251.1584 13.87529151181290
0 COSMOS 2251 DEB
1 34474U 93036TT  12259.62498738 +.00001592 +00000-0 +10837-2 0  9997
2 34474 074.0829 321.5910 0241576 110.8497 251.8642 13.87530108181341
0 COSMOS 2251 DEB
1 34474U 93036TT  12260.56227228  .00001532  00000-0  10433-2 0  9992
2 34474 074.0835 320.0069 0241518 109.0515 253.6811 13.87531891181476
0 COSMOS 2251 DEB
1 34474U 93036TT  12261.57165694  .00001349  00000-0  92063-3 0  9998
2 34474 074.0819 318.2956 0241495 107.2025 255.5289 13.87531167181614
0 COSMOS 2251 DEB
1 34474U 93036TT  12262.22055229 +.00001322 +00000-0 +90318-3 0  9995
2 34474 074.0819 317.1997 0241230 105.9498 256.8289 13.87532432181703
0 COSMOS 2251 DEB
1 34474U 93036TT  12263.22993198  .00001195  00000-0  81690-3 0  9993
2 34474 074.0834 315.4943 0241697 104.0376 258.7207 13.87532217181841
0 COSMOS 2251 DEB
1 34474U 93036TT  12263.59043527 +.00001140 +00000-0 +77963-3 0  9993
2 34474 074.0828 314.8844 0241688 103.3757 259.4272 13.87531919181895
0 COSMOS 2251 DEB
1 34474U 93036TT  12264.16722635 +.00001081 +00000-0 +74017-3 0  9992
2 34474 074.0825 313.9101 0241898 102.4413 260.3868 13.87532324181972
0 COSMOS 2251 DEB
1 34474U 93036TT  12265.17660451  .00000905  00000-0  62237-3 0  9996
2 34474 074.0835 312.1992 0241236 100.1506 262.6269 13.87531006182119
0 COSMOS 2251 DEB
1 34474U 93036TT  12265.53710998  .00000816  00000-0  56406-3 0  9990
2 34474 074.0839 311.5924 0240248 099.2179 263.5975 13.87530178182165
0 COSMOS 2251 DEB
1 34474U 93036TT  12266.33020078 +.00000769 +00000-0 +53211-3 0  9990
2 34474 074.0830 310.2512 0240387 097.7570 265.0920 13.87530462182272
0 COSMOS 2251 DEB
1 34474U 93036TT  12267.26748013  .00000736  00000-0  50974-3 0  9996
2 34474 074.0824 308.6649 0240447 095.9786 266.8753 13.87531388182409
0 COSMOS 2251 DEB
1 34474U 93036TT  12267.55587446 +.00000735 +00000-0 +50922-3 0  9991
2 34474 074.0822 308.1768 0240443 095.4230 267.4377 13.87531812182444
0 COSMOS 2251 DEB
1 34474U 93036TT  12268.27685740  .00000693  00000-0  48106-3 0  9991
2 34474 074.0820 306.9562 0240340 094.0738 268.7880 13.87532286182544
0 COSMOS 2251 DEB
1 34474U 93036TT  12269.21413471 +.00000681 +00000-0 +47298-3 0  9994
2 34474 074.0815 305.3710 0240276 092.2960 270.5720 13.87533478182673
0 COSMOS 2251 DEB
1 34474U 93036TT  12270.51189762 +.00000699 +00000-0 +48475-3 0  9999
2 34474 074.0817 303.1768 0240173 089.8019 273.0622 13.87535824182853
0 COSMOS 2251 DEB
1 34474U 93036TT  12271.30497518  .00000717  00000-0  49733-3 0  9997
2 34474 074.0817 301.8357 0240224 088.2818 274.5873 13.87537390182965
0 COSMOS 2251 DEB
1 34474U 93036TT  12272.24224559 +.00000722 +00000-0 +50050-3 0  9994
2 34474 074.0819 300.2508 0240247 086.5037 276.3566 13.87538908183097
0 COSMOS 2251 DEB
1 34474U 93036TT  12273.25161280  .00000808  00000-0  55894-3 0  9993
2 34474 074.0815 298.5419 0239965 084.5552 278.3232 13.87542336183236
0 COSMOS 2251 DEB
1 34474U 93036TT  12273.46789866 +.00000832 +00000-0 +57499-3 0  9992
2 34474 074.0813 298.1766 0239903 084.1710 278.6772 13.87543118183263
0 COSMOS 2251 DEB
1 34474U 93036TT  12274.26096923  .00000887  00000-0  61218-3 0  9990
2 34474 074.0806 296.8348 0239563 082.6493 280.2043 13.87545753183378
0 COSMOS 2251 DEB
1 34474U 93036TT  12274.47725606 +.00000907 +00000-0 +62575-3 0  9990
2 34474 074.0810 296.4698 0239585 082.1781 280.6476 13.87546494183407
0 COSMOS 2251 DEB
1 34474U 93036TT  12275.27032530  .00000935  00000-0  64434-3 0  9993
2 34474 074.0812 295.1285 0239691 080.6731 282.1507 13.87548601183519
0 COSMOS 2251 DEB
1 34474U 93036TT  12275.48661471 +.00000954 +00000-0 +65726-3 0  9994
2 34474 074.0813 294.7628 0239696 080.1724 282.6377 13.87549343183545
0 COSMOS 2251 DEB
1 34474U 93036TT  12276.20758491 +.00000976 +00000-0 +67219-3 0  9997
2 34474 074.0813 293.5432 0239859 078.7920 284.0115 13.87551211183641
0 COSMOS 2251 DEB
1 34474U 93036TT  12277.21694013  .00001051  00000-0  72233-3 0  9995
2 34474 074.0816 291.8332 0239711 077.0813 285.7283 13.87554734183786
0 COSMOS 2251 DEB
1 34474U 93036TT  12277.43322398 +.00001073 +00000-0 +73774-3 0  9998
2 34474 074.0810 291.4666 0239528 076.7320 286.0491 13.87555570183819
0 COSMOS 2251 DEB
1 34474U 93036TT  12278.22628492  .00001187  00000-0  81475-3 0  9993
2 34474 074.0808 290.1262 0239199 075.1607 287.6376 13.87560022183928
0 COSMOS 2251 DEB
1 34474U 93036TT  12278.44256420 +.00001261 +00000-0 +86486-3 0  9995
2 34474 074.0811 289.7604 0239366 074.6762 288.0737 13.87561645183959
0 COSMOS 2251 DEB
1 34474U 93036TT  12279.23562178  .00001312  00000-0  89881-3 0  9992
2 34474 074.0816 288.4178 0239449 073.0617 289.6743 13.87564771184060
0 COSMOS 2251 DEB
1 34474U 93036TT  12279.45190735 +.00001349 +00000-0 +92339-3 0  9994
2 34474 074.0811 288.0519 0239536 072.5984 290.1200 13.87565859184094
0 COSMOS 2251 DEB
1 34474U 93036TT  12280.46124607  .00001473  00000-0  10075-2 0  9996
2 34474 074.0805 286.3436 0239290 070.5459 292.1351 13.87570583184233
0 COSMOS 2251 DEB
1 34474U 93036TT  12281.11010739 +.00001476 +00000-0 +10093-2 0  9992
2 34474 074.0805 285.2459 0239272 069.2857 293.3747 13.87572584184328
0 COSMOS 2251 DEB
1 34474U 93036TT  12282.04734920  .00001531  00000-0  10467-2 0  9997
2 34474 074.0804 283.6616 0239171 067.4772 295.1596 13.87576315184450
0 COSMOS 2251 DEB
1 34474U 93036TT  12282.40782370 +.00001512 +00000-0 +10342-2 0  9990
2 34474 074.0805 283.0521 0239217 066.7188 295.8865 13.87577132184504
0 COSMOS 2251 DEB
1 34474U 93036TT  12283.05668235  .00001534  00000-0  10492-2 0  9995
2 34474 074.0805 281.9543 0239130 065.5182 297.0745 13.87579495184594
0 COSMOS 2251 DEB
1 34474U 93036TT  12283.41715682 +.00001549 +00000-0 +10590-2 0  9999
2 34474 074.0804 281.3449 0239082 064.8528 297.7220 13.87580824184643
0 COSMOS 2251 DEB
1 34474U 93036TT  12284.42648647  .00001544  00000-0  10559-2 0  9997
2 34474 074.0805 279.6372 0239042 062.8457 299.6790 13.87583863184788
0 COSMOS 2251 DEB
1 34474U 93036TT  12285.43581436  .00001542  00000-0  10545-2 0  9994
2 34474 074.0803 277.9295 0238924 060.9100 301.5693 13.87586892184929
0 COSMOS 2251 DEB
1 34474U 93036TT  12285.43582735  .00001327  00000-0  89525-3 0  9993
2 34474 074.0829 277.9278 0238805 060.8190 301.7077 13.87584464184925
0 COSMOS 2251 DEB
1 34474U 93036TT  12286.37304578 +.00001540 +00000-0 +10533-2 0  9993
2 34474 074.0803 276.3444 0238822 059.1144 303.3236 13.87589690185050
0 COSMOS 2251 DEB
1 34474U 93036TT  12287.02189596  .00001524  00000-0  10427-2 0  9991
2 34474 074.0803 275.2465 0238890 057.8778 304.5208 13.87591327185146
0 COSMOS 2251 DEB
1 34474U 93036TT  12287.38236955 +.00001520 +00000-0 +10398-2 0  9995
2 34474 074.0801 274.6368 0238815 057.1775 305.2096 13.87592351185192
0 COSMOS 2251 DEB
1 34474U 93036TT  12288.03121839  .00001515  00000-0  10367-2 0  9992
2 34474 074.0801 273.5391 0238813 055.9273 306.4257 13.87594256185281
0 COSMOS 2251 DEB
1 34474U 93036TT  12288.31959553 +.00001499 +00000-0 +10258-2 0  9995
2 34474 074.0803 273.0520 0238685 055.3490 306.9858 13.87594846185326
0 COSMOS 2251 DEB
1 34474U 93036TT  12289.04053735  .00001496  00000-0  10241-2 0  9992
2 34474 074.0803 271.8324 0238692 053.9599 308.3375 13.87596977185424
0 COSMOS 2251 DEB
1 34474U 93036TT  12289.40100774 +.00001494 +00000-0 +10224-2 0  9997
2 34474 074.0803 271.2226 0238725 053.2637 309.0149 13.87598043185470
0 COSMOS 2251 DEB
1 34474U 93036TT  12290.12194708  .00001490  00000-0  10196-2 0  9992
2 34474 074.0806 270.0031 0238805 051.8422 310.3942 13.87600181185573
0 COSMOS 2251 DEB
1 34474U 93036TT  12290.33822894 +.00001473 +00000-0 +10080-2 0  9992
2 34474 074.0806 269.6368 0238842 051.4293 310.7948 13.87600562185600
0 COSMOS 2251 DEB
1 34474U 93036TT  12291.13126069  .00001486  00000-0  10167-2 0  9992
2 34474 074.0806 268.2952 0238889 049.9172 312.2699 13.87603280185715
0 COSMOS 2251 DEB
1 34474U 93036TT  12292.28475625  .00001483  00000-0  10150-2 0  9993
2 34474 074.0802 266.3433 0238912 047.7050 314.4113 13.87606843185872
0 COSMOS 2251 DEB
1 34474U 93036TT  12293.29406199  .00001502  00000-0  10275-2 0  9995
2 34474 074.0804 264.6366 0238844 045.6902 316.3638 13.87610382186010
0 COSMOS 2251 DEB
1 34474U 93036TT  12294.30336304  .00001606  00000-0  10982-2 0  9998
2 34474 074.0808 262.9293 0238698 043.8536 318.1664 13.87615901186150
0 COSMOS 2251 DEB
1 34474U 93036TT  12295.09637457  .00001720  00000-0  11756-2 0  9995
2 34474 074.0799 261.5863 0238249 042.2616 319.7043 13.87621174186260
0 COSMOS 2251 DEB
1 34474U 93036TT  12296.10566084  .00001887  00000-0  12901-2 0  9992
2 34474 074.0794 259.8791 0237497 040.4284 321.4816 13.87628183186401
0 COSMOS 2251 DEB
1 34474U 93036TT  12296.32192557 +.00001904 +00000-0 +13020-2 0  9999
2 34474 074.0795 259.5135 0237440 040.1547 321.6894 13.87629314186436
0 COSMOS 2251 DEB
1 34474U 93036TT  12297.33121353  .00001946  00000-0  13303-2 0  9997
2 34474 074.0786 257.8045 0237433 038.1337 323.6437 13.87634001186572
0 COSMOS 2251 DEB
1 34474U 93036TT  12297.90794589 +.00001956 +00000-0 +13366-2 0  9997
2 34474 074.0785 256.8284 0237505 037.0047 324.7212 13.87636453186656
0 COSMOS 2251 DEB
1 34474U 93036TT  12298.34049577  .00002049  00000-0  13998-2 0  9991
2 34474 074.0778 256.0947 0237352 036.0541 325.6626 13.87640014186718
0 COSMOS 2251 DEB
1 34474U 93036TT  12298.91722173  .00002145  00000-0  14648-2 0  9994
2 34474 074.0776 255.1158 0237144 035.0328 326.6562 13.87644654186793
0 COSMOS 2251 DEB
1 34474U 93036TT  12299.27766954  .00002392  00000-0  16288-2 0  9995
2 34474 074.0795 254.5124 0238166 034.0064 327.6626 13.87651124186849
0 COSMOS 2251 DEB
1 34474U 93036TT  12299.92647610 +.00002392 +00000-0 +16288-2 0  9994
2 34474 074.0795 253.4148 0238160 032.7565 328.8074 13.87654255186936
0 COSMOS 2251 DEB
1 34474U 93036TT  12300.28692971  .00002627  00000-0  17881-2 0  9997
2 34474 074.0792 252.8079 0237766 032.1443 329.4566 13.87660409186985
0 COSMOS 2251 DEB
1 34474U 93036TT  12301.29618035  .00002749  00000-0  18689-2 0  9990
2 34474 074.0800 251.0978 0238296 030.1992 331.2892 13.87668255187127
0 COSMOS 2251 DEB
1 34474U 93036TT  12302.30543246  .00002861  00000-0  19413-2 0  9995
2 34474 074.0805 249.3904 0239019 028.1803 333.2315 13.87676334187267
0 COSMOS 2251 DEB
1 34474U 93036TT  12303.89138638  .00003051  00000-0  20654-2 0  9996
2 34474 074.0807 246.7087 0239877 024.9039 336.3554 13.87689033187482
0 COSMOS 2251 DEB
1 34474U 93036TT  12304.82853350  .00003160  00000-0  21390-2 0  9994
2 34474 074.0806 245.1225 0239635 023.2632 337.9144 13.87696640187610
0 COSMOS 2251 DEB
1 34474U 93036TT  12305.83776888  .00003235  00000-0  21862-2 0  9993
2 34474 074.0820 243.4143 0240354 021.2406 339.8524 13.87704352187751
0 COSMOS 2251 DEB
1 34474U 93036TT  12308.21665769  .00003300  00000-0  22327-2 0  9993
2 34474 074.0825 239.3906 0239490 016.7497 344.1432 13.87720982188086
0 COSMOS 2251 DEB
1 34474U 93036TT  12309.22587397  .00003281  00000-0  22204-2 0  9997
2 34474 074.0813 237.6804 0239349 014.7878 345.9990 13.87727121188221
0 COSMOS 2251 DEB
1 34474U 93036TT  12310.23508949  .00003083  00000-0  20896-2 0  9991
2 34474 074.0829 235.9805 0238753 012.9019 347.7062 13.87728706188360
0 COSMOS 2251 DEB
1 34474U 93036TT  12310.81180289  .00003023  00000-0  20473-2 0  9993
2 34474 074.0817 235.0003 0239306 011.7317 348.8922 13.87730778188449
0 COSMOS 2251 DEB
1 34474U 93036TT  12311.82102391  .00002947  00000-0  19979-2 0  9996
2 34474 074.0812 233.2916 0238873 009.7558 350.8088 13.87735301188587
0 COSMOS 2251 DEB
1 34474U 93036TT  12313.19068056  .00002672  00000-0  18133-2 0  9993
2 34474 074.0821 230.9740 0238691 007.2476 353.1758 13.87736959188777
0 COSMOS 2251 DEB
1 34474U 93036TT  12313.83949028  .00001955  00000-0  13124-2 0  9999
2 34474 074.0842 229.8737 0239666 006.0471 354.3915 13.87730311188862
0 COSMOS 2251 DEB
1 34474U 93036TT  12314.19989352  .00002570  00000-0  17453-2 0  9996
2 34474 074.0827 229.2673 0238477 005.2574 355.0787 13.87740315188918
0 COSMOS 2251 DEB
1 34474U 93036TT  12315.20910214  .00002410  00000-0  16367-2 0  9996
2 34474 074.0832 227.5612 0238930 003.3011 356.9088 13.87742156189052
0 COSMOS 2251 DEB
1 34474U 93036TT  12316.14623011  .00002193  00000-0  14874-2 0  9995
2 34474 074.0839 225.9740 0240137 001.4380 358.6864 13.87742835189182
0 COSMOS 2251 DEB
1 34474U 93036TT  12317.15544209  .00002163  00000-0  14663-2 0  9991
2 34474 074.0836 224.2660 0240264 359.4857 000.5842 13.87746621189320
0 COSMOS 2251 DEB
1 34474U 93036TT  12318.16464998  .00002084  00000-0  14131-2 0  9991
2 34474 074.0828 222.5577 0240379 357.6125 002.3752 13.87749150189469
0 COSMOS 2251 DEB
1 34474U 93036TT  12319.75053649  .00001993  00000-0  13530-2 0  9994
2 34474 074.0828 219.8753 0240208 354.6147 005.2370 13.87754028189688
0 COSMOS 2251 DEB
1 34474U 93036TT  12321.12015855  .00001984  00000-0  13467-2 0  9994
2 34474 074.0836 217.5576 0240060 352.0198 007.7283 13.87759624189877
0 COSMOS 2251 DEB
1 34474U 93036TT  12322.12934579  .00001976  00000-0  13415-2 0  9992
2 34474 074.0837 215.8506 0239965 350.0936 009.5503 13.87763574190014
0 COSMOS 2251 DEB
1 34474U 93036TT  12322.70602463  .00002038  00000-0  13822-2 0  9992
2 34474 074.0829 214.8746 0240302 348.7492 010.8815 13.87767706190098
0 COSMOS 2251 DEB
1 34474U 93036TT  12323.71519900  .00002061  00000-0  13972-2 0  9999
2 34474 074.0825 213.1646 0240406 346.8721 012.6228 13.87772300190234
0 COSMOS 2251 DEB
1 34474U 93036TT  12324.65229137  .00002140  00000-0  14487-2 0  9993
2 34474 074.0832 211.5804 0240843 345.1325 014.2858 13.87778101190363
0 COSMOS 2251 DEB
1 34474U 93036TT  12326.74272507  .00002345  00000-0  15852-2 0  9998
2 34474 074.0841 208.0450 0241126 341.2082 018.0803 13.87791375190655
0 COSMOS 2251 DEB
1 34474U 93036TT  12327.10313147  .00002452  00000-0  16551-2 0  9991
2 34474 074.0825 207.4326 0241497 340.6216 018.6183 13.87795417190709
0 COSMOS 2251 DEB
1 34474U 93036TT  12328.11228528  .00002552  00000-0  17214-2 0  9999
2 34474 074.0821 205.7236 0241680 338.7584 020.3876 13.87802901190847
0 COSMOS 2251 DEB
1 34474U 93036TT  12329.69809606  .00002670  00000-0  17978-2 0  9993
2 34474 074.0832 203.0431 0242263 335.6698 023.3203 13.87813434191062
0 COSMOS 2251 DEB
1 34474U 93036TT  12330.70724440  .00002740  00000-0  18475-2 0  9990
2 34474 074.0824 201.3343 0241319 333.8122 025.0931 13.87819942191202
0 COSMOS 2251 DEB
1 34474U 93036TT  12332.00471951  .00002767  00000-0  18652-2 0  9997
2 34474 074.0826 199.1390 0241452 331.3163 027.4869 13.87827533191386
0 COSMOS 2251 DEB
1 34474U 93036TT  12333.01386146 +.00002807 +00000-0 +18924-2 0  9997
2 34474 074.0833 197.4324 0241297 329.3734 029.3573 13.87833927191523
0 COSMOS 2251 DEB
1 34474U 93036TT  12334.02299763  .00002802  00000-0  18882-2 0  9995
2 34474 074.0851 195.7270 0241502 327.3714 031.2644 13.87839510191669
0 COSMOS 2251 DEB
1 34474U 93036TT  12334.59964695  .00002583  00000-0  17412-2 0  9994
2 34474 074.0828 194.7474 0241771 326.4694 032.0260 13.87837353191748
0 COSMOS 2251 DEB
1 34474U 93036TT  12334.59968126  .00001942  00000-0  12988-2 0  9998
2 34474 074.0831 194.7462 0240818 326.4131 032.2393 13.87831115191745
0 COSMOS 2251 DEB
1 34474U 93036TT  12336.04129005  .00002476  00000-0  16686-2 0  9997
2 34474 074.0831 192.3097 0241938 323.5882 034.8751 13.87842776191941
0 COSMOS 2251 DEB
1 34474U 93036TT  12337.05042756  .00002422  00000-0  16341-2 0  9995
2 34474 074.0824 190.6016 0241490 321.5795 036.8232 13.87846724192088
0 COSMOS 2251 DEB
1 34474U 93036TT  12337.98747940  .00002285  00000-0  15444-2 0  9994
2 34474 074.0859 189.0214 0240865 319.7717 038.5435 13.87848800192212
0 COSMOS 2251 DEB
1 34474U 93036TT  12338.99662229  .00001987  00000-0  13467-2 0  9993
2 34474 074.0845 187.3106 0240416 317.8070 040.4090 13.87847053192354
0 COSMOS 2251 DEB
1 34474U 93036TT  12340.65450318  .00001825  00000-0  12408-2 0  9998
2 34474 074.0845 184.5056 0239080 314.6169 043.5532 13.87849996192584
0 COSMOS 2251 DEB
1 34474U 93036TT  12341.66363818  .00001727  00000-0  11751-2 0  9999
2 34474 074.0845 182.7981 0239145 312.5613 045.5415 13.87851789192725
0 COSMOS 2251 DEB
1 34474U 93036TT  12342.67277164  .00001615  00000-0  11019-2 0  9992
2 34474 074.0836 181.0898 0238252 310.5488 047.4708 13.87852589192860
0 COSMOS 2251 DEB
1 34474U 93036TT  12342.96110243  .00001241  00000-0  84657-3 0  9992
2 34474 074.0858 180.6002 0240778 310.3446 047.6166 13.87847708192906
0 COSMOS 2251 DEB
1 34474U 93036TT  12343.97025612  .00001110  00000-0  75887-3 0  9999
2 34474 074.0818 178.8897 0241017 308.5300 049.4428 13.87847803193041
0 COSMOS 2251 DEB
1 34474U 93036TT  12344.97938991  .00001102  00000-0  75318-3 0  9993
2 34474 074.0823 177.1828 0241106 306.5790 051.3334 13.87849886193189
0 COSMOS 2251 DEB
1 34474U 93036TT  12345.98852332  .00001068  00000-0  73026-3 0  9994
2 34474 074.0825 175.4754 0241266 304.6241 053.2282 13.87851496193326
0 COSMOS 2251 DEB
1 34474U 93036TT  12347.57430496  .00000975  00000-0  66836-3 0  9991
2 34474 074.0820 172.7907 0241167 301.5874 056.1763 13.87853060193548
0 COSMOS 2251 DEB
1 34474U 93036TT  12348.58343997  .00000937  00000-0  64329-3 0  9995
2 34474 074.0818 171.0833 0241015 299.6032 058.1231 13.87854374193686
0 COSMOS 2251 DEB
1 34474U 93036TT  12349.59257212  .00000926  00000-0  63606-3 0  9996
2 34474 074.0821 169.3760 0240931 297.6398 060.0445 13.87856120193824
0 COSMOS 2251 DEB
1 34474U 93036TT  12350.60170318  .00000906  00000-0  62283-3 0  9999
2 34474 074.0818 167.6679 0240850 295.6908 061.9514 13.87857692193962
0 COSMOS 2251 DEB
1 34474U 93036TT  12351.61083404  .00000882  00000-0  60621-3 0  9997
2 34474 074.0820 165.9604 0240899 293.7756 063.8288 13.87859219194100
0 COSMOS 2251 DEB
1 34474U 93036TT  12352.61996275  .00000891  00000-0  61204-3 0  9995
2 34474 074.0821 164.2528 0240979 291.8328 065.7352 13.87861278194247
0 COSMOS 2251 DEB
1 34474U 93036TT  12354.27781466  .00000923  00000-0  63396-3 0  9993
2 34474 074.0820 161.4468 0240952 288.6723 068.8478 13.87865098194474
0 COSMOS 2251 DEB
1 34474U 93036TT  12355.57525696  .00000986  00000-0  67579-3 0  9994
2 34474 074.0838 159.2520 0240926 286.0912 071.3877 13.87869007194656
0 COSMOS 2251 DEB
1 34474U 93036TT  12356.61089523  .00001373  00000-0  93219-3 0  9995
2 34474 074.0834 157.4911 0242196 284.3008 205.5948 13.87873122194792
0 COSMOS 2251 DEB
1 34474U 93036TT  12357.91177336  .00001387  00000-0  94114-3 0  9999
2 34474 074.0836 155.2892 0242213 281.8031 225.2255 13.87875960194978
0 COSMOS 2251 DEB
1 34474U 93036TT  12359.19046163  .00001561  00000-0  10572-2 0  9993
2 34474 074.0838 153.1250 0242297 279.3489 133.9986 13.87878037195151
0 COSMOS 2251 DEB
1 34474U 93036TT  12360.56488241  .00001407  00000-0  95401-3 0  9997
2 34474 074.0838 150.7986 0242411 276.7149 161.0938 13.87881187195342
0 COSMOS 2251 DEB
1 34474U 93036TT  12361.87825664  .00001599  00000-0  10822-2 0  9991
2 34474 074.0839 148.5758 0242521 274.2013 243.1901 13.87884161195527
0 COSMOS 2251 DEB
1 34474U 93036TT  12362.88533641  .00001505  00000-0  10188-2 0  9996
2 34474 074.0838 146.8711 0242610 272.2710 234.9386 13.87887078195667
0 COSMOS 2251 DEB
1 34474U 93036TT  12364.45261149  .00001498  00000-0  10142-2 0  9993
2 34474 074.0839 144.2184 0242691 269.2683 145.6526 13.87890313195882
0 COSMOS 2251 DEB
1 34474U 93036TT  12365.46192189  .00001463  00000-0  99080-3 0  9993
2 34474 074.0837 142.5099 0242837 267.3407 148.5611 13.87892568196029
0 COSMOS 2251 DEB
1 34474U 93036TT  12366.47263036  .00001435  00000-0  97136-3 0  9994
2 34474 074.0838 140.7995 0242928 265.4096 158.4641 13.87895275196165
0 COSMOS 2251 DEB
1 34474U 93036TT  13001.48163455  .00001550  00000-0  10481-2 0  9991
2 34474 074.0838 139.0919 0243027 263.4811 159.8627 13.87898072196309
0 COSMOS 2251 DEB
1 34474U 93036TT  13002.86803764  .00001562  00000-0  10557-2 0  9995
2 34474 074.0840 136.7452 0243087 260.8321 246.9177 13.87902648196494
0 COSMOS 2251 DEB
1 34474U 93036TT  13004.43792128  .00001755  00000-0  11833-2 0  9993
2 34474 074.0841 134.0880 0243199 257.8373 170.7405 13.87907475196714
0 COSMOS 2251 DEB
1 34474U 93036TT  13005.44726222  .00001985  00000-0  13360-2 0  9999
2 34474 074.0841 132.3796 0243270 255.9146 173.8599 13.87911155196851
0 COSMOS 2251 DEB
1 34474U 93036TT  13006.45667684  .00002026  00000-0  13633-2 0  9997
2 34474 074.0842 130.6711 0243332 253.9916 177.3620 13.87915468196992
0 COSMOS 2251 DEB
1 34474U 93036TT  13007.46701410  .00002017  00000-0  13571-2 0  9996
2 34474 074.0841 128.9609 0243391 252.0681 185.4905 13.87919938197130
0 COSMOS 2251 DEB
1 34474U 93036TT  13008.70068426  .00002349  00000-0  15771-2 0  9999
2 34474 074.0841 126.8728 0243484 249.7235 229.5134 13.87924131197304
0 COSMOS 2251 DEB
1 34474U 93036TT  13009.78755333  .00002357  00000-0  15824-2 0  9996
2 34474 074.0841 125.0331 0243533 247.6512 260.0690 13.87929740197459
0 COSMOS 2251 DEB
1 34474U 93036TT  13011.42960529  .00003203  00000-0  21434-2 0  9990
2 34474 074.0843 122.2532 0243623 244.5179 184.6502 13.87936160197680
0 COSMOS 2251 DEB
1 34474U 93036TT  13012.74454039  .00003224  00000-0  21567-2 0  9990
2 34474 074.0847 120.0291 0243567 241.9671 274.8502 13.87942821197860
0 COSMOS 2251 DEB
1 34474U 93036TT  13013.75181869  .00002668  00000-0  17872-2 0  9995
2 34474 074.0844 118.3240 0243626 240.0577 267.7881 13.87948780198000
0 COSMOS 2251 DEB
1 34474U 93036TT  13015.24118682  .00002310  00000-0  15494-2 0  9996
2 34474 074.0841 115.8031 0243658 237.2266 149.5663 13.87958558198217
0 COSMOS 2251 DEB
1 34474U 93036TT  13016.40448081  .00001962  00000-0  13182-2 0  9998
2 34474 074.0843 113.8340 0243670 235.0065 202.1262 13.87963274198376
0 COSMOS 2251 DEB
1 34474U 93036TT  13017.41387312  .00002117  00000-0  14211-2 0  9996
2 34474 074.0843 112.1253 0243684 233.0906 205.6997 13.87968019198519
0 COSMOS 2251 DEB
1 34474U 93036TT  13018.72503797  .00001884  00000-0  12661-2 0  9995
2 34474 074.0846 109.9057 0243698 230.5971 277.1524 13.87973501198698
0 COSMOS 2251 DEB
1 34474U 93036TT  13019.73410690  .00001519  00000-0  10236-2 0  9997
2 34474 074.0845 108.1975 0243710 228.6826 279.1490 13.87978131198833
0 COSMOS 2251 DEB
1 34474U 93036TT  13020.74322987  .00001259  00000-0  85127-3 0  9994
2 34474 074.0849 106.4896 0243727 226.7628 281.4335 13.87981047198976
0 COSMOS 2251 DEB
1 34474U 93036TT  13022.38787787  .00001207  00000-0  81664-3 0  9994
2 34474 074.0848 103.7054 0243747 223.6559 219.2430 13.87985636199202
0 COSMOS 2251 DEB
1 34474U 93036TT  13024.33170359  .00001037  00000-0  70368-3 0  9992
2 34474 074.0835 100.4131 0243666 220.0229 211.9443 13.87990040199470
0 COSMOS 2251 DEB
1 34474U 93036TT  13025.56672427  .00001019  00000-0  69167-3 0  9996
2 34474 074.0835 098.3224 0243602 217.6625 263.0316 13.87993869199648
0 COSMOS 2251 DEB
1 34474U 93036TT  13026.57559828  .00000935  00000-0  63615-3 0  9995
2 34474 074.0834 096.6143 0243570 215.7433 264.1215 13.87996451199783
0 COSMOS 2251 DEB
1 34474U 93036TT  13027.58474302  .00000909  00000-0  61907-3 0  9993
2 34474 074.0835 094.9058 0243525 213.8163 266.5864 13.87999643199927
0 COSMOS 2251 DEB
1 34474U 93036TT  13029.22992846  .00001072  00000-0  72736-3 0  9998
2 34474 074.0835 092.1206 0243423 210.6834 207.2137 13.88002207200154
0 COSMOS 2251 DEB
1 34474U 93036TT  13030.23913661  .00000854  00000-0  58254-3 0  9995
2 34474 074.0835 090.4121 0243356 208.7593 210.0111 13.88004582200293
0 COSMOS 2251 DEB
1 34474U 93036TT  13031.24939166  .00000822  00000-0  56116-3 0  9995
2 34474 074.0835 088.7016 0243272 206.8380 218.0444 13.88006359200433
0 COSMOS 2251 DEB
1 34474U 93036TT  13032.25885508  .00000851  00000-0  58034-3 0  9990
2 34474 074.0833 086.9925 0243193 204.9141 222.1317 13.88007980200577
0 COSMOS 2251 DEB
1 34474U 93036TT  13033.26852525  .00000859  00000-0  58564-3 0  9991
2 34474 074.0832 085.2832 0243097 203.0141 227.2335 13.88010132200713
0 COSMOS 2251 DEB
1 34474U 93036TT  13034.27842332  .00000962  00000-0  65426-3 0  9998
2 34474 074.0832 083.5737 0243050 201.0607 233.5388 13.88012276200856
0 COSMOS 2251 DEB
1 34474U 93036TT  13035.28905016  .00001047  00000-0  71054-3 0  9998
2 34474 074.0831 081.8627 0242964 199.1254 243.4706 13.88014138200990
0 COSMOS 2251 DEB
1 34474U 93036TT  13036.59928860  .00000866  00000-0  59092-3 0  9991
2 34474 074.0829 079.6444 0242820 196.6221 310.5164 13.88016110201173
0 COSMOS 2251 DEB
1 34474U 93036TT  13038.24324397  .00000910  00000-0  61993-3 0  9993
2 34474 074.0828 076.8610 0242641 193.4685 245.1174 13.88019544201400
0 COSMOS 2251 DEB
1 34474U 93036TT  13039.25225588  .00000918  00000-0  62532-3 0  9995
2 34474 074.0828 075.1526 0242548 191.5270 247.0158 13.88022030201545
0 COSMOS 2251 DEB
1 34474U 93036TT  13040.26198922  .00000931  00000-0  63428-3 0  9999
2 34474 074.0829 073.4430 0242446 189.5846 252.5286 13.88022948201680
0 COSMOS 2251 DEB
1 34474U 93036TT  13041.57226992  .00000924  00000-0  62928-3 0  9999
2 34474 074.0831 071.2245 0242288 187.0605 319.8488 13.88025136201866
0 COSMOS 2251 DEB
1 34474U 93036TT  13042.58134843  .00000933  00000-0  63563-3 0  9990
2 34474 074.0831 069.5158 0242187 185.1129 322.1088 13.88026896202001
0 COSMOS 2251 DEB
1 34474U 93036TT  13044.15077774  .00000906  00000-0  61786-3 0  9999
2 34474 074.0832 066.8586 0242020 182.0820 244.3953 13.88029409202220
0 COSMOS 2251 DEB
1 34474U 93036TT  13045.15988854  .00000899  00000-0  61274-3 0  9993
2 34474 074.0831 065.1501 0241903 180.1319 246.8340 13.88031637202367
0 COSMOS 2251 DEB
1 34474U 93036TT  13046.16946134  .00000865  00000-0  59054-3 0  9996
2 34474 074.0831 063.4408 0241782 178.1771 251.5923 13.88033063202509
0 COSMOS 2251 DEB
1 34474U 93036TT  13047.48492030  .00000905  00000-0  61744-3 0  9997
2 34474 074.0830 061.2135 0241630 175.6252 344.8546 13.88035259202684
0 COSMOS 2251 DEB
1 34474U 93036TT  13048.49425906  .00000932  00000-0  63508-3 0  9997
2 34474 074.0830 059.5045 0241549 173.6656 348.4627 13.88037286202827
0 COSMOS 2251 DEB
1 34474U 93036TT  13049.50007778  .00000996  00000-0  67795-3 0  9995
2 34474 074.0830 057.8014 0241503 171.7143 334.4862 13.88039332202969
0 COSMOS 2251 DEB
1 34474U 93036TT  13050.50909684  .00000893  00000-0  60943-3 0  9998
2 34474 074.0831 056.0929 0241441 169.7494 336.5173 13.88041772203109
0 COSMOS 2251 DEB
1 34474U 93036TT  13051.51817231  .00000923  00000-0  62923-3 0  9990
2 34474 074.0832 054.3845 0241388 167.7878 338.8333 13.88043562203249
0 COSMOS 2251 DEB
1 34474U 93036TT  13053.08736553  .00000787  00000-0  53880-3 0  9991
2 34474 074.0835 051.7275 0241364 164.7479 260.0406 13.88046213203465
0 COSMOS 2251 DEB
1 34474U 93036TT  13054.09806685  .00000728  00000-0  49913-3 0  9994
2 34474 074.0838 050.0162 0241405 162.8000 270.4799 13.88047811203601
0 COSMOS 2251 DEB
1 34474U 93036TT  13055.10678927  .00000797  00000-0  54533-3 0  9993
2 34474 074.0838 048.3085 0241281 160.8129 271.0820 13.88048363203747
0 COSMOS 2251 DEB
1 34474U 93036TT  13056.11704316  .00000770  00000-0  52731-3 0  9996
2 34474 074.0838 046.5979 0241184 158.8280 279.3345 13.88049564203888
0 COSMOS 2251 DEB
1 34474U 93036TT  13057.42782498  .00000865  00000-0  59092-3 0  9990
2 34474 074.0837 044.3785 0241087 156.2564 349.3301 13.88050771204060
0 COSMOS 2251 DEB
1 34474U 93036TT  13058.43679073  .00000904  00000-0  61633-3 0  9994
2 34474 074.0837 042.6703 0241060 154.2899 351.1390 13.88052124204200
0 COSMOS 2251 DEB
1 34474U 93036TT  13059.44581006  .00000973  00000-0  66241-3 0  9990
2 34474 074.0838 040.9619 0241033 152.3329 353.2121 13.88053683204346
0 COSMOS 2251 DEB
1 34474U 93036TT  13061.01551272  .00001093  00000-0  74209-3 0  9995
2 34474 074.0838 038.3043 0241020 149.2654 277.0539 13.88056673204562
0 COSMOS 2251 DEB
1 34474U 93036TT  13062.02404751  .00001004  00000-0  68332-3 0  9998
2 34474 074.0838 036.5966 0241010 147.2923 276.7376 13.88059222204706
0 COSMOS 2251 DEB
1 34474U 93036TT  13063.25950881  .00001025  00000-0  69678-3 0  9991
2 34474 074.0839 034.5049 0241008 144.8683 330.3995 13.88061800204877
0 COSMOS 2251 DEB
1 34474U 93036TT  13064.26867580  .00001088  00000-0  73852-3 0  9994
2 34474 074.0840 032.7961 0241020 142.9009 333.2537 13.88063523205012
0 COSMOS 2251 DEB
1 34474U 93036TT  13065.91614019  .00001207  00000-0  81777-3 0  9992
2 34474 074.0843 030.0070 0241086 139.6743 285.7397 13.88066948205241
0 COSMOS 2251 DEB
1 34474U 93036TT  13066.92520440  .00001259  00000-0  85213-3 0  9994
2 34474 074.0844 028.2984 0241150 137.7053 288.1038 13.88069486205384
0 COSMOS 2251 DEB
1 34474U 93036TT  13067.93264417  .00001419  00000-0  95891-3 0  9996
2 34474 074.0846 026.5928 0241194 135.7362 282.3625 13.88071599205526
0 COSMOS 2251 DEB
1 34474U 93036TT  13068.94172582  .00001489  00000-0  10053-2 0  9992
2 34474 074.0847 024.8844 0241219 133.7711 284.8265 13.88073872205667
0 COSMOS 2251 DEB
1 34474U 93036TT  13069.95281156  .00001497  00000-0  10104-2 0  9998
2 34474 074.0848 023.1727 0241234 131.8065 297.3084 13.88076516205800
0 COSMOS 2251 DEB
1 34474U 93036TT  13070.96099223  .00001506  00000-0  10160-2 0  9996
2 34474 074.0848 021.4660 0241282 129.8385 295.2913 13.88078910205945
0 COSMOS 2251 DEB
1 34474U 93036TT  13072.19574078  .00001582  00000-0  10663-2 0  9991
2 34474 074.0848 019.3757 0241344 127.4286 345.4702 13.88082701206118
0 COSMOS 2251 DEB
1 34474U 93036TT  13073.20545174  .00001494  00000-0  10075-2 0  9998
2 34474 074.0848 017.6663 0241389 125.4588 351.1218 13.88086092206255
0 COSMOS 2251 DEB
1 34474U 93036TT  13077.16894824  .00001553  00000-0  10457-2 0  9996
2 34474 074.0850 010.9560 0241714 117.7204 357.3292 13.88100995206801
0 COSMOS 2251 DEB
1 34474U 93036TT  13078.17825359  .00001442  00000-0  97204-3 0  9998
2 34474 074.0851 009.2470 0241778 115.7556 001.0181 13.88103305206944
0 COSMOS 2251 DEB
1 34474U 93036TT  13079.18730822  .00001712  00000-0  11509-2 0  9993
2 34474 074.0852 007.5388 0241873 113.7921 003.4628 13.88108846207087
0 COSMOS 2251 DEB
1 34474U 93036TT  13080.19529049  .00001617  00000-0  10877-2 0  9994
2 34474 074.0852 005.8321 0241987 111.8302 000.5594 13.88111719207211
0 COSMOS 2251 DEB
1 34474U 93036TT  13081.28256063  .00001662  00000-0  11170-2 0  9995
2 34474 074.0851 003.9913 0242074 109.7180 033.8879 13.88114190207372
0 COSMOS 2251 DEB
1 34474U 93036TT  13082.85309382  .00001685  00000-0  11319-2 0  9992
2 34474 074.0850 001.3326 0242198 106.6753 322.1999 13.88118012207587
0 COSMOS 2251 DEB
1 34474U 93036TT  13084.15944003  .00001691  00000-0  11356-2 0  9990
2 34474 074.0849 359.1208 0242318 104.1442 010.3245 13.88121299207761
0 COSMOS 2251 DEB
1 34474U 93036TT  13085.16803308  .00001538  00000-0  10338-2 0  9993
2 34474 074.0848 357.4134 0242464 102.1921 010.5148 13.88124445207907
0 COSMOS 2251 DEB
1 34474U 93036TT  13086.17748737  .00001581  00000-0  10624-2 0  9995
2 34474 074.0847 355.7043 0242551 100.2378 015.0199 13.88127337208054
0 COSMOS 2251 DEB
1 34474U 93036TT  13087.18656784  .00001578  00000-0  10603-2 0  9990
2 34474 074.0847 353.9957 0242648 098.2847 017.6666 13.88131063208195
0 COSMOS 2251 DEB
1 34474U 93036TT  13088.19656125  .00001586  00000-0  10650-2 0  9992
2 34474 074.0847 352.2856 0242731 096.3333 024.8850 13.88133714208333
0 COSMOS 2251 DEB
1 34474U 93036TT  13089.84434056  .00001688  00000-0  11319-2 0  9998
2 34474 074.0847 349.4956 0242883 093.1541 339.3231 13.88139740208552
0 COSMOS 2251 DEB
1 34474U 93036TT  13090.85400046  .00001960  00000-0  13122-2 0  9990
2 34474 074.0847 347.7859 0242953 091.2099 344.9058 13.88142356208691
0 COSMOS 2251 DEB
1 34474U 93036TT  13092.16014574  .00002161  00000-0  14450-2 0  9992
2 34474 074.0846 345.5742 0243017 088.6891 032.1367 13.88148090208880
0 COSMOS 2251 DEB
1 34474U 93036TT  13093.16911800  .00002075  00000-0  13874-2 0  9994
2 34474 074.0846 343.8659 0243100 086.7444 034.3107 13.88152062209021
0 COSMOS 2251 DEB
1 34474U 93036TT  13095.11404029  .00002144  00000-0  14331-2 0  9997
2 34474 074.0842 340.5728 0243202 082.9940 033.7908 13.88159683209297
0 COSMOS 2251 DEB
1 34474U 93036TT  13096.12962072  .00002237  00000-0  14942-2 0  9997
2 34474 074.0841 338.8531 0243240 081.0372 069.0316 13.88164517209432
0 COSMOS 2251 DEB
1 34474U 93036TT  13097.13701510  .00002282  00000-0  15234-2 0  9992
2 34474 074.0839 337.1473 0243303 079.0988 063.3762 13.88170020209579
0 COSMOS 2251 DEB
1 34474U 93036TT  13098.70129162  .00002407  00000-0  16056-2 0  9995
2 34474 074.0835 334.4982 0243436 076.0971 320.7166 13.88177251209780
0 COSMOS 2251 DEB
1 34474U 93036TT  13100.09321920  .00003035  00000-0  20207-2 0  9998
2 34474 074.0842 332.1429 0243412 073.4056 076.8151 13.88182527209985
0 COSMOS 2251 DEB
1 34474U 93036TT  13101.10426259  .00002496  00000-0  16638-2 0  9995
2 34474 074.0840 330.4306 0243465 071.4681 089.4584 13.88189073210129
0 COSMOS 2251 DEB
1 34474U 93036TT  13102.10942626  .00002833  00000-0  18865-2 0  9996
2 34474 074.0839 328.7282 0243473 069.5295 072.7517 13.88194530210268
0 COSMOS 2251 DEB
1 34474U 93036TT  13103.67361544  .00002238  00000-0  14930-2 0  9991
2 34474 074.0841 326.0790 0243513 066.5289 329.7884 13.88203074210470
0 COSMOS 2251 DEB
1 34474U 93036TT  13104.68788270  .00001953  00000-0  13045-2 0  9991
2 34474 074.0841 324.3613 0243552 064.5795 358.6172 13.88205708210611
0 COSMOS 2251 DEB
1 34474U 93036TT  13106.63195088  .00001238  00000-0  83176-3 0  9996
2 34474 074.0841 321.0690 0243626 060.8503 354.1731 13.88214033210880
0 COSMOS 2251 DEB
1 34474U 93036TT  13107.71613282  .00001191  00000-0  80092-3 0  9999
2 34474 074.0840 319.2330 0243643 058.7748 012.4341 13.88215942211034
0 COSMOS 2251 DEB
1 34474U 93036TT  13109.65959757  .00001198  00000-0  80590-3 0  9994
2 34474 074.0828 315.9398 0243630 055.0619 005.0219 13.88219250211308
0 COSMOS 2251 DEB
1 34474U 93036TT  13110.66939684  .00001268  00000-0  85219-3 0  9995
2 34474 074.0826 314.2295 0243608 053.1146 011.5846 13.88221755211449
0 COSMOS 2251 DEB
1 34474U 93036TT  13111.98535102  .00001492  00000-0  99993-3 0  9991
2 34474 074.0826 312.0005 0243588 050.5628 108.2126 13.88223896211631
0 COSMOS 2251 DEB
1 34474U 93036TT  13114.55487815  .00001149  00000-0  77359-3 0  9995
2 34474 074.0828 307.6485 0243506 045.6190 349.7011 13.88231898211988
0 COSMOS 2251 DEB
1 34474U 93036TT  13115.56376887  .00001058  00000-0  71337-3 0  9992
2 34474 074.0828 305.9396 0243483 043.6644 351.7747 13.88233960212124
0 COSMOS 2251 DEB
1 34474U 93036TT  13117.50920534  .00001054  00000-0  71107-3 0  9993
2 34474 074.0828 302.6446 0243426 039.9051 354.3886 13.88237893212392
0 COSMOS 2251 DEB
1 34474U 93036TT  13118.51816532  .00001077  00000-0  72594-3 0  9993
2 34474 074.0828 300.9357 0243357 037.9578 356.8271 13.88240709212530
0 COSMOS 2251 DEB
1 34474U 93036TT  13119.53202172  .00001090  00000-0  73495-3 0  9991
2 34474 074.0825 299.2181 0243307 035.9987 023.7478 13.88243281212671
0 COSMOS 2251 DEB
1 34474U 93036TT  13120.53592096  .00001303  00000-0  87585-3 0  9992
2 34474 074.0824 297.5177 0243260 034.0545 000.9219 13.88246517212815
0 COSMOS 2251 DEB
1 34474U 93036TT  13125.43487755  .00001107  00000-0  74646-3 0  9997
2 34474 074.0823 289.2197 0242977 024.5488 004.5674 13.88262463213496
0 COSMOS 2251 DEB
1 34474U 93036TT  13126.60422047  .00001091  00000-0  73590-3 0  9999
2 34474 074.0825 287.2388 0243040 022.2744 088.6661 13.88264898213651
0 COSMOS 2251 DEB
1 34474U 93036TT  13127.90765990  .00001039  00000-0  70122-3 0  9990
2 34474 074.0827 285.0310 0242999 019.7402 122.9588 13.88268583213844
0 COSMOS 2251 DEB
1 34474U 93036TT  13129.47125100  .00000872  00000-0  59160-3 0  9990
2 34474 074.0827 282.3825 0242937 016.6998 017.4535 13.88271593214052
0 COSMOS 2251 DEB
1 34474U 93036TT  13130.86225747  .00000953  00000-0  64515-3 0  9993
2 34474 074.0827 280.0265 0242922 013.9932 129.4241 13.88273915214257
0 COSMOS 2251 DEB
1 34474U 93036TT  13131.87101310  .00000930  00000-0  62994-3 0  9998
2 34474 074.0827 278.3178 0242893 012.0297 130.9863 13.88276259214397
0 COSMOS 2251 DEB
1 34474U 93036TT  13132.87983664  .00001187  00000-0  79933-3 0  9995
2 34474 074.0827 276.6092 0242859 010.0552 132.9074 13.88277704214535
0 COSMOS 2251 DEB
1 34474U 93036TT  13134.44723400  .00001106  00000-0  74604-3 0  9991
2 34474 074.0828 273.9545 0242848 007.0071 046.4734 13.88280463214740
0 COSMOS 2251 DEB
1 34474U 93036TT  13135.45809444  .00001034  00000-0  69864-3 0  9998
2 34474 074.0824 272.2421 0242839 005.0290 058.5912 13.88282820214888
0 COSMOS 2251 DEB
1 34474U 93036TT  13136.46614961  .00001109  00000-0  74840-3 0  9991
2 34474 074.0825 270.5345 0242840 003.0638 056.6891 13.88285098215023
0 COSMOS 2251 DEB
1 34474U 93036TT  13137.47576027  .00001066  00000-0  71997-3 0  9995
2 34474 074.0826 268.8242 0242846 001.0979 062.5686 13.88287906215165
0 COSMOS 2251 DEB
1 34474U 93036TT  13138.78312376  .00001163  00000-0  78352-3 0  9995
2 34474 074.0829 266.6098 0242869 358.5512 116.5872 13.88291974215348
0 COSMOS 2251 DEB
1 34474U 93036TT  13139.79269286  .00001078  00000-0  72733-3 0  9990
2 34474 074.0830 264.8998 0242894 356.5840 122.2859 13.88294509215491
0 COSMOS 2251 DEB
1 34474U 93036TT  13140.80647631  .00001005  00000-0  67921-3 0  9991
2 34474 074.0830 263.1826 0242912 354.6091 149.0522 13.88296682215635
0 COSMOS 2251 DEB
1 34474U 93036TT  13141.81072362  .00000957  00000-0  64752-3 0  9990
2 34474 074.0830 261.4814 0242939 352.6527 128.1691 13.88298773215777
0 COSMOS 2251 DEB
1 34474U 93036TT  13143.75584581  .00001180  00000-0  79522-3 0  9996
2 34474 074.0830 258.1867 0242985 348.8573 129.7068 13.88302153216041
0 COSMOS 2251 DEB
1 34474U 93036TT  13144.76488433  .00001197  00000-0  80607-3 0  9991
2 34474 074.0829 256.4775 0243022 346.8939 132.7867 13.88305109216185
0 COSMOS 2251 DEB
1 34474U 93036TT  13145.77856525  .00001101  00000-0  74266-3 0  9993
2 34474 074.0828 254.7605 0243059 344.9203 159.0812 13.88308345216323
0 COSMOS 2251 DEB
1 34474U 93036TT  13147.34554205  .00000966  00000-0  65337-3 0  9995
2 34474 074.0828 252.1063 0243100 341.8653 070.7317 13.88311752216533
0 COSMOS 2251 DEB
1 34474U 93036TT  13148.35454318  .00000923  00000-0  62503-3 0  9996
2 34474 074.0828 250.3972 0243132 339.8955 073.6678 13.88313766216673
0 COSMOS 2251 DEB
1 34474U 93036TT  13149.36468626  .00000904  00000-0  61238-3 0  9998
2 34474 074.0829 248.6860 0243174 337.9266 082.3134 13.88315749216813
0 COSMOS 2251 DEB
1 34474U 93036TT  13150.37412188  .00000919  00000-0  62226-3 0  9997
2 34474 074.0828 246.9760 0243225 335.9643 087.4260 13.88317415216959
0 COSMOS 2251 DEB
1 34474U 93036TT  13151.75950887  .00000985  00000-0  66593-3 0  9997
2 34474 074.0830 244.6293 0243279 333.2618 171.5475 13.88319804217150
0 COSMOS 2251 DEB
1 34474U 93036TT  13153.32836424  .00001016  00000-0  68590-3 0  9997
2 34474 074.0830 241.9718 0243355 330.2001 092.6569 13.88324543217366
0 COSMOS 2251 DEB
1 34474U 93036TT  13155.19298311  .00000753  00000-0  51235-3 0  9996
2 34474 074.0829 238.8134 0243459 326.5739 052.0029 13.88328606217626
0 COSMOS 2251 DEB
1 34474U 93036TT  13156.73159046  .00000826  00000-0  56102-3 0  9997
2 34474 074.0827 236.2072 0243549 323.5820 181.9681 13.88331490217840
0 COSMOS 2251 DEB
1 34474U 93036TT  13158.30034683  .00000849  00000-0  57610-3 0  9991
2 34474 074.0824 233.5498 0243625 320.5385 102.6219 13.88337250218058
0 COSMOS 2251 DEB
1 34474U 93036TT  13160.62348736  .00000793  00000-0  53860-3 0  9997
2 34474 074.0822 229.6142 0243747 316.0404 193.7384 13.88341653218387
0 COSMOS 2251 DEB
1 34474U 93036TT  13161.62657149  .00000876  00000-0  59348-3 0  9998
2 34474 074.0822 227.9148 0243801 314.0933 167.1974 13.88342875218523
0 COSMOS 2251 DEB
1 34474U 93036TT  13162.63540473  .00000835  00000-0  56634-3 0  9991
2 34474 074.0823 226.2057 0243862 312.1384 169.3915 13.88345295218664
0 COSMOS 2251 DEB
1 34474U 93036TT  13163.86036029  .00000834  00000-0  56578-3 0  9990
2 34474 074.0823 224.1305 0243943 309.7642 171.7871 13.88347677218839
0 COSMOS 2251 DEB
1 34474U 93036TT  13165.13929615  .00000766  00000-0  52091-3 0  9994
2 34474 074.0823 221.9641 0244010 307.2814 083.9938 13.88350213219005
0 COSMOS 2251 DEB
1 34474U 93036TT  13166.22705567  .00000769  00000-0  52234-3 0  9995
2 34474 074.0822 220.1213 0244072 305.1754 120.6921 13.88352504219150
0 COSMOS 2251 DEB
1 34474U 93036TT  13167.23520725  .00000804  00000-0  54566-3 0  9998
2 34474 074.0820 218.4132 0244138 303.2226 119.5120 13.88354830219291
0 COSMOS 2251 DEB
1 34474U 93036TT  13168.24464644  .00000819  00000-0  55560-3 0  9998
2 34474 074.0819 216.7033 0244197 301.2686 124.7726 13.88357410219436
0 COSMOS 2251 DEB
1 34474U 93036TT  13172.13413718  .00000982  00000-0  66229-3 0  9992
2 34474 074.0814 210.1142 0244324 293.7585 124.8306 13.88368232219973
0 COSMOS 2251 DEB
1 34474U 93036TT  13179.12269345  .00000856  00000-0  57943-3 0  9996
2 34474 074.0817 198.2744 0244413 280.2741 134.6919 13.88383999220949
0 COSMOS 2251 DEB
1 34474U 93036TT  13180.51017109  .00000706  00000-0  48068-3 0  9992
2 34474 074.0816 195.9237 0244393 277.6000 229.5590 13.88387627221148
0 COSMOS 2251 DEB
1 34474U 93036TT  13181.51891285  .00000674  00000-0  45949-3 0  9997
2 34474 074.0816 194.2146 0244378 275.6542 231.4508 13.88389918221282
0 COSMOS 2251 DEB
1 34474U 93036TT  13182.52771558  .00000806  00000-0  54643-3 0  9997
2 34474 074.0817 192.5054 0244346 273.7063 233.6579 13.88392420221424
0 COSMOS 2251 DEB
1 34474U 93036TT  13183.80771002  .00000798  00000-0  54140-3 0  9995
2 34474 074.0816 190.3367 0244305 271.2302 151.3521 13.88394927221595
0 COSMOS 2251 DEB
1 34474U 93036TT  13185.47778821  .00000797  00000-0  54062-3 0  9998
2 34474 074.0820 187.5072 0244234 268.0077 218.7784 13.88399022221832
0 COSMOS 2251 DEB
1 34474U 93036TT  13187.13296509  .00000859  00000-0  58132-3 0  9992
2 34474 074.0822 184.7028 0244188 264.8197 211.7449 13.88403531222067
0 COSMOS 2251 DEB
1 34474U 93036TT  13188.14174894  .00000989  00000-0  66668-3 0  9993
2 34474 074.0823 182.9936 0244017 262.8525 213.9239 13.88406713222202
0 COSMOS 2251 DEB
1 34474U 93036TT  13189.44486856  .00000840  00000-0  56864-3 0  9994
2 34474 074.0824 180.7857 0243959 260.3378 247.2605 13.88410072222383
0 COSMOS 2251 DEB
1 34474U 93036TT  13190.45643804  .00000908  00000-0  61340-3 0  9995
2 34474 074.0826 179.0718 0243909 258.3826 263.3654 13.88411598222525
0 COSMOS 2251 DEB
1 34474U 93036TT  13192.10460231  .00000722  00000-0  49128-3 0  9994
2 34474 074.0825 176.2795 0243796 255.1927 221.3698 13.88416975222750
0 COSMOS 2251 DEB
1 34474U 93036TT  13193.11360990  .00000715  00000-0  48660-3 0  9999
2 34474 074.0826 174.5699 0243719 253.2379 224.6992 13.88418866222899
0 COSMOS 2251 DEB
1 34474U 93036TT  13194.41650138  .00000667  00000-0  45513-3 0  9999
2 34474 074.0827 172.3625 0243630 250.7157 256.9590 13.88422218223072
0 COSMOS 2251 DEB
1 34474U 93036TT  13195.42524937  .00000693  00000-0  47217-3 0  9990
2 34474 074.0828 170.6535 0243552 248.7593 259.0109 13.88425338223210
0 COSMOS 2251 DEB
1 34474U 93036TT  13196.43405001  .00000639  00000-0  43701-3 0  9996
2 34474 074.0828 168.9444 0243479 246.8036 261.3396 13.88426820223354
0 COSMOS 2251 DEB
1 34474U 93036TT  13198.00306225  .00000640  00000-0  43727-3 0  9999
2 34474 074.0829 166.2861 0243361 243.7571 183.8123 13.88429931223564
0 COSMOS 2251 DEB
1 34474U 93036TT  13199.38808950  .00000650  00000-0  44415-3 0  9999
2 34474 074.0830 163.9395 0243273 241.0734 266.6710 13.88432179223768
0 COSMOS 2251 DEB
1 34474U 93036TT  13200.39685719  .00000683  00000-0  46614-3 0  9998
2 34474 074.0832 162.2305 0243226 239.1212 268.8594 13.88435026223904
0 COSMOS 2251 DEB
1 34474U 93036TT  13201.40567743  .00000742  00000-0  50490-3 0  9990
2 34474 074.0832 160.5213 0243159 237.1616 271.3266 13.88436713224049
0 COSMOS 2251 DEB
1 34474U 93036TT  13202.97440616  .00000677  00000-0  46199-3 0  9990
2 34474 074.0831 157.8636 0243056 234.1141 192.4387 13.88438814224256
0 COSMOS 2251 DEB
1 34474U 93036TT  13203.98445331  .00000781  00000-0  53034-3 0  9993
2 34474 074.0831 156.1524 0242997 232.1517 201.0536 13.88440549224398
0 COSMOS 2251 DEB
1 34474U 93036TT  13205.36843166  .00000749  00000-0  50936-3 0  9997
2 34474 074.0830 153.8077 0242912 229.4637 278.7325 13.88442738224594
0 COSMOS 2251 DEB
1 34474U 93036TT  13207.31372030  .00000803  00000-0  54526-3 0  9991
2 34474 074.0828 150.5119 0242800 225.6827 282.0868 13.88446601224860
0 COSMOS 2251 DEB
1 34474U 93036TT  13208.96556236  .00000793  00000-0  53861-3 0  9994
2 34474 074.0828 147.7130 0242659 222.4476 258.7193 13.88449248225095
0 COSMOS 2251 DEB
1 34474U 93036TT  13209.97359206  .00000711  00000-0  48442-3 0  9993
2 34474 074.0830 146.0052 0242597 220.4814 257.2951 13.88451218225230
0 COSMOS 2251 DEB
1 34474U 93036TT  13210.98586977  .00000730  00000-0  49682-3 0  9991
2 34474 074.0829 144.2899 0242537 218.5087 277.1093 13.88452286225370
0 COSMOS 2251 DEB
1 34474U 93036TT  13212.28517209  .00000811  00000-0  55036-3 0  9998
2 34474 074.0830 142.0887 0242460 215.9680 291.6163 13.88455084225558
0 COSMOS 2251 DEB
1 34474U 93036TT  13213.29388801  .00000932  00000-0  62976-3 0  9999
2 34474 074.0831 140.3798 0242423 214.0018 293.6420 13.88456443225698
0 COSMOS 2251 DEB
1 34474U 93036TT  13214.30266051  .00000993  00000-0  67020-3 0  9996
2 34474 074.0831 138.6707 0242381 212.0315 295.9594 13.88457872225839
0 COSMOS 2251 DEB
1 34474U 93036TT  13215.58328266  .00000923  00000-0  62399-3 0  9991
2 34474 074.0831 136.5011 0242339 209.5375 217.1100 13.88460590226004
0 COSMOS 2251 DEB
1 34474U 93036TT  13216.81037382  .00001026  00000-0  69211-3 0  9999
2 34474 074.0829 134.4223 0242307 207.1473 230.6985 13.88462371226179
0 COSMOS 2251 DEB
1 34474U 93036TT  13218.18855227  .00001082  00000-0  72847-3 0  9998
2 34474 074.0827 132.0874 0242275 204.4533 279.5141 13.88465283226377
0 COSMOS 2251 DEB
1 34474U 93036TT  13219.20204626  .00001054  00000-0  71058-3 0  9995
2 34474 074.0826 130.3703 0242246 202.4685 305.4696 13.88466969226514
0 COSMOS 2251 DEB
1 34474U 93036TT  13220.84289907  .00000930  00000-0  62860-3 0  9995
2 34474 074.0825 127.5903 0242222 199.2723 227.2770 13.88470502226739
0 COSMOS 2251 DEB
1 34474U 93036TT  13221.85235080  .00001061  00000-0  71476-3 0  9999
2 34474 074.0825 125.8800 0242211 197.3057 233.0352 13.88472089226871
0 COSMOS 2251 DEB
1 34474U 93036TT  13222.86210926  .00001044  00000-0  70337-3 0  9999
2 34474 074.0825 124.1692 0242195 195.3323 240.3389 13.88474765227018
0 COSMOS 2251 DEB
1 34474U 93036TT  13224.17660078  .00000950  00000-0  64165-3 0  9999
2 34474 074.0825 121.9420 0242178 192.7666 330.8676 13.88476191227204
0 COSMOS 2251 DEB
1 34474U 93036TT  13225.18195611  .00001136  00000-0  76401-3 0  9990
2 34474 074.0824 120.2386 0242172 190.8124 316.1697 13.88478163227344
0 COSMOS 2251 DEB
1 34474U 93036TT  13226.46071190  .00001291  00000-0  86598-3 0  9997
2 34474 074.0824 118.0719 0242173 188.3137 228.0915 13.88480630227511
0 COSMOS 2251 DEB
1 34474U 93036TT  13227.83405914  .00001310  00000-0  87839-3 0  9995
2 34474 074.0822 115.7449 0242173 185.6408 252.8367 13.88483674227702
0 COSMOS 2251 DEB
1 34474U 93036TT  13229.14782152  .00001349  00000-0  90380-3 0  9990
2 34474 074.0821 113.5189 0242194 183.0713 339.7712 13.88488293227893
0 COSMOS 2251 DEB
1 34474U 93036TT  13230.49791479  .00001363  00000-0  91283-3 0  9991
2 34474 074.0820 111.2313 0242207 180.4460 248.3123 13.88490514228072
0 COSMOS 2251 DEB
1 34474U 93036TT  13231.80548823  .00001424  00000-0  95324-3 0  9998
2 34474 074.0819 109.0157 0242233 177.8998 304.3314 13.88494102228269
0 COSMOS 2251 DEB
1 34474U 93036TT  13232.81399289  .00001367  00000-0  91519-3 0  9998
2 34474 074.0819 107.3069 0242264 175.9350 305.4406 13.88497215228405
0 COSMOS 2251 DEB
1 34474U 93036TT  13234.11584957  .00001571  00000-0  10498-2 0  9994
2 34474 074.0819 105.1008 0242279 173.4087 332.9059 13.88501875228586
0 COSMOS 2251 DEB
1 34474U 93036TT  13235.12449906  .00001693  00000-0  11298-2 0  9994
2 34474 074.0820 103.3917 0242299 171.4509 334.7605 13.88504581228726
0 COSMOS 2251 DEB
1 34474U 93036TT  13236.77785971  .00001580  00000-0  10553-2 0  9999
2 34474 074.0820 100.5901 0242363 168.2385 319.3089 13.88510757228958
0 COSMOS 2251 DEB
1 34474U 93036TT  13237.78735638  .00001573  00000-0  10506-2 0  9996
2 34474 074.0820 098.8796 0242382 166.2793 325.4303 13.88513865229097
0 COSMOS 2251 DEB
1 34474U 93036TT  13238.79491294  .00001479  00000-0  98827-3 0  9993
2 34474 074.0820 097.1723 0242414 164.3232 321.8664 13.88516138229234
0 COSMOS 2251 DEB
1 34474U 93036TT  13240.01878062  .00001463  00000-0  97741-3 0  9990
2 34474 074.0818 095.0985 0242459 161.9484 319.5798 13.88520840229405
0 COSMOS 2251 DEB
1 34474U 93036TT  13241.02754812  .00001474  00000-0  98487-3 0  9998
2 34474 074.0817 093.3890 0242485 159.9945 322.0894 13.88523466229546
0 COSMOS 2251 DEB
1 34474U 93036TT  13242.75767466  .00001562  00000-0  10425-2 0  9991
2 34474 074.0817 090.4570 0242538 156.6461 330.4640 13.88528166229785
0 COSMOS 2251 DEB
1 34474U 93036TT  13243.76640560  .00001534  00000-0  10240-2 0  9992
2 34474 074.0816 088.7474 0242528 154.6990 332.8132 13.88531091229920
0 COSMOS 2251 DEB
1 34474U 93036TT  13244.77600519  .00001516  00000-0  10122-2 0  9993
2 34474 074.0817 087.0364 0242544 152.7475 339.5174 13.88533915230060
0 COSMOS 2251 DEB
1 34474U 93036TT  13245.92600634  .00001380  00000-0  92251-3 0  9992
2 34474 074.0818 085.0875 0242555 150.5272 328.0603 13.88536167230229
0 COSMOS 2251 DEB
1 34474U 93036TT  13247.00754164  .00001424  00000-0  95107-3 0  9993
2 34474 074.0819 083.2544 0242547 148.4403 334.3677 13.88539150230378
0 COSMOS 2251 DEB
1 34474U 93036TT  13248.36601593  .00001408  00000-0  94031-3 0  9997
2 34474 074.0821 080.9522 0242572 145.8244 285.0306 13.88542878230555
0 COSMOS 2251 DEB
1 34474U 93036TT  13249.51103701  .00001237  00000-0  82768-3 0  9997
2 34474 074.0822 079.0119 0242565 143.6202 248.7087 13.88546497230710
0 COSMOS 2251 DEB
1 34474U 93036TT  13250.68277081  .00001272  00000-0  85076-3 0  9994
2 34474 074.0823 077.0260 0242543 141.3639 345.9328 13.88548843230884
0 COSMOS 2251 DEB
1 34474U 93036TT  13251.69108765  .00001255  00000-0  83988-3 0  9999
2 34474 074.0822 075.3172 0242520 139.4244 346.2795 13.88551699231023
0 COSMOS 2251 DEB
1 34474U 93036TT  13253.85101273  .00001302  00000-0  87053-3 0  9996
2 34474 074.0824 071.6569 0242459 135.2741 343.2819 13.88557580231323
0 COSMOS 2251 DEB
1 34474U 93036TT  13254.85949497  .00001384  00000-0  92456-3 0  9998
2 34474 074.0825 069.9478 0242415 133.3325 344.4849 13.88560378231462
0 COSMOS 2251 DEB
1 34474U 93036TT  13255.86787211  .00001539  00000-0  10264-2 0  9992
2 34474 074.0826 068.2389 0242366 131.3896 345.1741 13.88563055231602
0 COSMOS 2251 DEB
1 34474U 93036TT  13256.87655995  .00001478  00000-0  98656-3 0  9991
2 34474 074.0828 066.5294 0242313 129.4481 347.4260 13.88565534231740
0 COSMOS 2251 DEB
1 34474U 93036TT  13257.88579433  .00001245  00000-0  83309-3 0  9996
2 34474 074.0830 064.8191 0242244 127.5091 352.4178 13.88567889231883
0 COSMOS 2251 DEB
1 34474U 93036TT  13258.90106951  .00001330  00000-0  88895-3 0  9991
2 34474 074.0832 063.0984 0242176 125.5567 027.6159 13.88570315232021
0 COSMOS 2251 DEB
1 34474U 93036TT  13259.90401528  .00001314  00000-0  87872-3 0  9996
2 34474 074.0834 061.3987 0242112 123.6226 001.1959 13.88572627232166
0 COSMOS 2251 DEB
1 34474U 93036TT  13261.39638204  .00000992  00000-0  66692-3 0  9993
2 34474 074.0836 058.8698 0241988 120.7450 261.3344 13.88577807232360
0 COSMOS 2251 DEB
1 34474U 93036TT  13262.85647922  .00001003  00000-0  67437-3 0  9994
2 34474 074.0838 056.3956 0241870 117.9293 000.1897 13.88581258232575
0 COSMOS 2251 DEB
1 34474U 93036TT  13263.87142676  .00001070  00000-0  71840-3 0  9990
2 34474 074.0838 054.6757 0241788 115.9691 033.8069 13.88583819232718
0 COSMOS 2251 DEB
1 34474U 93036TT  13264.87440661  .00001085  00000-0  72827-3 0  9998
2 34474 074.0837 052.9762 0241692 114.0331 007.6058 13.88586840232858
0 COSMOS 2251 DEB
1 34474U 93036TT  13266.09919043  .00000970  00000-0  65238-3 0  9999
2 34474 074.0837 050.9008 0241564 111.6712 010.1908 13.88591009233029
0 COSMOS 2251 DEB
1 34474U 93036TT  13267.45515773  .00001075  00000-0  72188-3 0  9991
2 34474 074.0838 048.6031 0241425 109.0515 308.5786 13.88594634233203
0 COSMOS 2251 DEB
1 34474U 93036TT  13268.76391539  .00001020  00000-0  68593-3 0  9993
2 34474 074.0839 046.3852 0241304 106.5168 010.9921 13.88598966233399
0 COSMOS 2251 DEB
1 34474U 93036TT  13269.92075933  .00001121  00000-0  75246-3 0  9994
2 34474 074.0841 044.4247 0241195 104.2754 034.0125 13.88601467233555
0 COSMOS 2251 DEB
1 34474U 93036TT  13271.49223250  .00001117  00000-0  75025-3 0  9996
2 34474 074.0844 041.7618 0241011 101.2327 329.7663 13.88605194233765
0 COSMOS 2251 DEB
1 34474U 93036TT  13272.80491160  .00001019  00000-0  68543-3 0  9997
2 34474 074.0845 039.5373 0240844 098.6903 051.8317 13.88607984233950
0 COSMOS 2251 DEB
1 34474U 93036TT  13273.88393275  .00001083  00000-0  72789-3 0  9992
2 34474 074.0847 037.7088 0240736 096.5955 045.8567 13.88609665234105
0 COSMOS 2251 DEB
1 34474U 93036TT  13275.45386855  .00001405  00000-0  94075-3 0  9993
2 34474 074.0847 035.0485 0240557 093.5422 333.9750 13.88619381234318
0 COSMOS 2251 DEB
1 34474U 93036TT  13276.76725264  .00000834  00000-0  56425-3 0  9991
2 34474 074.0848 032.8232 0240474 090.9871 059.6358 13.88618837234503
0 COSMOS 2251 DEB
1 34474U 93036TT  13281.73115448  .00000956  00000-0  64499-3 0  9996
2 34474 074.0850 024.4119 0239989 081.3070 034.4692 13.88627488235180
0 COSMOS 2251 DEB
1 34474U 93036TT  13283.08951677  .00001077  00000-0  72524-3 0  9991
2 34474 074.0850 022.1100 0239847 078.6575 345.0360 13.88635334235370
0 COSMOS 2251 DEB
1 34474U 93036TT  13285.70027248  .00001086  00000-0  73097-3 0  9996
2 34474 074.0852 017.6859 0239687 073.5587 076.5003 13.88639589235748
0 COSMOS 2251 DEB
1 34474U 93036TT  13286.70247613  .00001209  00000-0  81221-3 0  9992
2 34474 074.0852 015.9877 0239616 071.5980 046.6476 13.88641347235888
0 COSMOS 2251 DEB
1 34474U 93036TT  13287.71967770  .00001662  00000-0  11115-2 0  9994
2 34474 074.0851 014.2641 0239567 069.6111 091.7700 13.88645815236029
0 COSMOS 2251 DEB
1 34474U 93036TT  13288.99506112  .00001409  00000-0  94443-3 0  9999
2 34474 074.0849 012.1029 0239446 067.1078 347.6159 13.88650627236190
0 COSMOS 2251 DEB
1 34474U 93036TT  13290.07830547  .00001366  00000-0  91650-3 0  9992
2 34474 074.0848 010.2674 0239391 064.9863 002.9386 13.88652749236347
0 COSMOS 2251 DEB
1 34474U 93036TT  13291.38684420  .00001371  00000-0  92015-3 0  9996
2 34474 074.0846 008.0499 0239321 062.4228 064.5607 13.88655996236534
0 COSMOS 2251 DEB
1 34474U 93036TT  13292.39466338  .00001421  00000-0  95276-3 0  9992
2 34474 074.0846 006.3422 0239266 060.4457 062.8441 13.88658484236678
0 COSMOS 2251 DEB
1 34474U 93036TT  13293.61778972  .00001538  00000-0  10302-2 0  9993
2 34474 074.0846 004.2693 0239256 058.0594 057.4925 13.88661569236832
0 COSMOS 2251 DEB
1 34474U 93036TT  13294.63330521  .00001616  00000-0  10820-2 0  9992
2 34474 074.0846 002.5484 0239246 056.0747 094.2671 13.88664600236980
0 COSMOS 2251 DEB
1 34474U 93036TT  13295.63594330  .00001654  00000-0  11069-2 0  9991
2 34474 074.0846 000.8492 0239232 054.1125 066.6774 13.88666859237126
0 COSMOS 2251 DEB
1 34474U 93036TT  13296.64496150  .00001550  00000-0  10383-2 0  9997
2 34474 074.0847 359.1393 0239214 052.1316 070.9949 13.88671104237263
0 COSMOS 2251 DEB
1 34474U 93036TT  13298.21611328  .00001758  00000-0  11758-2 0  9995
2 34474 074.0846 356.4768 0239222 049.0582 005.5712 13.88672952237474
0 COSMOS 2251 DEB
1 34474U 93036TT  13299.30047376  .00001724  00000-0  11529-2 0  9991
2 34474 074.0845 354.6392 0239239 046.9371 026.5727 13.88675139237622
0 COSMOS 2251 DEB
1 34474U 93036TT  13300.31965030  .00001768  00000-0  11818-2 0  9990
2 34474 074.0844 352.9120 0239230 044.9308 081.7152 13.88680217237774
0 COSMOS 2251 DEB
1 34474U 93036TT  13301.83121792  .00001618  00000-0  10829-2 0  9992
2 34474 074.0841 350.3504 0239281 041.9716 078.4641 13.88686304237987
0 COSMOS 2251 DEB
1 34474U 93036TT  13302.83858918  .00002226  00000-0  14837-2 0  9999
2 34474 074.0839 348.6429 0239316 040.0072 074.6070 13.88689044238118
0 COSMOS 2251 DEB
1 34474U 93036TT  13303.84644858  .00002246  00000-0  14973-2 0  9990
2 34474 074.0838 346.9348 0239361 038.0339 073.2083 13.88692899238257
0 COSMOS 2251 DEB
1 34474U 93036TT  13305.20467731  .00002134  00000-0  14231-2 0  9998
2 34474 074.0837 344.6327 0239430 035.3859 023.4255 13.88697076238443
0 COSMOS 2251 DEB
1 34474U 93036TT  13306.21392602  .00002181  00000-0  14534-2 0  9992
2 34474 074.0837 342.9221 0239485 033.4193 028.9959 13.88700436238588
0 COSMOS 2251 DEB
1 34474U 93036TT  13307.52759682  .00002331  00000-0  15519-2 0  9993
2 34474 074.0839 340.6956 0239577 030.8528 116.5033 13.88705409238778
0 COSMOS 2251 DEB
1 34474U 93036TT  13308.53646399  .00002353  00000-0  15667-2 0  9993
2 34474 074.0839 338.9857 0239654 028.8848 120.2020 13.88708242238918
0 COSMOS 2251 DEB
1 34474U 93036TT  13309.88756131  .00002404  00000-0  15999-2 0  9993
2 34474 074.0840 336.6957 0239762 026.2511 034.8507 13.88714140239099
0 COSMOS 2251 DEB
1 34474U 93036TT  13311.19442431  .00002419  00000-0  16093-2 0  9997
2 34474 074.0840 334.4806 0239872 023.7094 088.3759 13.88720224239271
0 COSMOS 2251 DEB
1 34474U 93036TT  13312.49987882  .00002576  00000-0  17129-2 0  9990
2 34474 074.0848 332.2696 0239778 021.1912 134.8724 13.88725889239460
0 COSMOS 2251 DEB
1 34474U 93036TT  13313.50858772  .00002796  00000-0  18571-2 0  9994
2 34474 074.0847 330.5600 0239862 019.2334 137.8468 13.88729994239600
0 COSMOS 2251 DEB
1 34474U 93036TT  13314.85815028  .00002266  00000-0  15074-2 0  9997
2 34474 074.0844 328.2726 0239986 016.6132 044.9248 13.88738945239783
0 COSMOS 2251 DEB
1 34474U 93036TT  13315.86506618  .00002565  00000-0  17038-2 0  9995
2 34474 074.0842 326.5660 0240060 014.6644 038.9760 13.88748000239921
0 COSMOS 2251 DEB
1 34474U 93036TT  13317.17626356  .00003071  00000-0  20367-2 0  9995
2 34474 074.0840 324.3435 0240172 012.1261 114.3210 13.88752294240119
0 COSMOS 2251 DEB
1 34474U 93036TT  13318.18523148  .00003377  00000-0  22372-2 0  9999
2 34474 074.0839 322.6330 0240259 010.1754 118.6837 13.88757574240256
0 COSMOS 2251 DEB
1 34474U 93036TT  13320.20187876  .00004292  00000-0  28367-2 0  9996
2 34474 074.0840 319.2143 0240415 006.2830 121.0234 13.88778751240537
0 COSMOS 2251 DEB
1 34474U 93036TT  13321.77205071  .00004782  00000-0  31583-2 0  9995
2 34474 074.0843 316.5532 0240398 003.2571 051.2898 13.88791298240745
0 COSMOS 2251 DEB
1 34474U 93036TT  13322.78238350  .00006110  00000-0  40292-2 0  9997
2 34474 074.0844 314.8402 0240520 001.3082 062.6161 13.88797600240883
0 COSMOS 2251 DEB
1 34474U 93036TT  13323.79020985  .00005666  00000-0  37365-2 0  9994
2 34474 074.0848 313.1317 0240656 359.3703 061.4309 13.88806145241023
0 COSMOS 2251 DEB
1 34474U 93036TT  13324.79984875  .00004961  00000-0  32721-2 0  9990
2 34474 074.0849 311.4201 0240733 357.4349 069.3316 13.88816825241164
0 COSMOS 2251 DEB
1 34474U 93036TT  13326.10796383  .00004341  00000-0  28648-2 0  9997
2 34474 074.0850 309.2026 0240799 354.9274 129.5776 13.88826883241352
0 COSMOS 2251 DEB
1 34474U 93036TT  13327.41015464  .00005023  00000-0  33106-2 0  9999
2 34474 074.0849 306.9953 0240922 352.4338 160.2435 13.88834239241533
0 COSMOS 2251 DEB
1 34474U 93036TT  13328.76129400  .00004581  00000-0  30202-2 0  9996
2 34474 074.0846 304.7050 0241012 349.8474 075.6830 13.88844018241710
0 COSMOS 2251 DEB
1 34474U 93036TT  13329.76965646  .00003047  00000-0  20142-2 0  9995
2 34474 074.0843 302.9953 0241048 347.9169 077.3303 13.88851672241851
0 COSMOS 2251 DEB
1 34474U 93036TT  13330.99170461  .00003009  00000-0  19883-2 0  9993
2 34474 074.0839 300.9225 0241196 345.5948 067.3865 13.88855856242029
0 COSMOS 2251 DEB
1 34474U 93036TT  13332.08781552  .00002882  00000-0  19048-2 0  9995
2 34474 074.0841 299.0639 0241270 343.5054 147.7981 13.88860213242180
0 COSMOS 2251 DEB
1 34474U 93036TT  13333.30917155  .00002861  00000-0  18903-2 0  9997
2 34474 074.0843 296.9929 0241336 341.1757 134.4379 13.88867955242349
0 COSMOS 2251 DEB
1 34474U 93036TT  13334.87631657  .00003232  00000-0  21330-2 0  9991
2 34474 074.0850 294.3359 0241373 338.1926 050.0259 13.88876707242560
0 COSMOS 2251 DEB
1 34474U 93036TT  13335.88526626  .00003282  00000-0  21658-2 0  9990
2 34474 074.0852 292.6252 0241402 336.2700 054.7173 13.88881918242709
0 COSMOS 2251 DEB
1 34474U 93036TT  13336.89358642  .00002817  00000-0  18607-2 0  9996
2 34474 074.0854 290.9158 0241420 334.3549 056.2684 13.88889442242846
0 COSMOS 2251 DEB
1 34474U 93036TT  13337.90843552  .00002533  00000-0  16744-2 0  9993
2 34474 074.0854 289.1953 0241430 332.4317 090.4831 13.88896160242986
0 COSMOS 2251 DEB
1 34474U 93036TT  13338.99923052  .00002513  00000-0  16616-2 0  9993
2 34474 074.0852 287.3461 0241427 330.3504 144.4707 13.88904528243137
0 COSMOS 2251 DEB
1 34474U 93036TT  13340.01020317  .00003294  00000-0  21722-2 0  9992
2 34474 074.0850 285.6322 0241418 328.4184 159.3801 13.88908336243281
0 COSMOS 2251 DEB
1 34474U 93036TT  13341.31372509  .00004130  00000-0  27189-2 0  9992
2 34474 074.0850 283.4228 0241409 325.9084 197.0971 13.88916753243462
0 COSMOS 2251 DEB
1 34474U 93036TT  13342.32267472  .00004353  00000-0  28644-2 0  9990
2 34474 074.0848 281.7120 0241397 324.0031 201.9166 13.88927753243608
0 COSMOS 2251 DEB
1 34474U 93036TT  13343.53706257  .00003723  00000-0  24523-2 0  9995
2 34474 074.0846 279.6529 0241348 321.6998 154.0037 13.88937030243767
0 COSMOS 2251 DEB
1 34474U 93036TT  13344.98023811  .00003453  00000-0  22752-2 0  9995
2 34474 074.0847 277.2054 0241306 318.9447 170.1331 13.88949638243973
0 COSMOS 2251 DEB
1 34474U 93036TT  13346.27488061  .00004541  00000-0  29867-2 0  9994
2 34474 074.0850 275.0100 0241255 316.4894 163.6062 13.88958701244157
0 COSMOS 2251 DEB
1 34474U 93036TT  13347.84591359  .00004917  00000-0  32327-2 0  9995
2 34474 074.0854 272.3464 0241111 313.4884 099.1724 13.88972734244364
0 COSMOS 2251 DEB
1 34474U 93036TT  13348.93850455  .00004940  00000-0  32472-2 0  9998
2 34474 074.0856 270.4939 0241050 311.4027 162.4566 13.88983521244512
0 COSMOS 2251 DEB
1 34474U 93036TT  13350.16281509  .00003961  00000-0  26072-2 0  9995
2 34474 074.0857 268.4179 0241007 309.0637 164.4286 13.88994031244685
0 COSMOS 2251 DEB
1 34474U 93036TT  13351.59371965  .00003598  00000-0  23700-2 0  9990
2 34474 074.0856 265.9917 0240894 306.3418 119.4761 13.89004106244882
0 COSMOS 2251 DEB
1 34474U 93036TT  13353.18808282  .00002881  00000-0  19013-2 0  9990
2 34474 074.0850 263.2882 0240759 303.3133 171.9348 13.89015647245101
0 COSMOS 2251 DEB
1 34474U 93036TT  13354.20476980  .00003023  00000-0  19938-2 0  9995
2 34474 074.0849 261.5641 0240690 301.3787 215.8152 13.89021280245257
0 COSMOS 2251 DEB
1 34474U 93036TT  13355.21491552  .00002859  00000-0  18870-2 0  9999
2 34474 074.0847 259.8513 0240629 299.4514 227.0107 13.89026150245391
0 COSMOS 2251 DEB
1 34474U 93036TT  13356.43008396  .00002134  00000-0  14125-2 0  9999
2 34474 074.0844 257.7897 0240480 297.1507 183.4191 13.89033434245562
0 COSMOS 2251 DEB
1 34474U 93036TT  13358.15852575  .00002003  00000-0  13273-2 0  9994
2 34474 074.0847 254.8588 0240321 293.8476 186.5106 13.89037881245809
0 COSMOS 2251 DEB
1 34474U 93036TT  13359.16660738  .00001730  00000-0  11491-2 0  9990
2 34474 074.0849 253.1491 0240248 291.9203 187.4458 13.89041227245945
0 COSMOS 2251 DEB
1 34474U 93036TT  13360.17523014  .00001497  00000-0  99629-3 0  9998
2 34474 074.0850 251.4385 0240116 289.9956 191.0941 13.89045893246083
0 COSMOS 2251 DEB
1 34474U 93036TT  13361.39905273  .00001198  00000-0  80093-3 0  9997
2 34474 074.0850 249.3631 0240007 287.6543 190.8827 13.89049515246253
0 COSMOS 2251 DEB
1 34474U 93036TT  13362.67709150  .00001274  00000-0  85101-3 0  9995
2 34474 074.0846 247.1957 0239863 285.2000 101.8074 13.89052484246429
0 COSMOS 2251 DEB
1 34474U 93036TT  13363.76475707  .00001214  00000-0  81196-3 0  9998
2 34474 074.0836 245.3493 0239684 283.1229 140.7562 13.89056199246571
0 COSMOS 2251 DEB
1 34474U 93036TT  13364.77339812  .00001164  00000-0  77911-3 0  9990
2 34474 074.0835 243.6388 0239603 281.1837 144.5597 13.89059728246715
0 COSMOS 2251 DEB
1 34474U 93036TT  14001.08031809  .00001296  00000-0  86576-3 0  9991
2 34474 074.0834 241.4222 0239500 278.6757 199.9494 13.89063971246901
0 COSMOS 2251 DEB
1 34474U 93036TT  14002.08825094  .00001718  00000-0  11423-2 0  9996
2 34474 074.0833 239.7128 0239414 276.7396 200.2399 13.89068213247036
0 COSMOS 2251 DEB
1 34474U 93036TT  14003.09739679  .00002054  00000-0  13625-2 0  9991
2 34474 074.0833 238.0013 0239337 274.8002 206.6125 13.89073806247185
0 COSMOS 2251 DEB
1 34474U 93036TT  14004.10594644  .00002088  00000-0  13847-2 0  9998
2 34474 074.0834 236.2909 0239260 272.8665 210.0193 13.89075850247329
0 COSMOS 2251 DEB
1 34474U 93036TT  14005.11458376  .00002172  00000-0  14395-2 0  9994
2 34474 074.0839 234.5819 0239282 270.9114 213.8965 13.89078999247467
0 COSMOS 2251 DEB
1 34474U 93036TT  14006.68501701  .00003286  00000-0  21695-2 0  9996
2 34474 074.0841 231.9183 0239158 267.8854 147.1486 13.89082745247677
0 COSMOS 2251 DEB
1 34474U 93036TT  14007.69615988  .00003474  00000-0  22929-2 0  9991
2 34474 074.0840 230.2034 0239074 265.9354 163.5734 13.89087700247814
0 COSMOS 2251 DEB
1 34474U 93036TT  14009.63757775  .00003604  00000-0  23787-2 0  9996
2 34474 074.0838 226.9110 0238922 262.2053 152.0630 13.89095190248085
0 COSMOS 2251 DEB
1 34474U 93036TT  14011.65440002  .00002682  00000-0  17743-2 0  9993
2 34474 074.0829 223.4905 0238846 258.3133 157.6985 13.89102540248362
0 COSMOS 2251 DEB
1 34474U 93036TT  14012.66446375  .00002439  00000-0  16153-2 0  9998
2 34474 074.0828 221.7776 0238784 256.3656 168.7999 13.89106680248500
0 COSMOS 2251 DEB
1 34474U 93036TT  14013.67259760  .00002021  00000-0  13414-2 0  9994
2 34474 074.0826 220.0677 0238725 254.4258 170.2609 13.89112189248644
0 COSMOS 2251 DEB
1 34474U 93036TT  14014.89645955  .00001916  00000-0  12727-2 0  9992
2 34474 074.0828 217.9920 0238669 252.0737 170.5527 13.89116556248818
0 COSMOS 2251 DEB
1 34474U 93036TT  14015.98901929  .00002086  00000-0  13839-2 0  9993
2 34474 074.0829 216.1387 0238636 249.9666 234.2540 13.89118846248971
0 COSMOS 2251 DEB
1 34474U 93036TT  14016.99659266  .00001946  00000-0  12919-2 0  9991
2 34474 074.0831 214.4295 0238605 248.0294 232.9558 13.89122126249113
0 COSMOS 2251 DEB
1 34474U 93036TT  14018.00581277  .00001609  00000-0  10708-2 0  9991
2 34474 074.0832 212.7160 0238588 246.1113 239.8781 13.89126555249254
0 COSMOS 2251 DEB
1 34474U 93036TT  14019.57610787  .00001736  00000-0  11543-2 0  9992
2 34474 074.0833 210.0528 0238577 243.0875 172.7006 13.89129514249469
0 COSMOS 2251 DEB
1 34474U 93036TT  14020.58449929  .00001711  00000-0  11375-2 0  9999
2 34474 074.0834 208.3427 0238575 241.1472 175.5308 13.89133107249603
0 COSMOS 2251 DEB
1 34474U 93036TT  14021.59463698  .00001762  00000-0  11714-2 0  9993
2 34474 074.0833 206.6293 0238581 239.2108 187.0992 13.89136963249740
0 COSMOS 2251 DEB
1 34474U 93036TT  14022.60334541  .00001986  00000-0  13179-2 0  9995
2 34474 074.0834 204.9186 0238573 237.2676 191.5437 13.89142072249889
0 COSMOS 2251 DEB
1 34474U 93036TT  14024.83509527  .00002345  00000-0  15525-2 0  9997
2 34474 074.0836 201.1331 0238617 233.0182 192.3086 13.89152228250196
0 COSMOS 2251 DEB
1 34474U 93036TT  14025.85529970  .00002532  00000-0  16748-2 0  9990
2 34474 074.0834 199.4042 0238557 231.0178 254.3359 13.89156837250347
0 COSMOS 2251 DEB
1 34474U 93036TT  14026.93539575  .00002785  00000-0  18402-2 0  9991
2 34474 074.0835 197.5725 0238569 228.9604 255.8383 13.89161348250499
0 COSMOS 2251 DEB
1 34474U 93036TT  14028.15905329  .00002847  00000-0  18810-2 0  9993
2 34474 074.0837 195.4969 0238585 226.6113 255.3255 13.89166885250669
0 COSMOS 2251 DEB
1 34474U 93036TT  14029.51435069  .00003350  00000-0  22096-2 0  9994
2 34474 074.0843 193.1981 0238576 224.0133 193.1698 13.89175740250849
0 COSMOS 2251 DEB
1 34474U 93036TT  14030.52539678  .00003345  00000-0  22060-2 0  9993
2 34474 074.0846 191.4831 0238576 222.0786 209.4359 13.89181235250985
0 COSMOS 2251 DEB
1 34474U 93036TT  14031.83212005  .00003384  00000-0  22315-2 0  9996
2 34474 074.0847 189.2666 0238575 219.5853 264.4136 13.89189261251175
0 COSMOS 2251 DEB
1 34474U 93036TT  14033.12759497  .00004109  00000-0  27049-2 0  9996
2 34474 074.0849 187.0692 0238622 217.1132 263.1742 13.89195125251354
0 COSMOS 2251 DEB
1 34474U 93036TT  14034.48340759  .00004313  00000-0  28380-2 0  9999
2 34474 074.0847 184.7697 0238629 214.5332 203.7164 13.89204877251534
0 COSMOS 2251 DEB
1 34474U 93036TT  14035.86487366  .00004498  00000-0  29583-2 0  9998
2 34474 074.0844 182.4265 0238601 211.8968 272.6099 13.89215516251738
0 COSMOS 2251 DEB
1 34474U 93036TT  14037.22178457  .00005981  00000-0  39277-2 0  9997
2 34474 074.0845 180.1256 0238570 209.2871 218.7730 13.89224017251912
0 COSMOS 2251 DEB
1 34474U 93036TT  14038.81730042  .00005370  00000-0  35274-2 0  9992
2 34474 074.0841 177.4192 0238545 206.2517 278.2838 13.89239305252144
0 COSMOS 2251 DEB
1 34474U 93036TT  14039.82550510  .00005734  00000-0  37645-2 0  9992
2 34474 074.0842 175.7090 0238513 204.3327 280.5709 13.89249832252280
0 COSMOS 2251 DEB
1 34474U 93036TT  14040.83384801  .00004956  00000-0  32562-2 0  9991
2 34474 074.0845 173.9984 0238447 202.4013 283.5977 13.89259984252427
0 COSMOS 2251 DEB
1 34474U 93036TT  14042.11597338  .00004619  00000-0  30353-2 0  9997
2 34474 074.0848 171.8235 0238405 199.9530 215.9372 13.89273244252595
0 COSMOS 2251 DEB
1 34474U 93036TT  14043.70242251  .00005318  00000-0  34916-2 0  9990
2 34474 074.0852 169.1321 0238344 196.9355 230.3650 13.89282014252810
0 COSMOS 2251 DEB
1 34474U 93036TT  14044.79415478  .00003924  00000-0  25805-2 0  9991
2 34474 074.0854 167.2802 0238294 194.8602 290.5601 13.89291323252975
0 COSMOS 2251 DEB
1 34474U 93036TT  14046.15095456  .00003915  00000-0  25745-2 0  9996
2 34474 074.0857 164.9787 0238234 192.2702 236.5150 13.89301382253158
0 COSMOS 2251 DEB
1 34474U 93036TT  14047.53133199  .00003803  00000-0  25009-2 0  9995
2 34474 074.0856 162.6375 0238170 189.6476 300.4244 13.89309042253350
0 COSMOS 2251 DEB
1 34474U 93036TT  14048.76202273  .00002886  00000-0  19022-2 0  9999
2 34474 074.0849 160.5493 0238044 187.3276 335.6975 13.89317158253520
0 COSMOS 2251 DEB
1 34474U 93036TT  14049.76250431  .00002571  00000-0  16960-2 0  9998
2 34474 074.0847 158.8521 0237983 185.4147 299.6357 13.89322255253669
0 COSMOS 2251 DEB
1 34474U 93036TT  14051.11941637  .00003262  00000-0  21475-2 0  9990
2 34474 074.0845 156.5506 0237943 182.8037 246.3303 13.89332262253849
0 COSMOS 2251 DEB
1 34474U 93036TT  14052.71423463  .00003383  00000-0  22263-2 0  9999
2 34474 074.0844 153.8449 0237825 179.7623 302.9719 13.89346024254076
0 COSMOS 2251 DEB
1 34474U 93036TT  14054.44299047  .00003292  00000-0  21670-2 0  9990
2 34474 074.0847 150.9121 0237658 176.4694 309.5857 13.89357291254311
0 COSMOS 2251 DEB
1 34474U 93036TT  14055.45140154  .00003206  00000-0  21108-2 0  9997
2 34474 074.0851 149.2014 0237539 174.5480 313.3305 13.89366815254456
0 COSMOS 2251 DEB
1 34474U 93036TT  14056.68051644  .00003249  00000-0  21393-2 0  9991
2 34474 074.0857 147.1167 0237403 172.2022 341.0075 13.89375234254621
0 COSMOS 2251 DEB
1 34474U 93036TT  14057.69025262  .00003833  00000-0  25212-2 0  9993
2 34474 074.0857 145.4036 0237289 170.2725 351.4488 13.89381928254762
0 COSMOS 2251 DEB
1 34474U 93036TT  14059.32710777  .00004192  00000-0  27560-2 0  9994
2 34474 074.0852 142.6267 0237090 167.1401 258.6496 13.89400524254983
0 COSMOS 2251 DEB
1 34474U 93036TT  14060.55088257  .00003588  00000-0  23613-2 0  9995
2 34474 074.0846 140.5501 0236935 164.8037 259.7767 13.89412886255157
0 COSMOS 2251 DEB
1 34474U 93036TT  14061.64219221  .00003185  00000-0  20973-2 0  9992
2 34474 074.0841 138.6983 0236869 162.7014 318.3939 13.89421131255316
0 COSMOS 2251 DEB
1 34474U 93036TT  14062.65822453  .00003139  00000-0  20675-2 0  9999
2 34474 074.0838 136.9743 0236742 160.7555 000.4984 13.89428201255454
0 COSMOS 2251 DEB
1 34474U 93036TT  14064.22278006  .00002607  00000-0  17201-2 0  9993
2 34474 074.0837 134.3194 0236528 157.7602 266.3125 13.89439950255662
0 COSMOS 2251 DEB
1 34474U 93036TT  14065.94962073  .00002321  00000-0  15328-2 0  9998
2 34474 074.0839 131.3894 0236355 154.4345 263.9607 13.89450631255908
0 COSMOS 2251 DEB
1 34474U 93036TT  14066.95996603  .00002434  00000-0  16075-2 0  9991
2 34474 074.0841 129.6752 0236230 152.4938 277.7262 13.89455005256048
0 COSMOS 2251 DEB
1 34474U 93036TT  14067.96790098  .00002250  00000-0  14872-2 0  9992
2 34474 074.0842 127.9645 0235992 150.5595 279.4484 13.89459914256186
0 COSMOS 2251 DEB
1 34474U 93036TT  14069.19059389  .00002108  00000-0  13944-2 0  9991
2 34474 074.0841 125.8898 0235842 148.2002 275.4319 13.89465357256353
0 COSMOS 2251 DEB
1 34474U 93036TT  14070.19747324  .00001904  00000-0  12614-2 0  9992
2 34474 074.0839 124.1814 0235704 146.2591 271.9212 13.89470423256496
0 COSMOS 2251 DEB
1 34474U 93036TT  14071.49538345  .00002001  00000-0  13247-2 0  9999
2 34474 074.0835 121.9790 0235559 143.7503 284.2017 13.89474994256670
0 COSMOS 2251 DEB
1 34474U 93036TT  14073.15190160  .00002054  00000-0  13597-2 0  9999
2 34474 074.0829 119.1678 0235370 140.5483 290.3084 13.89482546256900
0 COSMOS 2251 DEB
1 34474U 93036TT  14074.15727203  .00001919  00000-0  12718-2 0  9997
2 34474 074.0826 117.4616 0235289 138.5998 279.3219 13.89487442257040
0 COSMOS 2251 DEB
1 34474U 93036TT  14075.16531422  .00002076  00000-0  13742-2 0  9998
2 34474 074.0825 115.7510 0235192 136.6448 281.7181 13.89490404257187
0 COSMOS 2251 DEB
1 34474U 93036TT  14076.17505779  .00002142  00000-0  14179-2 0  9995
2 34474 074.0825 114.0374 0235084 134.6881 292.6357 13.89492900257321
0 COSMOS 2251 DEB
1 34474U 93036TT  14077.18283640  .00002095  00000-0  13874-2 0  9995
2 34474 074.0825 112.3269 0234977 132.7330 293.7355 13.89496787257465
0 COSMOS 2251 DEB
1 34474U 93036TT  14078.19064047  .00001975  00000-0  13085-2 0  9995
2 34474 074.0827 110.6166 0234867 130.7761 294.9767 13.89502177257605
0 COSMOS 2251 DEB
1 34474U 93036TT  14080.21723270  .00002289  00000-0  15148-2 0  9992
2 34474 074.0830 107.1775 0234723 126.8357 352.4700 13.89511015257893
0 COSMOS 2251 DEB
1 34474U 93036TT  14081.51934799  .00002745  00000-0  18138-2 0  9995
2 34474 074.0830 104.9677 0234626 124.2976 026.0022 13.89516822258073
0 COSMOS 2251 DEB
1 34474U 93036TT  14082.52265257  .00003021  00000-0  19943-2 0  9996
2 34474 074.0828 103.2651 0234564 122.3441 004.8201 13.89523330258212
0 COSMOS 2251 DEB
1 34474U 93036TT  14083.80378515  .00003056  00000-0  20176-2 0  9998
2 34474 074.0825 101.0908 0234494 119.8462 293.4476 13.89531864258385
0 COSMOS 2251 DEB
1 34474U 93036TT  14084.81307450  .00003181  00000-0  20992-2 0  9995
2 34474 074.0823 099.3776 0234471 117.8812 302.2522 13.89536233258529
0 COSMOS 2251 DEB
1 34474U 93036TT  14085.82234742  .00003131  00000-0  20666-2 0  9993
2 34474 074.0820 097.6645 0234432 115.9136 310.9968 13.89542151258668
0 COSMOS 2251 DEB
1 34474U 93036TT  14087.12764443  .00003025  00000-0  19967-2 0  9998
2 34474 074.0820 095.4491 0234385 113.3614 000.5998 13.89550941258844
0 COSMOS 2251 DEB
1 34474U 93036TT  14088.13538752  .00002854  00000-0  18842-2 0  9992
2 34474 074.0823 093.7386 0234378 111.4024 001.7368 13.89559193258984
0 COSMOS 2251 DEB
1 34474U 93036TT  14089.14422409  .00002773  00000-0  18313-2 0  9998
2 34474 074.0826 092.0263 0234384 109.4259 008.3879 13.89564180259126
0 COSMOS 2251 DEB
1 34474U 93036TT  14090.15359038  .00003309  00000-0  21818-2 0  9998
2 34474 074.0830 090.3131 0234400 107.4600 017.7010 13.89567262259274
0 COSMOS 2251 DEB
1 34474U 93036TT  14091.16179275  .00003781  00000-0  24905-2 0  9997
2 34474 074.0832 088.6019 0234418 105.4914 021.2123 13.89573228259416
0 COSMOS 2251 DEB
1 34474U 93036TT  14092.38455299  .00003622  00000-0  23861-2 0  9999
2 34474 074.0836 086.5266 0234442 103.1087 018.0674 13.89582989259581
0 COSMOS 2251 DEB
1 34474U 93036TT  14093.81417678  .00003130  00000-0  20636-2 0  9998
2 34474 074.0837 084.1003 0234500 100.3230 329.8043 13.89593389259779
0 COSMOS 2251 DEB
1 34474U 93036TT  14095.12092340  .00003455  00000-0  22757-2 0  9995
2 34474 074.0837 081.8824 0234541 097.7820 026.8845 13.89600928259966
0 COSMOS 2251 DEB
1 34474U 93036TT  14096.12871789  .00003648  00000-0  24011-2 0  9997
2 34474 074.0835 080.1718 0234629 095.8196 028.4620 13.89607068260109
0 COSMOS 2251 DEB
1 34474U 93036TT  14097.13679723  .00003308  00000-0  21788-2 0  9994
2 34474 074.0836 078.4614 0234629 093.8642 031.4841 13.89613349260242
0 COSMOS 2251 DEB
1 34474U 93036TT  14098.14618959  .00003179  00000-0  20936-2 0  9990
2 34474 074.0834 076.7482 0234708 091.9057 041.1008 13.89622827260380
0 COSMOS 2251 DEB
1 34474U 93036TT  14099.37349971  .00003299  00000-0  21714-2 0  9999
2 34474 074.0833 074.6649 0234795 089.5192 060.9240 13.89629773260553
0 COSMOS 2251 DEB
1 34474U 93036TT  14100.38101575  .00003513  00000-0  23110-2 0  9990
2 34474 074.0834 072.9546 0234813 087.5543 061.2221 13.89634898260692
0 COSMOS 2251 DEB
1 34474U 93036TT  14101.73085306  .00003204  00000-0  21079-2 0  9992
2 34474 074.0839 070.6626 0234999 084.9284 334.0714 13.89645809260871
0 COSMOS 2251 DEB
1 34474U 93036TT  14102.31870490  .00003540  00000-0  23266-2 0  9996
2 34474 074.0841 069.6648 0235041 083.7892 034.9298 13.89661607260964
0 COSMOS 2251 DEB
1 34474U 93036TT  14103.67403786  .00003514  00000-0  23090-2 0  9992
2 34474 074.0843 067.3648 0235097 081.1658 335.3575 13.89663600261146
0 COSMOS 2251 DEB
1 34474U 93036TT  14104.68333874  .00003649  00000-0  23970-2 0  9990
2 34474 074.0846 065.6517 0235160 079.2076 344.6966 13.89669339261285
0 COSMOS 2251 DEB
1 34474U 93036TT  14105.69108220  .00003995  00000-0  26217-2 0  9998
2 34474 074.0849 063.9412 0235216 077.2494 346.2697 13.89676807261420
0 COSMOS 2251 DEB
1 34474U 93036TT  14106.69828471  .00004196  00000-0  27522-2 0  9990
2 34474 074.0852 062.2316 0235317 075.3045 345.1509 13.89685789261566
0 COSMOS 2251 DEB
1 34474U 93036TT  14107.92281876  .00004737  00000-0  31032-2 0  9991
2 34474 074.0850 060.1531 0235416 072.9450 351.3503 13.89700526261732
0 COSMOS 2251 DEB
1 34474U 93036TT  14109.01452838  .00006141  00000-0  40175-2 0  9990
2 34474 074.0848 058.3000 0235485 070.8347 053.1081 13.89710141261896
0 COSMOS 2251 DEB
1 34474U 93036TT  14110.30963244  .00007961  00000-0  52001-2 0  9994
2 34474 074.0845 056.1014 0235606 068.3357 052.4920 13.89721402262079
0 COSMOS 2251 DEB
1 34474U 93036TT  14111.66619706  .00006657  00000-0  43491-2 0  9999
2 34474 074.0845 053.7983 0235701 065.7255 359.4224 13.89743080262254
0 COSMOS 2251 DEB
1 34474U 93036TT  14112.67468814  .00005468  00000-0  35739-2 0  9998
2 34474 074.0845 052.0860 0235790 063.7846 004.9902 13.89754030262399
0 COSMOS 2251 DEB
1 34474U 93036TT  14114.18578826  .00004737  00000-0  30972-2 0  9993
2 34474 074.0849 049.5205 0235894 060.8690 005.2300 13.89765717262601
0 COSMOS 2251 DEB
1 34474U 93036TT  14115.84039741  .00003972  00000-0  25983-2 0  9991
2 34474 074.0856 046.7115 0236012 057.6773 003.5356 13.89781973262836
0 COSMOS 2251 DEB
1 34474U 93036TT  14116.92987014  .00002904  00000-0  19029-2 0  9994
2 34474 074.0859 044.8620 0236113 055.5910 054.3948 13.89791760262983
0 COSMOS 2251 DEB
1 34474U 93036TT  14118.15438793  .00002667  00000-0  17485-2 0  9996
2 34474 074.0859 042.7833 0236226 053.2425 060.9575 13.89797808263155
0 COSMOS 2251 DEB
1 34474U 93036TT  14119.16224765  .00003060  00000-0  20029-2 0  9996
2 34474 074.0859 041.0724 0236303 051.3039 063.5552 13.89801545263295
0 COSMOS 2251 DEB
1 34474U 93036TT  14120.17009737  .00003284  00000-0  21481-2 0  9990
2 34474 074.0858 039.3614 0236385 049.3721 066.1095 13.89807284263430
0 COSMOS 2251 DEB
1 34474U 93036TT  14121.17729116  .00002576  00000-0  16877-2 0  9997
2 34474 074.0853 037.6507 0236526 047.4624 065.3818 13.89817094263574
0 COSMOS 2251 DEB
1 34474U 93036TT  14122.18606123  .00002226  00000-0  14602-2 0  9997
2 34474 074.0852 035.9378 0236569 045.5246 072.6001 13.89821672263714
0 COSMOS 2251 DEB
1 34474U 93036TT  14123.19410567  .00002424  00000-0  15884-2 0  9997
2 34474 074.0851 034.2262 0236607 043.5843 076.2088 13.89824890263867
0 COSMOS 2251 DEB
1 34474U 93036TT  14124.20218388  .00002620  00000-0  17152-2 0  9995
2 34474 074.0851 032.5145 0236652 041.6583 079.9806 13.89832308264006
0 COSMOS 2251 DEB
1 34474U 93036TT  14125.48397743  .00002343  00000-0  15353-2 0  9992
2 34474 074.0852 030.3379 0236702 039.2082 013.2807 13.89840701264171
0 COSMOS 2251 DEB
1 34474U 93036TT  14126.49180846  .00002297  00000-0  15049-2 0  9998
2 34474 074.0854 028.6267 0236727 037.2753 015.8798 13.89846152264318
0 COSMOS 2251 DEB
1 34474U 93036TT  14127.49982130  .00002523  00000-0  16515-2 0  9996
2 34474 074.0857 026.9152 0236769 035.3450 019.4084 13.89850197264451
0 COSMOS 2251 DEB
1 34474U 93036TT  14129.80455756  .00002781  00000-0  18180-2 0  9998
2 34474 074.0859 023.0021 0236825 030.9399 031.0678 13.89865498264776
0 COSMOS 2251 DEB
1 34474U 93036TT  14132.12619472  .00002745  00000-0  17944-2 0  9991
2 34474 074.0855 019.0600 0236869 026.4866 127.4378 13.89879291265108
0 COSMOS 2251 DEB
1 34474U 93036TT  14133.13315654  .00002894  00000-0  18908-2 0  9994
2 34474 074.0851 017.3501 0236861 024.5615 125.8284 13.89884346265248
0 COSMOS 2251 DEB
1 34474U 93036TT  14134.77098931  .00002908  00000-0  19000-2 0  9991
2 34474 074.0848 014.5686 0236821 021.4261 040.8555 13.89896568265466
0 COSMOS 2251 DEB
1 34474U 93036TT  14135.77919940  .00002442  00000-0  15975-2 0  9994
2 34474 074.0847 012.8564 0236789 019.4905 045.5534 13.89903481265604
0 COSMOS 2251 DEB
1 34474U 93036TT  14136.79901566  .00002431  00000-0  15907-2 0  9995
2 34474 074.0848 011.1243 0236796 017.5305 108.3527 13.89907653265753
0 COSMOS 2251 DEB
1 34474U 93036TT  14137.80748353  .00002603  00000-0  17019-2 0  9998
2 34474 074.0849 009.4114 0236760 015.5979 114.3814 13.89911044265897
0 COSMOS 2251 DEB
1 34474U 93036TT  14139.10190115  .00002029  00000-0  13297-2 0  9996
2 34474 074.0851 007.2133 0236736 013.1114 111.2269 13.89917651266076
0 COSMOS 2251 DEB
1 34474U 93036TT  14140.32390168  .00001492  00000-0  98214-3 0  9998
2 34474 074.0854 005.1380 0236703 010.7679 105.7403 13.89923152266232
0 COSMOS 2251 DEB
1 34474U 93036TT  14141.33073792  .00001466  00000-0  96517-3 0  9996
2 34474 074.0854 003.4283 0236658 008.8376 103.6581 13.89925329266373
0 COSMOS 2251 DEB
1 34474U 93036TT  14142.77021374  .00001519  00000-0  99981-3 0  9991
2 34474 074.0852 000.9840 0236607 006.0665 106.4051 13.89929001266573
0 COSMOS 2251 DEB
1 34474U 93036TT  14144.06842840  .00001224  00000-0  80840-3 0  9991
2 34474 074.0849 358.7795 0236535 003.5712 122.3276 13.89935400266764
0 COSMOS 2251 DEB
1 34474U 93036TT  14145.42190407  .00000898  00000-0  59731-3 0  9998
2 34474 074.0840 356.4785 0236413 000.9627 054.7968 13.89938872266942
0 COSMOS 2251 DEB
1 34474U 93036TT  14146.73213487  .00000857  00000-0  57096-3 0  9994
2 34474 074.0841 354.2530 0236353 358.4299 130.9046 13.89941351267138
0 COSMOS 2251 DEB
1 34474U 93036TT  14148.03309539  .00000732  00000-0  48996-3 0  9994
2 34474 074.0841 352.0432 0236305 355.9123 160.6372 13.89943908267312
0 COSMOS 2251 DEB
1 34474U 93036TT  14149.75429601  .00000651  00000-0  43786-3 0  9999
2 34474 074.0842 349.1198 0236148 352.5830 133.1841 13.89946861267555
0 COSMOS 2251 DEB
1 34474U 93036TT  14150.98281072  .00000747  00000-0  50019-3 0  9997
2 34474 074.0842 347.0332 0236078 350.2015 160.4432 13.89950188267729
0 COSMOS 2251 DEB
1 34474U 93036TT  14151.98434191  .00001763  00000-0  11588-2 0  9996
2 34474 074.0841 345.3321 0236050 348.2567 131.9325 13.89949962267863
0 COSMOS 2251 DEB
1 34474U 93036TT  14153.00150285  .00000845  00000-0  56330-3 0  9995
2 34474 074.0841 343.6046 0236044 346.2824 181.6318 13.89951679268004
0 COSMOS 2251 DEB
1 34474U 93036TT  14154.00905586  .00000909  00000-0  60531-3 0  9997
2 34474 074.0840 341.8933 0236043 344.3266 183.2615 13.89953207268148
0 COSMOS 2251 DEB
1 34474U 93036TT  14155.49290875  .00000826  00000-0  55131-3 0  9997
2 34474 074.0838 339.3730 0236028 341.4466 048.2278 13.89955704268346
0 COSMOS 2251 DEB
1 34474U 93036TT  14156.66008550  .00000926  00000-0  61645-3 0  9992
2 34474 074.0838 337.3905 0236010 339.1758 128.6110 13.89957026268502
0 COSMOS 2251 DEB
1 34474U 93036TT  14157.95826461  .00000757  00000-0  50648-3 0  9997
2 34474 074.0838 335.1855 0235976 336.6458 144.5196 13.89960373268691
0 COSMOS 2251 DEB
1 34474U 93036TT  14159.31440039  .00000743  00000-0  49771-3 0  9992
2 34474 074.0838 332.8819 0235971 334.0057 090.4469 13.89963277268875
0 COSMOS 2251 DEB
1 34474U 93036TT  14160.83645811  .00000886  00000-0  59069-3 0  9995
2 34474 074.0840 330.2964 0235989 331.0482 146.6419 13.89966091269089
0 COSMOS 2251 DEB
1 34474U 93036TT  14161.84324328  .00000849  00000-0  56656-3 0  9992
2 34474 074.0841 328.5862 0236009 329.0908 144.4824 13.89967915269229
0 COSMOS 2251 DEB
1 34474U 93036TT  14162.85155076  .00000895  00000-0  59625-3 0  9996
2 34474 074.0843 326.8736 0236048 327.1375 149.9391 13.89970178269361
0 COSMOS 2251 DEB
1 34474U 93036TT  14164.41696267  .00000980  00000-0  65107-3 0  9999
2 34474 074.0843 324.2147 0236048 324.0815 063.1215 13.89973444269589
0 COSMOS 2251 DEB
1 34474U 93036TT  14165.50172206  .00000931  00000-0  61942-3 0  9991
2 34474 074.0843 322.3722 0236067 321.9728 091.1650 13.89976396269737
0 COSMOS 2251 DEB
1 34474U 93036TT  14166.51099760  .00000969  00000-0  64412-3 0  9992
2 34474 074.0842 320.6580 0236084 319.9971 101.5148 13.89977247269874
0 COSMOS 2251 DEB
1 34474U 93036TT  14167.51824965  .00001038  00000-0  68875-3 0  9991
2 34474 074.0841 318.9471 0236116 318.0338 101.7376 13.89978538270012
0 COSMOS 2251 DEB
1 34474U 93036TT  14168.52631843  .00000773  00000-0  51698-3 0  9994
2 34474 074.0841 317.2348 0236152 316.0670 106.0526 13.89980939270152
0 COSMOS 2251 DEB
1 34474U 93036TT  14169.84072706  .00000752  00000-0  50344-3 0  9991
2 34474 074.0841 315.0022 0236190 313.5096 203.2820 13.89983351270342
0 COSMOS 2251 DEB
1 34474U 93036TT  14171.47740277  .00000744  00000-0  49849-3 0  9997
2 34474 074.0844 312.2223 0236227 310.3147 113.1428 13.89986107270569
0 COSMOS 2251 DEB
1 34474U 93036TT  14172.48423020  .00000785  00000-0  52468-3 0  9999
2 34474 074.0845 310.5120 0236282 308.3546 111.2701 13.89987901270700
0 COSMOS 2251 DEB
1 34474U 93036TT  14173.49245660  .00000773  00000-0  51709-3 0  9997
2 34474 074.0845 308.7994 0236341 306.3886 116.4078 13.89989413270848
0 COSMOS 2251 DEB
1 34474U 93036TT  14174.80692787  .00000753  00000-0  50391-3 0  9993
2 34474 074.0846 306.5667 0236405 303.8298 213.9922 13.89991085271033
0 COSMOS 2251 DEB
1 34474U 93036TT  14175.80708700  .00000765  00000-0  51137-3 0  9999
2 34474 074.0846 304.8679 0236471 301.8787 178.7753 13.89992350271172
0 COSMOS 2251 DEB
1 34474U 93036TT  14176.81597703  .00000745  00000-0  49868-3 0  9996
2 34474 074.0845 303.1543 0236535 299.9165 187.2461 13.89993921271313
0 COSMOS 2251 DEB
1 34474U 93036TT  14178.09623907  .00000792  00000-0  52887-3 0  9991
2 34474 074.0844 300.9798 0236644 297.4205 113.6716 13.89996042271489
0 COSMOS 2251 DEB
1 34474U 93036TT  14179.76533291  .00000813  00000-0  54229-3 0  9998
2 34474 074.0841 298.1448 0236758 294.1776 185.8147 13.89999220271726
0 COSMOS 2251 DEB
1 34474U 93036TT  14180.78028220  .00000952  00000-0  63228-3 0  9996
2 34474 074.0840 296.4207 0236829 292.2021 224.6325 13.90001088271863
0 COSMOS 2251 DEB
1 34474U 93036TT  14182.41666389  .00000995  00000-0  65975-3 0  9990
2 34474 074.0839 293.6410 0236958 289.0246 133.1097 13.90006275272080
0 COSMOS 2251 DEB
1 34474U 93036TT  14183.42544230  .00001188  00000-0  78467-3 0  9997
2 34474 074.0839 291.9273 0237036 287.0681 141.0660 13.90008242272223
0 COSMOS 2251 DEB
1 34474U 93036TT  14184.73064753  .00001115  00000-0  73690-3 0  9992
2 34474 074.0839 289.7102 0237164 284.5333 192.3635 13.90013189272404
0 COSMOS 2251 DEB
1 34474U 93036TT  14186.37626654  .00001404  00000-0  92333-3 0  9994
2 34474 074.0839 286.9148 0237285 281.3454 147.1243 13.90017130272634
0 COSMOS 2251 DEB
1 34474U 93036TT  14187.68180414  .00001373  00000-0  90333-3 0  9991
2 34474 074.0839 284.6974 0237389 278.8189 200.1185 13.90021218272814
0 COSMOS 2251 DEB
1 34474U 93036TT  14188.68975756  .00001498  00000-0  98372-3 0  9992
2 34474 074.0840 282.9855 0237469 276.8641 203.9999 13.90025383272962
0 COSMOS 2251 DEB
1 34474U 93036TT  14189.70406109  .00001492  00000-0  97974-3 0  9998
2 34474 074.0839 281.2626 0237545 274.9030 239.6629 13.90029152273105
0 COSMOS 2251 DEB
1 34474U 93036TT  14190.70535705  .00001493  00000-0  97999-3 0  9993
2 34474 074.0838 279.5618 0237629 272.9691 210.2473 13.90033142273240
0 COSMOS 2251 DEB
1 34474U 93036TT  14191.71350918  .00001377  00000-0  90491-3 0  9997
2 34474 074.0837 277.8494 0237704 271.0210 215.1562 13.90037184273381
0 COSMOS 2251 DEB
1 34474U 93036TT  14192.93555852  .00001492  00000-0  97897-3 0  9991
2 34474 074.0834 275.7736 0237753 268.6640 210.4491 13.90039635273547
0 COSMOS 2251 DEB
1 34474U 93036TT  14193.94240980  .00001352  00000-0  88876-3 0  9998
2 34474 074.0834 274.0631 0237840 266.7153 208.8803 13.90043541273682
0 COSMOS 2251 DEB
1 34474U 93036TT  14195.30041816  .00001104  00000-0  72831-3 0  9996
2 34474 074.0833 271.7560 0237934 264.0918 164.5687 13.90046873273870
0 COSMOS 2251 DEB
1 34474U 93036TT  14196.30679522  .00001002  00000-0  66248-3 0  9990
2 34474 074.0833 270.0462 0237998 262.1475 160.6495 13.90049969274010
0 COSMOS 2251 DEB
1 34474U 93036TT  14197.39932701  .00000934  00000-0  61810-3 0  9994
2 34474 074.0833 268.1901 0238088 260.0416 227.8724 13.90052468274175
0 COSMOS 2251 DEB
1 34474U 93036TT  14198.62066892  .00000775  00000-0  51542-3 0  9994
2 34474 074.0832 266.1152 0238185 257.6848 219.6963 13.90054864274333
0 COSMOS 2251 DEB
1 34474U 93036TT  14199.62918397  .00000733  00000-0  48830-3 0  9991
2 34474 074.0831 264.4019 0238257 255.7408 226.5001 13.90056720274485
0 COSMOS 2251 DEB
1 34474U 93036TT  14201.57136351  .00000716  00000-0  47743-3 0  9994
2 34474 074.0828 261.1026 0238359 251.9988 225.5567 13.90060177274743
0 COSMOS 2251 DEB
1 34474U 93036TT  14202.57913470  .00000690  00000-0  46056-3 0  9997
2 34474 074.0826 259.3906 0238420 250.0597 228.6531 13.90062359274886
0 COSMOS 2251 DEB
1 34474U 93036TT  14203.58669859  .00000787  00000-0  52302-3 0  9996
2 34474 074.0824 257.6790 0238465 248.1190 230.7229 13.90063743275025
0 COSMOS 2251 DEB
1 34474U 93036TT  14204.59535215  .00000693  00000-0  46250-3 0  9997
2 34474 074.0821 255.9655 0238506 246.1794 238.2459 13.90066181275170
0 COSMOS 2251 DEB
1 34474U 93036TT  14205.60289291  .00000741  00000-0  49333-3 0  9999
2 34474 074.0820 254.2539 0238530 244.2403 240.2111 13.90067708275315
0 COSMOS 2251 DEB
1 34474U 93036TT  14206.82591787  .00000829  00000-0  54956-3 0  9994
2 34474 074.0819 252.1761 0238552 241.8870 240.5166 13.90070528275487
0 COSMOS 2251 DEB
1 34474U 93036TT  14208.18006654  .00000891  00000-0  58953-3 0  9999
2 34474 074.0819 249.8754 0238606 239.2799 177.0105 13.90073431275666
0 COSMOS 2251 DEB
1 34474U 93036TT  14209.18785431  .00001089  00000-0  71724-3 0  9998
2 34474 074.0820 248.1633 0238627 237.3404 180.2392 13.90075153275804
0 COSMOS 2251 DEB
1 34474U 93036TT  14210.49625674  .00001204  00000-0  79118-3 0  9990
2 34474 074.0820 245.9404 0238644 234.8220 247.8323 13.90077788275992
0 COSMOS 2251 DEB
1 34474U 93036TT  14211.79141324  .00001063  00000-0  69980-3 0  9998
2 34474 074.0819 243.7400 0238653 232.3233 249.1561 13.90080809276177
0 COSMOS 2251 DEB
1 34474U 93036TT  14213.14586235  .00001220  00000-0  80103-3 0  9998
2 34474 074.0817 241.4390 0238643 229.7106 187.2098 13.90084425276351
0 COSMOS 2251 DEB
1 34474U 93036TT  14214.15599400  .00001341  00000-0  87905-3 0  9999
2 34474 074.0816 239.7228 0238633 227.7606 202.2097 13.90089064276498
0 COSMOS 2251 DEB
1 34474U 93036TT  14215.16276063  .00001245  00000-0  81685-3 0  9990
2 34474 074.0815 238.0124 0238610 225.8151 200.3869 13.90092245276630
0 COSMOS 2251 DEB
1 34474U 93036TT  14216.17056182  .00001307  00000-0  85723-3 0  9996
2 34474 074.0813 236.3000 0238590 223.8666 203.7554 13.90093960276776
0 COSMOS 2251 DEB
1 34474U 93036TT  14217.47665339  .00001239  00000-0  81311-3 0  9993
2 34474 074.0813 234.0810 0238555 221.3430 259.8809 13.90097494276965
0 COSMOS 2251 DEB
1 34474U 93036TT  14218.49104321  .00000967  00000-0  63816-3 0  9992
2 34474 074.0813 232.3575 0238511 219.3797 296.2426 13.90101273277107
0 COSMOS 2251 DEB
1 34474U 93036TT  14219.49865694  .00001098  00000-0  72232-3 0  9998
2 34474 074.0814 230.6455 0238483 217.4281 298.7126 13.90102340277246
0 COSMOS 2251 DEB
1 34474U 93036TT  14220.50086682  .00001074  00000-0  70710-3 0  9997
2 34474 074.0815 228.9426 0238448 215.4832 274.1487 13.90104574277380
0 COSMOS 2251 DEB
1 34474U 93036TT  14222.06960963  .00000997  00000-0  65730-3 0  9992
2 34474 074.0817 226.2770 0238385 212.4449 204.7411 13.90106807277596
0 COSMOS 2251 DEB
1 34474U 93036TT  14223.07729429  .00000958  00000-0  63214-3 0  9996
2 34474 074.0818 224.5648 0238343 210.4925 207.5908 13.90109116277737
0 COSMOS 2251 DEB
1 34474U 93036TT  14224.08713212  .00000758  00000-0  50364-3 0  9991
2 34474 074.0819 222.8490 0238280 208.5328 221.2245 13.90111608277870
0 COSMOS 2251 DEB
1 34474U 93036TT  14225.09389700  .00000876  00000-0  57963-3 0  9997
2 34474 074.0821 221.1388 0238229 206.5722 219.4959 13.90113023278011
0 COSMOS 2251 DEB
1 34474U 93036TT  14226.40667310  .00000713  00000-0  47421-3 0  9997
2 34474 074.0821 218.9086 0238134 204.0024 309.1951 13.90115187278206
0 COSMOS 2251 DEB
1 34474U 93036TT  14227.41443734  .00000712  00000-0  47387-3 0  9991
2 34474 074.0820 217.1965 0238074 202.0369 312.4821 13.90116501278344
0 COSMOS 2251 DEB
1 34474U 93036TT  14228.42185475  .00000772  00000-0  51243-3 0  9990
2 34474 074.0819 215.4849 0238033 200.0707 314.0405 13.90117733278482
0 COSMOS 2251 DEB
1 34474U 93036TT  14229.98711120  .00000733  00000-0  48743-3 0  9992
2 34474 074.0820 212.8256 0237975 197.0234 227.2700 13.90120873278696
0 COSMOS 2251 DEB
1 34474U 93036TT  14231.07707228  .00000827  00000-0  54751-3 0  9999
2 34474 074.0822 210.9737 0237920 194.8924 281.9338 13.90122269278844
0 COSMOS 2251 DEB
1 34474U 93036TT  14232.37957741  .00000819  00000-0  54227-3 0  9999
2 34474 074.0824 208.7608 0237892 192.3569 320.2615 13.90125130279031
0 COSMOS 2251 DEB
1 34474U 93036TT  14233.38108669  .00000781  00000-0  51827-3 0  9999
2 34474 074.0825 207.0592 0237835 190.3968 292.2866 13.90127263279174
0 COSMOS 2251 DEB
1 34474U 93036TT  14234.38883275  .00000888  00000-0  58725-3 0  9995
2 34474 074.0826 205.3470 0237801 188.4237 295.5330 13.90128629279316
0 COSMOS 2251 DEB
1 34474U 93036TT  14235.67099725  .00000807  00000-0  53498-3 0  9990
2 34474 074.0827 203.1687 0237766 185.9141 232.1070 13.90130980279488
0 COSMOS 2251 DEB
1 34474U 93036TT  14237.05069176  .00000960  00000-0  63298-3 0  9990
2 34474 074.0828 200.8246 0237741 183.2167 296.7790 13.90133264279681
0 COSMOS 2251 DEB
1 34474U 93036TT  14238.05847620  .00000992  00000-0  65379-3 0  9996
2 34474 074.0828 199.1125 0237716 181.2449 300.2369 13.90135531279828
0 COSMOS 2251 DEB
1 34474U 93036TT  14241.30340104  .00001129  00000-0  74182-3 0  9998
2 34474 074.0827 193.5998 0237674 174.8890 339.5341 13.90143191280271
0 COSMOS 2251 DEB
1 34474U 93036TT  14242.31062031  .00000968  00000-0  63799-3 0  9992
2 34474 074.0828 191.8886 0237662 172.9138 340.2034 13.90145802280415
0 COSMOS 2251 DEB
1 34474U 93036TT  14243.31283041  .00001001  00000-0  65951-3 0  9990
2 34474 074.0829 190.1859 0237663 170.9491 315.8151 13.90148234280554
0 COSMOS 2251 DEB
1 34474U 93036TT  14244.32014221  .00000969  00000-0  63871-3 0  9995
2 34474 074.0828 188.4744 0237680 168.9712 316.9695 13.90150530280690
0 COSMOS 2251 DEB
1 34474U 93036TT  14245.54235190  .00001033  00000-0  67971-3 0  9998
2 34474 074.0830 186.3979 0237668 166.5797 313.6003 13.90152850280866
0 COSMOS 2251 DEB
1 34474U 93036TT  14246.60934709  .00000863  00000-0  57036-3 0  9999
2 34474 074.0830 184.5851 0237676 164.4908 253.4579 13.90155426281003
0 COSMOS 2251 DEB
1 34474U 93036TT  14247.61904470  .00000968  00000-0  63760-3 0  9990
2 34474 074.0830 182.8697 0237681 162.5149 266.5740 13.90157565281140
0 COSMOS 2251 DEB
1 34474U 93036TT  14248.62681701  .00001165  00000-0  76466-3 0  9998
2 34474 074.0831 181.1576 0237690 160.5415 270.0626 13.90159927281285
0 COSMOS 2251 DEB
1 34474U 93036TT  14249.63431392  .00001236  00000-0  80992-3 0  9997
2 34474 074.0830 179.4461 0237705 158.5709 272.1797 13.90163063281421
0 COSMOS 2251 DEB
1 34474U 93036TT  14250.77809421  .00001231  00000-0  80658-3 0  9990
2 34474 074.0829 177.5029 0237730 156.3259 236.3617 13.90166249281581
0 COSMOS 2251 DEB
1 34474U 93036TT  14251.86288487  .00001381  00000-0  90356-3 0  9996
2 34474 074.0828 175.6600 0237755 154.1997 265.3325 13.90169109281739
0 COSMOS 2251 DEB
1 34474U 93036TT  14253.80669053  .00001707  00000-0  11125-2 0  9992
2 34474 074.0827 172.3579 0237818 150.3908 273.3801 13.90174527282006
0 COSMOS 2251 DEB
1 34474U 93036TT  14254.81301775  .00001713  00000-0  11163-2 0  9997
2 34474 074.0828 170.6483 0237842 148.4219 269.6985 13.90178926282145
0 COSMOS 2251 DEB
1 34474U 93036TT  14255.97841051  .00002202  00000-0  14307-2 0  9998
2 34474 074.0828 168.6683 0237871 146.1447 342.0975 13.90189767282313
0 COSMOS 2251 DEB
1 34474U 93036TT  14257.12877006  .00001850  00000-0  12042-2 0  9998
2 34474 074.0829 166.7139 0237913 143.8925 339.3019 13.90190213282474
0 COSMOS 2251 DEB
1 34474U 93036TT  14258.20801846  .00001676  00000-0  10917-2 0  9992
2 34474 074.0830 164.8802 0237977 141.7779 340.6296 13.90193386282629
0 COSMOS 2251 DEB
1 34474U 93036TT  14259.43123964  .00001787  00000-0  11630-2 0  9992
2 34474 074.0828 162.8020 0238039 139.3836 342.5136 13.90197315282791
0 COSMOS 2251 DEB
1 34474U 93036TT  14260.78577690  .00001811  00000-0  11782-2 0  9997
2 34474 074.0827 160.5006 0238102 136.7382 281.6136 13.90201880282973
0 COSMOS 2251 DEB
1 34474U 93036TT  14261.79341444  .00001744  00000-0  11347-2 0  9997
2 34474 074.0825 158.7886 0238158 134.7685 284.5902 13.90205507283111
0 COSMOS 2251 DEB
1 34474U 93036TT  14264.10816795  .00001836  00000-0  11937-2 0  9998
2 34474 074.0822 154.8556 0238295 130.2410 349.4136 13.90214806283435
0 COSMOS 2251 DEB
1 34474U 93036TT  14265.11536207  .00001769  00000-0  11505-2 0  9993
2 34474 074.0821 153.1443 0238349 128.2764 350.2131 13.90217868283571
0 COSMOS 2251 DEB
1 34474U 93036TT  14266.84401873  .00001631  00000-0  10610-2 0  9998
2 34474 074.0819 150.2071 0238436 124.9084 001.8062 13.90225865283824
0 COSMOS 2251 DEB
1 34474U 93036TT  14267.13117230  .00001713  00000-0  11137-2 0  9998
2 34474 074.0819 149.7192 0238460 124.3475 358.9609 13.90227323283864
0 COSMOS 2251 DEB
1 34474U 93036TT  14268.13924394  .00001880  00000-0  12207-2 0  9990
2 34474 074.0820 148.0063 0238510 122.3849 004.1882 13.90232872284009
0 COSMOS 2251 DEB
1 34474U 93036TT  14269.49539749  .00002231  00000-0  14456-2 0  9995
2 34474 074.0820 145.7019 0238569 119.7463 311.5368 13.90239363284185
0 COSMOS 2251 DEB
1 34474U 93036TT  14271.08832566  .00002304  00000-0  14924-2 0  9997
2 34474 074.0818 142.9952 0238644 116.6482 003.9520 13.90247063284412
0 COSMOS 2251 DEB
1 34474U 93036TT  14272.09601007  .00003070  00000-0  19834-2 0  9999
2 34474 074.0822 141.2840 0238560 114.7074 007.3033 13.90250334284555
0 COSMOS 2251 DEB
1 34474U 93036TT  14273.45205075  .00002992  00000-0  19328-2 0  9995
2 34474 074.0824 138.9797 0238609 112.0687 314.1870 13.90260885284736
0 COSMOS 2251 DEB
1 34474U 93036TT  14274.46044547  .00002642  00000-0  17082-2 0  9999
2 34474 074.0824 137.2661 0238657 110.1043 321.1623 13.90268364284875
0 COSMOS 2251 DEB
1 34474U 93036TT  14275.76655684  .00002626  00000-0  16972-2 0  9992
2 34474 074.0822 135.0466 0238707 107.5616 018.2376 13.90275934285066
0 COSMOS 2251 DEB
1 34474U 93036TT  14276.77418375  .00002683  00000-0  17335-2 0  9995
2 34474 074.0820 133.3342 0238754 105.6055 021.4211 13.90281037285207
0 COSMOS 2251 DEB
1 34474U 93036TT  14277.78085166  .00002527  00000-0  16334-2 0  9990
2 34474 074.0816 131.6235 0238825 103.6495 019.8240 13.90288578285344
0 COSMOS 2251 DEB
1 34474U 93036TT  14279.00276659  .00002345  00000-0  15165-2 0  9995
2 34474 074.0812 129.5470 0238864 101.2738 015.5816 13.90298325285505
0 COSMOS 2251 DEB
1 34474U 93036TT  14280.01046237  .00002299  00000-0  14863-2 0  9997
2 34474 074.0810 127.8342 0238926 099.3170 019.1874 13.90303136285644
0 COSMOS 2251 DEB
1 34474U 93036TT  14281.02462223  .00002408  00000-0  15562-2 0  9995
2 34474 074.0809 126.1105 0238927 097.3449 055.1691 13.90308089285794
0 COSMOS 2251 DEB
1 34474U 93036TT  14282.02621895  .00002261  00000-0  14615-2 0  9993
2 34474 074.0809 124.4082 0238948 095.4012 028.2829 13.90314163285937
0 COSMOS 2251 DEB
1 34474U 93036TT  14283.38177758  .00001814  00000-0  11753-2 0  9990
2 34474 074.0813 122.1041 0238964 092.7681 333.0577 13.90324277286117
0 COSMOS 2251 DEB
1 34474U 93036TT  14284.38981969  .00001624  00000-0  10531-2 0  9990
2 34474 074.0815 120.3908 0239002 090.8152 338.4827 13.90329385286254
0 COSMOS 2251 DEB
1 34474U 93036TT  14285.69622075  .00002454  00000-0  15845-2 0  9990
2 34474 074.0817 118.1705 0239008 088.2763 037.2838 13.90332649286445
0 COSMOS 2251 DEB
1 34474U 93036TT  14286.70393245  .00001545  00000-0  10026-2 0  9993
2 34474 074.0817 116.4578 0239006 086.3196 041.0941 13.90337449286587
0 COSMOS 2251 DEB
1 34474U 93036TT  14287.92540131  .00001361  00000-0  88463-3 0  9993
2 34474 074.0815 114.3818 0239000 083.9467 034.8210 13.90345226286746
0 COSMOS 2251 DEB
1 34474U 93036TT  14288.93271477  .00002233  00000-0  14426-2 0  9995
2 34474 074.0813 112.6695 0238998 081.9901 036.6795 13.90349410286886
0 COSMOS 2251 DEB
1 34474U 93036TT  14289.94002649  .00001261  00000-0  82098-3 0  9991
2 34474 074.0812 110.9574 0238973 080.0278 038.5540 13.90354556287025
0 COSMOS 2251 DEB
1 34474U 93036TT  14290.94745501  .00001404  00000-0  91239-3 0  9990
2 34474 074.0809 109.2448 0238959 078.0692 041.0258 13.90357481287163
0 COSMOS 2251 DEB
1 34474U 93036TT  14291.95574365  .00002325  00000-0  15016-2 0  9991
2 34474 074.0809 107.5308 0238901 076.1148 047.8082 13.90363235287311
0 COSMOS 2251 DEB
1 34474U 93036TT  14293.52507441  .00003616  00000-0  23277-2 0  9999
2 34474 074.0810 104.8632 0238815 073.0634 342.8208 13.90372428287528
0 COSMOS 2251 DEB
1 34474U 93036TT  14294.61615811  .00003551  00000-0  22858-2 0  9993
2 34474 074.0813 103.0085 0238800 070.9332 044.0993 13.90378722287670
0 COSMOS 2251 DEB
1 34474U 93036TT  14295.62375760  .00003294  00000-0  21215-2 0  9991
2 34474 074.0817 101.2957 0238747 068.9685 047.5281 13.90383204287815
0 COSMOS 2251 DEB
1 34474U 93036TT  14296.92032921  .00003446  00000-0  22184-2 0  9999
2 34474 074.0821 099.0918 0238677 066.4333 057.4048 13.90390222288007
0 COSMOS 2251 DEB
1 34474U 93036TT  14298.77878593  .00003002  00000-0  19342-2 0  9997
2 34474 074.0826 095.9330 0238608 062.8061 359.7999 13.90403170288254
0 COSMOS 2251 DEB
1 34474U 93036TT  14299.87553359  .00002729  00000-0  17597-2 0  9994
2 34474 074.0826 094.0688 0238543 060.6599 089.5535 13.90408383288413
0 COSMOS 2251 DEB
1 34474U 93036TT  14300.88278594  .00003228  00000-0  20790-2 0  9997
2 34474 074.0825 092.3567 0238488 058.6894 091.3582 13.90414488288553
0 COSMOS 2251 DEB
1 34474U 93036TT  14302.51523811  .00002019  00000-0  13058-2 0  9990
2 34474 074.0821 089.5817 0238395 055.4938 342.6464 13.90426950288778
0 COSMOS 2251 DEB
1 34474U 93036TT  14303.52412758  .00001394  00000-0  90576-3 0  9995
2 34474 074.0820 087.8665 0238372 053.5220 352.6998 13.90431255288910
0 COSMOS 2251 DEB
1 34474U 93036TT  14304.83391032  .00001827  00000-0  11833-2 0  9990
2 34474 074.0820 085.6399 0238299 050.9504 068.9306 13.90435170289094
0 COSMOS 2251 DEB
1 34474U 93036TT  14305.84725241  .00001838  00000-0  11898-2 0  9998
2 34474 074.0821 083.9170 0238284 048.9680 101.3088 13.90438515289241
0 COSMOS 2251 DEB
1 34474U 93036TT  14307.48933094  .00001314  00000-0  85467-3 0  9990
2 34474 074.0826 081.1255 0238257 045.7560 040.9039 13.90445358289463
0 COSMOS 2251 DEB
1 34474U 93036TT  14308.79060679  .00001276  00000-0  83056-3 0  9994
2 34474 074.0830 078.9134 0238223 043.1973 074.6201 13.90451115289644
0 COSMOS 2251 DEB
1 34474U 93036TT  14309.79751559  .00001581  00000-0  10255-2 0  9998
2 34474 074.0832 077.2015 0238213 041.2266 074.8542 13.90453688289781
0 COSMOS 2251 DEB
1 34474U 93036TT  14310.80563287  .00001931  00000-0  12497-2 0  9990
2 34474 074.0833 075.4879 0238197 039.2433 081.1580 13.90456256289938
0 COSMOS 2251 DEB
1 34474U 93036TT  14311.81343150  .00001903  00000-0  12313-2 0  9993
2 34474 074.0833 073.7750 0238167 037.2584 085.8765 13.90461174290077
0 COSMOS 2251 DEB
1 34474U 93036TT  14313.45708471  .00001378  00000-0  89572-3 0  9994
2 34474 074.0832 070.9811 0238165 034.0414 033.4949 13.90469010290292
0 COSMOS 2251 DEB
1 34474U 93036TT  14315.39858027  .00002063  00000-0  13337-2 0  9999
2 34474 074.0829 067.6806 0238160 030.2239 032.0990 13.90475711290569
0 COSMOS 2251 DEB
1 34474U 93036TT  14316.70447773  .00001768  00000-0  11452-2 0  9994
2 34474 074.0830 065.4609 0238184 027.6630 089.0899 13.90481944290744
0 COSMOS 2251 DEB
1 34474U 93036TT  14318.42157008  .00001222  00000-0  79588-3 0  9994
2 34474 074.0833 062.5417 0238204 024.2877 044.4654 13.90489820290982
0 COSMOS 2251 DEB
1 34474U 93036TT  14320.36228431  .00003121  00000-0  20089-2 0  9990
2 34474 074.0837 059.2424 0238240 020.4679 039.3103 13.90497004291251
0 COSMOS 2251 DEB
1 34474U 93036TT  14321.66930204  .00002947  00000-0  18973-2 0  9996
2 34474 074.0838 057.0200 0238294 017.9158 102.0032 13.90504610291433
0 COSMOS 2251 DEB
1 34474U 93036TT  14322.67704635  .00002432  00000-0  15682-2 0  9998
2 34474 074.0840 055.3070 0238311 015.9296 106.6284 13.90510851291582
0 COSMOS 2251 DEB
1 34474U 93036TT  14323.68374244  .00002341  00000-0  15100-2 0  9993
2 34474 074.0841 053.5957 0238346 013.9508 106.0237 13.90514326291717
0 COSMOS 2251 DEB
1 34474U 93036TT  14324.69024462  .00002567  00000-0  16541-2 0  9999
2 34474 074.0838 051.8847 0238394 011.9713 104.4663 13.90518606291856
0 COSMOS 2251 DEB
1 34474U 93036TT  14326.25573799  .00002579  00000-0  16616-2 0  9991
2 34474 074.0835 049.2232 0238484 008.8957 021.1826 13.90526310292079
0 COSMOS 2251 DEB
1 34474U 93036TT  14327.34156132  .00001984  00000-0  12813-2 0  9994
2 34474 074.0833 047.3773 0238545 006.7690 056.7305 13.90533451292222
0 COSMOS 2251 DEB
1 34474U 93036TT  14328.35139120  .00001750  00000-0  11318-2 0  9994
2 34474 074.0833 045.6601 0238639 004.7948 071.8837 13.90538685292368
0 COSMOS 2251 DEB
1 34474U 93036TT  14329.35792861  .00002295  00000-0  14792-2 0  9996
2 34474 074.0832 043.9486 0238726 002.8187 070.5864 13.90541925292503
0 COSMOS 2251 DEB
1 34474U 93036TT  14330.66852595  .00002599  00000-0  16727-2 0  9990
2 34474 074.0834 041.7200 0238817 000.2621 151.4088 13.90548979292694
0 COSMOS 2251 DEB
1 34474U 93036TT  14332.30725639  .00002385  00000-0  15357-2 0  9992
2 34474 074.0838 038.9338 0238932 357.0640 074.9018 13.90559534292916
0 COSMOS 2251 DEB
1 34474U 93036TT  14333.31554933  .00002756  00000-0  17719-2 0  9997
2 34474 074.0840 037.2195 0238988 355.1029 082.4494 13.90565235293056
0 COSMOS 2251 DEB
1 34474U 93036TT  14334.32289162  .00003311  00000-0  21247-2 0  9997
2 34474 074.0842 035.5069 0239109 353.1181 085.2875 13.90569421293192
0 COSMOS 2251 DEB
1 34474U 93036TT  14335.55371590  .00003798  00000-0  24340-2 0  9996
2 34474 074.0840 033.4143 0239214 350.7238 126.8860 13.90575725293362
0 COSMOS 2251 DEB
1 34474U 93036TT  14337.19543090  .00003084  00000-0  19780-2 0  9994
2 34474 074.0838 030.6229 0239420 347.5095 065.5010 13.90591158293596
0 COSMOS 2251 DEB
1 34474U 93036TT  14338.20473103  .00002633  00000-0  16907-2 0  9991
2 34474 074.0836 028.9068 0239460 345.5568 078.1915 13.90597652293737
0 COSMOS 2251 DEB
1 34474U 93036TT  14339.58943896  .00003443  00000-0  22056-2 0  9996
2 34474 074.0832 026.5521 0239622 342.8600 170.2820 13.90603744293939
0 COSMOS 2251 DEB
1 34474U 93036TT  14340.59029197  .00003259  00000-0  20880-2 0  9996
2 34474 074.0832 024.8501 0239700 340.9191 140.7382 13.90609049294074
0 COSMOS 2251 DEB
1 34474U 93036TT  14341.81312794  .00003160  00000-0  20238-2 0  9998
2 34474 074.0832 022.7705 0239849 338.5441 142.5116 13.90619439294240
0 COSMOS 2251 DEB
1 34474U 93036TT  14343.24207905  .00002630  00000-0  16865-2 0  9996
2 34474 074.0835 020.3403 0240000 335.7749 096.1866 13.90628058294437
0 COSMOS 2251 DEB
1 34474U 93036TT  14344.55297943  .00002629  00000-0  16851-2 0  9995
2 34474 074.0838 018.1111 0240178 333.2385 178.9091 13.90633587294629
0 COSMOS 2251 DEB
1 34474U 93036TT  14345.56055356  .00002803  00000-0  17948-2 0  9999
2 34474 074.0840 016.3976 0240298 331.2902 183.1160 13.90639411294769
0 COSMOS 2251 DEB
1 34474U 93036TT  14346.77683164  .00002955  00000-0  18913-2 0  9998
2 34474 074.0842 014.3294 0240319 328.9453 152.1752 13.90651269294937
0 COSMOS 2251 DEB
1 34474U 93036TT  14347.78280253  .00003346  00000-0  21388-2 0  9997
2 34474 074.0839 012.6185 0240310 326.9974 148.4233 13.90659901295068
0 COSMOS 2251 DEB
1 34474U 93036TT  14349.51695558  .00004741  00000-0  30216-2 0  9998
2 34474 074.0842 009.6704 0240423 323.6543 190.2786 13.90676234295310
0 COSMOS 2251 DEB
1 34474U 93036TT  14351.15276138  .00004318  00000-0  27524-2 0  9998
2 34474 074.0838 006.8881 0240503 320.5011 099.8750 13.90698454295532
0 COSMOS 2251 DEB
1 34474U 93036TT  14352.16142525  .00004241  00000-0  27025-2 0  9993
2 34474 074.0835 005.1724 0240550 318.5608 109.7663 13.90711253295670
0 COSMOS 2251 DEB
1 34474U 93036TT  14353.16877784  .00006648  00000-0  42241-2 0  9996
2 34474 074.0833 003.4605 0240675 316.6391 113.1237 13.90722388295816
0 COSMOS 2251 DEB
1 34474U 93036TT  14354.17661017  .00003886  00000-0  24753-2 0  9997
2 34474 074.0831 001.7460 0240848 314.7271 118.9193 13.90737472295951
0 COSMOS 2251 DEB
1 34474U 93036TT  14355.48744633  .00009852  00000-0  62475-2 0  9990
2 34474 074.0833 359.5146 0240643 312.1690 201.8817 13.90749528296140
0 COSMOS 2251 DEB
1 34474U 93036TT  14356.49677628  .00008625  00000-0  54692-2 0  9990
2 34474 074.0839 357.7976 0240729 310.2610 215.2826 13.90769954296282
0 COSMOS 2251 DEB
1 34474U 93036TT  14357.50430487  .00007986  00000-0  50644-2 0  9995
2 34474 074.0843 356.0837 0240722 308.3258 219.7582 13.90783051296422
0 COSMOS 2251 DEB
1 34474U 93036TT  14359.06404338  .00005749  00000-0  36501-2 0  9995
2 34474 074.0845 353.4303 0240704 305.3432 109.1052 13.90802370296637
0 COSMOS 2251 DEB
1 34474U 93036TT  14360.45100771  .00005941  00000-0  37699-2 0  9997
2 34474 074.0842 351.0708 0240714 302.6457 213.5295 13.90817498296833
0 COSMOS 2251 DEB
1 34474U 93036TT  14362.08758549  .00003942  00000-0  25068-2 0  9996
2 34474 074.0841 348.2868 0240681 299.5024 127.7907 13.90831705297052
0 COSMOS 2251 DEB
1 34474U 93036TT  14363.39935477  .00003706  00000-0  23579-2 0  9991
2 34474 074.0841 346.0558 0240647 297.0527 215.7431 13.90841917297244
0 COSMOS 2251 DEB
1 34474U 93036TT  14365.03562890  .00003350  00000-0  21323-2 0  9999
2 34474 074.0837 343.2719 0240611 293.9320 128.6050 13.90854029297465
0 COSMOS 2251 DEB
1 34474U 93036TT  15001.04238546  .00003271  00000-0  20827-2 0  9996
2 34474 074.0839 341.5586 0240611 291.9832 129.5166 13.90859604297604
0 COSMOS 2251 DEB
1 34474U 93036TT  15002.05024407  .00002631  00000-0  16786-2 0  9995
2 34474 074.0839 339.8442 0240519 290.0685 135.9284 13.90865606297744
0 COSMOS 2251 DEB
1 34474U 93036TT  15003.36230772  .00002612  00000-0  16664-2 0  9998
2 34474 074.0844 337.6108 0240412 287.5680 225.5540 13.90871438297935
0 COSMOS 2251 DEB
1 34474U 93036TT  15004.36952389  .00002815  00000-0  17953-2 0  9991
2 34474 074.0844 335.8968 0240273 285.6556 228.7922 13.90875395298076
0 COSMOS 2251 DEB
1 34474U 93036TT  15005.37900287  .00002825  00000-0  18010-2 0  9999
2 34474 074.0849 334.1799 0240267 283.7069 243.4127 13.90884712298216
0 COSMOS 2251 DEB
1 34474U 93036TT  15007.23919178  .00002885  00000-0  18390-2 0  9992
2 34474 074.0848 331.0146 0240115 280.1358 197.7265 13.90897713298467
0 COSMOS 2251 DEB
1 34474U 93036TT  15008.31930870  .00003677  00000-0  23396-2 0  9996
2 34474 074.0851 329.1782 0240043 278.0484 206.1282 13.90903742298623
0 COSMOS 2251 DEB
1 34474U 93036TT  15009.33475013  .00004126  00000-0  26231-2 0  9993
2 34474 074.0849 327.4508 0239965 276.0946 250.7045 13.90911668298762
0 COSMOS 2251 DEB
1 34474U 93036TT  15010.96797028  .00003069  00000-0  19559-2 0  9997
2 34474 074.0847 324.6726 0239782 272.9737 148.6824 13.90922474298982
0 COSMOS 2251 DEB
1 34474U 93036TT  15011.97552362  .00002688  00000-0  17153-2 0  9993
2 34474 074.0844 322.9588 0239674 271.0295 153.8266 13.90930131299129
0 COSMOS 2251 DEB
1 34474U 93036TT  15012.98340108  .00002490  00000-0  15904-2 0  9991
2 34474 074.0843 321.2439 0239501 269.0910 160.6155 13.90937243299264
0 COSMOS 2251 DEB
1 34474U 93036TT  15014.21700959  .00002857  00000-0  18227-2 0  9991
2 34474 074.0842 319.1448 0239374 266.7162 217.7518 13.90943370299445
0 COSMOS 2251 DEB
1 34474U 93036TT  15015.30228997  .00002896  00000-0  18474-2 0  9996
2 34474 074.0844 317.2981 0239285 264.6210 252.1830 13.90948169299597
0 COSMOS 2251 DEB
1 34474U 93036TT  15016.51830213  .00002031  00000-0  13006-2 0  9997
2 34474 074.0848 315.2280 0239044 262.2852 221.2502 13.90955927299762
0 COSMOS 2251 DEB
1 34474U 93036TT  15017.52422769  .00001847  00000-0  11848-2 0  9998
2 34474 074.0850 313.5165 0238895 260.3445 218.3581 13.90959421299899
0 COSMOS 2251 DEB
1 34474U 93036TT  15018.87824057  .00001191  00000-0  76948-3 0  9998
2 34474 074.0850 311.2130 0238707 257.7286 158.5144 13.90963023300088
0 COSMOS 2251 DEB
1 34474U 93036TT  15020.18499019  .00001338  00000-0  86307-3 0  9994
2 34474 074.0848 308.9900 0238524 255.2018 222.0222 13.90966395300265
0 COSMOS 2251 DEB
1 34474U 93036TT  15021.20108368  .00001203  00000-0  77798-3 0  9997
2 34474 074.0845 307.2614 0238383 253.2372 270.0873 13.90969221300413
0 COSMOS 2251 DEB
1 34474U 93036TT  15022.20603848  .00001345  00000-0  86788-3 0  9997
2 34474 074.0842 305.5516 0238272 251.2936 262.3874 13.90973510300559
0 COSMOS 2251 DEB
1 34474U 93036TT  15023.21330800  .00001001  00000-0  65034-3 0  9994
2 34474 074.0835 303.8357 0237930 249.3343 266.3033 13.90976792300696
0 COSMOS 2251 DEB
1 34474U 93036TT  15024.22020332  .00000977  00000-0  63536-3 0  9998
2 34474 074.0834 302.1224 0237844 247.3815 268.3529 13.90977893300837
0 COSMOS 2251 DEB
1 34474U 93036TT  15025.85589564  .00000844  00000-0  55121-3 0  9999
2 34474 074.0835 299.3392 0237608 244.2031 179.1328 13.90981745301057
0 COSMOS 2251 DEB
1 34474U 93036TT  15027.16214291  .00001065  00000-0  69101-3 0  9996
2 34474 074.0835 297.1167 0237458 241.6635 240.2249 13.90986530301247
0 COSMOS 2251 DEB
1 34474U 93036TT  15028.17572009  .00001142  00000-0  74025-3 0  9999
2 34474 074.0834 295.3922 0237383 239.6927 275.7730 13.90990070301380
0 COSMOS 2251 DEB
1 34474U 93036TT  15029.18261763  .00001338  00000-0  86429-3 0  9991
2 34474 074.0833 293.6791 0237304 237.7331 277.8840 13.90993063301521
0 COSMOS 2251 DEB
1 34474U 93036TT  15031.19856306  .00001585  00000-0  10213-2 0  9999
2 34474 074.0828 290.2492 0237108 233.8096 292.9114 13.91001339301803
0 COSMOS 2251 DEB
1 34474U 93036TT  15032.41180706  .00001590  00000-0  10247-2 0  9992
2 34474 074.0827 288.1851 0236957 231.4420 248.3755 13.91006374301960
0 COSMOS 2251 DEB
1 34474U 93036TT  15033.76577583  .00002220  00000-0  14243-2 0  9995
2 34474 074.0833 285.8832 0236975 228.8227 188.5444 13.91012341302158
0 COSMOS 2251 DEB
1 34474U 93036TT  15035.15202522  .00002197  00000-0  14097-2 0  9998
2 34474 074.0828 283.5245 0236812 226.1158 290.4213 13.91018117302355
0 COSMOS 2251 DEB
1 34474U 93036TT  15036.15990185  .00002501  00000-0  16024-2 0  9999
2 34474 074.0827 281.8096 0236717 224.1482 297.5512 13.91021968302494
0 COSMOS 2251 DEB
1 34474U 93036TT  15037.37431979  .00002289  00000-0  14679-2 0  9992
2 34474 074.0826 279.7429 0236692 221.7931 258.9817 13.91028245302655
0 COSMOS 2251 DEB
1 34474U 93036TT  15038.72812806  .00002280  00000-0  14623-2 0  9994
2 34474 074.0829 277.4389 0236535 219.1476 198.4823 13.91035243302841
0 COSMOS 2251 DEB
1 34474U 93036TT  15039.73774631  .00001998  00000-0  12835-2 0  9997
2 34474 074.0831 275.7207 0236444 217.1750 214.3948 13.91039960302987
0 COSMOS 2251 DEB
1 34474U 93036TT  15040.74315991  .00002151  00000-0  13806-2 0  9991
2 34474 074.0835 274.0097 0236365 215.2053 209.2758 13.91045020303120
0 COSMOS 2251 DEB
1 34474U 93036TT  15042.04850424  .00002295  00000-0  14721-2 0  9997
2 34474 074.0838 271.7883 0236245 212.6592 266.1534 13.91049430303309
0 COSMOS 2251 DEB
1 34474U 93036TT  15043.05529708  .00002152  00000-0  13816-2 0  9993
2 34474 074.0836 270.0754 0236202 210.6953 267.9692 13.91052536303448
0 COSMOS 2251 DEB
1 34474U 93036TT  15044.06936854  .00002046  00000-0  13140-2 0  9991
2 34474 074.0831 268.3499 0236183 208.7251 306.2395 13.91055477303596
0 COSMOS 2251 DEB
1 34474U 93036TT  15046.07771019  .00001743  00000-0  11221-2 0  9995
2 34474 074.0822 264.9324 0236075 204.8006 283.6728 13.91063834303875
0 COSMOS 2251 DEB
1 34474U 93036TT  15047.56878612  .00001805  00000-0  11614-2 0  9992
2 34474 074.0816 262.3955 0236018 201.8938 190.7559 13.91069630304071
0 COSMOS 2251 DEB
1 34474U 93036TT  15048.57614076  .00002011  00000-0  12916-2 0  9992
2 34474 074.0814 260.6811 0235978 199.9361 195.4475 13.91075055304215
0 COSMOS 2251 DEB
1 34474U 93036TT  15049.58260456  .00001915  00000-0  12309-2 0  9991
2 34474 074.0814 258.9680 0235964 197.9777 195.7010 13.91079550304350
0 COSMOS 2251 DEB
1 34474U 93036TT  15050.96573958  .00001700  00000-0  10943-2 0  9993
2 34474 074.0817 256.6140 0235919 195.2850 282.3079 13.91084312304543
0 COSMOS 2251 DEB
1 34474U 93036TT  15051.97309016  .00001739  00000-0  11191-2 0  9995
2 34474 074.0820 254.8995 0235897 193.3333 287.0289 13.91088356304687
0 COSMOS 2251 DEB
1 34474U 93036TT  15052.98625372  .00002475  00000-0  15861-2 0  9999
2 34474 074.0824 253.1751 0235884 191.3604 320.8871 13.91091795304839
0 COSMOS 2251 DEB
1 34474U 93036TT  15053.99341734  .00002392  00000-0  15330-2 0  9997
2 34474 074.0825 251.4611 0235864 189.4076 324.7033 13.91095661304979
0 COSMOS 2251 DEB
1 34474U 93036TT  15055.00199868  .00002633  00000-0  16862-2 0  9999
2 34474 074.0825 249.7445 0235828 187.4549 335.6297 13.91102297305111
0 COSMOS 2251 DEB
1 34474U 93036TT  15056.56328301  .00002498  00000-0  16000-2 0  9990
2 34474 074.0821 247.0880 0235784 184.4368 234.5050 13.91110036305325
0 COSMOS 2251 DEB
1 34474U 93036TT  15057.56988056  .00002232  00000-0  14312-2 0  9990
2 34474 074.0820 245.3750 0235762 182.4900 235.5485 13.91115139305464
0 COSMOS 2251 DEB
1 34474U 93036TT  15058.57676792  .00002501  00000-0  16015-2 0  9994
2 34474 074.0819 243.6629 0235775 180.5332 238.0661 13.91120179305600
0 COSMOS 2251 DEB
1 34474U 93036TT  15061.52522119  .00003952  00000-0  25215-2 0  9999
2 34474 074.0818 238.6450 0235672 174.8512 244.0686 13.91140315306011
0 COSMOS 2251 DEB
1 34474U 93036TT  15063.19239733  .00003690  00000-0  23551-2 0  9991
2 34474 074.0817 235.8076 0235575 171.6129 313.4925 13.91150954306257
0 COSMOS 2251 DEB
1 34474U 93036TT  15064.46825368  .00003627  00000-0  23148-2 0  9999
2 34474 074.0820 233.6362 0235516 169.1409 223.1805 13.91159912306429
0 COSMOS 2251 DEB
1 34474U 93036TT  15065.47499339  .00003423  00000-0  21860-2 0  9999
2 34474 074.0823 231.9230 0235409 167.1854 225.1176 13.91165798306567
0 COSMOS 2251 DEB
1 34474U 93036TT  15066.56059623  .00003652  00000-0  23308-2 0  9991
2 34474 074.0826 230.0751 0235430 165.1206 262.0030 13.91173228306714
0 COSMOS 2251 DEB
1 34474U 93036TT  15068.15385595  .00003652  00000-0  23303-2 0  9993
2 34474 074.0831 227.3635 0235362 162.0642 321.4014 13.91184526306944
0 COSMOS 2251 DEB
1 34474U 93036TT  15069.43006097  .00003123  00000-0  19949-2 0  9996
2 34474 074.0834 225.1916 0235320 159.5990 232.9810 13.91192195307117
0 COSMOS 2251 DEB
1 34474U 93036TT  15070.43680037  .00002811  00000-0  17971-2 0  9996
2 34474 074.0833 223.4781 0235250 157.6547 235.0235 13.91197122307251
0 COSMOS 2251 DEB
1 34474U 93036TT  15071.45005014  .00002945  00000-0  18817-2 0  9993
2 34474 074.0833 221.7536 0235205 155.7179 269.6715 13.91202642307395
0 COSMOS 2251 DEB
1 34474U 93036TT  15072.45524498  .00002956  00000-0  18891-2 0  9990
2 34474 074.0830 220.0426 0235154 153.8017 263.9920 13.91208143307538
0 COSMOS 2251 DEB
1 34474U 93036TT  15073.46206299  .00002738  00000-0  17508-2 0  9990
2 34474 074.0829 218.3290 0235078 151.8669 266.4772 13.91212858307677
0 COSMOS 2251 DEB
1 34474U 93036TT  15074.47055439  .00002646  00000-0  16923-2 0  9998
2 34474 074.0827 216.6127 0234999 149.9285 277.3622 13.91217897307817
0 COSMOS 2251 DEB
1 34474U 93036TT  15075.47683553  .00002314  00000-0  14820-2 0  9999
2 34474 074.0827 214.8999 0234937 147.9931 277.1955 13.91221891307953
0 COSMOS 2251 DEB
1 34474U 93036TT  15076.48398936  .00002106  00000-0  13498-2 0  9998
2 34474 074.0826 213.1857 0234881 146.0574 281.4138 13.91225883308090
0 COSMOS 2251 DEB
1 34474U 93036TT  15077.41681763  .00003994  00000-0  25472-2 0  9996
2 34474 074.0825 211.5981 0234784 144.2700 273.4163 13.91238557308228
0 COSMOS 2251 DEB
1 34474U 93036TT  15078.42362278  .00003963  00000-0  25273-2 0  9990
2 34474 074.0827 209.8847 0234698 142.3379 275.9488 13.91246043308367
0 COSMOS 2251 DEB
1 34474U 93036TT  15079.43197029  .00002329  00000-0  14912-2 0  9995
2 34474 074.0825 208.1685 0234703 140.4033 286.2207 13.91249333308505
0 COSMOS 2251 DEB
1 34474U 93036TT  15080.43817403  .00001898  00000-0  12179-2 0  9995
2 34474 074.0834 206.4557 0234499 138.4582 285.7867 13.91252651308640
0 COSMOS 2251 DEB
1 34474U 93036TT  15081.44536671  .00002268  00000-0  14527-2 0  9993
2 34474 074.0836 204.7412 0234422 136.5207 290.3103 13.91257125308783
0 COSMOS 2251 DEB
1 34474U 93036TT  15082.75883628  .00002375  00000-0  15208-2 0  9991
2 34474 074.0835 202.5059 0234269 133.9926 028.8476 13.91263072308979
0 COSMOS 2251 DEB
1 34474U 93036TT  15083.76287789  .00002424  00000-0  15528-2 0  9999
2 34474 074.0835 200.7972 0234117 132.0534 017.6370 13.91267882309119
0 COSMOS 2251 DEB
1 34474U 93036TT  15084.76992315  .00002695  00000-0  17246-2 0  9997
2 34474 074.0834 199.0833 0233991 130.1102 021.4867 13.91273635309255
0 COSMOS 2251 DEB
1 34474U 93036TT  15085.77711844  .00002670  00000-0  17094-2 0  9999
2 34474 074.0834 197.3694 0233845 128.1676 026.1061 13.91278692309393
0 COSMOS 2251 DEB
1 34474U 93036TT  15086.78642270  .00002721  00000-0  17413-2 0  9999
2 34474 074.0835 195.6520 0233759 126.2090 041.3199 13.91284023309538
0 COSMOS 2251 DEB
1 34474U 93036TT  15087.79262601  .00003110  00000-0  19890-2 0  9991
2 34474 074.0835 193.9395 0233626 124.2680 041.0121 13.91290621309673
0 COSMOS 2251 DEB
1 34474U 93036TT  15089.35313060  .00003096  00000-0  19801-2 0  9996
2 34474 074.0837 191.2836 0233413 121.2541 297.0398 13.91299936309883
0 COSMOS 2251 DEB
1 34474U 93036TT  15090.36112684  .00002695  00000-0  17257-2 0  9995
2 34474 074.0836 189.5677 0233297 119.3103 305.7679 13.91304763310029
0 COSMOS 2251 DEB
1 34474U 93036TT  15091.36804653  .00002620  00000-0  16785-2 0  9993
2 34474 074.0837 187.8537 0233160 117.3603 309.1316 13.91310274310163
0 COSMOS 2251 DEB
1 34474U 93036TT  15092.67248934  .00002685  00000-0  17203-2 0  9999
2 34474 074.0839 185.6335 0232999 114.8325 002.7306 13.91317342310347
0 COSMOS 2251 DEB
1 34474U 93036TT  15093.67949293  .00002663  00000-0  17064-2 0  9997
2 34474 074.0839 183.9196 0232874 112.8817 006.5610 13.91322775310480
0 COSMOS 2251 DEB
1 34474U 93036TT  15094.69216262  .00002369  00000-0  15199-2 0  9993
2 34474 074.0838 182.1959 0232736 110.9198 038.7902 13.91327413310637
0 COSMOS 2251 DEB
1 34474U 93036TT  15095.69917712  .00002173  00000-0  13951-2 0  9999
2 34474 074.0838 180.4822 0232588 108.9576 042.7211 13.91331939310770
0 COSMOS 2251 DEB
1 34474U 93036TT  15096.70633329  .00001856  00000-0  11939-2 0  9992
2 34474 074.0836 178.7680 0232483 107.0033 047.3671 13.91335390310914
0 COSMOS 2251 DEB
1 34474U 93036TT  15098.19162644  .00001559  00000-0  10054-2 0  9991
2 34474 074.0832 176.2399 0232338 104.1193 286.9298 13.91339848311115
0 COSMOS 2251 DEB
1 34474U 93036TT  15099.19858670  .00001374  00000-0  88756-3 0  9993
2 34474 074.0831 174.5259 0232204 102.1644 290.6225 13.91342434311253
0 COSMOS 2251 DEB
1 34474U 93036TT  15100.28323670  .00001511  00000-0  97524-3 0  9999
2 34474 074.0830 172.6797 0232076 100.0510 323.4708 13.91346248311409
0 COSMOS 2251 DEB
1 34474U 93036TT  15101.28983538  .00001695  00000-0  10922-2 0  9994
2 34474 074.0830 170.9663 0231958 098.0933 325.3818 13.91350123311540
0 COSMOS 2251 DEB
1 34474U 93036TT  15102.51216498  .00001675  00000-0  10798-2 0  9994
2 34474 074.0831 168.8858 0231854 095.7152 327.8792 13.91354477311718
0 COSMOS 2251 DEB
1 34474U 93036TT  15103.60133208  .00001429  00000-0  92316-3 0  9996
2 34474 074.0832 167.0320 0231743 093.5945 023.3989 13.91357730311864
0 COSMOS 2251 DEB
1 34474U 93036TT  15104.60780171  .00001587  00000-0  10238-2 0  9991
2 34474 074.0833 165.3189 0231628 091.6300 024.7121 13.91361582312005
0 COSMOS 2251 DEB
1 34474U 93036TT  15105.61478876  .00001904  00000-0  12261-2 0  9990
2 34474 074.0833 163.6048 0231526 089.6615 028.6329 13.91365861312145
0 COSMOS 2251 DEB
1 34474U 93036TT  15107.47304488  .00002345  00000-0  15070-2 0  9994
2 34474 074.0830 160.4417 0231342 086.0348 336.5352 13.91374736312404
0 COSMOS 2251 DEB
1 34474U 93036TT  15108.47955242  .00002277  00000-0  14639-2 0  9999
2 34474 074.0829 158.7285 0231265 084.0708 338.1013 13.91379347312547
0 COSMOS 2251 DEB
1 34474U 93036TT  15109.57586687  .00002180  00000-0  14019-2 0  9999
2 34474 074.0826 156.8621 0231181 081.9274 069.5326 13.91384555312705
0 COSMOS 2251 DEB
1 34474U 93036TT  15110.79139066  .00002241  00000-0  14409-2 0  9991
2 34474 074.0825 154.7929 0231083 079.5432 038.1091 13.91390163312862
0 COSMOS 2251 DEB
1 34474U 93036TT  15112.22050292  .00003011  00000-0  19317-2 0  9993
2 34474 074.0824 152.3602 0230989 076.7527 356.5782 13.91399277313063
0 COSMOS 2251 DEB
1 34474U 93036TT  15113.52941416  .00003070  00000-0  19690-2 0  9993
2 34474 074.0824 150.1320 0230895 074.1986 072.9940 13.91406688313254
0 COSMOS 2251 DEB
1 34474U 93036TT  15115.16619642  .00002472  00000-0  15885-2 0  9995
2 34474 074.0823 147.3457 0230791 070.9963 351.7897 13.91414188313473
0 COSMOS 2251 DEB
1 34474U 93036TT  15116.17240250  .00002126  00000-0  13679-2 0  9997
2 34474 074.0824 145.6327 0230746 069.0294 351.9889 13.91418025313610
0 COSMOS 2251 DEB
1 34474U 93036TT  15117.18074598  .00001783  00000-0  11499-2 0  9995
2 34474 074.0824 143.9161 0230706 067.0625 002.9027 13.91421006313754
0 COSMOS 2251 DEB
1 34474U 93036TT  15118.49047242  .00001779  00000-0  11472-2 0  9992
2 34474 074.0821 141.6864 0230676 064.5051 083.5021 13.91425682313941
0 COSMOS 2251 DEB
1 34474U 93036TT  15119.49140366  .00001688  00000-0  10891-2 0  9997
2 34474 074.0820 139.9823 0230650 062.5482 057.3230 13.91429221314072
0 COSMOS 2251 DEB
1 34474U 93036TT  15120.49765252  .00001551  00000-0  10021-2 0  9990
2 34474 074.0820 138.2692 0230636 060.5868 057.7870 13.91432571314210
0 COSMOS 2251 DEB
1 34474U 93036TT  15121.50473412  .00001507  00000-0  97409-3 0  9994
2 34474 074.0818 136.5546 0230637 058.6217 062.4365 13.91436013314355
0 COSMOS 2251 DEB
1 34474U 93036TT  15122.51168063  .00001483  00000-0  95880-3 0  9993
2 34474 074.0814 134.8401 0230683 056.6619 066.4149 13.91438626314500
0 COSMOS 2251 DEB
1 34474U 93036TT  15124.07979260  .00001525  00000-0  98546-3 0  9994
2 34474 074.0814 132.1704 0230689 053.6090 001.3989 13.91444183314711
0 COSMOS 2251 DEB
1 34474U 93036TT  15125.08644839  .00001465  00000-0  94667-3 0  9990
2 34474 074.0814 130.4564 0230701 051.6508 003.9504 13.91447112314854
0 COSMOS 2251 DEB
1 34474U 93036TT  15126.47141668  .00001765  00000-0  11377-2 0  9995
2 34474 074.0815 128.0985 0230720 048.9583 101.5679 13.91453165315054
0 COSMOS 2251 DEB
1 34474U 93036TT  15127.68759639  .00001964  00000-0  12645-2 0  9992
2 34474 074.0816 126.0279 0230731 046.6008 073.7048 13.91458666315217
0 COSMOS 2251 DEB
1 34474U 93036TT  15129.04046660  .00002135  00000-0  13732-2 0  9996
2 34474 074.0815 123.7244 0230726 043.9596 010.6021 13.91464879315403
0 COSMOS 2251 DEB
1 34474U 93036TT  15130.04711784  .00002698  00000-0  17308-2 0  9991
2 34474 074.0823 122.0105 0230779 042.0055 013.2046 13.91471131315548
0 COSMOS 2251 DEB
1 34474U 93036TT  15131.05461207  .00003150  00000-0  20182-2 0  9993
2 34474 074.0824 120.2952 0230813 040.0582 020.0429 13.91477825315683
0 COSMOS 2251 DEB
1 34474U 93036TT  15132.35985620  .00003997  00000-0  25563-2 0  9994
2 34474 074.0824 118.0728 0230838 037.5294 078.4404 13.91487944315860
0 COSMOS 2251 DEB
1 34474U 93036TT  15133.37271351  .00004261  00000-0  27237-2 0  9991
2 34474 074.0823 116.3484 0230864 035.5780 112.2036 13.91496166316018
0 COSMOS 2251 DEB
1 34474U 93036TT  15134.37932625  .00004868  00000-0  31086-2 0  9990
2 34474 074.0825 114.6344 0230908 033.6371 114.7197 13.91505955316157
0 COSMOS 2251 DEB
1 34474U 93036TT  15135.38599830  .00004213  00000-0  26919-2 0  9992
2 34474 074.0826 112.9201 0230965 031.6914 117.5713 13.91513884316295
0 COSMOS 2251 DEB
1 34474U 93036TT  15136.38695054  .00003516  00000-0  22488-2 0  9990
2 34474 074.0826 111.2156 0230988 029.7547 091.7945 13.91519972316420
0 COSMOS 2251 DEB
1 34474U 93036TT  15137.39355750  .00003401  00000-0  21755-2 0  9997
2 34474 074.0828 109.5016 0231022 027.8155 094.3579 13.91526060316564
0 COSMOS 2251 DEB
1 34474U 93036TT  15138.96150529  .00003155  00000-0  20186-2 0  9991
2 34474 074.0834 106.8318 0231078 024.7958 028.9830 13.91535163316785
0 COSMOS 2251 DEB
1 34474U 93036TT  15139.96805462  .00002775  00000-0  17766-2 0  9992
2 34474 074.0836 105.1179 0231123 022.8697 031.3057 13.91541137316927
0 COSMOS 2251 DEB
1 34474U 93036TT  15140.97576074  .00002464  00000-0  15796-2 0  9995
2 34474 074.0835 103.4021 0231140 020.9327 039.4495 13.91545823317068
0 COSMOS 2251 DEB
1 34474U 93036TT  15141.98223491  .00002221  00000-0  14247-2 0  9990
2 34474 074.0837 101.6881 0231178 019.0011 041.4348 13.91550416317204
0 COSMOS 2251 DEB
1 34474U 93036TT  15142.98971514  .00001836  00000-0  11803-2 0  9993
2 34474 074.0838 099.9727 0231226 017.0712 048.4709 13.91553778317340
0 COSMOS 2251 DEB
1 34474U 93036TT  15143.99632214  .00001624  00000-0  10455-2 0  9993
2 34474 074.0837 098.2586 0231241 015.1382 051.1495 13.91556916317488
0 COSMOS 2251 DEB
1 34474U 93036TT  15145.85813429  .00001279  00000-0  82644-3 0  9995
2 34474 074.0836 095.0881 0231280 011.5629 018.0764 13.91562230317743
0 COSMOS 2251 DEB
1 34474U 93036TT  15146.87079676  .00001194  00000-0  77286-3 0  9998
2 34474 074.0835 093.3636 0231306 009.6179 051.1207 13.91564997317885
0 COSMOS 2251 DEB
1 34474U 93036TT  15147.95015352  .00001338  00000-0  86425-3 0  9994
2 34474 074.0832 091.5257 0231293 007.5448 058.2877 13.91567985318031
0 COSMOS 2251 DEB
1 34474U 93036TT  15148.95718317  .00001363  00000-0  87998-3 0  9990
2 34474 074.0833 089.8109 0231302 005.6073 063.1390 13.91571125318173
0 COSMOS 2251 DEB
1 34474U 93036TT  15150.26785806  .00001254  00000-0  81072-3 0  9990
2 34474 074.0834 087.5790 0231311 003.0960 149.1445 13.91574162318363
0 COSMOS 2251 DEB
1 34474U 93036TT  15151.27431566  .00002107  00000-0  13515-2 0  9997
2 34474 074.0835 085.8651 0231283 001.1574 151.1571 13.91581569318507
0 COSMOS 2251 DEB
1 34474U 93036TT  15152.27472339  .00001371  00000-0  88500-3 0  9990
2 34474 074.0835 084.1616 0231296 359.2479 122.8460 13.91580079318636
0 COSMOS 2251 DEB
1 34474U 93036TT  15153.49630965  .00001085  00000-0  70368-3 0  9991
2 34474 074.0835 082.0813 0231287 356.9082 122.5860 13.91581772318807
0 COSMOS 2251 DEB
1 34474U 93036TT  15154.84894859  .00001161  00000-0  75161-3 0  9996
2 34474 074.0836 079.7779 0231260 354.3114 058.8781 13.91585657318990
0 COSMOS 2251 DEB
1 34474U 93036TT  15155.85553586  .00001348  00000-0  87037-3 0  9999
2 34474 074.0837 078.0640 0231259 352.3810 061.5719 13.91589292319137
0 COSMOS 2251 DEB
1 34474U 93036TT  15156.86374432  .00001462  00000-0  94251-3 0  9995
2 34474 074.0838 076.3471 0231234 350.4497 072.3963 13.91592634319274
0 COSMOS 2251 DEB
1 34474U 93036TT  15157.86966623  .00001670  00000-0  10748-2 0  9994
2 34474 074.0840 074.6343 0231200 348.5186 071.7801 13.91596559319412
0 COSMOS 2251 DEB
1 34474U 93036TT  15158.87762561  .00001846  00000-0  11861-2 0  9993
2 34474 074.0839 072.9179 0231148 346.5896 081.3794 13.91600642319557
0 COSMOS 2251 DEB
1 34474U 93036TT  15159.88389793  .00002133  00000-0  13682-2 0  9990
2 34474 074.0840 071.2043 0231113 344.6594 082.5503 13.91605856319695
0 COSMOS 2251 DEB
1 34474U 93036TT  15160.81732587 +.00001996 +00000-0 +12815-2 0  9991
2 34474 074.0840 069.6147 0231065 342.8702 078.7925 13.91608197319504
0 COSMOS 2251 DEB
1 34474U 93036TT  15161.19510641  .00002095  00000-0  13446-2 0  9990
2 34474 074.0840 068.9713 0231042 342.1444 171.3878 13.91610196319886
0 COSMOS 2251 DEB
1 34474U 93036TT  15162.20149795  .00002125  00000-0  13636-2 0  9996
2 34474 074.0840 067.2574 0230995 340.2106 173.1875 13.91614105320022
0 COSMOS 2251 DEB
1 34474U 93036TT  15163.20223088  .00002170  00000-0  13924-2 0  9995
2 34474 074.0847 065.5528 0230916 338.3001 146.6412 13.91618244320169
0 COSMOS 2251 DEB
1 34474U 93036TT  15163.83787128 +.00002182 +00000-0 +14002-2 0  9995
2 34474 074.0848 064.4704 0230864 337.0792 091.0777 13.91620803319922
0 COSMOS 2251 DEB
1 34474U 93036TT  15164.84422625 +.00002069 +00000-0 +13284-2 0  9990
2 34474 074.0849 062.7564 0230792 335.1438 092.7363 13.91624301320382
0 COSMOS 2251 DEB
1 34474U 93036TT  15165.77590439 +.00001962 +00000-0 +12606-2 0  9990
2 34474 074.0851 061.1696 0230709 333.3544 080.2905 13.91627939320193
0 COSMOS 2251 DEB
1 34474U 93036TT  15166.15547846 +.00001763 +00000-0 +11345-2 0  9995
2 34474 074.0851 060.5232 0230697 332.6218 181.8989 13.91628673320576
0 COSMOS 2251 DEB
1 34474U 93036TT  15167.79029084  .00001459  00000-0  94187-3 0  9993
2 34474 074.0850 057.7390 0230567 329.4761 092.0742 13.91633666320793
0 COSMOS 2251 DEB
1 34474U 93036TT  15168.79784252  .00001385  00000-0  89492-3 0  9990
2 34474 074.0849 056.0232 0230495 327.5374 099.7797 13.91636785320932
0 COSMOS 2251 DEB
1 34474U 93036TT  15169.09612292 +.00001357 +00000-0 +87731-3 0  9991
2 34474 074.0847 055.5152 0230456 326.9626 154.1292 13.91637563320655
0 COSMOS 2251 DEB
1 34474U 93036TT  15170.10855560  .00001091  00000-0  70811-3 0  9998
2 34474 074.0846 053.7910 0230382 325.0098 186.3049 13.91639721321125
0 COSMOS 2251 DEB
1 34474U 93036TT  15171.11510117  .00001009  00000-0  65616-3 0  9992
2 34474 074.0839 052.0765 0230346 323.0580 189.0048 13.91641208321268
0 COSMOS 2251 DEB
1 34474U 93036TT  15172.75004278  .00000874  00000-0  57057-3 0  9998
2 34474 074.0839 049.2921 0230202 319.9016 099.9140 13.91644719321485
0 COSMOS 2251 DEB
1 34474U 93036TT  15173.75705300  .00000867  00000-0  56616-3 0  9995
2 34474 074.0839 047.5770 0230140 317.9542 104.9571 13.91647056321629
0 COSMOS 2251 DEB
1 34474U 93036TT  15174.76464659  .00001194  00000-0  77417-3 0  9992
2 34474 074.0838 045.8605 0230070 316.0100 112.9378 13.91651744321766
0 COSMOS 2251 DEB
1 34474U 93036TT  15176.07572586  .00001043  00000-0  67854-3 0  9994
2 34474 074.0838 043.6274 0229983 313.4716 201.3672 13.91653635321951
0 COSMOS 2251 DEB
1 34474U 93036TT  15177.08186368  .00000843  00000-0  55144-3 0  9991
2 34474 074.0837 041.9137 0229896 311.5230 202.0698 13.91654712322091
0 COSMOS 2251 DEB
1 34474U 93036TT  15178.08244666  .00000777  00000-0  50930-3 0  9992
2 34474 074.0836 040.2095 0229817 309.5834 174.9514 13.91656444322239
0 COSMOS 2251 DEB
1 34474U 93036TT  15179.57180101  .00000673  00000-0  44376-3 0  9992
2 34474 074.0836 037.6726 0229726 306.6935 076.5738 13.91658959322439
0 COSMOS 2251 DEB
1 34474U 93036TT  15180.57875064  .00000585  00000-0  38765-3 0  9990
2 34474 074.0836 035.9575 0229676 304.7395 081.3686 13.91660288322574
0 COSMOS 2251 DEB
1 34474U 93036TT  15181.58543916  .00000580  00000-0  38429-3 0  9992
2 34474 074.0835 034.2427 0229647 302.7875 084.8587 13.91661819322715
0 COSMOS 2251 DEB
1 34474U 93036TT  15183.04179138  .00000621  00000-0  41037-3 0  9991
2 34474 074.0836 031.7622 0229512 299.9534 181.2369 13.91664376322918
0 COSMOS 2251 DEB
1 34474U 93036TT  15184.61135633  .00000711  00000-0  46764-3 0  9999
2 34474 074.0835 029.0888 0229467 296.9013 124.7612 13.91667327323136
0 COSMOS 2251 DEB
1 34474U 93036TT  15185.69160435  .00000947  00000-0  61783-3 0  9995
2 34474 074.0836 027.2488 0229392 294.7930 136.8244 13.91670399323288
0 COSMOS 2251 DEB
1 34474U 93036TT  15187.55172644  .00001053  00000-0  68527-3 0  9999
2 34474 074.0836 024.0804 0229303 291.1685 096.0875 13.91674407323545
0 COSMOS 2251 DEB
1 34474U 93036TT  15188.63660741  .00001084  00000-0  70548-3 0  9999
2 34474 074.0835 022.2324 0229270 289.0543 131.3801 13.91676532323692
0 COSMOS 2251 DEB
1 34474U 93036TT  15190.22980503  .00001219  00000-0  79074-3 0  9991
2 34474 074.0837 019.5186 0229243 285.9503 193.3739 13.91680398323918
0 COSMOS 2251 DEB
1 34474U 93036TT  15191.50548082  .00000965  00000-0  62954-3 0  9991
2 34474 074.0836 017.3456 0229224 283.4562 104.5920 13.91681718324093
0 COSMOS 2251 DEB
1 34474U 93036TT  15192.51183267  .00001379  00000-0  89273-3 0  9996
2 34474 074.0837 015.6314 0229206 281.4924 106.4912 13.91686391324238
0 COSMOS 2251 DEB
1 34474U 93036TT  15193.59736853  .00001191  00000-0  77304-3 0  9994
2 34474 074.0837 013.7823 0229208 279.3766 145.1092 13.91687748324386
0 COSMOS 2251 DEB
1 34474U 93036TT  15194.60398322  .00001252  00000-0  81208-3 0  9998
2 34474 074.0837 012.0676 0229215 277.4116 148.3412 13.91690519324527
0 COSMOS 2251 DEB
1 34474U 93036TT  15195.82519855  .00001184  00000-0  76844-3 0  9993
2 34474 074.0838 009.9875 0229235 275.0316 146.7481 13.91693045324695
0 COSMOS 2251 DEB
1 34474U 93036TT  15196.84269640  .00001077  00000-0  70033-3 0  9995
2 34474 074.0838 008.2544 0229255 273.0393 204.5276 13.91694758324838
0 COSMOS 2251 DEB
1 34474U 93036TT  15198.47817253  .00000966  00000-0  63008-3 0  9995
2 34474 074.0838 005.4685 0229296 269.8486 118.4570 13.91697951325068
0 COSMOS 2251 DEB
1 34474U 93036TT  15199.56377223  .00000920  00000-0  60066-3 0  9995
2 34474 074.0839 003.6193 0229336 267.7334 157.4460 13.91699972325210
0 COSMOS 2251 DEB
1 34474U 93036TT  15200.78516296  .00000898  00000-0  58637-3 0  9992
2 34474 074.0840 001.5389 0229390 265.3528 156.7768 13.91702348325388
0 COSMOS 2251 DEB
1 34474U 93036TT  15201.88206383  .00000806  00000-0  52769-3 0  9996
2 34474 074.0841 359.6705 0229442 263.2160 252.4022 13.91703880325542
0 COSMOS 2251 DEB
1 34474U 93036TT  15203.51738036  .00000832  00000-0  54430-3 0  9999
2 34474 074.0841 356.8849 0229519 260.0332 165.5753 13.91706895325769
0 COSMOS 2251 DEB
1 34474U 93036TT  15204.52351216  .00000895  00000-0  58424-3 0  9998
2 34474 074.0842 355.1711 0229578 258.0763 166.4502 13.91709075325901
0 COSMOS 2251 DEB
1 34474U 93036TT  15205.53130795  .00000957  00000-0  62322-3 0  9998
2 34474 074.0843 353.4545 0229629 256.1183 175.6682 13.91711379326047
0 COSMOS 2251 DEB
1 34474U 93036TT  15206.84195147  .00000946  00000-0  61623-3 0  9996
2 34474 074.0844 351.2220 0229711 253.5723 262.2103 13.91713806326236
0 COSMOS 2251 DEB
1 34474U 93036TT  15207.84824928  .00000937  00000-0  61071-3 0  9990
2 34474 074.0844 349.5079 0229770 251.6171 263.9387 13.91715711326373
0 COSMOS 2251 DEB
1 34474U 93036TT  15208.85476977  .00000979  00000-0  63717-3 0  9994
2 34474 074.0844 347.7934 0229837 249.6626 266.7895 13.91717954326511
0 COSMOS 2251 DEB
1 34474U 93036TT  15210.48995987  .00001087  00000-0  70532-3 0  9997
2 34474 074.0845 345.0081 0229960 246.4919 179.4030 13.91722037326736
0 COSMOS 2251 DEB
1 34474U 93036TT  15211.80170640  .00001157  00000-0  74979-3 0  9992
2 34474 074.0845 342.7736 0230084 243.9487 271.5160 13.91725135326929
0 COSMOS 2251 DEB
1 34474U 93036TT  15212.80205734  .00001271  00000-0  82165-3 0  9999
2 34474 074.0845 341.0696 0230169 242.0105 243.4853 13.91727994327065
0 COSMOS 2251 DEB
1 34474U 93036TT  15214.44330269  .00001344  00000-0  86728-3 0  9993
2 34474 074.0845 338.2738 0230301 238.8354 186.4853 13.91732290327282
0 COSMOS 2251 DEB
1 34474U 93036TT  15215.45005674  .00001339  00000-0  86413-3 0  9999
2 34474 074.0846 336.5590 0230390 236.8893 190.5537 13.91734674327423
0 COSMOS 2251 DEB
1 34474U 93036TT  15216.45689875  .00001343  00000-0  86619-3 0  9994
2 34474 074.0846 334.8440 0230478 234.9437 195.0739 13.91737306327562
0 COSMOS 2251 DEB
1 34474U 93036TT  15217.46356426  .00001382  00000-0  89097-3 0  9995
2 34474 074.0846 333.1292 0230549 233.0010 198.7159 13.91740111327705
0 COSMOS 2251 DEB
1 34474U 93036TT  15218.69455876  .00001385  00000-0  89242-3 0  9995
2 34474 074.0847 331.0323 0230642 230.6262 246.3151 13.91743419327878
0 COSMOS 2251 DEB
1 34474U 93036TT  15219.77429503  .00001531  00000-0  98477-3 0  9996
2 34474 074.0846 329.1931 0230713 228.5454 256.0849 13.91747336328031
0 COSMOS 2251 DEB
1 34474U 93036TT  15221.71380427  .00001548  00000-0  99509-3 0  9999
2 34474 074.0846 325.8894 0230854 224.8135 253.5747 13.91753235328295
0 COSMOS 2251 DEB
1 34474U 93036TT  15223.73373994  .00001308  00000-0  84318-3 0  9990
2 34474 074.0846 322.4487 0230992 220.9274 294.0586 13.91757650328588
0 COSMOS 2251 DEB
1 34474U 93036TT  15224.74207866  .00001232  00000-0  79456-3 0  9999
2 34474 074.0846 320.7311 0231046 218.9883 306.1541 13.91760137328725
0 COSMOS 2251 DEB
1 34474U 93036TT  15225.95582238  .00001117  00000-0  72154-3 0  9992
2 34474 074.0845 318.6634 0231103 216.6577 267.4016 13.91762837328890
0 COSMOS 2251 DEB
1 34474U 93036TT  15227.23120025  .00001145  00000-0  73961-3 0  9995
2 34474 074.0844 316.4909 0231174 214.2040 177.4742 13.91766257329063
0 COSMOS 2251 DEB
1 34474U 93036TT  15228.23756126  .00001456  00000-0  93554-3 0  9998
2 34474 074.0843 314.7767 0231216 212.2686 179.6975 13.91770782329202
0 COSMOS 2251 DEB
1 34474U 93036TT  15229.32249446  .00001374  00000-0  88357-3 0  9995
2 34474 074.0842 312.9286 0231259 210.1840 215.5987 13.91773146329359
0 COSMOS 2251 DEB
1 34474U 93036TT  15229.69991255 +.00001347 +00000-0 +86668-3 0  9990
2 34474 074.0842 312.2857 0231274 209.4611 306.5981 13.91773984329085
0 COSMOS 2251 DEB
1 34474U 93036TT  15230.32846803  .00001232  00000-0  79403-3 0  9992
2 34474 074.0841 311.2150 0231299 208.2554 215.8883 13.91774934329493
0 COSMOS 2251 DEB
1 34474U 93036TT  15230.91578968 +.00001131 +00000-0 +72979-3 0  9990
2 34474 074.0841 310.2143 0231327 207.1364 278.5780 13.91775836329251
0 COSMOS 2251 DEB
1 34474U 93036TT  15231.71430973  .00001007  00000-0  65149-3 0  9995
2 34474 074.0841 308.8542 0231347 205.6070 319.4602 13.91777191329698
0 COSMOS 2251 DEB
1 34474U 93036TT  15231.92102032 +.00001084 +00000-0 +70009-3 0  9996
2 34474 074.0841 308.5021 0231356 205.2101 275.1596 13.91778156329397
0 COSMOS 2251 DEB
1 34474U 93036TT  15233.35072259  .00001028  00000-0  66469-3 0  9995
2 34474 074.0840 306.0667 0231390 202.4684 238.5190 13.91781354329913
0 COSMOS 2251 DEB
1 34474U 93036TT  15234.65933828  .00000930  00000-0  60238-3 0  9996
2 34474 074.0838 303.8374 0231392 199.9610 315.1990 13.91783806330108
0 COSMOS 2251 DEB
1 34474U 93036TT  15235.28822597 +.00000984 +00000-0 +63684-3 0  9993
2 34474 074.0837 302.7661 0231402 198.7556 226.1800 13.91785546329867
0 COSMOS 2251 DEB
1 34474U 93036TT  15236.22132325  .00001003  00000-0  64885-3 0  9998
2 34474 074.0836 301.1766 0231402 196.9684 221.3790 13.91787795330312
0 COSMOS 2251 DEB
1 34474U 93036TT  15236.88076539 +.00000986 +00000-0 +63794-3 0  9991
2 34474 074.0836 300.0532 0231394 195.7038 285.4584 13.91789128330089
0 COSMOS 2251 DEB
1 34474U 93036TT  15238.23389867  .00000941  00000-0  60930-3 0  9993
2 34474 074.0834 297.7480 0231381 193.1064 225.2297 13.91791696330590
0 COSMOS 2251 DEB
1 34474U 93036TT  15239.53224633 +.00001057 +00000-0 +68243-3 0  9990
2 34474 074.0833 295.5362 0231361 190.6177 250.5160 13.91795228330459
0 COSMOS 2251 DEB
1 34474U 93036TT  15240.24997539  .00001131  00000-0  72915-3 0  9996
2 34474 074.0832 294.3134 0231347 189.2395 246.6618 13.91797454330875
0 COSMOS 2251 DEB
1 34474U 93036TT  15241.25543557  .00001158  00000-0  74622-3 0  9991
2 34474 074.0831 292.6003 0231319 187.3090 244.4763 13.91800124331013
0 COSMOS 2251 DEB
1 34474U 93036TT  15241.84058135 +.00001097 +00000-0 +70747-3 0  9995
2 34474 074.0830 291.6035 0231307 186.1842 296.3285 13.91801218330777
0 COSMOS 2251 DEB
1 34474U 93036TT  15242.56552920  .00001005  00000-0  64926-3 0  9997
2 34474 074.0828 290.3681 0231303 184.7918 328.6568 13.91802485331200
0 COSMOS 2251 DEB
1 34474U 93036TT  15243.48265197 +.00000972 +00000-0 +62881-3 0  9996
2 34474 074.0827 288.8057 0231273 183.0294 243.8780 13.91804498331001
0 COSMOS 2251 DEB
1 34474U 93036TT  15244.19985692  .00000939  00000-0  60792-3 0  9996
2 34474  74.0826 287.5838 0231248 181.6489 237.4237 13.91806081331427
0 COSMOS 2251 DEB
1 34474U 93036TT  15244.49965546 +.00000937 +00000-0 +60671-3 0  9999
2 34474 074.0825 287.0730 0231239 181.0727 299.5595 13.91806697331149
0 COSMOS 2251 DEB
1 34474U 93036TT  15245.20753759  .00000849  00000-0  55076-3 0  9995
2 34474  74.0824 285.8670 0231211 179.7117 246.3950 13.91807778331566
0 COSMOS 2251 DEB
1 34474U 93036TT  15245.57925749 +.00000849 +00000-0 +55113-3 0  9997
2 34474 074.0823 285.2336 0231198 178.9962 308.8967 13.91808602331290
0 COSMOS 2251 DEB
1 34474U 93036TT  15246.21372027  .00000812  00000-0  52739-3 0  9995
2 34474  74.0822 284.1528 0231162 177.7763 247.8703 13.91809716331700
0 COSMOS 2251 DEB
1 34474U 93036TT  15246.80039442 +.00000801 +00000-0 +52069-3 0  9995
2 34474 074.0821 283.1532 0231120 176.6485 307.4007 13.91810753331462
0 COSMOS 2251 DEB
1 34474U 93036TT  15247.22133959  .00000800  00000-0  52008-3 0  9992
2 34474  74.0821 282.4361 0231108 175.8368 256.5502 13.91811533331844
0 COSMOS 2251 DEB
1 34474U 93036TT  15247.80566171 +.00000828 +00000-0 +53793-3 0  9994
2 34474 074.0819 281.4405 0231083 174.7133 304.3011 13.91812781331606
0 COSMOS 2251 DEB
1 34474U 93036TT  15248.22836204  .00000820  00000-0  53277-3 0  9997
2 34474  74.0819 280.7203 0231068 173.8964 262.2482 13.91813423331988
0 COSMOS 2251 DEB
1 34474U 93036TT  15248.52514898 +.00000819 +00000-0 +53207-3 0  9993
2 34474 074.0818 280.2146 0231049 173.3247 309.3033 13.91813895331704
0 COSMOS 2251 DEB
1 34474U 93036TT  15249.53722810  .00000857  00000-0  55612-3 0  9994
2 34474  74.0817 278.4903 0230978 171.3730 340.3475 13.91815862332171
0 COSMOS 2251 DEB
1 34474U 93036TT  15250.54562498  .00000844  00000-0  54772-3 0  9993
2 34474  74.0816 276.7723 0230914 169.4275 352.9487 13.91817549332315
0 COSMOS 2251 DEB
1 34474U 93036TT  15251.54491877 +.00000973 +00000-0 +62934-3 0  9998
2 34474 074.0815 275.0696 0230840 167.4974 319.9512 13.91820242332122
0 COSMOS 2251 DEB
1 34474U 93036TT  15252.17997978  .00000900  00000-0  58314-3 0  9998
2 34474  74.0814 273.9877 0230801 166.2685 261.9538 13.91821018332533
0 COSMOS 2251 DEB
1 34474U 93036TT  15252.76522373 +.00000893 +00000-0 +57903-3 0  9990
2 34474 074.0814 272.9906 0230757 165.1370 314.3483 13.91822108332290
0 COSMOS 2251 DEB
1 34474U 93036TT  15253.49062363  .00000971  00000-0  62823-3 0  9993
2 34474  74.0813 271.7547 0230705 163.7324 349.0083 13.91824019332725
0 COSMOS 2251 DEB
1 34474U 93036TT  15253.77114678 +.00000910 +00000-0 +58935-3 0  9993
2 34474 074.0813 271.2767 0230692 163.1887 314.5866 13.91824185332435
0 COSMOS 2251 DEB
1 34474U 93036TT  15254.49775578  .00000846  00000-0  54894-3 0  9993
2 34474  74.0813 270.0387 0230639 161.7809 355.3092 13.91825252332866
0 COSMOS 2251 DEB
1 34474U 93036TT  15255.50329312  .00000859  00000-0  55757-3 0  9990
2 34474  74.0811 268.3255 0230568 159.8304 353.6301 13.91827319333004
0 COSMOS 2251 DEB
1 34474U 93036TT  15256.51135713  .00000769  00000-0  50053-3 0  9996
2 34474  74.0811 266.6079 0230502 157.8728   4.6180 13.91828714333148
0 COSMOS 2251 DEB
1 34474U 93036TT  15257.43744416 +.00000775 +00000-0 +50440-3 0  9991
2 34474 074.0810 265.0302 0230397 156.0725 324.8623 13.91830513332945
0 COSMOS 2251 DEB
1 34474U 93036TT  15258.14609883  .00000760  00000-0  49479-3 0  9992
2 34474  74.0810 263.8227 0230366 154.6928 275.6469 13.91831716333366
0 COSMOS 2251 DEB
1 34474U 93036TT  15258.44965637 +.00000783 +00000-0 +50931-3 0  9997
2 34474 074.0810 263.3056 0230348 154.1011 356.6536 13.91832356333084
0 COSMOS 2251 DEB
1 34474U 93036TT  15259.36753738  .00000741  00000-0  48271-3 0  9994
2 34474  74.0810 261.7416 0230294 152.3123 275.7943 13.91833628333536
0 COSMOS 2251 DEB
1 34474U 93036TT  15260.38385363  .00000743  00000-0  48372-3 0  9997
2 34474  74.0810 260.0100 0230233 150.3286 328.1633 13.91835207333678
0 COSMOS 2251 DEB
1 34474U 93036TT  15260.46426824 +.00000743 +00000-0 +48383-3 0  9996
2 34474 074.0810 259.8730 0230235 150.1718 011.0902 13.91835350333365
0 COSMOS 2251 DEB
1 34474U 93036TT  15261.47062671  .00000750  00000-0  48875-3 0  9998
2 34474  74.0811 258.1583 0230174 148.2016  13.5761 13.91836905333834
0 COSMOS 2251 DEB
1 34474U 93036TT  15262.47638685  .00000826  00000-0  53682-3 0  9999
2 34474  74.0812 256.4447 0230139 146.2393  13.0645 13.91838910333971
0 COSMOS 2251 DEB
1 34474U 93036TT  15262.95197777 +.00000825 +00000-0 +53573-3 0  9992
2 34474 074.0812 255.6344 0230117 145.3085 236.0776 13.91839658333716
0 COSMOS 2251 DEB
1 34474U 93036TT  15263.96056510 +.00000871 +00000-0 +56498-3 0  9993
2 34474 074.0812 253.9159 0230076 143.3367 249.7453 13.91841568333857
0 COSMOS 2251 DEB
1 34474U 93036TT  15264.11266418  .00000857  00000-0  55630-3 0  9992
2 34474  74.0812 253.6567 0230073 143.0400 291.8584 13.91841709334197
0 COSMOS 2251 DEB
1 34474U 93036TT  15264.96666211 +.00000856 +00000-0 +55542-3 0  9991
2 34474 074.0813 252.2017 0230042 141.3666 250.9432 13.91843102333998
0 COSMOS 2251 DEB
1 34474U 93036TT  15265.42170148  .00000835  00000-0  54215-3 0  9995
2 34474  74.0813 251.4263 0230030 140.4761  10.9858 13.91843656334389
0 COSMOS 2251 DEB
1 34474U 93036TT  15265.97312186 +.00000856 +00000-0 +55566-3 0  9998
2 34474 074.0813 250.4868 0230017 139.3940 253.9667 13.91844751334137
0 COSMOS 2251 DEB
1 34474U 93036TT  15266.42836207  .00000856  00000-0  55523-3 0  9997
2 34474  74.0813 249.7112 0230003 138.5017  15.0209 13.91845503334529
0 COSMOS 2251 DEB
1 34474U 93036TT  15267.43513359  .00000889  00000-0  57621-3 0  9996
2 34474  74.0814 247.9958 0229975 136.5288  19.6172 13.91847509334664
0 COSMOS 2251 DEB
1 34474U 93036TT  15268.37105203 +.00000903 +00000-0 +58516-3 0  9996
2 34474 074.0815 246.4012 0229958 134.6904 029.2021 13.91849282334463
0 COSMOS 2251 DEB
1 34474U 93036TT  15269.37665664  .00000929  00000-0  60139-3 0  9991
2 34474  74.0815 244.6879 0229946 132.7154  27.9689 13.91851303334931
0 COSMOS 2251 DEB
1 34474U 93036TT  15270.38103788  .00000950  00000-0  61475-3 0  9996
2 34474  74.0815 242.9766 0229941 130.7476  20.6077 13.91853267335075
0 COSMOS 2251 DEB
1 34474U 93036TT  15270.93250690 +.00001001 +00000-0 +64695-3 0  9997
2 34474 074.0815 242.0371 0229946 129.6644 263.8522 13.91854630334820
0 COSMOS 2251 DEB
1 34474U 93036TT  15271.38752096  .00000975  00000-0  63064-3 0  9992
2 34474  74.0815 241.2618 0229944 128.7688  23.7919 13.91855279335218
0 COSMOS 2251 DEB
1 34474U 93036TT  15271.93870753 +.00001015 +00000-0 +65578-3 0  9992
2 34474 074.0815 240.3227 0229947 127.6864 265.6242 13.91856566334968
0 COSMOS 2251 DEB
1 34474U 93036TT  15272.39566137  .00001000  00000-0  64614-3 0  9995
2 34474  74.0815 239.5442 0229943 126.7896  35.2845 13.91857323335354
0 COSMOS 2251 DEB
1 34474U 93036TT  15273.87884418  .00001097  00000-0  70773-3 0  9993
2 34474  74.0816 237.0172 0229964 123.8774 267.0892 13.91860821335550
0 COSMOS 2251 DEB
1 34474U 93036TT  15273.95607734 +.00001089 +00000-0 +70241-3 0  9997
2 34474 074.0816 236.8856 0229963 123.7263 294.0823 13.91860936335244
0 COSMOS 2251 DEB
1 34474U 93036TT  15274.88544373  .00001204  00000-0  77524-3 0  9999
2 34474  74.0817 235.3022 0229980 121.8987 270.8843 13.91863501335699
0 COSMOS 2251 DEB
1 34474U 93036TT  15274.96237593 +.00001208 +00000-0 +77808-3 0  9990
2 34474 074.0817 235.1711 0229980 121.7488 296.3698 13.91863711335387
0 COSMOS 2251 DEB
1 34474U 93036TT  15275.89183675  .00001279  00000-0  82281-3 0  9993
2 34474  74.0818 233.5875 0230010 119.9222 273.6519 13.91866110335838
0 COSMOS 2251 DEB
1 34474U 93036TT  15275.96987328 +.00001272 +00000-0 +81805-3 0  9992
2 34474 074.0818 233.4546 0230017 119.7676 304.6734 13.91866228335520
0 COSMOS 2251 DEB
1 34474U 93036TT  15276.89801194  .00001311  00000-0  84309-3 0  9997
2 34474  74.0819 231.8734 0230049 117.9426 275.3405 13.91868624335970
0 COSMOS 2251 DEB
1 34474U 93036TT  15276.97593713 +.00001306 +00000-0 +83976-3 0  9994
2 34474 074.0819 231.7406 0230055 117.7885 305.8049 13.91868774335664
0 COSMOS 2251 DEB
1 34474U 93036TT  15277.27462480 +.00001265 +00000-0 +81389-3 0  9994
2 34474 074.0819 231.2317 0230062 117.2011 002.4535 13.91869184335705
0 COSMOS 2251 DEB
1 34474U 93036TT  15278.19779199  .00001255  00000-0  80741-3 0  9994
2 34474  74.0821 229.6589 0230095 115.3885 308.2204 13.91871581336158
0 COSMOS 2251 DEB
1 34474U 93036TT  15278.56824223 +.00001204 +00000-0 +77509-3 0  9996
2 34474 074.0821 229.0277 0230105 114.6608 004.4579 13.91872228335881
0 COSMOS 2251 DEB
1 34474U 93036TT  15279.21503788  .00001183  00000-0  76185-3 0  9994
2 34474  74.0822 227.9258 0230140 113.3901   5.3987 13.91873686336297
0 COSMOS 2251 DEB
1 34474U 93036TT  15279.84474727 +.00001174 +00000-0 +75564-3 0  9993
2 34474 074.0821 226.8530 0230177 112.1536 280.7299 13.91875334336060
0 COSMOS 2251 DEB
1 34474U 93036TT  15280.29919943  .00001223  00000-0  78666-3 0  9999
2 34474  74.0822 226.0787 0230211 111.2575  37.8912 13.91876699336450
0 COSMOS 2251 DEB
1 34474U 93036TT  15280.85109279 +.00001290 +00000-0 +82889-3 0  9990
2 34474 074.0822 225.1385 0230253 110.1727 283.3129 13.91878696336207
0 COSMOS 2251 DEB
1 34474U 93036TT  15281.30571025  .00001285  00000-0  82591-3 0  9997
2 34474  74.0822 224.3639 0230276 109.2781  41.3055 13.91879811336596
0 COSMOS 2251 DEB
1 34474U 93036TT  15281.85728980 +.00001247 +00000-0 +80170-3 0  9990
2 34474 074.0822 223.4242 0230312 108.1943 285.1568 13.91881084336340
0 COSMOS 2251 DEB
1 34474U 93036TT  15282.31238326  .00001210  00000-0  77798-3 0  9994
2 34474  74.0821 222.6488 0230342 107.2975  45.5402 13.91882037336737
0 COSMOS 2251 DEB
1 34474U 93036TT  15283.52767422  .00001134  00000-0  73006-3 0  9995
2 34474  74.0821 220.5783 0230457 104.9064  15.1282 13.91884698336893
0 COSMOS 2251 DEB
1 34474U 93036TT  15283.94932454 +.00001122 +00000-0 +72251-3 0  9998
2 34474 074.0821 219.8599 0230432 104.0895 327.9281 13.91885774336636
0 COSMOS 2251 DEB
1 34474U 93036TT  15284.88073067  .00001151  00000-0  74078-3 0  9999
2 34474  74.0821 218.2730 0230506 102.2625 315.0311 13.91888226337086
0 COSMOS 2251 DEB
1 34474U 93036TT  15285.81015696 +.00001166 +00000-0 +75007-3 0  9996
2 34474 074.0823 216.6896 0230565 100.4396 292.2197 13.91890504336891
0 COSMOS 2251 DEB
1 34474U 93036TT  15286.18537712  .00001198  00000-0  77031-3 0  9999
2 34474  74.0823 216.0503 0230595  99.7051  12.3834 13.91891648337262
0 COSMOS 2251 DEB
1 34474U 93036TT  15286.89409369 +.00001202 +00000-0 +77246-3 0  9997
2 34474 074.0823 214.8427 0230663 098.3149 323.6435 13.91893382337040
0 COSMOS 2251 DEB
1 34474U 93036TT  15287.19163574  .00001218  00000-0  78283-3 0  9995
2 34474  74.0823 214.3358 0230690  97.7309  14.5791 13.91894207337407
0 COSMOS 2251 DEB
1 34474U 93036TT  15287.90086718 +.00001346 +00000-0 +86319-3 0  9999
2 34474 074.0824 213.1274 0230735 096.3373 328.4308 13.91896812337188
0 COSMOS 2251 DEB
1 34474U 93036TT  15288.19822297  .00001382  00000-0  88578-3 0  9990
2 34474  74.0824 212.6207 0230772  95.7538  18.4373 13.91897836337540
0 COSMOS 2251 DEB
1 34474U 93036TT  15288.90869609 +.00001450 +00000-0 +92874-3 0  9997
2 34474 074.0825 211.4102 0230845 094.3631 338.5121 13.91900127337323
0 COSMOS 2251 DEB
1 34474U 93036TT  15289.49244304  .00001514  00000-0  96882-3 0  9995
2 34474  74.0825 210.4156 0230893  93.2233  23.5832 13.91902111337729
0 COSMOS 2251 DEB
1 34474U 93036TT  15289.91506117 +.00001516 +00000-0 +96993-3 0  9990
2 34474 074.0825 209.6956 0230940 092.3976 341.2633 13.91903313337469
0 COSMOS 2251 DEB
1 34474U 93036TT  15290.84609553  .00001610  00000-0  10289-2 0  9990
2 34474  74.0825 208.1093 0231031  90.5775 326.5572 13.91906678337919
0 COSMOS 2251 DEB
1 34474U 93036TT  15291.85403866  .00001768  00000-0  11284-2 0  9991
2 34474  74.0826 206.3921 0231131  88.6055 337.2479 13.91910958338057
0 COSMOS 2251 DEB
1 34474U 93036TT  15292.86050829  .00001927  00000-0  12285-2 0  9999
2 34474  74.0826 204.6773 0231227  86.6371 340.5696 13.91915535338197
0 COSMOS 2251 DEB
1 34474U 93036TT  15293.86666804  .00001996  00000-0  12717-2 0  9992
2 34474  74.0825 202.9628 0231316  84.6733 342.3488 13.91919777338332
0 COSMOS 2251 DEB
1 34474U 93036TT  15294.87402953  .00002129  00000-0  13552-2 0  9994
2 34474  74.0825 201.2465 0231396  82.7070 350.1686 13.91924716338475
0 COSMOS 2251 DEB
1 34474U 93036TT  15294.87402953 +.00002129 +00000-0 +13552-2 0  9994
2 34474 074.0825 201.2465 0231396 082.7070 350.1686 13.91924716338150
0 COSMOS 2251 DEB
1 34474U 93036TT  15295.80507015 +.00002106 +00000-0 +13403-2 0  9993
2 34474 074.0825 199.6602 0231487 080.8893 335.5615 13.91928433338289
0 COSMOS 2251 DEB
1 34474U 93036TT  15296.17642140  .00002153  00000-0  13700-2 0  9995
2 34474  74.0824 199.0276 0231504  80.1620  36.3890 13.91930275338659
0 COSMOS 2251 DEB
1 34474U 93036TT  15296.81302925 +.00002075 +00000-0 +13204-2 0  9992
2 34474 074.0824 197.9429 0231568 078.9172 346.4079 13.91932485338427
0 COSMOS 2251 DEB
1 34474U 93036TT  15297.18270626  .00002170  00000-0  13799-2 0  9990
2 34474  74.0824 197.3130 0231621  78.1968  38.8489 13.91934634338790
0 COSMOS 2251 DEB
1 34474U 93036TT  15297.81842803 +.00002256 +00000-0 +14342-2 0  9992
2 34474 074.0823 196.2298 0231683 076.9578 344.4382 13.91938013338561
0 COSMOS 2251 DEB
1 34474U 93036TT  15298.19782720  .00002258  00000-0  14352-2 0  9998
2 34474  74.0832 195.5834 0231757  76.2072  85.6119 13.91939629338941
0 COSMOS 2251 DEB
1 34474U 93036TT  15298.82559272 +.00002269 +00000-0 +14419-2 0  9998
2 34474 074.0832 194.5138 0231838 074.9872 351.3377 13.91942394338706
0 COSMOS 2251 DEB
1 34474U 93036TT  15299.41089300  .00002078  00000-0  13213-2 0  9993
2 34474  74.0832 193.5165 0231912  73.8477  44.2775 13.91944246339100
0 COSMOS 2251 DEB
1 34474U 93036TT  15299.83239762 +.00002092 +00000-0 +13297-2 0  9996
2 34474 074.0832 192.7983 0231963 073.0269 356.4410 13.91946119338841
0 COSMOS 2251 DEB
1 34474U 93036TT  15300.41626425  .00001962  00000-0  12477-2 0  9993
2 34474  74.0831 191.8036 0232026  71.8906  42.2051 13.91948148339244
0 COSMOS 2251 DEB
1 34474U 93036TT  15300.76398308 +.00001939 +00000-0 +12336-2 0  9995
2 34474 074.0823 191.2110 0232009 071.2221 344.6238 13.91949235338970
0 COSMOS 2251 DEB
1 34474U 93036TT  15301.77127626  .00001885  00000-0  11993-2 0  9998
2 34474  74.0823 189.4947 0232119  69.2622 352.1992 13.91953052339436
0 COSMOS 2251 DEB
1 34474U 93036TT  15302.77743637  .00001901  00000-0  12089-2 0  9991
2 34474  74.0823 187.7803 0232217  67.3049 354.1114 13.91957197339576
0 COSMOS 2251 DEB
1 34474U 93036TT  15303.78438999  .00001875  00000-0  11927-2 0  9995
2 34474  74.0823 186.0644 0232309  65.3450   0.0143 13.91961044339718
0 COSMOS 2251 DEB
1 34474U 93036TT  15304.79275152  .00001814  00000-0  11539-2 0  9999
2 34474  74.0823 184.3462 0232415  63.3850  12.9832 13.91964630339853
0 COSMOS 2251 DEB
1 34474U 93036TT  15305.72284234 +.00002028 +00000-0 +12879-2 0  9990
2 34474 074.0822 182.7613 0232506 061.5790 353.7440 13.91969380339663
0 COSMOS 2251 DEB
1 34474U 93036TT  15306.09374185  .00001863  00000-0  11840-2 0  9999
2 34474  74.0822 182.1293 0232547  60.8585  52.3546 13.91969879340035
0 COSMOS 2251 DEB
1 34474U 93036TT  15306.72905635 +.00002044 +00000-0 +12975-2 0  9991
2 34474 074.0821 181.0467 0232604 059.6269 355.9737 13.91973191339803
0 COSMOS 2251 DEB
1 34474U 93036TT  15307.10049443  .00001790  00000-0  11381-2 0  9997
2 34474  74.0821 180.4137 0232646  58.9056  57.2866 13.91973138340170
0 COSMOS 2251 DEB
1 34474U 93036TT  15307.73621250 +.00001949 +00000-0 +12377-2 0  9990
2 34474 074.0820 179.3304 0232713 057.6725 002.9386 13.91976415339944
0 COSMOS 2251 DEB
1 34474U 93036TT  15308.11361008  .00001949  00000-0  12373-2 0  9991
2 34474  74.0820 178.6873 0232758  56.9403  94.1224 13.91977915340325
0 COSMOS 2251 DEB
1 34474U 93036TT  15308.74317244 +.00001950 +00000-0 +12381-2 0  9994
2 34474 074.0819 177.6144 0232826 055.7209 008.9358 13.91980454340086
0 COSMOS 2251 DEB
1 34474U 93036TT  15309.12042918  .00001939  00000-0  12313-2 0  9992
2 34474  74.0819 176.9715 0232866  54.9879  99.4185 13.91981819340461
0 COSMOS 2251 DEB
1 34474U 93036TT  15309.67549811 +.00001796 +00000-0 +11414-2 0  9998
2 34474 074.0818 176.0257 0232919 053.9142 000.9404 13.91983186340216
0 COSMOS 2251 DEB
1 34474U 93036TT  15310.33447082  .00001722  00000-0  10947-2 0  9999
2 34474  74.0818 174.9027 0232977  52.6337  63.1470 13.91985187340626
0 COSMOS 2251 DEB
1 34474U 93036TT  15310.60474426 +.00001646 +00000-0 +10467-2 0  9993
2 34474 074.0817 174.4421 0233001 052.1098 337.5263 13.91985770340341
0 COSMOS 2251 DEB
1 34474U 93036TT  15311.68784193  .00001859  00000-0  11800-2 0  9995
2 34474  74.0815 172.5964 0233074  50.0094   5.1054 13.91991324340813
0 COSMOS 2251 DEB
1 34474U 93036TT  15312.69706356  .00001738  00000-0  11043-2 0  9997
2 34474  74.0815 170.8764 0233138  48.0528  22.4889 13.91994496340958
0 COSMOS 2251 DEB
1 34474U 93036TT  15313.07236067 +.00001737 +00000-0 +11033-2 0  9995
2 34474 074.0814 170.2367 0233166 047.3282 103.1701 13.91996015340689
0 COSMOS 2251 DEB
1 34474U 93036TT  15314.07299485  .00001785  00000-0  11332-2 0  9994
2 34474  74.0813 168.5314 0233239  45.3881  77.5430 13.92000297341148
0 COSMOS 2251 DEB
1 34474U 93036TT  15315.29343841  .00001785  00000-0  11330-2 0  9993
2 34474  74.0812 166.4515 0233320  43.0202  73.4439 13.92005184341313
0 COSMOS 2251 DEB
1 34474U 93036TT  15316.56994712  .00001620  00000-0  10296-2 0  9991
2 34474  74.0811 164.2760 0233411  40.5494 350.3100 13.92009043341495
0 COSMOS 2251 DEB
1 34474U 93036TT  15317.02481847 +.00001457 +00000-0 +92690-3 0  9990
2 34474 074.0811 163.5008 0233447 039.6659 109.7779 13.92009758341236
0 COSMOS 2251 DEB
1 34474U 93036TT  15318.02445671  .00001523  00000-0  96869-3 0  9992
2 34474  74.0810 161.7972 0233523  37.7300  79.2065 13.92013652341699
0 COSMOS 2251 DEB
1 34474U 93036TT  15318.95795322 +.00001433 +00000-0 +91182-3 0  9998
2 34474 074.0808 160.2062 0233572 035.9159 077.1986 13.92016293341509
0 COSMOS 2251 DEB
1 34474U 93036TT  15319.03749531  .00001425  00000-0  90672-3 0  9993
2 34474  74.0808 160.0707 0233578  35.7620 115.8043 13.92016521341845
0 COSMOS 2251 DEB
1 34474U 93036TT  15319.96377490 +.00001359 +00000-0 +86520-3 0  9999
2 34474 074.0808 158.4920 0233644 033.9652 077.6374 13.92019204341643
0 COSMOS 2251 DEB
1 34474U 93036TT  15320.03810641  .00001357  00000-0  86420-3 0  9996
2 34474  74.0808 158.3654 0233657  33.8224  90.1316 13.92019458341988
0 COSMOS 2251 DEB
1 34474U 93036TT  15320.97018281 +.00001553 +00000-0 +98706-3 0  9997
2 34474 074.0807 156.7768 0233705 032.0131 081.0309 13.92023788341787
0 COSMOS 2251 DEB
1 34474U 93036TT  15321.52870463  .00001563  00000-0  99273-3 0  9998
2 34474  74.0805 155.8249 0233716  30.9310 359.9422 13.92025602342182
0 COSMOS 2251 DEB
1 34474U 93036TT  15321.60519182 +.00001531 +00000-0 +97315-3 0  9995
2 34474 074.0805 155.6946 0233737 030.7843 023.2390 13.92025631341878
0 COSMOS 2251 DEB
1 34474U 93036TT  15322.61141897  .00001584  00000-0  10062-2 0  9992
2 34474  74.0805 153.9796 0233782  28.8329  25.7416 13.92029094342334
0 COSMOS 2251 DEB
1 34474U 93036TT  15323.61888723  .00001559  00000-0  99004-3 0  9995
2 34474  74.0804 152.2625 0233830  26.8736  34.4822 13.92032263342475
0 COSMOS 2251 DEB
1 34474U 93036TT  15323.98944348 +.00001462 +00000-0 +92956-3 0  9993
2 34474 074.0803 151.6308 0233844 026.1543 091.4570 13.92032899342208
0 COSMOS 2251 DEB
1 34474U 93036TT  15324.99644995  .00001422  00000-0  90443-3 0  9995
2 34474  74.0803 149.9144 0233893  24.1957  97.8994 13.92036031342669
0 COSMOS 2251 DEB
1 34474U 93036TT  15326.21674832  .00001345  00000-0  85634-3 0  9995
2 34474  74.0803 147.8346 0233935  21.8233  93.2311 13.92039565342835
0 COSMOS 2251 DEB
1 34474U 93036TT  15326.94221381 +.00001338 +00000-0 +85171-3 0  9990
2 34474 074.0803 146.5980 0233961 020.4092 128.7980 13.92041810342610
0 COSMOS 2251 DEB
1 34474U 93036TT  15327.22348646  .00001326  00000-0  84407-3 0  9994
2 34474  74.0804 146.1187 0233961  19.8636  98.3544 13.92042602342979
0 COSMOS 2251 DEB
1 34474U 93036TT  15327.94843609 +.00001337 +00000-0 +85116-3 0  9992
2 34474 074.0804 144.8830 0233972 018.4527 131.3412 13.92044824342751
0 COSMOS 2251 DEB
1 34474U 93036TT  15328.94802803 +.00001263 +00000-0 +80495-3 0  9997
2 34474 074.0804 143.1792 0233991 016.5111 100.6646 13.92047301342895
0 COSMOS 2251 DEB
1 34474U 93036TT  15329.88231325  .00001321  00000-0  84082-3 0  9997
2 34474  74.0805 141.5868 0234039  14.6900 102.7273 13.92050289343340
0 COSMOS 2251 DEB
1 34474U 93036TT  15329.95465387 +.00001199 +00000-0 +76458-3 0  9993
2 34474 074.0805 141.4635 0234044 014.5495 105.2531 13.92049813343037
0 COSMOS 2251 DEB
1 34474U 93036TT  15330.88866065  .00001209  00000-0  77052-3 0  9998
2 34474  74.0806 139.8716 0234098  12.7265 105.9305 13.92052424343480
0 COSMOS 2251 DEB
1 34474U 93036TT  15331.52234689 +.00001200 +00000-0 +76500-3 0  9999
2 34474 074.0806 138.7914 0234123 011.4854 041.5917 13.92054081343257
0 COSMOS 2251 DEB
1 34474U 93036TT  15332.52854383  .00001199  00000-0  76458-3 0  9998
2 34474  74.0807 137.0764 0234153   9.5315  44.0460 13.92056585343719
0 COSMOS 2251 DEB
1 34474U 93036TT  15332.90990874 +.00001181 +00000-0 +75324-3 0  9998
2 34474 074.0805 136.4262 0234203 008.7542 155.2547 13.92057277343442
0 COSMOS 2251 DEB
1 34474U 93036TT  15333.53671086  .00001197  00000-0  76308-3 0  9999
2 34474  74.0806 135.3578 0234219   7.5423  56.4096 13.92058759343855
0 COSMOS 2251 DEB
1 34474U 93036TT  15333.90649807 +.00001176 +00000-0 +75016-3 0  9998
2 34474 074.0806 134.7275 0234242 006.8130 109.5762 13.92059442343585
0 COSMOS 2251 DEB
1 34474U 93036TT  15334.12170407 +.00001137 +00000-0 +72560-3 0  9996
2 34474 074.0806 134.3608 0234263 006.3909 108.0667 13.92059741343617
0 COSMOS 2251 DEB
1 34474U 93036TT  15335.12843957  .00001149  00000-0  73316-3 0  9997
2 34474  74.0806 132.6447 0234302   4.4231 113.2525 13.92062072344073
0 COSMOS 2251 DEB
1 34474U 93036TT  15336.13443465  .00001144  00000-0  72981-3 0  9991
2 34474  74.0806 130.9299 0234356   2.4545 114.7376 13.92064318344215
0 COSMOS 2251 DEB
1 34474U 93036TT  15337.14078854  .00001042  00000-0  66607-3 0  9994
2 34474  74.0808 129.2147 0234422   0.4852 118.0265 13.92065889344356
0 COSMOS 2251 DEB
1 34474U 93036TT  15337.86570797 +.00001042 +00000-0 +66615-3 0  9995
2 34474 074.0809 127.9792 0234451 359.0616 150.9318 13.92067380344139
0 COSMOS 2251 DEB
1 34474U 93036TT  15338.86496528  .00001033  00000-0  66012-3 0  9996
2 34474  74.0809 126.2757 0234501 357.1089 118.6672 13.92069343344596
0 COSMOS 2251 DEB
1 34474U 93036TT  15339.87159481  .00001090  00000-0  69603-3 0  9994
2 34474  74.0809 124.5598 0234552 355.1366 123.3615 13.92071719344738
0 COSMOS 2251 DEB
1 34474U 93036TT  15340.87859326  .00001140  00000-0  72699-3 0  9996
2 34474  74.0810 122.8433 0234602 353.1663 129.9098 13.92074134344879
0 COSMOS 2251 DEB
1 34474U 93036TT  15340.87859326 +.00001140 +00000-0 +72699-3 0  9996
2 34474 074.0810 122.8433 0234602 353.1663 129.9098 13.92074134344554
0 COSMOS 2251 DEB
1 34474U 93036TT  15341.81153120 +.00001090 +00000-0 +69563-3 0  9990
2 34474 074.0810 121.2529 0234653 351.3378 125.3140 13.92075767344687
0 COSMOS 2251 DEB
1 34474U 93036TT  15342.09956168  .00001086  00000-0  69336-3 0  9997
2 34474  74.0810 120.7619 0234670 350.7740 128.7757 13.92076384345044
0 COSMOS 2251 DEB
1 34474U 93036TT  15342.73481775 +.00001069 +00000-0 +68261-3 0  9992
2 34474 074.0811 119.6792 0234704 349.5286 072.3565 13.92077511344811
0 COSMOS 2251 DEB
1 34474U 93036TT  15343.37492212  .00001059  00000-0  67629-3 0  9997
2 34474  74.0811 118.5881 0234743 348.2752  40.2364 13.92078725345220
0 COSMOS 2251 DEB
1 34474U 93036TT  15344.45970618  .00001082  00000-0  69050-3 0  9994
2 34474  74.0811 116.7390 0234813 346.1505  76.6336 13.92080951345378
0 COSMOS 2251 DEB
1 34474U 93036TT  15344.83035353 +.00001155 +00000-0 +73587-3 0  9995
2 34474 074.0811 116.1071 0234839 345.4241 134.1375 13.92082150345102
0 COSMOS 2251 DEB
1 34474U 93036TT  15345.46515038  .00001119  00000-0  71330-3 0  9992
2 34474  74.0811 115.0250 0234882 344.1814  75.4292 13.92083306345513
0 COSMOS 2251 DEB
1 34474U 93036TT  15345.83689683 +.00001115 +00000-0 +71103-3 0  9995
2 34474 074.0811 114.3912 0234909 343.4531 138.4426 13.92084052345246
0 COSMOS 2251 DEB
1 34474U 93036TT  15346.77062063  .00001115  00000-0  71119-3 0  9993
2 34474  74.0811 112.7996 0234995 341.6226 137.8222 13.92086151345694
0 COSMOS 2251 DEB
1 34474U 93036TT  15347.78288608  .00001079  00000-0  68817-3 0  9990
2 34474  74.0811 111.0740 0235074 339.6385 170.8199 13.92088049345840
0 COSMOS 2251 DEB
1 34474U 93036TT  15348.78259922 +.00001120 +00000-0 +71393-3 0  9998
2 34474 074.0812 109.3699 0235155 337.6822 140.9164 13.92090319345650
0 COSMOS 2251 DEB
1 34474U 93036TT  15349.41815110  .00001267  00000-0  80571-3 0  9996
2 34474  74.0812 108.2864 0235208 336.4382  86.0152 13.92092699346065
0 COSMOS 2251 DEB
1 34474U 93036TT  15350.42390169  .00001267  00000-0  80552-3 0  9990
2 34474  74.0813 106.5721 0235306 334.4677  86.3885 13.92095093346206
0 COSMOS 2251 DEB
1 34474U 93036TT  15350.79491139 +.00001242 +00000-0 +78980-3 0  9994
2 34474 074.0813 105.9396 0235342 333.7402 145.7261 13.92095839345930
0 COSMOS 2251 DEB
1 34474U 93036TT  15351.43033704  .00001148  00000-0  73106-3 0  9996
2 34474  74.0812 104.8563 0235387 332.4984  90.1984 13.92096852346340
0 COSMOS 2251 DEB
1 34474U 93036TT  15352.43727470  .00001292  00000-0  82033-3 0  9996
2 34474  74.0813 103.1396 0235484 330.5295  96.5360 13.92100223346480
0 COSMOS 2251 DEB
1 34474U 93036TT  15352.73510595 +.00001259 +00000-0 +79966-3 0  9991
2 34474 074.0813 102.6319 0235519 329.9458 149.1401 13.92100747346203
0 COSMOS 2251 DEB
1 34474U 93036TT  15353.74077145  .00001201  00000-0  76370-3 0  9995
2 34474  74.0814 100.9175 0235616 327.9778 149.1126 13.92102848346664
0 COSMOS 2251 DEB
1 34474U 93036TT  15354.75420995  .00001198  00000-0  76165-3 0  9999
2 34474  74.0816  99.1902 0235714 325.9991 188.0474 13.92105411346811
0 COSMOS 2251 DEB
1 34474U 93036TT  15355.75330145 +.00001441 +00000-0 +91300-3 0  9996
2 34474 074.0816 097.4870 0235811 324.0486 155.0991 13.92109806346622
0 COSMOS 2251 DEB
1 34474U 93036TT  15356.38909236  .00001427  00000-0  90412-3 0  9996
2 34474  74.0815  96.4030 0235879 322.8068 101.4350 13.92111583347039
0 COSMOS 2251 DEB
1 34474U 93036TT  15356.76096944 +.00001434 +00000-0 +90817-3 0  9998
2 34474 074.0816 095.7693 0235934 322.0809 165.1401 13.92112760346765
0 COSMOS 2251 DEB
1 34474U 93036TT  15357.32098571 +.00001396 +00000-0 +88439-3 0  9993
2 34474 074.0816 094.8146 0235982 320.9877 091.7268 13.92114143346844
0 COSMOS 2251 DEB
1 34474U 93036TT  15357.69333414  .00001388  00000-0  87921-3 0  9997
2 34474  74.0816  94.1798 0236027 320.2615 157.7972 13.92115246347216
0 COSMOS 2251 DEB
1 34474U 93036TT  15358.32707692 +.00001465 +00000-0 +92728-3 0  9998
2 34474 074.0815 093.0992 0236080 319.0230 093.8837 13.92117644346984
0 COSMOS 2251 DEB
1 34474U 93036TT  15359.33327955  .00001412  00000-0  89426-3 0  9993
2 34474  74.0815  91.3838 0236193 317.0602  96.6047 13.92120311347441
0 COSMOS 2251 DEB
1 34474U 93036TT  15360.34091887  .00001328  00000-0  84126-3 0  9996
2 34474  74.0815  89.6659 0236313 315.0980 106.5324 13.92122749347584
0 COSMOS 2251 DEB
1 34474U 93036TT  15360.71209876 +.00001286 +00000-0 +81503-3 0  9995
2 34474 074.0814 089.0329 0236363 314.3720 166.7591 13.92123553347319
0 COSMOS 2251 DEB
1 34474U 93036TT  15361.34667689  .00001282  00000-0  81290-3 0  9994
2 34474  74.0815  87.9514 0236423 313.1430 107.0378 13.92125319347723
0 COSMOS 2251 DEB
1 34474U 93036TT  15361.64659672 +.00001235 +00000-0 +78373-3 0  9996
2 34474 074.0815 087.4401 0236461 312.5591 170.1326 13.92125816347441
0 COSMOS 2251 DEB
1 34474U 93036TT  15362.35467683  .00001168  00000-0  74160-3 0  9999
2 34474  74.0814  86.2329 0236544 311.1812 118.7885 13.92127256347863
0 COSMOS 2251 DEB
1 34474U 93036TT  15362.65179762 +.00001150 +00000-0 +73031-3 0  9997
2 34474 074.0815 085.7264 0236593 310.6030 167.8577 13.92127875347585
0 COSMOS 2251 DEB
1 34474U 93036TT  15363.65839255  .00001135  00000-0  72069-3 0  9991
2 34474  74.0815  84.0104 0236703 308.6450 172.5755 13.92130132348049
0 COSMOS 2251 DEB
1 34474U 93036TT  15364.66387787  .00001156  00000-0  73403-3 0  9997
2 34474  74.0814  82.2961 0236838 306.6914 171.7383 13.92132494348187
0 COSMOS 2251 DEB
1 34474U 93036TT  15365.67093117  .00001163  00000-0  73781-3 0  9997
2 34474  74.0814  80.5792 0236962 304.7383 178.7636 13.92134731348327
0 COSMOS 2251 DEB
1 34474U 93036TT  16001.60493162 +.00001140 +00000-0 +72320-3 0  9995
2 34474 074.0814 078.9869 0237080 302.9274 179.6817 13.92136870348130
0 COSMOS 2251 DEB
1 34474U 93036TT  16002.23895002  .00001044  00000-0  66360-3 0  9994
2 34474  74.0814  77.9060 0237163 301.6976 117.1875 13.92137881348548
0 COSMOS 2251 DEB
1 34474U 93036TT  16002.68370387 +.00001118 +00000-0 +70946-3 0  9994
2 34474 074.0814 077.1477 0237205 300.8363 186.1593 13.92139396348287
0 COSMOS 2251 DEB
1 34474U 93036TT  16003.24388675  .00001051  00000-0  66795-3 0  9999
2 34474  74.0814  76.1927 0237272 299.7482 113.6305 13.92140385348688
0 COSMOS 2251 DEB
1 34474U 93036TT  16003.90325383 +.00001148 +00000-0 +72798-3 0  9996
2 34474 074.0814 075.0684 0237360 298.4722 178.1842 13.92142554348454
0 COSMOS 2251 DEB
1 34474U 93036TT  16004.24995855  .00001090  00000-0  69192-3 0  9991
2 34474  74.0814  74.4773 0237390 297.8006 115.7665 13.92143023348820
0 COSMOS 2251 DEB
1 34474U 93036TT  16004.62909153 +.00001065 +00000-0 +67658-3 0  9996
2 34474 074.0814 073.8309 0237428 297.0663 215.8708 13.92143709348552
0 COSMOS 2251 DEB
1 34474U 93036TT  16005.25621487  .00001058  00000-0  67172-3 0  9990
2 34474  74.0813  72.7617 0237489 295.8515 118.8344 13.92145102348962
0 COSMOS 2251 DEB
1 34474U 93036TT  16005.63539774 +.00001063 +00000-0 +67484-3 0  9991
2 34474 074.0814 072.1152 0237533 295.1182 219.1907 13.92145943348697
0 COSMOS 2251 DEB
1 34474U 93036TT  16006.26409231  .00001104  00000-0  70021-3 0  9992
2 34474  74.0813  71.0433 0237594 293.9025 130.0335 13.92147708349109
0 COSMOS 2251 DEB
1 34474U 93036TT  16007.26962647  .00001063  00000-0  67468-3 0  9993
2 34474  74.0813  69.3288 0237697 291.9591 129.4953 13.92149795349248
0 COSMOS 2251 DEB
1 34474U 93036TT  16007.85664501 +.00001047 +00000-0 +66465-3 0  9994
2 34474 074.0813 068.3279 0237758 290.8268 191.4727 13.92151003349001
0 COSMOS 2251 DEB
1 34474U 93036TT  16008.49095057  .00001053  00000-0  66831-3 0  9993
2 34474  74.0813  67.2464 0237836 289.6014 130.4450 13.92152429349411
0 COSMOS 2251 DEB
1 34474U 93036TT  16009.58783331  .00001063  00000-0  67420-3 0  9999
2 34474  74.0812  65.3762 0237948 287.4870 227.7367 13.92154988349576
0 COSMOS 2251 DEB
1 34474U 93036TT  16010.59387439  .00001117  00000-0  70768-3 0  9990
2 34474  74.0813  63.6609 0238045 285.5477 229.7631 13.92157631349719
0 COSMOS 2251 DEB
1 34474U 93036TT  16011.59988453  .00001136  00000-0  71929-3 0  9995
2 34474  74.0812  61.9455 0238132 283.6090 231.6430 13.92160164349854
0 COSMOS 2251 DEB
1 34474U 93036TT  16012.22908884 +.00001161 +00000-0 +73461-3 0  9997
2 34474 074.0812 060.8727 0238184 282.3968 145.0698 13.92162028349610
0 COSMOS 2251 DEB
1 34474U 93036TT  16013.53392569  .00001281  00000-0  80874-3 0  9998
2 34474  74.0811  58.6476 0238280 279.8841 204.6198 13.92166138350124
0 COSMOS 2251 DEB
1 34474U 93036TT  16014.54609557  .00001243  00000-0  78489-3 0  9995
2 34474  74.0812  56.9218 0238366 277.9417 237.3947 13.92168782350260
0 COSMOS 2251 DEB
1 34474U 93036TT  16015.55219294  .00001153  00000-0  72954-3 0  9993
2 34474  74.0812  55.2064 0238404 276.0032 239.7501 13.92170913350404
0 COSMOS 2251 DEB
1 34474U 93036TT  16016.55814308  .00001117  00000-0  70669-3 0  9992
2 34474  74.0812  53.4911 0238457 274.0699 241.3701 13.92173174350548
0 COSMOS 2251 DEB
1 34474U 93036TT  16017.48591098 +.00001105 +00000-0 +69956-3 0  9997
2 34474 074.0812 051.9091 0238512 272.2898 211.1613 13.92175357350343
0 COSMOS 2251 DEB
1 34474U 93036TT  16018.19242019  .00001043  00000-0  66074-3 0  9991
2 34474  74.0812  50.7044 0238546 270.9348 152.0524 13.92176784350765
0 COSMOS 2251 DEB
1 34474U 93036TT  16018.77903043 +.00001070 +00000-0 +67754-3 0  9992
2 34474 074.0812 049.7040 0238563 269.8070 212.0367 13.92178229350529
0 COSMOS 2251 DEB
1 34474U 93036TT  16019.48731578  .00001088  00000-0  68857-3 0  9997
2 34474  74.0812  48.4962 0238591 268.4481 161.8367 13.92179949350947
0 COSMOS 2251 DEB
1 34474U 93036TT  16020.50998253  .00001076  00000-0  68128-3 0  9995
2 34474  74.0812  46.7522 0238623 266.4860 247.2668 13.92182132351093
0 COSMOS 2251 DEB
1 34474U 93036TT  16021.51017321  .00001183  00000-0  74708-3 0  9995
2 34474  74.0812  45.0466 0238627 264.5637 220.0688 13.92185302351236
0 COSMOS 2251 DEB
1 34474U 93036TT  16022.44342414 +.00001228 +00000-0 +77510-3 0  9996
2 34474 074.0812 043.4553 0238639 262.7752 217.3823 13.92188048351034
0 COSMOS 2251 DEB
1 34474U 93036TT  16023.15064377  .00001158  00000-0  73170-3 0  9994
2 34474  74.0813  42.2495 0238643 261.4184 161.8660 13.92189534351456
0 COSMOS 2251 DEB
1 34474U 93036TT  16023.44936471 +.00001152 +00000-0 +72817-3 0  9990
2 34474 074.0813 041.7401 0238644 260.8476 219.0121 13.92190300351175
0 COSMOS 2251 DEB
1 34474U 93036TT  16024.15714884  .00001119  00000-0  70777-3 0  9997
2 34474  74.0813  40.5332 0238643 259.4888 166.3327 13.92192013351596
0 COSMOS 2251 DEB
1 34474U 93036TT  16024.46552529 +.00001063 +00000-0 +67298-3 0  9999
2 34474 074.0813 040.0073 0238642 258.8972 271.8749 13.92192469351314
0 COSMOS 2251 DEB
1 34474U 93036TT  16025.46810281  .00001017  00000-0  64435-3 0  9991
2 34474  74.0813  38.2977 0238625 256.9731 256.6695 13.92194770351788
0 COSMOS 2251 DEB
1 34474U 93036TT  16026.47451617  .00000883  00000-0  56126-3 0  9995
2 34474  74.0813  36.5816 0238597 255.0399 260.6955 13.92196298351926
0 COSMOS 2251 DEB
1 34474U 93036TT  16027.47438065 +.00000830 +00000-0 +52897-3 0  9991
2 34474 074.0814 034.8766 0238565 253.1228 231.9017 13.92198035351737
0 COSMOS 2251 DEB
1 34474U 93036TT  16028.11090744  .00000678  00000-0  43461-3 0  9998
2 34474  74.0814  33.7912 0238539 251.9000 182.1057 13.92198355352145
0 COSMOS 2251 DEB
1 34474U 93036TT  16028.96313343 +.00000689 +00000-0 +44155-3 0  9997
2 34474 074.0815 032.3380 0238496 250.2639 133.3739 13.92199870351947
0 COSMOS 2251 DEB
1 34474U 93036TT  16029.49422612  .00000668  00000-0  42831-3 0  9992
2 34474  74.0816  31.4323 0238460 249.2465 275.1536 13.92200519352349
0 COSMOS 2251 DEB
1 34474U 93036TT  16029.96964065 +.00000653 +00000-0 +41930-3 0  9990
2 34474 074.0815 030.6216 0238434 248.3322 137.8862 13.92201188352083
0 COSMOS 2251 DEB
1 34474U 93036TT  16030.42619078 +.00000675 +00000-0 +43308-3 0  9999
2 34474 074.0816 029.8431 0238426 247.4494 266.0786 13.92202013352149
0 COSMOS 2251 DEB
1 34474U 93036TT  16031.05363859  .00000643  00000-0  41322-3 0  9991
2 34474  74.0816  28.7731 0238386 246.2408 170.7926 13.92202779352558
0 COSMOS 2251 DEB
1 34474U 93036TT  16031.42582168 +.00000657 +00000-0 +42152-3 0  9995
2 34474 074.0816 028.1384 0238362 245.5259 236.1399 13.92203321352281
0 COSMOS 2251 DEB
1 34474U 93036TT  16032.06146921  .00000695  00000-0  44557-3 0  9992
2 34474  74.0816  27.0545 0238319 244.3005 181.9550 13.92204485352699
0 COSMOS 2251 DEB
1 34474U 93036TT  16032.43857779 +.00000757 +00000-0 +48396-3 0  9997
2 34474 074.0816 026.4115 0238283 243.5760 271.9921 13.92205383352425
0 COSMOS 2251 DEB
1 34474U 93036TT  16033.06740737  .00000653  00000-0  41910-3 0  9992
2 34474  74.0817  25.3392 0238234 242.3644 183.6371 13.92205690352839
0 COSMOS 2251 DEB
1 34474U 93036TT  16033.44481520 +.00000695 +00000-0 +44524-3 0  9996
2 34474 074.0817 024.6956 0238205 241.6379 275.1765 13.92206436352565
0 COSMOS 2251 DEB
1 34474U 93036TT  16034.37168088  .00000734  00000-0  46965-3 0  9995
2 34474  74.0817  23.1151 0238132 239.8512 240.5659 13.92208155353012
0 COSMOS 2251 DEB
1 34474U 93036TT  16034.92735171 +.00000618 +00000-0 +39801-3 0  9991
2 34474 074.0817 022.1676 0238091 238.7781 145.5534 13.92208338352774
0 COSMOS 2251 DEB
1 34474U 93036TT  16035.38428598  .00000650  00000-0  41740-3 0  9995
2 34474  74.0817  21.3884 0238047 237.8976 275.6796 13.92209189353167
0 COSMOS 2251 DEB
1 34474U 93036TT  16035.93393427 +.00000637 +00000-0 +40983-3 0  9991
2 34474 074.0817 020.4511 0237990 236.8357 150.4875 13.92210009352915
0 COSMOS 2251 DEB
1 34474U 93036TT  16036.39029983  .00000626  00000-0  40272-3 0  9994
2 34474  74.0818  19.6729 0237953 235.9545 277.7669 13.92210577353303
0 COSMOS 2251 DEB
1 34474U 93036TT  16037.39663650  .00000700  00000-0  44859-3 0  9998
2 34474  74.0818  17.9569 0237856 234.0075 281.4832 13.92212613353448
0 COSMOS 2251 DEB
1 34474U 93036TT  16037.94636758 +.00000661 +00000-0 +42451-3 0  9990
2 34474 074.0819 017.0195 0237793 232.9430 156.7147 13.92213303353199
0 COSMOS 2251 DEB
1 34474U 93036TT  16038.39724463  .00000741  00000-0  47419-3 0  9999
2 34474  74.0819  16.2507 0237748 232.0707 256.4944 13.92214467353583
0 COSMOS 2251 DEB
1 34474U 93036TT  16038.95914578 +.00000734 +00000-0 +46957-3 0  9997
2 34474 074.0819 015.2925 0237696 230.9816 192.7267 13.92215384353338
0 COSMOS 2251 DEB
1 34474U 93036TT  16039.40967400  .00000834  00000-0  53198-3 0  9996
2 34474  74.0819  14.5243 0237646 230.1101 290.7616 13.92216714353725
0 COSMOS 2251 DEB
1 34474U 93036TT  16040.97275126  .00000794  00000-0  50728-3 0  9998
2 34474  74.0820  11.8590 0237497 227.0788 204.8766 13.92219238353931
0 COSMOS 2251 DEB
1 34474U 93036TT  16040.97275126 +.00000794 +00000-0 +50728-3 0  9998
2 34474 074.0820 011.8590 0237497 227.0788 204.8766 13.92219238353616
0 COSMOS 2251 DEB
1 34474U 93036TT  16041.34862251 +.00000849 +00000-0 +54104-3 0  9994
2 34474 074.0820 011.2180 0237456 226.3501 288.7391 13.92220196353660
0 COSMOS 2251 DEB
1 34474U 93036TT  16041.97587347  .00000734  00000-0  46988-3 0  9997
2 34474  74.0820  10.1484 0237389 225.1306 192.5182 13.92220678354071
0 COSMOS 2251 DEB
1 34474U 93036TT  16042.91321755 +.00000828 +00000-0 +52795-3 0  9998
2 34474 074.0821 008.5500 0237286 223.3090 210.4871 13.92222826353888
0 COSMOS 2251 DEB
1 34474U 93036TT  16042.98421870  .00000837  00000-0  53394-3 0  9990
2 34474  74.0821   8.4290 0237279 223.1713 206.3455 13.92223041354215
0 COSMOS 2251 DEB
1 34474U 93036TT  16043.36072096 +.00000875 +00000-0 +55713-3 0  9994
2 34474 074.0821 007.7869 0237234 222.4399 293.3775 13.92223955353946
0 COSMOS 2251 DEB
1 34474U 93036TT  16043.98970084  .00000875  00000-0  55720-3 0  9994
2 34474  74.0822   6.7143 0237159 221.2175 205.8314 13.92225184354355
0 COSMOS 2251 DEB
1 34474U 93036TT  16044.92191772 +.00000821 +00000-0 +52380-3 0  9998
2 34474 074.0822 005.1247 0237048 219.3996 198.1228 13.92226641354165
0 COSMOS 2251 DEB
1 34474U 93036TT  16044.99606196  .00000909  00000-0  57878-3 0  9990
2 34474  74.0822   4.9983 0237049 219.2547 209.7361 13.92227261354493
0 COSMOS 2251 DEB
1 34474U 93036TT  16045.93042258 +.00000914 +00000-0 +58159-3 0  9997
2 34474 074.0823 003.4050 0236935 217.4351 212.7769 13.92229113354303
0 COSMOS 2251 DEB
1 34474U 93036TT  16046.30655841  .00000845  00000-0  53873-3 0  9998
2 34474  74.0823   2.7636 0236896 216.7019 297.9811 13.92229389354683
0 COSMOS 2251 DEB
1 34474U 93036TT  16046.93392289 +.00000814 +00000-0 +51998-3 0  9993
2 34474 074.0823 001.6938 0236832 215.4758 202.3580 13.92230443354442
0 COSMOS 2251 DEB
1 34474U 93036TT  16047.31263562  .00000944  00000-0  60024-3 0  9991
2 34474  74.0823   1.0480 0236804 214.7368 300.4817 13.92231811354821
0 COSMOS 2251 DEB
1 34474U 93036TT  16047.94000872 +.00001082 +00000-0 +68582-3 0  9994
2 34474 074.0823 359.9783 0236726 213.5122 204.9086 13.92234023354587
0 COSMOS 2251 DEB
1 34474U 93036TT  16048.31852323  .00001090  00000-0  69118-3 0  9997
2 34474  74.0823 359.3328 0236698 212.7694 302.0471 13.92234832354967
0 COSMOS 2251 DEB
1 34474U 93036TT  16048.94834479 +.00000928 +00000-0 +59022-3 0  9990
2 34474 074.0823 358.2589 0236625 211.5417 218.7442 13.92235204354723
0 COSMOS 2251 DEB
1 34474U 93036TT  16049.32489995  .00001062  00000-0  67370-3 0  9997
2 34474  74.0824 357.6170 0236582 210.8060 306.0629 13.92236774355105
0 COSMOS 2251 DEB
1 34474U 93036TT  16049.95318843 +.00000873 +00000-0 +55672-3 0  9990
2 34474 074.0824 356.5456 0236520 209.5751 215.0858 13.92236920354862
0 COSMOS 2251 DEB
1 34474U 93036TT  16050.33309515  .00000967  00000-0  61504-3 0  9995
2 34474  74.0825 355.8979 0236475 208.8337 319.2039 13.92238228355240
0 COSMOS 2251 DEB
1 34474U 93036TT  16050.96066779 +.00000850 +00000-0 +54193-3 0  9993
2 34474 074.0825 354.8278 0236414 207.6069 224.6429 13.92238868355009
0 COSMOS 2251 DEB
1 34474U 93036TT  16051.89184466  .00000788  00000-0  50365-3 0  9997
2 34474  74.0825 353.2401 0236328 205.7853 211.7726 13.92240269355458
0 COSMOS 2251 DEB
1 34474U 93036TT  16051.96682275 +.00000737 +00000-0 +47233-3 0  9990
2 34474 074.0825 353.1122 0236318 205.6385 227.5694 13.92240165355145
0 COSMOS 2251 DEB
1 34474U 93036TT  16052.89796161 +.00000686 +00000-0 +44080-3 0  9993
2 34474 074.0825 351.5246 0236234 203.8146 214.5157 13.92241509355273
0 COSMOS 2251 DEB
1 34474U 93036TT  16053.19804057  .00000672  00000-0  43198-3 0  9995
2 34474  74.0826 351.0129 0236206 203.2272 278.5371 13.92241900355635
0 COSMOS 2251 DEB
1 34474U 93036TT  16053.90585449 +.00000687 +00000-0 +44137-3 0  9995
2 34474 074.0826 349.8060 0236142 201.8396 226.1650 13.92243113355417
0 COSMOS 2251 DEB
1 34474U 93036TT  16054.28263844  .00000700  00000-0  44894-3 0  9995
2 34474  74.0826 349.1636 0236108 201.0984 314.6454 13.92243809355794
0 COSMOS 2251 DEB
1 34474U 93036TT  16055.49817279  .00000725  00000-0  46496-3 0  9993
2 34474  74.0826 347.0910 0236006 198.7158 287.0237 13.92245782355961
0 COSMOS 2251 DEB
1 34474U 93036TT  16055.91804301 +.00000672 +00000-0 +43162-3 0  9990
2 34474 074.0826 346.3752 0235981 197.8914 231.4575 13.92246086355694
0 COSMOS 2251 DEB
1 34474U 93036TT  16056.92457914 +.00000681 +00000-0 +43743-3 0  9991
2 34474 074.0826 344.6589 0235897 195.9178 236.3240 13.92247544355839
0 COSMOS 2251 DEB
1 34474U 93036TT  16057.22209313  .00000695  00000-0  44640-3 0  9995
2 34474  74.0826 344.1516 0235874 195.3331 287.4980 13.92248009356199
0 COSMOS 2251 DEB
1 34474U 93036TT  16057.93280329 +.00000709 +00000-0 +45476-3 0  9993
2 34474 074.0826 342.9399 0235824 193.9362 249.6612 13.92249112355970
0 COSMOS 2251 DEB
1 34474U 93036TT  16058.23407619  .00000711  00000-0  45582-3 0  9991
2 34474  74.0826 342.4262 0235799 193.3451 319.6758 13.92249517356348
0 COSMOS 2251 DEB
1 34474U 93036TT  16058.93815890 +.00000698 +00000-0 +44817-3 0  9996
2 34474 074.0826 341.2256 0235750 191.9610 248.6242 13.92250421356116
0 COSMOS 2251 DEB
1 34474U 93036TT  16059.24217617  .00000716  00000-0  45899-3 0  9996
2 34474  74.0826 340.7073 0235727 191.3631 332.3977 13.92250988356482
0 COSMOS 2251 DEB
1 34474U 93036TT  16059.86971957 +.00000792 +00000-0 +50618-3 0  9997
2 34474 074.0825 339.6373 0235686 190.1306 237.7253 13.92252365356241
0 COSMOS 2251 DEB
1 34474U 93036TT  16060.87547874  .00000732  00000-0  46942-3 0  9996
2 34474  74.0825 337.9225 0235621 188.1534 238.7232 13.92253526356706
0 COSMOS 2251 DEB
1 34474U 93036TT  16061.88340017  .00000846  00000-0  53982-3 0  9996
2 34474  74.0825 336.2039 0235562 186.1739 250.5653 13.92255772356849
0 COSMOS 2251 DEB
1 34474U 93036TT  16062.81383968 +.00000828 +00000-0 +52856-3 0  9991
2 34474 074.0824 334.6175 0235518 184.3456 234.0618 13.92257117356650
0 COSMOS 2251 DEB
1 34474U 93036TT  16063.19217005  .00000843  00000-0  53828-3 0  9998
2 34474  74.0824 333.9723 0235505 183.6004 330.3119 13.92257812357039
0 COSMOS 2251 DEB
1 34474U 93036TT  16063.81992008 +.00000853 +00000-0 +54463-3 0  9997
2 34474 074.0823 332.9019 0235477 182.3646 236.6927 13.92258903356790
0 COSMOS 2251 DEB
1 34474U 93036TT  16064.19217942  .00000872  00000-0  55617-3 0  9999
2 34474  74.0823 332.2672 0235457 181.6344 302.5142 13.92259686357166
0 COSMOS 2251 DEB
1 34474U 93036TT  16064.82732863 +.00000948 +00000-0 +60353-3 0  9990
2 34474 074.0822 331.1842 0235430 180.3852 245.9838 13.92261183356934
0 COSMOS 2251 DEB
1 34474U 93036TT  16065.20590853  .00000958  00000-0  60941-3 0  9998
2 34474  74.0822 330.5387 0235424 179.6435 343.4852 13.92261866357313
0 COSMOS 2251 DEB
1 34474U 93036TT  16065.83311293 +.00001009 +00000-0 +64144-3 0  9993
2 34474 074.0821 329.4693 0235401 178.4106 247.1378 13.92263258357079
0 COSMOS 2251 DEB
1 34474U 93036TT  16066.21241141  .00000956  00000-0  60828-3 0  9995
2 34474  74.0821 328.8225 0235382 177.6640 348.2476 13.92263682357450
0 COSMOS 2251 DEB
1 34474U 93036TT  16066.83968851 +.00001087 +00000-0 +68990-3 0  9991
2 34474 074.0821 327.7530 0235372 176.4325 252.2696 13.92265664357217
0 COSMOS 2251 DEB
1 34474U 93036TT  16067.42468900  .00001209  00000-0  76567-3 0  9992
2 34474  74.0820 326.7554 0235355 175.2818 304.4018 13.92267688357616
0 COSMOS 2251 DEB
1 34474U 93036TT  16067.77178373 +.00001206 +00000-0 +76374-3 0  9995
2 34474 074.0820 326.1635 0235346 174.5990 244.1054 13.92268423357341
0 COSMOS 2251 DEB
1 34474U 93036TT  16068.77783873  .00001195  00000-0  75689-3 0  9998
2 34474  74.0819 324.4481 0235335 172.6197 246.6485 13.92270654357800
0 COSMOS 2251 DEB
1 34474U 93036TT  16068.77783873 +.00001195 +00000-0 +75689-3 0  9998
2 34474 074.0819 324.4481 0235335 172.6197 246.6485 13.92270654357484
0 COSMOS 2251 DEB
1 34474U 93036TT  16069.78600574  .00001212  00000-0  76695-3 0  9994
2 34474  74.0818 322.7289 0235320 170.6379 259.7849 13.92273143357940
0 COSMOS 2251 DEB
1 34474U 93036TT  16070.79176030  .00001209  00000-0  76557-3 0  9995
2 34474  74.0817 321.0139 0235307 168.6610 260.8396 13.92275668358085
0 COSMOS 2251 DEB
1 34474U 93036TT  16071.79723273  .00001257  00000-0  79493-3 0  9998
2 34474  74.0816 319.2994 0235300 166.6860 260.4891 13.92278574358221
0 COSMOS 2251 DEB
1 34474U 93036TT  16072.80452023  .00001237  00000-0  78278-3 0  9991
2 34474  74.0816 317.5819 0235292 164.7063 269.2464 13.92281133358365
0 COSMOS 2251 DEB
1 34474U 93036TT  16073.73554343 +.00001245 +00000-0 +78724-3 0  9997
2 34474 074.0814 315.9942 0235299 162.8780 255.7556 13.92283541358170
0 COSMOS 2251 DEB
1 34474U 93036TT  16074.10696324  .00001209  00000-0  76522-3 0  9999
2 34474  74.0814 315.3608 0235297 162.1486 317.4021 13.92284279358540
0 COSMOS 2251 DEB
1 34474U 93036TT  16074.81842126 +.00001147 +00000-0 +72616-3 0  9991
2 34474 074.0813 314.1476 0235306 160.7520 283.4040 13.92285616358328
0 COSMOS 2251 DEB
1 34474U 93036TT  16075.12127258  .00001224  00000-0  77398-3 0  9996
2 34474  74.0812 313.6311 0235309 160.1567   1.3726 13.92286825358698
0 COSMOS 2251 DEB
1 34474U 93036TT  16075.74908723 +.00001310 +00000-0 +82740-3 0  9991
2 34474 074.0812 312.5605 0235312 158.9236 268.1428 13.92288969358451
0 COSMOS 2251 DEB
1 34474U 93036TT  16076.75492520  .00001360  00000-0  85886-3 0  9995
2 34474  74.0811 310.8453 0235334 156.9513 269.6670 13.92291859358910
0 COSMOS 2251 DEB
1 34474U 93036TT  16077.76162183  .00001348  00000-0  85120-3 0  9993
2 34474  74.0810 309.1286 0235364 154.9764 275.5059 13.92294451359057
0 COSMOS 2251 DEB
1 34474U 93036TT  16078.76955499  .00001310  00000-0  82746-3 0  9994
2 34474  74.0809 307.4098 0235394 153.0013 287.5484 13.92296813359191
0 COSMOS 2251 DEB
1 34474U 93036TT  16079.69936597 +.00001266 +00000-0 +79973-3 0  9993
2 34474 074.0808 305.8241 0235410 151.1778 268.0317 13.92299017359006
0 COSMOS 2251 DEB
1 34474U 93036TT  16080.07708337  .00001276  00000-0  80631-3 0  9990
2 34474  74.0808 305.1799 0235410 150.4389   1.2621 13.92300073359388
0 COSMOS 2251 DEB
1 34474U 93036TT  16080.70704126 +.00001289 +00000-0 +81421-3 0  9994
2 34474 074.0807 304.1056 0235431 149.2067 278.7983 13.92301832359144
0 COSMOS 2251 DEB
1 34474U 93036TT  16081.71230925 +.00001274 +00000-0 +80434-3 0  9994
2 34474 074.0807 302.3913 0235448 147.2393 277.5110 13.92304568359603
0 COSMOS 2251 DEB
1 34474U 93036TT  16082.72008078  .00001145  00000-0  72423-3 0  9994
2 34474  74.0806 300.6727 0235490 145.2682 288.7780 13.92306520359744
0 COSMOS 2251 DEB
1 34474U 93036TT  16083.72571878  .00001180  00000-0  74603-3 0  9999
2 34474  74.0805 298.9577 0235517 143.3031 289.3603 13.92309385359880
0 COSMOS 2251 DEB
1 34474U 93036TT  16084.95678044  .00001054  00000-0  66764-3 0  9997
2 34474  74.0804 296.8583 0235552 140.8985 339.8457 13.92311648360056
0 COSMOS 2251 DEB
1 34474U 93036TT  16084.95678044 +.00001054 +00000-0 +66764-3 0  9997
2 34474 074.0804 296.8583 0235552 140.8985 339.8457 13.92311648359739
0 COSMOS 2251 DEB
1 34474U 93036TT  16085.96210154  .00000989  00000-0  62743-3 0  9992
2 34474  74.0803 295.1439 0235571 138.9362 338.8513 13.92313535360199
0 COSMOS 2251 DEB
1 34474U 93036TT  16085.96210154 +.00000989 +00000-0 +62743-3 0  9992
2 34474 074.0803 295.1439 0235571 138.9362 338.8513 13.92313535359872
0 COSMOS 2251 DEB
1 34474U 93036TT  16086.96788183  .00000944  00000-0  59902-3 0  9999
2 34474  74.0802 293.4286 0235592 136.9746 340.1646 13.92315449360331
0 COSMOS 2251 DEB
1 34474U 93036TT  16086.96788183 +.00000944 +00000-0 +59902-3 0  9999
2 34474 074.0802 293.4286 0235592 136.9746 340.1646 13.92315449360016
0 COSMOS 2251 DEB
1 34474U 93036TT  16087.97355387 +.00000939 +00000-0 +59629-3 0  9997
2 34474 074.0801 291.7135 0235623 135.0153 340.9403 13.92317495360153
0 COSMOS 2251 DEB
1 34474U 93036TT  16088.05403282  .00000941  00000-0  59715-3 0  9994
2 34474  74.0801 291.5762 0235625 134.8579  24.3298 13.92317683360499
0 COSMOS 2251 DEB
1 34474U 93036TT  16088.90733709 +.00000983 +00000-0 +62349-3 0  9991
2 34474 074.0800 290.1206 0235639 133.1953 341.3933 13.92319684360287
0 COSMOS 2251 DEB
1 34474U 93036TT  16089.26695869  .00000964  00000-0  61126-3 0  9996
2 34474  74.0800 289.5076 0235663 132.4973 343.9421 13.92320268360656
0 COSMOS 2251 DEB
1 34474U 93036TT  16089.91442610 +.00000962 +00000-0 +61036-3 0  9990
2 34474 074.0800 288.4034 0235680 131.2386 349.2792 13.92321493360428
0 COSMOS 2251 DEB
1 34474U 93036TT  16090.62219414  .00000983  00000-0  62302-3 0  9994
2 34474  74.0799 287.1963 0235695 129.8614 296.8695 13.92322976360847
0 COSMOS 2251 DEB
1 34474U 93036TT  16090.91987225 +.00001004 +00000-0 +63594-3 0  9997
2 34474 074.0799 286.6886 0235699 129.2846 348.9394 13.92323678360564
0 COSMOS 2251 DEB
1 34474U 93036TT  16091.62838179  .00001010  00000-0  64010-3 0  9990
2 34474  74.0799 285.4802 0235713 127.9075 300.2496 13.92325084360988
0 COSMOS 2251 DEB
1 34474U 93036TT  16092.63375014  .00001003  00000-0  63552-3 0  9998
2 34474  74.0799 283.7656 0235726 125.9552 299.5305 13.92327070361121
0 COSMOS 2251 DEB
1 34474U 93036TT  16092.93110383 +.00001013 +00000-0 +64193-3 0  9990
2 34474 074.0799 283.2584 0235724 125.3781 349.9791 13.92327714360844
0 COSMOS 2251 DEB
1 34474U 93036TT  16093.85508251  .00000982  00000-0  62259-3 0  9992
2 34474  74.0799 281.6824 0235736 123.5897 301.3072 13.92329423361297
0 COSMOS 2251 DEB
1 34474U 93036TT  16093.93790814 +.00001035 +00000-0 +65500-3 0  9991
2 34474 074.0799 281.5412 0235736 123.4288 356.4625 13.92329960360988
0 COSMOS 2251 DEB
1 34474U 93036TT  16094.95093126  .00000995  00000-0  63070-3 0  9990
2 34474  74.0799 279.8134 0235751 121.4695  34.1213 13.92331789361454
0 COSMOS 2251 DEB
1 34474U 93036TT  16094.95093126 +.00000995 +00000-0 +63070-3 0  9990
2 34474 074.0799 279.8134 0235751 121.4695 034.1213 13.92331789361128
0 COSMOS 2251 DEB
1 34474U 93036TT  16095.94992839 +.00001001 +00000-0 +63418-3 0  9994
2 34474 074.0799 278.1096 0235732 119.5292 001.4921 13.92333829361262
0 COSMOS 2251 DEB
1 34474U 93036TT  16096.88287551  .00001013  00000-0  64166-3 0  9990
2 34474  74.0799 276.5184 0235725 117.7239 357.7944 13.92335806361714
0 COSMOS 2251 DEB
1 34474U 93036TT  16096.95547797 +.00001019 +00000-0 +64495-3 0  9990
2 34474 074.0799 276.3946 0235726 117.5864 001.7045 13.92336013361406
0 COSMOS 2251 DEB
1 34474U 93036TT  16097.88948505  .00000985  00000-0  62386-3 0  9993
2 34474  74.0800 274.8017 0235711 115.7785   3.3277 13.92337810361857
0 COSMOS 2251 DEB
1 34474U 93036TT  16098.89490838  .00000981  00000-0  62137-3 0  9996
2 34474  74.0801 273.0871 0235676 113.8281   2.9297 13.92339941361996
0 COSMOS 2251 DEB
1 34474U 93036TT  16099.90088339  .00000970  00000-0  61456-3 0  9999
2 34474  74.0801 271.3713 0235638 111.8765   5.3050 13.92342053362134
0 COSMOS 2251 DEB
1 34474U 93036TT  16100.90701348  .00000940  00000-0  59627-3 0  9998
2 34474  74.0801 269.6552 0235600 109.9340   8.4548 13.92343948362276
0 COSMOS 2251 DEB
1 34474U 93036TT  16101.91933697  .00000902  00000-0  57271-3 0  9995
2 34474  74.0801 267.9287 0235551 107.9695  42.6647 13.92345702362425
0 COSMOS 2251 DEB
1 34474U 93036TT  16101.91933697 +.00000902 +00000-0 +57271-3 0  9995
2 34474 074.0801 267.9287 0235551 107.9695 042.6647 13.92345702362098
0 COSMOS 2251 DEB
1 34474U 93036TT  16102.84620291 +.00000861 +00000-0 +54719-3 0  9999
2 34474 074.0801 266.3479 0235505 106.1743 008.5255 13.92347201362225
0 COSMOS 2251 DEB
1 34474U 93036TT  16103.55497602  .00000973  00000-0  61666-3 0  9999
2 34474  74.0802 265.1391 0235466 104.7997 321.2158 13.92349192362641
0 COSMOS 2251 DEB
1 34474U 93036TT  16103.85210255 +.00000974 +00000-0 +61753-3 0  9997
2 34474 074.0802 264.6324 0235443 104.2243 010.5481 13.92349761362363
0 COSMOS 2251 DEB
1 34474U 93036TT  16104.56150303  .00001029  00000-0  65186-3 0  9999
2 34474  74.0803 263.4225 0235405 102.8555 326.3819 13.92351501362783
0 COSMOS 2251 DEB
1 34474U 93036TT  16104.85907957 +.00001041 +00000-0 +65929-3 0  9995
2 34474 074.0803 262.9150 0235384 102.2786 017.9732 13.92352164362503
0 COSMOS 2251 DEB
1 34474U 93036TT  16105.78236387  .00000898  00000-0  57060-3 0  9996
2 34474  74.0804 261.3404 0235320 100.4942 325.8954 13.92353033362955
0 COSMOS 2251 DEB
1 34474U 93036TT  16105.86435329 +.00000897 +00000-0 +56981-3 0  9992
2 34474 074.0803 261.2002 0235327 100.3436 016.8568 13.92353184362642
0 COSMOS 2251 DEB
1 34474U 93036TT  16106.79798229  .00000822  00000-0  52305-3 0  9990
2 34474  74.0804 259.6079 0235264  98.5320  16.6457 13.92354456363096
0 COSMOS 2251 DEB
1 34474U 93036TT  16106.87034431 +.00000868 +00000-0 +55162-3 0  9991
2 34474 074.0804 259.4845 0235261 098.3909 019.3597 13.92354859362780
0 COSMOS 2251 DEB
1 34474U 93036TT  16107.87724567  .00000832  00000-0  52929-3 0  9997
2 34474  74.0804 257.7673 0235185  96.4382  26.4299 13.92356497363249
0 COSMOS 2251 DEB
1 34474U 93036TT  16108.80966249 +.00000763 +00000-0 +48664-3 0  9990
2 34474 074.0805 256.1771 0235112 094.6295 020.1553 13.92357914363053
0 COSMOS 2251 DEB
1 34474U 93036TT  16109.09848529  .00000782  00000-0  49890-3 0  9995
2 34474  74.0805 255.6845 0235092  94.0691  27.8766 13.92358566363414
0 COSMOS 2251 DEB
1 34474U 93036TT  16109.44474800 +.00000751 +00000-0 +47957-3 0  9999
2 34474 074.0805 255.0941 0235067 093.3989 323.5136 13.92359056363141
0 COSMOS 2251 DEB
1 34474U 93036TT  16110.52530105  .00000658  00000-0  42187-3 0  9997
2 34474  74.0805 253.2513 0234978  91.3001 339.7804 13.92360369363611
0 COSMOS 2251 DEB
1 34474U 93036TT  16110.82143662 +.00000635 +00000-0 +40762-3 0  9990
2 34474 074.0806 252.7464 0234949 090.7221 024.1615 13.92360654363337
0 COSMOS 2251 DEB
1 34474U 93036TT  16111.45647759 +.00000548 +00000-0 +35318-3 0  9990
2 34474 074.0806 251.6634 0234897 089.4899 327.3018 13.92361039363425
0 COSMOS 2251 DEB
1 34474U 93036TT  16112.38581685  .00000505  00000-0  32660-3 0  9998
2 34474  74.0806 250.0784 0234814  87.6861 305.6144 13.92361919363877
0 COSMOS 2251 DEB
1 34474U 93036TT  16112.83448409 +.00000486 +00000-0 +31514-3 0  9999
2 34474 074.0806 249.3134 0234772 086.8112 034.5627 13.92362258363613
0 COSMOS 2251 DEB
1 34474U 93036TT  16113.46923182  .00000460  00000-0  29921-3 0  9996
2 34474  74.0807 248.2309 0234719  85.5762 336.2410 13.92362826364023
0 COSMOS 2251 DEB
1 34474U 93036TT  16114.47570947  .00000409  00000-0  26731-3 0  9994
2 34474  74.0808 246.5145 0234616  83.6181 341.2193 13.92363503364165
0 COSMOS 2251 DEB
1 34474U 93036TT  16114.77339536 +.00000374 +00000-0 +24589-3 0  9994
2 34474 074.0808 246.0068 0234615 083.0339 033.3777 13.92363538363885
0 COSMOS 2251 DEB
1 34474U 93036TT  16115.48251918  .00000365  00000-0  24024-3 0  9994
2 34474  74.0808 244.7975 0234548  81.6546 347.8695 13.92364104364306
0 COSMOS 2251 DEB
1 34474U 93036TT  16115.77873075 +.00000321 +00000-0 +21279-3 0  9991
2 34474 074.0809 244.2924 0234512 081.0772 032.6332 13.92363974364022
0 COSMOS 2251 DEB
1 34474U 93036TT  16116.78483997  .00000337  00000-0  22295-3 0  9999
2 34474  74.0810 242.5768 0234421  79.1166  35.7729 13.92364728364487
0 COSMOS 2251 DEB
1 34474U 93036TT  16117.79145922  .00000331  00000-0  21916-3 0  9997
2 34474  74.0811 240.8603 0234337  77.1546  41.4720 13.92365338364622
0 COSMOS 2251 DEB
1 34474U 93036TT  16118.79819216  .00000310  00000-0  20574-3 0  9998
2 34474  74.0812 239.1435 0234243  75.1912  47.7449 13.92365917364763
0 COSMOS 2251 DEB
1 34474U 93036TT  16119.80412947  .00000310  00000-0  20632-3 0  9996
2 34474  74.0812 237.4281 0234149  73.2260  50.0360 13.92366695364902
0 COSMOS 2251 DEB
1 34474U 93036TT  16120.73693606 +.00000317 +00000-0 +21061-3 0  9997
2 34474 074.0813 235.8374 0234061 071.4069 045.7565 13.92367445364719
0 COSMOS 2251 DEB
1 34474U 93036TT  16121.44644341  .00000307  00000-0  20424-3 0  9999
2 34474  74.0813 234.6275 0234004  70.0224   2.1844 13.92367878365135
0 COSMOS 2251 DEB
1 34474U 93036TT  16121.74216006 +.00000300 +00000-0 +19992-3 0  9996
2 34474 074.0813 234.1232 0233977 069.4442 044.4748 13.92368019364853
0 COSMOS 2251 DEB
1 34474U 93036TT  16122.75500584  .00000325  00000-0  21538-3 0  9991
2 34474  74.0813 232.3960 0233892  67.4656  81.4027 13.92368878365329
0 COSMOS 2251 DEB
1 34474U 93036TT  16123.75522666  .00000380  00000-0  24993-3 0  9996
2 34474  74.0813 230.6904 0233810  65.5097  55.0546 13.92370055365453
0 COSMOS 2251 DEB
1 34474U 93036TT  16124.76091615  .00000420  00000-0  27449-3 0  9997
2 34474  74.0813 228.9754 0233729  63.5417  56.1234 13.92371241365598
0 COSMOS 2251 DEB
1 34474U 93036TT  16125.69370902 +.00000380 +00000-0 +25009-3 0  9994
2 34474 074.0813 227.3848 0233653 061.7158 051.7971 13.92371933365400
0 COSMOS 2251 DEB
1 34474U 93036TT  16126.32869259  .00000357  00000-0  23571-3 0  9999
2 34474  74.0813 226.3019 0233602  60.4734 354.6867 13.92372420365815
0 COSMOS 2251 DEB
1 34474U 93036TT  16126.69960581 +.00000348 +00000-0 +22996-3 0  9999
2 34474 074.0813 225.6694 0233571 059.7461 053.9111 13.92372668365544
0 COSMOS 2251 DEB
1 34474U 93036TT  16127.33464789  .00000365  00000-0  24054-3 0  9996
2 34474  74.0813 224.5865 0233520  58.5042 357.0962 13.92373381365958
0 COSMOS 2251 DEB
1 34474U 93036TT  16127.70628502 +.00000363 +00000-0 +23944-3 0  9997
2 34474 074.0813 223.9528 0233487 057.7762 059.9497 13.92373654365683
0 COSMOS 2251 DEB
1 34474U 93036TT  16128.34152560  .00000392  00000-0  25749-3 0  9991
2 34474  74.0813 222.8695 0233444  56.5333   4.1321 13.92374392366094
0 COSMOS 2251 DEB
1 34474U 93036TT  16128.71234997 +.00000394 +00000-0 +25861-3 0  9994
2 34474 074.0813 222.2371 0233418 055.8053 062.9147 13.92374716365829
0 COSMOS 2251 DEB
1 34474U 93036TT  16129.34720939  .00000371  00000-0  24467-3 0  9996
2 34474  74.0814 221.1545 0233367  54.5614   5.1902 13.92375178366230
0 COSMOS 2251 DEB
1 34474U 93036TT  16129.71897638 +.00000458 +00000-0 +29855-3 0  9990
2 34474 074.0814 220.5205 0233345 053.8328 068.7000 13.92376089365961
0 COSMOS 2251 DEB
1 34474U 93036TT  16130.35376324  .00000382  00000-0  25173-3 0  9991
2 34474  74.0814 219.4380 0233297  52.5882  10.6162 13.92376382366376
0 COSMOS 2251 DEB
1 34474U 93036TT  16130.93950381 +.00000479 +00000-0 +31170-3 0  9997
2 34474 074.0815 218.4392 0233262 051.4404 066.6863 13.92377598366132
0 COSMOS 2251 DEB
1 34474U 93036TT  16131.36032797  .00000514  00000-0  33394-3 0  9997
2 34474  74.0815 217.7215 0233221  50.6136  16.1032 13.92378320366510
0 COSMOS 2251 DEB
1 34474U 93036TT  16131.65730684 +.00000485 +00000-0 +31585-3 0  9996
2 34474 074.0816 217.2151 0233201 050.0292 064.7351 13.92378441366236
0 COSMOS 2251 DEB
1 34474U 93036TT  16132.36712659  .00000471  00000-0  30702-3 0  9992
2 34474  74.0816 216.0047 0233155  48.6390  22.7618 13.92379062366653
0 COSMOS 2251 DEB
1 34474U 93036TT  16132.66347718 +.00000451 +00000-0 +29469-3 0  9991
2 34474 074.0815 215.4994 0233143 048.0579 068.2437 13.92379240366377
0 COSMOS 2251 DEB
1 34474U 93036TT  16133.66955100  .00000395  00000-0  25961-3 0  9992
2 34474  74.0816 213.7838 0233083  46.0840  71.2747 13.92379896366834
0 COSMOS 2251 DEB
1 34474U 93036TT  16134.67521821  .00000373  00000-0  24592-3 0  9998
2 34474  74.0815 212.0689 0233029  44.1117  72.2694 13.92380679366973
0 COSMOS 2251 DEB
1 34474U 93036TT  16135.89757150  .00000321  00000-0  21381-3 0  9995
2 34474  74.0814 209.9845 0232965  41.7126  79.4281 13.92381492367147
0 COSMOS 2251 DEB
1 34474U 93036TT  16136.90227002  .00000383  00000-0  25218-3 0  9997
2 34474  74.0814 208.2712 0232911  39.7391  75.5781 13.92382713367288
0 COSMOS 2251 DEB
1 34474U 93036TT  16137.90753741  .00000440  00000-0  28786-3 0  9999
2 34474  74.0813 206.5569 0232866  37.7657  74.5802 13.92383768367420
0 COSMOS 2251 DEB
1 34474U 93036TT  16137.90753741 +.00000440 +00000-0 +28786-3 0  9999
2 34474 074.0813 206.5569 0232866 037.7657 074.5802 13.92383768367105
0 COSMOS 2251 DEB
1 34474U 93036TT  16138.62678029 +.00000483 +00000-0 +31495-3 0  9992
2 34474 074.0813 205.3305 0232839 036.3541 079.8572 13.92384482367204
0 COSMOS 2251 DEB
1 34474U 93036TT  16139.18461400  .00000470  00000-0  30653-3 0  9998
2 34474  74.0813 204.3793 0232817  35.2599 356.0549 13.92384811367605
0 COSMOS 2251 DEB
1 34474U 93036TT  16139.63302604 +.00000454 +00000-0 +29676-3 0  9993
2 34474 074.0812 203.6145 0232805 034.3796 083.7668 13.92385036367340
0 COSMOS 2251 DEB
1 34474U 93036TT  16140.19037150  .00000463  00000-0  30265-3 0  9993
2 34474  74.0812 202.6641 0232786  33.2860 357.5205 13.92385618367747
0 COSMOS 2251 DEB
1 34474U 93036TT  16140.63950994 +.00000448 +00000-0 +29296-3 0  9997
2 34474 074.0812 201.8981 0232771 032.4033 088.8766 13.92385926367481
0 COSMOS 2251 DEB
1 34474U 93036TT  16141.57233079  .00000439  00000-0  28786-3 0  9992
2 34474  74.0812 200.3074 0232734  30.5698  84.7473 13.92386801367936
0 COSMOS 2251 DEB
1 34474U 93036TT  16141.86019970 +.00000439 +00000-0 +28769-3 0  9997
2 34474 074.0811 199.8165 0232727 030.0046 087.7230 13.92387099367655
0 COSMOS 2251 DEB
1 34474U 93036TT  16142.57768789  .00000453  00000-0  29643-3 0  9993
2 34474  74.0811 198.5929 0232710  28.5961  84.2150 13.92387858368072
0 COSMOS 2251 DEB
1 34474U 93036TT  16142.86523416 +.00000454 +00000-0 +29677-3 0  9999
2 34474 074.0811 198.1025 0232706 028.0315 085.5742 13.92388131367792
0 COSMOS 2251 DEB
1 34474U 93036TT  16143.51308025 +.00000446 +00000-0 +29206-3 0  9998
2 34474 074.0811 196.9978 0232691 026.7609 092.9770 13.92388600367883
0 COSMOS 2251 DEB
1 34474U 93036TT  16144.14192723  .00000463  00000-0  30270-3 0  9996
2 34474  74.0811 195.9253 0232680  25.5284   5.1463 13.92389268368294
0 COSMOS 2251 DEB
1 34474U 93036TT  16144.59010053 +.00000470 +00000-0 +30720-3 0  9998
2 34474 074.0811 195.1611 0232668 024.6493 091.6686 13.92389670368038
0 COSMOS 2251 DEB
1 34474U 93036TT  16145.14778867  .00000425  00000-0  27900-3 0  9990
2 34474  74.0810 194.2100 0232656  23.5554   7.1481 13.92389931368432
0 COSMOS 2251 DEB
1 34474U 93036TT  16145.59648792 +.00000405 +00000-0 +26681-3 0  9995
2 34474 074.0810 193.4448 0232651 022.6738 096.3092 13.92390186368170
0 COSMOS 2251 DEB
1 34474U 93036TT  16146.52974797  .00000385  00000-0  25450-3 0  9996
2 34474  74.0809 191.8533 0232641  20.8422  94.3929 13.92390937368625
0 COSMOS 2251 DEB
1 34474U 93036TT  16146.60324551 +.00000404 +00000-0 +26585-3 0  9994
2 34474 074.0810 191.7280 0232641 020.6987 102.8081 13.92391118368311
0 COSMOS 2251 DEB
1 34474U 93036TT  16147.53526156  .00000377  00000-0  24929-3 0  9991
2 34474  74.0809 190.1386 0232644  18.8724  94.6557 13.92391802368765
0 COSMOS 2251 DEB
1 34474U 93036TT  16148.54138591  .00000389  00000-0  25705-3 0  9991
2 34474  74.0808 188.4228 0232635  16.9013  97.9829 13.92392692368901
0 COSMOS 2251 DEB
1 34474U 93036TT  16149.55424334  .00000443  00000-0  29042-3 0  9995
2 34474  74.0807 186.6955 0232628  14.9180 135.0631 13.92393780369053
0 COSMOS 2251 DEB
1 34474U 93036TT  16150.55443279  .00000498  00000-0  32450-3 0  9993
2 34474  74.0806 184.9898 0232631  12.9609 108.6457 13.92394918369187
0 COSMOS 2251 DEB
1 34474U 93036TT  16151.56081332  .00000527  00000-0  34294-3 0  9994
2 34474  74.0806 183.2736 0232645  10.9931 113.2652 13.92396092369321
0 COSMOS 2251 DEB
1 34474U 93036TT  16152.78063836  .00000563  00000-0  36555-3 0  9990
2 34474  74.0806 181.1933 0232654   8.6072 107.8124 13.92397720369497
0 COSMOS 2251 DEB
1 34474U 93036TT  16153.49945672 +.00000593 +00000-0 +38405-3 0  9995
2 34474 074.0806 179.9674 0232648 007.2016 110.9948 13.92398737369274
0 COSMOS 2251 DEB
1 34474U 93036TT  16154.13312502  .00000629  00000-0  40651-3 0  9993
2 34474  74.0806 178.8867 0232651   5.9637  47.3514 13.92399759369686
0 COSMOS 2251 DEB
1 34474U 93036TT  16154.51163282 +.00000661 +00000-0 +42641-3 0  9991
2 34474 074.0806 178.2412 0232655 005.2243 144.6782 13.92400342369416
0 COSMOS 2251 DEB
1 34474U 93036TT  16155.14055817  .00000643  00000-0  41526-3 0  9996
2 34474  74.0806 177.1686 0232657   3.9971  57.2618 13.92401095369820
0 COSMOS 2251 DEB
1 34474U 93036TT  16155.51179515 +.00000709 +00000-0 +45666-3 0  9991
2 34474 074.0805 176.5355 0232657 003.2726 118.1434 13.92401862369551
0 COSMOS 2251 DEB
1 34474U 93036TT  16156.14573873  .00000707  00000-0  45514-3 0  9996
2 34474  74.0805 175.4542 0232654   2.0378  55.8831 13.92402773369969
0 COSMOS 2251 DEB
1 34474U 93036TT  16156.52647199 +.00000729 +00000-0 +46878-3 0  9999
2 34474 074.0804 174.8048 0232660 001.2955 164.3684 13.92403410369692
0 COSMOS 2251 DEB
1 34474U 93036TT  16157.15206560  .00000716  00000-0  46076-3 0  9998
2 34474  74.0804 173.7379 0232668   0.0753  60.2580 13.92404339370106
0 COSMOS 2251 DEB
1 34474U 93036TT  16157.73852117 +.00000696 +00000-0 +44811-3 0  9999
2 34474 074.0805 172.7377 0232675 358.9333 119.9605 13.92405071369866
0 COSMOS 2251 DEB
1 34474U 93036TT  16158.15920060  .00000735  00000-0  47290-3 0  9997
2 34474  74.0805 172.0203 0232679 358.1142  68.6863 13.92406000370244
0 COSMOS 2251 DEB
1 34474U 93036TT  16158.46427400 +.00000742 +00000-0 +47716-3 0  9992
2 34474 074.0805 171.5000 0232686 357.5193 157.9183 13.92406489369965
0 COSMOS 2251 DEB
1 34474U 93036TT  16159.16652633  .00000669  00000-0  43158-3 0  9992
2 34474  74.0805 170.3023 0232686 356.1533  78.0748 13.92407126370387
0 COSMOS 2251 DEB
1 34474U 93036TT  16159.74882126 +.00000698 +00000-0 +44994-3 0  9999
2 34474 074.0805 169.3092 0232693 355.0224 116.9249 13.92408079370144
0 COSMOS 2251 DEB
1 34474U 93036TT  16160.46820603  .00000718  00000-0  46234-3 0  9994
2 34474  74.0805 168.0824 0232699 353.6242 122.9649 13.92409215370563
0 COSMOS 2251 DEB
1 34474U 93036TT  16161.47402116  .00000679  00000-0  43757-3 0  9994
2 34474  74.0805 166.3670 0232717 351.6706 124.7881 13.92410401370700
0 COSMOS 2251 DEB
1 34474U 93036TT  16162.40758361 +.00000666 +00000-0 +42974-3 0  9990
2 34474 074.0805 164.7748 0232734 349.8574 124.4382 13.92411751370510
0 COSMOS 2251 DEB
1 34474U 93036TT  16163.11574821  .00000670  00000-0  43238-3 0  9995
2 34474  74.0805 163.5670 0232738 348.4828  74.2432 13.92412880370930
0 COSMOS 2251 DEB
1 34474U 93036TT  16163.97048433 +.00000690 +00000-0 +44467-3 0  9991
2 34474 074.0806 162.1092 0232740 346.8255 038.7669 13.92414291370736
0 COSMOS 2251 DEB
1 34474U 93036TT  16164.12329154  .00000691  00000-0  44562-3 0  9998
2 34474  74.0806 161.8486 0232743 346.5291  84.7421 13.92414544371075
0 COSMOS 2251 DEB
1 34474U 93036TT  16164.42693546 +.00000712 +00000-0 +45873-3 0  9990
2 34474 074.0806 161.3308 0232744 345.9409 166.8146 13.92415111370793
0 COSMOS 2251 DEB
1 34474U 93036TT  16165.43244159  .00000725  00000-0  46639-3 0  9999
2 34474  74.0808 159.6160 0232737 343.9947 167.1046 13.92416606371264
0 COSMOS 2251 DEB
1 34474U 93036TT  16166.43842422  .00000755  00000-0  48540-3 0  9993
2 34474  74.0809 157.9003 0232745 342.0474 169.7881 13.92418180371406
0 COSMOS 2251 DEB
1 34474U 93036TT  16167.06668578 +.00000758 +00000-0 +48719-3 0  9992
2 34474 074.0809 156.8289 0232747 340.8301 079.0763 13.92419187371160
0 COSMOS 2251 DEB
1 34474U 93036TT  16167.43798791 +.00000768 +00000-0 +49315-3 0  9998
2 34474 074.0810 156.1957 0232702 340.1203 140.2959 13.92419884371210
0 COSMOS 2251 DEB
1 34474U 93036TT  16168.07280473  .00000789  00000-0  50670-3 0  9991
2 34474  74.0810 155.1131 0232707 338.8925  82.4469 13.92421157371627
0 COSMOS 2251 DEB
1 34474U 93036TT  16168.92767737 +.00000773 +00000-0 +49661-3 0  9999
2 34474 074.0811 153.6551 0232695 337.2441 047.6713 13.92422582371425
0 COSMOS 2251 DEB
1 34474U 93036TT  16169.29393668  .00000741  00000-0  47659-3 0  9998
2 34474  74.0811 153.0303 0232688 336.5336  83.6262 13.92422988371790
0 COSMOS 2251 DEB
1 34474U 93036TT  16169.93420828 +.00000717 +00000-0 +46198-3 0  9998
2 34474 074.0812 151.9383 0232671 335.3009 053.1209 13.92423978371560
0 COSMOS 2251 DEB
1 34474U 93036TT  16170.38287104  .00000730  00000-0  46955-3 0  9993
2 34474  74.0813 151.1732 0232660 334.4351 142.1393 13.92424738371949
0 COSMOS 2251 DEB
1 34474U 93036TT  16171.38917078  .00000719  00000-0  46323-3 0  9990
2 34474  74.0813 149.4569 0232640 332.4923 146.4391 13.92426325372083
0 COSMOS 2251 DEB
1 34474U 93036TT  16171.94592402 +.00000685 +00000-0 +44168-3 0  9999
2 34474 074.0814 148.5073 0232622 331.4186 057.2889 13.92427061371846
0 COSMOS 2251 DEB
1 34474U 93036TT  16172.40210075  .00000663  00000-0  42829-3 0  9992
2 34474  74.0813 147.7290 0232602 330.5386 183.9780 13.92427664372237
0 COSMOS 2251 DEB
1 34474U 93036TT  16173.61687650  .00000587  00000-0  38112-3 0  9998
2 34474  74.0814 145.6572 0232564 328.1947 153.3220 13.92429216372393
0 COSMOS 2251 DEB
1 34474U 93036TT  16173.96231657 +.00000570 +00000-0 +37027-3 0  9994
2 34474 074.0814 145.0679 0232547 327.5287 084.9205 13.92429644372124
0 COSMOS 2251 DEB
1 34474U 93036TT  16174.62159999  .00000549  00000-0  35727-3 0  9997
2 34474  74.0814 143.9435 0232530 326.2577 149.7340 13.92430519372539
0 COSMOS 2251 DEB
1 34474U 93036TT  16174.96819706 +.00000543 +00000-0 +35349-3 0  9997
2 34474 074.0814 143.3523 0232510 325.5890 087.1347 13.92430996372260
0 COSMOS 2251 DEB
1 34474U 93036TT  16175.89716466  .00000516  00000-0  33677-3 0  9991
2 34474  74.0815 141.7679 0232465 323.7994  63.8060 13.92432057372712
0 COSMOS 2251 DEB
1 34474U 93036TT  16175.97409644 +.00000517 +00000-0 +33715-3 0  9991
2 34474 074.0815 141.6367 0232459 323.6502 089.4462 13.92432173372407
0 COSMOS 2251 DEB
1 34474U 93036TT  16176.34621330 +.00000529 +00000-0 +34468-3 0  9990
2 34474 074.0815 141.0020 0232447 322.9317 154.7732 13.92432663372455
0 COSMOS 2251 DEB
1 34474U 93036TT  16176.98146532  .00000511  00000-0  33401-3 0  9993
2 34474  74.0815 139.9185 0232412 321.7077  99.1287 13.92433352372863
0 COSMOS 2251 DEB
1 34474U 93036TT  16177.91504292 +.00000476 +00000-0 +31204-3 0  9997
2 34474 074.0816 138.3262 0232364 319.9071 098.9187 13.92434288372676
0 COSMOS 2251 DEB
1 34474U 93036TT  16177.98703939  .00000471  00000-0  30866-3 0  9991
2 34474  74.0816 138.2034 0232360 319.7680  99.8191 13.92434339373002
0 COSMOS 2251 DEB
1 34474U 93036TT  16178.91968917 +.00000448 +00000-0 +29465-3 0  9991
2 34474 074.0817 136.6129 0232315 317.9701 094.9612 13.92435356372816
0 COSMOS 2251 DEB
1 34474U 93036TT  16179.29106933  .00000472  00000-0  30938-3 0  9999
2 34474  74.0818 135.9794 0232293 317.2556 156.5981 13.92435951373189
0 COSMOS 2251 DEB
1 34474U 93036TT  16179.92547603 +.00000420 +00000-0 +27748-3 0  9990
2 34474 074.0818 134.8973 0232250 316.0322 096.7244 13.92436412372951
0 COSMOS 2251 DEB
1 34474U 93036TT  16180.29691725  .00000431  00000-0  28427-3 0  9994
2 34474  74.0819 134.2639 0232241 315.3171 158.6681 13.92436857373327
0 COSMOS 2251 DEB
1 34474U 93036TT  16181.30378124  .00000408  00000-0  26997-3 0  9996
2 34474  74.0820 132.5466 0232178 313.3726 165.8391 13.92437763373461
0 COSMOS 2251 DEB
1 34474U 93036TT  16181.93744494 +.00000399 +00000-0 +26398-3 0  9996
2 34474 074.0820 131.4658 0232135 312.1521 102.2442 13.92438376373233
0 COSMOS 2251 DEB
1 34474U 93036TT  16182.31753586  .00000417  00000-0  27560-3 0  9994
2 34474  74.0822 130.8178 0232115 311.4195 207.5499 13.92438818373616
0 COSMOS 2251 DEB
1 34474U 93036TT  16182.94499659 +.00000394 +00000-0 +26103-3 0  9997
2 34474 074.0822 129.7477 0232073 310.2088 112.8655 13.92439355373378
0 COSMOS 2251 DEB
1 34474U 93036TT  16183.95028624  .00000362  00000-0  24132-3 0  9994
2 34474  74.0822 128.0331 0232003 308.2683 112.1523 13.92440157373830
0 COSMOS 2251 DEB
1 34474U 93036TT  16183.95028624 +.00000362 +00000-0 +24132-3 0  9994
2 34474 074.0822 128.0331 0232003 308.2683 112.1523 13.92440157373515
0 COSMOS 2251 DEB
1 34474U 93036TT  16184.53730589 +.00000356 +00000-0 +23775-3 0  9994
2 34474 074.0822 127.0319 0231957 307.1360 174.7474 13.92440631373591
0 COSMOS 2251 DEB
1 34474U 93036TT  16184.95692153  .00000356  00000-0  23773-3 0  9992
2 34474  74.0823 126.3163 0231929 306.3245 118.1883 13.92441061373979
0 COSMOS 2251 DEB
1 34474U 93036TT  16185.88861241 +.00000359 +00000-0 +23945-3 0  9995
2 34474 074.0823 124.7273 0231857 304.5207 108.5525 13.92441895373781
0 COSMOS 2251 DEB
1 34474U 93036TT  16186.26077977  .00000348  00000-0  23246-3 0  9995
2 34474  74.0823 124.0926 0231828 303.8024 174.1450 13.92442111374156
0 COSMOS 2251 DEB
1 34474U 93036TT  16186.89459711 +.00000337 +00000-0 +22561-3 0  9991
2 34474 074.0823 123.0116 0231774 302.5775 111.3332 13.92442550373928
0 COSMOS 2251 DEB
1 34474U 93036TT  16187.26706834  .00000352  00000-0  23519-3 0  9995
2 34474  74.0823 122.3763 0231745 301.8574 178.4510 13.92442884374298
0 COSMOS 2251 DEB
1 34474U 93036TT  16187.90215362 +.00000340 +00000-0 +22744-3 0  9993
2 34474 074.0823 121.2931 0231687 300.6315 121.9953 13.92443301374062
0 COSMOS 2251 DEB
1 34474U 93036TT  16188.27326012  .00000348  00000-0  23300-3 0  9996
2 34474  74.0823 120.6601 0231665 299.9135 182.2729 13.92443576374431
0 COSMOS 2251 DEB
1 34474U 93036TT  16188.83686634 +.00000343 +00000-0 +22963-3 0  9996
2 34474 074.0823 119.6988 0231617 298.8237 127.5116 13.92443996374196
0 COSMOS 2251 DEB
1 34474U 93036TT  16189.27969118  .00000394  00000-0  26173-3 0  9999
2 34474  74.0823 118.9435 0231572 297.9674 187.3006 13.92444670374585
0 COSMOS 2251 DEB
1 34474U 93036TT  16189.91443921 +.00000416 +00000-0 +27550-3 0  9994
2 34474 074.0823 117.8609 0231520 296.7385 129.1638 13.92445441374341
0 COSMOS 2251 DEB
1 34474U 93036TT  16190.49970174  .00000389  00000-0  25828-3 0  9999
2 34474  74.0823 116.8627 0231483 295.6061 182.9641 13.92445725374747
0 COSMOS 2251 DEB
1 34474U 93036TT  16190.84590447 +.00000392 +00000-0 +26040-3 0  9990
2 34474 074.0823 116.2722 0231452 294.9353 118.4094 13.92446071374470
0 COSMOS 2251 DEB
1 34474U 93036TT  16191.50624109  .00000455  00000-0  29993-3 0  9997
2 34474  74.0824 115.1461 0231394 293.6577 188.5451 13.92447029374882
0 COSMOS 2251 DEB
1 34474U 93036TT  16191.77462909 +.00000464 +00000-0 +30543-3 0  9997
2 34474 074.0824 114.6883 0231369 293.1378 093.9217 13.92447348374603
0 COSMOS 2251 DEB
1 34474U 93036TT  16192.78058881  .00000496  00000-0  32517-3 0  9997
2 34474  74.0823 112.9725 0231270 291.1878  96.6045 13.92448483375063
0 COSMOS 2251 DEB
1 34474U 93036TT  16193.23757727 +.00000526 +00000-0 +34394-3 0  9992
2 34474 074.0824 112.1931 0231235 290.3030 227.4000 13.92449087374804
0 COSMOS 2251 DEB
1 34474U 93036TT  16196.18222840  .00000517  00000-0  33864-3 0  9993
2 34474  74.0825 107.1709 0230968 284.5934 228.4039 13.92452525375548
0 COSMOS 2251 DEB
1 34474U 93036TT  16197.18932250  .00000549  00000-0  35846-3 0  9994
2 34474  74.0825 105.4532 0230881 282.6420 236.7907 13.92453836375683
0 COSMOS 2251 DEB
1 34474U 93036TT  16197.73774791 +.00000569 +00000-0 +37130-3 0  9999
2 34474 074.0825 104.5178 0230827 281.5774 105.9557 13.92454589375436
0 COSMOS 2251 DEB
1 34474U 93036TT  16198.19432024  .00000548  00000-0  35835-3 0  9997
2 34474  74.0825 103.7391 0230784 280.6905 234.6785 13.92455002375829
0 COSMOS 2251 DEB
1 34474U 93036TT  16198.82262161 +.00000551 +00000-0 +35985-3 0  9990
2 34474 074.0825 102.6675 0230719 279.4689 144.2529 13.92455753375583
0 COSMOS 2251 DEB
1 34474U 93036TT  16199.82805282 +.00000457 +00000-0 +30109-3 0  9996
2 34474 074.0825 100.9526 0230626 277.5143 144.3177 13.92456154376048
0 COSMOS 2251 DEB
1 34474U 93036TT  16200.83584940  .00000504  00000-0  33044-3 0  9999
2 34474  74.0824  99.2337 0230529 275.5536 156.2505 13.92457638376183
0 COSMOS 2251 DEB
1 34474U 93036TT  16201.76630896 +.00000456 +00000-0 +30069-3 0  9994
2 34474 074.0824 097.6468 0230457 273.7433 140.5041 13.92458275375993
0 COSMOS 2251 DEB
1 34474U 93036TT  16202.13915995  .00000428  00000-0  28298-3 0  9992
2 34474  74.0824  97.0109 0230433 273.0199 209.5498 13.92458519376360
0 COSMOS 2251 DEB
1 34474U 93036TT  16202.77225027 +.00000544 +00000-0 +35590-3 0  9994
2 34474 074.0824 095.9310 0230374 271.7882 143.1413 13.92459874376139
0 COSMOS 2251 DEB
1 34474U 93036TT  16203.78098502  .00000490  00000-0  32211-3 0  9999
2 34474  74.0824  94.2105 0230283 269.8234 159.7868 13.92460534376593
0 COSMOS 2251 DEB
1 34474U 93036TT  16204.78606133  .00000468  00000-0  30864-3 0  9992
2 34474  74.0824  92.4963 0230195 267.8653 158.0983 13.92461444376737
0 COSMOS 2251 DEB
1 34474U 93036TT  16205.71788133 +.00000445 +00000-0 +29415-3 0  9992
2 34474 074.0824 090.9069 0230115 266.0484 149.1907 13.92462295376543
0 COSMOS 2251 DEB
1 34474U 93036TT  16206.16334565  .00000429  00000-0  28398-3 0  9999
2 34474  74.0824  90.1471 0230083 265.1805 222.2453 13.92462624376931
0 COSMOS 2251 DEB
1 34474U 93036TT  16207.72945529  .00000464  00000-0  30604-3 0  9992
2 34474  74.0824  87.4758 0229963 262.1249 152.9611 13.92464457377147
0 COSMOS 2251 DEB
1 34474U 93036TT  16208.73547860  .00000411  00000-0  27285-3 0  9993
2 34474  74.0823  85.7599 0229890 260.1613 156.0348 13.92464986377286
0 COSMOS 2251 DEB
1 34474U 93036TT  16209.67148207 +.00000407 +00000-0 +27017-3 0  9997
2 34474 074.0823 084.1633 0229829 258.3373 168.1079 13.92465747377092
0 COSMOS 2251 DEB
1 34474U 93036TT  16210.11464501  .00000428  00000-0  28350-3 0  9990
2 34474  74.0822  83.4074 0229799 257.4712 229.6337 13.92466182377482
0 COSMOS 2251 DEB
1 34474U 93036TT  16210.67641450 +.00000402 +00000-0 +26745-3 0  9999
2 34474 074.0822 082.4492 0229762 256.3729 165.7223 13.92466530377235
0 COSMOS 2251 DEB
1 34474U 93036TT  16211.33544073  .00000386  00000-0  25700-3 0  9997
2 34474  74.0822  81.3251 0229721 255.0897 229.3435 13.92466932377646
0 COSMOS 2251 DEB
1 34474U 93036TT  16211.75591895 +.00000407 +00000-0 +27036-3 0  9995
2 34474 074.0822 080.6079 0229702 254.2684 177.1559 13.92467437377389
0 COSMOS 2251 DEB
1 34474U 93036TT  16212.68665059  .00000415  00000-0  27526-3 0  9995
2 34474  74.0821  79.0203 0229649 252.4502 162.8149 13.92468241377838
0 COSMOS 2251 DEB
1 34474U 93036TT  16213.69263532  .00000426  00000-0  28208-3 0  9997
2 34474  74.0821  77.3043 0229599 250.4837 165.7128 13.92469023377977
0 COSMOS 2251 DEB
1 34474U 93036TT  16214.07170072 +.00000438 +00000-0 +28952-3 0  9995
2 34474 074.0821 076.6577 0229583 249.7428 265.9294 13.92469355377707
0 COSMOS 2251 DEB
1 34474U 93036TT  16215.07065237  .00000484  00000-0  31834-3 0  9996
2 34474  74.0820  74.9538 0229539 247.7900 233.5764 13.92470414378160
0 COSMOS 2251 DEB
1 34474U 93036TT  16215.70697557 +.00000486 +00000-0 +31965-3 0  9999
2 34474 074.0821 073.8683 0229509 246.5450 183.4053 13.92470997377938
0 COSMOS 2251 DEB
1 34474U 93036TT  16216.07729248  .00000545  00000-0  35699-3 0  9997
2 34474  74.0821  73.2366 0229498 245.8217 239.7689 13.92471632378310
0 COSMOS 2251 DEB
1 34474U 93036TT  16216.71232637 +.00000505 +00000-0 +33198-3 0  9997
2 34474 074.0820 072.1535 0229477 244.5784 183.1381 13.92472056378072
0 COSMOS 2251 DEB
1 34474U 93036TT  16217.29778160  .00000555  00000-0  36318-3 0  9999
2 34474  74.0820  71.1549 0229462 243.4361 237.9713 13.92472894378470
0 COSMOS 2251 DEB
1 34474U 93036TT  16218.57235102  .00000564  00000-0  36882-3 0  9991
2 34474  74.0820  68.9809 0229426 240.9433 147.2812 13.92474260378657
0 COSMOS 2251 DEB
1 34474U 93036TT  16219.65585334  .00000598  00000-0  38976-3 0  9999
2 34474  74.0821  67.1328 0229401 238.8249 178.7920 13.92475581378802
0 COSMOS 2251 DEB
1 34474U 93036TT  16220.66356176  .00000602  00000-0  39246-3 0  9999
2 34474  74.0821  65.4139 0229387 236.8565 190.3567 13.92476735378949
0 COSMOS 2251 DEB
1 34474U 93036TT  16220.96210663 +.00000607 +00000-0 +39553-3 0  9998
2 34474 074.0821 064.9047 0229386 236.2736 246.9403 13.92477113378661
0 COSMOS 2251 DEB
1 34474U 93036TT  16221.66960845  .00000627  00000-0  40795-3 0  9992
2 34474  74.0821  63.6978 0229380 234.8926 193.5956 13.92478103379086
0 COSMOS 2251 DEB
1 34474U 93036TT  16221.96769185 +.00000641 +00000-0 +41698-3 0  9998
2 34474 074.0821 063.1892 0229383 234.3104 247.8679 13.92478566378809
0 COSMOS 2251 DEB
1 34474U 93036TT  16222.88985161  .00000668  00000-0  43376-3 0  9998
2 34474  74.0822  61.6162 0229386 232.5107 190.5922 13.92479851379252
0 COSMOS 2251 DEB
1 34474U 93036TT  16223.60953090 +.00000721 +00000-0 +46659-3 0  9992
2 34474 074.0821 060.3885 0229382 231.1058 198.2991 13.92481054379030
0 COSMOS 2251 DEB
1 34474U 93036TT  16223.98550355  .00000722  00000-0  46748-3 0  9990
2 34474  74.0822  59.7472 0229383 230.3735 283.0254 13.92481511379414
0 COSMOS 2251 DEB
1 34474U 93036TT  16224.61295640 +.00000726 +00000-0 +47010-3 0  9991
2 34474 074.0821 058.6769 0229384 229.1479 188.4105 13.92482324379171
0 COSMOS 2251 DEB
1 34474U 93036TT  16225.54117082 +.00000793 +00000-0 +51186-3 0  9990
2 34474 074.0821 057.0936 0229390 227.3376 161.4981 13.92483934379624
0 COSMOS 2251 DEB
1 34474U 93036TT  16226.55414078  .00000783  00000-0  50564-3 0  9995
2 34474  74.0821  55.3658 0229409 225.3619 199.4641 13.92485207379769
0 COSMOS 2251 DEB
1 34474U 93036TT  16226.92429492 +.00000789 +00000-0 +50893-3 0  9993
2 34474 074.0821 054.7343 0229416 224.6416 255.0284 13.92485769379493
0 COSMOS 2251 DEB
1 34474U 93036TT  16227.55835331  .00000755  00000-0  48755-3 0  9993
2 34474  74.0822  53.6527 0229422 223.4071 193.5331 13.92486535379904
0 COSMOS 2251 DEB
1 34474U 93036TT  16227.93014829 +.00000781 +00000-0 +50389-3 0  9991
2 34474 074.0822 053.0185 0229430 222.6841 257.3241 13.92487216379639
0 COSMOS 2251 DEB
1 34474U 93036TT  16228.56415240  .00000765  00000-0  49373-3 0  9996
2 34474  74.0822  51.9371 0229452 221.4473 195.5621 13.92488050380044
0 COSMOS 2251 DEB
1 34474U 93036TT  16228.94296052 +.00000767 +00000-0 +49546-3 0  9990
2 34474 074.0823 051.2909 0229465 220.7097 294.5122 13.92488596379772
0 COSMOS 2251 DEB
1 34474U 93036TT  16229.57005319  .00000745  00000-0  48131-3 0  9999
2 34474  74.0823  50.2212 0229490 219.4858 198.1072 13.92489377380184
0 COSMOS 2251 DEB
1 34474U 93036TT  16229.95066573 +.00000767 +00000-0 +49524-3 0  9991
2 34474 074.0824 049.5720 0229509 218.7447 306.1050 13.92490042379914
0 COSMOS 2251 DEB
1 34474U 93036TT  16230.57881647  .00000716  00000-0  46283-3 0  9991
2 34474  74.0824  48.5005 0229530 217.5220 215.0044 13.92490695380321
0 COSMOS 2251 DEB
1 34474U 93036TT  16230.94833610 +.00000723 +00000-0 +46717-3 0  9999
2 34474 074.0824 047.8702 0229540 216.8052 267.3921 13.92491204380054
0 COSMOS 2251 DEB
1 34474U 93036TT  16231.58439628  .00000702  00000-0  45431-3 0  9990
2 34474  74.0824  46.7853 0229570 215.5676 215.9440 13.92492035380463
0 COSMOS 2251 DEB
1 34474U 93036TT  16231.95446362 +.00000715 +00000-0 +46225-3 0  9990
2 34474 074.0825 046.1541 0229596 214.8475 271.0824 13.92492636380195
0 COSMOS 2251 DEB
1 34474U 93036TT  16232.88781277  .00000703  00000-0  45496-3 0  9996
2 34474  74.0825  44.5620 0229624 213.0370 269.9358 13.92493937380645
0 COSMOS 2251 DEB
1 34474U 93036TT  16233.89956412  .00000719  00000-0  46463-3 0  9995
2 34474  74.0825  42.8362 0229665 211.0760 301.8199 13.92495448380799
0 COSMOS 2251 DEB
1 34474U 93036TT  16234.89937845 +.00000714 +00000-0 +46131-3 0  9992
2 34474 074.0826 041.1307 0229687 209.1383 273.8685 13.92496791380604
0 COSMOS 2251 DEB
1 34474U 93036TT  16235.45553892  .00000710  00000-0  45918-3 0  9999
2 34474  74.0826  40.1820 0229705 208.0597 181.8924 13.92497545381006
0 COSMOS 2251 DEB
1 34474U 93036TT  16235.91152594 +.00000715 +00000-0 +46194-3 0  9996
2 34474 074.0827 039.4042 0229726 207.1775 307.7471 13.92498165380740
0 COSMOS 2251 DEB
1 34474U 93036TT  16236.12033831 +.00000699 +00000-0 +45192-3 0  9990
2 34474 074.0827 039.0479 0229713 206.7738 274.5189 13.92498316380778
0 COSMOS 2251 DEB
1 34474U 93036TT  16237.47393013  .00000743  00000-0  47963-3 0  9998
2 34474  74.0828  36.7390 0229763 204.1550 220.0606 13.92500556381281
0 COSMOS 2251 DEB
1 34474U 93036TT  16238.47850932  .00000695  00000-0  44922-3 0  9995
2 34474  74.0829  35.0255 0229793 202.2151 216.0058 13.92501660381422
0 COSMOS 2251 DEB
1 34474U 93036TT  16238.85153392 +.00000710 +00000-0 +45859-3 0  9991
2 34474 074.0829 034.3892 0229804 201.4954 285.9758 13.92502269381154
0 COSMOS 2251 DEB
1 34474U 93036TT  16239.48638817  .00000718  00000-0  46370-3 0  9998
2 34474  74.0830  33.3064 0229834 200.2686 228.4998 13.92503287381562
0 COSMOS 2251 DEB
1 34474U 93036TT  16239.86266846 +.00000707 +00000-0 +45694-3 0  9995
2 34474 074.0829 032.6646 0229843 199.5434 314.7914 13.92503748381298
0 COSMOS 2251 DEB
1 34474U 93036TT  16240.49007786  .00000728  00000-0  46995-3 0  9990
2 34474  74.0830  31.5945 0229856 198.3309 219.9972 13.92504788381703
0 COSMOS 2251 DEB
1 34474U 93036TT  16240.86852027 +.00000731 +00000-0 +47183-3 0  9991
2 34474 074.0830 030.9490 0229865 197.6013 317.1302 13.92505362381432
0 COSMOS 2251 DEB
1 34474U 93036TT  16241.49784279  .00000763  00000-0  49150-3 0  9995
2 34474  74.0831  29.8756 0229889 196.3871 231.9285 13.92506506381848
0 COSMOS 2251 DEB
1 34474U 93036TT  16241.87439536 +.00000768 +00000-0 +49447-3 0  9994
2 34474 074.0831 029.2333 0229900 195.6625 319.5888 13.92507128381579
0 COSMOS 2251 DEB
1 34474U 93036TT  16242.42455392 +.00000822 +00000-0 +52854-3 0  9991
2 34474 074.0832 028.2949 0229915 194.6004 197.5406 13.92508245381658
0 COSMOS 2251 DEB
1 34474U 93036TT  16243.81378050  .00000767  00000-0  49380-3 0  9998
2 34474  74.0833  25.9254 0229941 191.9275 321.7503 13.92510063382179
0 COSMOS 2251 DEB
1 34474U 93036TT  16244.89380324  .00000819  00000-0  52618-3 0  9990
2 34474  74.0834  24.0832 0229948 189.8496 335.9264 13.92512094382324
0 COSMOS 2251 DEB
1 34474U 93036TT  16245.82720086 +.00000868 +00000-0 +55673-3 0  9995
2 34474 074.0834 022.4912 0229964 188.0537 335.0736 13.92513876382122
0 COSMOS 2251 DEB
1 34474U 93036TT  16246.45306341  .00000981  00000-0  62748-3 0  9996
2 34474  74.0836  21.4237 0229973 186.8475 232.5462 13.92515650382534
0 COSMOS 2251 DEB
1 34474U 93036TT  16247.83155675  .00000948  00000-0  60654-3 0  9998
2 34474  74.0835  19.0724 0229970 184.1991 302.9821 13.92517848382732
0 COSMOS 2251 DEB
1 34474U 93036TT  16248.76497448 +.00000931 +00000-0 +59616-3 0  9996
2 34474 074.0837 017.4804 0229973 182.4033 302.2491 13.92519510382538
0 COSMOS 2251 DEB
1 34474U 93036TT  16249.47436591  .00000912  00000-0  58416-3 0  9993
2 34474  74.0837  16.2705 0229979 181.0423 258.4625 13.92520810382951
0 COSMOS 2251 DEB
1 34474U 93036TT  16249.77052771 +.00000892 +00000-0 +57141-3 0  9991
2 34474 074.0837 015.7653 0229974 180.4723 303.1381 13.92521233382674
0 COSMOS 2251 DEB
1 34474U 93036TT  16250.78190258  .00000839  00000-0  53876-3 0  9999
2 34474  74.0838  14.0403 0229967 178.5314 333.2167 13.92522899383144
0 COSMOS 2251 DEB
1 34474U 93036TT  16251.78804944  .00000781  00000-0  50222-3 0  9992
2 34474  74.0838  12.3243 0229955 176.6000 337.0940 13.92524476383284
0 COSMOS 2251 DEB
1 34474U 93036TT  16252.41799513 +.00000809 +00000-0 +51950-3 0  9998
2 34474 074.0839 011.2498 0229944 175.3887 255.0569 13.92525822383048
0 COSMOS 2251 DEB
1 34474U 93036TT  16253.42283845  .00000788  00000-0  50659-3 0  9997
2 34474  74.0839   9.5360 0229914 173.4597 252.4097 13.92527520383505
0 COSMOS 2251 DEB
1 34474U 93036TT  16255.28344640  .00000743  00000-0  47823-3 0  9994
2 34474  74.0840   6.3626 0229838 169.8891 219.7874 13.92530473383766
0 COSMOS 2251 DEB
1 34474U 93036TT  16255.73880392 +.00000720 +00000-0 +46427-3 0  9997
2 34474 074.0840 005.5859 0229813 169.0156 342.5331 13.92531042383502
0 COSMOS 2251 DEB
1 34474U 93036TT  16256.36687747  .00000701  00000-0  45214-3 0  9998
2 34474  74.0840   4.5147 0229787 167.8085 251.1230 13.92531901383910
0 COSMOS 2251 DEB
1 34474U 93036TT  16256.74489113 +.00000702 +00000-0 +45304-3 0  9998
2 34474 074.0841 003.8700 0229769 167.0811 346.1426 13.92532497383640
0 COSMOS 2251 DEB
1 34474U 93036TT  16257.37497053  .00000663  00000-0  42864-3 0  9994
2 34474  74.0840   2.7954 0229742 165.8699 264.7925 13.92533284384059
0 COSMOS 2251 DEB
1 34474U 93036TT  16257.75051758 +.00000661 +00000-0 +42689-3 0  9997
2 34474 074.0841 002.1548 0229714 165.1529 347.4426 13.92533820383787
0 COSMOS 2251 DEB
1 34474U 93036TT  16258.37994921  .00000620  00000-0  40174-3 0  9996
2 34474  74.0841   1.0812 0229681 163.9439 262.8468 13.92534532384191
0 COSMOS 2251 DEB
1 34474U 93036TT  16259.38643513  .00000623  00000-0  40317-3 0  9998
2 34474  74.0840 359.3646 0229616 162.0120 268.4658 13.92536046384330
0 COSMOS 2251 DEB
1 34474U 93036TT  16260.39198266  .00000612  00000-0  39637-3 0  9992
2 34474  74.0840 357.6495 0229546 160.0809 269.3871 13.92537479384470
0 COSMOS 2251 DEB
1 34474U 93036TT  16261.70165339  .00000599  00000-0  38868-3 0  9992
2 34474  74.0840 355.4157 0229453 157.5630 354.9205 13.92539203384661
0 COSMOS 2251 DEB
1 34474U 93036TT  16262.70169088  .00000583  00000-0  37846-3 0  9996
2 34474  74.0840 353.7101 0229385 155.6384 328.2334 13.92540456384793
0 COSMOS 2251 DEB
1 34474U 93036TT  16263.71326449  .00000604  00000-0  39147-3 0  9994
2 34474  74.0840 351.9846 0229306 153.6956 359.3801 13.92541951384947
0 COSMOS 2251 DEB
1 34474U 93036TT  16264.34237538 +.00000663 +00000-0 +42873-3 0  9999
2 34474 074.0840 350.9116 0229254 152.4842 273.1996 13.92543227384709
0 COSMOS 2251 DEB
1 34474U 93036TT  16265.27488209  .00000588  00000-0  38136-3 0  9998
2 34474  74.0840 349.3212 0229169 150.6918 267.9817 13.92544062385158
0 COSMOS 2251 DEB
1 34474U 93036TT  16266.28057387  .00000555  00000-0  36122-3 0  9996
2 34474  74.0840 347.6059 0229068 148.7548 269.6594 13.92545235385292
0 COSMOS 2251 DEB
1 34474U 93036TT  16267.65877909  .00000518  00000-0  33805-3 0  9992
2 34474  74.0839 345.2553 0228932 146.0969 338.8108 13.92546758385482
0 COSMOS 2251 DEB
1 34474U 93036TT  16267.65877909 +.00000518 +00000-0 +33805-3 0  9992
2 34474 074.0839 345.2553 0228932 146.0969 338.8108 13.92546758385167
0 COSMOS 2251 DEB
1 34474U 93036TT  16268.66987441  .00000489  00000-0  31985-3 0  9991
2 34474  74.0837 343.5307 0228838 144.1487   7.5863 13.92547724385636
0 COSMOS 2251 DEB
1 34474U 93036TT  16269.67589573  .00000480  00000-0  31408-3 0  9998
2 34474  74.0837 341.8150 0228737 142.2053  10.9353 13.92548851385778
0 COSMOS 2251 DEB
1 34474U 93036TT  16270.60368196 +.00000466 +00000-0 +30513-3 0  9999
2 34474 074.0837 340.2325 0228638 140.4135 342.0824 13.92549850385576
0 COSMOS 2251 DEB
1 34474U 93036TT  16271.61480373  .00000553  00000-0  36001-3 0  9998
2 34474  74.0837 338.5079 0228531 138.4583  11.0115 13.92551494386044
0 COSMOS 2251 DEB
1 34474U 93036TT  16272.24515774 +.00000554 +00000-0 +36060-3 0  9998
2 34474 074.0836 337.4327 0228468 137.2385 291.0878 13.92552189385804
0 COSMOS 2251 DEB
1 34474U 93036TT  16273.17183112  .00000582  00000-0  37812-3 0  9995
2 34474  74.0836 335.8521 0228368 135.4448 256.6708 13.92553425386254
0 COSMOS 2251 DEB
1 34474U 93036TT  16273.62754060 +.00000598 +00000-0 +38835-3 0  9994
2 34474 074.0836 335.0749 0228312 134.5625 021.2262 13.92553987385998
0 COSMOS 2251 DEB
1 34474U 93036TT  16274.17782457  .00000603  00000-0  39149-3 0  9992
2 34474  74.0835 334.1363 0228255 133.4963 259.9051 13.92554757386395
0 COSMOS 2251 DEB
1 34474U 93036TT  16274.55462610 +.00000584 +00000-0 +37921-3 0  9994
2 34474 074.0834 333.4935 0228217 132.7684 348.8801 13.92555022386129
0 COSMOS 2251 DEB
1 34474U 93036TT  16275.55971418  .00000547  00000-0  35625-3 0  9994
2 34474  74.0833 331.7792 0228096 130.8183 347.5851 13.92556107386584
0 COSMOS 2251 DEB
1 34474U 93036TT  16276.56619578  .00000486  00000-0  31817-3 0  9993
2 34474  74.0832 330.0625 0227976 128.8641 353.2810 13.92557025386727
0 COSMOS 2251 DEB
1 34474U 93036TT  16277.57736644  .00000464  00000-0  30452-3 0  9999
2 34474  74.0831 328.3378 0227860 126.8996  22.4898 13.92558126386874
0 COSMOS 2251 DEB
1 34474U 93036TT  16278.58382223  .00000474  00000-0  31096-3 0  9997
2 34474  74.0830 326.6212 0227755 124.9432  28.0677 13.92559356387018
0 COSMOS 2251 DEB
1 34474U 93036TT  16279.58914546  .00000478  00000-0  31348-3 0  9991
2 34474  74.0827 324.9063 0227662 122.9890  27.9709 13.92560459387157
0 COSMOS 2251 DEB
1 34474U 93036TT  16280.59530751  .00000484  00000-0  31719-3 0  9995
2 34474  74.0826 323.1901 0227545 121.0269  32.0901 13.92561617387291
0 COSMOS 2251 DEB
1 34474U 93036TT  16281.53055907 +.00000534 +00000-0 +34826-3 0  9993
2 34474 074.0826 321.5949 0227446 119.2024 040.7237 13.92562969387090
0 COSMOS 2251 DEB
1 34474U 93036TT  16282.15665130  .00000532  00000-0  34719-3 0  9996
2 34474  74.0824 320.5268 0227388 117.9814 299.4712 13.92563704387503
0 COSMOS 2251 DEB
1 34474U 93036TT  16282.53432738 +.00000546 +00000-0 +35599-3 0  9996
2 34474 074.0824 319.8826 0227350 117.2436 032.8520 13.92564181387232
0 COSMOS 2251 DEB
1 34474U 93036TT  16283.23858307  .00000561  00000-0  36515-3 0  9994
2 34474  74.0823 318.6813 0227287 115.8685 323.4560 13.92565078387658
0 COSMOS 2251 DEB
1 34474U 93036TT  16283.53414664 +.00000567 +00000-0 +36925-3 0  9992
2 34474 074.0824 318.1774 0227243 115.2926 005.1864 13.92565400387373
0 COSMOS 2251 DEB
1 34474U 93036TT  16284.54573755  .00000649  00000-0  42090-3 0  9992
2 34474  74.0823 316.4517 0227145 113.3120  36.5470 13.92567019387845
0 COSMOS 2251 DEB
1 34474U 93036TT  16285.55181650  .00000679  00000-0  43946-3 0  9997
2 34474  74.0823 314.7358 0227054 111.3408  40.2805 13.92568374387989
0 COSMOS 2251 DEB
1 34474U 93036TT  16286.55801096  .00000699  00000-0  45247-3 0  9999
2 34474  74.0822 313.0194 0226957 109.3704  44.5972 13.92569758388121
0 COSMOS 2251 DEB
1 34474U 93036TT  16287.56557601  .00000781  00000-0  50389-3 0  9996
2 34474  74.0821 311.3006 0226863 107.3951  55.7939 13.92571626388260
0 COSMOS 2251 DEB
1 34474U 93036TT  16288.49691334 +.00000946 +00000-0 +60729-3 0  9993
2 34474 074.0820 309.7119 0226786 105.5670 044.8526 13.92574174388067
0 COSMOS 2251 DEB
1 34474U 93036TT  16289.12492998  .00000899  00000-0  57766-3 0  9993
2 34474  74.0820 308.6407 0226753 104.3333 313.2807 13.92574980388477
0 COSMOS 2251 DEB
1 34474U 93036TT  16289.50267704 +.00000847 +00000-0 +54506-3 0  9992
2 34474 074.0820 307.9963 0226723 103.5910 047.0357 13.92575257388206
0 COSMOS 2251 DEB
1 34474U 93036TT  16290.13194963  .00000877  00000-0  56401-3 0  9998
2 34474  74.0819 306.9228 0226687 102.3551 321.7654 13.92576594388616
0 COSMOS 2251 DEB
1 34474U 93036TT  16290.50839454 +.00000881 +00000-0 +56692-3 0  9997
2 34474 074.0819 306.2807 0226661 101.6142 048.9970 13.92577257388348
0 COSMOS 2251 DEB
1 34474U 93036TT  16291.13740405  .00000866  00000-0  55753-3 0  9994
2 34474  74.0819 305.2077 0226629 100.3779 322.4126 13.92578387388755
0 COSMOS 2251 DEB
1 34474U 93036TT  16291.43725568 +.00000906 +00000-0 +58223-3 0  9990
2 34474 074.0818 304.6962 0226604 099.7871 025.6620 13.92579151388477
0 COSMOS 2251 DEB
1 34474U 93036TT  16292.14363069  .00000856  00000-0  55139-3 0  9990
2 34474  74.0817 303.4913 0226569  98.3971 326.9403 13.92580276388897
0 COSMOS 2251 DEB
1 34474U 93036TT  16292.52172156 +.00000828 +00000-0 +53322-3 0  9998
2 34474 074.0817 302.8462 0226562 097.6554 062.4268 13.92580842388622
0 COSMOS 2251 DEB
1 34474U 93036TT  16293.14996666  .00000778  00000-0  50194-3 0  9995
2 34474  74.0816 301.7745 0226540  96.4211 332.0168 13.92581732389036
0 COSMOS 2251 DEB
1 34474U 93036TT  16293.44752806 +.00000780 +00000-0 +50318-3 0  9995
2 34474 074.0817 301.2670 0226532 095.8320 023.7911 13.92582283388754
0 COSMOS 2251 DEB
1 34474U 93036TT  16294.37065081  .00000754  00000-0  48710-3 0  9994
2 34474  74.0817 299.6923 0226520  94.0208 331.6983 13.92583692389204
0 COSMOS 2251 DEB
1 34474U 93036TT  16294.45941295 +.00000753 +00000-0 +48621-3 0  9993
2 34474 074.0817 299.5409 0226518 093.8457 056.6923 13.92583835388893
0 COSMOS 2251 DEB
1 34474U 93036TT  16295.46511094  .00000748  00000-0  48352-3 0  9990
2 34474  74.0815 297.8250 0226507  91.8726  58.5808 13.92585340389360
0 COSMOS 2251 DEB
1 34474U 93036TT  16296.39270394 +.00000807 +00000-0 +52038-3 0  9990
2 34474 074.0815 296.2427 0226493 090.0431 028.9176 13.92586991389167
0 COSMOS 2251 DEB
1 34474U 93036TT  16297.10092222  .00000838  00000-0  53966-3 0  9997
2 34474  74.0815 295.0346 0226493  88.6465 339.4597 13.92588326389581
0 COSMOS 2251 DEB
1 34474U 93036TT  16297.95389102 +.00000882 +00000-0 +56728-3 0  9994
2 34474 074.0815 293.5794 0226492 086.9656 295.6878 13.92589917389383
0 COSMOS 2251 DEB
1 34474U 93036TT  16298.10845759  .00000879  00000-0  56563-3 0  9990
2 34474  74.0815 293.3157 0226491  86.6630 350.5821 13.92590162389723
0 COSMOS 2251 DEB
1 34474U 93036TT  16300.12069780  .00001056  00000-0  67661-3 0  9997
2 34474  74.0815 289.8831 0226541  82.6946 358.6641 13.92594513390000
0 COSMOS 2251 DEB
1 34474U 93036TT  16300.97293328 +.00001082 +00000-0 +69322-3 0  9992
2 34474 074.0815 288.4292 0226567 081.0176 311.2308 13.92596158389800
0 COSMOS 2251 DEB
1 34474U 93036TT  16301.12592123  .00001078  00000-0  69038-3 0  9994
2 34474  74.0815 288.1683 0226576  80.7159 358.2162 13.92596402390148
0 COSMOS 2251 DEB
1 34474U 93036TT  16301.42745494 +.00001101 +00000-0 +70475-3 0  9992
2 34474 074.0815 287.6539 0226579 080.1263 069.9120 13.92597054389866
0 COSMOS 2251 DEB
1 34474U 93036TT  16302.43382671  .00001061  00000-0  67960-3 0  9998
2 34474  74.0815 285.9371 0226625  78.1458  75.2304 13.92598788390339
0 COSMOS 2251 DEB
1 34474U 93036TT  16303.44065397  .00001087  00000-0  69572-3 0  9992
2 34474  74.0815 284.2196 0226668  76.1665  82.8407 13.92601126390475
0 COSMOS 2251 DEB
1 34474U 93036TT  16303.91760113 +.00001091 +00000-0 +69835-3 0  9999
2 34474 074.0815 283.4060 0226684 075.2345 313.9567 13.92602228390210
0 COSMOS 2251 DEB
1 34474U 93036TT  16304.44691421 +.00001099 +00000-0 +70315-3 0  9996
2 34474 074.0816 282.5031 0226722 074.1910 087.6133 13.92603422390613
0 COSMOS 2251 DEB
1 34474U 93036TT  16305.37851578 +.00001078 +00000-0 +68995-3 0  9998
2 34474 074.0816 280.9139 0226773 072.3631 078.0985 13.92605323390419
0 COSMOS 2251 DEB
1 34474U 93036TT  16306.00631650  .00001086  00000-0  69481-3 0  9996
2 34474  74.0817 279.8430 0226821  71.1304 345.5158 13.92606750390823
0 COSMOS 2251 DEB
1 34474U 93036TT  16306.93538380 +.00001110 +00000-0 +71002-3 0  9994
2 34474 074.0817 278.2581 0226890 069.3077 323.3073 13.92608900390633
0 COSMOS 2251 DEB
1 34474U 93036TT  16307.01343211  .00001107  00000-0  70808-3 0  9990
2 34474  74.0817 278.1250 0226897  69.1543 354.5956 13.92609052390969
0 COSMOS 2251 DEB
1 34474U 93036TT  16307.94684037 +.00001136 +00000-0 +72613-3 0  9994
2 34474 074.0818 276.5327 0226974 067.3235 354.1584 13.92611349390775
0 COSMOS 2251 DEB
1 34474U 93036TT  16308.02031525  .00001131  00000-0  72313-3 0  9994
2 34474  74.0818 276.4074 0226981  67.1795   2.5186 13.92611483391109
0 COSMOS 2251 DEB
1 34474U 93036TT  16308.39641331 +.00001151 +00000-0 +73531-3 0  9991
2 34474 074.0818 275.7658 0227012 066.4407 088.0582 13.92612496390830
0 COSMOS 2251 DEB
1 34474U 93036TT  16309.23997862  .00001171  00000-0  74826-3 0  9998
2 34474  74.0819 274.3268 0227085  64.7878 357.2097 13.92614639391278
0 COSMOS 2251 DEB
1 34474U 93036TT  16309.95699852 +.00001162 +00000-0 +74225-3 0  9998
2 34474 074.0819 273.1036 0227149 063.3842 351.9380 13.92616294391056
0 COSMOS 2251 DEB
1 34474U 93036TT  16310.32853824  .00001159  00000-0  73999-3 0  9995
2 34474  74.0820 272.4698 0227182  62.6563  54.6279 13.92617098391421
0 COSMOS 2251 DEB
1 34474U 93036TT  16310.96281591 +.00001164 +00000-0 +74352-3 0  9991
2 34474 074.0820 271.3877 0227244 061.4169 354.5373 13.92618606391193
0 COSMOS 2251 DEB
1 34474U 93036TT  16311.34291036  .00001182  00000-0  75468-3 0  9998
2 34474  74.0820 270.7393 0227278  60.6746 100.1168 13.92619552391578
0 COSMOS 2251 DEB
1 34474U 93036TT  16311.96953969 +.00001154 +00000-0 +73721-3 0  9995
2 34474 074.0820 269.6703 0227344 059.4507 001.6868 13.92620875391331
0 COSMOS 2251 DEB
1 34474U 93036TT  16312.34645138  .00001212  00000-0  77298-3 0  9992
2 34474  74.0821 269.0273 0227382  58.7128  91.3150 13.92622054391714
0 COSMOS 2251 DEB
1 34474U 93036TT  16312.90410836 +.00001222 +00000-0 +77966-3 0  9992
2 34474 074.0821 268.0760 0227441 057.6238 007.1017 13.92623523391461
0 COSMOS 2251 DEB
1 34474U 93036TT  16313.83006096  .00001214  00000-0  77402-3 0  9990
2 34474  74.0821 266.4964 0227542  55.8139 329.3275 13.92625775391917
0 COSMOS 2251 DEB
1 34474U 93036TT  16314.83702185  .00001171  00000-0  74729-3 0  9994
2 34474  74.0822 264.7786 0227651  53.8486 337.6898 13.92628018392057
0 COSMOS 2251 DEB
1 34474U 93036TT  16315.84276023  .00001219  00000-0  77707-3 0  9995
2 34474  74.0822 263.0630 0227752  51.8878 339.9315 13.92630783392198
0 COSMOS 2251 DEB
1 34474U 93036TT  16316.29049124 +.00001418 +00000-0 +90154-3 0  9997
2 34474 074.0823 262.2992 0227797 051.0158 064.6220 13.92633019391936
0 COSMOS 2251 DEB
1 34474U 93036TT  16317.29686832  .00001350  00000-0  85861-3 0  9995
2 34474  74.0823 260.5824 0227916  49.0575  70.0755 13.92635157392394
0 COSMOS 2251 DEB
1 34474U 93036TT  16317.93156522 +.00001368 +00000-0 +87013-3 0  9994
2 34474 074.0822 259.4996 0227993 047.8232 012.1217 13.92636907392160
0 COSMOS 2251 DEB
1 34474U 93036TT  16318.31126012  .00001487  00000-0  94428-3 0  9998
2 34474  74.0822 258.8519 0228038  47.0838 115.7217 13.92638571392540
0 COSMOS 2251 DEB
1 34474U 93036TT  16318.93766591 +.00001361 +00000-0 +86518-3 0  9990
2 34474 074.0822 257.7833 0228113 045.8664 016.2069 13.92639651392308
0 COSMOS 2251 DEB
1 34474U 93036TT  16319.31602172  .00001360  00000-0  86463-3 0  9995
2 34474  74.0822 257.1378 0228153  45.1292 113.0975 13.92640708392688
0 COSMOS 2251 DEB
1 34474U 93036TT  16319.94394821 +.00001321 +00000-0 +84014-3 0  9990
2 34474 074.0823 256.0666 0228227 043.9099 021.2113 13.92642258392440
0 COSMOS 2251 DEB
1 34474U 93036TT  16320.52875207  .00001308  00000-0  83208-3 0  9997
2 34474  74.0823 255.0690 0228313  42.7742  73.1344 13.92643880392842
0 COSMOS 2251 DEB
1 34474U 93036TT  16320.95152668 +.00001281 +00000-0 +81470-3 0  9992
2 34474 074.0823 254.3478 0228355 041.9547 032.7211 13.92644903392580
0 COSMOS 2251 DEB
1 34474U 93036TT  16321.88141817  .00001277  00000-0  81218-3 0  9994
2 34474  74.0824 252.7615 0228475  40.1470  14.7570 13.92647407393036
0 COSMOS 2251 DEB
1 34474U 93036TT  16321.95786539 +.00001237 +00000-0 +78694-3 0  9998
2 34474 074.0824 252.6311 0228483 039.9985 038.0268 13.92647350392729
0 COSMOS 2251 DEB
1 34474U 93036TT  16322.88816341  .00001268  00000-0  80629-3 0  9991
2 34474  74.0825 251.0441 0228598  38.1968  22.1040 13.92650051393170
0 COSMOS 2251 DEB
1 34474U 93036TT  16323.89373750  .00001254  00000-0  79749-3 0  9991
2 34474  74.0825 249.3286 0228713  36.2484  23.5882 13.92652599393312
0 COSMOS 2251 DEB
1 34474U 93036TT  16324.89983420  .00001268  00000-0  80617-3 0  9994
2 34474  74.0826 247.6123 0228837  34.2994  27.7042 13.92655475393450
0 COSMOS 2251 DEB
1 34474U 93036TT  16325.90720565  .00001255  00000-0  79746-3 0  9993
2 34474  74.0827 245.8939 0228965  32.3494  38.2181 13.92658114393591
0 COSMOS 2251 DEB
1 34474U 93036TT  16326.91279890 +.00001158 +00000-0 +73725-3 0  9998
2 34474 074.0827 244.1785 0229084 030.4064 039.8213 13.92660153393417
0 COSMOS 2251 DEB
1 34474U 93036TT  16327.21631498  .00001154  00000-0  73431-3 0  9998
2 34474  74.0827 243.6607 0229124  29.8192 121.5201 13.92660860393784
0 COSMOS 2251 DEB
1 34474U 93036TT  16327.84349369 +.00001282 +00000-0 +81417-3 0  9995
2 34474 074.0827 242.5908 0229183 028.6097 025.9236 13.92663129393542
0 COSMOS 2251 DEB
1 34474U 93036TT  16328.22194727  .00001206  00000-0  76692-3 0  9999
2 34474  74.0826 241.9451 0229226  27.8800 123.3277 13.92663644393920
0 COSMOS 2251 DEB
1 34474U 93036TT  16328.85010838 +.00001302 +00000-0 +82660-3 0  9997
2 34474 074.0826 240.8735 0229291 026.6682 032.6632 13.92665786393689
0 COSMOS 2251 DEB
1 34474U 93036TT  16329.22775671  .00001193  00000-0  75865-3 0  9999
2 34474  74.0826 240.2292 0229338  25.9383 126.0348 13.92666110394060
0 COSMOS 2251 DEB
1 34474U 93036TT  16329.85603433 +.00001266 +00000-0 +80412-3 0  9999
2 34474 074.0826 239.1575 0229403 024.7260 035.9610 13.92668204393824
0 COSMOS 2251 DEB
1 34474U 93036TT  16330.86303223  .00001304  00000-0  82718-3 0  9990
2 34474  74.0826 237.4396 0229518  22.7820  44.6451 13.92671219394284
0 COSMOS 2251 DEB
1 34474U 93036TT  16331.79414557 +.00001249 +00000-0 +79303-3 0  9990
2 34474 074.0826 235.8511 0229620 020.9876 032.8776 13.92673383394092
0 COSMOS 2251 DEB
1 34474U 93036TT  16332.17277429  .00001232  00000-0  78211-3 0  9997
2 34474  74.0826 235.2051 0229655  20.2589 131.1731 13.92674251394478
0 COSMOS 2251 DEB
1 34474U 93036TT  16332.87506113 +.00001251 +00000-0 +79414-3 0  9996
2 34474 074.0826 234.0070 0229726 018.9076 052.1676 13.92676256394242
0 COSMOS 2251 DEB
1 34474U 93036TT  16333.17843712  .00001203  00000-0  76391-3 0  9997
2 34474  74.0826 233.4895 0229756  18.3218 133.1793 13.92676707394617
0 COSMOS 2251 DEB
1 34474U 93036TT  16333.80673516 +.00001206 +00000-0 +76590-3 0  9994
2 34474 074.0826 232.4176 0229810 017.1125 043.2274 13.92678346394372
0 COSMOS 2251 DEB
1 34474U 93036TT  16334.73455015  .00001194  00000-0  75809-3 0  9997
2 34474  74.0825 230.8347 0229883  15.3283  14.9461 13.92680743394825
0 COSMOS 2251 DEB
1 34474U 93036TT  16335.18445036 +.00001152 +00000-0 +73191-3 0  9995
2 34474 074.0825 230.0672 0229929 014.4613 110.5831 13.92681737394565
0 COSMOS 2251 DEB
1 34474U 93036TT  16336.11676178  .00001104  00000-0  70193-3 0  9998
2 34474  74.0825 228.4767 0230007  12.6661 104.8591 13.92683953395015
0 COSMOS 2251 DEB
1 34474U 93036TT  16336.67301091 +.00001127 +00000-0 +71615-3 0  9993
2 34474 074.0825 227.5277 0230047 011.5949 013.6979 13.92685588394777
0 COSMOS 2251 DEB
1 34474U 93036TT  16337.12280617  .00001081  00000-0  68787-3 0  9999
2 34474  74.0825 226.7603 0230090  10.7297 108.8143 13.92686474395154
0 COSMOS 2251 DEB
1 34474U 93036TT  16337.83220362 +.00001097 +00000-0 +69735-3 0  9999
2 34474 074.0825 225.5501 0230141 009.3655 065.4889 13.92688323394932
0 COSMOS 2251 DEB
1 34474U 93036TT  16338.12822868  .00001072  00000-0  68214-3 0  9995
2 34474  74.0825 225.0451 0230165   8.7947 109.6588 13.92688870395298
0 COSMOS 2251 DEB
1 34474U 93036TT  16339.76843683  .00001037  00000-0  66002-3 0  9998
2 34474  74.0824 222.2468 0230277   5.6413  53.1141 13.92692425395527
0 COSMOS 2251 DEB
1 34474U 93036TT  16340.69633727 +.00001006 +00000-0 +64097-3 0  9996
2 34474 074.0823 220.6637 0230338 003.8570 025.3075 13.92694437395339
0 COSMOS 2251 DEB
1 34474U 93036TT  16341.07250900  .00000964  00000-0  61431-3 0  9998
2 34474  74.0822 220.0219 0230356   3.1322 111.3143 13.92695045395705
0 COSMOS 2251 DEB
1 34474U 93036TT  16342.15898772  .00000930  00000-0  59342-3 0  9994
2 34474  74.0821 218.1683 0230423   1.0413 158.5797 13.92697263395869
0 COSMOS 2251 DEB
1 34474U 93036TT  16342.78687109 +.00000979 +00000-0 +62378-3 0  9999
2 34474 074.0821 217.0971 0230450 359.8370 066.5906 13.92698840395629
0 COSMOS 2251 DEB
1 34474U 93036TT  16343.79336845  .00001002  00000-0  63792-3 0  9998
2 34474  74.0819 215.3798 0230494 357.9016  72.8660 13.92701049396082
0 COSMOS 2251 DEB
1 34474U 93036TT  16344.72512498 +.00000987 +00000-0 +62851-3 0  9998
2 34474 074.0818 213.7901 0230533 356.1139 064.4148 13.92702808395890
0 COSMOS 2251 DEB
1 34474U 93036TT  16345.10257134  .00000983  00000-0  62604-3 0  9996
2 34474  74.0818 213.1461 0230552 355.3880 156.8217 13.92703530396279
0 COSMOS 2251 DEB
1 34474U 93036TT  16345.73039553 +.00000977 +00000-0 +62216-3 0  9990
2 34474 074.0817 212.0749 0230583 354.1810 064.5526 13.92704801396033
0 COSMOS 2251 DEB
1 34474U 93036TT  16346.73645478  .00000888  00000-0  56724-3 0  9998
2 34474  74.0817 210.3584 0230639 352.2432  68.6552 13.92706414396498
0 COSMOS 2251 DEB
1 34474U 93036TT  16347.74299071  .00000836  00000-0  53458-3 0  9998
2 34474  74.0817 208.6411 0230691 350.3071  75.1519 13.92708186396633
0 COSMOS 2251 DEB
1 34474U 93036TT  16347.97060413 +.00000825 +00000-0 +52769-3 0  9991
2 34474 074.0817 208.2527 0230715 349.8693 136.3446 13.92708572396343
0 COSMOS 2251 DEB
1 34474U 93036TT  16348.74907453  .00000789  00000-0  50572-3 0  9990
2 34474  74.0817 206.9245 0230733 348.3708  79.3884 13.92709819396770
0 COSMOS 2251 DEB
1 34474U 93036TT  16348.96340370 +.00000770 +00000-0 +49343-3 0  9997
2 34474 074.0817 206.5588 0230742 347.9569 073.9798 13.92710070396489
0 COSMOS 2251 DEB
1 34474U 93036TT  16349.67999182 +.00000763 +00000-0 +48920-3 0  9999
2 34474 074.0816 205.3362 0230760 346.5787 066.7655 13.92711292396582
0 COSMOS 2251 DEB
1 34474U 93036TT  16350.05976223  .00000721  00000-0  46324-3 0  9994
2 34474  74.0816 204.6882 0230775 345.8471 170.8366 13.92711642396966
0 COSMOS 2251 DEB
1 34474U 93036TT  16350.68746319 +.00000691 +00000-0 +44458-3 0  9996
2 34474 074.0816 203.6172 0230797 344.6398 077.9680 13.92712489396726
0 COSMOS 2251 DEB
1 34474U 93036TT  16351.06480753  .00000682  00000-0  43908-3 0  9995
2 34474  74.0815 202.9733 0230810 343.9135 169.8778 13.92713055397109
0 COSMOS 2251 DEB
1 34474U 93036TT  16351.69241705 +.00000640 +00000-0 +41310-3 0  9995
2 34474 074.0815 201.9025 0230830 342.7048 076.5558 13.92713830396867
0 COSMOS 2251 DEB
1 34474U 93036TT  16351.99041339 +.00000624 +00000-0 +40317-3 0  9997
2 34474 074.0814 201.3940 0230844 342.1293 130.6373 13.92714167396903
0 COSMOS 2251 DEB
1 34474U 93036TT  16352.99574394  .00000575  00000-0  37237-3 0  9992
2 34474  74.0813 199.6786 0230880 340.1917 131.1196 13.92715293397361
0 COSMOS 2251 DEB
1 34474U 93036TT  16353.91968841 +.00000558 +00000-0 +36175-3 0  9990
2 34474 074.0812 198.1021 0230911 338.4090 083.5574 13.92716336397171
0 COSMOS 2251 DEB
1 34474U 93036TT  16354.00236432  .00000558  00000-0  36179-3 0  9999
2 34474  74.0812 197.9610 0230912 338.2515 138.0729 13.92716446397500
0 COSMOS 2251 DEB
1 34474U 93036TT  16354.29070782 +.00000587 +00000-0 +37991-3 0  9999
2 34474 074.0812 197.4691 0230915 337.6958 143.7588 13.92716932397226
0 COSMOS 2251 DEB
1 34474U 93036TT  16355.22271341  .00000561  00000-0  36377-3 0  9996
2 34474  74.0811 195.8789 0230944 335.8989 136.6163 13.92717809397674
0 COSMOS 2251 DEB
1 34474U 93036TT  16355.94117735 +.00000579 +00000-0 +37512-3 0  9992
2 34474 074.0810 194.6530 0230960 334.5128 138.8297 13.92718691397451
0 COSMOS 2251 DEB
1 34474U 93036TT  16356.64882109  .00000627  00000-0  40505-3 0  9994
2 34474  74.0809 193.4456 0230971 333.1451  86.7984 13.92719804397876
0 COSMOS 2251 DEB
1 34474U 93036TT  16356.94731400 +.00000669 +00000-0 +43069-3 0  9998
2 34474 074.0809 192.9363 0230986 332.5680 143.3771 13.92720413397591
0 COSMOS 2251 DEB
1 34474U 93036TT  16357.65448999  .00000646  00000-0  41654-3 0  9998
2 34474  74.0809 191.7296 0231013 331.2015  89.0043 13.92721253398012
0 COSMOS 2251 DEB
1 34474U 93036TT  16358.87559235  .00000605  00000-0  39123-3 0  9992
2 34474  74.0809 189.6459 0231045 328.8374  91.3543 13.92722510398180
0 COSMOS 2251 DEB
1 34474U 93036TT  16358.95802074 +.00000623 +00000-0 +40196-3 0  9995
2 34474 074.0808 189.5052 0231040 328.6784 144.6329 13.92722724397871
0 COSMOS 2251 DEB
1 34474U 93036TT  16359.89264661  .00000601  00000-0  38856-3 0  9999
2 34474  74.0808 187.9103 0231059 326.8702 150.6546 13.92723761398321
0 COSMOS 2251 DEB
1 34474U 93036TT  16359.97130823 +.00000602 +00000-0 +38900-3 0  9991
2 34474 074.0808 187.7761 0231068 326.7188 185.0471 13.92723864398015
0 COSMOS 2251 DEB
1 34474U 93036TT  16360.89849973  .00000599  00000-0  38766-3 0  9992
2 34474  74.0808 186.1939 0231093 324.9245 153.7995 13.92725009398462
0 COSMOS 2251 DEB
1 34474U 93036TT  16360.97019352 +.00000629 +00000-0 +40590-3 0  9993
2 34474 074.0808 186.0716 0231097 324.7859 153.2580 13.92725270398158
0 COSMOS 2251 DEB
1 34474U 93036TT  16361.90427145  .00000588  00000-0  38056-3 0  9998
2 34474  74.0808 184.4777 0231137 322.9777 156.5425 13.92726261398606
0 COSMOS 2251 DEB
1 34474U 93036TT  16362.90844457  .00000557  00000-0  36132-3 0  9997
2 34474  74.0809 182.7643 0231185 321.0317 151.2775 13.92727465398745
0 COSMOS 2251 DEB
1 34474U 93036TT  16363.91550642 +.00000515 +00000-0 +33532-3 0  9994
2 34474 074.0809 181.0459 0231243 319.0796 160.5002 13.92728546398562
0 COSMOS 2251 DEB
1 34474U 93036TT  16364.20232907  .00000494  00000-0  32224-3 0  9991
2 34474  74.0808 180.5565 0231254 318.5224 158.5774 13.92728754398929
0 COSMOS 2251 DEB
1 34474U 93036TT  16364.92738398 +.00000480 +00000-0 +31331-3 0  9998
2 34474 074.0808 179.3192 0231305 317.1167 193.8725 13.92729511398705
0 COSMOS 2251 DEB
1 34474U 93036TT  16365.55431078  .00000495  00000-0  32271-3 0  9993
2 34474  74.0808 178.2494 0231315 315.9009  97.1725 13.92730278399114
0 COSMOS 2251 DEB
1 34474U 93036TT  16365.93332794 +.00000464 +00000-0 +30342-3 0  9993
2 34474 074.0808 177.6027 0231337 315.1656 197.4980 13.92730462398844
0 COSMOS 2251 DEB
1 34474U 93036TT  16366.56316087  .00000482  00000-0  31461-3 0  9993
2 34474  74.0808 176.5279 0231339 313.9448 115.3698 13.92731172399258
0 COSMOS 2251 DEB
1 34474U 93036TT  16366.93928082 +.00000482 +00000-0 +31489-3 0  9998
2 34474 074.0809 175.8861 0231363 313.2144 201.1716 13.92731537398980
0 COSMOS 2251 DEB
1 34474U 93036TT  17001.56805759  .00000495  00000-0  32286-3 0  9999
2 34474  74.0809 174.8131 0231392 311.9943 113.8103 13.92732266399398
0 COSMOS 2251 DEB
1 34474U 93036TT  17001.93826814 +.00000475 +00000-0 +31020-3 0  9998
2 34474 074.0809 174.1814 0231401 311.2762 169.9836 13.92732515399125
0 COSMOS 2251 DEB
1 34474U 93036TT  17002.57271703  .00000480  00000-0  31339-3 0  9999
2 34474  74.0809 173.0988 0231429 310.0460 111.0045 13.92733205399539
0 COSMOS 2251 DEB
1 34474U 93036TT  17002.87030414 +.00000485 +00000-0 +31667-3 0  9993
2 34474 074.0810 172.5910 0231456 309.4683 163.0575 13.92733505399256
0 COSMOS 2251 DEB
1 34474U 93036TT  17003.88371286  .00000512  00000-0  33340-3 0  9991
2 34474  74.0810 170.8617 0231548 307.4984 204.1279 13.92734620399724
0 COSMOS 2251 DEB
1 34474U 93036TT  17004.88998036  .00000551  00000-0  35738-3 0  9996
2 34474  74.0810 169.1446 0231636 305.5402 209.3988 13.92735731399860
0 COSMOS 2251 DEB
1 34474U 93036TT  17005.89790735  .00000568  00000-0  36802-3 0  9995
2 34474  74.0812 167.4247 0231707 303.5828 222.9897 13.92736728400007
0 COSMOS 2251 DEB
1 34474U 93036TT  17006.52343328 +.00000591 +00000-0 +38201-3 0  9999
2 34474 074.0812 166.3572 0231749 302.3680 119.2835 13.92737514399769
0 COSMOS 2251 DEB
1 34474U 93036TT  17007.45704347  .00000594  00000-0  38395-3 0  9991
2 34474  74.0813 164.7641 0231828 300.5547 120.2686 13.92738545400213
0 COSMOS 2251 DEB
1 34474U 93036TT  17007.90936620 +.00000591 +00000-0 +38230-3 0  9997
2 34474 074.0814 163.9923 0231880 299.6757 228.1502 13.92739013399951
0 COSMOS 2251 DEB
1 34474U 93036TT  17008.53483793  .00000594  00000-0  38384-3 0  9998
2 34474  74.0814 162.9250 0231937 298.4606 124.1779 13.92739783400369
0 COSMOS 2251 DEB
1 34474U 93036TT  17008.83380088 +.00000605 +00000-0 +39034-3 0  9990
2 34474 074.0815 162.4148 0231960 297.8799 183.1368 13.92740180400084
0 COSMOS 2251 DEB
1 34474U 93036TT  17009.46672382 +.00000604 +00000-0 +39005-3 0  9998
2 34474 074.0815 161.3350 0231990 296.6491 116.5275 13.92740944400171
0 COSMOS 2251 DEB
1 34474U 93036TT  17010.47240987  .00000575  00000-0  37215-3 0  9991
2 34474  74.0816 159.6189 0232058 294.6953 118.9021 13.92741851400633
0 COSMOS 2251 DEB
1 34474U 93036TT  17010.85404998 +.00000572 +00000-0 +37016-3 0  9993
2 34474 074.0816 158.9677 0232092 293.9535 232.3958 13.92742220400364
0 COSMOS 2251 DEB
1 34474U 93036TT  17011.85831942  .00000562  00000-0  36361-3 0  9998
2 34474  74.0816 157.2540 0232169 292.0048 227.6710 13.92743238400834
0 COSMOS 2251 DEB
1 34474U 93036TT  17012.48537083 +.00000568 +00000-0 +36782-3 0  9990
2 34474 074.0817 156.1840 0232217 290.7875 131.6280 13.92744029400591
0 COSMOS 2251 DEB
1 34474U 93036TT  17013.49079417  .00000558  00000-0  36147-3 0  9998
2 34474  74.0817 154.4683 0232301 288.8385 132.6943 13.92745144401053
0 COSMOS 2251 DEB
1 34474U 93036TT  17014.49812105  .00000527  00000-0  34197-3 0  9997
2 34474  74.0818 152.7495 0232390 286.8857 143.3067 13.92745996401192
0 COSMOS 2251 DEB
1 34474U 93036TT  17014.80502316 +.00000527 +00000-0 +34174-3 0  9997
2 34474 074.0817 152.2257 0232452 286.2898 242.0770 13.92746240400910
0 COSMOS 2251 DEB
1 34474U 93036TT  17015.80759910  .00000540  00000-0  35005-3 0  9991
2 34474  74.0818 150.5149 0232542 284.3438 228.8766 13.92747306401384
0 COSMOS 2251 DEB
1 34474U 93036TT  17016.81363434  .00000561  00000-0  36297-3 0  9992
2 34474  74.0818 148.7982 0232630 282.3947 233.0208 13.92748388401525
0 COSMOS 2251 DEB
1 34474U 93036TT  17017.36068747 +.00000570 +00000-0 +36854-3 0  9991
2 34474 074.0818 147.8647 0232681 281.3335 095.8849 13.92749003401271
0 COSMOS 2251 DEB
1 34474U 93036TT  17018.44701142  .00000564  00000-0  36478-3 0  9999
2 34474  74.0819 146.0109 0232794 279.2303 142.5929 13.92750122401747
0 COSMOS 2251 DEB
1 34474U 93036TT  17019.45343081  .00000582  00000-0  37578-3 0  9997
2 34474  74.0820 144.2935 0232892 277.2826 148.6733 13.92751430401881
0 COSMOS 2251 DEB
1 34474U 93036TT  17020.46032535  .00000562  00000-0  36308-3 0  9997
2 34474  74.0820 142.5753 0233015 275.3352 157.1378 13.92752476402029
0 COSMOS 2251 DEB
1 34474U 93036TT  17020.76379316 +.00000567 +00000-0 +36635-3 0  9999
2 34474 074.0822 142.0576 0233029 274.7489 238.6944 13.92752862401749
0 COSMOS 2251 DEB
1 34474U 93036TT  17021.77030412  .00000581  00000-0  37497-3 0  9995
2 34474  74.0821 140.3400 0233136 272.8036 245.2420 13.92754194402217
0 COSMOS 2251 DEB
1 34474U 93036TT  17022.39628844 +.00000586 +00000-0 +37772-3 0  9997
2 34474 074.0821 139.2717 0233189 271.5918 143.8703 13.92755007401971
0 COSMOS 2251 DEB
1 34474U 93036TT  17023.40426699  .00000569  00000-0  36725-3 0  9992
2 34474  74.0821 137.5517 0233283 269.6452 157.7820 13.92756224402434
0 COSMOS 2251 DEB
1 34474U 93036TT  17024.40892615  .00000574  00000-0  37049-3 0  9994
2 34474  74.0821 135.8372 0233391 267.7084 155.0514 13.92757555402578
0 COSMOS 2251 DEB
1 34474U 93036TT  17025.41678220  .00000550  00000-0  35531-3 0  9998
2 34474  74.0822 134.1175 0233463 265.7609 168.3588 13.92758706402716
0 COSMOS 2251 DEB
1 34474U 93036TT  17026.72556066  .00000575  00000-0  37074-3 0  9997
2 34474  74.0822 131.8840 0233585 263.2370 250.4679 13.92760416402908
0 COSMOS 2251 DEB
1 34474U 93036TT  17027.73154865 +.00000612 +00000-0 +39319-3 0  9996
2 34474 074.0821 130.1673 0233675 261.2977 254.4152 13.92761847403049
0 COSMOS 2251 DEB
1 34474U 93036TT  17028.73076431 +.00000655 +00000-0 +41991-3 0  9995
2 34474 074.0818 128.4616 0233750 259.3689 224.4138 13.92763314402854
0 COSMOS 2251 DEB
1 34474U 93036TT  17029.36526850  .00000637  00000-0  40863-3 0  9997
2 34474  74.0818 127.3788 0233810 258.1478 165.7730 13.92764059403260
0 COSMOS 2251 DEB
1 34474U 93036TT  17029.73648264 +.00000658 +00000-0 +42168-3 0  9995
2 34474 074.0819 126.7454 0233841 257.4343 227.0145 13.92764658402997
0 COSMOS 2251 DEB
1 34474U 93036TT  17030.66915615  .00000631  00000-0  40483-3 0  9995
2 34474  74.0819 125.1540 0233936 255.6419 223.3757 13.92765724403449
0 COSMOS 2251 DEB
1 34474U 93036TT  17031.67429010  .00000616  00000-0  39541-3 0  9992
2 34474  74.0819 123.4387 0234010 253.7080 223.0558 13.92766976403587
0 COSMOS 2251 DEB
1 34474U 93036TT  17032.68103425  .00000605  00000-0  38903-3 0  9992
2 34474  74.0819 121.7206 0234083 251.7713 230.8139 13.92768242403724
0 COSMOS 2251 DEB
1 34474U 93036TT  17033.61670175 +.00000630 +00000-0 +40430-3 0  9993
2 34474 074.0819 120.1239 0234164 249.9747 242.1996 13.92769667403537
0 COSMOS 2251 DEB
1 34474U 93036TT  17034.24234955  .00000605  00000-0  38838-3 0  9996
2 34474  74.0819 119.0561 0234206 248.7732 139.1660 13.92770415403941
0 COSMOS 2251 DEB
1 34474U 93036TT  17035.91343958 +.00000544 +00000-0 +35084-3 0  9997
2 34474 074.0819 116.2043 0234298 245.5621 237.9366 13.92772338403854
0 COSMOS 2251 DEB
1 34474U 93036TT  17036.64039961 +.00000548 +00000-0 +35310-3 0  9990
2 34474 074.0818 114.9637 0234347 244.1671 282.8837 13.92773309404281
0 COSMOS 2251 DEB
1 34474U 93036TT  17037.34053285 +.00000528 +00000-0 +34093-3 0  9998
2 34474 074.0817 113.7688 0234388 242.8222 193.3259 13.92774103404057
0 COSMOS 2251 DEB
1 34474U 93036TT  17038.19292333  .00000514  00000-0  33196-3 0  9999
2 34474  74.0816 112.3140 0234429 241.1853 147.1821 13.92775051404495
0 COSMOS 2251 DEB
1 34474U 93036TT  17038.64250007 +.00000507 +00000-0 +32815-3 0  9990
2 34474 074.0816 111.5466 0234469 240.3246 241.3426 13.92775515404233
0 COSMOS 2251 DEB
1 34474U 93036TT  17040.21082257  .00000477  00000-0  30905-3 0  9990
2 34474  74.0815 108.8702 0234535 237.3163 184.8637 13.92777150404773
0 COSMOS 2251 DEB
1 34474U 93036TT  17040.65453635 +.00000465 +00000-0 +30188-3 0  9990
2 34474 074.0816 108.1129 0234548 236.4663 249.6311 13.92777528404519
0 COSMOS 2251 DEB
1 34474U 93036TT  17041.21515275  .00000441  00000-0  28708-3 0  9991
2 34474  74.0815 107.1561 0234566 235.3902 180.5477 13.92777976404918
0 COSMOS 2251 DEB
1 34474U 93036TT  17041.58750573 +.00000445 +00000-0 +28922-3 0  9995
2 34474 074.0815 106.5206 0234576 234.6759 247.5168 13.92778366404645
0 COSMOS 2251 DEB
1 34474U 93036TT  17042.59288565  .00000449  00000-0  29167-3 0  9990
2 34474  74.0815 104.8047 0234601 232.7481 248.4698 13.92779429405100
0 COSMOS 2251 DEB
1 34474U 93036TT  17043.59907199  .00000432  00000-0  28153-3 0  9998
2 34474  74.0814 103.0875 0234625 230.8204 253.4680 13.92780347405240
0 COSMOS 2251 DEB
1 34474U 93036TT  17044.61165686  .00000413  00000-0  26982-3 0  9996
2 34474  74.0813 101.3593 0234646 228.8785 290.5528 13.92781191405398
0 COSMOS 2251 DEB
1 34474U 93036TT  17045.53718427 +.00000397 +00000-0 +25977-3 0  9999
2 34474 074.0813 099.7796 0234652 227.1028 251.1372 13.92782009405199
0 COSMOS 2251 DEB
1 34474U 93036TT  17046.17281525  .00000374  00000-0  24544-3 0  9998
2 34474  74.0813  98.6948 0234653 225.8841 198.1850 13.92782536405607
0 COSMOS 2251 DEB
1 34474U 93036TT  17046.83116122 +.00000373 +00000-0 +24499-3 0  9999
2 34474 074.0813 097.5713 0234645 224.6166 259.1319 13.92783142405379
0 COSMOS 2251 DEB
1 34474U 93036TT  17047.17688525  .00000364  00000-0  23927-3 0  9993
2 34474  74.0812  96.9812 0234650 223.9557 192.5887 13.92783453405749
0 COSMOS 2251 DEB
1 34474U 93036TT  17047.83647316 +.00000364 +00000-0 +23939-3 0  9992
2 34474 074.0812 095.8554 0234642 222.6900 259.7602 13.92784017405512
0 COSMOS 2251 DEB
1 34474U 93036TT  17048.18250704  .00000356  00000-0  23408-3 0  9994
2 34474  74.0811  95.2648 0234644 222.0246 194.7751 13.92784293405887
0 COSMOS 2251 DEB
1 34474U 93036TT  17049.18828563  .00000388  00000-0  25375-3 0  9999
2 34474  74.0811  93.5482 0234627 220.0933 197.7514 13.92785356406024
0 COSMOS 2251 DEB
1 34474U 93036TT  17049.56876556 +.00000416 +00000-0 +27102-3 0  9998
2 34474 074.0811 092.8990 0234618 219.3663 305.4764 13.92785859405753
0 COSMOS 2251 DEB
1 34474U 93036TT  17050.19595575  .00000387  00000-0  25315-3 0  9999
2 34474  74.0811  91.8285 0234601 218.1610 210.2124 13.92786250406165
0 COSMOS 2251 DEB
1 34474U 93036TT  17050.57448142 +.00000411 +00000-0 +26841-3 0  9991
2 34474 074.0811 091.1824 0234586 217.4352 308.1423 13.92786721405895
0 COSMOS 2251 DEB
1 34474U 93036TT  17051.57221429  .00000431  00000-0  28023-3 0  9995
2 34474  74.0810  89.4794 0234553 215.5180 270.7873 13.92787775406368
0 COSMOS 2251 DEB
1 34474U 93036TT  17052.50549378 +.00000460 +00000-0 +29832-3 0  9996
2 34474 074.0809 087.8865 0234510 213.7264 270.2637 13.92788841406169
0 COSMOS 2251 DEB
1 34474U 93036TT  17053.21425237  .00000434  00000-0  28214-3 0  9996
2 34474  74.0808  86.6769 0234485 212.3630 223.9936 13.92789384406587
0 COSMOS 2251 DEB
1 34474U 93036TT  17053.79723531 +.00000516 +00000-0 +33279-3 0  9995
2 34474 074.0808 085.6818 0234452 211.2426 267.0834 13.92790432406342
0 COSMOS 2251 DEB
1 34474U 93036TT  17054.52247506  .00000524  00000-0  33763-3 0  9997
2 34474  74.0807  84.4439 0234418 209.8456 303.4563 13.92791207406777
0 COSMOS 2251 DEB
1 34474U 93036TT  17055.52831391  .00000576  00000-0  36994-3 0  9995
2 34474  74.0807  82.7271 0234364 207.9061 306.7679 13.92792612406914
0 COSMOS 2251 DEB
1 34474U 93036TT  17056.74310306  .00000567  00000-0  36393-3 0  9991
2 34474  74.0806  80.6535 0234287 205.5622 277.7704 13.92793953407077
0 COSMOS 2251 DEB
1 34474U 93036TT  17057.53418671 +.00000568 +00000-0 +36457-3 0  9995
2 34474 074.0806 079.3033 0234238 204.0386 284.2972 13.92794903406864
0 COSMOS 2251 DEB
1 34474U 93036TT  17058.09466431  .00000529  00000-0  34099-3 0  9991
2 34474  74.0805  78.3467 0234200 202.9563 214.5593 13.92795360407264
0 COSMOS 2251 DEB
1 34474U 93036TT  17059.10026579  .00000531  00000-0  34228-3 0  9996
2 34474  74.0805  76.6302 0234121 201.0140 216.6990 13.92796573407403
0 COSMOS 2251 DEB
1 34474U 93036TT  17059.47207907 +.00000588 +00000-0 +37701-3 0  9993
2 34474 074.0806 075.9956 0234097 200.2944 280.9932 13.92797299407132
0 COSMOS 2251 DEB
1 34474U 93036TT  17060.10785199  .00000508  00000-0  32812-3 0  9999
2 34474  74.0805  74.9103 0234044 199.0634 228.7982 13.92797606407549
0 COSMOS 2251 DEB
1 34474U 93036TT  17060.40599083 +.00000584 +00000-0 +37458-3 0  9992
2 34474 074.0805 074.4014 0234024 198.4867 283.6854 13.92798341407268
0 COSMOS 2251 DEB
1 34474U 93036TT  17061.11313740  .00000581  00000-0  37297-3 0  9993
2 34474  74.0805  73.1943 0233956 197.1169 229.3669 13.92799219407681
0 COSMOS 2251 DEB
1 34474U 93036TT  17061.56021470 +.00000586 +00000-0 +37614-3 0  9996
2 34474 074.0805 072.4313 0233919 196.2516 311.0444 13.92799827407426
0 COSMOS 2251 DEB
1 34474U 93036TT  17062.12031149  .00000577  00000-0  37066-3 0  9994
2 34474  74.0805  71.4752 0233879 195.1644 239.4131 13.92800466407829
0 COSMOS 2251 DEB
1 34474U 93036TT  17062.48978887 +.00000607 +00000-0 +38880-3 0  9991
2 34474 074.0805 070.8446 0233853 194.4472 292.0022 13.92801074407555
0 COSMOS 2251 DEB
1 34474U 93036TT  17063.42272566  .00000602  00000-0  38563-3 0  9990
2 34474  74.0805  69.2521 0233761 192.6371 289.8237 13.92802200408002
0 COSMOS 2251 DEB
1 34474U 93036TT  17064.42878064  .00000575  00000-0  36897-3 0  9993
2 34474  74.0805  67.5348 0233681 190.6814 294.2732 13.92803273408147
0 COSMOS 2251 DEB
1 34474U 93036TT  17065.43410574  .00000560  00000-0  35991-3 0  9991
2 34474  74.0806  65.8187 0233598 188.7244 295.0701 13.92804407408282
0 COSMOS 2251 DEB
1 34474U 93036TT  17066.43946969  .00000545  00000-0  35092-3 0  9999
2 34474  74.0807  64.1027 0233499 186.7639 296.0698 13.92805555408421
0 COSMOS 2251 DEB
1 34474U 93036TT  17067.45176236  .00000515  00000-0  33209-3 0  9999
2 34474  74.0808  62.3750 0233395 184.7886 331.8165 13.92806641408572
0 COSMOS 2251 DEB
1 34474U 93036TT  17067.79340010 +.00000516 +00000-0 +33293-3 0  9993
2 34474 074.0809 061.7919 0233384 184.1239 244.8253 13.92807099408295
0 COSMOS 2251 DEB
1 34474U 93036TT  17068.79890465  .00000482  00000-0  31205-3 0  9991
2 34474  74.0809  60.0758 0233322 182.1665 246.5361 13.92808085408757
0 COSMOS 2251 DEB
1 34474U 93036TT  17069.94068999 +.00000465 +00000-0 +30101-3 0  9993
2 34474 074.0811 058.1270 0233235 179.9350 211.5871 13.92809275408597
0 COSMOS 2251 DEB
1 34474U 93036TT  17070.01779208  .00000457  00000-0  29649-3 0  9991
2 34474  74.0811  57.9954 0233226 179.7836 238.1872 13.92809320408924
0 COSMOS 2251 DEB
1 34474U 93036TT  17070.94620448 +.00000450 +00000-0 +29210-3 0  9991
2 34474 074.0812 056.4108 0233152 177.9648 213.3684 13.92810269408738
0 COSMOS 2251 DEB
1 34474U 93036TT  17071.02351581  .00000445  00000-0  28868-3 0  9992
2 34474  74.0812  56.2789 0233144 177.8129 241.0180 13.92810318409066
0 COSMOS 2251 DEB
1 34474U 93036TT  17071.95197706 +.00000442 +00000-0 +28726-3 0  9991
2 34474 074.0813 054.6942 0233080 175.9926 216.4490 13.92811271408870
0 COSMOS 2251 DEB
1 34474U 93036TT  17072.03051692  .00000429  00000-0  27923-3 0  9997
2 34474  74.0813  54.5602 0233071 175.8373 250.2595 13.92811253409207
0 COSMOS 2251 DEB
1 34474U 93036TT  17072.96415848 +.00000444 +00000-0 +28840-3 0  9992
2 34474 074.0814 052.9667 0233008 174.0062 251.6689 13.92812272409017
0 COSMOS 2251 DEB
1 34474U 93036TT  17073.03719786  .00000450  00000-0  29220-3 0  9999
2 34474  74.0814  52.8420 0233003 173.8630 257.8990 13.92812399409345
0 COSMOS 2251 DEB
1 34474U 93036TT  17073.33424067 +.00000458 +00000-0 +29726-3 0  9996
2 34474 074.0814 052.3350 0232981 173.2791 307.3153 13.92812723409060
0 COSMOS 2251 DEB
1 34474U 93036TT  17074.68612549 +.00000476 +00000-0 +30795-3 0  9997
2 34474 074.0814 050.0278 0232910 170.6308 245.8599 13.92814180409251
0 COSMOS 2251 DEB
1 34474U 93036TT  17075.34465330 +.00000491 +00000-0 +31735-3 0  9997
2 34474 074.0815 048.9039 0232877 169.3367 307.8187 13.92814878409666
0 COSMOS 2251 DEB
1 34474U 93036TT  17076.35058962 +.00000532 +00000-0 +34265-3 0  9995
2 34474 074.0816 047.1870 0232834 167.3575 311.7430 13.92816102409806
0 COSMOS 2251 DEB
1 34474U 93036TT  17077.92096803 +.00000557 +00000-0 +35795-3 0  9991
2 34474 074.0817 044.5068 0232776 164.2670 265.8777 13.92817845409701
0 COSMOS 2251 DEB
1 34474U 93036TT  17078.36882094 +.00000587 +00000-0 +37683-3 0  9996
2 34474 074.0817 043.7424 0232766 163.3841 351.4898 13.92818518410095
0 COSMOS 2251 DEB
1 34474U 93036TT  17079.58396156 +.00000607 +00000-0 +38886-3 0  9999
2 34474 074.0818 041.6685 0232731 160.9956 324.4114 13.92820013410256
0 COSMOS 2251 DEB
1 34474U 93036TT  17080.93522729 +.00000662 +00000-0 +42297-3 0  9999
2 34474 074.0819 039.3624 0232697 158.3349 259.9008 13.92821992410129
0 COSMOS 2251 DEB
1 34474U 93036TT  17081.86371626 +.00000720 +00000-0 +45897-3 0  9994
2 34474 074.0819 037.7778 0232684 156.5049 235.5188 13.92823510410255
0 COSMOS 2251 DEB
1 34474U 93036TT  17082.94949843 +.00000745 +00000-0 +47405-3 0  9990
2 34474 074.0820 035.9247 0232680 154.3650 279.8404 13.92825146410404
0 COSMOS 2251 DEB
1 34474U 93036TT  17083.66590567 +.00000776 +00000-0 +49337-3 0  9995
2 34474 074.0821 034.7022 0232675 152.9585 272.0436 13.92826378410507
0 COSMOS 2251 DEB
1 34474U 93036TT  17084.95979597 +.00000753 +00000-0 +47903-3 0  9994
2 34474 074.0821 032.4939 0232684 150.4104 279.8708 13.92828167410683
0 COSMOS 2251 DEB
1 34474U 93036TT  17085.96557312 +.00000790 +00000-0 +50186-3 0  9991
2 34474 074.0822 030.7775 0232682 148.4315 283.0458 13.92829923410828
0 COSMOS 2251 DEB
1 34474U 93036TT  17086.89668656 +.00000894 +00000-0 +56584-3 0  9991
2 34474 074.0823 029.1884 0232692 146.5969 271.8510 13.92832027410954
0 COSMOS 2251 DEB
1 34474U 93036TT  17087.90235344 +.00000942 +00000-0 +59577-3 0  9997
2 34474 074.0823 027.4721 0232713 144.6148 274.4894 13.92833949411417
0 COSMOS 2251 DEB
1 34474U 93036TT  17088.91088230 +.00000979 +00000-0 +61823-3 0  9996
2 34474 074.0824 025.7509 0232745 142.6270 291.4854 13.92835870411557
0 COSMOS 2251 DEB
1 34474U 93036TT  17089.91513368 +.00000988 +00000-0 +62364-3 0  9993
2 34474 074.0824 024.0370 0232768 140.6510 287.0371 13.92837760411370
0 COSMOS 2251 DEB
1 34474U 93036TT  17090.92096194 +.00000961 +00000-0 +60733-3 0  9998
2 34474 074.0825 022.3204 0232802 138.6729 290.5020 13.92839539411518
0 COSMOS 2251 DEB
1 34474U 93036TT  17091.85242262 +.00000988 +00000-0 +62393-3 0  9993
2 34474 074.0825 020.7307 0232841 136.8392 281.0795 13.92841589411964
0 COSMOS 2251 DEB
1 34474U 93036TT  17092.78105618 +.00000976 +00000-0 +61624-3 0  9992
2 34474 074.0826 019.1459 0232881 135.0121 257.4853 13.92843365411775
0 COSMOS 2251 DEB
1 34474U 93036TT  17093.86489157 +.00000992 +00000-0 +62605-3 0  9993
2 34474 074.0826 017.2962 0232937 132.8799 292.1209 13.92845631411927
0 COSMOS 2251 DEB
1 34474U 93036TT  17094.87134296 +.00000999 +00000-0 +62988-3 0  9997
2 34474 074.0826 015.5786 0232985 130.9025 298.7381 13.92847728412389
0 COSMOS 2251 DEB
1 34474U 93036TT  17095.87628997 +.00000994 +00000-0 +62711-3 0  9993
2 34474 074.0826 013.8636 0233041 128.9263 297.8216 13.92849809412524
0 COSMOS 2251 DEB
1 34474U 93036TT  17096.88346895 +.00000982 +00000-0 +61960-3 0  9991
2 34474 074.0826 012.1446 0233103 126.9466 308.1035 13.92851852412668
0 COSMOS 2251 DEB
1 34474U 93036TT  17097.81377222 +.00000943 +00000-0 +59490-3 0  9995
2 34474 074.0826 010.5569 0233169 125.1186 292.9129 13.92853450412477
0 COSMOS 2251 DEB
1 34474U 93036TT  17098.81951483 +.00000947 +00000-0 +59767-3 0  9994
2 34474 074.0826 008.8404 0233246 123.1435 296.0030 13.92855409412614
0 COSMOS 2251 DEB
1 34474U 93036TT  17099.82589080 +.00000963 +00000-0 +60747-3 0  9994
2 34474 074.0826 007.1228 0233310 121.1698 302.2741 13.92857475412750
0 COSMOS 2251 DEB
1 34474U 93036TT  17100.20256478 +.00000947 +00000-0 +59723-3 0  9995
2 34474 074.0826 006.4799 0233332 120.4304 031.0325 13.92858099413136
0 COSMOS 2251 DEB
1 34474U 93036TT  17101.83906881 +.00000921 +00000-0 +58139-3 0  9997
2 34474 074.0825 003.6869 0233461 117.2213 316.9743 13.92861255413359
0 COSMOS 2251 DEB
1 34474U 93036TT  17102.76942865 +.00000942 +00000-0 +59383-3 0  9997
2 34474 074.0824 002.0989 0233544 115.3996 302.0948 13.92863227413166
0 COSMOS 2251 DEB
1 34474U 93036TT  17103.85121420 +.00000967 +00000-0 +60916-3 0  9995
2 34474 074.0824 000.2525 0233624 113.2837 326.5176 13.92865507413316
0 COSMOS 2251 DEB
1 34474U 93036TT  17104.78247039 +.00000953 +00000-0 +60059-3 0  9996
2 34474 074.0823 358.6631 0233701 111.4633 316.1408 13.92867150413446
0 COSMOS 2251 DEB
1 34474U 93036TT  17105.78694369 +.00000921 +00000-0 +58088-3 0  9993
2 34474 074.0822 356.9487 0233776 109.4996 312.9070 13.92868945413583
0 COSMOS 2251 DEB
1 34474U 93036TT  17106.79340189 +.00000924 +00000-0 +58258-3 0  9995
2 34474 074.0822 355.2310 0233856 107.5318 319.6351 13.92871046413724
0 COSMOS 2251 DEB
1 34474U 93036TT  17107.80100010 +.00000877 +00000-0 +55312-3 0  9990
2 34474 074.0821 353.5113 0233928 105.5641 332.0826 13.92872756414188
0 COSMOS 2251 DEB
1 34474U 93036TT  17108.80718875 +.00000949 +00000-0 +59741-3 0  9995
2 34474 074.0821 351.7941 0234000 103.6002 337.4693 13.92875143414329
0 COSMOS 2251 DEB
1 34474U 93036TT  17109.81171736 +.00000968 +00000-0 +60906-3 0  9992
2 34474 074.0820 350.0796 0234078 101.6416 334.5359 13.92877139414469
0 COSMOS 2251 DEB
1 34474U 93036TT  17110.74335656 +.00001040 +00000-0 +65327-3 0  9993
2 34474 074.0819 348.4894 0234154 099.8260 326.1170 13.92879465414278
0 COSMOS 2251 DEB
1 34474U 93036TT  17111.74838692 +.00001043 +00000-0 +65501-3 0  9999
2 34474 074.0817 346.7740 0234219 097.8688 325.7123 13.92881509414412
0 COSMOS 2251 DEB
1 34474U 93036TT  17112.75583922 +.00001156 +00000-0 +72466-3 0  9997
2 34474 074.0817 345.0545 0234307 095.9074 337.4639 13.92884454414877
0 COSMOS 2251 DEB
1 34474U 93036TT  17113.76198332 +.00001252 +00000-0 +78350-3 0  9991
2 34474 074.0816 343.3371 0234354 093.9475 342.6657 13.92887394415010
0 COSMOS 2251 DEB
1 34474U 93036TT  17114.76779160 +.00001242 +00000-0 +77715-3 0  9999
2 34474 074.0816 341.6202 0234421 091.9932 346.1863 13.92889717415159
0 COSMOS 2251 DEB
1 34474U 93036TT  17115.69963149 +.00001186 +00000-0 +74255-3 0  9997
2 34474 074.0815 340.0296 0234484 090.1830 338.8074 13.92891640414969
0 COSMOS 2251 DEB
1 34474U 93036TT  17116.07491854 +.00001152 +00000-0 +72177-3 0  9993
2 34474 074.0815 339.3890 0234508 089.4544 060.6501 13.92892373415342
0 COSMOS 2251 DEB
1 34474U 93036TT  17117.70972913 +.00000949 +00000-0 +59686-3 0  9997
2 34474 074.0814 336.5985 0234597 086.2830 338.2690 13.92895290415564
0 COSMOS 2251 DEB
1 34474U 93036TT  17118.93045317 +.00000850 +00000-0 +53550-3 0  9997
2 34474 074.0813 334.5149 0234658 083.9101 339.5028 13.92897539415417
0 COSMOS 2251 DEB
1 34474U 93036TT  17119.64727024 +.00000820 +00000-0 +51754-3 0  9999
2 34474 074.0812 333.2912 0234692 082.5211 333.9314 13.92898908415513
0 COSMOS 2251 DEB
1 34474U 93036TT  17120.65282351 +.00000763 +00000-0 +48238-3 0  9990
2 34474 074.0811 331.5748 0234742 080.5732 336.2096 13.92900422415655
0 COSMOS 2251 DEB
1 34474U 93036TT  17121.95696082 +.00000741 +00000-0 +46838-3 0  9994
2 34474 074.0809 329.3485 0234794 078.0487 035.7244 13.92902483415836
0 COSMOS 2251 DEB
1 34474U 93036TT  17122.59296441 +.00000677 +00000-0 +42928-3 0  9994
2 34474 074.0808 328.2627 0234819 076.8189 344.9258 13.92903159415925
0 COSMOS 2251 DEB
1 34474U 93036TT  17122.96390588 +.00000667 +00000-0 +42301-3 0  9996
2 34474 074.0808 327.6296 0234826 076.0999 044.9922 13.92903670415977
0 COSMOS 2251 DEB
1 34474U 93036TT  17123.59946062 +.00000628 +00000-0 +39919-3 0  9998
2 34474 074.0808 326.5447 0234846 074.8727 351.9448 13.92904478416062
0 COSMOS 2251 DEB
1 34474U 93036TT  17123.96961102 +.00000615 +00000-0 +39122-3 0  9993
2 34474 074.0808 325.9129 0234851 074.1564 048.0450 13.92904951416119
0 COSMOS 2251 DEB
1 34474U 93036TT  17124.60277189 +.00000565 +00000-0 +36014-3 0  9991
2 34474 074.0807 324.8320 0234864 072.9305 342.9981 13.92905509416207
0 COSMOS 2251 DEB
1 34474U 93036TT  17124.97452295 +.00000544 +00000-0 +34726-3 0  9999
2 34474 074.0808 324.1974 0234868 072.2092 047.1273 13.92905837416578
0 COSMOS 2251 DEB
1 34474U 93036TT  17125.60827521 +.00000525 +00000-0 +33577-3 0  9990
2 34474 074.0807 323.1155 0234878 070.9830 345.0483 13.92906522416343
0 COSMOS 2251 DEB
1 34474U 93036TT  17125.90972157 +.00000521 +00000-0 +33326-3 0  9997
2 34474 074.0807 322.6010 0234881 070.4005 056.6365 13.92906821416380
0 COSMOS 2251 DEB
1 34474U 93036TT  17126.61571632 +.00000494 +00000-0 +31664-3 0  9991
2 34474 074.0807 321.3958 0234887 069.0346 356.8154 13.92907420416483
0 COSMOS 2251 DEB
1 34474U 93036TT  17126.91421380 +.00000473 +00000-0 +30380-3 0  9999
2 34474 074.0806 320.8861 0234883 068.4552 053.6193 13.92907544416524
0 COSMOS 2251 DEB
1 34474U 93036TT  17127.62008220 +.00000460 +00000-0 +29591-3 0  9990
2 34474 074.0806 319.6810 0234883 067.0901 353.1677 13.92908276416626
0 COSMOS 2251 DEB
1 34474U 93036TT  17127.91872108 +.00000445 +00000-0 +28659-3 0  9993
2 34474 074.0805 319.1712 0234878 066.5123 050.6805 13.92908474416661
0 COSMOS 2251 DEB
1 34474U 93036TT  17128.62652813 +.00000422 +00000-0 +27255-3 0  9997
2 34474 074.0805 317.9629 0234871 065.1413 359.9549 13.92909159416766
0 COSMOS 2251 DEB
1 34474U 93036TT  17128.92339052 +.00000407 +00000-0 +26366-3 0  9992
2 34474 074.0805 317.4562 0234864 064.5651 048.5625 13.92909363416804
0 COSMOS 2251 DEB
1 34474U 93036TT  17129.63303545 +.00000365 +00000-0 +23738-3 0  9992
2 34474 074.0804 316.2447 0234855 063.1886 007.0562 13.92909864416904
0 COSMOS 2251 DEB
1 34474U 93036TT  17129.92927757 +.00000354 +00000-0 +23056-3 0  9992
2 34474 074.0805 315.7390 0234851 062.6120 052.5557 13.92910057416946
0 COSMOS 2251 DEB
1 34474U 93036TT  17131.56929153 +.00000327 +00000-0 +21418-3 0  9997
2 34474 074.0804 312.9393 0234825 059.4303 356.3639 13.92911289417175
0 COSMOS 2251 DEB
1 34474U 93036TT  17131.85844045 +.00000316 +00000-0 +20726-3 0  9994
2 34474 074.0804 312.4457 0234801 058.8753 006.2882 13.92911399417530
0 COSMOS 2251 DEB
1 34474U 93036TT  17132.57606444 +.00000275 +00000-0 +18249-3 0  9994
2 34474 074.0804 311.2206 0234795 057.4789 004.8009 13.92911663417310
0 COSMOS 2251 DEB
1 34474U 93036TT  17132.94722434 +.00000269 +00000-0 +17897-3 0  9994
2 34474 074.0804 310.5870 0234775 056.7593 065.9738 13.92911874417368
0 COSMOS 2251 DEB
1 34474U 93036TT  17135.89675456 +.00000168 +00000-0 +11661-3 0  9993
2 34474 074.0803 305.5518 0234619 051.0326 096.3415 13.92913089418102
0 COSMOS 2251 DEB
1 34474U 93036TT  17136.52469804 +.00000164 +00000-0 +11461-3 0  9996
2 34474 074.0803 304.4798 0234633 049.8050 005.1615 13.92913270417869
0 COSMOS 2251 DEB
1 34474U 93036TT  17136.89622552 +.00000156 +00000-0 +10958-3 0  9998
2 34474 074.0804 303.8456 0234602 049.0835 068.1798 13.92913293417915
0 COSMOS 2251 DEB
1 34474U 93036TT  17137.60618293 +.00000160 +00000-0 +11193-3 0  9992
2 34474 074.0803 302.6335 0234571 047.7023 028.2530 13.92913509418019
0 COSMOS 2251 DEB
1 34474U 93036TT  17137.90194927 +.00000173 +00000-0 +11977-3 0  9992
2 34474 074.0804 302.1287 0234569 047.1268 071.3703 13.92913662418058
0 COSMOS 2251 DEB
1 34474U 93036TT  17138.53669642 +.00000165 +00000-0 +11505-3 0  9991
2 34474 074.0804 301.0451 0234541 045.8910 014.3048 13.92913853418149
0 COSMOS 2251 DEB
1 34474U 93036TT  17138.90777181 +.00000154 +00000-0 +10848-3 0  9997
2 34474 074.0804 300.4117 0234506 045.1671 075.0607 13.92913904418196
0 COSMOS 2251 DEB
1 34474U 93036TT  17139.54240017 +.00000128 +00000-0 +92135-4 0  9992
2 34474 074.0805 299.3285 0234470 043.9309 017.4006 13.92914006418606
0 COSMOS 2251 DEB
1 34474U 93036TT  17139.84010611 +.00000123 +00000-0 +88959-4 0  9994
2 34474 074.0804 298.8202 0234455 043.3492 070.2472 13.92914076418328
0 COSMOS 2251 DEB
1 34474U 93036TT  17140.54881098 +.00000124 +00000-0 +90068-4 0  9993
2 34474 074.0804 297.6103 0234419 041.9641 024.0500 13.92914450418746
0 COSMOS 2251 DEB
1 34474U 93036TT  17140.84599889 +.00000117 +00000-0 +85842-4 0  9996
2 34474 074.0804 297.1029 0234398 041.3842 074.2984 13.92914499418466
0 COSMOS 2251 DEB
1 34474U 93036TT  17141.48012201 +.00000101 +00000-0 +75986-4 0  9996
2 34474 074.0804 296.0204 0234362 040.1478 014.1075 13.92914650418555
0 COSMOS 2251 DEB
1 34474U 93036TT  17141.85217608 +.00000111 +00000-0 +82159-4 0  9996
2 34474 074.0804 295.3853 0234340 039.4214 079.7731 13.92914814418921
0 COSMOS 2251 DEB
1 34474U 93036TT  17142.85767819 +.00000110 +00000-0 +81685-4 0  9993
2 34474 074.0804 293.6689 0234288 037.4588 081.8648 13.92915081419066
0 COSMOS 2251 DEB
1 34474U 93036TT  17143.49305545 +.00000103 +00000-0 +77162-4 0  9995
2 34474 074.0804 292.5842 0234248 036.2182 027.9660 13.92915241418835
0 COSMOS 2251 DEB
1 34474U 93036TT  17143.86301531 +.00000098 +00000-0 +73939-4 0  9998
2 34474 074.0804 291.9527 0234229 035.4948 083.1318 13.92915290419208
0 COSMOS 2251 DEB
1 34474U 93036TT  17144.49755742 +.00000089 +00000-0 +68346-4 0  9991
2 34474 074.0804 290.8695 0234205 034.2536 025.0482 13.92915474418970
0 COSMOS 2251 DEB
1 34474U 93036TT  17144.86938154 +.00000091 +00000-0 +69511-4 0  9990
2 34474 074.0804 290.2349 0234186 033.5264 089.5635 13.92915626419344
0 COSMOS 2251 DEB
1 34474U 93036TT  17145.50367752 +.00000067 +00000-0 +54776-4 0  9992
2 34474 074.0804 289.1521 0234153 032.2856 030.2463 13.92915739419112
0 COSMOS 2251 DEB
1 34474U 93036TT  17145.80158928 +.00000062 +00000-0 +52058-4 0  9994
2 34474 074.0804 288.6436 0234137 031.7015 084.1286 13.92915783419158
0 COSMOS 2251 DEB
1 34474U 93036TT  17146.51033907 +.00000059 +00000-0 +50118-4 0  9993
2 34474 074.0804 287.4337 0234093 030.3138 038.1623 13.92915998419250
0 COSMOS 2251 DEB
1 34474U 93036TT  17146.80710090 +.00000058 +00000-0 +49658-4 0  9996
2 34474 074.0804 286.9271 0234077 029.7326 086.2778 13.92916033419294
0 COSMOS 2251 DEB
1 34474U 93036TT  17147.51649200 +.00000050 +00000-0 +44398-4 0  9997
2 34474 074.0804 285.7161 0234048 028.3441 043.5261 13.92916072419713
0 COSMOS 2251 DEB
1 34474U 93036TT  17147.81271125 +.00000058 +00000-0 +49335-4 0  9991
2 34474 074.0804 285.2103 0234031 027.7638 088.9208 13.92916108419430
0 COSMOS 2251 DEB
1 34474U 93036TT  17148.81880535 +.00000130 +00000-0 +93716-4 0  9996
2 34474 074.0805 283.4928 0233985 025.7957 093.9910 13.92916673419898
0 COSMOS 2251 DEB
1 34474U 93036TT  17149.45314212 +.00000140 +00000-0 +99951-4 0  9999
2 34474 074.0805 282.4099 0233956 024.5539 034.8815 13.92916895419666
0 COSMOS 2251 DEB
1 34474U 93036TT  17149.82474441 +.00000166 +00000-0 +11589-3 0  9999
2 34474 074.0805 281.7755 0233942 023.8258 098.2878 13.92917159420032
0 COSMOS 2251 DEB
1 34474U 93036TT  17150.45879649 +.00000165 +00000-0 +11535-3 0  9999
2 34474 074.0806 280.6931 0233910 022.5823 037.7548 13.92917440419804
0 COSMOS 2251 DEB
1 34474U 93036TT  17150.75745047 +.00000168 +00000-0 +11727-3 0  9992
2 34474 074.0806 280.1834 0233898 021.9950 095.3627 13.92917571419847
0 COSMOS 2251 DEB
1 34474U 93036TT  17151.76197772 +.00000148 +00000-0 +10530-3 0  9999
2 34474 074.0807 278.4686 0233868 020.0230 092.5882 13.92917955419984
0 COSMOS 2251 DEB
1 34474U 93036TT  17152.76897331 +.00000131 +00000-0 +94804-4 0  9997
2 34474 074.0808 276.7496 0233841 018.0493 102.1881 13.92918258420441
0 COSMOS 2251 DEB
1 34474U 93036TT  17153.47743785 +.00000155 +00000-0 +10955-3 0  9999
2 34474 074.0808 275.5403 0233806 016.6590 054.8022 13.92918736420226
0 COSMOS 2251 DEB
1 34474U 93036TT  17154.40874803 +.00000157 +00000-0 +11093-3 0  9995
2 34474 074.0808 273.9505 0233770 014.8306 044.8814 13.92919051420674
0 COSMOS 2251 DEB
1 34474U 93036TT  17154.77993478 +.00000143 +00000-0 +10199-3 0  9996
2 34474 074.0808 273.3169 0233762 014.1007 106.2083 13.92919072420401
0 COSMOS 2251 DEB
1 34474U 93036TT  17155.41467566 +.00000139 +00000-0 +99679-4 0  9998
2 34474 074.0808 272.2334 0233746 012.8550 049.1340 13.92919316420810
0 COSMOS 2251 DEB
1 34474U 93036TT  17155.78551060 +.00000141 +00000-0 +10094-3 0  9997
2 34474 074.0808 271.6004 0233738 012.1250 108.6983 13.92919445420545
0 COSMOS 2251 DEB
1 34474U 93036TT  17156.42000475 +.00000113 +00000-0 +84042-4 0  9992
2 34474 074.0809 270.5174 0233717 010.8772 050.3896 13.92919545420955
0 COSMOS 2251 DEB
1 34474U 93036TT  17156.71827094 +.00000131 +00000-0 +94784-4 0  9992
2 34474 074.0809 270.0082 0233716 010.2906 106.0558 13.92919764420676
0 COSMOS 2251 DEB
1 34474U 93036TT  17157.42607119 +.00000104 +00000-0 +78360-4 0  9997
2 34474 074.0808 268.8000 0233699 008.8992 055.3424 13.92919829421095
0 COSMOS 2251 DEB
1 34474U 93036TT  17157.64075410 +.00000129 +00000-0 +93874-4 0  9998
2 34474 074.0809 268.4335 0233682 008.4742 051.8808 13.92920066420804
0 COSMOS 2251 DEB
1 34474U 93036TT  17158.43351403 +.00000116 +00000-0 +86009-4 0  9993
2 34474 074.0809 267.0803 0233666 006.9173 067.1998 13.92920198421236
0 COSMOS 2251 DEB
1 34474U 93036TT  17159.36307885 +.00000160 +00000-0 +11321-3 0  9994
2 34474 074.0809 265.4935 0233650 005.0910 048.5333 13.92920643421046
0 COSMOS 2251 DEB
1 34474U 93036TT  17159.74165968 +.00000167 +00000-0 +11729-3 0  9999
2 34474 074.0809 264.8473 0233649 004.3467 146.9401 13.92920743421425
0 COSMOS 2251 DEB
1 34474U 93036TT  17160.65826569 +.00000187 +00000-0 +12934-3 0  9993
2 34474 074.0809 263.2827 0233640 002.5430 063.2954 13.92921081421220
0 COSMOS 2251 DEB
1 34474U 93036TT  17161.37520885 +.00000195 +00000-0 +13434-3 0  9990
2 34474 074.0809 262.0588 0233636 001.1334 058.4344 13.92921439421646
0 COSMOS 2251 DEB
1 34474U 93036TT  17162.59603188 +.00000202 +00000-0 +13873-3 0  9999
2 34474 074.0809 259.9748 0233633 358.7301 060.3031 13.92922022421498
0 COSMOS 2251 DEB
1 34474U 93036TT  17162.96678420 +.00000214 +00000-0 +14604-3 0  9997
2 34474 074.0810 259.3419 0233638 358.0034 119.4543 13.92922313421543
0 COSMOS 2251 DEB
1 34474U 93036TT  17163.38746448 +.00000206 +00000-0 +14154-3 0  9991
2 34474 074.0810 258.6239 0233633 357.1776 068.9710 13.92922423421921
0 COSMOS 2251 DEB
1 34474U 93036TT  17163.69192264 +.00000243 +00000-0 +16439-3 0  9995
2 34474 074.0809 258.1041 0233635 356.5790 155.6901 13.92922782421649
0 COSMOS 2251 DEB
1 34474U 93036TT  17164.60761899 +.00000274 +00000-0 +18310-3 0  9997
2 34474 074.0810 256.5410 0233639 354.7797 067.4891 13.92923383421774
0 COSMOS 2251 DEB
1 34474U 93036TT  17164.69736731 +.00000283 +00000-0 +18885-3 0  9990
2 34474 074.0810 256.3878 0233642 354.6040 157.5352 13.92923473421788
0 COSMOS 2251 DEB
1 34474U 93036TT  17165.61348559 +.00000308 +00000-0 +20449-3 0  9997
2 34474 074.0808 254.8239 0233635 352.8041 071.4520 13.92924072421914
0 COSMOS 2251 DEB
1 34474U 93036TT  17165.70291461 +.00000319 +00000-0 +21085-3 0  9995
2 34474 074.0808 254.6711 0233632 352.6305 159.8960 13.92924186421921
0 COSMOS 2251 DEB
1 34474U 93036TT  17166.24699479  .00000264  00000-0  16247-3 0  9999
2 34474  74.0766 253.7402 0233545 351.6758   8.1054 13.92923830422325
0 COSMOS 2251 DEB
1 34474U 93036TT  17166.33057455 +.00000307 +00000-0 +20374-3 0  9995
2 34474 074.0808 253.5997 0233641 351.3979 067.3263 13.92924535422016
0 COSMOS 2251 DEB
1 34474U 93036TT  17167.63540233 +.00000284 +00000-0 +18947-3 0  9997
2 34474 074.0808 251.3725 0233669 348.8318 130.4529 13.92925306422192
0 COSMOS 2251 DEB
1 34474U 93036TT  17167.92292917 +.00000312 +00000-0 +20671-3 0  9991
2 34474 074.0808 250.8816 0233685 348.2671 132.2719 13.92925727422234
0 COSMOS 2251 DEB
1 34474U 93036TT  17168.26846663 +.00000338 +00000-0 +22279-3 0  9996
2 34474 074.0808 250.2917 0233689 347.5870 064.9897 13.92926173422286
0 COSMOS 2251 DEB
1 34474U 93036TT  17168.64063260 +.00000330 +00000-0 +21808-3 0  9991
2 34474 074.0808 249.6565 0233700 346.8553 131.2366 13.92926381422337
0 COSMOS 2251 DEB
1 34474U 93036TT  17169.34935094 +.00000354 +00000-0 +23281-3 0  9995
2 34474 074.0808 248.4467 0233718 345.4650 085.1430 13.92927092422752
0 COSMOS 2251 DEB
1 34474U 93036TT  17169.65306977 +.00000365 +00000-0 +23963-3 0  9990
2 34474 074.0808 247.9283 0233728 344.8686 168.1581 13.92927345422474
0 COSMOS 2251 DEB
1 34474U 93036TT  17170.27952572 +.00000381 +00000-0 +24943-3 0  9995
2 34474 074.0807 246.8589 0233742 343.6408 069.5555 13.92927893422568
0 COSMOS 2251 DEB
1 34474U 93036TT  17170.35500958 +.00000342 +00000-0 +22570-3 0  9992
2 34474 074.0807 246.7300 0233744 343.4927 088.0721 13.92927646422897
0 COSMOS 2251 DEB
1 34474U 93036TT  17171.36289574 +.00000425 +00000-0 +27658-3 0  9996
2 34474 074.0806 245.0095 0233767 341.5159 102.1778 13.92928926422713
0 COSMOS 2251 DEB
1 34474U 93036TT  17171.36289574 +.00000425 +00000-0 +27658-3 0  9996
2 34474 074.0806 245.0095 0233767 341.5159 102.1778 13.92928926423039
0 COSMOS 2251 DEB
1 34474U 93036TT  17172.29297821 +.00000396 +00000-0 +25891-3 0  9997
2 34474 074.0806 243.4218 0233801 339.6895 086.1347 13.92929481422840
0 COSMOS 2251 DEB
1 34474U 93036TT  17173.29766818 +.00000403 +00000-0 +26303-3 0  9993
2 34474 074.0805 241.7067 0233838 337.7130 084.2235 13.92930413422980
0 COSMOS 2251 DEB
1 34474U 93036TT  17173.88342858 +.00000446 +00000-0 +28944-3 0  9992
2 34474 074.0805 240.7068 0233862 336.5746 141.5496 13.92931254423067
0 COSMOS 2251 DEB
1 34474U 93036TT  17174.59157589 +.00000454 +00000-0 +29430-3 0  9996
2 34474 074.0805 239.4979 0233888 335.1832 092.6064 13.92931947423169
0 COSMOS 2251 DEB
1 34474U 93036TT  17175.61421382 +.00000465 +00000-0 +30119-3 0  9993
2 34474 074.0806 237.7522 0233931 333.1805 180.6956 13.92932906423302
0 COSMOS 2251 DEB
1 34474U 93036TT  17176.24050897 +.00000478 +00000-0 +30943-3 0  9991
2 34474 074.0806 236.6830 0233951 331.9559 081.2967 13.92933567423713
0 COSMOS 2251 DEB
1 34474U 93036TT  17176.61963800 +.00000498 +00000-0 +32164-3 0  9998
2 34474 074.0806 236.0359 0233967 331.2141 182.4675 13.92934036423442
0 COSMOS 2251 DEB
1 34474U 93036TT  17177.24803205 +.00000520 +00000-0 +33499-3 0  9998
2 34474 074.0805 234.9631 0233985 329.9842 093.5980 13.92934838423534
0 COSMOS 2251 DEB
1 34474U 93036TT  17177.53570696 +.00000515 +00000-0 +33183-3 0  9999
2 34474 074.0805 234.4720 0233999 329.4201 096.1674 13.92935092423898
0 COSMOS 2251 DEB
1 34474U 93036TT  17178.55926318 +.00000479 +00000-0 +30971-3 0  9999
2 34474 074.0804 232.7245 0234032 327.4218 188.8678 13.92936018424045
0 COSMOS 2251 DEB
1 34474U 93036TT  17179.26069434 +.00000451 +00000-0 +29256-3 0  9999
2 34474 074.0802 231.5267 0234054 326.0503 106.2521 13.92936660423818
0 COSMOS 2251 DEB
1 34474U 93036TT  17179.84419277 +.00000503 +00000-0 +32427-3 0  9999
2 34474 074.0802 230.5305 0234058 324.9181 152.2478 13.92937679424211
0 COSMOS 2251 DEB
1 34474U 93036TT  17180.47935363 +.00000488 +00000-0 +31558-3 0  9995
2 34474 074.0803 229.4465 0234113 323.6637 097.3304 13.92938328423982
0 COSMOS 2251 DEB
1 34474U 93036TT  17181.49851473 +.00000496 +00000-0 +32045-3 0  9998
2 34474 074.0802 227.7068 0234147 321.6726 168.0043 13.92939416424127
0 COSMOS 2251 DEB
1 34474U 93036TT  17182.12456052 +.00000509 +00000-0 +32807-3 0  9994
2 34474 074.0801 226.6380 0234169 320.4504 067.3683 13.92940174424210
0 COSMOS 2251 DEB
1 34474U 93036TT  17183.50849682 +.00000558 +00000-0 +35831-3 0  9996
2 34474 074.0800 224.2754 0234228 317.7467 167.2523 13.92942033424726
0 COSMOS 2251 DEB
1 34474U 93036TT  17183.92730932 +.00000536 +00000-0 +34511-3 0  9999
2 34474 074.0800 223.5606 0234256 316.9306 107.4261 13.92942330424464
0 COSMOS 2251 DEB
1 34474U 93036TT  17184.21382236 +.00000507 +00000-0 +32696-3 0  9992
2 34474 074.0801 223.0714 0234261 316.3665 104.1787 13.92942475424500
0 COSMOS 2251 DEB
1 34474U 93036TT  17184.51226104 +.00000507 +00000-0 +32673-3 0  9991
2 34474 074.0801 222.5619 0234274 315.7842 160.7294 13.92942789424860
0 COSMOS 2251 DEB
1 34474U 93036TT  17184.93273927 +.00000539 +00000-0 +34652-3 0  9996
2 34474 074.0801 221.8442 0234299 314.9631 109.2621 13.92943516424603
0 COSMOS 2251 DEB
1 34474U 93036TT  17185.22071979 +.00000499 +00000-0 +32180-3 0  9991
2 34474 074.0801 221.3524 0234310 314.4037 113.3670 13.92943593424647
0 COSMOS 2251 DEB
1 34474U 93036TT  17185.51876177 +.00000500 +00000-0 +32271-3 0  9990
2 34474 074.0801 220.8436 0234325 313.8224 167.9291 13.92943902425009
0 COSMOS 2251 DEB
1 34474U 93036TT  17186.22604660 +.00000521 +00000-0 +33547-3 0  9995
2 34474 074.0801 219.6362 0234351 312.4424 114.6847 13.92944827424786
0 COSMOS 2251 DEB
1 34474U 93036TT  17186.52400118 +.00000529 +00000-0 +34032-3 0  9998
2 34474 074.0800 219.1274 0234358 311.8611 168.8102 13.92945167425144
0 COSMOS 2251 DEB
1 34474U 93036TT  17187.53620284 +.00000528 +00000-0 +33989-3 0  9997
2 34474 074.0800 217.3994 0234392 309.8895 204.6043 13.92946245424962
0 COSMOS 2251 DEB
1 34474U 93036TT  17187.53620284 +.00000528 +00000-0 +33989-3 0  9997
2 34474 074.0800 217.3994 0234392 309.8895 204.6043 13.92946245425299
0 COSMOS 2251 DEB
1 34474U 93036TT  17188.46255924 +.00000536 +00000-0 +34474-3 0  9994
2 34474 074.0800 215.8180 0234428 308.0841 169.9233 13.92947332425091
0 COSMOS 2251 DEB
1 34474U 93036TT  17189.46770612 +.00000568 +00000-0 +36442-3 0  9993
2 34474 074.0800 214.1021 0234454 306.1326 170.3450 13.92948823425232
0 COSMOS 2251 DEB
1 34474U 93036TT  17190.55450983 +.00000554 +00000-0 +35586-3 0  9994
2 34474 074.0799 212.2468 0234494 304.0173 220.2521 13.92950076425714
0 COSMOS 2251 DEB
1 34474U 93036TT  17191.48579399 +.00000588 +00000-0 +37680-3 0  9994
2 34474 074.0799 210.6569 0234518 302.2046 210.2936 13.92951441425518
0 COSMOS 2251 DEB
1 34474U 93036TT  17192.11238125 +.00000582 +00000-0 +37301-3 0  9998
2 34474 074.0800 209.5872 0234507 300.9877 112.3926 13.92952149425922
0 COSMOS 2251 DEB
1 34474U 93036TT  17192.49135707 +.00000595 +00000-0 +38095-3 0  9996
2 34474 074.0800 208.9402 0234515 300.2513 212.8146 13.92952630425658
0 COSMOS 2251 DEB
1 34474U 93036TT  17193.11793966 +.00000599 +00000-0 +38317-3 0  9994
2 34474 074.0799 207.8705 0234521 299.0336 114.8945 13.92953430426067
0 COSMOS 2251 DEB
1 34474U 93036TT  17193.49086803 +.00000581 +00000-0 +37258-3 0  9994
2 34474 074.0799 207.2339 0234528 298.3092 184.9920 13.92953742425798
0 COSMOS 2251 DEB
1 34474U 93036TT  17194.48603396 +.00000602 +00000-0 +38501-3 0  9992
2 34474 074.0799 205.5348 0234551 296.3756 135.3857 13.92955113425939
0 COSMOS 2251 DEB
1 34474U 93036TT  17195.42865167 +.00000592 +00000-0 +37907-3 0  9990
2 34474 074.0798 203.9257 0234560 294.5424 182.2749 13.92956264426065
0 COSMOS 2251 DEB
1 34474U 93036TT  17196.43423034 +.00000642 +00000-0 +41004-3 0  9994
2 34474 074.0799 202.2089 0234548 292.5898 184.8921 13.92957815426209
0 COSMOS 2251 DEB
1 34474U 93036TT  17197.44726808 +.00000666 +00000-0 +42479-3 0  9994
2 34474 074.0800 200.4795 0234538 290.6236 224.9172 13.92959169426679
0 COSMOS 2251 DEB
1 34474U 93036TT  17198.45268380 +.00000749 +00000-0 +47550-3 0  9999
2 34474 074.0801 198.7631 0234524 288.6780 226.7219 13.92960986426811
0 COSMOS 2251 DEB
1 34474U 93036TT  17199.45106889 +.00000737 +00000-0 +46811-3 0  9991
2 34474 074.0800 197.0582 0234542 286.7401 193.2813 13.92962299426622
0 COSMOS 2251 DEB
1 34474U 93036TT  17200.38512648 +.00000689 +00000-0 +43866-3 0  9993
2 34474 074.0801 195.4636 0234517 284.9264 197.2648 13.92963355426752
0 COSMOS 2251 DEB
1 34474U 93036TT  17200.93989147 +.00000666 +00000-0 +42489-3 0  9991
2 34474 074.0803 194.5167 0234519 283.8528 099.2225 13.92964063426834
0 COSMOS 2251 DEB
1 34474U 93036TT  17201.38954007 +.00000637 +00000-0 +40693-3 0  9991
2 34474 074.0803 193.7489 0234474 282.9766 194.0642 13.92964529426896
0 COSMOS 2251 DEB
1 34474U 93036TT  17202.02328889 +.00000607 +00000-0 +38830-3 0  9993
2 34474 074.0803 192.6670 0234456 281.7468 132.1059 13.92965317426983
0 COSMOS 2251 DEB
1 34474U 93036TT  17202.47703899 +.00000570 +00000-0 +36556-3 0  9992
2 34474 074.0804 191.8923 0234439 280.8673 247.5130 13.92965732427371
0 COSMOS 2251 DEB
1 34474U 93036TT  17202.95144926 +.00000580 +00000-0 +37177-3 0  9996
2 34474 074.0804 191.0824 0234425 279.9474 106.5259 13.92966473427117
0 COSMOS 2251 DEB
1 34474U 93036TT  17203.40885032 +.00000586 +00000-0 +37543-3 0  9990
2 34474 074.0804 190.3015 0234418 279.0590 240.2462 13.92967163427178
0 COSMOS 2251 DEB
1 34474U 93036TT  17203.95713451 +.00000570 +00000-0 +36591-3 0  9990
2 34474 074.0804 189.3654 0234403 277.9956 109.7155 13.92967850427252
0 COSMOS 2251 DEB
1 34474U 93036TT  17204.41355687 +.00000569 +00000-0 +36495-3 0  9996
2 34474 074.0805 188.5861 0234383 277.1108 238.5278 13.92968448427310
0 COSMOS 2251 DEB
1 34474U 93036TT  17204.96270594 +.00000554 +00000-0 +35569-3 0  9994
2 34474 074.0805 187.6487 0234363 276.0454 112.3373 13.92969145427392
0 COSMOS 2251 DEB
1 34474U 93036TT  17205.41922531 +.00000544 +00000-0 +34987-3 0  9992
2 34474 074.0804 186.8691 0234361 275.1625 241.6356 13.92969649427450
0 COSMOS 2251 DEB
1 34474U 93036TT  17206.04648369 +.00000513 +00000-0 +33046-3 0  9997
2 34474 074.0804 185.7982 0234333 273.9439 147.1428 13.92970315427541
0 COSMOS 2251 DEB
1 34474U 93036TT  17206.42671083 +.00000521 +00000-0 +33571-3 0  9990
2 34474 074.0804 185.1490 0234273 273.2034 253.8688 13.92970923427926
0 COSMOS 2251 DEB
1 34474U 93036TT  17207.26725786 +.00000508 +00000-0 +32749-3 0  9994
2 34474 074.0804 183.7140 0234244 271.5708 148.9570 13.92971938427717
0 COSMOS 2251 DEB
1 34474U 93036TT  17207.34116993 +.00000522 +00000-0 +33641-3 0  9995
2 34474 074.0805 183.5878 0234233 271.4269 159.6044 13.92972130427724
0 COSMOS 2251 DEB
1 34474U 93036TT  17208.36345191 +.00000499 +00000-0 +32231-3 0  9999
2 34474 074.0805 181.8425 0234170 269.4426 246.0401 13.92973216427864
0 COSMOS 2251 DEB
1 34474U 93036TT  17209.36892067 +.00000488 +00000-0 +31561-3 0  9992
2 34474 074.0806 180.1260 0234094 267.4913 248.1664 13.92974296428334
0 COSMOS 2251 DEB
1 34474U 93036TT  17210.29567403 +.00000510 +00000-0 +32916-3 0  9990
2 34474 074.0807 178.5439 0234050 265.6914 215.5649 13.92975535428133
0 COSMOS 2251 DEB
1 34474U 93036TT  17211.37434233 +.00000445 +00000-0 +28923-3 0  9994
2 34474 074.0809 176.7026 0233946 263.5933 224.7753 13.92976216428289
0 COSMOS 2251 DEB
1 34474U 93036TT  17212.59404229 +.00000405 +00000-0 +26439-3 0  9997
2 34474 074.0810 174.6202 0233857 261.2251 221.2206 13.92977201428452
0 COSMOS 2251 DEB
1 34474U 93036TT  17212.93964126 +.00000404 +00000-0 +26408-3 0  9997
2 34474 074.0810 174.0302 0233833 260.5520 154.3033 13.92977543428501
0 COSMOS 2251 DEB
1 34474U 93036TT  17213.31823060 +.00000420 +00000-0 +27340-3 0  9995
2 34474 074.0811 173.3839 0233821 259.8170 252.8225 13.92978011428551
0 COSMOS 2251 DEB
1 34474U 93036TT  17213.94515793 +.00000375 +00000-0 +24629-3 0  9991
2 34474 074.0812 172.3136 0233769 258.6002 156.6845 13.92978268428646
0 COSMOS 2251 DEB
1 34474U 93036TT  17214.95061324 +.00000390 +00000-0 +25558-3 0  9998
2 34474 074.0813 170.5971 0233693 256.6444 158.7663 13.92979241428786
0 COSMOS 2251 DEB
1 34474U 93036TT  17215.32256905 +.00000406 +00000-0 +26487-3 0  9991
2 34474 074.0813 169.9621 0233667 255.9218 224.0213 13.92979580429158
0 COSMOS 2251 DEB
1 34474U 93036TT  17215.95794559 +.00000394 +00000-0 +25745-3 0  9994
2 34474 074.0814 168.8774 0233616 254.6839 170.2637 13.92980083428921
0 COSMOS 2251 DEB
1 34474U 93036TT  17216.33536950 +.00000400 +00000-0 +26129-3 0  9991
2 34474 074.0814 168.2330 0233592 253.9505 262.9412 13.92980393429305
0 COSMOS 2251 DEB
1 34474U 93036TT  17216.89138696 +.00000402 +00000-0 +26255-3 0  9999
2 34474 074.0814 167.2838 0233551 252.8674 171.2208 13.92980922429052
0 COSMOS 2251 DEB
1 34474U 93036TT  17217.34127838 +.00000394 +00000-0 +25807-3 0  9998
2 34474 074.0814 166.5159 0233521 251.9922 267.3056 13.92981239429446
0 COSMOS 2251 DEB
1 34474U 93036TT  17217.96882538 +.00000354 +00000-0 +23317-3 0  9991
2 34474 074.0814 165.4445 0233470 250.7697 174.2867 13.92981468429205
0 COSMOS 2251 DEB
1 34474U 93036TT  17218.55464330 +.00000368 +00000-0 +24179-3 0  9995
2 34474 074.0815 164.4445 0233415 249.6314 232.0081 13.92982076429608
0 COSMOS 2251 DEB
1 34474U 93036TT  17218.90048626 +.00000367 +00000-0 +24131-3 0  9997
2 34474 074.0815 163.8540 0233401 248.9569 166.3216 13.92982382429335
0 COSMOS 2251 DEB
1 34474U 93036TT  17219.27920914 +.00000374 +00000-0 +24522-3 0  9999
2 34474 074.0815 163.2075 0233359 248.2214 265.5157 13.92982681429387
0 COSMOS 2251 DEB
1 34474U 93036TT  17219.90597356 +.00000366 +00000-0 +24050-3 0  9996
2 34474 074.0815 162.1375 0233307 246.9985 168.5790 13.92983132429478
0 COSMOS 2251 DEB
1 34474U 93036TT  17220.28471372 +.00000372 +00000-0 +24414-3 0  9999
2 34474 074.0815 161.4909 0233283 246.2598 267.8639 13.92983403429521
0 COSMOS 2251 DEB
1 34474U 93036TT  17220.56479233 +.00000368 +00000-0 +24167-3 0  9994
2 34474 074.0815 161.0128 0233264 245.7121 232.3887 13.92983605429880
0 COSMOS 2251 DEB
1 34474U 93036TT  17220.91153854 +.00000361 +00000-0 +23734-3 0  9993
2 34474 074.0815 160.4208 0233232 245.0346 171.2342 13.92983833429610
0 COSMOS 2251 DEB
1 34474U 93036TT  17221.29125024 +.00000367 +00000-0 +24106-3 0  9993
2 34474 074.0814 159.7727 0233205 244.2942 275.3921 13.92984117429669
0 COSMOS 2251 DEB
1 34474U 93036TT  17221.92037892  .00000349  00000-0  23009-3 0  9999
2 34474  74.0814 158.6986 0233151 243.0660 190.3150 13.92984479430076
0 COSMOS 2251 DEB
1 34474U 93036TT  17221.92037892 +.00000349 +00000-0 +23009-3 0  9999
2 34474 074.0814 158.6986 0233151 243.0660 190.3150 13.92984479429759
0 COSMOS 2251 DEB
1 34474U 93036TT  17222.29651199 +.00000368 +00000-0 +24190-3 0  9995
2 34474 074.0815 158.0564 0233113 242.3317 276.5296 13.92984891429807
0 COSMOS 2251 DEB
1 34474U 93036TT  17223.51023422 +.00000351 +00000-0 +23126-3 0  9993
2 34474 074.0815 155.9844 0233017 239.9611 243.0486 13.92985675430292
0 COSMOS 2251 DEB
1 34474U 93036TT  17223.93020156 +.00000339 +00000-0 +22404-3 0  9994
2 34474 074.0815 155.2675 0232975 239.1381 189.0850 13.92985900430032
0 COSMOS 2251 DEB
1 34474U 93036TT  17224.30861580 +.00000357 +00000-0 +23497-3 0  9993
2 34474 074.0816 154.6214 0232954 238.4035 286.7371 13.92986306430089
0 COSMOS 2251 DEB
1 34474U 93036TT  17224.86138812  .00000364  00000-0  23943-3 0  9993
2 34474  74.0815 153.6778 0232922 237.3194 178.7618 13.92986739430489
0 COSMOS 2251 DEB
1 34474U 93036TT  17224.93636561 +.00000356 +00000-0 +23429-3 0  9995
2 34474 074.0815 153.5498 0232918 237.1727 194.7559 13.92986723430173
0 COSMOS 2251 DEB
1 34474U 93036TT  17225.23991872 +.00000368 +00000-0 +24179-3 0  9994
2 34474 074.0815 153.0316 0232892 236.5806 277.0011 13.92986986430213
0 COSMOS 2251 DEB
1 34474U 93036TT  17225.86686885  .00000361  00000-0  23726-3 0  9998
2 34474  74.0816 151.9613 0232837 235.3540 181.0083 13.92987383430622
0 COSMOS 2251 DEB
1 34474U 93036TT  17226.24554656 +.00000378 +00000-0 +24777-3 0  9996
2 34474 074.0815 151.3148 0232807 234.6106 279.9916 13.92987750430355
0 COSMOS 2251 DEB
1 34474U 93036TT  17226.52485223 +.00000341 +00000-0 +22492-3 0  9992
2 34474 074.0815 150.8379 0232788 234.0646 240.6429 13.92987682430398
0 COSMOS 2251 DEB
1 34474U 93036TT  17226.87427740  .00000336  00000-0  22223-3 0  9996
2 34474  74.0815 150.2413 0232759 233.3802 192.9296 13.92987918430769
0 COSMOS 2251 DEB
1 34474U 93036TT  17227.25132455 +.00000335 +00000-0 +22172-3 0  9997
2 34474 074.0815 149.5976 0232731 232.6438 283.7320 13.92988139430494
0 COSMOS 2251 DEB
1 34474U 93036TT  17227.87917529  .00000316  00000-0  20962-3 0  9992
2 34474  74.0815 148.5258 0232682 231.4141 192.2596 13.92988471430903
0 COSMOS 2251 DEB
1 34474U 93036TT  17228.73345660 +.00000330 +00000-0 +21837-3 0  9997
2 34474 074.0815 147.0674 0232616 229.7471 156.2797 13.92989100430703
0 COSMOS 2251 DEB
1 34474U 93036TT  17229.26330373  .00000370  00000-0  24326-3 0  9991
2 34474  74.0815 146.1628 0232581 228.7106 293.3439 13.92989746431104
0 COSMOS 2251 DEB
1 34474U 93036TT  17229.47068378 +.00000384 +00000-0 +25188-3 0  9999
2 34474 074.0815 145.8089 0232564 228.3046 253.3091 13.92990016430809
0 COSMOS 2251 DEB
1 34474U 93036TT  17229.81673326 +.00000380 +00000-0 +24896-3 0  9993
2 34474 074.0815 145.2181 0232532 227.6243 188.6727 13.92990261430855
0 COSMOS 2251 DEB
1 34474U 93036TT  17230.47532675  .00000382  00000-0  25024-3 0  9994
2 34474  74.0815 144.0938 0232484 226.3332 251.3733 13.92990664431261
0 COSMOS 2251 DEB
1 34474U 93036TT  17230.82222712 +.00000360 +00000-0 +23686-3 0  9999
2 34474 074.0815 143.5016 0232444 225.6490 191.0061 13.92990750430994
0 COSMOS 2251 DEB
1 34474U 93036TT  17231.20065769 +.00000376 +00000-0 +24695-3 0  9997
2 34474 074.0815 142.8555 0232417 224.9089 288.7512 13.92991088431047
0 COSMOS 2251 DEB
1 34474U 93036TT  17231.48037132  .00000421  00000-0  27467-3 0  9991
2 34474  74.0815 142.3780 0232394 224.3590 251.4564 13.92991547431401
0 COSMOS 2251 DEB
1 34474U 93036TT  17231.91491935 +.00000395 +00000-0 +25855-3 0  9993
2 34474 074.0815 141.6361 0232371 223.5069 270.6216 13.92991740431148
0 COSMOS 2251 DEB
1 34474U 93036TT  17232.20634049 +.00000445 +00000-0 +28942-3 0  9997
2 34474 074.0814 141.1386 0232351 222.9368 292.0349 13.92992216431180
0 COSMOS 2251 DEB
1 34474U 93036TT  17232.75596205  .00000445  00000-0  28912-3 0  9995
2 34474  74.0814 140.2003 0232308 221.8573 168.2723 13.92992673431585
0 COSMOS 2251 DEB
1 34474U 93036TT  17233.21237878 +.00000455 +00000-0 +29519-3 0  9990
2 34474 074.0813 139.4211 0232279 220.9608 297.1070 13.92993047431326
0 COSMOS 2251 DEB
1 34474U 93036TT  17233.68870248 +.00000437 +00000-0 +28419-3 0  9993
2 34474 074.0812 138.6079 0232241 220.0243 165.7720 13.92993288431399
0 COSMOS 2251 DEB
1 34474U 93036TT  17234.13908802 +.00000407 +00000-0 +26618-3 0  9998
2 34474 074.0813 137.8391 0232209 219.1433 264.3587 13.92993447431778
0 COSMOS 2251 DEB
1 34474U 93036TT  17234.42660015 +.00000448 +00000-0 +29108-3 0  9993
2 34474 074.0813 137.3482 0232190 218.5811 266.1718 13.92993959431499
0 COSMOS 2251 DEB
1 34474U 93036TT  17235.15053685  .00000462  00000-0  30001-3 0  9993
2 34474  74.0813 136.1124 0232147 217.1635 296.5648 13.92994715431928
0 COSMOS 2251 DEB
1 34474U 93036TT  17236.43588163  .00000509  00000-0  32896-3 0  9995
2 34474  74.0813 133.9180 0232077 214.6422 262.3112 13.92996146432099
0 COSMOS 2251 DEB
1 34474U 93036TT  17237.15454734 +.00000496 +00000-0 +32085-3 0  9996
2 34474 074.0812 132.6912 0232038 213.2313 266.2788 13.92996717431879
0 COSMOS 2251 DEB
1 34474U 93036TT  17238.16096868  .00000479  00000-0  31030-3 0  9998
2 34474  74.0812 130.9731 0231960 211.2493 273.2941 13.92997602432334
0 COSMOS 2251 DEB
1 34474U 93036TT  17239.16712789 +.00000460 +00000-0 +29844-3 0  9996
2 34474 074.0812 129.2554 0231910 209.2713 278.9950 13.92998488432486
0 COSMOS 2251 DEB
1 34474U 93036TT  17239.80101611 +.00000469 +00000-0 +30376-3 0  9994
2 34474 074.0812 128.1732 0231897 208.0342 217.8201 13.92999219432249
0 COSMOS 2251 DEB
1 34474U 93036TT  17240.09820402 +.00000443 +00000-0 +28803-3 0  9997
2 34474 074.0811 127.6658 0231905 207.4586 268.1539 13.92999286432283
0 COSMOS 2251 DEB
1 34474U 93036TT  17240.80828076  .00000467  00000-0  30269-3 0  9996
2 34474  74.0810 126.4535 0231880 206.0667 229.0570 13.93000125432704
0 COSMOS 2251 DEB
1 34474U 93036TT  17241.10393090 +.00000482 +00000-0 +31203-3 0  9999
2 34474 074.0810 125.9488 0231864 205.4846 271.6911 13.93000505432422
0 COSMOS 2251 DEB
1 34474U 93036TT  17241.73835618 +.00000512 +00000-0 +33056-3 0  9997
2 34474 074.0809 124.8657 0231842 204.2406 213.2189 13.93001297432519
0 COSMOS 2251 DEB
1 34474U 93036TT  17242.11863823  .00000492  00000-0  31836-3 0  9990
2 34474  74.0809 124.2164 0231826 203.4977 320.2613 13.93001480432898
0 COSMOS 2251 DEB
1 34474U 93036TT  17242.66655538 +.00000554 +00000-0 +35634-3 0  9991
2 34474 074.0808 123.2810 0231837 202.4154 187.9763 13.93002332432646
0 COSMOS 2251 DEB
1 34474U 93036TT  17243.67198427  .00000568  00000-0  36525-3 0  9997
2 34474  74.0808 121.5645 0231791 200.4432 190.0250 13.93003304433107
0 COSMOS 2251 DEB
1 34474U 93036TT  17244.12792830 +.00000577 +00000-0 +37071-3 0  9993
2 34474 074.0808 120.7861 0231777 199.5496 316.5057 13.93003827432840
0 COSMOS 2251 DEB
1 34474U 93036TT  17245.13527751  .00000592  00000-0  37987-3 0  9996
2 34474  74.0807 119.0663 0231753 197.5713 328.1939 13.93004934433315
0 COSMOS 2251 DEB
1 34474U 93036TT  17245.76196733 +.00000570 +00000-0 +36640-3 0  9998
2 34474 074.0807 117.9964 0231749 196.3346 230.9460 13.93005438433072
0 COSMOS 2251 DEB
1 34474U 93036TT  17246.34711031  .00000605  00000-0  38753-3 0  9993
2 34474  74.0806 116.9973 0231730 195.1872 285.3425 13.93006260433474
0 COSMOS 2251 DEB
1 34474U 93036TT  17246.61653529 +.00000616 +00000-0 +39485-3 0  9995
2 34474 074.0806 116.5373 0231722 194.6567 196.4672 13.93006626433191
0 COSMOS 2251 DEB
1 34474U 93036TT  17246.69352397 +.00000620 +00000-0 +39675-3 0  9998
2 34474 074.0806 116.4059 0231720 194.5074 222.5517 13.93006752433202
0 COSMOS 2251 DEB
1 34474U 93036TT  17247.78349212 +.00000614 +00000-0 +39318-3 0  9998
2 34474 074.0806 114.5450 0231688 192.3712 288.5675 13.93007929433679
0 COSMOS 2251 DEB
1 34474U 93036TT  17248.78919259 +.00000652 +00000-0 +41687-3 0  9997
2 34474 074.0805 112.8279 0231675 190.3968 292.0044 13.93009416433814
0 COSMOS 2251 DEB
1 34474U 93036TT  17249.42539720 +.00000770 +00000-0 +48951-3 0  9992
2 34474 074.0805 111.7417 0231662 189.1491 242.4763 13.93010883433580
0 COSMOS 2251 DEB
1 34474U 93036TT  17249.79535556  .00000704  00000-0  44870-3 0  9998
2 34474  74.0805 111.1101 0231665 188.4242 297.7624 13.93011007433952
0 COSMOS 2251 DEB
1 34474U 93036TT  17250.43041227 +.00000746 +00000-0 +47442-3 0  9992
2 34474 074.0805 110.0259 0231654 187.1797 242.4807 13.93012144433721
0 COSMOS 2251 DEB
1 34474U 93036TT  17250.80123365  .00000792  00000-0  50274-3 0  9995
2 34474  74.0805 109.3928 0231651 186.4528 302.0988 13.93012985434105
0 COSMOS 2251 DEB
1 34474U 93036TT  17251.30280359 +.00000860 +00000-0 +54478-3 0  9994
2 34474 074.0806 108.5366 0231632 185.4716 297.4015 13.93014134433846
0 COSMOS 2251 DEB
1 34474U 93036TT  17252.02930686  .00000815  00000-0  51722-3 0  9998
2 34474  74.0806 107.2962 0231627 184.0481 340.7186 13.93015085434277
0 COSMOS 2251 DEB
1 34474U 93036TT  17252.30765226 +.00000843 +00000-0 +53456-3 0  9992
2 34474 074.0806 106.8210 0231619 183.5035 296.5843 13.93015732433982
0 COSMOS 2251 DEB
1 34474U 93036TT  17252.73883885 +.00001042 +00000-0 +65705-3 0  9993
2 34474 074.0805 106.0847 0231631 182.6571 298.9323 13.93017558434043
0 COSMOS 2251 DEB
1 34474U 93036TT  17253.58247172 +.00000736 +00000-0 +46851-3 0  9990
2 34474 074.0805 104.6443 0231639 181.0029 209.6448 13.93017189434168
0 COSMOS 2251 DEB
1 34474U 93036TT  17253.74577619  .00000724  00000-0  46110-3 0  9995
2 34474  74.0805 104.3655 0231641 180.6837 308.5958 13.93017373434514
0 COSMOS 2251 DEB
1 34474U 93036TT  17253.95904087 +.00000740 +00000-0 +47104-3 0  9993
2 34474 074.0804 104.0013 0231642 180.2665 298.0917 13.93017799434211
0 COSMOS 2251 DEB
1 34474U 93036TT  17254.03969351 +.00000738 +00000-0 +46966-3 0  9990
2 34474 074.0804 103.8636 0231641 180.1083 342.5552 13.93017927434225
0 COSMOS 2251 DEB
1 34474U 93036TT  17254.74970164  .00000715  00000-0  45504-3 0  9994
2 34474  74.0804 102.6514 0231645 178.7183 303.1604 13.93018935434642
0 COSMOS 2251 DEB
1 34474U 93036TT  17254.96476490 +.00000685 +00000-0 +43701-3 0  9994
2 34474 074.0804 102.2843 0231642 178.2974 301.6767 13.93019097434354
0 COSMOS 2251 DEB
1 34474U 93036TT  17255.75633546  .00000708  00000-0  45098-3 0  9996
2 34474  74.0803 100.9328 0231647 176.7490 311.3109 13.93020496434798
0 COSMOS 2251 DEB
1 34474U 93036TT  17256.96602122 +.00000625 +00000-0 +39946-3 0  9999
2 34474 074.0803 098.8673 0231649 174.3832 257.7492 13.93021886434637
0 COSMOS 2251 DEB
1 34474U 93036TT  17257.60947970 +.00000595 +00000-0 +38111-3 0  9993
2 34474 074.0802 097.7686 0231656 173.1249 244.6228 13.93022608434720
0 COSMOS 2251 DEB
1 34474U 93036TT  17257.69263299 +.00000597 +00000-0 +38257-3 0  9990
2 34474 074.0802 097.6266 0231656 172.9627 301.6275 13.93022737434730
0 COSMOS 2251 DEB
1 34474U 93036TT  17257.98096747  .00000624  00000-0  39866-3 0  9992
2 34474  74.0802  97.1343 0231656 172.3996 307.5940 13.93023282435094
0 COSMOS 2251 DEB
1 34474U 93036TT  17258.61494359 +.00000606 +00000-0 +38780-3 0  9998
2 34474 074.0802 096.0518 0231666 171.1602 246.9176 13.93024003434861
0 COSMOS 2251 DEB
1 34474U 93036TT  17258.69948772 +.00000611 +00000-0 +39068-3 0  9995
2 34474 074.0802 095.9075 0231676 170.9947 310.8981 13.93024136434870
0 COSMOS 2251 DEB
1 34474U 93036TT  17258.99473067  .00000611  00000-0  39064-3 0  9994
2 34474  74.0802  95.4034 0231678 170.4184 351.5103 13.93024491435244
0 COSMOS 2251 DEB
1 34474U 93036TT  17259.62052685 +.00000622 +00000-0 +39753-3 0  9991
2 34474 074.0802 094.3349 0231690 169.1961 249.8144 13.93025353435009
0 COSMOS 2251 DEB
1 34474U 93036TT  17259.70621580 +.00000616 +00000-0 +39390-3 0  9996
2 34474 074.0802 094.1886 0231693 169.0289 319.5355 13.93025410435012
0 COSMOS 2251 DEB
1 34474U 93036TT  17260.34105966  .00000612  00000-0  39146-3 0  9998
2 34474  74.0802  93.1046 0231692 167.7911 263.2123 13.93026171435423
0 COSMOS 2251 DEB
1 34474U 93036TT  17260.62745309 +.00000586 +00000-0 +37522-3 0  9996
2 34474 074.0802 092.6156 0231693 167.2331 259.4457 13.93026370435148
0 COSMOS 2251 DEB
1 34474U 93036TT  17260.92516444 +.00000598 +00000-0 +38251-3 0  9998
2 34474 074.0802 092.1073 0231695 166.6530 312.4388 13.93026826435180
0 COSMOS 2251 DEB
1 34474U 93036TT  17260.99816466 +.00000603 +00000-0 +38556-3 0  9997
2 34474 074.0802 091.9827 0231700 166.5107 318.5279 13.93026965435191
0 COSMOS 2251 DEB
1 34474U 93036TT  17261.93041529 +.00000586 +00000-0 +37557-3 0  9992
2 34474 074.0802 090.3909 0231699 164.6953 313.6737 13.93028096435327
0 COSMOS 2251 DEB
1 34474U 93036TT  17262.56460500  .00000559  00000-0  35878-3 0  9990
2 34474  74.0803  89.3080 0231703 163.4606 254.0746 13.93028774435730
0 COSMOS 2251 DEB
1 34474U 93036TT  17262.63975984 +.00000534 +00000-0 +34294-3 0  9999
2 34474 074.0802 089.1797 0231712 163.3151 270.9671 13.93028659435428
0 COSMOS 2251 DEB
1 34474U 93036TT  17262.93615844 +.00000557 +00000-0 +35759-3 0  9990
2 34474 074.0802 088.6736 0231716 162.7382 317.3793 13.93029194435468
0 COSMOS 2251 DEB
1 34474U 93036TT  17263.57006569  .00000554  00000-0  35557-3 0  9992
2 34474  74.0803  87.5912 0231720 161.5047 256.3664 13.93030016435872
0 COSMOS 2251 DEB
1 34474U 93036TT  17263.94073623 +.00000562 +00000-0 +36034-3 0  9998
2 34474 074.0803 086.9583 0231729 160.7845 315.2450 13.93030509435601
0 COSMOS 2251 DEB
1 34474U 93036TT  17264.57558726  .00000574  00000-0  36752-3 0  9990
2 34474  74.0803  85.8744 0231730 159.5499 258.9674 13.93031416436016
0 COSMOS 2251 DEB
1 34474U 93036TT  17264.57558726 +.00000574 +00000-0 +36752-3 0  9990
2 34474 074.0803 085.8744 0231730 159.5499 258.9674 13.93031416435699
0 COSMOS 2251 DEB
1 34474U 93036TT  17264.94707076 +.00000580 +00000-0 +37118-3 0  9999
2 34474 074.0804 085.2402 0231731 158.8288 321.9244 13.93031913435746
0 COSMOS 2251 DEB
1 34474U 93036TT  17265.58271744 +.00000584 +00000-0 +37356-3 0  9996
2 34474 074.0804 084.1548 0231738 157.5945 269.6379 13.93032771435838
0 COSMOS 2251 DEB
1 34474U 93036TT  17265.87054791  .00000595  00000-0  38096-3 0  9993
2 34474  74.0804  83.6633 0231714 157.0344 273.0845 13.93033172436192
0 COSMOS 2251 DEB
1 34474U 93036TT  17265.95259749 +.00000593 +00000-0 +37927-3 0  9992
2 34474 074.0804 083.5232 0231712 156.8750 324.5565 13.93033266435882
0 COSMOS 2251 DEB
1 34474U 93036TT  17266.58805597 +.00000573 +00000-0 +36685-3 0  9998
2 34474 074.0805 082.4381 0231713 155.6418 271.3274 13.93033937435976
0 COSMOS 2251 DEB
1 34474U 93036TT  17266.95806191  .00000591  00000-0  37819-3 0  9990
2 34474  74.0804  81.8062 0231716 154.9269 326.8747 13.93034512436346
0 COSMOS 2251 DEB
1 34474U 93036TT  17267.51973399 +.00000596 +00000-0 +38135-3 0  9995
2 34474 074.0803 080.8470 0231718 153.8412 263.6118 13.93035265436107
0 COSMOS 2251 DEB
1 34474U 93036TT  17267.89087194 +.00000614 +00000-0 +39246-3 0  9990
2 34474 074.0804 080.2133 0231709 153.1222 324.8392 13.93035816436151
0 COSMOS 2251 DEB
1 34474U 93036TT  17268.17873993  .00000624  00000-0  39842-3 0  9995
2 34474  74.0804  79.7218 0231705 152.5644 328.4753 13.93036274436515
0 COSMOS 2251 DEB
1 34474U 93036TT  17268.60041184 +.00000643 +00000-0 +40995-3 0  9994
2 34474 074.0805 079.0018 0231690 151.7440 283.1312 13.93036916436257
0 COSMOS 2251 DEB
1 34474U 93036TT  17268.89679554 +.00000655 +00000-0 +41748-3 0  9993
2 34474 074.0805 078.4958 0231671 151.1659 329.4768 13.93037323436294
0 COSMOS 2251 DEB
1 34474U 93036TT  17269.45350918  .00000702  00000-0  44678-3 0  9994
2 34474  74.0806  77.5452 0231663 150.0872 241.3550 13.93038258436693
0 COSMOS 2251 DEB
1 34474U 93036TT  17269.90815269 +.00000719 +00000-0 +45701-3 0  9995
2 34474 074.0807 076.7690 0231650 149.2057 001.3611 13.93038927436437
0 COSMOS 2251 DEB
1 34474U 93036TT  17270.45916715  .00000807  00000-0  51116-3 0  9990
2 34474  74.0807  75.8281 0231634 148.1379 244.6617 13.93040111436830
0 COSMOS 2251 DEB
1 34474U 93036TT  17270.82540573 +.00000786 +00000-0 +49826-3 0  9997
2 34474 074.0808 075.2028 0231623 147.4275 281.3259 13.93040516436568
0 COSMOS 2251 DEB
1 34474U 93036TT  17271.54282455  .00000871  00000-0  55102-3 0  9998
2 34474  74.0808  73.9778 0231601 146.0371 279.1408 13.93042174436982
0 COSMOS 2251 DEB
1 34474U 93036TT  17271.91322545 +.00000877 +00000-0 +55417-3 0  9999
2 34474 074.0809 073.3454 0231583 145.3206 336.6795 13.93042784436712
0 COSMOS 2251 DEB
1 34474U 93036TT  17272.54813110  .00000838  00000-0  53034-3 0  9992
2 34474  74.0809  72.2613 0231560 144.0895 280.6984 13.93043611437126
0 COSMOS 2251 DEB
1 34474U 93036TT  17272.92681456 +.00000853 +00000-0 +53981-3 0  9998
2 34474 074.0810 071.6148 0231537 143.3538 019.7806 13.93044406436850
0 COSMOS 2251 DEB
1 34474U 93036TT  17273.48024230 +.00000841 +00000-0 +53200-3 0  9992
2 34474 074.0811 070.6700 0231508 142.2836 275.1935 13.93045350436930
0 COSMOS 2251 DEB
1 34474U 93036TT  17273.85170324  .00000846  00000-0  53509-3 0  9996
2 34474  74.0812  70.0358 0231484 141.5642 338.0545 13.93046056437306
0 COSMOS 2251 DEB
1 34474U 93036TT  17274.48567363 +.00000808 +00000-0 +51212-3 0  9996
2 34474 074.0814 068.9536 0231452 140.3343 277.3929 13.93047052437074
0 COSMOS 2251 DEB
1 34474U 93036TT  17275.49113206  .00000774  00000-0  49079-3 0  9991
2 34474  74.0815  67.2370 0231400 138.3874 279.7323 13.93048743437535
0 COSMOS 2251 DEB
1 34474U 93036TT  17275.86895328 +.00000761 +00000-0 +48290-3 0  9994
2 34474 074.0816 066.5919 0231378 137.6554 014.4948 13.93049355437265
0 COSMOS 2251 DEB
1 34474U 93036TT  17276.49865404 +.00000714 +00000-0 +45402-3 0  9996
2 34474 074.0816 065.5168 0231363 136.4374 292.4254 13.93050247437351
0 COSMOS 2251 DEB
1 34474U 93036TT  17276.86790326 +.00000705 +00000-0 +44863-3 0  9997
2 34474 074.0817 064.8864 0231330 135.7225 344.2011 13.93050854437405
0 COSMOS 2251 DEB
1 34474U 93036TT  17277.50294253  .00000676  00000-0  43025-3 0  9993
2 34474  74.0818  63.8022 0231281 134.4928 288.9097 13.93051857437819
0 COSMOS 2251 DEB
1 34474U 93036TT  17277.50294253 +.00000676 +00000-0 +43025-3 0  9993
2 34474 074.0818 063.8022 0231281 134.4928 288.9097 13.93051857437493
0 COSMOS 2251 DEB
1 34474U 93036TT  17277.87348336 +.00000649 +00000-0 +41370-3 0  9996
2 34474 074.0818 063.1696 0231251 133.7759 347.1638 13.93052302437545
0 COSMOS 2251 DEB
1 34474U 93036TT  17278.87926620 +.00000609 +00000-0 +38897-3 0  9991
2 34474 074.0819 061.4526 0231151 131.8306 351.1461 13.93053692437682
0 COSMOS 2251 DEB
1 34474U 93036TT  17279.44066326  .00000618  00000-0  39502-3 0  9997
2 34474  74.0820  60.4942 0231112 130.7444 286.5453 13.93054650438085
0 COSMOS 2251 DEB
1 34474U 93036TT  17279.52369935 +.00000595 +00000-0 +38067-3 0  9997
2 34474 074.0820 060.3524 0231107 130.5846 342.9689 13.93054615437772
0 COSMOS 2251 DEB
1 34474U 93036TT  17279.82072552 +.00000594 +00000-0 +38003-3 0  9995
2 34474 074.0821 059.8453 0231080 130.0097 032.5520 13.93055036437819
0 COSMOS 2251 DEB
1 34474U 93036TT  17280.44615140  .00000587  00000-0  37579-3 0  9990
2 34474  74.0821  58.7775 0231032 128.7973 289.0587 13.93055858438228
0 COSMOS 2251 DEB
1 34474U 93036TT  17280.82577507 +.00000592 +00000-0 +37859-3 0  9993
2 34474 074.0822 058.1294 0230995 128.0612 032.8700 13.93056369437957
0 COSMOS 2251 DEB
1 34474U 93036TT  17281.45158959  .00000553  00000-0  35482-3 0  9996
2 34474  74.0822  57.0609 0230947 126.8482 291.3278 13.93056939438364
0 COSMOS 2251 DEB
1 34474U 93036TT  17282.45848360  .00000535  00000-0  34341-3 0  9992
2 34474  74.0822  55.3420 0230839 124.8962 300.9021 13.93058059438501
0 COSMOS 2251 DEB
1 34474U 93036TT  17282.82842384 +.00000522 +00000-0 +33552-3 0  9992
2 34474 074.0822 054.7104 0230799 124.1789 356.1538 13.93058411438236
0 COSMOS 2251 DEB
1 34474U 93036TT  17283.46367845  .00000505  00000-0  32543-3 0  9997
2 34474  74.0824  53.6258 0230748 122.9461 301.9596 13.93059029438646
0 COSMOS 2251 DEB
1 34474U 93036TT  17283.83407250 +.00000515 +00000-0 +33145-3 0  9993
2 34474 074.0824 052.9934 0230715 122.2266 359.4904 13.93059531438378
0 COSMOS 2251 DEB
1 34474U 93036TT  17284.76863670  .00000508  00000-0  32675-3 0  9997
2 34474  74.0825  51.3979 0230613 120.4145   6.3390 13.93060526438838
0 COSMOS 2251 DEB
1 34474U 93036TT  17285.48508965 +.00000535 +00000-0 +34399-3 0  9995
2 34474 074.0826 050.1748 0230545 119.0215 359.3646 13.93061530438602
0 COSMOS 2251 DEB
1 34474U 93036TT  17285.77224758  .00000522  00000-0  33568-3 0  9995
2 34474  74.0827  49.6846 0230513 118.4634 359.4673 13.93061757438969
0 COSMOS 2251 DEB
1 34474U 93036TT  17286.49067465 +.00000503 +00000-0 +32406-3 0  9994
2 34474 074.0828 048.4581 0230450 117.0670 002.3937 13.93062363438745
0 COSMOS 2251 DEB
1 34474U 93036TT  17287.12482271  .00000509  00000-0  32802-3 0  9997
2 34474  74.0829  47.3755 0230388 115.8333 302.6631 13.93063070439158
0 COSMOS 2251 DEB
1 34474U 93036TT  17287.49736083 +.00000496 +00000-0 +31997-3 0  9999
2 34474 074.0829 046.7395 0230349 115.1096 010.9504 13.93063355438880
0 COSMOS 2251 DEB
1 34474U 93036TT  17289.73018648  .00000417  00000-0  27095-3 0  9995
2 34474  74.0832  42.9278 0230105 110.7627  48.6463 13.93065292439529
0 COSMOS 2251 DEB
1 34474U 93036TT  17290.73340228  .00000357  00000-0  23374-3 0  9998
2 34474  74.0832  41.2152 0229993 108.8069  39.8144 13.93065940439666
0 COSMOS 2251 DEB
1 34474U 93036TT  17291.28486937 +.00000334 +00000-0 +21984-3 0  9997
2 34474 074.0832 040.2737 0229930 107.7321 285.4453 13.93066319439410
0 COSMOS 2251 DEB
1 34474U 93036TT  17292.36694649  .00000360  00000-0  23567-3 0  9996
2 34474  74.0833  38.4264 0229814 105.6213 312.1131 13.93067401439888
0 COSMOS 2251 DEB
1 34474U 93036TT  17293.37457439  .00000390  00000-0  25428-3 0  9993
2 34474  74.0834  36.7063 0229708 103.6550 325.4181 13.93068377440024
0 COSMOS 2251 DEB
1 34474U 93036TT  17293.75006142 +.00000368 +00000-0 +24083-3 0  9997
2 34474 074.0834 036.0653 0229661 102.9218 048.5050 13.93068506439753
0 COSMOS 2251 DEB
1 34474U 93036TT  17294.38100917  .00000389  00000-0  25386-3 0  9992
2 34474  74.0834  34.9882 0229592 101.6898 332.7434 13.93069176440162
0 COSMOS 2251 DEB
1 34474U 93036TT  17294.74955188 +.00000387 +00000-0 +25248-3 0  9995
2 34474 074.0835 034.3591 0229550 100.9695 021.0068 13.93069464439894
0 COSMOS 2251 DEB
1 34474U 93036TT  17295.31347222 +.00000399 +00000-0 +26022-3 0  9997
2 34474 074.0835 033.3964 0229488 099.8673 329.1020 13.93070064439976
0 COSMOS 2251 DEB
1 34474U 93036TT  17295.96985247 +.00000384 +00000-0 +25099-3 0  9990
2 34474 074.0835 032.2759 0229413 098.5826 020.8915 13.93070534440062
0 COSMOS 2251 DEB
1 34474U 93036TT  17296.23959611  .00000407  00000-0  26524-3 0  9997
2 34474  74.0835  31.8155 0229385  98.0557 293.6725 13.93070877440420
0 COSMOS 2251 DEB
1 34474U 93036TT  17296.31638287 +.00000412 +00000-0 +26820-3 0  9994
2 34474 074.0835 031.6844 0229369 097.9052 318.7638 13.93070999440116
0 COSMOS 2251 DEB
1 34474U 93036TT  17297.24496493  .00000431  00000-0  28024-3 0  9997
2 34474  74.0836  30.0993 0229271  96.0870 295.6667 13.93071851440567
0 COSMOS 2251 DEB
1 34474U 93036TT  17297.61091701 +.00000471 +00000-0 +30463-3 0  9995
2 34474 074.0836 029.4746 0229224 095.3712 330.9422 13.93072385440295
0 COSMOS 2251 DEB
1 34474U 93036TT  17297.69915704 +.00000467 +00000-0 +30220-3 0  9997
2 34474 074.0837 029.3240 0229215 095.1984 053.4723 13.93072439440306
0 COSMOS 2251 DEB
1 34474U 93036TT  17298.70470891  .00000522  00000-0  33624-3 0  9996
2 34474  74.0837  27.6074 0229110  93.2283  56.3922 13.93073680440770
0 COSMOS 2251 DEB
1 34474U 93036TT  17299.04533039 +.00000514 +00000-0 +33183-3 0  9999
2 34474 074.0837 027.0260 0229077 092.5605 324.6369 13.93074009440494
0 COSMOS 2251 DEB
1 34474U 93036TT  17299.70424057 +.00000505 +00000-0 +32591-3 0  9993
2 34474 074.0837 025.9012 0229011 091.2681 029.1256 13.93074591440582
0 COSMOS 2251 DEB
1 34474U 93036TT  17300.26659142  .00000489  00000-0  31586-3 0  9996
2 34474  74.0837  24.9412 0228951  90.1646 329.3643 13.93075147440983
0 COSMOS 2251 DEB
1 34474U 93036TT  17300.70980781 +.00000455 +00000-0 +29484-3 0  9998
2 34474 074.0837 024.1845 0228894 089.2952 032.1329 13.93075401440725
0 COSMOS 2251 DEB
1 34474U 93036TT  17301.27119744  .00000432  00000-0  28104-3 0  9997
2 34474  74.0837  23.2263 0228827  88.1938 327.5528 13.93075926441126
0 COSMOS 2251 DEB
1 34474U 93036TT  17301.64345167 +.00000448 +00000-0 +29081-3 0  9990
2 34474 074.0837 022.5909 0228787 087.4607 034.4448 13.93076413440851
0 COSMOS 2251 DEB
1 34474U 93036TT  17302.36063993  .00000401  00000-0  26178-3 0  9997
2 34474  74.0837  21.3665 0228716  86.0539  31.2100 13.93076879441271
0 COSMOS 2251 DEB
1 34474U 93036TT  17302.64808571 +.00000415 +00000-0 +27050-3 0  9992
2 34474 074.0836 020.8758 0228685 085.4880 032.7796 13.93077215440994
0 COSMOS 2251 DEB
1 34474U 93036TT  17303.36577977  .00000419  00000-0  27280-3 0  9994
2 34474  74.0836  19.6506 0228615  84.0786  32.0859 13.93077923441411
0 COSMOS 2251 DEB
1 34474U 93036TT  17303.65405957 +.00000422 +00000-0 +27459-3 0  9996
2 34474 074.0836 019.1585 0228588 083.5116 037.8386 13.93078189441135
0 COSMOS 2251 DEB
1 34474U 93036TT  17304.37346149  .00000420  00000-0  27369-3 0  9991
2 34474  74.0836  17.9304 0228524  82.0987  45.7120 13.93078822441565
0 COSMOS 2251 DEB
1 34474U 93036TT  17304.65921075 +.00000437 +00000-0 +28432-3 0  9999
2 34474 074.0835 017.4426 0228503 081.5376 038.7742 13.93079181441276
0 COSMOS 2251 DEB
1 34474U 93036TT  17305.50987361 +.00000422 +00000-0 +27472-3 0  9991
2 34474 074.0835 015.9904 0228428 079.8631 344.9411 13.93079853441710
0 COSMOS 2251 DEB
1 34474U 93036TT  17305.66458156 +.00000411 +00000-0 +26788-3 0  9990
2 34474 074.0835 015.7263 0228409 079.5574 040.8197 13.93079933441417
0 COSMOS 2251 DEB
1 34474U 93036TT  17306.59701119  .00000411  00000-0  26825-3 0  9995
2 34474  74.0835  14.1345 0228318  77.7199  37.0619 13.93080822441868
0 COSMOS 2251 DEB
1 34474U 93036TT  17306.59701119 +.00000411 +00000-0 +26825-3 0  9995
2 34474 074.0835 014.1345 0228318 077.7199 037.0619 13.93080822441543
0 COSMOS 2251 DEB
1 34474U 93036TT  17306.88529112 +.00000418 +00000-0 +27262-3 0  9991
2 34474 074.0835 013.6424 0228297 077.1520 042.8195 13.93081155441580
0 COSMOS 2251 DEB
1 34474U 93036TT  17307.60914359 +.00000423 +00000-0 +27562-3 0  9992
2 34474 074.0835 012.4066 0228240 075.7268 073.0245 13.93081837441680
0 COSMOS 2251 DEB
1 34474U 93036TT  17307.88973646  .00000438  00000-0  28500-3 0  9995
2 34474  74.0834  11.9275 0228222  75.1736  40.2320 13.93082188442040
0 COSMOS 2251 DEB
1 34474U 93036TT  17308.60882789 +.00000478 +00000-0 +30982-3 0  9994
2 34474 074.0834 010.6998 0228172 073.7576 046.5624 13.93083034441820
0 COSMOS 2251 DEB
1 34474U 93036TT  17309.24355223  .00000472  00000-0  30608-3 0  9992
2 34474  74.0833   9.6162 0228133  72.5075 349.7821 13.93083493442230
0 COSMOS 2251 DEB
1 34474U 93036TT  17309.61373350 +.00000483 +00000-0 +31273-3 0  9995
2 34474 074.0833 008.9843 0228111 071.7778 046.2875 13.93083837441964
0 COSMOS 2251 DEB
1 34474U 93036TT  17310.54774892  .00000526  00000-0  33963-3 0  9991
2 34474  74.0832   7.3897 0228054  69.9353  50.4963 13.93084900442417
0 COSMOS 2251 DEB
1 34474U 93036TT  17310.61960490 +.00000542 +00000-0 +34998-3 0  9997
2 34474 074.0832 007.2671 0228050 069.7936 050.8635 13.93085060442101
0 COSMOS 2251 DEB
1 34474U 93036TT  17311.55333229  .00000499  00000-0  32302-3 0  9993
2 34474  74.0831   5.6729 0228000  67.9516  53.6303 13.93085671442555
0 COSMOS 2251 DEB
1 34474U 93036TT  17311.55333229 +.00000499 +00000-0 +32302-3 0  9993
2 34474 074.0831 005.6729 0228000 067.9516 053.6303 13.93085671442230
0 COSMOS 2251 DEB
1 34474U 93036TT  17312.47495549 +.00000603 +00000-0 +38736-3 0  9993
2 34474 074.0830 004.0994 0227953 066.1335 355.6994 13.93087296442362
0 COSMOS 2251 DEB
1 34474U 93036TT  17312.84538286  .00000574  00000-0  36967-3 0  9991
2 34474  74.0829   3.4670 0227938  65.4023  53.4451 13.93087550442738
0 COSMOS 2251 DEB
1 34474U 93036TT  17313.56379784 +.00000572 +00000-0 +36851-3 0  9997
2 34474 074.0829 002.2405 0227909 063.9851 056.3978 13.93088233442512
0 COSMOS 2251 DEB
1 34474U 93036TT  17314.19716087  .00000546  00000-0  35256-3 0  9997
2 34474  74.0828   1.1592 0227894  62.7356 352.8046 13.93088716442927
0 COSMOS 2251 DEB
1 34474U 93036TT  17314.56844273 +.00000565 +00000-0 +36395-3 0  9993
2 34474 074.0828 000.5254 0227882 062.0012 054.8388 13.93089120442652
0 COSMOS 2251 DEB
1 34474U 93036TT  17315.20477990  .00000540  00000-0  34889-3 0  9992
2 34474  74.0828 359.4390 0227871  60.7456   6.1638 13.93089597443066
0 COSMOS 2251 DEB
1 34474U 93036TT  17315.57581083 +.00000533 +00000-0 +34437-3 0  9992
2 34474 074.0827 358.8056 0227864 060.0138 066.9385 13.93089863442797
0 COSMOS 2251 DEB
1 34474U 93036TT  17315.92061122 +.00000661 +00000-0 +42360-3 0  9994
2 34474 074.0827 358.2169 0227860 059.3337 356.1636 13.93090826442844
0 COSMOS 2251 DEB
1 34474U 93036TT  17316.20942078  .00000673  00000-0  43098-3 0  9996
2 34474  74.0827 357.7239 0227856  58.7637   4.5878 13.93091205443202
0 COSMOS 2251 DEB
1 34474U 93036TT  17316.58029569 +.00000554 +00000-0 +35715-3 0  9993
2 34474 074.0827 357.0907 0227853 058.0304 064.5854 13.93091035442938
0 COSMOS 2251 DEB
1 34474U 93036TT  17317.21565683  .00000531  00000-0  34284-3 0  9991
2 34474  74.0827 356.0059 0227849  56.7781  11.0188 13.93091589443341
0 COSMOS 2251 DEB
1 34474U 93036TT  17317.51471059 +.00000552 +00000-0 +35641-3 0  9998
2 34474 074.0826 355.4952 0227849 056.1885 070.8212 13.93092080443061
0 COSMOS 2251 DEB
1 34474U 93036TT  17318.22275299  .00000508  00000-0  32855-3 0  9990
2 34474  74.0826 354.2864 0227846  54.7890  21.7689 13.93092618443483
0 COSMOS 2251 DEB
1 34474U 93036TT  17318.51862927 +.00000540 +00000-0 +34842-3 0  9996
2 34474 074.0826 353.7812 0227848 054.2050 065.6362 13.93093078443201
0 COSMOS 2251 DEB
1 34474U 93036TT  17318.80524397 +.00000546 +00000-0 +35262-3 0  9997
2 34474 074.0826 353.2919 0227851 053.6413 063.0543 13.93093450443245
0 COSMOS 2251 DEB
1 34474U 93036TT  17319.52355487  .00000595  00000-0  38295-3 0  9992
2 34474  74.0826 352.0656 0227850  52.2212  65.5049 13.93094474443662
0 COSMOS 2251 DEB
1 34474U 93036TT  17319.87022434 +.00000624 +00000-0 +40099-3 0  9991
2 34474 074.0826 351.4738 0227854 051.5369 004.1111 13.93095020443392
0 COSMOS 2251 DEB
1 34474U 93036TT  17320.52873604  .00000655  00000-0  42036-3 0  9995
2 34474  74.0826 350.3496 0227865  50.2377  66.6589 13.93095886443806
0 COSMOS 2251 DEB
1 34474U 93036TT  17320.52873604 +.00000655 +00000-0 +42036-3 0  9995
2 34474 074.0826 350.3496 0227865 050.2377 066.6589 13.93095886443480
0 COSMOS 2251 DEB
1 34474U 93036TT  17321.53452490  .00000707  00000-0  45232-3 0  9992
2 34474  74.0826 348.6324 0227892  48.2557  70.8628 13.93097344443940
0 COSMOS 2251 DEB
1 34474U 93036TT  17321.88210944 +.00000740 +00000-0 +47260-3 0  9996
2 34474 074.0826 348.0390 0227903 047.5694 014.0623 13.93098006443675
0 COSMOS 2251 DEB
1 34474U 93036TT  17322.54065642  .00000740  00000-0  47294-3 0  9990
2 34474  74.0825 346.9147 0227921  46.2712  76.7938 13.93098929444082
0 COSMOS 2251 DEB
1 34474U 93036TT  17323.47362487 +.00000734 +00000-0 +46900-3 0  9996
2 34474 074.0824 345.3217 0227954 044.4325 075.8005 13.93100179443892
0 COSMOS 2251 DEB
1 34474U 93036TT  17323.76051017  .00000749  00000-0  47847-3 0  9999
2 34474  74.0824 344.8319 0227968  43.8676  74.5840 13.93100738444251
0 COSMOS 2251 DEB
1 34474U 93036TT  17324.47866701 +.00000774 +00000-0 +49384-3 0  9998
2 34474 074.0824 343.6059 0228000 042.4505 076.2785 13.93101939444030
0 COSMOS 2251 DEB
1 34474U 93036TT  17324.82483156  .00000761  00000-0  48586-3 0  9995
2 34474  74.0824 343.0148 0228018  41.7673  12.3605 13.93102332444401
0 COSMOS 2251 DEB
1 34474U 93036TT  17325.83046810  .00000814  00000-0  51876-3 0  9994
2 34474  74.0823 341.2979 0228072  39.7908  15.8197 13.93104101444545
0 COSMOS 2251 DEB
1 34474U 93036TT  17326.48971469 +.00000829 +00000-0 +52825-3 0  9994
2 34474 074.0823 340.1722 0228108 038.4956 082.0691 13.93105114444313
0 COSMOS 2251 DEB
1 34474U 93036TT  17326.83696000  .00000824  00000-0  52461-3 0  9999
2 34474  74.0823 339.5794 0228133  37.8131  23.5729 13.93105587444686
0 COSMOS 2251 DEB
1 34474U 93036TT  17327.50119352 +.00000823 +00000-0 +52397-3 0  9991
2 34474 074.0822 338.4453 0228174 036.5079 114.8371 13.93106611444458
0 COSMOS 2251 DEB
1 34474U 93036TT  17327.84237838  .00000833  00000-0  53007-3 0  9998
2 34474  74.0822 337.8628 0228199  35.8371  25.9497 13.93107241444821
0 COSMOS 2251 DEB
1 34474U 93036TT  17328.21336392 +.00000814 +00000-0 +51858-3 0  9996
2 34474 074.0822 337.2294 0228223 035.1086 086.5181 13.93107752444558
0 COSMOS 2251 DEB
1 34474U 93036TT  17328.50034948 +.00000843 +00000-0 +53634-3 0  9996
2 34474 074.0823 336.7395 0228246 034.5441 085.8121 13.93108447444590
0 COSMOS 2251 DEB
1 34474U 93036TT  17328.77425812 +.00000821 +00000-0 +52315-3 0  9990
2 34474 074.0823 336.2719 0228266 034.0067 019.5203 13.93108775444630
0 COSMOS 2251 DEB
1 34474U 93036TT  17329.13647763  .00000789  00000-0  50288-3 0  9992
2 34474  74.0823 335.6534 0228292  33.2961  36.1259 13.93109178445007
0 COSMOS 2251 DEB
1 34474U 93036TT  17329.85427528 +.00000833 +00000-0 +53039-3 0  9993
2 34474 074.0822 334.4277 0228333 031.8923 036.0312 13.93110736444780
0 COSMOS 2251 DEB
1 34474U 93036TT  17330.14171990  .00000842  00000-0  53568-3 0  9993
2 34474  74.0822 333.9369 0228351  31.3298  37.6270 13.93111304445149
0 COSMOS 2251 DEB
1 34474U 93036TT  17330.44487966 +.00000826 +00000-0 +52613-3 0  9991
2 34474 074.0822 333.4193 0228383 030.7335 118.0397 13.93111665444861
0 COSMOS 2251 DEB
1 34474U 93036TT  17330.85952126 +.00000877 +00000-0 +55770-3 0  9994
2 34474 074.0822 332.7113 0228416 029.9225 037.5562 13.93112637444926
0 COSMOS 2251 DEB
1 34474U 93036TT  17331.15620920  .00000844  00000-0  53729-3 0  9998
2 34474  74.0822 332.2048 0228445  29.3406  85.5114 13.93112942445280
0 COSMOS 2251 DEB
1 34474U 93036TT  17331.79071760 +.00000908 +00000-0 +57634-3 0  9990
2 34474 074.0822 331.1214 0228506 028.0982 027.7115 13.93114334445057
0 COSMOS 2251 DEB
1 34474U 93036TT  17332.16181573  .00000870  00000-0  55323-3 0  9997
2 34474  74.0822 330.4878 0228535  27.3720  88.8510 13.93114753445422
0 COSMOS 2251 DEB
1 34474U 93036TT  17332.79700935 +.00000926 +00000-0 +58796-3 0  9994
2 34474 074.0822 329.4031 0228594 026.1295 034.4909 13.93116171445199
0 COSMOS 2251 DEB
1 34474U 93036TT  17333.46170363  .00000909  00000-0  57699-3 0  9997
2 34474  74.0822 328.2682 0228648  24.8301 128.0849 13.93117272445614
0 COSMOS 2251 DEB
1 34474U 93036TT  17333.80255229 +.00000919 +00000-0 +58301-3 0  9992
2 34474 074.0822 327.6862 0228680 024.1645 037.5200 13.93117980445337
0 COSMOS 2251 DEB
1 34474U 93036TT  17334.38762573 +.00000894 +00000-0 +56756-3 0  9995
2 34474 074.0822 326.6873 0228727 023.0209 091.8006 13.93118914445418
0 COSMOS 2251 DEB
1 34474U 93036TT  17335.02321896  .00000880  00000-0  55897-3 0  9996
2 34474  74.0822 325.6020 0228797  21.7798  39.4521 13.93120078445825
0 COSMOS 2251 DEB
1 34474U 93036TT  17335.39356501 +.00000858 +00000-0 +54529-3 0  9993
2 34474 074.0822 324.9697 0228814 021.0569 096.8264 13.93120627445557
0 COSMOS 2251 DEB
1 34474U 93036TT  17335.68033774 +.00000825 +00000-0 +52487-3 0  9994
2 34474 074.0822 324.4799 0228831 020.4974 095.0601 13.93120934445598
0 COSMOS 2251 DEB
1 34474U 93036TT  17336.10157002  .00000832  00000-0  52904-3 0  9995
2 34474  74.0822 323.7607 0228864  19.6771  47.6406 13.93121715445975
0 COSMOS 2251 DEB
1 34474U 93036TT  17336.40510644 +.00000853 +00000-0 +54197-3 0  9992
2 34474 074.0822 323.2424 0228908 019.0839 129.9516 13.93122378445696
0 COSMOS 2251 DEB
1 34474U 93036TT  17337.10979044  .00000842  00000-0  53515-3 0  9994
2 34474  74.0822 322.0391 0228982  17.7132  64.1122 13.93123510446119
0 COSMOS 2251 DEB
1 34474U 93036TT  17337.41068168 +.00000848 +00000-0 +53931-3 0  9992
2 34474 074.0821 321.5252 0229013 017.1266 133.1569 13.93124050445836
0 COSMOS 2251 DEB
1 34474U 93036TT  17337.96125694 +.00000821 +00000-0 +52234-3 0  9996
2 34474 074.0820 320.5848 0229098 016.0561 014.4272 13.93124810445919
0 COSMOS 2251 DEB
1 34474U 93036TT  17338.41025765  .00000824  00000-0  52433-3 0  9999
2 34474  74.0819 319.8182 0229139  15.1827 106.2780 13.93125561446290
0 COSMOS 2251 DEB
1 34474U 93036TT  17338.97317194 +.00000793 +00000-0 +50499-3 0  9995
2 34474 074.0820 318.8570 0229197 014.0892 049.4341 13.93126362446051
0 COSMOS 2251 DEB
1 34474U 93036TT  17339.42217271  .00000798  00000-0  50768-3 0  9995
2 34474  74.0819 318.0902 0229215  13.2156 141.2891 13.93127192446441
0 COSMOS 2251 DEB
1 34474U 93036TT  17340.33825500 +.00000822 +00000-0 +52279-3 0  9994
2 34474 074.0819 316.5260 0229306 011.4362 055.6805 13.93129037446242
0 COSMOS 2251 DEB
1 34474U 93036TT  17340.90463009  .00000809  00000-0  51457-3 0  9991
2 34474  74.0819 315.5588 0229365  10.3379  16.1988 13.93129972446641
0 COSMOS 2251 DEB
1 34474U 93036TT  17340.98172493 +.00000815 +00000-0 +51837-3 0  9992
2 34474 074.0819 315.4272 0229369 010.1883 042.8504 13.93130180446331
0 COSMOS 2251 DEB
1 34474U 93036TT  17341.36320147 +.00000837 +00000-0 +53165-3 0  9996
2 34474 074.0819 314.7758 0229412 009.4493 156.0556 13.93130970446386
0 COSMOS 2251 DEB
1 34474U 93036TT  17341.91031941 +.00000851 +00000-0 +54048-3 0  9995
2 34474 074.0819 313.8416 0229468 008.3909 019.9958 13.93132001446467
0 COSMOS 2251 DEB
1 34474U 93036TT  17341.98711056 +.00000874 +00000-0 +55492-3 0  9993
2 34474 074.0820 313.7104 0229482 008.2431 045.1229 13.93132261446478
0 COSMOS 2251 DEB
1 34474U 93036TT  17342.36533674  .00000852  00000-0  54121-3 0  9998
2 34474  74.0820 313.0646 0229533   7.5103 142.0278 13.93132718446857
0 COSMOS 2251 DEB
1 34474U 93036TT  17343.37109973  .00000869  00000-0  55180-3 0  9995
2 34474  74.0820 311.3471 0229649   5.5680 146.1967 13.93134473446995
0 COSMOS 2251 DEB
1 34474U 93036TT  17343.91944198 +.00000877 +00000-0 +55628-3 0  9997
2 34474 074.0820 310.4108 0229697 004.5074 016.2850 13.93135555446744
0 COSMOS 2251 DEB
1 34474U 93036TT  17344.37045072 +.00000873 +00000-0 +55392-3 0  9995
2 34474 074.0820 309.6405 0229732 003.6351 118.2190 13.93136317446806
0 COSMOS 2251 DEB
1 34474U 93036TT  17345.00428750  .00000834  00000-0  52953-3 0  9991
2 34474  74.0820 308.5582 0229795   2.4106  57.0885 13.93137350447219
0 COSMOS 2251 DEB
1 34474U 93036TT  17345.38268076 +.00000819 +00000-0 +52079-3 0  9997
2 34474 074.0821 307.9121 0229818 001.6766 154.8389 13.93137857446947
0 COSMOS 2251 DEB
1 34474U 93036TT  17345.93742160 +.00000809 +00000-0 +51444-3 0  9993
2 34474 074.0821 306.9649 0229863 000.6046 057.0242 13.93138925447020
0 COSMOS 2251 DEB
1 34474U 93036TT  17346.38886208 +.00000808 +00000-0 +51356-3 0  9996
2 34474 074.0822 306.1943 0229921 359.7347 161.1261 13.93139725447080
0 COSMOS 2251 DEB
1 34474U 93036TT  17346.94188689 +.00000804 +00000-0 +51125-3 0  9996
2 34474 074.0822 305.2500 0229969 358.6680 054.7060 13.93140749447160
0 COSMOS 2251 DEB
1 34474U 93036TT  17347.23061522  .00000806  00000-0  51205-3 0  9996
2 34474  74.0823 304.7570 0229993 358.1107  62.7632 13.93141245447524
0 COSMOS 2251 DEB
1 34474U 93036TT  17347.32025236 +.00000823 +00000-0 +52260-3 0  9999
2 34474 074.0823 304.6040 0230010 357.9380 152.3196 13.93141509447217
0 COSMOS 2251 DEB
1 34474U 93036TT  17347.94720711 +.00000803 +00000-0 +51055-3 0  9996
2 34474 074.0823 303.5335 0230063 356.7319 056.6792 13.93142480447306
0 COSMOS 2251 DEB
1 34474U 93036TT  17348.32769909  .00000812  00000-0  51568-3 0  9990
2 34474  74.0824 302.8839 0230105 355.9969 164.9606 13.93143154447684
0 COSMOS 2251 DEB
1 34474U 93036TT  17348.95367215 +.00000772 +00000-0 +49106-3 0  9993
2 34474 074.0824 301.8150 0230159 354.7918 064.4010 13.93143969447440
0 COSMOS 2251 DEB
1 34474U 93036TT  17349.32437921 +.00000797 +00000-0 +50685-3 0  9998
2 34474 074.0824 301.1822 0230191 354.0772 123.6091 13.93144724447498
0 COSMOS 2251 DEB
1 34474U 93036TT  17349.95893704  .00000771  00000-0  49039-3 0  9995
2 34474  74.0824 300.0987 0230235 352.8536  66.1108 13.93145674447902
0 COSMOS 2251 DEB
1 34474U 93036TT  17349.95893704 +.00000771 +00000-0 +49039-3 0  9995
2 34474 074.0824 300.0987 0230235 352.8536 066.1108 13.93145674447586
0 COSMOS 2251 DEB
1 34474U 93036TT  17350.33073260 +.00000790 +00000-0 +50255-3 0  9999
2 34474 074.0825 299.4639 0230262 352.1383 130.7794 13.93146432447633
0 COSMOS 2251 DEB
1 34474U 93036TT  17350.96439920  .00000747  00000-0  47579-3 0  9994
2 34474  74.0825 298.3819 0230309 350.9192  68.8131 13.93147360448040
0 COSMOS 2251 DEB
1 34474U 93036TT  17350.96439920 +.00000747 +00000-0 +47579-3 0  9994
2 34474 074.0825 298.3819 0230309 350.9192 068.8131 13.93147360447724
0 COSMOS 2251 DEB
1 34474U 93036TT  17351.55086984 +.00000775 +00000-0 +49268-3 0  9996
2 34474 074.0825 297.3805 0230347 349.7892 130.1479 13.93148522447801
0 COSMOS 2251 DEB
1 34474U 93036TT  17352.18515226  .00000768  00000-0  48845-3 0  9994
2 34474  74.0826 296.2974 0230397 348.5691  71.2746 13.93149598448218
0 COSMOS 2251 DEB
1 34474U 93036TT  17352.90419830 +.00000795 +00000-0 +50497-3 0  9994
2 34474 074.0826 295.0696 0230436 347.1884 077.5183 13.93151002447990
0 COSMOS 2251 DEB
1 34474U 93036TT  17353.20123429  .00000802  00000-0  50965-3 0  9993
2 34474  74.0825 294.5623 0230452 346.6193 127.2468 13.93151470448357
0 COSMOS 2251 DEB
1 34474U 93036TT  17353.28127993 +.00000773 +00000-0 +49173-3 0  9997
2 34474 074.0825 294.4256 0230456 346.4658 168.7006 13.93151413448047
0 COSMOS 2251 DEB
1 34474U 93036TT  17353.83078404 +.00000768 +00000-0 +48850-3 0  9995
2 34474 074.0825 293.4873 0230486 345.4118 044.6388 13.93152237448123
0 COSMOS 2251 DEB
1 34474U 93036TT  17354.28585574  .00000772  00000-0  49113-3 0  9994
2 34474  74.0826 292.7103 0230522 344.5381 166.9709 13.93152970448517
0 COSMOS 2251 DEB
1 34474U 93036TT  17354.28585574 +.00000772 +00000-0 +49113-3 0  9994
2 34474 074.0826 292.7103 0230522 344.5381 166.9709 13.93152970448180
0 COSMOS 2251 DEB
1 34474U 93036TT  17354.83589591 +.00000782 +00000-0 +49744-3 0  9999
2 34474 074.0826 291.7711 0230549 343.4831 045.6016 13.93153933448264
0 COSMOS 2251 DEB
1 34474U 93036TT  17355.29150442  .00000754  00000-0  47994-3 0  9993
2 34474  74.0826 290.9932 0230572 342.6068 170.6294 13.93154469448654
0 COSMOS 2251 DEB
1 34474U 93036TT  17355.91885454 +.00000710 +00000-0 +45274-3 0  9991
2 34474 074.0826 289.9220 0230600 341.4025 076.9981 13.93155231448417
0 COSMOS 2251 DEB
1 34474U 93036TT  17356.29109444 +.00000722 +00000-0 +46036-3 0  9991
2 34474 074.0827 289.2864 0230621 340.6926 143.9023 13.93155951448465
0 COSMOS 2251 DEB
1 34474U 93036TT  17356.92544837 +.00000704 +00000-0 +44911-3 0  9990
2 34474 074.0827 288.2031 0230646 339.4758 085.4019 13.93156979448552
0 COSMOS 2251 DEB
1 34474U 93036TT  17357.22307951  .00000686  00000-0  43780-3 0  9990
2 34474  74.0827 287.6949 0230661 338.9047 138.1231 13.93157341448911
0 COSMOS 2251 DEB
1 34474U 93036TT  17357.30394090 +.00000680 +00000-0 +43437-3 0  9992
2 34474 074.0827 287.5568 0230661 338.7483 183.6713 13.93157419448601
0 COSMOS 2251 DEB
1 34474U 93036TT  17357.93115417 +.00000692 +00000-0 +44131-3 0  9990
2 34474 074.0827 286.4859 0230677 337.5436 089.3629 13.93158539448695
0 COSMOS 2251 DEB
1 34474U 93036TT  17358.23509821  .00000705  00000-0  44961-3 0  9996
2 34474  74.0827 285.9669 0230695 336.9636 173.7447 13.93159111449068
0 COSMOS 2251 DEB
1 34474U 93036TT  17358.93687734 +.00000731 +00000-0 +46555-3 0  9993
2 34474 074.0827 284.7686 0230703 335.6207 093.4086 13.93160370448834
0 COSMOS 2251 DEB
1 34474U 93036TT  17359.24047351  .00000720  00000-0  45872-3 0  9992
2 34474  74.0827 284.2502 0230713 335.0369 176.0509 13.93160732449202
0 COSMOS 2251 DEB
1 34474U 93036TT  17359.86872955 +.00000702 +00000-0 +44752-3 0  9992
2 34474 074.0827 283.1774 0230724 333.8342 086.9735 13.93161529448967
0 COSMOS 2251 DEB
1 34474U 93036TT  17360.24688170  .00000698  00000-0  44510-3 0  9996
2 34474  74.0827 282.5318 0230741 333.1050 183.5442 13.93162031449343
0 COSMOS 2251 DEB
1 34474U 93036TT  17360.87387189 +.00000687 +00000-0 +43844-3 0  9998
2 34474 074.0827 281.4612 0230753 331.9046 088.1226 13.93162950449106
0 COSMOS 2251 DEB
1 34474U 93036TT  17361.17263578 +.00000666 +00000-0 +42559-3 0  9996
2 34474 074.0827 280.9511 0230767 331.3310 146.5311 13.93163240449142
0 COSMOS 2251 DEB
1 34474U 93036TT  17361.87944027  .00000656  00000-0  41961-3 0  9993
2 34474  74.0827 279.7442 0230780 329.9757  91.4125 13.93164332449564
0 COSMOS 2251 DEB
1 34474U 93036TT  17362.88497898  .00000580  00000-0  37270-3 0  9998
2 34474  74.0827 278.0273 0230790 328.0454  94.5592 13.93165393449709
0 COSMOS 2251 DEB
1 34474U 93036TT  17363.47048935 +.00000558 +00000-0 +35917-3 0  9999
2 34474 074.0828 277.0276 0230795 326.9228 151.1104 13.93166112449465
0 COSMOS 2251 DEB
1 34474U 93036TT  17363.81654590 +.00000538 +00000-0 +34694-3 0  9996
2 34474 074.0828 276.4369 0230798 326.2621 086.7096 13.93166469449518
0 COSMOS 2251 DEB
1 34474U 93036TT  17364.18927156  .00000558  00000-0  35880-3 0  9998
2 34474  74.0828 275.8005 0230802 325.5436 156.0719 13.93167061449882
0 COSMOS 2251 DEB
1 34474U 93036TT  17364.89800508 +.00000531 +00000-0 +34271-3 0  9991
2 34474 074.0827 274.5903 0230796 324.1822 110.6372 13.93167697449662
0 COSMOS 2251 DEB
1 34474U 93036TT  17365.20062778  .00000549  00000-0  35337-3 0  9999
2 34474  74.0827 274.0735 0230796 323.6035 188.4029 13.93168164450035
0 COSMOS 2251 DEB
1 34474U 93036TT  17365.82876243 +.00000545 +00000-0 +35096-3 0  9995
2 34474 074.0827 273.0009 0230792 322.4001 098.7350 13.93168876449795
0 COSMOS 2251 DEB
1 34474U 93036TT  18001.20006105 +.00000531 +00000-0 +34266-3 0  9990
2 34474 074.0825 272.3670 0230798 321.7015 160.9246 13.93169171449843
0 COSMOS 2251 DEB
1 34474U 93036TT  18001.83501299  .00000543  00000-0  35005-3 0  9998
2 34474  74.0825 271.2827 0230792 320.4860 105.4509 13.93170062450257
0 COSMOS 2251 DEB
1 34474U 93036TT  18002.13162635 +.00000530 +00000-0 +34194-3 0  9993
2 34474 074.0827 270.7762 0230786 319.9035 153.0951 13.93170346449973
0 COSMOS 2251 DEB
1 34474U 93036TT  18002.83923008  .00000487  00000-0  31519-3 0  9998
2 34474  74.0827 269.5679 0230779 318.5461 102.0021 13.93170964450392
0 COSMOS 2251 DEB
1 34474U 93036TT  18003.21155552 +.00000496 +00000-0 +32098-3 0  9995
2 34474 074.0827 268.9321 0230772 317.8328 169.3586 13.93171452450122
0 COSMOS 2251 DEB
1 34474U 93036TT  18004.14301042  .00000455  00000-0  29569-3 0  9999
2 34474  74.0827 267.3416 0230755 316.0396 160.9766 13.93172273450575
0 COSMOS 2251 DEB
1 34474U 93036TT  18004.85120845 +.00000440 +00000-0 +28636-3 0  9995
2 34474 074.0826 266.1323 0230736 314.6803 112.8699 13.93172929450359
0 COSMOS 2251 DEB
1 34474U 93036TT  18005.15529852  .00000435  00000-0  28362-3 0  9990
2 34474  74.0827 265.6131 0230732 314.0968 198.0018 13.93173176450720
0 COSMOS 2251 DEB
1 34474U 93036TT  18005.85733536 +.00000436 +00000-0 +28417-3 0  9995
2 34474 074.0826 264.4143 0230706 312.7499 118.9962 13.93173878450496
0 COSMOS 2251 DEB
1 34474U 93036TT  18006.16227747  .00000408  00000-0  26660-3 0  9999
2 34474  74.0826 263.8936 0230702 312.1639 208.4027 13.93173951450865
0 COSMOS 2251 DEB
1 34474U 93036TT  18006.86375279 +.00000400 +00000-0 +26162-3 0  9999
2 34474 074.0825 262.6958 0230679 310.8157 126.5852 13.93174584450632
0 COSMOS 2251 DEB
1 34474U 93036TT  18007.16655630  .00000401  00000-0  26251-3 0  9995
2 34474  74.0825 262.1788 0230672 310.2337 205.2681 13.93174885451006
0 COSMOS 2251 DEB
1 34474U 93036TT  18007.79372255 +.00000354 +00000-0 +23342-3 0  9998
2 34474 074.0825 261.1079 0230651 309.0285 110.7614 13.93175199450760
0 COSMOS 2251 DEB
1 34474U 93036TT  18008.79937432  .00000376  00000-0  24707-3 0  9993
2 34474  74.0824 259.3907 0230626 307.0944 114.5196 13.93176326451222
0 COSMOS 2251 DEB
1 34474U 93036TT  18009.38525758 +.00000366 +00000-0 +24094-3 0  9991
2 34474 074.0823 258.3902 0230610 305.9674 172.9671 13.93176805450985
0 COSMOS 2251 DEB
1 34474U 93036TT  18010.11039191  .00000347  00000-0  22928-3 0  9998
2 34474  74.0823 257.1520 0230577 304.5738 209.8152 13.93177256451410
0 COSMOS 2251 DEB
1 34474U 93036TT  18010.73654937 +.00000341 +00000-0 +22561-3 0  9994
2 34474 074.0822 256.0828 0230546 303.3685 110.2562 13.93177674451179
0 COSMOS 2251 DEB
1 34474U 93036TT  18011.11536432  .00000360  00000-0  23767-3 0  9996
2 34474  74.0822 255.4359 0230530 302.6411 210.1707 13.93178059451554
0 COSMOS 2251 DEB
1 34474U 93036TT  18011.81820814 +.00000350 +00000-0 +23122-3 0  9997
2 34474 074.0821 254.2356 0230493 301.2872 135.2284 13.93178452451320
0 COSMOS 2251 DEB
1 34474U 93036TT  18012.04159705 +.00000355 +00000-0 +23413-3 0  9995
2 34474 074.0821 253.8541 0230482 300.8576 175.6175 13.93178612451353
0 COSMOS 2251 DEB
1 34474U 93036TT  18012.75079083  .00000371  00000-0  24404-3 0  9992
2 34474  74.0820 252.6432 0230447 299.4929 132.5247 13.93179267451779
0 COSMOS 2251 DEB
1 34474U 93036TT  18013.12066052 +.00000391 +00000-0 +25644-3 0  9995
2 34474 074.0820 252.0115 0230426 298.7819 187.5777 13.93179660451504
0 COSMOS 2251 DEB
1 34474U 93036TT  18013.75389390  .00000386  00000-0  25347-3 0  9991
2 34474  74.0820 250.9302 0230395 297.5645 123.5115 13.93180144451918
0 COSMOS 2251 DEB
1 34474U 93036TT  18014.75964194 +.00000374 +00000-0 +24614-3 0  9996
2 34474 074.0819 249.2127 0230352 295.6290 127.7683 13.93180852452058
0 COSMOS 2251 DEB
1 34474U 93036TT  18015.05764198 +.00000377 +00000-0 +24800-3 0  9992
2 34474 074.0819 248.7038 0230341 295.0546 182.3672 13.93181059451772
0 COSMOS 2251 DEB
1 34474U 93036TT  18016.07039098  .00000378  00000-0  24835-3 0  9998
2 34474  74.0818 246.9744 0230286 293.1019 221.7436 13.93181766452241
0 COSMOS 2251 DEB
1 34474U 93036TT  18016.77163031 +.00000401 +00000-0 +26260-3 0  9991
2 34474 074.0817 245.7769 0230253 291.7435 138.7726 13.93182423452019
0 COSMOS 2251 DEB
1 34474U 93036TT  18017.41642782 +.00000412 +00000-0 +26969-3 0  9996
2 34474 074.0816 244.6757 0230234 290.4965 132.7188 13.93182916452109
0 COSMOS 2251 DEB
1 34474U 93036TT  18017.78894684 +.00000406 +00000-0 +26574-3 0  9991
2 34474 074.0816 244.0396 0230216 289.7762 201.0680 13.93183170452153
0 COSMOS 2251 DEB
1 34474U 93036TT  18018.07468014 +.00000413 +00000-0 +27042-3 0  9997
2 34474 074.0815 243.5516 0230212 289.2260 194.1461 13.93183422452197
0 COSMOS 2251 DEB
1 34474U 93036TT  18020.30030184  .00000400  00000-0  26202-3 0  9992
2 34474  74.0813 239.7511 0230114 284.9263 196.6386 13.93185160452827
0 COSMOS 2251 DEB
1 34474U 93036TT  18021.57453083  .00000397  00000-0  26032-3 0  9995
2 34474  74.0812 237.5752 0230055 282.4619 107.4782 13.93186141453002
0 COSMOS 2251 DEB
1 34474U 93036TT  18021.73740473 +.00000395 +00000-0 +25913-3 0  9990
2 34474 074.0812 237.2971 0230052 282.1468 204.3656 13.93186257452709
0 COSMOS 2251 DEB
1 34474U 93036TT  18022.02995494 +.00000399 +00000-0 +26186-3 0  9995
2 34474 074.0812 236.7975 0230042 281.5813 231.6387 13.93186481452740
0 COSMOS 2251 DEB
1 34474U 93036TT  18022.74334223  .00000390  00000-0  25646-3 0  9992
2 34474  74.0811 235.5792 0230018 280.2007 209.6046 13.93186944453176
0 COSMOS 2251 DEB
1 34474U 93036TT  18023.02893587 +.00000396 +00000-0 +25997-3 0  9992
2 34474 074.0811 235.0915 0230004 279.6484 201.9883 13.93187174452881
0 COSMOS 2251 DEB
1 34474U 93036TT  18023.96142637 +.00000400 +00000-0 +26208-3 0  9990
2 34474 074.0810 233.4991 0229974 277.8449 198.8602 13.93187905453012
0 COSMOS 2251 DEB
1 34474U 93036TT  18024.04107149  .00000395  00000-0  25904-3 0  9994
2 34474  74.0811 233.3632 0229974 277.6899 238.3183 13.93187943453354
0 COSMOS 2251 DEB
1 34474U 93036TT  18024.66864404 +.00000374 +00000-0 +24628-3 0  9995
2 34474 074.0810 232.2915 0229951 276.4759 145.8867 13.93188328453115
0 COSMOS 2251 DEB
1 34474U 93036TT  18025.04097501 +.00000386 +00000-0 +25370-3 0  9992
2 34474 074.0810 231.6557 0229935 275.7573 213.2993 13.93188706453163
0 COSMOS 2251 DEB
1 34474U 93036TT  18025.67400969  .00000390  00000-0  25606-3 0  9994
2 34474  74.0810 230.5746 0229918 274.5322 148.2661 13.93189292453576
0 COSMOS 2251 DEB
1 34474U 93036TT  18025.97215764 +.00000389 +00000-0 +25535-3 0  9993
2 34474 074.0809 230.0654 0229914 273.9546 203.6190 13.93189499453295
0 COSMOS 2251 DEB
1 34474U 93036TT  18026.60576480 +.00000386 +00000-0 +25390-3 0  9995
2 34474 074.0809 228.9834 0229895 272.7286 141.4581 13.93190009453389
0 COSMOS 2251 DEB
1 34474U 93036TT  18026.98454354  .00000392  00000-0  25730-3 0  9996
2 34474  74.0809 228.3366 0229888 271.9958 241.2128 13.93190323453769
0 COSMOS 2251 DEB
1 34474U 93036TT  18027.61116300 +.00000399 +00000-0 +26183-3 0  9993
2 34474 074.0809 227.2664 0229873 270.7812 144.0097 13.93190883453528
0 COSMOS 2251 DEB
1 34474U 93036TT  18027.91037730 +.00000406 +00000-0 +26592-3 0  9998
2 34474 074.0809 226.7554 0229869 270.2000 204.7143 13.93191129453563
0 COSMOS 2251 DEB
1 34474U 93036TT  18028.53926632  .00000404  00000-0  26461-3 0  9998
2 34474  74.0809 225.6814 0229851 268.9816 118.8948 13.93191623453972
0 COSMOS 2251 DEB
1 34474U 93036TT  18028.61663375 +.00000405 +00000-0 +26553-3 0  9992
2 34474 074.0810 225.5493 0229849 268.8320 146.9295 13.93191695453664
0 COSMOS 2251 DEB
1 34474U 93036TT  18028.91552535 +.00000403 +00000-0 +26391-3 0  9998
2 34474 074.0810 225.0388 0229843 268.2518 206.0158 13.93191884453700
0 COSMOS 2251 DEB
1 34474U 93036TT  18029.62330384  .00000395  00000-0  25953-3 0  9996
2 34474  74.0810 223.8301 0229833 266.8804 155.8677 13.93192470454128
0 COSMOS 2251 DEB
1 34474U 93036TT  18029.62330384 +.00000395 +00000-0 +25953-3 0  9996
2 34474 074.0810 223.8301 0229833 266.8804 155.8677 13.93192470453802
0 COSMOS 2251 DEB
1 34474U 93036TT  18029.92206089 +.00000390 +00000-0 +25621-3 0  9990
2 34474 074.0810 223.3199 0229836 266.3011 214.2796 13.93192666453843
0 COSMOS 2251 DEB
1 34474U 93036TT  18030.62887223  .00000375  00000-0  24692-3 0  9994
2 34474  74.0810 222.1129 0229835 264.9320 159.2824 13.93193223454266
0 COSMOS 2251 DEB
1 34474U 93036TT  18030.92769980 +.00000371 +00000-0 +24423-3 0  9994
2 34474 074.0810 221.6025 0229838 264.3534 218.0479 13.93193425453981
0 COSMOS 2251 DEB
1 34474U 93036TT  18031.63501233  .00000355  00000-0  23429-3 0  9995
2 34474  74.0810 220.3946 0229839 262.9828 165.5670 13.93193969454400
0 COSMOS 2251 DEB
1 34474U 93036TT  18031.63501233 +.00000355 +00000-0 +23429-3 0  9995
2 34474 074.0810 220.3946 0229839 262.9828 165.5670 13.93193969454084
0 COSMOS 2251 DEB
1 34474U 93036TT  18031.93266455 +.00000357 +00000-0 +23574-3 0  9995
2 34474 074.0810 219.8863 0229841 262.4060 218.4391 13.93194210454124
0 COSMOS 2251 DEB
1 34474U 93036TT  18032.64122980 +.00000351 +00000-0 +23220-3 0  9990
2 34474 074.0811 218.6764 0229838 261.0310 172.2449 13.93194765454228
0 COSMOS 2251 DEB
1 34474U 93036TT  18032.86468303  .00000353  00000-0  23342-3 0  9993
2 34474  74.0811 218.2948 0229839 260.5972 212.9737 13.93194916454575
0 COSMOS 2251 DEB
1 34474U 93036TT  18033.57115191 +.00000355 +00000-0 +23450-3 0  9998
2 34474 074.0811 217.0883 0229842 259.2288 156.2642 13.93195481454358
0 COSMOS 2251 DEB
1 34474U 93036TT  18033.94345635  .00000361  00000-0  23806-3 0  9999
2 34474  74.0811 216.4524 0229854 258.5095 223.5537 13.93195776454723
0 COSMOS 2251 DEB
1 34474U 93036TT  18033.94345635 +.00000361 +00000-0 +23806-3 0  9999
2 34474 074.0811 216.4524 0229854 258.5095 223.5537 13.93195776454408
0 COSMOS 2251 DEB
1 34474U 93036TT  18034.57973872 +.00000352 +00000-0 +23281-3 0  9996
2 34474 074.0811 215.3658 0229840 257.2737 174.8289 13.93196198454498
0 COSMOS 2251 DEB
1 34474U 93036TT  18034.94950078  .00000354  00000-0  23400-3 0  9995
2 34474  74.0811 214.7345 0229865 256.5607 229.3662 13.93196445454866
0 COSMOS 2251 DEB
1 34474U 93036TT  18034.94950078 +.00000354 +00000-0 +23400-3 0  9995
2 34474 074.0811 214.7345 0229865 256.5607 229.3662 13.93196445454541
0 COSMOS 2251 DEB
1 34474U 93036TT  18035.58413973 +.00000351 +00000-0 +23208-3 0  9997
2 34474 074.0812 213.6508 0229881 255.3305 172.3983 13.93196909454639
0 COSMOS 2251 DEB
1 34474U 93036TT  18035.95452006  .00000358  00000-0  23606-3 0  9997
2 34474  74.0812 213.0183 0229907 254.6149 230.0392 13.93197199455009
0 COSMOS 2251 DEB
1 34474U 93036TT  18035.95452006 +.00000358 +00000-0 +23606-3 0  9997
2 34474 074.0812 213.0183 0229907 254.6149 230.0392 13.93197199454682
0 COSMOS 2251 DEB
1 34474U 93036TT  18036.58833399 +.00000358 +00000-0 +23598-3 0  9995
2 34474 074.0813 211.9359 0229919 253.3872 168.9341 13.93197678454772
0 COSMOS 2251 DEB
1 34474U 93036TT  18036.96900792 +.00000361 +00000-0 +23813-3 0  9993
2 34474 074.0813 211.2858 0229936 252.6517 278.2030 13.93197926454828
0 COSMOS 2251 DEB
1 34474U 93036TT  18037.59460260 +.00000362 +00000-0 +23850-3 0  9996
2 34474 074.0814 210.2175 0229937 251.4396 175.8759 13.93198374454911
0 COSMOS 2251 DEB
1 34474U 93036TT  18037.89254778 +.00000372 +00000-0 +24472-3 0  9996
2 34474 074.0814 209.7087 0229943 250.8632 230.2206 13.93198611454950
0 COSMOS 2251 DEB
1 34474U 93036TT  18038.52573351 +.00000380 +00000-0 +24989-3 0  9990
2 34474 074.0815 208.6274 0229964 249.6365 165.9679 13.93199107455364
0 COSMOS 2251 DEB
1 34474U 93036TT  18038.90431826 +.00000388 +00000-0 +25442-3 0  9995
2 34474 074.0816 207.9809 0229973 248.9036 264.7622 13.93199382455099
0 COSMOS 2251 DEB
1 34474U 93036TT  18039.90315315  .00000424  00000-0  27676-3 0  9992
2 34474  74.0817 206.2751 0230026 246.9717 234.4261 13.93200309455559
0 COSMOS 2251 DEB
1 34474U 93036TT  18040.53847684 +.00000431 +00000-0 +28128-3 0  9993
2 34474 074.0818 205.1902 0230047 245.7431 180.8981 13.93200860455329
0 COSMOS 2251 DEB
1 34474U 93036TT  18040.82593959 +.00000433 +00000-0 +28219-3 0  9991
2 34474 074.0818 204.6993 0230067 245.1884 182.6694 13.93201072455362
0 COSMOS 2251 DEB
1 34474U 93036TT  18041.54375740 +.00000437 +00000-0 +28479-3 0  9999
2 34474 074.0819 203.4735 0230090 243.8009 182.8931 13.93201720455786
0 COSMOS 2251 DEB
1 34474U 93036TT  18041.84160095 +.00000445 +00000-0 +28969-3 0  9990
2 34474 074.0819 202.9649 0230107 243.2264 236.7301 13.93201995455504
0 COSMOS 2251 DEB
1 34474U 93036TT  18042.54993576 +.00000468 +00000-0 +30411-3 0  9996
2 34474 074.0820 201.7552 0230147 241.8589 189.3928 13.93202782455923
0 COSMOS 2251 DEB
1 34474U 93036TT  18042.83695928 +.00000477 +00000-0 +30950-3 0  9996
2 34474 074.0820 201.2651 0230168 241.3055 188.9625 13.93203051455642
0 COSMOS 2251 DEB
1 34474U 93036TT  18043.55444472  .00000470  00000-0  30481-3 0  9994
2 34474  74.0821 200.0399 0230204 239.9197 187.5227 13.93203659456064
0 COSMOS 2251 DEB
1 34474U 93036TT  18043.85267260 +.00000495 +00000-0 +32015-3 0  9997
2 34474 074.0821 199.5306 0230228 239.3445 243.2903 13.93204088455786
0 COSMOS 2251 DEB
1 34474U 93036TT  18044.48568528 +.00000529 +00000-0 +34156-3 0  9994
2 34474 074.0821 198.4496 0230256 238.1216 178.1791 13.93204892455872
0 COSMOS 2251 DEB
1 34474U 93036TT  18044.85723644  .00000526  00000-0  33955-3 0  9990
2 34474  74.0822 197.8152 0230284 237.4067 241.6985 13.93205139456240
0 COSMOS 2251 DEB
1 34474U 93036TT  18045.49107487 +.00000552 +00000-0 +35517-3 0  9997
2 34474 074.0822 196.7328 0230312 236.1832 180.7299 13.93205886456016
0 COSMOS 2251 DEB
1 34474U 93036TT  18045.86387507  .00000540  00000-0  34782-3 0  9991
2 34474  74.0822 196.0960 0230333 235.4626 250.5186 13.93206109456387
0 COSMOS 2251 DEB
1 34474U 93036TT  18046.49790230 +.00000536 +00000-0 +34528-3 0  9995
2 34474 074.0822 195.0134 0230363 234.2385 190.4987 13.93206683456154
0 COSMOS 2251 DEB
1 34474U 93036TT  18046.86905253  .00000543  00000-0  34954-3 0  9990
2 34474  74.0823 194.3796 0230381 233.5242 252.0112 13.93207092456526
0 COSMOS 2251 DEB
1 34474U 93036TT  18047.50287819 +.00000543 +00000-0 +34979-3 0  9990
2 34474 074.0823 193.2972 0230408 232.3047 190.9795 13.93207781456296
0 COSMOS 2251 DEB
1 34474U 93036TT  18047.80128428 +.00000539 +00000-0 +34707-3 0  9997
2 34474 074.0823 192.7877 0230426 231.7307 247.6426 13.93208035456335
0 COSMOS 2251 DEB
1 34474U 93036TT  18048.08953882  .00000533  00000-0  34331-3 0  9995
2 34474  74.0823 192.2955 0230442 231.1730 253.3940 13.93208300456698
0 COSMOS 2251 DEB
1 34474U 93036TT  18048.50867847 +.00000556 +00000-0 +35744-3 0  9991
2 34474 074.0823 191.5798 0230470 230.3663 195.6014 13.93208888456435
0 COSMOS 2251 DEB
1 34474U 93036TT  18048.80600917 +.00000555 +00000-0 +35698-3 0  9994
2 34474 074.0823 191.0720 0230490 229.7932 246.8732 13.93209162456474
0 COSMOS 2251 DEB
1 34474U 93036TT  18049.09394741  .00000560  00000-0  36011-3 0  9997
2 34474  74.0823 190.5804 0230510 229.2376 251.0385 13.93209528456839
0 COSMOS 2251 DEB
1 34474U 93036TT  18049.44028624 +.00000566 +00000-0 +36368-3 0  9991
2 34474 074.0824 189.9889 0230516 228.5723 188.1111 13.93209946456560
0 COSMOS 2251 DEB
1 34474U 93036TT  18049.81274032 +.00000577 +00000-0 +37062-3 0  9992
2 34474 074.0824 189.3529 0230537 227.8561 256.1666 13.93210379456619
0 COSMOS 2251 DEB
1 34474U 93036TT  18050.44560963  .00000569  00000-0  36556-3 0  9992
2 34474  74.0824 188.2722 0230561 226.6374 190.3463 13.93211026457028
0 COSMOS 2251 DEB
1 34474U 93036TT  18050.74610633 +.00000596 +00000-0 +38244-3 0  9991
2 34474 074.0825 187.7591 0230574 226.0590 257.5002 13.93211549456748
0 COSMOS 2251 DEB
1 34474U 93036TT  18051.45273233  .00000576  00000-0  36952-3 0  9993
2 34474  74.0825 186.5525 0230601 224.6983 201.6120 13.93212230457169
0 COSMOS 2251 DEB
1 34474U 93036TT  18051.82369949 +.00000566 +00000-0 +36354-3 0  9999
2 34474 074.0826 185.9190 0230620 223.9858 262.2121 13.93212574456899
0 COSMOS 2251 DEB
1 34474U 93036TT  18052.45814684  .00000566  00000-0  36371-3 0  9999
2 34474  74.0826 184.8356 0230644 222.7654 204.3114 13.93213372457301
0 COSMOS 2251 DEB
1 34474U 93036TT  18052.82916164 +.00000558 +00000-0 +35888-3 0  9999
2 34474 074.0826 184.2021 0230661 222.0529 265.1520 13.93213742457034
0 COSMOS 2251 DEB
1 34474U 93036TT  18053.46286053  .00000546  00000-0  35111-3 0  9993
2 34474  74.0827 183.1199 0230684 220.8362 203.4976 13.93214468457446
0 COSMOS 2251 DEB
1 34474U 93036TT  18054.39775258 +.00000528 +00000-0 +34013-3 0  9996
2 34474 074.0829 181.5235 0230721 219.0408 212.4935 13.93215438457256
0 COSMOS 2251 DEB
1 34474U 93036TT  18054.77306198  .00000521  00000-0  33580-3 0  9992
2 34474  74.0829 180.8826 0230738 218.3212 294.8757 13.93215806457634
0 COSMOS 2251 DEB
1 34474U 93036TT  18055.05339417 +.00000526 +00000-0 +33898-3 0  9991
2 34474 074.0829 180.4039 0230744 217.7818 260.8980 13.93216191457345
0 COSMOS 2251 DEB
1 34474U 93036TT  18055.47467382 +.00000533 +00000-0 +34290-3 0  9995
2 34474 074.0829 179.6846 0230765 216.9739 213.8482 13.93216743457402
0 COSMOS 2251 DEB
1 34474U 93036TT  18056.32810480  .00000528  00000-0  33978-3 0  9997
2 34474  74.0830 178.2273 0230788 215.3347 174.2798 13.93217683457848
0 COSMOS 2251 DEB
1 34474U 93036TT  18056.77737472 +.00000510 +00000-0 +32877-3 0  9993
2 34474 074.0830 177.4601 0230805 214.4725 267.6186 13.93218050457582
0 COSMOS 2251 DEB
1 34474U 93036TT  18057.41309221  .00000500  00000-0  32266-3 0  9993
2 34474  74.0830 176.3746 0230814 213.2514 216.0984 13.93218713457998
0 COSMOS 2251 DEB
1 34474U 93036TT  18057.78330889 +.00000496 +00000-0 +32007-3 0  9994
2 34474 074.0831 175.7424 0230828 212.5421 272.9419 13.93219091457724
0 COSMOS 2251 DEB
1 34474U 93036TT  18058.41954330  .00000496  00000-0  31982-3 0  9999
2 34474  74.0831 174.6561 0230841 211.3227 224.0152 13.93219859458130
0 COSMOS 2251 DEB
1 34474U 93036TT  18058.71584449 +.00000508 +00000-0 +32719-3 0  9995
2 34474 074.0830 174.1502 0230837 210.7554 270.1320 13.93220240457853
0 COSMOS 2251 DEB
1 34474U 93036TT  18059.42299421  .00000454  00000-0  29438-3 0  9991
2 34474  74.0830 172.9426 0230854 209.4012 216.8850 13.93220669458274
0 COSMOS 2251 DEB
1 34474U 93036TT  18059.72084316 +.00000487 +00000-0 +31449-3 0  9990
2 34474 074.0830 172.4341 0230845 208.8272 270.7703 13.93221213457996
0 COSMOS 2251 DEB
1 34474U 93036TT  18060.42895440  .00000482  00000-0  31145-3 0  9995
2 34474  74.0830 171.2250 0230862 207.4712 222.3504 13.93221996458413
0 COSMOS 2251 DEB
1 34474U 93036TT  18061.35993536 +.00000505 +00000-0 +32576-3 0  9998
2 34474 074.0829 169.6351 0230885 205.6884 211.7512 13.93223106458224
0 COSMOS 2251 DEB
1 34474U 93036TT  18061.73815013  .00000500  00000-0  32259-3 0  9996
2 34474  74.0829 168.9893 0230890 204.9648 308.7137 13.93223429458603
0 COSMOS 2251 DEB
1 34474U 93036TT  18062.36534355 +.00000494 +00000-0 +31874-3 0  9997
2 34474 074.0828 167.9182 0230899 203.7618 214.4516 13.93224090458367
0 COSMOS 2251 DEB
1 34474U 93036TT  18062.66383653 +.00000510 +00000-0 +32835-3 0  9990
2 34474 074.0828 167.4085 0230900 203.1882 271.5687 13.93224507458405
0 COSMOS 2251 DEB
1 34474U 93036TT  18063.44684382  .00000510  00000-0  32844-3 0  9990
2 34474  74.0829 166.0716 0230909 201.6838 238.8092 13.93225407458838
0 COSMOS 2251 DEB
1 34474U 93036TT  18063.74375299 +.00000524 +00000-0 +33714-3 0  9999
2 34474 074.0828 165.5645 0230905 201.1158 287.9812 13.93225823458554
0 COSMOS 2251 DEB
1 34474U 93036TT  18064.37716057 +.00000520 +00000-0 +33439-3 0  9990
2 34474 074.0828 164.4829 0230909 199.9027 224.8908 13.93226576458641
0 COSMOS 2251 DEB
1 34474U 93036TT  18064.67573344  .00000498  00000-0  32113-3 0  9995
2 34474  74.0827 163.9730 0230911 199.3323 282.4063 13.93226733459009
0 COSMOS 2251 DEB
1 34474U 93036TT  18064.96355385 +.00000493 +00000-0 +31817-3 0  9995
2 34474 074.0827 163.4815 0230899 198.7806 285.9953 13.93227056458725
0 COSMOS 2251 DEB
1 34474U 93036TT  18065.59767568 +.00000492 +00000-0 +31699-3 0  9992
2 34474 074.0828 162.3987 0230905 197.5670 226.4890 13.93227765458815
0 COSMOS 2251 DEB
1 34474U 93036TT  18065.68063765  .00000489  00000-0  31531-3 0  9991
2 34474  74.0828 162.2571 0230902 197.4096 282.5904 13.93227833459143
0 COSMOS 2251 DEB
1 34474U 93036TT  18066.38974803 +.00000499 +00000-0 +32170-3 0  9994
2 34474 074.0827 161.0461 0230901 196.0496 239.2014 13.93228737458925
0 COSMOS 2251 DEB
1 34474U 93036TT  18066.69234909  .00000473  00000-0  30549-3 0  9994
2 34474  74.0827 160.5294 0230900 195.4707 316.9236 13.93228857459293
0 COSMOS 2251 DEB
1 34474U 93036TT  18067.24247044 +.00000467 +00000-0 +30175-3 0  9998
2 34474 074.0827 159.5899 0230892 194.4155 196.1114 13.93229441459044
0 COSMOS 2251 DEB
1 34474U 93036TT  18067.60893582 +.00000453 +00000-0 +29294-3 0  9997
2 34474 074.0828 158.9641 0230888 193.7127 234.1544 13.93229712459095
0 COSMOS 2251 DEB
1 34474U 93036TT  18067.69774118  .00000445  00000-0  28844-3 0  9990
2 34474  74.0828 158.8125 0230889 193.5428 319.5658 13.93229756459434
0 COSMOS 2251 DEB
1 34474U 93036TT  18069.33290553  .00000445  00000-0  28798-3 0  9997
2 34474  74.0827 156.0201 0230854 190.4074 240.9020 13.93231562459655
0 COSMOS 2251 DEB
1 34474U 93036TT  18070.33704269  .00000440  00000-0  28534-3 0  9996
2 34474  74.0826 154.3054 0230815 188.4770 237.2656 13.93232611459793
0 COSMOS 2251 DEB
1 34474U 93036TT  18070.71576187 +.00000420 +00000-0 +27280-3 0  9999
2 34474 074.0826 153.6588 0230793 187.7585 336.7645 13.93232808459520
0 COSMOS 2251 DEB
1 34474U 93036TT  18071.34373017  .00000418  00000-0  27145-3 0  9993
2 34474  74.0826 152.5865 0230772 186.5553 246.4091 13.93233455459931
0 COSMOS 2251 DEB
1 34474U 93036TT  18071.64675512 +.00000425 +00000-0 +27599-3 0  9992
2 34474 074.0826 152.0690 0230758 185.9746 326.2645 13.93233765459658
0 COSMOS 2251 DEB
1 34474U 93036TT  18072.56315081  .00000421  00000-0  27329-3 0  9993
2 34474  74.0825 150.5041 0230723 184.2189 242.5504 13.93234556460100
0 COSMOS 2251 DEB
1 34474U 93036TT  18073.57911574  .00000432  00000-0  27999-3 0  9999
2 34474  74.0823 148.7692 0230671 182.2665 298.2477 13.93235598460247
0 COSMOS 2251 DEB
1 34474U 93036TT  18073.65162052 +.00000462 +00000-0 +29840-3 0  9997
2 34474 074.0823 148.6454 0230674 182.1233 301.9100 13.93235919459931
0 COSMOS 2251 DEB
1 34474U 93036TT  18074.65761781  .00000465  00000-0  30043-3 0  9992
2 34474  74.0823 146.9275 0230613 180.1895 307.6177 13.93236934460407
0 COSMOS 2251 DEB
1 34474U 93036TT  18075.58897809 +.00000464 +00000-0 +30004-3 0  9992
2 34474 074.0823 145.3371 0230559 178.4012 298.9757 13.93237873460204
0 COSMOS 2251 DEB
1 34474U 93036TT  18075.66261854  .00000470  00000-0  30346-3 0  9992
2 34474  74.0823 145.2114 0230555 178.2589 308.3302 13.93238000460532
0 COSMOS 2251 DEB
1 34474U 93036TT  18076.59484830 +.00000472 +00000-0 +30465-3 0  9990
2 34474 074.0822 143.6194 0230496 176.4634 304.0584 13.93238978460344
0 COSMOS 2251 DEB
1 34474U 93036TT  18077.51685278  .00000466  00000-0  30123-3 0  9996
2 34474  74.0822 142.0449 0230438 174.6881 248.5028 13.93239896460794
0 COSMOS 2251 DEB
1 34474U 93036TT  18077.59996865 +.00000476 +00000-0 +30717-3 0  9991
2 34474 074.0822 141.9030 0230439 174.5271 305.3837 13.93240055460486
0 COSMOS 2251 DEB
1 34474U 93036TT  18078.53205479  .00000512  00000-0  32919-3 0  9997
2 34474  74.0821 140.3113 0230375 172.7326 300.3994 13.93241311460935
0 COSMOS 2251 DEB
1 34474U 93036TT  18078.60610500 +.00000498 +00000-0 +32074-3 0  9995
2 34474 074.0821 140.1848 0230369 172.5898 311.8092 13.93241304460627
0 COSMOS 2251 DEB
1 34474U 93036TT  18079.61099948  .00000479  00000-0  30870-3 0  9995
2 34474  74.0820 138.4687 0230303 170.6507 312.0127 13.93242268461084
0 COSMOS 2251 DEB
1 34474U 93036TT  18079.61099948 +.00000479 +00000-0 +30870-3 0  9995
2 34474 074.0820 138.4687 0230303 170.6507 312.0127 13.93242268460768
0 COSMOS 2251 DEB
1 34474U 93036TT  18080.61705987  .00000476  00000-0  30694-3 0  9995
2 34474  74.0820 136.7508 0230246 168.7103 318.0678 13.93243393461226
0 COSMOS 2251 DEB
1 34474U 93036TT  18080.61705987 +.00000476 +00000-0 +30694-3 0  9995
2 34474 074.0820 136.7508 0230246 168.7103 318.0678 13.93243393460900
0 COSMOS 2251 DEB
1 34474U 93036TT  18081.54845896 +.00000452 +00000-0 +29237-3 0  9997
2 34474 074.0819 135.1603 0230172 166.9138 309.6503 13.93244270461036
0 COSMOS 2251 DEB
1 34474U 93036TT  18081.83717683  .00000441  00000-0  28526-3 0  9999
2 34474  74.0819 134.6672 0230153 166.3563 317.7625 13.93244509461390
0 COSMOS 2251 DEB
1 34474U 93036TT  18082.55393197 +.00000432 +00000-0 +28021-3 0  9999
2 34474 074.0818 133.4432 0230095 164.9749 312.7652 13.93245194461177
0 COSMOS 2251 DEB
1 34474U 93036TT  18083.18821535  .00000441  00000-0  28533-3 0  9999
2 34474  74.0817 132.3600 0230037 163.7501 254.1212 13.93245895461584
0 COSMOS 2251 DEB
1 34474U 93036TT  18083.55907203 +.00000442 +00000-0 +28628-3 0  9993
2 34474 074.0817 131.7267 0230005 163.0347 314.2146 13.93246177461311
0 COSMOS 2251 DEB
1 34474U 93036TT  18084.19354446  .00000455  00000-0  29398-3 0  9998
2 34474  74.0816 130.6432 0229957 161.8078 256.5223 13.93246836461724
0 COSMOS 2251 DEB
1 34474U 93036TT  18084.56447939 +.00000456 +00000-0 +29488-3 0  9990
2 34474 074.0815 130.0096 0229927 161.0921 317.0101 13.93247136461451
0 COSMOS 2251 DEB
1 34474U 93036TT  18085.20105184  .00000473  00000-0  30527-3 0  9990
2 34474  74.0814 128.9224 0229876 159.8601 269.8540 13.93247816461863
0 COSMOS 2251 DEB
1 34474U 93036TT  18085.57066913 +.00000488 +00000-0 +31464-3 0  9993
2 34474 074.0813 128.2911 0229846 159.1449 323.7367 13.93248219461593
0 COSMOS 2251 DEB
1 34474U 93036TT  18086.20515470  .00000513  00000-0  32972-3 0  9995
2 34474  74.0812 127.2075 0229789 157.9167 266.1165 13.93248991462001
0 COSMOS 2251 DEB
1 34474U 93036TT  18086.58328049 +.00000514 +00000-0 +33041-3 0  9999
2 34474 074.0812 126.5618 0229750 157.1858 002.6754 13.93249323461739
0 COSMOS 2251 DEB
1 34474U 93036TT  18087.21111146  .00000505  00000-0  32530-3 0  9990
2 34474  74.0811 125.4895 0229699 155.9697 271.6800 13.93249869462143
0 COSMOS 2251 DEB
1 34474U 93036TT  18087.79635478 +.00000536 +00000-0 +34427-3 0  9993
2 34474 074.0810 124.4901 0229650 154.8342 327.0825 13.93250632461907
0 COSMOS 2251 DEB
1 34474U 93036TT  18088.21766108  .00000525  00000-0  33754-3 0  9996
2 34474  74.0810 123.7706 0229634 154.0177 280.2259 13.93250982462283
0 COSMOS 2251 DEB
1 34474U 93036TT  18088.52012174 +.00000529 +00000-0 +33990-3 0  9993
2 34474 074.0809 123.2540 0229612 153.4312 357.2767 13.93251279462001
0 COSMOS 2251 DEB
1 34474U 93036TT  18088.80098694 +.00000546 +00000-0 +35033-3 0  9994
2 34474 074.0809 122.7743 0229589 152.8857 326.0132 13.93251686462046
0 COSMOS 2251 DEB
1 34474U 93036TT  18089.22259667  .00000544  00000-0  34932-3 0  9995
2 34474  74.0809 122.0542 0229560 152.0686 280.6805 13.93252119462423
0 COSMOS 2251 DEB
1 34474U 93036TT  18089.51848355 +.00000541 +00000-0 +34728-3 0  9995
2 34474 074.0809 121.5489 0229532 151.4955 324.7596 13.93252371462144
0 COSMOS 2251 DEB
1 34474U 93036TT  18090.53073946  .00000535  00000-0  34379-3 0  9990
2 34474  74.0808 119.8201 0229458 149.5299   1.9374 13.93253380462612
0 COSMOS 2251 DEB
1 34474U 93036TT  18091.53000181 +.00000536 +00000-0 +34437-3 0  9998
2 34474 074.0807 118.1135 0229374 147.5872 333.9504 13.93254498462424
0 COSMOS 2251 DEB
1 34474U 93036TT  18092.16478406  .00000529  00000-0  34007-3 0  9992
2 34474  74.0807 117.0293 0229325 146.3515 277.8398 13.93255203462831
0 COSMOS 2251 DEB
1 34474U 93036TT  18092.54414159 +.00000519 +00000-0 +33367-3 0  9996
2 34474 074.0807 116.3815 0229289 145.6140 020.5899 13.93255547462568
0 COSMOS 2251 DEB
1 34474U 93036TT  18093.17076969  .00000513  00000-0  32984-3 0  9997
2 34474  74.0806 115.3113 0229244 144.3950 283.5820 13.93256252462977
0 COSMOS 2251 DEB
1 34474U 93036TT  18093.46742988 +.00000502 +00000-0 +32303-3 0  9993
2 34474 074.0806 114.8047 0229218 143.8173 331.5474 13.93256483462693
0 COSMOS 2251 DEB
1 34474U 93036TT  18093.75588170 +.00000494 +00000-0 +31850-3 0  9992
2 34474 074.0806 114.3120 0229202 143.2558 338.3424 13.93256762462739
0 COSMOS 2251 DEB
1 34474U 93036TT  18094.18508361  .00000488  00000-0  31445-3 0  9997
2 34474  74.0806 113.5791 0229171 142.4193 331.1028 13.93257196463111
0 COSMOS 2251 DEB
1 34474U 93036TT  18094.47272726 +.00000485 +00000-0 +31300-3 0  9999
2 34474 074.0805 113.0878 0229155 141.8585 333.8454 13.93257454462838
0 COSMOS 2251 DEB
1 34474U 93036TT  18094.82026955 +.00000485 +00000-0 +31269-3 0  9993
2 34474 074.0805 112.4942 0229136 141.1809 277.0243 13.93257801462880
0 COSMOS 2251 DEB
1 34474U 93036TT  18095.48467326  .00000485  00000-0  31288-3 0  9998
2 34474  74.0805 111.3594 0229098 139.8847   9.4965 13.93258444463304
0 COSMOS 2251 DEB
1 34474U 93036TT  18095.48467326 +.00000485 +00000-0 +31288-3 0  9998
2 34474 074.0805 111.3594 0229098 139.8847 009.4965 13.93258444462976
0 COSMOS 2251 DEB
1 34474U 93036TT  18096.49030036  .00000487  00000-0  31414-3 0  9997
2 34474  74.0804 109.6419 0229040 137.9200  13.4604 13.93259426463449
0 COSMOS 2251 DEB
1 34474U 93036TT  18097.56596528  .00000495  00000-0  31909-3 0  9997
2 34474  74.0804 107.8048 0228983 135.8177   8.7214 13.93260580463595
0 COSMOS 2251 DEB
1 34474U 93036TT  18097.56596528 +.00000495 +00000-0 +31909-3 0  9997
2 34474 074.0804 107.8048 0228983 135.8177 008.7214 13.93260580463269
0 COSMOS 2251 DEB
1 34474U 93036TT  18098.42141694 +.00000488 +00000-0 +31454-3 0  9990
2 34474 074.0804 106.3437 0228947 134.1445 339.4525 13.93261382463388
0 COSMOS 2251 DEB
1 34474U 93036TT  18098.71043118  .00000484  00000-0  31243-3 0  9996
2 34474  74.0804 105.8501 0228941 133.5800 349.0756 13.93261672463741
0 COSMOS 2251 DEB
1 34474U 93036TT  18099.42698490 +.00000491 +00000-0 +31632-3 0  9994
2 34474 074.0804 104.6263 0228911 132.1776 343.1330 13.93262410463527
0 COSMOS 2251 DEB
1 34474U 93036TT  18100.06172615  .00000494  00000-0  31809-3 0  9992
2 34474  74.0804 103.5422 0228894 130.9343 286.8421 13.93263074463934
0 COSMOS 2251 DEB
1 34474U 93036TT  18100.43290293 +.00000501 +00000-0 +32290-3 0  9990
2 34474 074.0804 102.9083 0228882 130.2076 348.5752 13.93263443463666
0 COSMOS 2251 DEB
1 34474U 93036TT  18101.06699899  .00000514  00000-0  33055-3 0  9999
2 34474  74.0804 101.8252 0228874 128.9633 289.0529 13.93264157464076
0 COSMOS 2251 DEB
1 34474U 93036TT  18101.44434921 +.00000533 +00000-0 +34223-3 0  9993
2 34474 074.0805 101.1807 0228867 128.2244 021.7525 13.93264626463807
0 COSMOS 2251 DEB
1 34474U 93036TT  18102.07495956  .00000534  00000-0  34270-3 0  9991
2 34474  74.0805 100.1037 0228860 126.9881 304.7480 13.93265298464212
0 COSMOS 2251 DEB
1 34474U 93036TT  18102.44379098 +.00000535 +00000-0 +34344-3 0  9993
2 34474 074.0806 099.4738 0228851 126.2670 354.7196 13.93265683463946
0 COSMOS 2251 DEB
1 34474U 93036TT  18103.07847015  .00000532  00000-0  34183-3 0  9990
2 34474  74.0806  98.3899 0228846 125.0229 298.1263 13.93266407464350
0 COSMOS 2251 DEB
1 34474U 93036TT  18103.44940507 +.00000535 +00000-0 +34343-3 0  9992
2 34474 074.0807 097.7563 0228845 124.2938 358.6544 13.93266843464087
0 COSMOS 2251 DEB
1 34474U 93036TT  18104.08417705  .00000517  00000-0  33217-3 0  9991
2 34474  74.0807  96.6722 0228848 123.0447 302.5336 13.93267487464494
0 COSMOS 2251 DEB
1 34474U 93036TT  18104.38083184 +.00000511 +00000-0 +32844-3 0  9993
2 34474 074.0808 096.1656 0228849 122.4602 350.4911 13.93267772464211
0 COSMOS 2251 DEB
1 34474U 93036TT  18105.09103192  .00000497  00000-0  32023-3 0  9996
2 34474  74.0808  94.9527 0228851 121.0680 312.6986 13.93268511464638
0 COSMOS 2251 DEB
1 34474U 93036TT  18105.38718036 +.00000500 +00000-0 +32171-3 0  9996
2 34474 074.0809 094.4469 0228853 120.4844 358.1174 13.93268830464353
0 COSMOS 2251 DEB
1 34474U 93036TT  18105.94471756 +.00000503 +00000-0 +32385-3 0  9993
2 34474 074.0810 093.4947 0228864 119.3907 274.6040 13.93269457464433
0 COSMOS 2251 DEB
1 34474U 93036TT  18106.09605264  .00000508  00000-0  32692-3 0  9999
2 34474  74.0810  93.2363 0228875 119.0944 313.6680 13.93269647464775
0 COSMOS 2251 DEB
1 34474U 93036TT  18106.39233528 +.00000512 +00000-0 +32899-3 0  9996
2 34474 074.0810 092.7303 0228878 118.5129 359.7585 13.93269945464490
0 COSMOS 2251 DEB
1 34474U 93036TT  18106.94963163 +.00000525 +00000-0 +33724-3 0  9994
2 34474 074.0811 091.7784 0228898 117.4194 275.0394 13.93270594464574
0 COSMOS 2251 DEB
1 34474U 93036TT  18107.40404736  .00000528  00000-0  33936-3 0  9990
2 34474  74.0810  91.0021 0228912 116.5297  34.2912 13.93271021464961
0 COSMOS 2251 DEB
1 34474U 93036TT  18107.95507861 +.00000540 +00000-0 +34627-3 0  9995
2 34474 074.0810 090.0610 0228937 115.4480 278.1500 13.93271651464717
0 COSMOS 2251 DEB
1 34474U 93036TT  18108.40943670  .00000561  00000-0  35952-3 0  9993
2 34474  74.0811  89.2851 0228954 114.5555  37.1178 13.93272220465108
0 COSMOS 2251 DEB
1 34474U 93036TT  18109.40851845 +.00000577 +00000-0 +36915-3 0  9993
2 34474 074.0811 087.5788 0228987 112.5949 008.3096 13.93273350464911
0 COSMOS 2251 DEB
1 34474U 93036TT  18109.97014282 +.00000583 +00000-0 +37278-3 0  9991
2 34474 074.0811 086.6196 0229011 111.4930 305.3055 13.93274004464991
0 COSMOS 2251 DEB
1 34474U 93036TT  18110.04394983  .00000583  00000-0  37315-3 0  9992
2 34474  74.0811  86.4935 0229015 111.3480 315.5069 13.93274083465326
0 COSMOS 2251 DEB
1 34474U 93036TT  18110.34810216 +.00000596 +00000-0 +38112-3 0  9997
2 34474 074.0812 085.9741 0229024 110.7510 041.0749 13.93274452465048
0 COSMOS 2251 DEB
1 34474U 93036TT  18110.97545307 +.00000635 +00000-0 +40497-3 0  9995
2 34474 074.0812 084.9027 0229058 109.5209 307.7446 13.93275411465134
0 COSMOS 2251 DEB
1 34474U 93036TT  18111.26419160  .00000681  00000-0  43346-3 0  9992
2 34474  74.0813  84.4095 0229064 108.9552 316.0015 13.93276018465494
0 COSMOS 2251 DEB
1 34474U 93036TT  18111.90426951 +.00000702 +00000-0 +44632-3 0  9992
2 34474 074.0814 083.3163 0229106 107.6994 286.5104 13.93276896465261
0 COSMOS 2251 DEB
1 34474U 93036TT  18112.35794888  .00000708  00000-0  44973-3 0  9993
2 34474  74.0815  82.5414 0229125 106.8109  42.0789 13.93277428465651
0 COSMOS 2251 DEB
1 34474U 93036TT  18112.90930786 +.00000732 +00000-0 +46500-3 0  9998
2 34474 074.0815 081.5998 0229164 105.7290 287.5939 13.93278271465402
0 COSMOS 2251 DEB
1 34474U 93036TT  18113.36340824  .00000750  00000-0  47574-3 0  9999
2 34474  74.0816  80.8243 0229186 104.8392  45.2779 13.93278968465791
0 COSMOS 2251 DEB
1 34474U 93036TT  18113.91455181 +.00000758 +00000-0 +48078-3 0  9991
2 34474 074.0816 079.8830 0229221 103.7585 289.7150 13.93279815465546
0 COSMOS 2251 DEB
1 34474U 93036TT  18114.36303775 +.00000762 +00000-0 +48282-3 0  9994
2 34474 074.0817 079.1171 0229256 102.8792 019.2412 13.93280488465608
0 COSMOS 2251 DEB
1 34474U 93036TT  18114.92588265 +.00000757 +00000-0 +47968-3 0  9999
2 34474 074.0818 078.1559 0229295 101.7755 322.3734 13.93281348465687
0 COSMOS 2251 DEB
1 34474U 93036TT  18114.99879296  .00000753  00000-0  47742-3 0  9999
2 34474  74.0818  78.0314 0229300 101.6327 328.0787 13.93281438466015
0 COSMOS 2251 DEB
1 34474U 93036TT  18115.93111406 +.00000745 +00000-0 +47239-3 0  9998
2 34474 074.0819 076.4392 0229366 099.8058 324.4426 13.93282897465823
0 COSMOS 2251 DEB
1 34474U 93036TT  18116.21826480  .00000745  00000-0  47248-3 0  9995
2 34474  74.0820  75.9488 0229387  99.2428 324.7429 13.93283324466185
0 COSMOS 2251 DEB
1 34474U 93036TT  18116.58812823 +.00000715 +00000-0 +45397-3 0  9991
2 34474 074.0820 075.3171 0229405 098.5188 019.9153 13.93283717465917
0 COSMOS 2251 DEB
1 34474U 93036TT  18116.93483428 +.00000725 +00000-0 +46031-3 0  9992
2 34474 074.0821 074.7251 0229431 097.8404 318.9351 13.93284320465960
0 COSMOS 2251 DEB
1 34474U 93036TT  18117.30573726  .00000737  00000-0  46751-3 0  9997
2 34474  74.0821  74.0917 0229458  97.1141  19.3240 13.93284932466332
0 COSMOS 2251 DEB
1 34474U 93036TT  18117.94011397 +.00000736 +00000-0 +46694-3 0  9993
2 34474 074.0822 073.0083 0229519 095.8733 321.2538 13.93285857466103
0 COSMOS 2251 DEB
1 34474U 93036TT  18118.31742120  .00000738  00000-0  46781-3 0  9999
2 34474  74.0822  72.3639 0229553  95.1357  53.7655 13.93286370466484
0 COSMOS 2251 DEB
1 34474U 93036TT  18118.94640589 +.00000743 +00000-0 +47093-3 0  9997
2 34474 074.0822 071.2897 0229613 093.9057 328.6532 13.93287326466242
0 COSMOS 2251 DEB
1 34474U 93036TT  18119.32292111  .00000726  00000-0  46074-3 0  9993
2 34474  74.0822  70.6467 0229644  93.1710  57.1928 13.93287741466626
0 COSMOS 2251 DEB
1 34474U 93036TT  18119.95169512 +.00000727 +00000-0 +46131-3 0  9995
2 34474 074.0823 069.5728 0229705 091.9420 331.0265 13.93288694466385
0 COSMOS 2251 DEB
1 34474U 93036TT  18120.32255434 +.00000720 +00000-0 +45692-3 0  9991
2 34474 074.0823 068.9395 0229737 091.2172 031.1999 13.93289184466433
0 COSMOS 2251 DEB
1 34474U 93036TT  18121.54258483  .00000684  00000-0  43460-3 0  9993
2 34474  74.0824  66.8559 0229846  88.8343  30.6904 13.93290755466926
0 COSMOS 2251 DEB
1 34474U 93036TT  18122.26715816 +.00000684 +00000-0 +43413-3 0  9999
2 34474 074.0824 065.6185 0229915 087.4219 065.0423 13.93291747466708
0 COSMOS 2251 DEB
1 34474U 93036TT  18122.89417866  .00000689  00000-0  43719-3 0  9996
2 34474  74.0825  64.5476 0229966  86.1995 330.0866 13.93292660467110
0 COSMOS 2251 DEB
1 34474U 93036TT  18123.27150771 +.00000707 +00000-0 +44837-3 0  9991
2 34474 074.0825 063.9032 0230003 085.4638 062.7155 13.93293257466843
0 COSMOS 2251 DEB
1 34474U 93036TT  18123.89944323  .00000715  00000-0  45356-3 0  9999
2 34474  74.0825  62.8308 0230073  84.2394 332.3526 13.93294172467251
0 COSMOS 2251 DEB
1 34474U 93036TT  18124.27693091 +.00000708 +00000-0 +44896-3 0  9995
2 34474 074.0826 062.1861 0230097 083.5035 065.7778 13.93294565466980
0 COSMOS 2251 DEB
1 34474U 93036TT  18124.90588747  .00000677  00000-0  42957-3 0  9997
2 34474  74.0826  61.1119 0230174  82.2785 340.5369 13.93295213467396
0 COSMOS 2251 DEB
1 34474U 93036TT  18125.27692744 +.00000709 +00000-0 +44973-3 0  9997
2 34474 074.0827 060.4783 0230218 081.5552 041.6247 13.93295929467128
0 COSMOS 2251 DEB
1 34474U 93036TT  18125.91142333  .00000730  00000-0  46215-3 0  9997
2 34474  74.0827  59.3946 0230282  80.3189 344.1744 13.93297047467531
0 COSMOS 2251 DEB
1 34474U 93036TT  18126.28167632 +.00000742 +00000-0 +46976-3 0  9994
2 34474 074.0828 058.7623 0230301 079.5963 041.3171 13.93297644467262
0 COSMOS 2251 DEB
1 34474U 93036TT  18127.21459510  .00000719  00000-0  45564-3 0  9993
2 34474  74.0828  57.1691 0230394  77.7823  40.7182 13.93298932467713
0 COSMOS 2251 DEB
1 34474U 93036TT  18127.50164646 +.00000735 +00000-0 +46508-3 0  9995
2 34474 074.0829 056.6790 0230424 077.2239 040.5332 13.93299515467430
0 COSMOS 2251 DEB
1 34474U 93036TT  18127.92312668 +.00000738 +00000-0 +46695-3 0  9990
2 34474 074.0830 055.9591 0230455 076.4007 354.6306 13.93300222467495
0 COSMOS 2251 DEB
1 34474U 93036TT  18128.21924088  .00000745  00000-0  47168-3 0  9992
2 34474  74.0830  55.4534 0230484  75.8250  39.9040 13.93300711467853
0 COSMOS 2251 DEB
1 34474U 93036TT  18128.50612650 +.00000724 +00000-0 +45840-3 0  9995
2 34474 074.0831 054.9634 0230512 075.2666 038.8882 13.93300996467572
0 COSMOS 2251 DEB
1 34474U 93036TT  18128.85354024 +.00000716 +00000-0 +45332-3 0  9998
2 34474 074.0831 054.3701 0230552 074.5929 341.4728 13.93301470467625
0 COSMOS 2251 DEB
1 34474U 93036TT  18129.22419302  .00000739  00000-0  46772-3 0  9995
2 34474  74.0831  53.7372 0230584  73.8748  40.6223 13.93302154467996
0 COSMOS 2251 DEB
1 34474U 93036TT  18129.78226756 +.00000736 +00000-0 +46552-3 0  9998
2 34474 074.0831 052.7841 0230639 072.7901 319.8614 13.93303010467757
0 COSMOS 2251 DEB
1 34474U 93036TT  18130.23650095  .00000753  00000-0  47634-3 0  9998
2 34474  74.0832  52.0084 0230686  71.9081  78.2455 13.93303817468140
0 COSMOS 2251 DEB
1 34474U 93036TT  18130.86485464 +.00000716 +00000-0 +45316-3 0  9997
2 34474 074.0832 050.9353 0230755 070.6900 349.9969 13.93304603467904
0 COSMOS 2251 DEB
1 34474U 93036TT  18131.24195444  .00000735  00000-0  46520-3 0  9995
2 34474  74.0832  50.2911 0230809  69.9598  81.4887 13.93305370468282
0 COSMOS 2251 DEB
1 34474U 93036TT  18131.87092623 +.00000721 +00000-0 +45659-3 0  9996
2 34474 074.0832 049.2170 0230868 068.7400 356.3460 13.93306401468042
0 COSMOS 2251 DEB
1 34474U 93036TT  18132.45643812 +.00000715 +00000-0 +45246-3 0  9998
2 34474 074.0831 048.2170 0230898 067.5989 053.2203 13.93307347468444
0 COSMOS 2251 DEB
1 34474U 93036TT  18132.87676647 +.00000669 +00000-0 +42409-3 0  9992
2 34474 074.0831 047.4992 0230938 066.7866 001.5422 13.93307748468182
0 COSMOS 2251 DEB
1 34474U 93036TT  18133.17993793 +.00000695 +00000-0 +44052-3 0  9995
2 34474 074.0831 046.9814 0230972 066.1979 082.2225 13.93308420468226
0 COSMOS 2251 DEB
1 34474U 93036TT  18133.80756153  .00000708  00000-0  44805-3 0  9993
2 34474  74.0831  45.9095 0231027  64.9826 350.3227 13.93309548468633
0 COSMOS 2251 DEB
1 34474U 93036TT  18134.81282378  .00000707  00000-0  44732-3 0  9996
2 34474  74.0830  44.1927 0231115  63.0351 352.6254 13.93311005468779
0 COSMOS 2251 DEB
1 34474U 93036TT  18135.19033366 +.00000698 +00000-0 +44197-3 0  9993
2 34474 074.0830 043.5480 0231144 062.3040 086.1807 13.93311451468504
0 COSMOS 2251 DEB
1 34474U 93036TT  18135.81947564  .00000682  00000-0  43215-3 0  9999
2 34474  74.0830  42.4734 0231200  61.0874   1.9001 13.93312253468915
0 COSMOS 2251 DEB
1 34474U 93036TT  18136.19586083 +.00000694 +00000-0 +43928-3 0  9990
2 34474 074.0830 041.8306 0231238 060.3597 089.8160 13.93312886468641
0 COSMOS 2251 DEB
1 34474U 93036TT  18137.20347779 +.00000664 +00000-0 +42104-3 0  9992
2 34474 074.0830 040.1097 0231321 058.4107 103.9389 13.93314191469113
0 COSMOS 2251 DEB
1 34474U 93036TT  18137.82494038 +.00000647 +00000-0 +41050-3 0  9991
2 34474 074.0830 039.0483 0231358 057.2077 341.1481 13.93315081468872
0 COSMOS 2251 DEB
1 34474U 93036TT  18138.41544072  .00000612  00000-0  38877-3 0  9996
2 34474  74.0830  38.0398 0231400  56.0629  63.0555 13.93315734469276
0 COSMOS 2251 DEB
1 34474U 93036TT  18138.41544072 +.00000612 +00000-0 +38877-3 0  9996
2 34474 074.0830 038.0398 0231400 056.0629 063.0555 13.93315734468950
0 COSMOS 2251 DEB
1 34474U 93036TT  18138.83592782 +.00000594 +00000-0 +37813-3 0  9991
2 34474 074.0830 037.3217 0231431 055.2500 012.1875 13.93316257469014
0 COSMOS 2251 DEB
1 34474U 93036TT  18139.41977147 +.00000571 +00000-0 +36409-3 0  9993
2 34474 074.0830 036.3245 0231475 054.1212 060.7049 13.93316906469417
0 COSMOS 2251 DEB
1 34474U 93036TT  18139.84194628 +.00000557 +00000-0 +35540-3 0  9994
2 34474 074.0830 035.6034 0231505 053.3062 018.3029 13.93317385469153
0 COSMOS 2251 DEB
1 34474U 93036TT  18140.13814552 +.00000560 +00000-0 +35692-3 0  9995
2 34474 074.0830 035.0976 0231527 052.7340 064.0172 13.93317748469192
0 COSMOS 2251 DEB
1 34474U 93036TT  18140.77207625  .00000531  00000-0  33920-3 0  9992
2 34474  74.0830  34.0149 0231575  51.5112   3.7676 13.93318336469609
0 COSMOS 2251 DEB
1 34474U 93036TT  18141.14982929 +.00000543 +00000-0 +34637-3 0  9990
2 34474 074.0830 033.3698 0231600 050.7821 098.5510 13.93318831469336
0 COSMOS 2251 DEB
1 34474U 93036TT  18141.77843538  .00000531  00000-0  33940-3 0  9994
2 34474  74.0830  32.2961 0231642  49.5691  11.5970 13.93319519469748
0 COSMOS 2251 DEB
1 34474U 93036TT  18142.15529296 +.00000505 +00000-0 +32338-3 0  9990
2 34474 074.0829 031.6525 0231663 048.8407 101.8911 13.93319804469470
0 COSMOS 2251 DEB
1 34474U 93036TT  18142.78359542  .00000473  00000-0  30394-3 0  9998
2 34474  74.0829  30.5793 0231697  47.6290  13.4161 13.93320411469885
0 COSMOS 2251 DEB
1 34474U 93036TT  18143.63723453 +.00000464 +00000-0 +29837-3 0  9999
2 34474 074.0829 029.1214 0231749 045.9828 335.2182 13.93321417469686
0 COSMOS 2251 DEB
1 34474U 93036TT  18144.08627576  .00000434  00000-0  27993-3 0  9996
2 34474  74.0829  28.3545 0231770  45.1138  67.5850 13.93321732470065
0 COSMOS 2251 DEB
1 34474U 93036TT  18144.72079156 +.00000422 +00000-0 +27245-3 0  9999
2 34474 074.0829 027.2708 0231800 043.8890 010.2813 13.93322384469839
0 COSMOS 2251 DEB
1 34474U 93036TT  18145.37876541 +.00000421 +00000-0 +27179-3 0  9999
2 34474 074.0829 026.1469 0231829 042.6202 070.6418 13.93323028469923
0 COSMOS 2251 DEB
1 34474U 93036TT  18145.72607556 +.00000429 +00000-0 +27654-3 0  9992
2 34474 074.0829 025.5537 0231842 041.9500 012.7313 13.93323410469971
0 COSMOS 2251 DEB
1 34474U 93036TT  18146.09657873 +.00000421 +00000-0 +27167-3 0  9991
2 34474 074.0829 024.9209 0231854 041.2368 071.1538 13.93323651470021
0 COSMOS 2251 DEB
1 34474U 93036TT  18146.73287874  .00000414  00000-0  26736-3 0  9995
2 34474  74.0828  23.8340 0231878  40.0114  22.8000 13.93324165470439
0 COSMOS 2251 DEB
1 34474U 93036TT  18147.10957510 +.00000415 +00000-0 +26834-3 0  9998
2 34474 074.0827 023.1905 0231887 039.2863 112.2887 13.93324475470160
0 COSMOS 2251 DEB
1 34474U 93036TT  18147.73744365  .00000409  00000-0  26416-3 0  9998
2 34474  74.0827  22.1180 0231906  38.0757  21.6471 13.93325035470575
0 COSMOS 2251 DEB
1 34474U 93036TT  18148.10820066 +.00000400 +00000-0 +25888-3 0  9996
2 34474 074.0827 021.4847 0231918 037.3593 081.3486 13.93325324470301
0 COSMOS 2251 DEB
1 34474U 93036TT  18148.74403208  .00000381  00000-0  24703-3 0  9994
2 34474  74.0826  20.3987 0231931  36.1317  30.6525 13.93325877470718
0 COSMOS 2251 DEB
1 34474U 93036TT  18149.11360957 +.00000368 +00000-0 +23927-3 0  9991
2 34474 074.0826 019.7674 0231939 035.4165 084.4397 13.93326150470443
0 COSMOS 2251 DEB
1 34474U 93036TT  18149.67478346 +.00000344 +00000-0 +22447-3 0  9994
2 34474 074.0826 018.8089 0231952 034.3331 019.2661 13.93326593470521
0 COSMOS 2251 DEB
1 34474U 93036TT  18150.04604022  .00000335  00000-0  21917-3 0  9990
2 34474  74.0826  18.1749 0231960  33.6143  81.4776 13.93326859470892
0 COSMOS 2251 DEB
1 34474U 93036TT  18150.75465146 +.00000318 +00000-0 +20893-3 0  9993
2 34474 074.0825 016.9645 0231970 032.2467 035.8451 13.93327393470670
0 COSMOS 2251 DEB
1 34474U 93036TT  18151.60864510 +.00000334 +00000-0 +21864-3 0  9993
2 34474 074.0825 015.5058 0231980 030.6005 359.4449 13.93328140470790
0 COSMOS 2251 DEB
1 34474U 93036TT  18151.68524716 +.00000326 +00000-0 +21395-3 0  9992
2 34474 074.0825 015.3750 0231983 030.4530 023.6777 13.93328150470808
0 COSMOS 2251 DEB
1 34474U 93036TT  18152.61399970  .00000350  00000-0  22817-3 0  9995
2 34474  74.0824  13.7886 0231990  28.6602   2.2702 13.93328968471254
0 COSMOS 2251 DEB
1 34474U 93036TT  18152.61399970 +.00000350 +00000-0 +22817-3 0  9995
2 34474 074.0824 013.7886 0231990 028.6602 002.2702 13.93328968470938
0 COSMOS 2251 DEB
1 34474U 93036TT  18153.62530045 +.00000328 +00000-0 +21491-3 0  9999
2 34474 074.0823 012.0613 0231995 026.7060 034.9266 13.93329644471074
0 COSMOS 2251 DEB
1 34474U 93036TT  18153.69753562  .00000332  00000-0  21713-3 0  9999
2 34474  74.0823  11.9378 0231994  26.5655  37.2576 13.93329740471401
0 COSMOS 2251 DEB
1 34474U 93036TT  18154.62949156 +.00000302 +00000-0 +19905-3 0  9996
2 34474 074.0823 010.3459 0231989 024.7683 031.9231 13.93330432471217
0 COSMOS 2251 DEB
1 34474U 93036TT  18155.07318512  .00000299  00000-0  19701-3 0  9991
2 34474  74.0822   9.5879 0231982  23.9114  97.4802 13.93330814471591
0 COSMOS 2251 DEB
1 34474U 93036TT  18155.42373648 +.00000315 +00000-0 +20731-3 0  9995
2 34474 074.0822 008.9891 0231987 023.2286 055.8447 13.93331255471320
0 COSMOS 2251 DEB
1 34474U 93036TT  18156.56240807  .00000262  00000-0  17483-3 0  9992
2 34474  74.0822   7.0441 0231972  21.0264   7.4002 13.93331809471805
0 COSMOS 2251 DEB
1 34474U 93036TT  18157.56787237  .00000251  00000-0  16822-3 0  9990
2 34474  74.0821   5.3266 0231958  19.0818  10.7927 13.93332367471944
0 COSMOS 2251 DEB
1 34474U 93036TT  18158.02357302 +.00000258 +00000-0 +17202-3 0  9998
2 34474 074.0821 004.5484 0231957 018.1989 136.5821 13.93332664471686
0 COSMOS 2251 DEB
1 34474U 93036TT  18158.93909873 +.00000266 +00000-0 +17703-3 0  9999
2 34474 074.0820 002.9845 0231937 016.4263 048.8497 13.93333298471815
0 COSMOS 2251 DEB
1 34474U 93036TT  18159.02165087  .00000270  00000-0  17977-3 0  9999
2 34474  74.0820   2.8435 0231932  16.2682 102.9292 13.93333410472145
0 COSMOS 2251 DEB
1 34474U 93036TT  18159.58424278 +.00000258 +00000-0 +17243-3 0  9992
2 34474 074.0820 001.8825 0231912 015.1791 044.8857 13.93333762471908
0 COSMOS 2251 DEB
1 34474U 93036TT  18159.95359595 +.00000246 +00000-0 +16508-3 0  9992
2 34474 074.0820 001.2516 0231897 014.4634 097.5592 13.93333936471958
0 COSMOS 2251 DEB
1 34474U 93036TT  18160.95947302 +.00000203 +00000-0 +13878-3 0  9993
2 34474 074.0819 359.5334 0231871 012.5113 103.0368 13.93334357472094
0 COSMOS 2251 DEB
1 34474U 93036TT  18161.03239902  .00000209  00000-0  14248-3 0  9991
2 34474  74.0820 359.4089 0231869  12.3698 108.8341 13.93334468472429
0 COSMOS 2251 DEB
1 34474U 93036TT  18161.97151541 +.00000183 +00000-0 +12670-3 0  9994
2 34474 074.0820 357.8047 0231868 010.5439 139.4444 13.93334821472233
0 COSMOS 2251 DEB
1 34474U 93036TT  18162.25246726  .00000188  00000-0  12952-3 0  9994
2 34474  74.0820 357.3248 0231854  10.0000 108.6980 13.93334997472591
0 COSMOS 2251 DEB
1 34474U 93036TT  18162.97022226 +.00000181 +00000-0 +12501-3 0  9993
2 34474 074.0820 356.0987 0231818 008.6094 108.9551 13.93335245472373
0 COSMOS 2251 DEB
1 34474U 93036TT  18163.60366156 +.00000179 +00000-0 +12389-3 0  9998
2 34474 074.0820 355.0167 0231798 007.3801 046.2880 13.93335510472465
0 COSMOS 2251 DEB
1 34474U 93036TT  18163.89283831  .00000194  00000-0  13348-3 0  9990
2 34474  74.0820 354.5228 0231791   6.8172  56.8015 13.93335710472824
0 COSMOS 2251 DEB
1 34474U 93036TT  18164.61002951 +.00000163 +00000-0 +11452-3 0  9993
2 34474 074.0819 353.2977 0231765 005.4234 054.2368 13.93335845472602
0 COSMOS 2251 DEB
1 34474U 93036TT  18164.98077340  .00000171  00000-0  11900-3 0  9994
2 34474  74.0819 352.6644 0231751   4.7019 113.8919 13.93336045472971
0 COSMOS 2251 DEB
1 34474U 93036TT  18165.61607969 +.00000139 +00000-0 +99528-4 0  9998
2 34474 074.0819 351.5793 0231728 003.4654 060.5951 13.93336190472749
0 COSMOS 2251 DEB
1 34474U 93036TT  18165.91303744 +.00000151 +00000-0 +10726-3 0  9991
2 34474 074.0819 351.0720 0231745 002.8873 110.1388 13.93336379472788
0 COSMOS 2251 DEB
1 34474U 93036TT  18165.98651541  .00000145  00000-0  10304-3 0  9994
2 34474  74.0819 350.9464 0231757   2.7441 118.7053 13.93336380473117
0 COSMOS 2251 DEB
1 34474U 93036TT  18166.62147163 +.00000110 +00000-0 +81585-4 0  9998
2 34474 074.0818 349.8618 0231713 001.5076 063.6538 13.93336475472881
0 COSMOS 2251 DEB
1 34474U 93036TT  18166.92541689 +.00000121 +00000-0 +88750-4 0  9995
2 34474 074.0818 349.3426 0231699 000.9148 148.2486 13.93336665472927
0 COSMOS 2251 DEB
1 34474U 93036TT  18166.99193049  .00000117  00000-0  86350-4 0  9994
2 34474  74.0818 349.2290 0231694   0.7852 121.8819 13.93336683473254
0 COSMOS 2251 DEB
1 34474U 93036TT  18167.55237517 +.00000108 +00000-0 +80418-4 0  9995
2 34474 074.0818 348.2716 0231675 359.6940 053.0798 13.93336832473011
0 COSMOS 2251 DEB
1 34474U 93036TT  18167.93075539 +.00000112 +00000-0 +83295-4 0  9992
2 34474 074.0818 347.6253 0231660 358.9565 151.0409 13.93336946473068
0 COSMOS 2251 DEB
1 34474U 93036TT  18168.55761459 +.00000110 +00000-0 +82017-4 0  9993
2 34474 074.0818 346.5544 0231643 357.7358 055.3750 13.93337065473470
0 COSMOS 2251 DEB
1 34474U 93036TT  18168.92996647 +.00000133 +00000-0 +96352-4 0  9995
2 34474 074.0818 345.9183 0231629 357.0093 123.0991 13.93337263473206
0 COSMOS 2251 DEB
1 34474U 93036TT  18169.56462453  .00000139  00000-0  99683-4 0  9995
2 34474  74.0818 344.8342 0231610 355.7722  66.5544 13.93337423473613
0 COSMOS 2251 DEB
1 34474U 93036TT  18169.94155697 +.00000158 +00000-0 +11158-3 0  9997
2 34474 074.0818 344.1903 0231594 355.0365 157.2556 13.93337622473348
0 COSMOS 2251 DEB
1 34474U 93036TT  18170.49756937 +.00000168 +00000-0 +11788-3 0  9993
2 34474 074.0818 343.2404 0231582 353.9516 066.2256 13.93337877473423
0 COSMOS 2251 DEB
1 34474U 93036TT  18170.94703047  .00000187  00000-0  12917-3 0  9993
2 34474  74.0818 342.4726 0231585 353.0747 160.7323 13.93338131473813
0 COSMOS 2251 DEB
1 34474U 93036TT  18170.94703047 +.00000187 +00000-0 +12917-3 0  9993
2 34474 074.0818 342.4726 0231585 353.0747 160.7323 13.93338131473486
0 COSMOS 2251 DEB
1 34474U 93036TT  18171.94600802 +.00000160 +00000-0 +11279-3 0  9990
2 34474 074.0818 340.7661 0231573 351.1240 131.6277 13.93338382473628
0 COSMOS 2251 DEB
1 34474U 93036TT  18172.16089414  .00000149  00000-0  10626-3 0  9997
2 34474  74.0818 340.3990 0231558 350.7022 129.5043 13.93338421473974
0 COSMOS 2251 DEB
1 34474U 93036TT  18172.50634965 +.00000153 +00000-0 +10837-3 0  9991
2 34474 074.0818 339.8089 0231552 350.0276 062.3180 13.93338594473702
0 COSMOS 2251 DEB
1 34474U 93036TT  18173.51159706  .00000175  00000-0  12189-3 0  9994
2 34474  74.0818 338.0917 0231538 348.0625  64.6681 13.93339113474162
0 COSMOS 2251 DEB
1 34474U 93036TT  18173.88359484 +.00000179 +00000-0 +12456-3 0  9990
2 34474 074.0818 337.4562 0231530 347.3348 130.6200 13.93339226473892
0 COSMOS 2251 DEB
1 34474U 93036TT  18174.60050609  .00000193  00000-0  13312-3 0  9996
2 34474  74.0818 336.2315 0231499 345.9301 126.6718 13.93339544474312
0 COSMOS 2251 DEB
1 34474U 93036TT  18174.60050609 +.00000193 +00000-0 +13312-3 0  9996
2 34474 074.0818 336.2315 0231499 345.9301 126.6718 13.93339544473995
0 COSMOS 2251 DEB
1 34474U 93036TT  18175.52356772 +.00000223 +00000-0 +15148-3 0  9991
2 34474 074.0818 334.6547 0231491 344.1253 076.7787 13.93340072474128
0 COSMOS 2251 DEB
1 34474U 93036TT  18175.90114417 +.00000229 +00000-0 +15504-3 0  9993
2 34474 074.0818 334.0098 0231485 343.3859 170.7161 13.93340266474507
0 COSMOS 2251 DEB
1 34474U 93036TT  18176.45056060 +.00000237 +00000-0 +16002-3 0  9996
2 34474 074.0818 333.0713 0231483 342.3108 046.6093 13.93340619474253
0 COSMOS 2251 DEB
1 34474U 93036TT  18176.90010015 +.00000235 +00000-0 +15877-3 0  9993
2 34474 074.0818 332.3034 0231479 341.4288 141.5186 13.93340831474316
0 COSMOS 2251 DEB
1 34474U 93036TT  18177.53412083  .00000254  00000-0  17066-3 0  9997
2 34474  74.0819 331.2203 0231476 340.1863  81.7936 13.93341366474722
0 COSMOS 2251 DEB
1 34474U 93036TT  18177.83215253 +.00000253 +00000-0 +16991-3 0  9995
2 34474 074.0818 330.7111 0231476 339.6029 136.7329 13.93341525474443
0 COSMOS 2251 DEB
1 34474U 93036TT  18178.46557839 +.00000252 +00000-0 +16926-3 0  9991
2 34474 074.0818 329.6291 0231475 338.3619 074.0245 13.93341920474539
0 COSMOS 2251 DEB
1 34474U 93036TT  18178.83788802  .00000268  00000-0  17912-3 0  9991
2 34474  74.0819 328.9931 0231475 337.6318 141.5468 13.93342195474904
0 COSMOS 2251 DEB
1 34474U 93036TT  18179.47080981 +.00000249 +00000-0 +16776-3 0  9991
2 34474 074.0819 327.9119 0231474 336.3928 076.3095 13.93342420474679
0 COSMOS 2251 DEB
1 34474U 93036TT  18179.84945277  .00000257  00000-0  17229-3 0  9993
2 34474  74.0819 327.2651 0231475 335.6510 175.5995 13.93342603475050
0 COSMOS 2251 DEB
1 34474U 93036TT  18179.84945277 +.00000257 +00000-0 +17229-3 0  9993
2 34474 074.0819 327.2651 0231475 335.6510 175.5995 13.93342603474723
0 COSMOS 2251 DEB
1 34474U 93036TT  18180.47621604 +.00000284 +00000-0 +18927-3 0  9995
2 34474 074.0819 326.1944 0231473 334.4231 079.4740 13.93343110474815
0 COSMOS 2251 DEB
1 34474U 93036TT  18180.84803872 +.00000304 +00000-0 +20170-3 0  9991
2 34474 074.0819 325.5593 0231475 333.6941 144.5552 13.93343410474862
0 COSMOS 2251 DEB
1 34474U 93036TT  18181.48346354  .00000299  00000-0  19865-3 0  9991
2 34474  74.0819 324.4738 0231480 332.4517  91.8745 13.93343726475277
0 COSMOS 2251 DEB
1 34474U 93036TT  18181.85331730 +.00000302 +00000-0 +20043-3 0  9999
2 34474 074.0820 323.8421 0231487 331.7267 147.0800 13.93343943475000
0 COSMOS 2251 DEB
1 34474U 93036TT  18182.48780229  .00000290  00000-0  19293-3 0  9991
2 34474  74.0820 322.7582 0231496 330.4829  89.6902 13.93344289475419
0 COSMOS 2251 DEB
1 34474U 93036TT  18182.78730267 +.00000287 +00000-0 +19123-3 0  9999
2 34474 074.0819 322.2465 0231501 329.8940 152.0017 13.93344427475130
0 COSMOS 2251 DEB
1 34474U 93036TT  18183.42063687 +.00000296 +00000-0 +19682-3 0  9996
2 34474 074.0819 321.1646 0231512 328.6526 088.8413 13.93344942475226
0 COSMOS 2251 DEB
1 34474U 93036TT  18183.79199441  .00000297  00000-0  19748-3 0  9998
2 34474  74.0820 320.5303 0231523 327.9232 151.5928 13.93345157475597
0 COSMOS 2251 DEB
1 34474U 93036TT  18184.42480372 +.00000308 +00000-0 +20406-3 0  9991
2 34474 074.0820 319.4493 0231533 326.6819 085.8015 13.93345646475366
0 COSMOS 2251 DEB
1 34474U 93036TT  18185.35309046 +.00000327 +00000-0 +21592-3 0  9990
2 34474 074.0820 317.8635 0231550 324.8591 062.1454 13.93346264475498
0 COSMOS 2251 DEB
1 34474U 93036TT  18185.80143981 +.00000329 +00000-0 +21661-3 0  9993
2 34474 074.0820 317.0976 0231561 323.9794 151.0929 13.93346472475558
0 COSMOS 2251 DEB
1 34474U 93036TT  18186.43544216 +.00000347 +00000-0 +22790-3 0  9993
2 34474 074.0820 316.0146 0231576 322.7381 091.2863 13.93346959475968
0 COSMOS 2251 DEB
1 34474U 93036TT  18186.80741741 +.00000350 +00000-0 +22957-3 0  9995
2 34474 074.0820 315.3791 0231590 322.0070 157.1390 13.93347153475694
0 COSMOS 2251 DEB
1 34474U 93036TT  18187.37017722 +.00000349 +00000-0 +22908-3 0  9997
2 34474 074.0820 314.4178 0231609 320.9038 099.9786 13.93347556475773
0 COSMOS 2251 DEB
1 34474U 93036TT  18187.81307090  .00000368  00000-0  24068-3 0  9996
2 34474  74.0820 313.6612 0231625 320.0375 161.5610 13.93347987476153
0 COSMOS 2251 DEB
1 34474U 93036TT  18188.44753508 +.00000365 +00000-0 +23889-3 0  9992
2 34474 074.0820 312.5774 0231646 318.7926 104.0782 13.93348521475920
0 COSMOS 2251 DEB
1 34474U 93036TT  18188.81888203  .00000376  00000-0  24550-3 0  9992
2 34474  74.0820 311.9431 0231663 318.0659 166.7793 13.93348892476297
0 COSMOS 2251 DEB
1 34474U 93036TT  18189.75158637 +.00000365 +00000-0 +23900-3 0  9993
2 34474 074.0821 310.3499 0231696 316.2350 165.2933 13.93349591476106
0 COSMOS 2251 DEB
1 34474U 93036TT  18190.38406271  .00000388  00000-0  25312-3 0  9998
2 34474  74.0820 309.2695 0231725 314.9962  97.8414 13.93350309476515
0 COSMOS 2251 DEB
1 34474U 93036TT  18190.75596480 +.00000389 +00000-0 +25367-3 0  9992
2 34474 074.0820 308.6342 0231740 314.2657 163.3312 13.93350553476245
0 COSMOS 2251 DEB
1 34474U 93036TT  18191.38936441  .00000416  00000-0  27020-3 0  9996
2 34474  74.0820 307.5522 0231771 313.0256 100.5112 13.93351229476656
0 COSMOS 2251 DEB
1 34474U 93036TT  18191.76177910 +.00000430 +00000-0 +27855-3 0  9998
2 34474 074.0820 306.9161 0231788 312.2954 168.5727 13.93351585476383
0 COSMOS 2251 DEB
1 34474U 93036TT  18193.11472704  .00000468  00000-0  30242-3 0  9993
2 34474  74.0820 304.6049 0231842 309.6417 115.0726 13.93353005476899
0 COSMOS 2251 DEB
1 34474U 93036TT  18193.40169385 +.00000445 +00000-0 +28804-3 0  9999
2 34474 074.0820 304.1147 0231857 309.0778 114.5234 13.93353131476611
0 COSMOS 2251 DEB
1 34474U 93036TT  18195.25962907  .00000501  00000-0  32233-3 0  9999
2 34474  74.0821 300.9409 0231973 305.4393  74.0905 13.93355386477192
0 COSMOS 2251 DEB
1 34474U 93036TT  18196.72352719  .00000534  00000-0  34249-3 0  9991
2 34474  74.0821 298.4400 0232067 302.5713 217.1423 13.93357026477405
0 COSMOS 2251 DEB
1 34474U 93036TT  18197.27221139 +.00000556 +00000-0 +35620-3 0  9991
2 34474 074.0820 297.5026 0232099 301.4984 089.3949 13.93357748477156
0 COSMOS 2251 DEB
1 34474U 93036TT  18197.72748331  .00000592  00000-0  37776-3 0  9993
2 34474  74.0821 296.7250 0232128 300.6069 213.0856 13.93358468477541
0 COSMOS 2251 DEB
1 34474U 93036TT  18198.35606885 +.00000600 +00000-0 +38253-3 0  9991
2 34474 074.0820 295.6512 0232163 299.3803 126.1314 13.93359244477308
0 COSMOS 2251 DEB
1 34474U 93036TT  18199.36030337  .00000583  00000-0  37218-3 0  9996
2 34474  74.0820 293.9358 0232233 297.4153 123.4777 13.93360377477764
0 COSMOS 2251 DEB
1 34474U 93036TT  18199.73920566 +.00000572 +00000-0 +36547-3 0  9991
2 34474 074.0820 293.2886 0232266 296.6733 224.0932 13.93360768477499
0 COSMOS 2251 DEB
1 34474U 93036TT  18200.29213675 +.00000570 +00000-0 +36463-3 0  9996
2 34474 074.0820 292.3440 0232307 295.5904 117.6580 13.93361489477575
0 COSMOS 2251 DEB
1 34474U 93036TT  18200.66487125  .00000569  00000-0  36357-3 0  9990
2 34474  74.0820 291.7073 0232336 294.8625 187.3351 13.93361939477945
0 COSMOS 2251 DEB
1 34474U 93036TT  18200.95150671 +.00000552 +00000-0 +35303-3 0  9997
2 34474 074.0819 291.2175 0232367 294.3008 185.1314 13.93362167477663
0 COSMOS 2251 DEB
1 34474U 93036TT  18201.29735333 +.00000583 +00000-0 +37209-3 0  9990
2 34474 074.0818 290.6266 0232415 293.6207 119.9426 13.93362839477714
0 COSMOS 2251 DEB
1 34474U 93036TT  18201.67655507  .00000627  00000-0  39908-3 0  9993
2 34474  74.0817 289.9787 0232453 292.8839 222.0595 13.93363625478095
0 COSMOS 2251 DEB
1 34474U 93036TT  18202.59147170 +.00000616 +00000-0 +39265-3 0  9991
2 34474 074.0815 288.4159 0232517 291.1019 131.3826 13.93364636477892
0 COSMOS 2251 DEB
1 34474U 93036TT  18202.68134194  .00000612  00000-0  38997-3 0  9990
2 34474  74.0815 288.2623 0232523 290.9248 222.1840 13.93364711478232
0 COSMOS 2251 DEB
1 34474U 93036TT  18203.30785844 +.00000629 +00000-0 +40050-3 0  9995
2 34474 074.0814 287.1920 0232562 289.7027 124.8655 13.93365615477991
0 COSMOS 2251 DEB
1 34474U 93036TT  18203.68693664 +.00000630 +00000-0 +40099-3 0  9999
2 34474 074.0814 286.5445 0232591 288.9616 226.3687 13.93366033478374
0 COSMOS 2251 DEB
1 34474U 93036TT  18204.31528959 +.00000644 +00000-0 +40945-3 0  9999
2 34474 074.0814 285.4711 0232635 287.7402 138.2605 13.93366935478133
0 COSMOS 2251 DEB
1 34474U 93036TT  18205.69808670 +.00000639 +00000-0 +40601-3 0  9995
2 34474 074.0813 283.1088 0232750 285.0441 234.5469 13.93368703478656
0 COSMOS 2251 DEB
1 34474U 93036TT  18206.91058050 +.00000672 +00000-0 +42625-3 0  9995
2 34474 074.0813 281.0376 0232835 282.6798 196.5813 13.93370675478498
0 COSMOS 2251 DEB
1 34474U 93036TT  18206.91058050 +.00000672 +00000-0 +42625-3 0  9995
2 34474 074.0813 281.0376 0232835 282.6798 196.5813 13.93370675478814
0 COSMOS 2251 DEB
1 34474U 93036TT  18208.64162459 +.00000643 +00000-0 +40863-3 0  9996
2 34474 074.0813 278.0804 0232943 279.3088 239.7372 13.93372666479061
0 COSMOS 2251 DEB
1 34474U 93036TT  18209.64611275 +.00000653 +00000-0 +41428-3 0  9991
2 34474 074.0812 276.3644 0233058 277.3491 238.4003 13.93374093479206
0 COSMOS 2251 DEB
1 34474U 93036TT  18210.19505152 +.00000659 +00000-0 +41839-3 0  9991
2 34474 074.0812 275.4267 0233088 276.2799 111.9600 13.93374929478956
0 COSMOS 2251 DEB
1 34474U 93036TT  18211.86523326  .00000653  00000-0  41418-3 0  9996
2 34474  74.0811 272.5734 0233195 273.0321 209.8474 13.93377283479501
0 COSMOS 2251 DEB
1 34474U 93036TT  18213.13863618  .00000654  00000-0  41496-3 0  9996
2 34474  74.0810 270.3978 0233282 270.5582 117.4386 13.93379116479686
0 COSMOS 2251 DEB
1 34474U 93036TT  18213.59443894 +.00000628 +00000-0 +39900-3 0  9994
2 34474 074.0809 269.6192 0233312 269.6717 243.8194 13.93379536479425
0 COSMOS 2251 DEB
1 34474U 93036TT  18214.60030934  .00000630  00000-0  40043-3 0  9997
2 34474  74.0809 267.9010 0233373 267.7184 249.4320 13.93380955479890
0 COSMOS 2251 DEB
1 34474U 93036TT  18215.60520987  .00000635  00000-0  40296-3 0  9995
2 34474  74.0809 266.1843 0233436 265.7658 250.1857 13.93382390480036
0 COSMOS 2251 DEB
1 34474U 93036TT  18216.61263010  .00000627  00000-0  39820-3 0  9990
2 34474  74.0808 264.4633 0233498 263.8119 263.5810 13.93383826480179
0 COSMOS 2251 DEB
1 34474U 93036TT  18216.61263010 +.00000627 +00000-0 +39820-3 0  9990
2 34474 074.0808 264.4633 0233498 263.8119 263.5810 13.93383826479841
0 COSMOS 2251 DEB
1 34474U 93036TT  18217.08516778 +.00000617 +00000-0 +39215-3 0  9991
2 34474 074.0808 263.6560 0233541 262.8936 113.9159 13.93384483479918
0 COSMOS 2251 DEB
1 34474U 93036TT  18218.54961160  .00000572  00000-0  36469-3 0  9990
2 34474  74.0806 261.1539 0233641 260.0524 259.8315 13.93386154480440
0 COSMOS 2251 DEB
1 34474U 93036TT  18219.55351262  .00000567  00000-0  36134-3 0  9991
2 34474  74.0804 259.4385 0233685 258.1065 255.5854 13.93387424480580
0 COSMOS 2251 DEB
1 34474U 93036TT  18220.55905094  .00000562  00000-0  35816-3 0  9992
2 34474  74.0805 257.7206 0233726 256.1583 259.5556 13.93388647480720
0 COSMOS 2251 DEB
1 34474U 93036TT  18223.49592625 +.00000528 +00000-0 +33761-3 0  9999
2 34474 074.0802 252.7028 0233848 250.4694 231.5014 13.93392118481121
0 COSMOS 2251 DEB
1 34474U 93036TT  18224.50138418 +.00000523 +00000-0 +33413-3 0  9997
2 34474 074.0800 250.9847 0233866 248.5193 235.0867 13.93393223481268
0 COSMOS 2251 DEB
1 34474U 93036TT  18225.21052545 +.00000505 +00000-0 +32302-3 0  9998
2 34474 074.0798 249.7729 0233895 247.1449 192.2875 13.93393905481046
0 COSMOS 2251 DEB
1 34474U 93036TT  18226.51204005 +.00000511 +00000-0 +32660-3 0  9996
2 34474 074.0798 247.5492 0233896 244.6226 240.9612 13.93395331481220
0 COSMOS 2251 DEB
1 34474U 93036TT  18227.14603677  .00000507  00000-0  32447-3 0  9992
2 34474  74.0796 246.4660 0233907 243.3947 181.2256 13.93396033481638
0 COSMOS 2251 DEB
1 34474U 93036TT  18227.44379924 +.00000510 +00000-0 +32627-3 0  9994
2 34474 074.0796 245.9573 0233914 242.8182 234.8661 13.93396333481355
0 COSMOS 2251 DEB
1 34474U 93036TT  18228.15106003  .00000509  00000-0  32544-3 0  9995
2 34474  74.0796 244.7489 0233918 241.4475 182.6425 13.93397133481775
0 COSMOS 2251 DEB
1 34474U 93036TT  18228.44966573 +.00000517 +00000-0 +33042-3 0  9996
2 34474 074.0796 244.2387 0233920 240.8701 240.5135 13.93397477481497
0 COSMOS 2251 DEB
1 34474U 93036TT  18229.15652476  .00000509  00000-0  32555-3 0  9998
2 34474  74.0795 243.0309 0233919 239.5015 186.2754 13.93398204481917
0 COSMOS 2251 DEB
1 34474U 93036TT  18229.45499313 +.00000526 +00000-0 +33617-3 0  9999
2 34474 074.0795 242.5210 0233915 238.9230 243.4604 13.93398605481634
0 COSMOS 2251 DEB
1 34474U 93036TT  18230.16396418  .00000513  00000-0  32779-3 0  9995
2 34474  74.0795 241.3097 0233894 237.5484 199.8213 13.93399284482057
0 COSMOS 2251 DEB
1 34474U 93036TT  18230.46027708 +.00000540 +00000-0 +34470-3 0  9991
2 34474 074.0797 240.8037 0233889 236.9666 246.2031 13.93399760481778
0 COSMOS 2251 DEB
1 34474U 93036TT  18231.17033757  .00000554  00000-0  35280-3 0  9996
2 34474  74.0797 239.5905 0233877 235.5893 208.0330 13.93400621482195
0 COSMOS 2251 DEB
1 34474U 93036TT  18231.46574007 +.00000570 +00000-0 +36292-3 0  9998
2 34474 074.0797 239.0858 0233876 235.0155 249.8423 13.93401011481911
0 COSMOS 2251 DEB
1 34474U 93036TT  18232.47699574  .00000588  00000-0  37345-3 0  9996
2 34474  74.0797 237.3581 0233847 233.0547 282.5420 13.93402262482388
0 COSMOS 2251 DEB
1 34474U 93036TT  18234.40872314  .00000566  00000-0  36039-3 0  9991
2 34474  74.0798 234.0575 0233788 229.3058 252.5632 13.93404457482644
0 COSMOS 2251 DEB
1 34474U 93036TT  18234.96414294 +.00000563 +00000-0 +35810-3 0  9994
2 34474 074.0798 233.1085 0233771 228.2261 158.6908 13.93405123482403
0 COSMOS 2251 DEB
1 34474U 93036TT  18235.41383122  .00000561  00000-0  35692-3 0  9996
2 34474  74.0799 232.3402 0233764 227.3541 254.4407 13.93405637482781
0 COSMOS 2251 DEB
1 34474U 93036TT  18235.96939727 +.00000557 +00000-0 +35479-3 0  9992
2 34474 074.0799 231.3910 0233739 226.2737 161.3045 13.93406286482540
0 COSMOS 2251 DEB
1 34474U 93036TT  18236.42565653  .00000554  00000-0  35297-3 0  9992
2 34474  74.0799 230.6114 0233734 225.3870 290.0197 13.93406768482937
0 COSMOS 2251 DEB
1 34474U 93036TT  18237.42437174 +.00000550 +00000-0 +35013-3 0  9991
2 34474 074.0800 228.9051 0233648 223.4402 259.8441 13.93407882482746
0 COSMOS 2251 DEB
1 34474U 93036TT  18238.05957551  .00000546  00000-0  34812-3 0  9998
2 34474  74.0800 227.8198 0233579 222.1986 206.2023 13.93408570483155
0 COSMOS 2251 DEB
1 34474U 93036TT  18238.35710410 +.00000535 +00000-0 +34120-3 0  9992
2 34474 074.0801 227.3115 0233588 221.6247 258.6812 13.93408833482871
0 COSMOS 2251 DEB
1 34474U 93036TT  18239.06400995  .00000597  00000-0  37897-3 0  9997
2 34474  74.0801 226.1038 0233524 220.2447 204.7216 13.93410173483296
0 COSMOS 2251 DEB
1 34474U 93036TT  18239.43578723 +.00000561 +00000-0 +35725-3 0  9992
2 34474 074.0801 225.4686 0233513 219.5268 269.6522 13.93410336483029
0 COSMOS 2251 DEB
1 34474U 93036TT  18240.06922392  .00000550  00000-0  35020-3 0  9994
2 34474  74.0802 224.3864 0233468 218.2938 207.1478 13.93411079483432
0 COSMOS 2251 DEB
1 34474U 93036TT  18240.36774059 +.00000549 +00000-0 +34968-3 0  9990
2 34474 074.0802 223.8763 0233459 217.7115 264.5925 13.93411405483151
0 COSMOS 2251 DEB
1 34474U 93036TT  18241.07575615  .00000570  00000-0  36239-3 0  9993
2 34474  74.0802 222.6667 0233411 216.3282 216.2044 13.93412386483570
0 COSMOS 2251 DEB
1 34474U 93036TT  18241.37901024 +.00000551 +00000-0 +35082-3 0  9997
2 34474 074.0802 222.1486 0233403 215.7369 297.4144 13.93412625483291
0 COSMOS 2251 DEB
1 34474U 93036TT  18242.08170550  .00000488  00000-0  31282-3 0  9995
2 34474  74.0802 220.9480 0233349 214.3649 222.3379 13.93413005483713
0 COSMOS 2251 DEB
1 34474U 93036TT  18242.38451941 +.00000486 +00000-0 +31130-3 0  9994
2 34474 074.0802 220.4305 0233327 213.7692 301.3463 13.93413331483434
0 COSMOS 2251 DEB
1 34474U 93036TT  18243.39140972  .00000482  00000-0  30893-3 0  9996
2 34474  74.0803 218.7103 0233265 211.8043 312.2069 13.93414468483908
0 COSMOS 2251 DEB
1 34474U 93036TT  18244.01811578 +.00000473 +00000-0 +30327-3 0  9995
2 34474 074.0803 217.6396 0233229 210.5784 215.9552 13.93415148483663
0 COSMOS 2251 DEB
1 34474U 93036TT  18245.02275983  .00000447  00000-0  28755-3 0  9994
2 34474  74.0804 215.9232 0233154 208.6143 215.5561 13.93416058484127
0 COSMOS 2251 DEB
1 34474U 93036TT  18245.95638853 +.00000435 +00000-0 +27999-3 0  9991
2 34474 074.0805 214.3281 0233095 206.7905 218.9239 13.93416902483939
0 COSMOS 2251 DEB
1 34474U 93036TT  18246.02815145  .00000429  00000-0  27674-3 0  9994
2 34474  74.0805 214.2055 0233085 206.6487 218.9101 13.93416919484263
0 COSMOS 2251 DEB
1 34474U 93036TT  18246.96194494 +.00000430 +00000-0 +27705-3 0  9991
2 34474 074.0806 212.6102 0233022 204.8208 223.1117 13.93417817484073
0 COSMOS 2251 DEB
1 34474U 93036TT  18247.03510737  .00000423  00000-0  27283-3 0  9995
2 34474  74.0806 212.4852 0233017 204.6773 230.1175 13.93417827484402
0 COSMOS 2251 DEB
1 34474U 93036TT  18247.96508685 +.00000434 +00000-0 +27953-3 0  9992
2 34474 074.0807 210.8964 0232955 202.8546 215.1918 13.93418737484215
0 COSMOS 2251 DEB
1 34474U 93036TT  18248.04023861  .00000419  00000-0  27049-3 0  9999
2 34474  74.0807 210.7680 0232949 202.7057 232.1782 13.93418683484542
0 COSMOS 2251 DEB
1 34474U 93036TT  18249.04557512  .00000434  00000-0  27943-3 0  9995
2 34474  74.0808 209.0504 0232883 200.7346 235.2714 13.93419661484686
0 COSMOS 2251 DEB
1 34474U 93036TT  18249.34822115 +.00000434 +00000-0 +27953-3 0  9993
2 34474 074.0808 208.5335 0232872 200.1431 313.4402 13.93419910484409
0 COSMOS 2251 DEB
1 34474U 93036TT  18250.27437309  .00000431  00000-0  27798-3 0  9998
2 34474  74.0808 206.9512 0232812 198.3268 279.3217 13.93420705484855
0 COSMOS 2251 DEB
1 34474U 93036TT  18250.90977531 +.00000429 +00000-0 +27648-3 0  9995
2 34474 074.0808 205.8657 0232770 197.0798 226.7099 13.93421280484628
0 COSMOS 2251 DEB
1 34474U 93036TT  18251.56803447  .00000418  00000-0  26958-3 0  9993
2 34474  74.0809 204.7412 0232723 195.7894 288.7555 13.93421768485038
0 COSMOS 2251 DEB
1 34474U 93036TT  18251.91365201 +.00000405 +00000-0 +26195-3 0  9992
2 34474 074.0809 204.1507 0232704 195.1082 222.4914 13.93421991484760
0 COSMOS 2251 DEB
1 34474U 93036TT  18252.91886045 +.00000435 +00000-0 +28036-3 0  9996
2 34474 074.0809 202.4335 0232634 193.1355 224.9557 13.93423019484902
0 COSMOS 2251 DEB
1 34474U 93036TT  18253.21805400  .00000438  00000-0  28205-3 0  9997
2 34474  74.0809 201.9224 0232617 192.5472 285.8126 13.93423232485262
0 COSMOS 2251 DEB
1 34474U 93036TT  18253.92403378 +.00000450 +00000-0 +28934-3 0  9996
2 34474 074.0809 200.7163 0232581 191.1586 227.2502 13.93423877485041
0 COSMOS 2251 DEB
1 34474U 93036TT  18254.30186272  .00000448  00000-0  28825-3 0  9996
2 34474  74.0809 200.0708 0232563 190.4166 322.5691 13.93424125485422
0 COSMOS 2251 DEB
1 34474U 93036TT  18254.93137350 +.00000471 +00000-0 +30197-3 0  9999
2 34474 074.0809 198.9953 0232531 189.1776 240.4157 13.93424830485187
0 COSMOS 2251 DEB
1 34474U 93036TT  18255.30768744  .00000469  00000-0  30088-3 0  9994
2 34474  74.0810 198.3524 0232512 188.4382 328.1369 13.93425117485561
0 COSMOS 2251 DEB
1 34474U 93036TT  18255.93556922 +.00000505 +00000-0 +32254-3 0  9994
2 34474 074.0810 197.2798 0232482 187.2019 237.8151 13.93425943485328
0 COSMOS 2251 DEB
1 34474U 93036TT  18256.23406042 +.00000507 +00000-0 +32380-3 0  9997
2 34474 074.0810 196.7698 0232469 186.6154 295.1517 13.93426202485365
0 COSMOS 2251 DEB
1 34474U 93036TT  18256.94095001 +.00000497 +00000-0 +31775-3 0  9999
2 34474 074.0810 195.5622 0232434 185.2256 241.1599 13.93426799485462
0 COSMOS 2251 DEB
1 34474U 93036TT  18257.23913194  .00000527  00000-0  33642-3 0  9993
2 34474  74.0810 195.0528 0232423 184.6378 296.9488 13.93427263485820
0 COSMOS 2251 DEB
1 34474U 93036TT  18257.32033222 +.00000531 +00000-0 +33879-3 0  9995
2 34474 074.0810 194.9141 0232417 184.4778 344.2789 13.93427383485514
0 COSMOS 2251 DEB
1 34474U 93036TT  18257.94638735 +.00000539 +00000-0 +34344-3 0  9999
2 34474 074.0811 193.8445 0232386 183.2488 244.7951 13.93428119485603
0 COSMOS 2251 DEB
1 34474U 93036TT  18258.24439764  .00000548  00000-0  34883-3 0  9992
2 34474  74.0811 193.3354 0232365 182.6567 299.7275 13.93428412485969
0 COSMOS 2251 DEB
1 34474U 93036TT  18258.53089502 +.00000543 +00000-0 +34592-3 0  9997
2 34474 074.0812 192.8460 0232358 182.0911 296.9044 13.93428686485686
0 COSMOS 2251 DEB
1 34474U 93036TT  18259.25683964  .00000546  00000-0  34777-3 0  9997
2 34474  74.0812 191.6058 0232328 180.6615 338.5089 13.93429460486110
0 COSMOS 2251 DEB
1 34474U 93036TT  18259.95783883 +.00000529 +00000-0 +33769-3 0  9996
2 34474 074.0812 190.4082 0232300 179.2774 254.9831 13.93430092485886
0 COSMOS 2251 DEB
1 34474U 93036TT  18260.26068229  .00000535  00000-0  34107-3 0  9996
2 34474  74.0812 189.8909 0232289 178.6804 334.1592 13.93430445486258
0 COSMOS 2251 DEB
1 34474U 93036TT  18260.88944972 +.00000560 +00000-0 +35620-3 0  9991
2 34474 074.0812 188.8167 0232272 177.4395 248.2952 13.93431341486012
0 COSMOS 2251 DEB
1 34474U 93036TT  18261.89439590  .00000553  00000-0  35177-3 0  9997
2 34474  74.0812 187.1000 0232249 175.4603 249.4845 13.93432422486479
0 COSMOS 2251 DEB
1 34474U 93036TT  18262.27298713 +.00000540 +00000-0 +34411-3 0  9996
2 34474 074.0812 186.4533 0232235 174.7147 348.6415 13.93432738486208
0 COSMOS 2251 DEB
1 34474U 93036TT  18262.82775191 +.00000545 +00000-0 +34706-3 0  9999
2 34474 074.0812 185.5056 0232218 173.6196 251.5562 13.93433412486284
0 COSMOS 2251 DEB
1 34474U 93036TT  18263.19750571  .00000541  00000-0  34456-3 0  9993
2 34474  74.0812 184.8739 0232205 172.8921 306.3819 13.93433756486653
0 COSMOS 2251 DEB
1 34474U 93036TT  18263.83144642 +.00000534 +00000-0 +34008-3 0  9995
2 34474 074.0812 183.7909 0232193 171.6394 246.4768 13.93434407486423
0 COSMOS 2251 DEB
1 34474U 93036TT  18264.91139352 +.00000540 +00000-0 +34421-3 0  9993
2 34474 074.0812 181.9461 0232178 169.5070 263.9156 13.93435520486574
0 COSMOS 2251 DEB
1 34474U 93036TT  18265.21414331 +.00000571 +00000-0 +36274-3 0  9992
2 34474 074.0813 181.4289 0232172 168.9127 342.6254 13.93436013486941
0 COSMOS 2251 DEB
1 34474U 93036TT  18265.91722863 +.00000577 +00000-0 +36642-3 0  9996
2 34474 074.0813 180.2277 0232159 167.5220 269.5841 13.93436822486711
0 COSMOS 2251 DEB
1 34474U 93036TT  18266.21959237 +.00000615 +00000-0 +38988-3 0  9995
2 34474 074.0812 179.7111 0232172 166.9246 346.3626 13.93437364487084
0 COSMOS 2251 DEB
1 34474U 93036TT  18266.84937898 +.00000599 +00000-0 +37997-3 0  9993
2 34474 074.0812 178.6353 0232161 165.6802 265.6258 13.93437947486846
0 COSMOS 2251 DEB
1 34474U 93036TT  18267.22494743 +.00000586 +00000-0 +37196-3 0  9990
2 34474 074.0812 177.9937 0232153 164.9414 349.6257 13.93438246487226
0 COSMOS 2251 DEB
1 34474U 93036TT  18267.85322911 +.00000615 +00000-0 +38980-3 0  9991
2 34474 074.0812 176.9204 0232151 163.7031 261.3410 13.93439197486981
0 COSMOS 2251 DEB
1 34474U 93036TT  18268.85871730 +.00000649 +00000-0 +41031-3 0  9998
2 34474 074.0812 175.2027 0232121 161.7225 265.2788 13.93440630487443
0 COSMOS 2251 DEB
1 34474U 93036TT  18269.44377406 +.00000642 +00000-0 +40649-3 0  9992
2 34474 074.0812 174.2032 0232123 160.5688 320.1642 13.93441274487209
0 COSMOS 2251 DEB
1 34474U 93036TT  18269.86576778  .00000622  00000-0  39380-3 0  9999
2 34474  74.0812 173.4823 0232137 159.7334 277.0620 13.93441643487588
0 COSMOS 2251 DEB
1 34474U 93036TT  18270.87251126  .00000672  00000-0  42469-3 0  9996
2 34474  74.0811 171.7623 0232144 157.7497 287.3080 13.93443260487729
0 COSMOS 2251 DEB
1 34474U 93036TT  18271.09477733 +.00000680 +00000-0 +42906-3 0  9990
2 34474 074.0811 171.3827 0232141 157.3118 322.2877 13.93443569487437
0 COSMOS 2251 DEB
1 34474U 93036TT  18272.17207410  .00000730  00000-0  45967-3 0  9999
2 34474  74.0811 169.5423 0232146 155.1907 326.4644 13.93445389487907
0 COSMOS 2251 DEB
1 34474U 93036TT  18272.80696747 +.00000716 +00000-0 +45143-3 0  9994
2 34474 074.0811 168.4576 0232154 153.9385 271.3629 13.93446251487673
0 COSMOS 2251 DEB
1 34474U 93036TT  18273.17748828  .00000720  00000-0  45378-3 0  9998
2 34474  74.0811 167.8247 0232159 153.2089 330.0546 13.93446798488049
0 COSMOS 2251 DEB
1 34474U 93036TT  18273.73424726 +.00000708 +00000-0 +44619-3 0  9991
2 34474 074.0811 166.8735 0232164 152.1106 243.0004 13.93447568487805
0 COSMOS 2251 DEB
1 34474U 93036TT  18274.39782788  .00000691  00000-0  43585-3 0  9991
2 34474  74.0810 165.7398 0232166 150.8045 331.8089 13.93448418488216
0 COSMOS 2251 DEB
1 34474U 93036TT  18275.11462221 +.00000727 +00000-0 +45760-3 0  9996
2 34474 074.0810 164.5153 0232172 149.3940 327.5640 13.93449705487995
0 COSMOS 2251 DEB
1 34474U 93036TT  18276.12074174  .00000746  00000-0  46938-3 0  9993
2 34474  74.0808 162.7964 0232192 147.4147 334.7045 13.93451279488452
0 COSMOS 2251 DEB
1 34474U 93036TT  18276.40669163 +.00000745 +00000-0 +46896-3 0  9994
2 34474 074.0809 162.3079 0232194 146.8434 329.1651 13.93451697488174
0 COSMOS 2251 DEB
1 34474U 93036TT  18277.68232177  .00000779  00000-0  48949-3 0  9994
2 34474  74.0807 160.1285 0232238 144.3303 248.3040 13.93453790488679
0 COSMOS 2251 DEB
1 34474U 93036TT  18278.13698111 +.00000774 +00000-0 +48641-3 0  9993
2 34474 074.0806 159.3518 0232245 143.4383 009.0791 13.93454395488412
0 COSMOS 2251 DEB
1 34474U 93036TT  18279.14391323  .00000795  00000-0  49895-3 0  9995
2 34474  74.0804 157.6315 0232267 141.4623  20.3089 13.93456089488884
0 COSMOS 2251 DEB
1 34474U 93036TT  18280.35625177 +.00000842 +00000-0 +52767-3 0  9992
2 34474 074.0803 155.5602 0232320 139.0714 341.9700 13.93458275489043
0 COSMOS 2251 DEB
1 34474U 93036TT  18281.63093059  .00000888  00000-0  55583-3 0  9991
2 34474  74.0803 153.3826 0232382 136.5544 256.3729 13.93460651489229
0 COSMOS 2251 DEB
1 34474U 93036TT  18282.07888192 +.00000902 +00000-0 +56454-3 0  9995
2 34474 074.0803 152.6173 0232372 135.6808 343.5043 13.93461473488969
0 COSMOS 2251 DEB
1 34474U 93036TT  18283.09042069  .00000920  00000-0  57545-3 0  9995
2 34474  74.0802 150.8890 0232417 133.6916  17.8729 13.93463342489434
0 COSMOS 2251 DEB
1 34474U 93036TT  18284.09740241  .00000905  00000-0  56594-3 0  9999
2 34474  74.0802 149.1686 0232458 131.7124  29.3867 13.93465096489577
0 COSMOS 2251 DEB
1 34474U 93036TT  18284.72417017 +.00000877 +00000-0 +54873-3 0  9997
2 34474 074.0801 148.0977 0232485 130.4808 293.5643 13.93466141489335
0 COSMOS 2251 DEB
1 34474U 93036TT  18285.72991108  .00000876  00000-0  54837-3 0  9995
2 34474  74.0800 146.3794 0232505 128.5066 298.8646 13.93468190489796
0 COSMOS 2251 DEB
1 34474U 93036TT  18285.95486091 +.00000884 +00000-0 +55317-3 0  9993
2 34474 074.0800 145.9951 0232517 128.0632 347.3287 13.93468687489504
0 COSMOS 2251 DEB
1 34474U 93036TT  18286.73537723  .00000873  00000-0  54646-3 0  9991
2 34474  74.0801 144.6615 0232571 126.5243 302.8024 13.93470240489939
0 COSMOS 2251 DEB
1 34474U 93036TT  18286.96019128 +.00000897 +00000-0 +56105-3 0  9998
2 34474 074.0802 144.2774 0232605 126.0777 350.5912 13.93470872489642
0 COSMOS 2251 DEB
1 34474U 93036TT  18287.03852039 +.00000862 +00000-0 +53923-3 0  9990
2 34474 074.0800 144.1436 0232562 125.9311 023.5209 13.93470715489651
0 COSMOS 2251 DEB
1 34474U 93036TT  18287.74130144  .00000841  00000-0  52646-3 0  9992
2 34474  74.0799 142.9428 0232602 124.5512 309.0318 13.93471893490077
0 COSMOS 2251 DEB
1 34474U 93036TT  18288.74673907  .00000814  00000-0  51024-3 0  9991
2 34474  74.0798 141.2250 0232647 122.5821 312.8244 13.93473552490211
0 COSMOS 2251 DEB
1 34474U 93036TT  18288.96962399 +.00000822 +00000-0 +51487-3 0  9993
2 34474 074.0797 140.8441 0232658 122.1448 350.9318 13.93473994489921
0 COSMOS 2251 DEB
1 34474U 93036TT  18289.75312420  .00000853  00000-0  53404-3 0  9990
2 34474  74.0797 139.5055 0232688 120.6064 321.3837 13.93475708490359
0 COSMOS 2251 DEB
1 34474U 93036TT  18289.97434184 +.00000828 +00000-0 +51871-3 0  9994
2 34474 074.0797 139.1275 0232684 120.1726 351.1271 13.93475911490062
0 COSMOS 2251 DEB
1 34474U 93036TT  18290.68291063 +.00000809 +00000-0 +50685-3 0  9992
2 34474 074.0797 137.9169 0232708 118.7825 305.6850 13.93477108490168
0 COSMOS 2251 DEB
1 34474U 93036TT  18290.97964392  .00000779  00000-0  48842-3 0  9994
2 34474  74.0797 137.4099 0232712 118.2013 354.2556 13.93477384490523
0 COSMOS 2251 DEB
1 34474U 93036TT  18291.68848929 +.00000766 +00000-0 +48031-3 0  9996
2 34474 074.0795 136.1987 0232727 116.8137 310.2012 13.93478520490308
0 COSMOS 2251 DEB
1 34474U 93036TT  18291.99295962  .00000761  00000-0  47722-3 0  9994
2 34474  74.0795 135.6783 0232737 116.2185  37.5863 13.93478967490672
0 COSMOS 2251 DEB
1 34474U 93036TT  18292.61988061 +.00000736 +00000-0 +46229-3 0  9996
2 34474 074.0794 134.6071 0232762 114.9906 302.5590 13.93479811490439
0 COSMOS 2251 DEB
1 34474U 93036TT  18292.91834073 +.00000732 +00000-0 +45973-3 0  9993
2 34474 074.0794 134.0973 0232766 114.4073 359.7941 13.93480180490477
0 COSMOS 2251 DEB
1 34474U 93036TT  18293.62497354 +.00000724 +00000-0 +45462-3 0  9993
2 34474 074.0793 132.8898 0232782 113.0221 304.6484 13.93481166490573
0 COSMOS 2251 DEB
1 34474U 93036TT  18293.69971265  .00000720  00000-0  45228-3 0  9994
2 34474  74.0794 132.7622 0232782 112.8780 319.5781 13.93481243490903
0 COSMOS 2251 DEB
1 34474U 93036TT  18293.92311786 +.00000706 +00000-0 +44406-3 0  9997
2 34474 074.0793 132.3805 0232788 112.4402 000.2997 13.93481423490615
0 COSMOS 2251 DEB
1 34474U 93036TT  18294.63178559 +.00000689 +00000-0 +43328-3 0  9997
2 34474 074.0793 131.1696 0232813 111.0519 315.3645 13.93482313490713
0 COSMOS 2251 DEB
1 34474U 93036TT  18294.70542036  .00000692  00000-0  43540-3 0  9990
2 34474  74.0793 131.0438 0232814 110.9075 324.7570 13.93482431491041
0 COSMOS 2251 DEB
1 34474U 93036TT  18294.92854802 +.00000695 +00000-0 +43720-3 0  9994
2 34474 074.0793 130.6625 0232812 110.4705 004.0877 13.93482731490755
0 COSMOS 2251 DEB
1 34474U 93036TT  18295.00750282 +.00000697 +00000-0 +43841-3 0  9997
2 34474 074.0793 130.5277 0232815 110.3163 040.1682 13.93482862490768
0 COSMOS 2251 DEB
1 34474U 93036TT  18296.01315888  .00000708  00000-0  44484-3 0  9995
2 34474  74.0792 128.8094 0232837 108.3508  45.0915 13.93484360491239
0 COSMOS 2251 DEB
1 34474U 93036TT  18297.49657520 +.00000663 +00000-0 +41767-3 0  9991
2 34474 074.0792 126.2747 0232848 105.4477 286.7347 13.93486227491115
0 COSMOS 2251 DEB
1 34474U 93036TT  18298.94878839 +.00000658 +00000-0 +41448-3 0  9990
2 34474 074.0793 123.7934 0232868 102.6057 011.8556 13.93488164491314
0 COSMOS 2251 DEB
1 34474U 93036TT  18299.23585858  .00000652  00000-0  41096-3 0  9992
2 34474  74.0793 123.3029 0232870 102.0438  11.9627 13.93488506491674
0 COSMOS 2251 DEB
1 34474U 93036TT  18299.95438532 +.00000662 +00000-0 +41703-3 0  9993
2 34474 074.0793 122.0751 0232873 100.6410 016.4997 13.93489495491453
0 COSMOS 2251 DEB
1 34474U 93036TT  18300.88645236  .00000674  00000-0  42394-3 0  9999
2 34474  74.0792 120.4823 0232875  98.8206  12.2805 13.93490809491900
0 COSMOS 2251 DEB
1 34474U 93036TT  18300.95963049 +.00000682 +00000-0 +42927-3 0  9993
2 34474 074.0793 120.3573 0232877 098.6764 019.3855 13.93490978491596
0 COSMOS 2251 DEB
1 34474U 93036TT  18301.59458037 +.00000668 +00000-0 +42043-3 0  9993
2 34474 074.0793 119.2723 0232879 097.4349 324.6608 13.93491790491689
0 COSMOS 2251 DEB
1 34474U 93036TT  18301.89199275  .00000666  00000-0  41900-3 0  9991
2 34474  74.0793 118.7641 0232870  96.8531  16.6539 13.93492164492047
0 COSMOS 2251 DEB
1 34474U 93036TT  18301.96599399 +.00000666 +00000-0 +41938-3 0  9991
2 34474 074.0793 118.6376 0232869 096.7081 027.8876 13.93492282491732
0 COSMOS 2251 DEB
1 34474U 93036TT  18302.60026583 +.00000651 +00000-0 +40986-3 0  9999
2 34474 074.0793 117.5538 0232857 095.4703 329.7622 13.93493085491829
0 COSMOS 2251 DEB
1 34474U 93036TT  18302.88889215 +.00000651 +00000-0 +41033-3 0  9992
2 34474 074.0793 117.0606 0232847 094.9063 337.6801 13.93493459491868
0 COSMOS 2251 DEB
1 34474U 93036TT  18303.18528998  .00000649  00000-0  40918-3 0  9992
2 34474  74.0793 116.5541 0232835  94.3275  24.5846 13.93493863492227
0 COSMOS 2251 DEB
1 34474U 93036TT  18303.60597590 +.00000650 +00000-0 +40927-3 0  9995
2 34474 074.0793 115.8352 0232830 093.5056 334.9919 13.93494435491967
0 COSMOS 2251 DEB
1 34474U 93036TT  18303.90276514 +.00000657 +00000-0 +41384-3 0  9993
2 34474 074.0793 115.3281 0232816 092.9249 023.8619 13.93494846492007
0 COSMOS 2251 DEB
1 34474U 93036TT  18304.53688059  .00000669  00000-0  42100-3 0  9994
2 34474  74.0793 114.2446 0232819  91.6837 324.9613 13.93495737492414
0 COSMOS 2251 DEB
1 34474U 93036TT  18304.90741060 +.00000679 +00000-0 +42753-3 0  9992
2 34474 074.0794 113.6115 0232769 090.9569 023.7622 13.93496262492147
0 COSMOS 2251 DEB
1 34474U 93036TT  18305.62577816  .00000686  00000-0  43131-3 0  9997
2 34474  74.0794 112.3839 0232745  89.5530  27.5211 13.93497186492560
0 COSMOS 2251 DEB
1 34474U 93036TT  18305.91307122 +.00000700 +00000-0 +43996-3 0  9996
2 34474 074.0795 111.8930 0232732 088.9904 028.7561 13.93497637492282
0 COSMOS 2251 DEB
1 34474U 93036TT  18306.84816201  .00000697  00000-0  43800-3 0  9991
2 34474  74.0796 110.2952 0232710  87.1601  39.7362 13.93498857492737
0 COSMOS 2251 DEB
1 34474U 93036TT  18306.91798883 +.00000699 +00000-0 +43953-3 0  9995
2 34474 074.0796 110.1759 0232714 087.0234 030.0301 13.93498984492420
0 COSMOS 2251 DEB
1 34474U 93036TT  18307.85137424  .00000682  00000-0  42893-3 0  9991
2 34474  74.0797 108.5811 0232696  85.1965  32.4604 13.93500240492870
0 COSMOS 2251 DEB
1 34474U 93036TT  18307.93094274 +.00000676 +00000-0 +42533-3 0  9999
2 34474 074.0797 108.4451 0232696 085.0400 071.6255 13.93500333492568
0 COSMOS 2251 DEB
1 34474U 93036TT  18308.85593172  .00000654  00000-0  41212-3 0  9991
2 34474  74.0799 106.8646 0232655  83.2278  31.9411 13.93501601493019
0 COSMOS 2251 DEB
1 34474U 93036TT  18309.86754963  .00000642  00000-0  40501-3 0  9997
2 34474  74.0800 105.1361 0232609  81.2479  66.8441 13.93503027493168
0 COSMOS 2251 DEB
1 34474U 93036TT  18310.57900350 +.00000636 +00000-0 +40105-3 0  9993
2 34474 074.0800 103.9204 0232580 079.8547 035.9418 13.93504021492937
0 COSMOS 2251 DEB
1 34474U 93036TT  18310.86592203 +.00000640 +00000-0 +40379-3 0  9997
2 34474 074.0801 103.4301 0232568 079.2923 035.3058 13.93504436492977
0 COSMOS 2251 DEB
1 34474U 93036TT  18311.50153042  .00000625  00000-0  39443-3 0  9996
2 34474  74.0802 102.3441 0232535  78.0469 343.9189 13.93505264493386
0 COSMOS 2251 DEB
1 34474U 93036TT  18311.58428803 +.00000624 +00000-0 +39414-3 0  9991
2 34474 074.0802 102.2027 0232531 077.8847 039.0835 13.93505369493071
0 COSMOS 2251 DEB
1 34474U 93036TT  18311.87161090 +.00000635 +00000-0 +40055-3 0  9990
2 34474 074.0802 101.7117 0232528 077.3223 040.4766 13.93505819493118
0 COSMOS 2251 DEB
1 34474U 93036TT  18312.58967053 +.00000614 +00000-0 +38804-3 0  9998
2 34474 074.0803 100.4848 0232485 075.9148 042.7215 13.93506756493214
0 COSMOS 2251 DEB
1 34474U 93036TT  18312.80376475  .00000600  00000-0  37915-3 0  9992
2 34474  74.0803 100.1190 0232466  75.4932  36.7570 13.93506976493565
0 COSMOS 2251 DEB
1 34474U 93036TT  18312.87648885 +.00000598 +00000-0 +37787-3 0  9999
2 34474 074.0803 099.9947 0232463 075.3503 041.5881 13.93507081493253
0 COSMOS 2251 DEB
1 34474U 93036TT  18313.88254096  .00000558  00000-0  35394-3 0  9996
2 34474  74.0804  98.2756 0232403  73.3765  48.5936 13.93508288493715
0 COSMOS 2251 DEB
1 34474U 93036TT  18314.60092615 +.00000518 +00000-0 +32962-3 0  9998
2 34474 074.0804 097.0481 0232362 071.9661 052.4801 13.93509046493493
0 COSMOS 2251 DEB
1 34474U 93036TT  18315.10186521  .00000513  00000-0  32648-3 0  9990
2 34474  74.0805  96.1922 0232338  70.9813  45.5181 13.93509656493889
0 COSMOS 2251 DEB
1 34474U 93036TT  18315.37181714 +.00000508 +00000-0 +32358-3 0  9990
2 34474 074.0805 095.7309 0232325 070.4517 319.7727 13.93509956493600
0 COSMOS 2251 DEB
1 34474U 93036TT  18316.37718493  .00000508  00000-0  32328-3 0  9998
2 34474  74.0806  94.0131 0232273  68.4767 323.3566 13.93511038494069
0 COSMOS 2251 DEB
1 34474U 93036TT  18317.45989677  .00000516  00000-0  32810-3 0  9997
2 34474  74.0807  92.1631 0232217  66.3490 354.9539 13.93512180494218
0 COSMOS 2251 DEB
1 34474U 93036TT  18317.82959862 +.00000523 +00000-0 +33228-3 0  9993
2 34474 074.0807 091.5314 0232192 065.6203 049.6256 13.93512589493941
0 COSMOS 2251 DEB
1 34474U 93036TT  18318.46464900  .00000500  00000-0  31871-3 0  9995
2 34474  74.0807  90.4463 0232161  64.3720 355.4607 13.93513139494356
0 COSMOS 2251 DEB
1 34474U 93036TT  18318.83486546 +.00000496 +00000-0 +31639-3 0  9992
2 34474 074.0808 089.8138 0232142 063.6421 052.7155 13.93513500494084
0 COSMOS 2251 DEB
1 34474U 93036TT  18319.47025765  .00000472  00000-0  30158-3 0  9994
2 34474  74.0809  88.7281 0232121  62.3930   0.2679 13.93514070494497
0 COSMOS 2251 DEB
1 34474U 93036TT  18319.76836594 +.00000487 +00000-0 +31083-3 0  9990
2 34474 074.0809 088.2187 0232120 061.8084 055.7783 13.93514503494212
0 COSMOS 2251 DEB
1 34474U 93036TT  18320.47704404  .00000422  00000-0  27073-3 0  9997
2 34474  74.0809  87.0078 0232069  60.4141  10.9837 13.93514799494635
0 COSMOS 2251 DEB
1 34474U 93036TT  18320.56032880 +.00000402 +00000-0 +25910-3 0  9995
2 34474 074.0809 086.8655 0232057 060.2474 068.7983 13.93514727494327
0 COSMOS 2251 DEB
1 34474U 93036TT  18320.77259623 +.00000421 +00000-0 +27061-3 0  9994
2 34474 074.0810 086.5029 0232053 059.8312 053.6740 13.93515052494351
0 COSMOS 2251 DEB
1 34474U 93036TT  18321.48231316  .00000417  00000-0  26780-3 0  9994
2 34474  74.0810  85.2901 0232018  58.4359  14.0927 13.93515653494774
0 COSMOS 2251 DEB
1 34474U 93036TT  18321.77872397 +.00000400 +00000-0 +25776-3 0  9992
2 34474 074.0811 084.7837 0232000 057.8507 061.0909 13.93515740494494
0 COSMOS 2251 DEB
1 34474U 93036TT  18322.48768523  .00000387  00000-0  24969-3 0  9993
2 34474  74.0811  83.5724 0231973  56.4562  17.7202 13.93516172494911
0 COSMOS 2251 DEB
1 34474U 93036TT  18322.78971890 +.00000388 +00000-0 +25008-3 0  9995
2 34474 074.0811 083.0563 0231960 055.8594 092.9285 13.93516385494632
0 COSMOS 2251 DEB
1 34474U 93036TT  18323.50318495  .00000379  00000-0  24501-3 0  9999
2 34474  74.0812  81.8373 0231926  54.4538  72.1615 13.93516878495054
0 COSMOS 2251 DEB
1 34474U 93036TT  18323.78816719 +.00000375 +00000-0 +24231-3 0  9997
2 34474 074.0812 081.3504 0231912 053.8909 061.8289 13.93517072494772
0 COSMOS 2251 DEB
1 34474U 93036TT  18324.79340431  .00000361  00000-0  23424-3 0  9990
2 34474  74.0812  79.6328 0231875  51.9084  64.7908 13.93517851495234
0 COSMOS 2251 DEB
1 34474U 93036TT  18325.72559295 +.00000338 +00000-0 +22001-3 0  9998
2 34474 074.0813 078.0400 0231843 050.0681 061.2956 13.93518506495049
0 COSMOS 2251 DEB
1 34474U 93036TT  18326.07250375  .00000338  00000-0  21995-3 0  9995
2 34474  74.0813  77.4472 0231834  49.3830   1.6417 13.93518796495410
0 COSMOS 2251 DEB
1 34474U 93036TT  18326.73177552 +.00000346 +00000-0 +22491-3 0  9994
2 34474 074.0813 076.3207 0231816 048.0831 069.0063 13.93519343495189
0 COSMOS 2251 DEB
1 34474U 93036TT  18327.15284517  .00000353  00000-0  22915-3 0  9990
2 34474  74.0813  75.6012 0231804  47.2508  21.3863 13.93519673495561
0 COSMOS 2251 DEB
1 34474U 93036TT  18327.74302961 +.00000370 +00000-0 +23983-3 0  9994
2 34474 074.0813 074.5927 0231786 046.0864 102.1625 13.93520136495329
0 COSMOS 2251 DEB
1 34474U 93036TT  18328.45446788  .00000378  00000-0  24427-3 0  9991
2 34474  74.0813  73.3771 0231773  44.6796  71.2374 13.93520657495748
0 COSMOS 2251 DEB
1 34474U 93036TT  18328.74827712 +.00000380 +00000-0 +24544-3 0  9996
2 34474 074.0814 072.8752 0231768 044.1040 105.1856 13.93520820495466
0 COSMOS 2251 DEB
1 34474U 93036TT  18329.45972559  .00000404  00000-0  26024-3 0  9997
2 34474  74.0814  71.6595 0231757  42.7003  74.3110 13.93521494495883
0 COSMOS 2251 DEB
1 34474U 93036TT  18329.74679594 +.00000408 +00000-0 +26271-3 0  9990
2 34474 074.0814 071.1690 0231754 042.1327 074.4589 13.93521724495601
0 COSMOS 2251 DEB
1 34474U 93036TT  18330.46596484  .00000384  00000-0  24818-3 0  9995
2 34474  74.0815  69.9402 0231742  40.7132  82.3175 13.93522166496020
0 COSMOS 2251 DEB
1 34474U 93036TT  18331.31526661 +.00000376 +00000-0 +24315-3 0  9993
2 34474 074.0815 068.4891 0231734 039.0354 023.0183 13.93522857495829
0 COSMOS 2251 DEB
1 34474U 93036TT  18332.24177880  .00000365  00000-0  23689-3 0  9992
2 34474  74.0816  66.9060 0231726  37.2031 351.0648 13.93523510496271
0 COSMOS 2251 DEB
1 34474U 93036TT  18332.39470024 +.00000360 +00000-0 +23394-3 0  9992
2 34474 074.0817 066.6447 0231722 036.9008 038.2279 13.93523594495976
0 COSMOS 2251 DEB
1 34474U 93036TT  18333.40770885  .00000365  00000-0  23671-3 0  9996
2 34474  74.0817  64.9139 0231725  34.8998  80.2022 13.93524294496436
0 COSMOS 2251 DEB
1 34474U 93036TT  18333.70156503 +.00000375 +00000-0 +24270-3 0  9991
2 34474 074.0817 064.4118 0231726 034.3192 114.3950 13.93524517496156
0 COSMOS 2251 DEB
1 34474U 93036TT  18334.41295115  .00000384  00000-0  24850-3 0  9997
2 34474  74.0818  63.1963 0231734  32.9166  83.2151 13.93525049496579
0 COSMOS 2251 DEB
1 34474U 93036TT  18334.70006791 +.00000391 +00000-0 +25263-3 0  9996
2 34474 074.0818 062.7057 0231738 032.3491 083.5994 13.93525277496297
0 COSMOS 2251 DEB
1 34474U 93036TT  18335.70556635  .00000364  00000-0  23607-3 0  9994
2 34474  74.0819  60.9878 0231750  30.3627  87.9032 13.93525848496758
0 COSMOS 2251 DEB
1 34474U 93036TT  18336.71122154  .00000357  00000-0  23223-3 0  9997
2 34474  74.0819  59.2695 0231768  28.3731  93.0010 13.93526692496895
0 COSMOS 2251 DEB
1 34474U 93036TT  18337.56047631 +.00000342 +00000-0 +22257-3 0  9997
2 34474 074.0819 057.8185 0231788 026.6965 033.4778 13.93527239496690
0 COSMOS 2251 DEB
1 34474U 93036TT  18338.20019198  .00000348  00000-0  22651-3 0  9990
2 34474  74.0819  56.7254 0231807  25.4332   2.7565 13.93527751497101
0 COSMOS 2251 DEB
1 34474U 93036TT  18338.27703392 +.00000344 +00000-0 +22376-3 0  9993
2 34474 074.0819 056.5941 0231808 025.2814 028.2515 13.93527773496792
0 COSMOS 2251 DEB
1 34474U 93036TT  18339.57146128  .00000419  00000-0  27016-3 0  9994
2 34474  74.0820  54.3824 0231849  22.7278  42.0411 13.93529046497291
0 COSMOS 2251 DEB
1 34474U 93036TT  18339.66017194 +.00000418 +00000-0 +26910-3 0  9995
2 34474 074.0820 054.2309 0231851 022.5529 127.0783 13.93529094496982
0 COSMOS 2251 DEB
1 34474U 93036TT  18340.66542559 +.00000438 +00000-0 +28124-3 0  9996
2 34474 074.0820 052.5132 0231888 020.5699 130.1651 13.93529904497129
0 COSMOS 2251 DEB
1 34474U 93036TT  18341.59153814  .00000460  00000-0  29501-3 0  9996
2 34474  74.0819  50.9307 0231929  18.7413  96.2285 13.93530848497575
0 COSMOS 2251 DEB
1 34474U 93036TT  18341.67135524 +.00000451 +00000-0 +28958-3 0  9998
2 34474 074.0819 050.7943 0231934 018.5830 136.6505 13.93530863497263
0 COSMOS 2251 DEB
1 34474U 93036TT  18342.88446937  .00000455  00000-0  29213-3 0  9994
2 34474  74.0819  48.7215 0231992  16.1927 102.5253 13.93532079497754
0 COSMOS 2251 DEB
1 34474U 93036TT  18343.88872865  .00000475  00000-0  30403-3 0  9993
2 34474  74.0819  47.0055 0232050  14.2109 100.6370 13.93533157497897
0 COSMOS 2251 DEB
1 34474U 93036TT  18344.61343836 +.00000480 +00000-0 +30733-3 0  9998
2 34474 074.0819 045.7671 0232086 012.7844 136.3181 13.93533820497673
0 COSMOS 2251 DEB
1 34474U 93036TT  18345.24051292  .00000505  00000-0  32269-3 0  9994
2 34474  74.0818  44.6956 0232127  11.5507  42.1902 13.93534544498080
0 COSMOS 2251 DEB
1 34474U 93036TT  18345.61865111 +.00000519 +00000-0 +33082-3 0  9997
2 34474 074.0818 044.0495 0232152 010.8052 139.2143 13.93534927497817
0 COSMOS 2251 DEB
1 34474U 93036TT  18346.24703166  .00000528  00000-0  33635-3 0  9992
2 34474  74.0818  42.9757 0232198   9.5681  51.6414 13.93535607498228
0 COSMOS 2251 DEB
1 34474U 93036TT  18346.61656846 +.00000521 +00000-0 +33245-3 0  9995
2 34474 074.0817 042.3441 0232217 008.8439 105.5120 13.93535932497959
0 COSMOS 2251 DEB
1 34474U 93036TT  18347.62934060  .00000513  00000-0  32759-3 0  9994
2 34474  74.0817  40.6136 0232288   6.8522 146.3380 13.93537015498428
0 COSMOS 2251 DEB
1 34474U 93036TT  18348.55595546 +.00000509 +00000-0 +32496-3 0  9992
2 34474 074.0817 039.0304 0232369 005.0248 114.9436 13.93538072498228
0 COSMOS 2251 DEB
1 34474U 93036TT  18349.18862484  .00000486  00000-0  31082-3 0  9994
2 34474  74.0817  37.9492 0232422   3.7802  48.8922 13.93538597498636
0 COSMOS 2251 DEB
1 34474U 93036TT  18349.56022344 +.00000486 +00000-0 +31109-3 0  9999
2 34474 074.0817 037.3142 0232453 003.0497 113.1123 13.93538947498367
0 COSMOS 2251 DEB
1 34474U 93036TT  18350.19374775  .00000498  00000-0  31804-3 0  9993
2 34474  74.0817  36.2316 0232504   1.8065  51.3495 13.93539631498773
0 COSMOS 2251 DEB
1 34474U 93036TT  18350.91173473 +.00000517 +00000-0 +32984-3 0  9997
2 34474 074.0817 035.0047 0232570 000.3951 053.3184 13.93540320498552
0 COSMOS 2251 DEB
1 34474U 93036TT  18351.19884240  .00000524  00000-0  33391-3 0  9990
2 34474  74.0817  34.5141 0232593 359.8318  53.6687 13.93540630498910
0 COSMOS 2251 DEB
1 34474U 93036TT  18351.91800424 +.00000547 +00000-0 +34801-3 0  9994
2 34474 074.0817 033.2852 0232656 358.4224 061.5308 13.93541419498695
0 COSMOS 2251 DEB
1 34474U 93036TT  18352.57619812  .00000550  00000-0  35001-3 0  9993
2 34474  74.0816  32.1604 0232720 357.1307 123.5347 13.93542090499102
0 COSMOS 2251 DEB
1 34474U 93036TT  18353.58123595  .00000566  00000-0  35932-3 0  9993
2 34474  74.0816  30.4429 0232812 355.1616 125.5748 13.93543323499243
0 COSMOS 2251 DEB
1 34474U 93036TT  18353.58123595 +.00000566 +00000-0 +35932-3 0  9993
2 34474 074.0816 030.4429 0232812 355.1616 125.5748 13.93543323498927
0 COSMOS 2251 DEB
1 34474U 93036TT  18354.51360278 +.00000558 +00000-0 +35483-3 0  9990
2 34474 074.0816 028.8496 0232906 353.3358 123.0440 13.93544363499051
0 COSMOS 2251 DEB
1 34474U 93036TT  18354.80090543  .00000546  00000-0  34707-3 0  9992
2 34474  74.0816  28.3586 0232936 352.7734 124.3754 13.93544621499419
0 COSMOS 2251 DEB
1 34474U 93036TT  18354.85980859 +.00000543 +00000-0 +34553-3 0  9991
2 34474 074.0816 028.2580 0232936 352.6581 059.8790 13.93544663499105
0 COSMOS 2251 DEB
1 34474U 93036TT  18355.52531965 +.00000559 +00000-0 +35541-3 0  9991
2 34474 074.0816 027.1207 0233000 351.3567 158.5955 13.93545494499194
0 COSMOS 2251 DEB
1 34474U 93036TT  18356.52336743  .00000587  00000-0  37242-3 0  9990
2 34474  74.0816  25.4153 0233107 349.4070 125.5742 13.93546754499659
0 COSMOS 2251 DEB
1 34474U 93036TT  18356.87002676 +.00000587 +00000-0 +37205-3 0  9992
2 34474 074.0816 024.8229 0233143 348.7310 064.6848 13.93547127499380
0 COSMOS 2251 DEB
1 34474U 93036TT  18357.53597530  .00000594  00000-0  37632-3 0  9996
2 34474  74.0815  23.6848 0233200 347.4323 165.5982 13.93547920499805
0 COSMOS 2251 DEB
1 34474U 93036TT  18358.54115737  .00000593  00000-0  37593-3 0  9998
2 34474  74.0815  21.9670 0233297 345.4726 168.3738 13.93549196499942
0 COSMOS 2251 DEB
1 34474U 93036TT  18359.53965911 +.00000570 +00000-0 +36170-3 0  9990
2 34474 074.0815 020.2607 0233404 343.5267 137.6394 13.93550389499755
0 COSMOS 2251 DEB
1 34474U 93036TT  18360.17415015  .00000543  00000-0  34526-3 0  9990
2 34474  74.0815  19.1764 0233467 342.2919  80.7428 13.93551064500160
0 COSMOS 2251 DEB
1 34474U 93036TT  18360.47142028 +.00000549 +00000-0 +34886-3 0  9999
2 34474 074.0815 018.6683 0233496 341.7127 132.0837 13.93551463499885
0 COSMOS 2251 DEB
1 34474U 93036TT  18361.48391510  .00000539  00000-0  34274-3 0  9993
2 34474  74.0815  16.9380 0233600 339.7446 171.5516 13.93552571500356
0 COSMOS 2251 DEB
1 34474U 93036TT  18362.48265701 +.00000569 +00000-0 +36122-3 0  9993
2 34474 074.0814 015.2310 0233664 337.8060 142.0257 13.93553826500169
0 COSMOS 2251 DEB
1 34474U 93036TT  18363.11724083  .00000596  00000-0  37733-3 0  9996
2 34474  74.0814  14.1465 0233736 336.5754  85.5986 13.93554740500575
0 COSMOS 2251 DEB
1 34474U 93036TT  18363.49438590 +.00000600 +00000-0 +37956-3 0  9995
2 34474 074.0814 013.5020 0233766 335.8429 177.6571 13.93555167500307
0 COSMOS 2251 DEB
1 34474U 93036TT  18363.83454090 +.00000613 +00000-0 +38768-3 0  9992
2 34474 074.0814 012.9207 0233803 335.1833 084.1444 13.93555689500356
0 COSMOS 2251 DEB
1 34474U 93036TT  18364.12201080  .00000605  00000-0  38297-3 0  9992
2 34474  74.0815  12.4294 0233820 334.6248  86.3227 13.93556021500715
0 COSMOS 2251 DEB
1 34474U 93036TT  18364.49294969 +.00000601 +00000-0 +38031-3 0  9992
2 34474 074.0814 011.7954 0233861 333.9058 147.2465 13.93556439500449
0 COSMOS 2251 DEB
1 34474U 93036TT  18364.83979316 +.00000611 +00000-0 +38667-3 0  9992
2 34474 074.0814 011.2026 0233895 333.2339 087.2896 13.93556986500499
0 COSMOS 2251 DEB
1 34474U 93036TT  18365.12682417  .00000592  00000-0  37484-3 0  9992
2 34474  74.0814  10.7121 0233923 332.6782  87.2654 13.93557267500851
0 COSMOS 2251 DEB
1 34474U 93036TT  18365.49837073 +.00000591 +00000-0 +37405-3 0  9994
2 34474 074.0815 010.0771 0233970 331.9604 151.2374 13.93557739500588
0 COSMOS 2251 DEB
1 34474U 93036TT  18365.84579959 +.00000592 +00000-0 +37449-3 0  9998
2 34474 074.0815 009.4834 0234009 331.2893 094.2167 13.93558220500635
0 COSMOS 2251 DEB
1 34474U 93036TT  19001.13349336  .00000568  00000-0  36005-3 0  9992
2 34474  74.0815   8.9917 0234047 330.7355  97.5155 13.93558468500996
0 COSMOS 2251 DEB
1 34474U 93036TT  19001.43071722 +.00000560 +00000-0 +35557-3 0  9999
2 34474 074.0816 008.4838 0234086 330.1619 148.6261 13.93558773500719
0 COSMOS 2251 DEB
1 34474U 93036TT  19001.85048160 +.00000580 +00000-0 +36724-3 0  9994
2 34474 074.0817 007.7665 0234112 329.3497 094.5013 13.93559454500771
0 COSMOS 2251 DEB
1 34474U 93036TT  19002.14755691  .00000561  00000-0  35567-3 0  9994
2 34474  74.0817   7.2588 0234146 328.7779 144.8663 13.93559710501139
0 COSMOS 2251 DEB
1 34474U 93036TT  19002.78148924 +.00000578 +00000-0 +36643-3 0  9993
2 34474 074.0817 006.1755 0234170 327.5477 085.1851 13.93560593500903
0 COSMOS 2251 DEB
1 34474U 93036TT  19003.15251000  .00000575  00000-0  36421-3 0  9996
2 34474  74.0817   5.5415 0234202 326.8313 146.5231 13.93561024501271
0 COSMOS 2251 DEB
1 34474U 93036TT  19003.78865306 +.00000583 +00000-0 +36926-3 0  9994
2 34474 074.0817 004.4543 0234245 325.6035 097.9287 13.93561842501049
0 COSMOS 2251 DEB
1 34474U 93036TT  19004.15779626  .00000555  00000-0  35232-3 0  9993
2 34474  74.0817   3.8234 0234273 324.8912 149.8485 13.93562142501417
0 COSMOS 2251 DEB
1 34474U 93036TT  19004.79290640 +.00000548 +00000-0 +34818-3 0  9998
2 34474 074.0817 002.7381 0234313 323.6656 096.0746 13.93562900501184
0 COSMOS 2251 DEB
1 34474U 93036TT  19005.46037791  .00000521  00000-0  33172-3 0  9992
2 34474  74.0817   1.5974 0234359 322.3789 204.6521 13.93563613501609
0 COSMOS 2251 DEB
1 34474U 93036TT  19005.93389608 +.00000502 +00000-0 +32017-3 0  9997
2 34474 074.0817 000.7883 0234388 321.4675 060.2024 13.93564119501342
0 COSMOS 2251 DEB
1 34474U 93036TT  19007.39554598  .00000484  00000-0  30887-3 0  9993
2 34474  74.0819 358.2905 0234465 318.6490 193.0323 13.93565823501877
0 COSMOS 2251 DEB
1 34474U 93036TT  19007.94482338 +.00000494 +00000-0 +31504-3 0  9994
2 34474 074.0820 357.3518 0234485 317.5908 068.6579 13.93566534501626
0 COSMOS 2251 DEB
1 34474U 93036TT  19008.31106691 +.00000487 +00000-0 +31062-3 0  9992
2 34474 074.0820 356.7259 0234509 316.8885 106.0320 13.93566840501670
0 COSMOS 2251 DEB
1 34474U 93036TT  19008.95019868  .00000488  00000-0  31154-3 0  9994
2 34474  74.0820 355.6336 0234533 315.6617  72.4377 13.93567534502086
0 COSMOS 2251 DEB
1 34474U 93036TT  19008.95019868 +.00000488 +00000-0 +31154-3 0  9994
2 34474 074.0820 355.6336 0234533 315.6617 072.4377 13.93567534501760
0 COSMOS 2251 DEB
1 34474U 93036TT  19009.40581337 +.00000487 +00000-0 +31110-3 0  9991
2 34474 074.0820 354.8550 0234549 314.7847 198.1752 13.93567975501820
0 COSMOS 2251 DEB
1 34474U 93036TT  19009.95504264 +.00000480 +00000-0 +30663-3 0  9990
2 34474 074.0821 353.9163 0234563 313.7293 073.5602 13.93568534501902
0 COSMOS 2251 DEB
1 34474U 93036TT  19010.03407314  .00000467  00000-0  29860-3 0  9991
2 34474  74.0821 353.7813 0234569 313.5792 110.0400 13.93568524502239
0 COSMOS 2251 DEB
1 34474U 93036TT  19010.41119910 +.00000471 +00000-0 +30137-3 0  9999
2 34474 074.0822 353.1369 0234580 312.8555 202.0133 13.93568957501966
0 COSMOS 2251 DEB
1 34474U 93036TT  19010.96608701 +.00000441 +00000-0 +28265-3 0  9996
2 34474 074.0822 352.1886 0234594 311.7902 105.7872 13.93569379502046
0 COSMOS 2251 DEB
1 34474U 93036TT  19011.03878372  .00000434  00000-0  27852-3 0  9991
2 34474  74.0822 352.0643 0234596 311.6512 110.4931 13.93569416502371
0 COSMOS 2251 DEB
1 34474U 93036TT  19011.97009939 +.00000396 +00000-0 +25561-3 0  9991
2 34474 074.0822 350.4727 0234619 309.8636 102.7405 13.93570180502187
0 COSMOS 2251 DEB
1 34474U 93036TT  19012.34146920  .00000394  00000-0  25418-3 0  9994
2 34474  74.0822 349.8381 0234628 309.1521 165.8373 13.93570533502558
0 COSMOS 2251 DEB
1 34474U 93036TT  19013.34746477  .00000390  00000-0  25176-3 0  9995
2 34474  74.0823 348.1189 0234638 307.2207 172.7460 13.93571499502699
0 COSMOS 2251 DEB
1 34474U 93036TT  19014.35938867  .00000376  00000-0  24371-3 0  9993
2 34474  74.0823 346.3894 0234627 305.2729 209.4023 13.93572224502844
0 COSMOS 2251 DEB
1 34474U 93036TT  19014.90823341 +.00000378 +00000-0 +24446-3 0  9999
2 34474 074.0823 345.4514 0234618 304.2207 082.8643 13.93572709502594
0 COSMOS 2251 DEB
1 34474U 93036TT  19015.36421472  .00000369  00000-0  23896-3 0  9997
2 34474  74.0824 344.6722 0234608 303.3461 210.4468 13.93573024502986
0 COSMOS 2251 DEB
1 34474U 93036TT  19015.70528611 +.00000368 +00000-0 +23891-3 0  9992
2 34474 074.0824 344.0893 0234599 302.6906 121.5471 13.93573317502705
0 COSMOS 2251 DEB
1 34474U 93036TT  19016.71031370  .00000334  00000-0  21785-3 0  9998
2 34474  74.0824 342.3718 0234583 300.7600 123.6097 13.93574008503161
0 COSMOS 2251 DEB
1 34474U 93036TT  19016.92432316 +.00000313 +00000-0 +20555-3 0  9997
2 34474 074.0825 342.0060 0234578 300.3487 117.2613 13.93574088502870
0 COSMOS 2251 DEB
1 34474U 93036TT  19017.36918221 +.00000315 +00000-0 +20638-3 0  9994
2 34474 074.0825 341.2459 0234560 299.4957 189.0482 13.93574505502936
0 COSMOS 2251 DEB
1 34474U 93036TT  19017.92839748  .00000288  00000-0  18984-3 0  9992
2 34474  74.0825 340.2902 0234544 298.4225 114.5431 13.93574853503335
0 COSMOS 2251 DEB
1 34474U 93036TT  19018.58761667 +.00000272 +00000-0 +18059-3 0  9995
2 34474 074.0826 339.1637 0234526 297.1543 181.7452 13.93575261503105
0 COSMOS 2251 DEB
1 34474U 93036TT  19018.93346385 +.00000265 +00000-0 +17619-3 0  9993
2 34474 074.0825 338.5726 0234509 296.4898 116.8074 13.93575481503150
0 COSMOS 2251 DEB
1 34474U 93036TT  19019.00846792  .00000261  00000-0  17350-3 0  9997
2 34474  74.0825 338.4444 0234507 296.3457 133.0913 13.93575506503481
0 COSMOS 2251 DEB
1 34474U 93036TT  19019.30525145 +.00000278 +00000-0 +18378-3 0  9995
2 34474 074.0825 337.9373 0234495 295.7768 182.0080 13.93575812503209
0 COSMOS 2251 DEB
1 34474U 93036TT  19019.93852420 +.00000268 +00000-0 +17822-3 0  9995
2 34474 074.0825 336.8550 0234462 294.5612 119.0403 13.93576190503291
0 COSMOS 2251 DEB
1 34474U 93036TT  19020.94370999 +.00000263 +00000-0 +17472-3 0  9990
2 34474 074.0825 335.1371 0234406 292.6301 121.9063 13.93576768503437
0 COSMOS 2251 DEB
1 34474U 93036TT  19021.32259593 +.00000256 +00000-0 +17051-3 0  9994
2 34474 074.0825 334.4896 0234393 291.9020 222.7203 13.93576919503485
0 COSMOS 2251 DEB
1 34474U 93036TT  19022.24888184  .00000257  00000-0  17155-3 0  9996
2 34474  74.0825 332.9066 0234343 290.1218 189.7612 13.93577519503935
0 COSMOS 2251 DEB
1 34474U 93036TT  19022.95538735 +.00000236 +00000-0 +15892-3 0  9991
2 34474 074.0825 331.6992 0234287 288.7648 134.1958 13.93577848503714
0 COSMOS 2251 DEB
1 34474U 93036TT  19023.54159900  .00000226  00000-0  15264-3 0  9992
2 34474  74.0825 330.6975 0234248 287.6370 195.1363 13.93578118504114
0 COSMOS 2251 DEB
1 34474U 93036TT  19024.24879813 +.00000235 +00000-0 +15801-3 0  9999
2 34474 074.0826 329.4888 0234199 286.2769 143.0548 13.93578589503899
0 COSMOS 2251 DEB
1 34474U 93036TT  19024.89169485  .00000246  00000-0  16464-3 0  9995
2 34474  74.0826 328.3901 0234153 285.0390 128.3798 13.93579055504309
0 COSMOS 2251 DEB
1 34474U 93036TT  19024.96687083 +.00000246 +00000-0 +16475-3 0  9994
2 34474 074.0826 328.2617 0234147 284.8951 145.5268 13.93579101503994
0 COSMOS 2251 DEB
1 34474U 93036TT  19025.89687258  .00000238  00000-0  16024-3 0  9992
2 34474  74.0826 326.6723 0234066 283.1014 131.2217 13.93579513504440
0 COSMOS 2251 DEB
1 34474U 93036TT  19025.89687258 +.00000238 +00000-0 +16024-3 0  9992
2 34474 074.0826 326.6723 0234066 283.1014 131.2217 13.93579513504125
0 COSMOS 2251 DEB
1 34474U 93036TT  19026.26862564 +.00000249 +00000-0 +16645-3 0  9990
2 34474 074.0826 326.0370 0234042 282.3855 196.2570 13.93579755504171
0 COSMOS 2251 DEB
1 34474U 93036TT  19026.82481663 +.00000247 +00000-0 +16550-3 0  9992
2 34474 074.0826 325.0865 0233994 281.3130 106.5949 13.93580088504253
0 COSMOS 2251 DEB
1 34474U 93036TT  19027.19120667  .00000242  00000-0  16261-3 0  9991
2 34474  74.0826 324.4604 0233967 280.6071 144.7254 13.93580237504623
0 COSMOS 2251 DEB
1 34474U 93036TT  19027.27477056 +.00000239 +00000-0 +16039-3 0  9996
2 34474 074.0826 324.3176 0233961 280.4466 203.9538 13.93580269504310
0 COSMOS 2251 DEB
1 34474U 93036TT  19027.62160567 +.00000236 +00000-0 +15868-3 0  9997
2 34474 074.0826 323.7249 0233931 279.7796 143.9795 13.93580481504367
0 COSMOS 2251 DEB
1 34474U 93036TT  19028.28005597 +.00000221 +00000-0 +14994-3 0  9994
2 34474 074.0826 322.5996 0233877 278.5110 207.3399 13.93580831504453
0 COSMOS 2251 DEB
1 34474U 93036TT  19028.91337278 +.00000193 +00000-0 +13261-3 0  9992
2 34474 074.0825 321.5173 0233818 277.2909 144.6091 13.93581083504547
0 COSMOS 2251 DEB
1 34474U 93036TT  19029.21302675  .00000191  00000-0  13155-3 0  9999
2 34474  74.0825 321.0052 0233791 276.7133 207.9352 13.93581235504903
0 COSMOS 2251 DEB
1 34474U 93036TT  19029.76722545 +.00000177 +00000-0 +12303-3 0  9999
2 34474 074.0825 320.0581 0233740 275.6448 108.2804 13.93581472504661
0 COSMOS 2251 DEB
1 34474U 93036TT  19030.21663734  .00000171  00000-0  11912-3 0  9994
2 34474  74.0825 319.2901 0233699 274.7775 202.9244 13.93581643505046
0 COSMOS 2251 DEB
1 34474U 93036TT  19030.77302876 +.00000161 +00000-0 +11301-3 0  9993
2 34474 074.0825 318.3392 0233641 273.7039 114.2717 13.93581852504804
0 COSMOS 2251 DEB
1 34474U 93036TT  19031.22170715  .00000173  00000-0  12071-3 0  9997
2 34474  74.0825 317.5725 0233597 272.8376 205.2373 13.93582114505182
0 COSMOS 2251 DEB
1 34474U 93036TT  19031.77790051 +.00000176 +00000-0 +12244-3 0  9993
2 34474 074.0824 316.6220 0233537 271.7622 115.5938 13.93582348504949
0 COSMOS 2251 DEB
1 34474U 93036TT  19032.22734865  .00000188  00000-0  12947-3 0  9998
2 34474  74.0824 315.8540 0233491 270.8938 210.4221 13.93582573505327
0 COSMOS 2251 DEB
1 34474U 93036TT  19032.86455823 +.00000179 +00000-0 +12432-3 0  9991
2 34474 074.0824 314.7650 0233423 269.6611 167.2293 13.93582786505094
0 COSMOS 2251 DEB
1 34474U 93036TT  19033.23326597  .00000206  00000-0  14043-3 0  9999
2 34474  74.0824 314.1348 0233381 268.9482 216.9941 13.93583093505468
0 COSMOS 2251 DEB
1 34474U 93036TT  19034.87169058  .00000199  00000-0  13648-3 0  9998
2 34474  74.0823 311.3348 0233209 265.7800 156.7855 13.93583819505690
0 COSMOS 2251 DEB
1 34474U 93036TT  19035.87730468  .00000182  00000-0  12613-3 0  9991
2 34474  74.0823 309.6163 0233099 263.8327 161.8423 13.93584151505839
0 COSMOS 2251 DEB
1 34474U 93036TT  19036.89219543  .00000185  00000-0  12791-3 0  9990
2 34474  74.0823 307.8820 0232982 261.8641 213.4443 13.93584590505974
0 COSMOS 2251 DEB
1 34474U 93036TT  19036.89219543 +.00000185 +00000-0 +12791-3 0  9990
2 34474 074.0823 307.8820 0232982 261.8641 213.4443 13.93584590505659
0 COSMOS 2251 DEB
1 34474U 93036TT  19037.89750289 +.00000188 +00000-0 +12999-3 0  9991
2 34474 074.0822 306.1640 0232867 259.9139 216.9694 13.93585003505793
0 COSMOS 2251 DEB
1 34474U 93036TT  19038.18540545  .00000195  00000-0  13397-3 0  9997
2 34474  74.0822 305.6720 0232835 259.3559 221.3468 13.93585139506151
0 COSMOS 2251 DEB
1 34474U 93036TT  19038.82041991 +.00000197 +00000-0 +13525-3 0  9994
2 34474 074.0822 304.5868 0232764 258.1229 167.1524 13.93585462505927
0 COSMOS 2251 DEB
1 34474U 93036TT  19039.19146101  .00000198  00000-0  13562-3 0  9996
2 34474  74.0822 303.9528 0232720 257.4034 228.6284 13.93585614506297
0 COSMOS 2251 DEB
1 34474U 93036TT  19039.82527097 +.00000167 +00000-0 +11684-3 0  9992
2 34474 074.0821 302.8697 0232648 256.1726 168.3911 13.93585706506068
0 COSMOS 2251 DEB
1 34474U 93036TT  19040.83074913  .00000176  00000-0  12235-3 0  9992
2 34474  74.0820 301.1514 0232538 254.2194 172.7808 13.93586246506528
0 COSMOS 2251 DEB
1 34474U 93036TT  19041.83705486  .00000174  00000-0  12113-3 0  9992
2 34474  74.0819 299.4317 0232426 252.2617 181.3261 13.93586664506668
0 COSMOS 2251 DEB
1 34474U 93036TT  19042.68935475 +.00000173 +00000-0 +12048-3 0  9995
2 34474 074.0818 297.9752 0232345 250.6023 137.2395 13.93586948506467
0 COSMOS 2251 DEB
1 34474U 93036TT  19043.06695684  .00000168  00000-0  11768-3 0  9995
2 34474  74.0818 297.3299 0232305 249.8672 231.6358 13.93587016506839
0 COSMOS 2251 DEB
1 34474U 93036TT  19043.85546181 +.00000178 +00000-0 +12389-3 0  9990
2 34474 074.0816 295.9824 0232225 248.3310 227.4990 13.93587407506625
0 COSMOS 2251 DEB
1 34474U 93036TT  19044.14388889  .00000189  00000-0  13021-3 0  9998
2 34474  74.0816 295.4895 0232197 247.7696 234.5130 13.93587561506981
0 COSMOS 2251 DEB
1 34474U 93036TT  19045.14993872  .00000197  00000-0  13544-3 0  9992
2 34474  74.0815 293.7702 0232096 245.8106 241.7806 13.93588017507125
0 COSMOS 2251 DEB
1 34474U 93036TT  19046.15500112  .00000212  00000-0  14424-3 0  9991
2 34474  74.0814 292.0526 0232000 243.8527 244.0971 13.93588521507275
0 COSMOS 2251 DEB
1 34474U 93036TT  19046.78860003 +.00000214 +00000-0 +14586-3 0  9999
2 34474 074.0813 290.9698 0231936 242.6149 182.8153 13.93588796507034
0 COSMOS 2251 DEB
1 34474U 93036TT  19047.79441260  .00000223  00000-0  15143-3 0  9991
2 34474  74.0813 289.2508 0231848 240.6535 188.8993 13.93589226507491
0 COSMOS 2251 DEB
1 34474U 93036TT  19048.80880156  .00000254  00000-0  17000-3 0  9993
2 34474  74.0812 287.5173 0231761 238.6731 238.0144 13.93589780507635
0 COSMOS 2251 DEB
1 34474U 93036TT  19049.73011869 +.00000265 +00000-0 +17682-3 0  9991
2 34474 074.0811 285.9426 0231674 236.8729 180.1980 13.93590228507440
0 COSMOS 2251 DEB
1 34474U 93036TT  19050.73725884  .00000293  00000-0  19362-3 0  9990
2 34474  74.0811 284.2214 0231589 234.9066 192.9508 13.93590890507908
0 COSMOS 2251 DEB
1 34474U 93036TT  19051.74157162  .00000304  00000-0  20047-3 0  9995
2 34474  74.0810 282.5052 0231507 232.9464 191.5200 13.93591490508045
0 COSMOS 2251 DEB
1 34474U 93036TT  19052.32774484 +.00000299 +00000-0 +19783-3 0  9990
2 34474 074.0810 281.5034 0231455 231.7997 252.3148 13.93591780507806
0 COSMOS 2251 DEB
1 34474U 93036TT  19052.74762351  .00000298  00000-0  19702-3 0  9996
2 34474  74.0810 280.7859 0231419 230.9767 198.8221 13.93591999508188
0 COSMOS 2251 DEB
1 34474U 93036TT  19053.76176247  .00000334  00000-0  21912-3 0  9999
2 34474  74.0809 279.0527 0231339 228.9948 246.6963 13.93592812508324
0 COSMOS 2251 DEB
1 34474U 93036TT  19053.96694624 +.00000351 +00000-0 +22913-3 0  9996
2 34474 074.0809 278.7021 0231338 228.5954 196.0899 13.93593020508037
0 COSMOS 2251 DEB
1 34474U 93036TT  19054.76774715  .00000346  00000-0  22623-3 0  9997
2 34474  74.0807 277.3335 0231290 227.0279 253.6639 13.93593466508462
0 COSMOS 2251 DEB
1 34474U 93036TT  19055.69048486 +.00000359 +00000-0 +23398-3 0  9993
2 34474 074.0806 275.7566 0231229 225.2230 202.9889 13.93594110508278
0 COSMOS 2251 DEB
1 34474U 93036TT  19056.06012045  .00000372  00000-0  24207-3 0  9992
2 34474  74.0806 275.1248 0231208 224.5012 257.4301 13.93594404508647
0 COSMOS 2251 DEB
1 34474U 93036TT  19056.27534814 +.00000360 +00000-0 +23458-3 0  9992
2 34474 074.0805 274.7570 0231195 224.0814 257.2146 13.93594460508354
0 COSMOS 2251 DEB
1 34474U 93036TT  19057.06576564  .00000366  00000-0  23845-3 0  9994
2 34474  74.0805 273.4064 0231162 222.5351 262.6994 13.93595008508788
0 COSMOS 2251 DEB
1 34474U 93036TT  19057.92596484 +.00000372 +00000-0 +24197-3 0  9990
2 34474 074.0804 271.9363 0231118 220.8536 258.2752 13.93595559508581
0 COSMOS 2251 DEB
1 34474U 93036TT  19058.28585972  .00000374  00000-0  24337-3 0  9998
2 34474  74.0804 271.3212 0231101 220.1498 263.8504 13.93595806508953
0 COSMOS 2251 DEB
1 34474U 93036TT  19058.70677115 +.00000369 +00000-0 +24018-3 0  9996
2 34474 074.0803 270.6019 0231095 219.3241 215.5459 13.93596052508695
0 COSMOS 2251 DEB
1 34474U 93036TT  19059.93698038 +.00000401 +00000-0 +25976-3 0  9990
2 34474 074.0802 268.4994 0231062 216.9196 267.4494 13.93597012508868
0 COSMOS 2251 DEB
1 34474U 93036TT  19060.29607818  .00000410  00000-0  26541-3 0  9996
2 34474  74.0802 267.8857 0231051 216.2169 269.0284 13.93597316509234
0 COSMOS 2251 DEB
1 34474U 93036TT  19060.64152972 +.00000421 +00000-0 +27199-3 0  9993
2 34474 074.0801 267.2952 0231043 215.5414 202.1448 13.93597651508960
0 COSMOS 2251 DEB
1 34474U 93036TT  19060.93986848 +.00000446 +00000-0 +28698-3 0  9994
2 34474 074.0800 266.7852 0231035 214.9569 258.9002 13.93598017509005
0 COSMOS 2251 DEB
1 34474U 93036TT  19061.56911906  .00000427  00000-0  27544-3 0  9995
2 34474  74.0800 265.7097 0231020 213.7261 175.8258 13.93598397509411
0 COSMOS 2251 DEB
1 34474U 93036TT  19061.94574584 +.00000426 +00000-0 +27477-3 0  9998
2 34474 074.0800 265.0660 0231011 212.9913 265.3467 13.93598668509143
0 COSMOS 2251 DEB
1 34474U 93036TT  19062.65295038  .00000426  00000-0  27511-3 0  9990
2 34474  74.0799 263.8573 0230996 211.6109 213.3649 13.93599313509562
0 COSMOS 2251 DEB
1 34474U 93036TT  19062.95136990 +.00000422 +00000-0 +27257-3 0  9997
2 34474 074.0799 263.3474 0230990 211.0314 270.5210 13.93599508509287
0 COSMOS 2251 DEB
1 34474U 93036TT  19063.65834201  .00000421  00000-0  27170-3 0  9998
2 34474  74.0799 262.1391 0230973 209.6517 217.3757 13.93600188509700
0 COSMOS 2251 DEB
1 34474U 93036TT  19063.95649997 +.00000415 +00000-0 +26799-3 0  9996
2 34474 074.0799 261.6295 0230967 209.0728 273.2204 13.93600376509424
0 COSMOS 2251 DEB
1 34474U 93036TT  19064.66472174  .00000407  00000-0  26327-3 0  9994
2 34474  74.0800 260.4190 0230964 207.6916 226.3453 13.93600995509846
0 COSMOS 2251 DEB
1 34474U 93036TT  19065.51726549 +.00000410 +00000-0 +26499-3 0  9991
2 34474 074.0800 258.9619 0230958 206.0300 183.5294 13.93601753509645
0 COSMOS 2251 DEB
1 34474U 93036TT  19066.52241786  .00000409  00000-0  26456-3 0  9999
2 34474  74.0799 257.2440 0230950 204.0722 186.3475 13.93602620510103
0 COSMOS 2251 DEB
1 34474U 93036TT  19066.59976588 +.00000409 +00000-0 +26430-3 0  9993
2 34474 074.0799 257.1118 0230949 203.9218 214.4001 13.93602690509798
0 COSMOS 2251 DEB
1 34474U 93036TT  19067.52734678  .00000414  00000-0  26771-3 0  9993
2 34474  74.0800 255.5266 0230940 202.1179 188.0449 13.93603542510246
0 COSMOS 2251 DEB
1 34474U 93036TT  19067.89406546 +.00000412 +00000-0 +26590-3 0  9990
2 34474 074.0801 254.8999 0230940 201.4057 227.8608 13.93603814509978
0 COSMOS 2251 DEB
1 34474U 93036TT  19068.54028546  .00000406  00000-0  26245-3 0  9993
2 34474  74.0801 253.7954 0230935 200.1496 229.9280 13.93604357510383
0 COSMOS 2251 DEB
1 34474U 93036TT  19068.99122853 +.00000409 +00000-0 +26451-3 0  9990
2 34474 074.0801 253.0248 0230941 199.2748 332.2957 13.93604749510123
0 COSMOS 2251 DEB
1 34474U 93036TT  19070.20154028  .00000406  00000-0  26243-3 0  9992
2 34474  74.0802 250.9563 0230934 196.9261 284.3965 13.93605762510612
0 COSMOS 2251 DEB
1 34474U 93036TT  19070.47009292 +.00000407 +00000-0 +26327-3 0  9997
2 34474 074.0802 250.4974 0230937 196.4041 191.7190 13.93605996510336
0 COSMOS 2251 DEB
1 34474U 93036TT  19070.83639068 +.00000415 +00000-0 +26810-3 0  9993
2 34474 074.0803 249.8714 0230961 195.6955 229.4239 13.93606328510381
0 COSMOS 2251 DEB
1 34474U 93036TT  19071.47547565  .00000421  00000-0  27129-3 0  9995
2 34474  74.0804 248.7792 0230967 194.4556 195.6981 13.93606888510790
0 COSMOS 2251 DEB
1 34474U 93036TT  19071.92471635 +.00000448 +00000-0 +28820-3 0  9997
2 34474 074.0805 248.0116 0230967 193.5858 289.5274 13.93607409510539
0 COSMOS 2251 DEB
1 34474U 93036TT  19072.55792748  .00000447  00000-0  28710-3 0  9995
2 34474  74.0805 246.9294 0230973 192.3577 226.3346 13.93607935510943
0 COSMOS 2251 DEB
1 34474U 93036TT  19072.93037441 +.00000457 +00000-0 +29364-3 0  9996
2 34474 074.0806 246.2929 0230978 191.6376 294.8915 13.93608295510678
0 COSMOS 2251 DEB
1 34474U 93036TT  19073.56476979  .00000447  00000-0  28727-3 0  9990
2 34474  74.0807 245.2088 0230989 190.4087 237.6402 13.93608774511086
0 COSMOS 2251 DEB
1 34474U 93036TT  19073.56476979 +.00000447 +00000-0 +28727-3 0  9990
2 34474 074.0807 245.2088 0230989 190.4087 237.6402 13.93608774510760
0 COSMOS 2251 DEB
1 34474U 93036TT  19074.86649780  .00000482  00000-0  30873-3 0  9990
2 34474  74.0808 242.9841 0231001 187.8941 288.3829 13.93610193511267
0 COSMOS 2251 DEB
1 34474U 93036TT  19075.87193795  .00000486  00000-0  31128-3 0  9990
2 34474  74.0810 241.2659 0230993 185.9495 292.6610 13.93611169511407
0 COSMOS 2251 DEB
1 34474U 93036TT  19076.88355252  .00000503  00000-0  32128-3 0  9991
2 34474  74.0810 239.5370 0231008 183.9949 327.9188 13.93612268511556
0 COSMOS 2251 DEB
1 34474U 93036TT  19077.51096672 +.00000513 +00000-0 +32742-3 0  9993
2 34474 074.0811 238.4647 0231011 182.7826 235.6503 13.93612997511316
0 COSMOS 2251 DEB
1 34474U 93036TT  19077.88982984  .00000515  00000-0  32846-3 0  9990
2 34474  74.0811 237.8173 0231012 182.0523 336.4017 13.93613360511697
0 COSMOS 2251 DEB
1 34474U 93036TT  19078.43883814 +.00000515 +00000-0 +32878-3 0  9999
2 34474 074.0811 236.8791 0231014 180.9922 210.7725 13.93613960511443
0 COSMOS 2251 DEB
1 34474U 93036TT  19079.89932347  .00000508  00000-0  32421-3 0  9992
2 34474  74.0812 234.3832 0231004 178.1766 338.0193 13.93615524511976
0 COSMOS 2251 DEB
1 34474U 93036TT  19079.89932347 +.00000508 +00000-0 +32421-3 0  9992
2 34474 074.0812 234.3832 0231004 178.1766 338.0193 13.93615524511640
0 COSMOS 2251 DEB
1 34474U 93036TT  19080.82534701 +.00000464 +00000-0 +29715-3 0  9992
2 34474 074.0812 232.8006 0230982 176.3882 303.8777 13.93616088511777
0 COSMOS 2251 DEB
1 34474U 93036TT  19081.11310507  .00000456  00000-0  29270-3 0  9998
2 34474  74.0812 232.3088 0230978 175.8339 307.5591 13.93616328512131
0 COSMOS 2251 DEB
1 34474U 93036TT  19081.82968634 +.00000461 +00000-0 +29559-3 0  9992
2 34474 074.0813 231.0843 0230962 174.4493 302.6505 13.93617014511915
0 COSMOS 2251 DEB
1 34474U 93036TT  19082.83534983 +.00000451 +00000-0 +28927-3 0  9997
2 34474 074.0812 229.3655 0230964 172.5125 308.0656 13.93617870512051
0 COSMOS 2251 DEB
1 34474U 93036TT  19083.46907321 +.00000448 +00000-0 +28765-3 0  9993
2 34474 074.0813 228.2825 0230951 171.2896 247.4606 13.93618424512143
0 COSMOS 2251 DEB
1 34474U 93036TT  19084.47596319  .00000430  00000-0  27615-3 0  9990
2 34474  74.0814 226.5619 0230929 169.3483 259.0352 13.93619149512604
0 COSMOS 2251 DEB
1 34474U 93036TT  19084.84579524 +.00000446 +00000-0 +28637-3 0  9992
2 34474 074.0815 225.9299 0230919 168.6367 314.4848 13.93619540512335
0 COSMOS 2251 DEB
1 34474U 93036TT  19085.48074288  .00000438  00000-0  28100-3 0  9996
2 34474  74.0816 224.8450 0230903 167.4134 260.0238 13.93620072512741
0 COSMOS 2251 DEB
1 34474U 93036TT  19085.85197587 +.00000428 +00000-0 +27532-3 0  9992
2 34474 074.0816 224.2106 0230893 166.6991 322.5033 13.93620339512476
0 COSMOS 2251 DEB
1 34474U 93036TT  19086.48545316  .00000404  00000-0  26021-3 0  9995
2 34474  74.0817 223.1281 0230868 165.4775 260.6683 13.93620768512882
0 COSMOS 2251 DEB
1 34474U 93036TT  19086.77386756 +.00000396 +00000-0 +25557-3 0  9991
2 34474 074.0818 222.6352 0230859 164.9231 267.6462 13.93620958512600
0 COSMOS 2251 DEB
1 34474U 93036TT  19087.49125773  .00000364  00000-0  23588-3 0  9998
2 34474  74.0818 221.4094 0230838 163.5444 266.8009 13.93621418513025
0 COSMOS 2251 DEB
1 34474U 93036TT  19087.49125773 +.00000364 +00000-0 +23588-3 0  9998
2 34474 074.0818 221.4094 0230838 163.5444 266.8009 13.93621418512709
0 COSMOS 2251 DEB
1 34474U 93036TT  19088.42202653 +.00000360 +00000-0 +23352-3 0  9990
2 34474 074.0819 219.8190 0230794 161.7488 256.4880 13.93622213512837
0 COSMOS 2251 DEB
1 34474U 93036TT  19088.79321472 +.00000354 +00000-0 +22977-3 0  9996
2 34474 074.0820 219.1847 0230773 161.0352 318.7451 13.93622464513207
0 COSMOS 2251 DEB
1 34474U 93036TT  19089.79857837  .00000354  00000-0  22980-3 0  9990
2 34474  74.0820 217.4668 0230737 159.0993 322.6761 13.93623285513342
0 COSMOS 2251 DEB
1 34474U 93036TT  19090.81025532  .00000325  00000-0  21225-3 0  9993
2 34474  74.0821 215.7383 0230689 157.1492 358.2856 13.93623943513494
0 COSMOS 2251 DEB
1 34474U 93036TT  19091.73646392 +.00000297 +00000-0 +19527-3 0  9998
2 34474 074.0822 214.1557 0230637 155.3660 325.0982 13.93624515513297
0 COSMOS 2251 DEB
1 34474U 93036TT  19092.44411109  .00000280  00000-0  18487-3 0  9999
2 34474  74.0822 212.9465 0230593 154.0034 275.3844 13.93624991513712
0 COSMOS 2251 DEB
1 34474U 93036TT  19092.74342940 +.00000272 +00000-0 +17987-3 0  9993
2 34474 074.0822 212.4351 0230569 153.4273 337.0726 13.93625131513433
0 COSMOS 2251 DEB
1 34474U 93036TT  19093.37501352 +.00000290 +00000-0 +19078-3 0  9990
2 34474 074.0822 211.3559 0230533 152.2092 265.7525 13.93625751513520
0 COSMOS 2251 DEB
1 34474U 93036TT  19094.38010502  .00000301  00000-0  19762-3 0  9997
2 34474  74.0823 209.6385 0230469 150.2733 268.3302 13.93626503513984
0 COSMOS 2251 DEB
1 34474U 93036TT  19094.75154024 +.00000287 +00000-0 +18903-3 0  9995
2 34474 074.0823 209.0038 0230439 149.5592 331.8315 13.93626599513710
0 COSMOS 2251 DEB
1 34474U 93036TT  19095.38513569  .00000294  00000-0  19343-3 0  9995
2 34474  74.0823 207.9212 0230395 148.3382 270.6034 13.93627072514127
0 COSMOS 2251 DEB
1 34474U 93036TT  19095.75658663 +.00000315 +00000-0 +20576-3 0  9995
2 34474 074.0823 207.2864 0230368 147.6250 334.1850 13.93627442513851
0 COSMOS 2251 DEB
1 34474U 93036TT  19096.39170958  .00000326  00000-0  21256-3 0  9990
2 34474  74.0823 206.2011 0230324 146.4013 280.6228 13.93628011514263
0 COSMOS 2251 DEB
1 34474U 93036TT  19096.76208476 +.00000332 +00000-0 +21666-3 0  9990
2 34474 074.0823 205.5683 0230292 145.6876 338.8106 13.93628311513995
0 COSMOS 2251 DEB
1 34474U 93036TT  19098.40247859  .00000279  00000-0  18374-3 0  9993
2 34474  74.0824 202.7654 0230152 142.5266 288.7387 13.93629256514542
0 COSMOS 2251 DEB
1 34474U 93036TT  19099.40752698  .00000307  00000-0  20106-3 0  9994
2 34474  74.0824 201.0481 0230074 140.5880 291.1175 13.93630212514687
0 COSMOS 2251 DEB
1 34474U 93036TT  19100.33802991 +.00000308 +00000-0 +20196-3 0  9991
2 34474 074.0825 199.4582 0229997 138.7923 279.5004 13.93630915514499
0 COSMOS 2251 DEB
1 34474U 93036TT  19101.34442501  .00000325  00000-0  21215-3 0  9992
2 34474  74.0825 197.7386 0229906 136.8483 288.6438 13.93631804514953
0 COSMOS 2251 DEB
1 34474U 93036TT  19101.71527394 +.00000310 +00000-0 +20289-3 0  9991
2 34474 074.0825 197.1050 0229865 136.1339 349.2127 13.93631966514680
0 COSMOS 2251 DEB
1 34474U 93036TT  19102.34908986  .00000303  00000-0  19888-3 0  9996
2 34474  74.0825 196.0220 0229803 134.9112 289.1049 13.93632467515092
0 COSMOS 2251 DEB
1 34474U 93036TT  19102.72044197 +.00000319 +00000-0 +20878-3 0  9991
2 34474 074.0825 195.3874 0229767 134.1924 352.2041 13.93632886514820
0 COSMOS 2251 DEB
1 34474U 93036TT  19103.35420396  .00000289  00000-0  19023-3 0  9996
2 34474  74.0825 194.3046 0229708 132.9651 291.8319 13.93633246515231
0 COSMOS 2251 DEB
1 34474U 93036TT  19103.72501208 +.00000265 +00000-0 +17552-3 0  9998
2 34474 074.0824 193.6710 0229662 132.2488 352.2001 13.93633361514967
0 COSMOS 2251 DEB
1 34474U 93036TT  19104.36040831  .00000239  00000-0  15926-3 0  9993
2 34474  74.0824 192.5853 0229592 131.0174 300.0292 13.93633713515374
0 COSMOS 2251 DEB
1 34474U 93036TT  19104.65636917 +.00000244 +00000-0 +16250-3 0  9998
2 34474 074.0824 192.0796 0229556 130.4458 344.8845 13.93633924515096
0 COSMOS 2251 DEB
1 34474U 93036TT  19105.36587390  .00000214  00000-0  14448-3 0  9991
2 34474  74.0824 190.8673 0229484 129.0714 304.5214 13.93634208515511
0 COSMOS 2251 DEB
1 34474U 93036TT  19105.66161488 +.00000212 +00000-0 +14315-3 0  9991
2 34474 074.0824 190.3620 0229446 128.4983 348.2756 13.93634337515235
0 COSMOS 2251 DEB
1 34474U 93036TT  19106.38006698  .00000208  00000-0  14032-3 0  9993
2 34474  74.0823 189.1345 0229369 127.1050 352.8049 13.93634695515658
0 COSMOS 2251 DEB
1 34474U 93036TT  19106.67318420 +.00000220 +00000-0 +14784-3 0  9992
2 34474 074.0823 188.6336 0229336 126.5375 023.3958 13.93634896515370
0 COSMOS 2251 DEB
1 34474U 93036TT  19107.60216910 +.00000198 +00000-0 +13442-3 0  9991
2 34474 074.0822 187.0463 0229244 124.7354 004.1856 13.93635175515508
0 COSMOS 2251 DEB
1 34474U 93036TT  19108.67803304 +.00000200 +00000-0 +13541-3 0  9992
2 34474 074.0822 185.2080 0229135 122.6493 001.8815 13.93635729515653
0 COSMOS 2251 DEB
1 34474U 93036TT  19109.89778157  .00000169  00000-0  11690-3 0  9991
2 34474  74.0821 183.1238 0229007 120.2808   1.4626 13.93636125516148
0 COSMOS 2251 DEB
1 34474U 93036TT  19110.62113562 +.00000153 +00000-0 +10661-3 0  9997
2 34474 074.0821 181.8879 0228930 118.8769 030.5906 13.93636314515926
0 COSMOS 2251 DEB
1 34474U 93036TT  19111.24887781  .00000152  00000-0  10655-3 0  9999
2 34474  74.0821 180.8153 0228868 117.6572 300.0280 13.93636568516336
0 COSMOS 2251 DEB
1 34474U 93036TT  19111.61991782 +.00000154 +00000-0 +10752-3 0  9997
2 34474 074.0821 180.1813 0228831 116.9358 001.5685 13.93636676516068
0 COSMOS 2251 DEB
1 34474U 93036TT  19112.55342978  .00000142  00000-0  10036-3 0  9990
2 34474  74.0821 178.5862 0228742 115.1208   5.0811 13.93636883516519
0 COSMOS 2251 DEB
1 34474U 93036TT  19112.62502473 +.00000142 +00000-0 +10003-3 0  9990
2 34474 074.0821 178.4639 0228735 114.9814 004.2796 13.93636906516207
0 COSMOS 2251 DEB
1 34474U 93036TT  19113.55764573  .00000144  00000-0  10171-3 0  9992
2 34474  74.0820 176.8704 0228644 113.1680   3.3244 13.93637256516658
0 COSMOS 2251 DEB
1 34474U 93036TT  19113.63111854 +.00000147 +00000-0 +10309-3 0  9995
2 34474 074.0820 176.7448 0228637 113.0249 011.9447 13.93637311516342
0 COSMOS 2251 DEB
1 34474U 93036TT  19114.55340458 +.00000140 +00000-0 +98667-4 0  9998
2 34474 074.0820 175.1690 0228548 111.2294 319.1416 13.93637643516476
0 COSMOS 2251 DEB
1 34474U 93036TT  19114.98317969  .00000121  00000-0  87508-4 0  9997
2 34474  74.0819 174.4346 0228505 110.3922 315.3646 13.93637690516852
0 COSMOS 2251 DEB
1 34474U 93036TT  19115.56708573 +.00000104 +00000-0 +76990-4 0  9991
2 34474 074.0819 173.4369 0228445 109.2556 004.8769 13.93637796516616
0 COSMOS 2251 DEB
1 34474U 93036TT  19115.91392865 +.00000100 +00000-0 +74535-4 0  9992
2 34474 074.0819 172.8443 0228412 108.5787 305.0233 13.93637911516660
0 COSMOS 2251 DEB
1 34474U 93036TT  19116.20175002  .00000108  00000-0  79405-4 0  9996
2 34474  74.0818 172.3525 0228385 108.0180 309.0513 13.93638059517026
0 COSMOS 2251 DEB
1 34474U 93036TT  19116.91955362 +.00000122 +00000-0 +87931-4 0  9998
2 34474 074.0818 171.1260 0228321 106.6180 310.3445 13.93638326516804
0 COSMOS 2251 DEB
1 34474U 93036TT  19117.20673359  .00000121  00000-0  87072-4 0  9999
2 34474  74.0817 170.6353 0228300 106.0583 311.1547 13.93638382517162
0 COSMOS 2251 DEB
1 34474U 93036TT  19117.92456628 +.00000137 +00000-0 +97133-4 0  9992
2 34474 074.0817 169.4087 0228236 104.6571 312.5945 13.93638575516947
0 COSMOS 2251 DEB
1 34474U 93036TT  19118.21178455  .00000142  00000-0  10049-3 0  9990
2 34474  74.0816 168.9180 0228213 104.0973 313.5973 13.93638672517300
0 COSMOS 2251 DEB
1 34474U 93036TT  19118.93139410 +.00000169 +00000-0 +11698-3 0  9997
2 34474 074.0816 167.6884 0228151 102.6926 323.9531 13.93638957517086
0 COSMOS 2251 DEB
1 34474U 93036TT  19119.21774674  .00000172  00000-0  11867-3 0  9998
2 34474  74.0815 167.1991 0228128 102.1343 320.6135 13.93639052517442
0 COSMOS 2251 DEB
1 34474U 93036TT  19119.93590282 +.00000191 +00000-0 +13050-3 0  9995
2 34474 074.0815 165.9720 0228067 100.7315 323.6792 13.93639353517225
0 COSMOS 2251 DEB
1 34474U 93036TT  19120.22316295  .00000194  00000-0  13214-3 0  9994
2 34474  74.0814 165.4811 0228043 100.1710 324.8936 13.93639476517585
0 COSMOS 2251 DEB
1 34474U 93036TT  19120.51992654 +.00000203 +00000-0 +13748-3 0  9998
2 34474 074.0814 164.9740 0228016 099.5915 013.7884 13.93639607517300
0 COSMOS 2251 DEB
1 34474U 93036TT  19121.22831499  .00000199  00000-0  13550-3 0  9991
2 34474  74.0813 163.7636 0227960  98.2068 327.8510 13.93639847517729
0 COSMOS 2251 DEB
1 34474U 93036TT  19121.87198082 +.00000236 +00000-0 +15791-3 0  9997
2 34474 074.0813 162.6637 0227912 096.9475 317.1957 13.93640302517491
0 COSMOS 2251 DEB
1 34474U 93036TT  19122.23503024  .00000231  00000-0  15500-3 0  9997
2 34474  74.0813 162.0433 0227885  96.2384 338.6543 13.93640396517863
0 COSMOS 2251 DEB
1 34474U 93036TT  19122.53049333 +.00000263 +00000-0 +17468-3 0  9998
2 34474 074.0812 161.5385 0227869 095.6608 021.0264 13.93640691517586
0 COSMOS 2251 DEB
1 34474U 93036TT  19122.87737361 +.00000286 +00000-0 +18870-3 0  9993
2 34474 074.0812 160.9457 0227847 094.9820 321.3650 13.93640959517631
0 COSMOS 2251 DEB
1 34474U 93036TT  19123.53543976  .00000312  00000-0  20497-3 0  9992
2 34474  74.0812 159.8212 0227805  93.6969  22.9570 13.93641365518044
0 COSMOS 2251 DEB
1 34474U 93036TT  19123.88255972 +.00000326 +00000-0 +21348-3 0  9997
2 34474 074.0811 159.2281 0227784 093.0174 324.4991 13.93641604517773
0 COSMOS 2251 DEB
1 34474U 93036TT  19124.54045787  .00000347  00000-0  22621-3 0  9990
2 34474  74.0811 158.1039 0227746  91.7320  25.2507 13.93642053518182
0 COSMOS 2251 DEB
1 34474U 93036TT  19124.88955006 +.00000369 +00000-0 +23991-3 0  9996
2 34474 074.0810 157.5074 0227725 091.0488 336.6890 13.93642408517916
0 COSMOS 2251 DEB
1 34474U 93036TT  19125.54558166  .00000362  00000-0  23565-3 0  9996
2 34474  74.0810 156.3864 0227691  89.7662  28.0789 13.93642810518322
0 COSMOS 2251 DEB
1 34474U 93036TT  19125.89388677 +.00000372 +00000-0 +24176-3 0  9992
2 34474 074.0810 155.7912 0227671 089.0847 335.5695 13.93643149518053
0 COSMOS 2251 DEB
1 34474U 93036TT  19126.82500932  .00000355  00000-0  23126-3 0  9991
2 34474  74.0809 154.2001 0227620  87.2628 327.1291 13.93643811518500
0 COSMOS 2251 DEB
1 34474U 93036TT  19126.89899740 +.00000361 +00000-0 +23505-3 0  9994
2 34474 074.0809 154.0736 0227615 087.1185 338.3366 13.93643917518193
0 COSMOS 2251 DEB
1 34474U 93036TT  19127.83021941  .00000359  00000-0  23382-3 0  9999
2 34474  74.0808 152.4824 0227577  85.2959 330.3987 13.93644687518643
0 COSMOS 2251 DEB
1 34474U 93036TT  19127.90493455 +.00000358 +00000-0 +23333-3 0  9995
2 34474 074.0808 152.3547 0227575 085.1499 345.2541 13.93644740518337
0 COSMOS 2251 DEB
1 34474U 93036TT  19128.83519844  .00000363  00000-0  23606-3 0  9998
2 34474  74.0807 150.7651 0227546  83.3297 332.5107 13.93645465518789
0 COSMOS 2251 DEB
1 34474U 93036TT  19129.49342573 +.00000365 +00000-0 +23775-3 0  9993
2 34474 074.0806 149.6403 0227527 082.0431 034.9235 13.93645938518550
