0 COSMOS 2251 DEB
1 34721U 93036YP  09130.23698907  .00000540  00000-0  41716-3 0  9996
2 34721 073.9266 228.4435 0250143 286.8846 070.4986 13.81681388 11190
0 COSMOS 2251 DEB
1 34721U 93036YP  09131.32302492  .00000575  00000-0  44311-3 0  9990
2 34721 073.9245 226.6029 0250327 284.8566 072.4965 13.81683431 11344
0 COSMOS 2251 DEB
1 34721U 93036YP  09133.56750365  .00000621  00000-0  47704-3 0  9995
2 34721 073.9263 222.8104 0250208 280.5130 076.8033 13.81687133 11655
0 COSMOS 2251 DEB
1 34721U 93036YP  09134.29152554 +.00000631 +00000-0 +48424-3 0  9993
2 34721 073.9264 221.5857 0250185 279.1328 078.1612 13.81688297011755
0 COSMOS 2251 DEB
1 34721U 93036YP  09137.18762128  .00000669  00000-0  51246-3 0  9995
2 34721 073.9256 216.6865 0250303 273.6408 083.6320 13.81693036 12159
0 COSMOS 2251 DEB
1 34721U 93036YP  09137.62203131 +.00000679 +00000-0 +51894-3 0  9998
2 34721 073.9262 215.9527 0250544 272.8562 084.3902 13.81693738012212
0 COSMOS 2251 DEB
1 34721U 93036YP  09144.57264407  .00000716  00000-0  54625-3 0  9990
2 34721 073.9275 204.2007 0250906 259.6146 097.6932 13.81704716 13178
0 COSMOS 2251 DEB
1 34721U 93036YP  09147.17911022  .00000729  00000-0  55555-3 0  9998
2 34721 073.9277 199.7946 0251032 254.7239 102.6103 13.81708972 13535
0 COSMOS 2251 DEB
1 34721U 93036YP  09153.76767552  .00000631  00000-0  48201-3 0  9999
2 34721 073.9298 188.6542 0251709 242.4237 115.0725 13.81716500 14445
0 COSMOS 2251 DEB
1 34721U 93036YP  09155.50532719  .00000597  00000-0  45753-3 0  9998
2 34721 073.9245 185.7085 0251764 239.1361 118.4686 13.81717851 14688
0 COSMOS 2251 DEB
1 34721U 93036YP  09160.42864968  .00000339  00000-0  26761-3 0  9991
2 34721 073.9260 177.3842 0251629 229.5868 128.2184 13.81718601 15360
0 COSMOS 2251 DEB
1 34721U 93036YP  09161.44229521  .00000340  00000-0  26836-3 0  9999
2 34721 073.9260 175.6704 0251628 227.6751 130.2805 13.81719305 15508
0 COSMOS 2251 DEB
1 34721U 93036YP  09166.43803221  .00000230  00000-0  18596-3 0  9990
2 34721 073.9249 167.2193 0254300 218.3358 139.9691 13.81720918 16191
0 COSMOS 2251 DEB
1 34721U 93036YP  09178.31196733  .00000204  00000-0  16692-3 0  9999
2 34721 073.9230 147.1382 0254157 195.9250 163.3492 13.81725998 17834
0 COSMOS 2251 DEB
1 34721U 93036YP  09179.32560207  .00000215  00000-0  17433-3 0  9998
2 34721 073.9230 145.4240 0254156 194.0136 165.3857 13.81726641 17978
0 COSMOS 2251 DEB
1 34721U 93036YP  09181.85967314  .00000221  00000-0  17895-3 0  9998
2 34721 073.9230 141.1386 0254153 189.2353 170.4049 13.81727933 18321
0 COSMOS 2251 DEB
1 34721U 93036YP  09182.87330125  .00000213  00000-0  17326-3 0  9995
2 34721 073.9266 139.4199 0253491 187.2552 172.4777 13.81728457 18462
0 COSMOS 2251 DEB
1 34721U 93036YP  09183.30771525 +.00000220 +00000-0 +17843-3 0  9999
2 34721 073.9256 138.6851 0253720 186.4162 173.3711 13.81728765018527
0 COSMOS 2251 DEB
1 34721U 93036YP  09184.32134253  .00000218  00000-0  17660-3 0  9997
2 34721 073.9256 136.9712 0253719 184.5045 175.3801 13.81729219 18663
0 COSMOS 2251 DEB
1 34721U 93036YP  09186.27619483  .00000252  00000-0  20121-3 0  9990
2 34721 073.9242 133.6642 0253901 180.7684 179.3184 13.81730942 18937
0 COSMOS 2251 DEB
1 34721U 93036YP  09186.85540783 +.00000295 +00000-0 +23310-3 0  9990
2 34721 073.9242 132.6847 0253901 179.6761 180.4559 13.81731438019016
0 COSMOS 2251 DEB
1 34721U 93036YP  09187.28981924  .00000321  00000-0  25194-3 0  9996
2 34721 073.9242 131.9501 0253900 178.8569 181.3218 13.81732012 19078
0 COSMOS 2251 DEB
1 34721U 93036YP  09190.25829091  .00000375  00000-0  29097-3 0  9998
2 34721 073.9242 126.9304 0253896 173.2589 187.2166 13.81734903 19481
0 COSMOS 2251 DEB
1 34721U 93036YP  09191.19951005 +.00000360 +00000-0 +28025-3 0  9997
2 34721 073.9262 125.3398 0254081 171.4514 189.1029 13.81735560019618
0 COSMOS 2251 DEB
1 34721U 93036YP  09193.22675482  .00000367  00000-0  28483-3 0  9990
2 34721 073.9256 121.9118 0254151 167.6482 193.1069 13.81737207 19891
0 COSMOS 2251 DEB
1 34721U 93036YP  09194.24037497  .00000390  00000-0  30203-3 0  9990
2 34721 073.9256 120.1979 0254149 165.7365 195.1172 13.81738421 20037
0 COSMOS 2251 DEB
1 34721U 93036YP  09195.76080315  .00000379  00000-0  29364-3 0  9998
2 34721 073.9256 117.6270 0254147 162.8689 198.1172 13.81739410 20242
0 COSMOS 2251 DEB
1 34721U 93036YP  09196.19521217 +.00000394 +00000-0 +30482-3 0  9997
2 34721 073.9256 116.8925 0254146 162.0496 198.9870 13.81740099020302
0 COSMOS 2251 DEB
1 34721U 93036YP  09198.22244642  .00000406  00000-0  31301-3 0  9992
2 34721 073.9256 113.4646 0254143 158.2261 202.9954 13.81742068 20586
0 COSMOS 2251 DEB
1 34721U 93036YP  09199.16366044 +.00000438 +00000-0 +33624-3 0  9992
2 34721 073.9227 111.8682 0254492 156.4399 204.8764 13.81743542020718
0 COSMOS 2251 DEB
1 34721U 93036YP  09200.17727252  .00000478  00000-0  36576-3 0  9991
2 34721 073.9233 110.1539 0254490 154.4286 206.9651 13.81745122 20858
0 COSMOS 2251 DEB
1 34721U 93036YP  09200.75648095 +.00000476 +00000-0 +36382-3 0  9995
2 34721 073.9229 109.1741 0254528 153.3059 208.1393 13.81745602020933
0 COSMOS 2251 DEB
1 34721U 93036YP  09202.13209880  .00000477  00000-0  36449-3 0  9999
2 34721 073.9233 106.8477 0254453 150.6819 210.8862 13.81747056 21127
0 COSMOS 2251 DEB
1 34721U 93036YP  09203.14571002  .00000496  00000-0  37894-3 0  9995
2 34721 073.9216 105.1329 0254044 148.6748 212.9827 13.81748513 21268
0 COSMOS 2251 DEB
1 34721U 93036YP  09204.15931911  .00000518  00000-0  39541-3 0  9992
2 34721 073.9227 103.4188 0253692 146.7104 215.0281 13.81749972 21401
0 COSMOS 2251 DEB
1 34721U 93036YP  09206.11413360  .00000533  00000-0  40656-3 0  9999
2 34721 073.9219 100.1121 0253549 142.9922 218.9058 13.81752473 21673
0 COSMOS 2251 DEB
1 34721U 93036YP  09206.69333563 +.00000538 +00000-0 +40927-3 0  9994
2 34721 073.9220 099.1322 0254037 141.9233 220.0103 13.81753045021752
0 COSMOS 2251 DEB
1 34721U 93036YP  09207.12773885  .00000539  00000-0  41028-3 0  9992
2 34721 073.9220 098.3971 0253854 141.0475 220.9247 13.81753644 21818
0 COSMOS 2251 DEB
1 34721U 93036YP  09207.70694140 +.00000547 +00000-0 +41633-3 0  9993
2 34721 073.9223 097.4174 0253970 139.9569 222.0583 13.81754396021894
0 COSMOS 2251 DEB
1 34721U 93036YP  09209.08254586  .00000562  00000-0  42682-3 0  9994
2 34721 073.9222 095.0908 0254124 137.3715 224.7490 13.81756277 22087
0 COSMOS 2251 DEB
1 34721U 93036YP  09209.66174589 +.00000572 +00000-0 +43432-3 0  9997
2 34721 073.9222 094.1112 0254122 136.2794 225.8799 13.81757175022168
0 COSMOS 2251 DEB
1 34721U 93036YP  09210.09614565  .00000580  00000-0  44003-3 0  9993
2 34721 073.9222 093.3765 0254121 135.4603 226.7292 13.81757879 22228
0 COSMOS 2251 DEB
1 34721U 93036YP  09211.10974472  .00000592  00000-0  44862-3 0  9998
2 34721 073.9229 091.6623 0254444 133.5744 228.6842 13.81759350 22365
0 COSMOS 2251 DEB
1 34721U 93036YP  09214.07813489  .00000629  00000-0  47514-3 0  9995
2 34721 073.9228 086.6416 0254460 127.9651 234.4857 13.81763723 22775
0 COSMOS 2251 DEB
1 34721U 93036YP  09215.09172637  .00000629  00000-0  47499-3 0  9993
2 34721 073.9230 084.9274 0254513 126.0488 236.4484 13.81765005 22917
0 COSMOS 2251 DEB
1 34721U 93036YP  09217.62570385  .00000620  00000-0  46894-3 0  9995
2 34721 073.9237 080.6420 0254540 121.2178 241.4058 13.81768058 23266
0 COSMOS 2251 DEB
1 34721U 93036YP  09220.01487582  .00000637  00000-0  48126-3 0  9996
2 34721 073.9220 076.5992 0254490 116.6788 246.0761 13.81771596 23594
0 COSMOS 2251 DEB
1 34721U 93036YP  09220.59406448 +.00000637 +00000-0 +48095-3 0  9996
2 34721 073.9220 075.6185 0254547 115.4486 247.3100 13.81772246023676
0 COSMOS 2251 DEB
1 34721U 93036YP  09222.04204242  .00000620  00000-0  46881-3 0  9999
2 34721 073.9220 073.1695 0254544 112.7183 250.1042 13.81773909 23872
0 COSMOS 2251 DEB
1 34721U 93036YP  09222.54883364 +.00000620 +00000-0 +46850-3 0  9998
2 34721 073.9220 072.3123 0254542 111.7626 251.0789 13.81774544023940
0 COSMOS 2251 DEB
1 34721U 93036YP  09225.01038355  .00000617  00000-0  46619-3 0  9994
2 34721 073.9220 068.1489 0254536 107.1210 255.7921 13.81777576 24284
0 COSMOS 2251 DEB
1 34721U 93036YP  09225.95156270 +.00000611 +00000-0 +46152-3 0  9990
2 34721 073.9220 066.5570 0254534 105.3462 257.5912 13.81778621024411
0 COSMOS 2251 DEB
1 34721U 93036YP  09227.54432383  .00000567  00000-0  42918-3 0  9995
2 34721 073.9212 063.8609 0254888 102.4616 260.4974 13.81779550 24633
0 COSMOS 2251 DEB
1 34721U 93036YP  09229.49907535  .00000544  00000-0  41282-3 0  9995
2 34721 073.9199 060.5529 0254951 098.7586 264.2403 13.81781291 24900
0 COSMOS 2251 DEB
1 34721U 93036YP  09230.51264844  .00000472  00000-0  36041-3 0  9996
2 34721 073.9183 058.8366 0254933 096.6577 266.3410 13.81781024 25040
0 COSMOS 2251 DEB
1 34721U 93036YP  09230.94704043 +.00000466 +00000-0 +35550-3 0  9990
2 34721 073.9177 058.1012 0254770 095.7897 267.2303 13.81781269025107
0 COSMOS 2251 DEB
1 34721U 93036YP  09231.96061110  .00000438  00000-0  33511-3 0  9998
2 34721 073.9188 056.3877 0254765 093.8844 269.1402 13.81781842 25246
0 COSMOS 2251 DEB
1 34721U 93036YP  09232.90178331 +.00000426 +00000-0 +32656-3 0  9993
2 34721 073.9201 054.7976 0254735 092.1165 270.9110 13.81782504025375
0 COSMOS 2251 DEB
1 34721U 93036YP  09233.48096601  .00000412  00000-0  31602-3 0  9991
2 34721 073.9199 053.8174 0254880 091.0648 271.9625 13.81782682 25454
0 COSMOS 2251 DEB
1 34721U 93036YP  09234.92892055  .00000376  00000-0  29026-3 0  9994
2 34721 073.9207 051.3688 0254800 088.3630 274.6614 13.81783390 25656
0 COSMOS 2251 DEB
1 34721U 93036YP  09236.44927031  .00000343  00000-0  26622-3 0  9999
2 34721 073.9209 048.7973 0254940 085.5922 277.4171 13.81783909 25861
0 COSMOS 2251 DEB
1 34721U 93036YP  09237.46283742  .00000328  00000-0  25488-3 0  9998
2 34721 073.9201 047.0814 0254919 083.6789 279.3231 13.81784234 26002
0 COSMOS 2251 DEB
1 34721U 93036YP  09240.43113016  .00000273  00000-0  21494-3 0  9997
2 34721 073.9200 042.0599 0254935 078.1140 284.8246 13.81785094 26411
0 COSMOS 2251 DEB
1 34721U 93036YP  09242.82024192  .00000243  00000-0  19314-3 0  9993
2 34721 073.9209 038.0194 0254935 073.5370 289.3518 13.81785962 26742
0 COSMOS 2251 DEB
1 34721U 93036YP  09243.39942060 +.00000220 +00000-0 +17618-3 0  9999
2 34721 073.9202 037.0385 0254919 072.4471 290.4230 13.81785699026828
0 COSMOS 2251 DEB
1 34721U 93036YP  09244.41298192  .00000205  00000-0  16563-3 0  9994
2 34721 073.9201 035.3236 0254908 070.5287 292.3116 13.81785827 26967
0 COSMOS 2251 DEB
1 34721U 93036YP  09245.42654196  .00000192  00000-0  15607-3 0  9999
2 34721 073.9198 033.6086 0254915 068.5907 294.2186 13.81786062 27107
0 COSMOS 2251 DEB
1 34721U 93036YP  09247.38126035  .00000149  00000-0  12462-3 0  9990
2 34721 073.9194 030.3014 0254648 064.9802 297.7388 13.81785924 27372
0 COSMOS 2251 DEB
1 34721U 93036YP  09248.39482015  .00000121  00000-0  10401-3 0  9996
2 34721 073.9188 028.5868 0254788 063.1122 299.5733 13.81785727 27513
0 COSMOS 2251 DEB
1 34721U 93036YP  09249.77036224  .00000106  00000-0  93572-4 0  9990
2 34721 073.9197 026.2602 0254845 060.3724 302.2465 13.81785822 27706
0 COSMOS 2251 DEB
1 34721U 93036YP  09250.78391992  .00000080  00000-0  74547-4 0  9991
2 34721 073.9235 024.5499 0254806 058.3576 304.2060 13.81785609 27844
0 COSMOS 2251 DEB
1 34721U 93036YP  09251.36309599 +.00000072 +00000-0 +68904-4 0  9999
2 34721 073.9227 023.5692 0254848 057.2906 305.2499 13.81785565027927
0 COSMOS 2251 DEB
1 34721U 93036YP  09253.31780920  .00000064  00000-0  63228-4 0  9992
2 34721 073.9221 020.2630 0254613 053.6899 308.7432 13.81785783 28195
0 COSMOS 2251 DEB
1 34721U 93036YP  09254.33136346  .00000044  00000-0  48436-4 0  9994
2 34721 073.9226 018.5488 0254651 051.7842 310.5855 13.81785584 28335
0 COSMOS 2251 DEB
1 34721U 93036YP  09255.34491833  .00000034  00000-0  40779-4 0  9992
2 34721 073.9225 016.8341 0254428 049.9012 312.4113 13.81785562 28472
0 COSMOS 2251 DEB
1 34721U 93036YP  09258.31318000  .00000024  00000-0  33645-4 0  9999
2 34721 073.9221 011.8121 0254521 044.2984 317.8185 13.81785715 28882
0 COSMOS 2251 DEB
1 34721U 93036YP  09260.26788704  .00000035  00000-0  41985-4 0  9996
2 34721 073.9232 008.5078 0254552 040.5765 321.4067 13.81786197 29154
0 COSMOS 2251 DEB
1 34721U 93036YP  09260.70226514 +.00000045 +00000-0 +49638-4 0  9995
2 34721 073.9236 007.7738 0254530 039.7838 322.1662 13.81786445029211
0 COSMOS 2251 DEB
1 34721U 93036YP  09264.24968912  .00000054  00000-0  55699-4 0  9997
2 34721 073.9235 001.7738 0254534 033.1002 328.5798 13.81787122 29706
0 COSMOS 2251 DEB
1 34721U 93036YP  09265.69761488  .00000059  00000-0  60038-4 0  9994
2 34721 073.9251 359.3266 0254848 030.2293 331.3224 13.81787413 29901
0 COSMOS 2251 DEB
1 34721U 93036YP  09266.27678583 +.00000063 +00000-0 +62903-4 0  9990
2 34721 073.9252 358.3473 0254796 029.1311 332.3774 13.81787614029983
0 COSMOS 2251 DEB
1 34721U 93036YP  09267.21793683  .00000069  00000-0  67117-4 0  9992
2 34721 073.9248 356.7549 0254855 027.3217 334.1074 13.81787909 30112
0 COSMOS 2251 DEB
1 34721U 93036YP  09268.66586067  .00000085  00000-0  78559-4 0  9998
2 34721 073.9250 354.3062 0254825 024.5969 336.7104 13.81788495 30314
0 COSMOS 2251 DEB
1 34721U 93036YP  09271.19972500  .00000125  00000-0  10833-3 0  9996
2 34721 073.9244 350.0180 0254745 019.6611 341.4372 13.81790109 30664
0 COSMOS 2251 DEB
1 34721U 93036YP  09272.21326446  .00000144  00000-0  12222-3 0  9997
2 34721 073.9230 348.3013 0255018 017.7301 343.2553 13.81790727 30806
0 COSMOS 2251 DEB
1 34721U 93036YP  09272.64763977 +.00000147 +00000-0 +12406-3 0  9995
2 34721 073.9229 347.5667 0254890 016.9487 343.9966 13.81790934030864
0 COSMOS 2251 DEB
1 34721U 93036YP  09275.18149796  .00000194  00000-0  15865-3 0  9998
2 34721 073.9222 343.2804 0255038 012.1783 348.5479 13.81792781 31217
0 COSMOS 2251 DEB
1 34721U 93036YP  09276.62941217  .00000204  00000-0  16621-3 0  9999
2 34721 073.9230 340.8324 0255104 009.4494 351.1306 13.81793609 31419
0 COSMOS 2251 DEB
1 34721U 93036YP  09278.14972353  .00000233  00000-0  18700-3 0  9995
2 34721 073.9225 338.2597 0255407 006.5465 353.9000 13.81794948 31629
0 COSMOS 2251 DEB
1 34721U 93036YP  09279.16326127  .00000280  00000-0  22157-3 0  9993
2 34721 073.9235 336.5461 0255382 004.6373 355.7107 13.81796268 31760
0 COSMOS 2251 DEB
1 34721U 93036YP  09282.13147962  .00000309  00000-0  24254-3 0  9994
2 34721 073.9246 331.5275 0255372 359.0406 001.0281 13.81798713 32170
0 COSMOS 2251 DEB
1 34721U 93036YP  09282.56585096 +.00000309 +00000-0 +24254-3 0  9995
2 34721 073.9246 330.7929 0255371 358.2213 001.7974 13.81799002032238
0 COSMOS 2251 DEB
1 34721U 93036YP  09283.14501500  .00000309  00000-0  24254-3 0  9998
2 34721 073.9246 329.8134 0255371 357.1289 002.8351 13.81799388 32313
0 COSMOS 2251 DEB
1 34721U 93036YP  09283.57938793 +.00000324 +00000-0 +25382-3 0  9993
2 34721 073.9237 329.0767 0255644 356.2802 003.6484 13.81800025032374
0 COSMOS 2251 DEB
1 34721U 93036YP  09284.52052716  .00000352  00000-0  27450-3 0  9990
2 34721 073.9237 327.4856 0255246 354.4905 005.3473 13.81801147 32505
0 COSMOS 2251 DEB
1 34721U 93036YP  09285.53406101  .00000360  00000-0  28007-3 0  9991
2 34721 073.9233 325.7708 0255231 352.5783 007.1598 13.81802082 32647
0 COSMOS 2251 DEB
1 34721U 93036YP  09286.11322362 +.00000384 +00000-0 +29727-3 0  9998
2 34721 073.9229 324.7900 0255577 351.4513 008.2369 13.81802998032720
0 COSMOS 2251 DEB
1 34721U 93036YP  09288.06789468  .00000426  00000-0  32803-3 0  9994
2 34721 073.9229 321.4835 0255367 347.7235 011.7864 13.81805439 32998
0 COSMOS 2251 DEB
1 34721U 93036YP  09289.08142470  .00000446  00000-0  34296-3 0  9993
2 34721 073.9229 319.7690 0255537 345.8150 013.5946 13.81806779 33137
0 COSMOS 2251 DEB
1 34721U 93036YP  09290.09495519  .00000455  00000-0  34899-3 0  9990
2 34721 073.9225 318.0536 0255636 343.9043 015.4095 13.81807911 33274
0 COSMOS 2251 DEB
1 34721U 93036YP  09293.49752100  .00000508  00000-0  38828-3 0  9994
2 34721 073.9223 312.2981 0255240 337.4902 021.5364 13.81812332 33747
0 COSMOS 2251 DEB
1 34721U 93036YP  09294.43865087 +.00000514 +00000-0 +39256-3 0  9991
2 34721 073.9223 310.7063 0255168 335.7212 023.2082 13.81813488033878
0 COSMOS 2251 DEB
1 34721U 93036YP  09295.45217818  .00000576  00000-0  43757-3 0  9996
2 34721 073.9230 308.9920 0255567 333.7614 025.0971 13.81815942 34015
0 COSMOS 2251 DEB
1 34721U 93036YP  09296.46569985  .00000583  00000-0  44272-3 0  9994
2 34721 073.9229 307.2771 0255729 331.8458 026.9064 13.81817333 34158
0 COSMOS 2251 DEB
1 34721U 93036YP  09297.04485667 +.00000584 +00000-0 +44327-3 0  9995
2 34721 073.9230 306.2976 0255735 330.7578 027.9423 13.81818047034236
0 COSMOS 2251 DEB
1 34721U 93036YP  09298.42035509  .00000594  00000-0  45008-3 0  9992
2 34721 073.9224 303.9700 0255922 328.1612 030.4275 13.81819876 34422
0 COSMOS 2251 DEB
1 34721U 93036YP  09299.43387904  .00000600  00000-0  45508-3 0  9996
2 34721 073.9233 302.2563 0256027 326.2361 032.2671 13.81821204 34561
0 COSMOS 2251 DEB
1 34721U 93036YP  09301.96768722  .00000582  00000-0  44217-3 0  9994
2 34721 073.9230 297.9700 0255879 321.4575 036.8431 13.81823930 34910
0 COSMOS 2251 DEB
1 34721U 93036YP  09302.40205577 +.00000571 +00000-0 +43368-3 0  9992
2 34721 073.9234 297.2352 0256119 320.6471 037.6239 13.81824212034979
0 COSMOS 2251 DEB
1 34721U 93036YP  09302.98121241  .00000558  00000-0  42420-3 0  9993
2 34721 073.9232 296.2550 0255959 319.5452 038.6839 13.81824614 35056
0 COSMOS 2251 DEB
1 34721U 93036YP  09303.41558011 +.00000546 +00000-0 +41517-3 0  9994
2 34721 073.9231 295.5200 0256219 318.7563 039.4422 13.81824903035118
0 COSMOS 2251 DEB
1 34721U 93036YP  09305.94938604 +.00000518 +00000-0 +39529-3 0  9993
2 34721 073.9231 291.2340 0255810 313.8944 044.1240 13.81827246035463
0 COSMOS 2251 DEB
1 34721U 93036YP  09306.96290921  .00000502  00000-0  38338-3 0  9999
2 34721 073.9225 289.5181 0256039 312.0092 045.9450 13.81828048 35607
0 COSMOS 2251 DEB
1 34721U 93036YP  09307.39727630 +.00000500 +00000-0 +38232-3 0  9990
2 34721 073.9225 288.7833 0256135 311.1990 046.7288 13.81828468035666
0 COSMOS 2251 DEB
1 34721U 93036YP  09309.35192512  .00000490  00000-0  37466-3 0  9999
2 34721 073.9231 285.4772 0256223 307.5300 050.2763 13.81830377 35931
0 COSMOS 2251 DEB
1 34721U 93036YP  09310.36544673  .00000481  00000-0  36847-3 0  9993
2 34721 073.9228 283.7623 0256276 305.6287 052.1184 13.81831251 36070
0 COSMOS 2251 DEB
1 34721U 93036YP  09310.94460211 +.00000478 +00000-0 +36585-3 0  9997
2 34721 073.9227 282.7825 0256203 304.5216 053.1946 13.81831771036155
0 COSMOS 2251 DEB
1 34721U 93036YP  09311.88572893  .00000470  00000-0  36068-3 0  9999
2 34721 073.9226 281.1906 0256106 302.7361 054.9279 13.81832557 36285
0 COSMOS 2251 DEB
1 34721U 93036YP  09312.89925067  .00000459  00000-0  35245-3 0  9999
2 34721 073.9219 279.4749 0256083 300.8367 056.7738 13.81833251 36429
0 COSMOS 2251 DEB
1 34721U 93036YP  09313.33361774 +.00000461 +00000-0 +35367-3 0  9996
2 34721 073.9223 278.7408 0256058 300.0155 057.5788 13.81833725036483
0 COSMOS 2251 DEB
1 34721U 93036YP  09314.34713848  .00000458  00000-0  35155-3 0  9992
2 34721 073.9224 277.0266 0256119 298.1112 059.4328 13.81834654 36625
0 COSMOS 2251 DEB
1 34721U 93036YP  09315.86741971  .00000452  00000-0  34698-3 0  9993
2 34721 073.9221 274.4539 0256146 295.2662 062.2085 13.81835955 36834
0 COSMOS 2251 DEB
1 34721U 93036YP  09317.31530693  .00000447  00000-0  34340-3 0  9990
2 34721 073.9229 272.0052 0256215 292.5470 064.8705 13.81837261 37032
0 COSMOS 2251 DEB
1 34721U 93036YP  09318.32882778  .00000426  00000-0  32817-3 0  9990
2 34721 073.9224 270.2896 0256504 290.7148 066.6572 13.81837722 37175
0 COSMOS 2251 DEB
1 34721U 93036YP  09318.83558982 +.00000414 +00000-0 +31941-3 0  9997
2 34721 073.9220 269.4317 0256359 289.7408 067.6165 13.81837850037243
0 COSMOS 2251 DEB
1 34721U 93036YP  09319.84911300  .00000381  00000-0  29594-3 0  9990
2 34721 073.9225 267.7167 0256304 287.8468 069.4809 13.81838126 37384
0 COSMOS 2251 DEB
1 34721U 93036YP  09320.28348017 +.00000382 +00000-0 +29650-3 0  9993
2 34721 073.9227 266.9822 0256301 287.0284 070.2905 13.81838504037444
0 COSMOS 2251 DEB
1 34721U 93036YP  09321.29700155  .00000380  00000-0  29494-3 0  9994
2 34721 073.9226 265.2677 0256337 285.1266 072.1625 13.81839278 37585
0 COSMOS 2251 DEB
1 34721U 93036YP  09321.80376245 +.00000375 +00000-0 +29159-3 0  9992
2 34721 073.9226 264.4106 0256267 284.1702 073.1040 13.81839557037659
0 COSMOS 2251 DEB
1 34721U 93036YP  09326.21982171  .00000271  00000-0  21549-3 0  9993
2 34721 073.9240 256.9412 0256489 275.9290 081.2182 13.81840614 38268
0 COSMOS 2251 DEB
1 34721U 93036YP  09326.79898760 +.00000238 +00000-0 +19206-3 0  9996
2 34721 073.9236 255.9610 0256110 274.7313 082.4430 13.81840112038347
0 COSMOS 2251 DEB
1 34721U 93036YP  09327.23335877  .00000196  00000-0  16133-3 0  9990
2 34721 073.9236 255.2260 0256132 274.0658 083.1155 13.81839718 38409
0 COSMOS 2251 DEB
1 34721U 93036YP  09328.75364788  .00000188  00000-0  15542-3 0  9995
2 34721 073.9238 252.6550 0256067 271.1831 085.9932 13.81840213 38610
0 COSMOS 2251 DEB
1 34721U 93036YP  09329.76717443  .00000186  00000-0  15386-3 0  9991
2 34721 073.9232 250.9396 0256111 269.3018 087.8756 13.81840574 38759
0 COSMOS 2251 DEB
1 34721U 93036YP  09330.78070044  .00000143  00000-0  12259-3 0  9993
2 34721 073.9227 249.2246 0255921 267.2552 089.9114 13.81840057 38898
0 COSMOS 2251 DEB
1 34721U 93036YP  09332.15620450  .00000132  00000-0  11476-3 0  9996
2 34721 073.9230 246.8977 0255967 264.7342 092.4498 13.81840322 39086
0 COSMOS 2251 DEB
1 34721U 93036YP  09332.73536383 +.00000122 +00000-0 +10703-3 0  9992
2 34721 073.9230 245.9183 0255920 263.6121 093.5751 13.81840235039163
0 COSMOS 2251 DEB
1 34721U 93036YP  09334.18326253  .00000078  00000-0  75278-4 0  9995
2 34721 073.9239 243.4692 0255993 261.0196 096.1754 13.81839844 39362
0 COSMOS 2251 DEB
1 34721U 93036YP  09335.19679445  .00000076  00000-0  73577-4 0  9999
2 34721 073.9244 241.7555 0256002 259.1151 098.1063 13.81840024 39501
0 COSMOS 2251 DEB
1 34721U 93036YP  09336.13792964 +.00000040 +00000-0 +47968-4 0  9992
2 34721 073.9245 240.1638 0255942 257.3711 099.8582 13.81839527039635
0 COSMOS 2251 DEB
1 34721U 93036YP  09337.15146274  .00000036  00000-0  44764-4 0  9998
2 34721 073.9243 238.4492 0255959 255.4689 101.7895 13.81839539 39770
0 COSMOS 2251 DEB
1 34721U 93036YP  09338.67176088  .00000039  00000-0  47100-4 0  9992
2 34721 073.9244 235.8778 0255926 252.6034 104.6960 13.81839780 39982
0 COSMOS 2251 DEB
1 34721U 93036YP  09339.17852701 +.00000033 +00000-0 +42463-4 0  9992
2 34721 073.9241 235.0204 0255879 251.7210 105.5896 13.81839716040055
0 COSMOS 2251 DEB
1 34721U 93036YP  09340.11966505 -.00000015  00000-0  72828-5 0  9996
2 34721 073.9233 233.4270 0255568 249.9607 107.3574 13.81838603 40186
0 COSMOS 2251 DEB
1 34721U 93036YP  09340.69883271 -.00000055 +00000-0 -21724-4 0  9990
2 34721 073.9228 232.4465 0255304 248.6675 108.6821 13.81837639040260
0 COSMOS 2251 DEB
1 34721U 93036YP  09343.08788539 -.00000128  00000-0 -75115-4 0  9991
2 34721 073.9233 228.4055 0255076 244.2707 113.1738 13.81836228 40597
0 COSMOS 2251 DEB
1 34721U 93036YP  09346.05610837 -.00000136  00000-0 -80674-4 0  9991
2 34721 073.9230 223.3844 0255048 238.6971 118.8922 13.81835414 41003
0 COSMOS 2251 DEB
1 34721U 93036YP  09346.63527476 -.00000158 +00000-0 -96858-4 0  9996
2 34721 073.9224 222.4035 0254959 237.4808 120.1294 13.81834627041085
0 COSMOS 2251 DEB
1 34721U 93036YP  09347.06965256 -.00000163  00000-0 -10031-3 0  9990
2 34721 073.9229 221.6697 0254700 236.7585 120.8900 13.81834535 41149
0 COSMOS 2251 DEB
1 34721U 93036YP  09347.64881890 -.00000165 +00000-0 -10199-3 0  9992
2 34721 073.9229 220.6887 0254583 235.6215 122.0544 13.81834237041222
0 COSMOS 2251 DEB
1 34721U 93036YP  09350.61705194 -.00000156  00000-0 -95971-4 0  9997
2 34721 073.9255 215.6692 0254054 230.1776 127.6713 13.81833620 41633
0 COSMOS 2251 DEB
1 34721U 93036YP  09351.05142842 -.00000154 +00000-0 -94639-4 0  9999
2 34721 073.9267 214.9352 0253890 229.3935 128.4860 13.81833630041694
0 COSMOS 2251 DEB
1 34721U 93036YP  09352.57174482 -.00000154  00000-0 -94324-4 0  9993
2 34721 073.9266 212.3642 0253918 226.4848 131.4910 13.81833189 41902
0 COSMOS 2251 DEB
1 34721U 93036YP  09355.03321335 -.00000153  00000-0 -94002-4 0  9990
2 34721 073.9267 208.2013 0253965 221.7856 136.3655 13.81832652 42240
0 COSMOS 2251 DEB
1 34721U 93036YP  09355.97436346 -.00000122 +00000-0 -71050-4 0  9996
2 34721 073.9276 206.6102 0253715 220.0930 138.1362 13.81833204042372
0 COSMOS 2251 DEB
1 34721U 93036YP  09356.98790755 -.00000103  00000-0 -57613-4 0  9993
2 34721 073.9257 204.8938 0253904 218.1110 140.1897 13.81833354 42514
0 COSMOS 2251 DEB
1 34721U 93036YP  09360.53532290 -.00000047  00000-0 -16628-4 0  9995
2 34721 073.9266 198.8948 0253273 211.5763 147.0126 13.81834004 43006
0 COSMOS 2251 DEB
1 34721U 93036YP  09363.50356767  .00000040  00000-0  46735-4 0  9991
2 34721 073.9273 193.8756 0253307 205.9437 152.9100 13.81835741 43410
0 COSMOS 2251 DEB
1 34721U 93036YP  09363.93793929 +.00000077 +00000-0 +74221-4 0  9994
2 34721 073.9249 193.1380 0253673 204.9755 153.9072 13.81836613043471
0 COSMOS 2251 DEB
1 34721U 93036YP  10001.90618107  .00000109  00000-0  96896-4 0  9994
2 34721 073.9233 188.1154 0253525 199.3892 159.7571 13.81837872 43883
0 COSMOS 2251 DEB
1 34721U 93036YP  10001.90618107 +.00000109 +00000-0 +96896-4 0  9994
2 34721 073.9233 188.1154 0253525 199.3892 159.7571 13.81837872043883
0 COSMOS 2251 DEB
1 34721U 93036YP  10002.48534823 +.00000133 +00000-0 +11456-3 0  9995
2 34721 073.9240 187.1358 0253070 198.3440 160.8461 13.81838488043963
0 COSMOS 2251 DEB
1 34721U 93036YP  10003.86087474 +.00000150 +00000-0 +12686-3 0  9998
2 34721 073.9216 184.8078 0253261 195.7350 163.5857 13.81839178044150
0 COSMOS 2251 DEB
1 34721U 93036YP  10004.87441982  .00000157  00000-0  13205-3 0  9993
2 34721 073.9234 183.0955 0252863 193.8749 165.5370 13.81839763 44290
0 COSMOS 2251 DEB
1 34721U 93036YP  10005.88796491  .00000156  00000-0  13195-3 0  9990
2 34721 073.9241 181.3810 0252134 191.9832 167.5160 13.81840122 44438
0 COSMOS 2251 DEB
1 34721U 93036YP  10006.90151174  .00000172  00000-0  14346-3 0  9994
2 34721 073.9269 179.6679 0251759 190.1112 169.4916 13.81840856 44574
0 COSMOS 2251 DEB
1 34721U 93036YP  10014.86507401  .00000124  00000-0  10780-3 0  9991
2 34721 073.9273 166.2003 0251074 175.1055 185.2253 13.81842567 45674
0 COSMOS 2251 DEB
1 34721U 93036YP  10017.83331655  .00000129  00000-0  11113-3 0  9993
2 34721 073.9268 161.1810 0251045 169.5089 191.1487 13.81843630 46083
0 COSMOS 2251 DEB
1 34721U 93036YP  10020.80154694  .00000129  00000-0  11098-3 0  9992
2 34721 073.9279 156.1613 0251017 163.8859 197.0398 13.81844518 46498
0 COSMOS 2251 DEB
1 34721U 93036YP  10023.76977607  .00000093  00000-0  84499-4 0  9993
2 34721 073.9297 151.1446 0253605 159.0855 202.1463 13.81844655 46904
0 COSMOS 2251 DEB
1 34721U 93036YP  10024.78330560  .00000086  00000-0  79244-4 0  9991
2 34721 073.9243 149.4262 0251088 156.4780 204.7493 13.81844624 47045
0 COSMOS 2251 DEB
1 34721U 93036YP  10027.31716810 -.00000082  00000-0 -43760-4 0  9991
2 34721 073.9333 145.1390 0251177 152.4466 209.0711 13.81843130 47396
0 COSMOS 2251 DEB
1 34721U 93036YP  10027.75153357 -.00000015 +00000-0 +49458-5 0  9996
2 34721 073.9351 144.4059 0251261 151.5440 209.9702 13.81844115047456
0 COSMOS 2251 DEB
1 34721U 93036YP  10028.33069915 -.00000014  00000-0  61999-5 0  9990
2 34721 073.9349 143.4270 0251212 150.4455 211.1145 13.81844145 47535
0 COSMOS 2251 DEB
1 34721U 93036YP  10030.28538395  .00000020  00000-0  30555-4 0  9999
2 34721 073.9339 140.1214 0250831 146.7256 215.0013 13.81844761 47800
0 COSMOS 2251 DEB
1 34721U 93036YP  10031.29892142  .00000019  00000-0  30107-4 0  9995
2 34721 073.9312 138.4057 0250630 144.7878 217.0100 13.81844761 47945
0 COSMOS 2251 DEB
1 34721U 93036YP  10033.68797619  .00000001  00000-0  16640-4 0  9990
2 34721 073.9264 134.3627 0249997 140.1753 221.7969 13.81844547 48279
0 COSMOS 2251 DEB
1 34721U 93036YP  10034.26714165 +.00000018 +00000-0 +29382-4 0  9995
2 34721 073.9280 133.3835 0249940 139.1280 222.8944 13.81844874048355
0 COSMOS 2251 DEB
1 34721U 93036YP  10037.66972767  .00000006  00000-0  20204-4 0  9997
2 34721 073.9257 127.6283 0249284 132.5800 229.6611 13.81844882 48825
0 COSMOS 2251 DEB
1 34721U 93036YP  10038.24889177 +.00000021 +00000-0 +31617-4 0  9991
2 34721 073.9246 126.6483 0248903 131.4576 230.8281 13.81845212048903
0 COSMOS 2251 DEB
1 34721U 93036YP  10041.21709815  .00000059  00000-0  59660-4 0  9991
2 34721 073.9242 121.6285 0248735 125.8663 236.5990 13.81846282 49315
0 COSMOS 2251 DEB
1 34721U 93036YP  10043.60613490 +.00000041 +00000-0 +46327-4 0  9996
2 34721 073.9242 117.5880 0248214 121.2782 241.2822 13.81846208049645
0 COSMOS 2251 DEB
1 34721U 93036YP  10044.18529742 +.00000061 +00000-0 +61317-4 0  9994
2 34721 073.9237 116.6088 0247529 120.1033 242.4993 13.81846761049729
0 COSMOS 2251 DEB
1 34721U 93036YP  10045.63319549 +.00000062 +00000-0 +61939-4 0  9998
2 34721 073.9235 114.1601 0247496 117.3640 245.2908 13.81847018049921
0 COSMOS 2251 DEB
1 34721U 93036YP  10047.58785642 +.00000119 +00000-0 +10363-3 0  9992
2 34721 073.9245 110.8541 0247502 113.6988 249.0391 13.81848583050197
0 COSMOS 2251 DEB
1 34721U 93036YP  10048.16701333 +.00000143 +00000-0 +12209-3 0  9990
2 34721 073.9239 109.8747 0247235 112.5240 250.2305 13.81849192050273
0 COSMOS 2251 DEB
1 34721U 93036YP  10052.22111194  .00000217  00000-0  17619-3 0  9994
2 34721 073.9239 103.0181 0247337 104.9777 257.9149 13.81852128 50839
0 COSMOS 2251 DEB
1 34721U 93036YP  10052.58307836 +.00000221 +00000-0 +17904-3 0  9995
2 34721 073.9244 102.4065 0247343 104.2915 258.5825 13.81852414050884
0 COSMOS 2251 DEB
1 34721U 93036YP  10054.10335934  .00000260  00000-0  20842-3 0  9993
2 34721 073.9230 099.8334 0247263 101.4064 261.5153 13.81854109 51097
0 COSMOS 2251 DEB
1 34721U 93036YP  10054.53772047 +.00000308 +00000-0 +24380-3 0  9994
2 34721 073.9240 099.0998 0247392 100.7582 262.1561 13.81855018051153
0 COSMOS 2251 DEB
1 34721U 93036YP  10057.50587573  .00000299  00000-0  23689-3 0  9992
2 34721 073.9232 094.0787 0247322 095.1061 267.8307 13.81856762 51569
0 COSMOS 2251 DEB
1 34721U 93036YP  10058.51938981  .00000331  00000-0  26107-3 0  9992
2 34721 073.9232 092.3646 0247035 093.1154 269.8293 13.81858040 51709
0 COSMOS 2251 DEB
1 34721U 93036YP  10061.48753170  .00000339  00000-0  26684-3 0  9995
2 34721 073.9232 087.3441 0247027 087.5316 275.4086 13.81860298 52111
0 COSMOS 2251 DEB
1 34721U 93036YP  10062.50104086  .00000342  00000-0  26920-3 0  9992
2 34721 073.9234 085.6302 0247005 085.6090 277.3221 13.81861113 52258
0 COSMOS 2251 DEB
1 34721U 93036YP  10064.02130284 +.00000366 +00000-0 +28673-3 0  9993
2 34721 073.9232 083.0573 0246636 082.5751 280.3484 13.81862874052460
0 COSMOS 2251 DEB
1 34721U 93036YP  10065.03480572  .00000386  00000-0  30162-3 0  9991
2 34721 073.9233 081.3431 0246588 080.6778 282.2199 13.81864061 52609
0 COSMOS 2251 DEB
1 34721U 93036YP  10065.46916374 +.00000388 +00000-0 +30305-3 0  9993
2 34721 073.9232 080.6084 0246609 079.8706 283.0143 13.81864460052666
0 COSMOS 2251 DEB
1 34721U 93036YP  10066.98941929 +.00000388 +00000-0 +30305-3 0  9995
2 34721 073.9232 078.0371 0246607 077.0034 285.8498 13.81865704052876
0 COSMOS 2251 DEB
1 34721U 93036YP  10068.00292156  .00000406  00000-0  31663-3 0  9990
2 34721 073.9223 076.3220 0246530 075.0613 287.7756 13.81866959 53014
0 COSMOS 2251 DEB
1 34721U 93036YP  10068.43727728 +.00000457 +00000-0 +35445-3 0  9993
2 34721 073.9233 075.5881 0246513 074.3294 288.4933 13.81868062053075
0 COSMOS 2251 DEB
1 34721U 93036YP  10070.97102289  .00000477  00000-0  36890-3 0  9991
2 34721 073.9232 071.3023 0246532 069.5202 293.2270 13.81870930 53426
0 COSMOS 2251 DEB
1 34721U 93036YP  10071.40537707 +.00000473 +00000-0 +36603-3 0  9995
2 34721 073.9228 070.5670 0246516 068.6767 294.0465 13.81871264053480
0 COSMOS 2251 DEB
1 34721U 93036YP  10072.41887288  .00000479  00000-0  37065-3 0  9998
2 34721 073.9219 068.8519 0246497 066.7533 295.9351 13.81872346 53622
0 COSMOS 2251 DEB
1 34721U 93036YP  10074.37346735  .00000486  00000-0  37608-3 0  9993
2 34721 073.9206 065.5446 0246459 063.1036 299.5069 13.81874410 53897
0 COSMOS 2251 DEB
1 34721U 93036YP  10074.95260503 +.00000498 +00000-0 +38506-3 0  9996
2 34721 073.9209 064.5648 0246454 061.9669 300.6179 13.81875246053979
0 COSMOS 2251 DEB
1 34721U 93036YP  10075.96609500  .00000500  00000-0  38663-3 0  9990
2 34721 073.9209 062.8504 0246448 060.0516 302.4839 13.81876352 54114
0 COSMOS 2251 DEB
1 34721U 93036YP  10077.34154428  .00000500  00000-0  38618-3 0  9998
2 34721 073.9208 060.5233 0246451 057.4474 305.0192 13.81877772 54303
0 COSMOS 2251 DEB
1 34721U 93036YP  10077.92068024 +.00000504 +00000-0 +38962-3 0  9994
2 34721 073.9210 059.5437 0246476 056.3329 306.1052 13.81878485054381
0 COSMOS 2251 DEB
1 34721U 93036YP  10078.35503155  .00000514  00000-0  39663-3 0  9991
2 34721 073.9216 058.8097 0246373 055.5617 306.8545 13.81879125 54441
0 COSMOS 2251 DEB
1 34721U 93036YP  10078.93416616 +.00000517 +00000-0 +39927-3 0  9996
2 34721 073.9215 057.8298 0246385 054.4517 307.9311 13.81879799054521
0 COSMOS 2251 DEB
1 34721U 93036YP  10079.36851707  .00000517  00000-0  39941-3 0  9994
2 34721 073.9218 057.0955 0246401 053.6346 308.7240 13.81880287 54586
0 COSMOS 2251 DEB
1 34721U 93036YP  10081.32309368  .00000521  00000-0  40193-3 0  9990
2 34721 073.9218 053.7894 0246380 049.9651 312.2818 13.81882480 54852
0 COSMOS 2251 DEB
1 34721U 93036YP  10081.90222628 +.00000527 +00000-0 +40623-3 0  9991
2 34721 073.9219 052.8096 0246448 048.8465 313.3644 13.81883209054931
0 COSMOS 2251 DEB
1 34721U 93036YP  10084.29114469  .00000527  00000-0  40660-3 0  9990
2 34721 073.9218 048.7685 0246455 044.3396 317.7179 13.81885849 55260
0 COSMOS 2251 DEB
1 34721U 93036YP  10085.30462312  .00000534  00000-0  41210-3 0  9996
2 34721 073.9221 047.0545 0246420 042.4370 319.5543 13.81887132 55402
0 COSMOS 2251 DEB
1 34721U 93036YP  10085.88375257 +.00000537 +00000-0 +41396-3 0  9998
2 34721 073.9221 046.0745 0246481 041.3261 320.6227 13.81887819055489
0 COSMOS 2251 DEB
1 34721U 93036YP  10087.25918451  .00000537  00000-0  41416-3 0  9993
2 34721 073.9220 043.7478 0246503 038.7230 323.1278 13.81889362 55676
0 COSMOS 2251 DEB
1 34721U 93036YP  10088.27265928  .00000546  00000-0  42090-3 0  9999
2 34721 073.9221 042.0337 0246415 036.8375 324.9427 13.81890695 55816
0 COSMOS 2251 DEB
1 34721U 93036YP  10088.85178647 +.00000555 +00000-0 +42736-3 0  9991
2 34721 073.9222 041.0538 0246470 035.7211 326.0153 13.81891543055897
0 COSMOS 2251 DEB
1 34721U 93036YP  10089.28613140  .00000558  00000-0  42942-3 0  9993
2 34721 073.9223 040.3193 0246437 034.9180 326.7840 13.81892115 55959
0 COSMOS 2251 DEB
1 34721U 93036YP  10091.24068341  .00000557  00000-0  42931-3 0  9996
2 34721 073.9225 037.0132 0246469 031.2225 330.3279 13.81894407 56226
0 COSMOS 2251 DEB
1 34721U 93036YP  10092.83327815  .00000569  00000-0  43804-3 0  9999
2 34721 073.9227 034.3193 0246577 028.2007 333.2233 13.81896471 56448
0 COSMOS 2251 DEB
1 34721U 93036YP  10094.20869814  .00000569  00000-0  43776-3 0  9990
2 34721 073.9228 031.9930 0246633 025.5887 335.7201 13.81898097 56639
0 COSMOS 2251 DEB
1 34721U 93036YP  10094.78782188 +.00000573 +00000-0 +44122-3 0  9992
2 34721 073.9229 031.0136 0246708 024.4845 336.7774 13.81898889056718
0 COSMOS 2251 DEB
1 34721U 93036YP  10095.22216413  .00000578  00000-0  44453-3 0  9997
2 34721 073.9229 030.2790 0246645 023.6860 337.5403 13.81899509 56777
0 COSMOS 2251 DEB
1 34721U 93036YP  10095.80128680 +.00000576 +00000-0 +44336-3 0  9997
2 34721 073.9230 029.2995 0246632 022.5977 338.5775 13.81900169056854
0 COSMOS 2251 DEB
1 34721U 93036YP  10100.21708816  .00000658  00000-0  50333-3 0  9999
2 34721 073.9231 021.8296 0246936 014.2845 346.5454 13.81907475 57464
0 COSMOS 2251 DEB
1 34721U 93036YP  10101.73726779  .00000649  00000-0  49654-3 0  9999
2 34721 073.9232 019.2582 0247306 011.3968 349.2511 13.81909219 57675
0 COSMOS 2251 DEB
1 34721U 93036YP  10102.75072708  .00000632  00000-0  48457-3 0  9990
2 34721 073.9231 017.5435 0247253 009.4983 351.0628 13.81910154 57814
0 COSMOS 2251 DEB
1 34721U 93036YP  10102.82311803 +.00000629 +00000-0 +48208-3 0  9990
2 34721 073.9242 017.4223 0247145 009.3702 351.1888 13.81910196057824
0 COSMOS 2251 DEB
1 34721U 93036YP  10106.73215708  .00000609  00000-0  46691-3 0  9993
2 34721 073.9237 010.8090 0247768 001.9550 358.2353 13.81914739 58369
0 COSMOS 2251 DEB
1 34721U 93036YP  10107.16649650 +.00000616 +00000-0 +47266-3 0  9995
2 34721 073.9236 010.0742 0247540 001.2063 358.9653 13.81915520058420
0 COSMOS 2251 DEB
1 34721U 93036YP  10108.68667287  .00000612  00000-0  46939-3 0  9991
2 34721 073.9235 007.5020 0247815 358.3518 001.6688 13.81917254 58634
0 COSMOS 2251 DEB
1 34721U 93036YP  10114.69497544  .00000510  00000-0  39470-3 0  9995
2 34721 073.9248 357.3418 0247041 347.1875 012.2494 13.81922350 59466
0 COSMOS 2251 DEB
1 34721U 93036YP  10116.07037926  .00000421  00000-0  32942-3 0  9991
2 34721 073.9280 355.0200 0247017 344.7424 014.5913 13.81921904 59658
0 COSMOS 2251 DEB
1 34721U 93036YP  10116.64950111 +.00000425 +00000-0 +33193-3 0  9997
2 34721 073.9276 354.0394 0247079 343.6369 015.6896 13.81922492059734
0 COSMOS 2251 DEB
1 34721U 93036YP  10120.05178792  .00000402  00000-0  31512-3 0  9992
2 34721 073.9271 348.2843 0247452 337.1709 021.8465 13.81924992 60206
0 COSMOS 2251 DEB
1 34721U 93036YP  10121.06523645  .00000372  00000-0  29266-3 0  9994
2 34721 073.9269 346.5705 0247232 335.1945 023.7402 13.81925251 60343
0 COSMOS 2251 DEB
1 34721U 93036YP  10122.58540744  .00000338  00000-0  26846-3 0  9994
2 34721 073.9274 344.0000 0246887 332.3698 026.4323 13.81925654 60551
0 COSMOS 2251 DEB
1 34721U 93036YP  10127.00114190  .00000298  00000-0  23852-3 0  9997
2 34721 073.9269 336.5302 0247288 324.0561 034.3987 13.81927907 61164
0 COSMOS 2251 DEB
1 34721U 93036YP  10128.59370399  .00000286  00000-0  22993-3 0  9999
2 34721 073.9266 333.8367 0246843 321.0402 037.3074 13.81928593 61385
0 COSMOS 2251 DEB
1 34721U 93036YP  10128.95565091 +.00000277 +00000-0 +22318-3 0  9995
2 34721 073.9270 333.2245 0246785 320.3458 037.9821 13.81928669061433
0 COSMOS 2251 DEB
1 34721U 93036YP  10130.98254500  .00000292  00000-0  23460-3 0  9997
2 34721 073.9260 329.7954 0246607 316.5065 041.6878 13.81930156 61712
0 COSMOS 2251 DEB
1 34721U 93036YP  10133.95049474  .00000289  00000-0  23212-3 0  9990
2 34721 073.9255 324.7748 0246605 310.9087 047.0895 13.81931942 62121
0 COSMOS 2251 DEB
1 34721U 93036YP  10139.88639655  .00000274  00000-0  22139-3 0  9995
2 34721 073.9235 314.7328 0246336 299.7013 057.9662 13.81935148 62940
0 COSMOS 2251 DEB
1 34721U 93036YP  10140.46551181 +.00000271 +00000-0 +21923-3 0  9995
2 34721 073.9231 313.7508 0246548 298.6213 059.0351 13.81935487063024
0 COSMOS 2251 DEB
1 34721U 93036YP  10145.46035874  .00000342  00000-0  27201-3 0  9990
2 34721 073.9252 305.3037 0246116 289.1697 068.3216 13.81940287 63716
0 COSMOS 2251 DEB
1 34721U 93036YP  10146.83574470  .00000356  00000-0  28262-3 0  9995
2 34721 073.9243 302.9760 0245925 286.5607 070.8686 13.81941613 63905
0 COSMOS 2251 DEB
1 34721U 93036YP  10153.35075593  .00000580  00000-0  44754-3 0  9995
2 34721 073.9249 291.9533 0246905 274.1962 083.2300 13.81952381 64807
0 COSMOS 2251 DEB
1 34721U 93036YP  10154.36417159  .00000723  00000-0  55338-3 0  9994
2 34721 073.9230 290.2344 0246301 272.1417 085.1703 13.81955842 64940
0 COSMOS 2251 DEB
1 34721U 93036YP  10157.33209847  .00000717  00000-0  54879-3 0  9999
2 34721 073.9220 285.2116 0246306 266.5176 090.7756 13.81960159 65357
0 COSMOS 2251 DEB
1 34721U 93036YP  10161.31346239  .00001060  00000-0  79991-3 0  9993
2 34721 073.9241 278.4778 0247839 258.7051 098.7058 13.81972134 65905
0 COSMOS 2251 DEB
1 34721U 93036YP  10162.32687623  .00000934  00000-0  70955-3 0  9990
2 34721 073.9208 276.7583 0245732 256.9097 100.4477 13.81973078 66043
0 COSMOS 2251 DEB
1 34721U 93036YP  10164.71568006  .00000955  00000-0  72399-3 0  9995
2 34721 073.9224 272.7197 0246861 252.7661 104.6224 13.81977826 66370
0 COSMOS 2251 DEB
1 34721U 93036YP  10167.68358221  .00000963  00000-0  72861-3 0  9993
2 34721 073.9268 267.7024 0247657 247.0067 110.4885 13.81984143 66785
0 COSMOS 2251 DEB
1 34721U 93036YP  10168.26268129 +.00000993 +00000-0 +75025-3 0  9993
2 34721 073.9272 266.7214 0247924 245.8929 111.6184 13.81985924066862
0 COSMOS 2251 DEB
1 34721U 93036YP  10171.66489350  .00000999  00000-0  75465-3 0  9996
2 34721 073.9272 260.9672 0247936 239.4556 118.1916 13.81993015 67332
0 COSMOS 2251 DEB
1 34721U 93036YP  10176.22529039  .00001027  00000-0  77428-3 0  9996
2 34721 073.9305 253.2553 0248063 230.8617 127.0396 13.82003211 67968
0 COSMOS 2251 DEB
1 34721U 93036YP  10177.60063902  .00001019  00000-0  76886-3 0  9999
2 34721 073.9291 250.9280 0247986 228.3976 129.5574 13.82005836 68158
0 COSMOS 2251 DEB
1 34721U 93036YP  10178.61405758  .00001003  00000-0  75664-3 0  9996
2 34721 073.9278 249.2114 0248083 226.5205 131.5026 13.82007606 68291
0 COSMOS 2251 DEB
1 34721U 93036YP  10181.21998347  .00000989  00000-0  74608-3 0  9996
2 34721 073.9279 244.8040 0248308 221.5191 136.6790 13.82012658 68657
0 COSMOS 2251 DEB
1 34721U 93036YP  10182.59533144  .00000986  00000-0  74339-3 0  9996
2 34721 073.9277 242.4767 0248445 218.8968 139.4058 13.82015369 68849
0 COSMOS 2251 DEB
1 34721U 93036YP  10184.11544943  .00001000  00000-0  75346-3 0  9992
2 34721 073.9274 239.9049 0248505 216.0471 142.3753 13.82018778 69052
0 COSMOS 2251 DEB
1 34721U 93036YP  10184.54976681 +.00000993 +00000-0 +74821-3 0  9994
2 34721 073.9273 239.1703 0248617 215.2447 143.1987 13.82019432069111
0 COSMOS 2251 DEB
1 34721U 93036YP  10185.12885911  .00000976  00000-0  73512-3 0  9991
2 34721 073.9277 238.1900 0248780 214.1582 144.3352 13.82020443 69193
0 COSMOS 2251 DEB
1 34721U 93036YP  10187.51760800  .00000929  00000-0  70040-3 0  9996
2 34721 073.9277 234.1497 0249082 209.5915 149.0712 13.82024045 69525
0 COSMOS 2251 DEB
1 34721U 93036YP  10188.53102009  .00000913  00000-0  68766-3 0  9995
2 34721 073.9272 232.4342 0249371 207.6339 151.1294 13.82025586 69665
0 COSMOS 2251 DEB
1 34721U 93036YP  10191.49885313  .00000883  00000-0  66678-3 0  9996
2 34721 073.9278 227.4144 0248806 202.2026 156.8122 13.82030565 70073
0 COSMOS 2251 DEB
1 34721U 93036YP  10196.49347838  .00000637  00000-0  48395-3 0  9999
2 34721 073.9241 218.9603 0250600 192.5469 166.8026 13.82033060 70768
0 COSMOS 2251 DEB
1 34721U 93036YP  10199.46132726  .00000525  00000-0  40130-3 0  9992
2 34721 073.9238 213.9387 0251228 186.9668 172.7670 13.82034689 71178
0 COSMOS 2251 DEB
1 34721U 93036YP  10201.41575179 +.00000489 +00000-0 +37500-3 0  9990
2 34721 073.9219 210.6306 0251205 183.2758 176.6628 13.82036022071446
0 COSMOS 2251 DEB
1 34721U 93036YP  10205.39697138  .00000360  00000-0  28104-3 0  9999
2 34721 073.9214 203.8945 0249970 175.7066 184.5675 13.82037116 71993
0 COSMOS 2251 DEB
1 34721U 93036YP  10208.36479912  .00000331  00000-0  25945-3 0  9995
2 34721 073.9234 198.8742 0250405 170.3065 190.3087 13.82038763 72406
0 COSMOS 2251 DEB
1 34721U 93036YP  10208.94388348 +.00000300 +00000-0 +23611-3 0  9995
2 34721 073.9254 197.8919 0251745 169.4105 191.2704 13.82038881072480
0 COSMOS 2251 DEB
1 34721U 93036YP  10209.37819292  .00000317  00000-0  24884-3 0  9991
2 34721 073.9232 197.1555 0251355 168.5661 192.1333 13.82039428 72542
0 COSMOS 2251 DEB
1 34721U 93036YP  10211.33260475  .00000300  00000-0  23574-3 0  9990
2 34721 073.9228 193.8483 0251615 164.8672 196.0117 13.82040381 72813
0 COSMOS 2251 DEB
1 34721U 93036YP  10212.34600379  .00000254  00000-0  20217-3 0  9992
2 34721 073.9232 192.1347 0251359 162.9356 198.0289 13.82040235 72957
0 COSMOS 2251 DEB
1 34721U 93036YP  10214.30041633  .00000226  00000-0  18193-3 0  9991
2 34721 073.9237 188.8279 0251461 159.2455 201.9027 13.82040758 73226
0 COSMOS 2251 DEB
1 34721U 93036YP  10216.32721177  .00000235  00000-0  18807-3 0  9995
2 34721 073.9229 185.3980 0251436 155.4235 205.9164 13.82041953 73509
0 COSMOS 2251 DEB
1 34721U 93036YP  10218.28161646  .00000225  00000-0  18083-3 0  9996
2 34721 073.9249 182.0923 0251300 151.8062 209.7001 13.82042941 73779
0 COSMOS 2251 DEB
1 34721U 93036YP  10219.94647720  .00000232  00000-0  18566-3 0  9996
2 34721 073.9293 179.2744 0251222 148.6822 212.9595 13.82044057 74009
0 COSMOS 2251 DEB
1 34721U 93036YP  10221.24941029  .00000248  00000-0  19745-3 0  9998
2 34721 073.9293 177.0709 0251334 146.1833 215.5657 13.82045124 74188
0 COSMOS 2251 DEB
1 34721U 93036YP  10222.26280132  .00000273  00000-0  21592-3 0  9993
2 34721 073.9303 175.3566 0251286 144.2607 217.5692 13.82046174 74329
0 COSMOS 2251 DEB
1 34721U 93036YP  10223.27619095  .00000281  00000-0  22139-3 0  9996
2 34721 073.9299 173.6415 0251360 142.3349 219.5674 13.82046878 74460
0 COSMOS 2251 DEB
1 34721U 93036YP  10224.21719589 +.00000284 +00000-0 +22394-3 0  9996
2 34721 073.9297 172.0500 0251324 140.5473 221.4261 13.82047522074599
0 COSMOS 2251 DEB
1 34721U 93036YP  10225.23058474  .00000278  00000-0  21951-3 0  9999
2 34721 073.9297 170.3356 0251438 138.6193 223.4235 13.82047980 74739
0 COSMOS 2251 DEB
1 34721U 93036YP  10226.24397389  .00000306  00000-0  23955-3 0  9990
2 34721 073.9289 168.6208 0251369 136.6892 225.4342 13.82049057 74876
0 COSMOS 2251 DEB
1 34721U 93036YP  10227.25735983  .00000308  00000-0  24083-3 0  9993
2 34721 073.9284 166.9061 0251432 134.7843 227.4046 13.82049743 75017
0 COSMOS 2251 DEB
1 34721U 93036YP  10228.92220711  .00000324  00000-0  25264-3 0  9996
2 34721 073.9282 164.0899 0251370 131.5671 230.7279 13.82051143 75245
0 COSMOS 2251 DEB
1 34721U 93036YP  10228.92220711 +.00000324 +00000-0 +25264-3 0  9996
2 34721 073.9282 164.0899 0251370 131.5671 230.7279 13.82051143075245
0 COSMOS 2251 DEB
1 34721U 93036YP  10229.86320708 +.00000321 +00000-0 +25099-3 0  9990
2 34721 073.9291 162.4987 0251115 129.6579 232.6918 13.82051819075372
0 COSMOS 2251 DEB
1 34721U 93036YP  10231.23851384  .00000330  00000-0  25686-3 0  9995
2 34721 073.9288 160.1720 0251304 127.1217 235.3223 13.82052945 75561
0 COSMOS 2251 DEB
1 34721U 93036YP  10232.17950963 +.00000340 +00000-0 +26482-3 0  9998
2 34721 073.9284 158.5799 0251195 125.2651 237.2258 13.82053863075696
0 COSMOS 2251 DEB
1 34721U 93036YP  10233.84434793  .00000359  00000-0  27850-3 0  9991
2 34721 073.9294 155.7632 0251150 122.1137 240.4691 13.82055482 75920
0 COSMOS 2251 DEB
1 34721U 93036YP  10235.14726122  .00000370  00000-0  28673-3 0  9993
2 34721 073.9283 153.5588 0251082 119.5902 243.0485 13.82056644 76100
0 COSMOS 2251 DEB
1 34721U 93036YP  10236.16063787  .00000371  00000-0  28723-3 0  9994
2 34721 073.9286 151.8451 0251097 117.6763 245.0084 13.82057465 76247
0 COSMOS 2251 DEB
1 34721U 93036YP  10237.17401315  .00000394  00000-0  30392-3 0  9999
2 34721 073.9280 150.1294 0251284 115.8109 246.9241 13.82058669 76387
0 COSMOS 2251 DEB
1 34721U 93036YP  10238.18738544  .00000405  00000-0  31202-3 0  9992
2 34721 073.9279 148.4151 0251190 113.8298 248.9381 13.82059756 76521
0 COSMOS 2251 DEB
1 34721U 93036YP  10239.12837389 +.00000411 +00000-0 +31629-3 0  9994
2 34721 073.9278 146.8233 0251157 112.0401 250.7605 13.82060650076652
0 COSMOS 2251 DEB
1 34721U 93036YP  10240.14174494  .00000418  00000-0  32165-3 0  9992
2 34721 073.9272 145.1082 0251190 110.1236 252.7119 13.82061652 76792
0 COSMOS 2251 DEB
1 34721U 93036YP  10241.15511433  .00000428  00000-0  32870-3 0  9996
2 34721 073.9272 143.3931 0251280 108.2707 254.5985 13.82062736 76937
0 COSMOS 2251 DEB
1 34721U 93036YP  10243.10946524  .00000431  00000-0  33055-3 0  9996
2 34721 073.9273 140.0871 0251242 104.6208 258.2956 13.82064568 77204
0 COSMOS 2251 DEB
1 34721U 93036YP  10244.12283015  .00000443  00000-0  33986-3 0  9994
2 34721 073.9266 138.3716 0251215 102.6971 260.2413 13.82065770 77341
0 COSMOS 2251 DEB
1 34721U 93036YP  10244.70189449 +.00000442 +00000-0 +33848-3 0  9990
2 34721 073.9269 137.3914 0251328 101.5461 261.3936 13.82066254077429
0 COSMOS 2251 DEB
1 34721U 93036YP  10245.78764215  .00000444  00000-0  34052-3 0  9999
2 34721 073.9269 135.5546 0251310 099.5286 263.4345 13.82067281 77576
0 COSMOS 2251 DEB
1 34721U 93036YP  10246.14955703 +.00000445 +00000-0 +34086-3 0  9992
2 34721 073.9269 134.9424 0251314 098.8460 264.1208 13.82067630077624
0 COSMOS 2251 DEB
1 34721U 93036YP  10247.74198166  .00000463  00000-0  35380-3 0  9999
2 34721 073.9282 132.2479 0251367 095.7963 267.1900 13.82069510 77847
0 COSMOS 2251 DEB
1 34721U 93036YP  10250.05822860  .00000487  00000-0  37147-3 0  9991
2 34721 073.9286 128.3289 0251505 091.3909 271.6087 13.82072279 78160
0 COSMOS 2251 DEB
1 34721U 93036YP  10251.07158322  .00000499  00000-0  38044-3 0  9999
2 34721 073.9269 126.6127 0251618 089.4912 273.5091 13.82073570 78307
0 COSMOS 2251 DEB
1 34721U 93036YP  10253.60496439  .00000516  00000-0  39262-3 0  9997
2 34721 073.9275 122.3273 0251614 084.6795 278.3031 13.82076600 78653
0 COSMOS 2251 DEB
1 34721U 93036YP  10254.61831351  .00000520  00000-0  39569-3 0  9990
2 34721 073.9270 120.6127 0251599 082.7359 280.2322 13.82077830 78790
0 COSMOS 2251 DEB
1 34721U 93036YP  10255.05260526 +.00000529 +00000-0 +40187-3 0  9996
2 34721 073.9259 119.8773 0251647 081.8728 281.0894 13.82078511078855
0 COSMOS 2251 DEB
1 34721U 93036YP  10257.00691678  .00000549  00000-0  41663-3 0  9991
2 34721 073.9251 116.5703 0251642 078.1420 284.7855 13.82081060 79128
0 COSMOS 2251 DEB
1 34721U 93036YP  10257.65835175 +.00000546 +00000-0 +41476-3 0  9993
2 34721 073.9261 115.4684 0251644 076.9697 285.9363 13.82081711079219
0 COSMOS 2251 DEB
1 34721U 93036YP  10258.02026092  .00000554  00000-0  42010-3 0  9999
2 34721 073.9248 114.8545 0251687 076.3322 286.5722 13.82082246 79264
0 COSMOS 2251 DEB
1 34721U 93036YP  10258.67169530 +.00000554 +00000-0 +42056-3 0  9995
2 34721 073.9253 113.7521 0251698 075.1090 287.7755 13.82083013079355
0 COSMOS 2251 DEB
1 34721U 93036YP  10259.03360349  .00000555  00000-0  42107-3 0  9995
2 34721 073.9252 113.1396 0251697 074.4321 288.4435 13.82083441 79400
0 COSMOS 2251 DEB
1 34721U 93036YP  10261.63933629  .00000582  00000-0  44117-3 0  9994
2 34721 073.9258 108.7305 0251649 069.5098 293.2943 13.82087077 79765
0 COSMOS 2251 DEB
1 34721U 93036YP  10262.00124068 +.00000589 +00000-0 +44604-3 0  9993
2 34721 073.9254 108.1176 0251655 068.8574 293.9274 13.82087654079810
0 COSMOS 2251 DEB
1 34721U 93036YP  10264.53457950  .00000594  00000-0  44946-3 0  9997
2 34721 073.9252 103.8308 0251625 064.0723 298.6123 13.82090866 80162
0 COSMOS 2251 DEB
1 34721U 93036YP  10264.96886477 +.00000594 +00000-0 +44962-3 0  9992
2 34721 073.9249 103.0949 0251677 063.2367 299.4269 13.82091414080220
0 COSMOS 2251 DEB
1 34721U 93036YP  10265.98219716  .00000615  00000-0  46475-3 0  9996
2 34721 073.9243 101.3796 0251974 061.2304 301.3898 13.82093089 80360
0 COSMOS 2251 DEB
1 34721U 93036YP  10268.51552046  .00000628  00000-0  47470-3 0  9994
2 34721 073.9235 097.0927 0251878 056.4601 306.0361 13.82096574 80715
0 COSMOS 2251 DEB
1 34721U 93036YP  10268.94980239 +.00000630 +00000-0 +47572-3 0  9996
2 34721 073.9235 096.3578 0251897 055.6345 306.8330 13.82097173080772
0 COSMOS 2251 DEB
1 34721U 93036YP  10271.48311467  .00000666  00000-0  50186-3 0  9994
2 34721 073.9240 092.0708 0251975 050.8481 311.4796 13.82101099 81122
0 COSMOS 2251 DEB
1 34721U 93036YP  10271.48311467 +.00000666 +00000-0 +50186-3 0  9994
2 34721 073.9240 092.0708 0251975 050.8481 311.4796 13.82101099081122
0 COSMOS 2251 DEB
1 34721U 93036YP  10272.49643546  .00000656  00000-0  49475-3 0  9990
2 34721 073.9240 090.3560 0252004 048.9296 313.3270 13.82102306 81260
0 COSMOS 2251 DEB
1 34721U 93036YP  10274.88497511  .00000642  00000-0  48412-3 0  9999
2 34721 073.9242 086.3139 0252174 044.3525 317.7439 13.82105263 81598
0 COSMOS 2251 DEB
1 34721U 93036YP  10275.89829364  .00000634  00000-0  47866-3 0  9999
2 34721 073.9240 084.5989 0252157 042.4329 319.5964 13.82106438 81735
0 COSMOS 2251 DEB
1 34721U 93036YP  10276.54971178 +.00000634 +00000-0 +47883-3 0  9992
2 34721 073.9241 083.4966 0252176 041.1979 320.7876 13.82107306081828
0 COSMOS 2251 DEB
1 34721U 93036YP  10277.49064738  .00000634  00000-0  47901-3 0  9993
2 34721 073.9242 081.9045 0252150 039.4331 322.4857 13.82108580 81951
0 COSMOS 2251 DEB
1 34721U 93036YP  10278.86585856  .00000626  00000-0  47278-3 0  9992
2 34721 073.9239 079.5766 0252143 036.7821 325.0268 13.82110148 82146
0 COSMOS 2251 DEB
1 34721U 93036YP  10279.44489510 +.00000622 +00000-0 +47021-3 0  9999
2 34721 073.9237 078.5960 0252186 035.6716 326.0961 13.82110836082221
0 COSMOS 2251 DEB
1 34721U 93036YP  10280.82010343  .00000619  00000-0  46813-3 0  9991
2 34721 073.9240 076.2695 0252188 033.0693 328.5901 13.82112553 82413
0 COSMOS 2251 DEB
1 34721U 93036YP  10281.47151733 +.00000611 +00000-0 +46202-3 0  9996
2 34721 073.9240 075.1668 0252129 031.8749 329.7314 13.82113177082508
0 COSMOS 2251 DEB
1 34721U 93036YP  10282.41244810  .00000594  00000-0  44993-3 0  9995
2 34721 073.9235 073.5733 0252106 030.0955 331.4356 13.82114063 82637
0 COSMOS 2251 DEB
1 34721U 93036YP  10284.80095907  .00000573  00000-0  43425-3 0  9997
2 34721 073.9251 069.5329 0252261 025.5270 335.7974 13.82116578 82964
0 COSMOS 2251 DEB
1 34721U 93036YP  10285.37999286 +.00000552 +00000-0 +41913-3 0  9990
2 34721 073.9244 068.5516 0252319 024.3527 336.9218 13.82116811083043
0 COSMOS 2251 DEB
1 34721U 93036YP  10286.39329952  .00000530  00000-0  40360-3 0  9991
2 34721 073.9239 066.8358 0252086 022.4783 338.7134 13.82117602 83187
0 COSMOS 2251 DEB
1 34721U 93036YP  10287.40660462  .00000533  00000-0  40559-3 0  9991
2 34721 073.9241 065.1212 0252132 020.5611 340.5448 13.82118792 83328
0 COSMOS 2251 DEB
1 34721U 93036YP  10288.41990812  .00000520  00000-0  39585-3 0  9991
2 34721 073.9240 063.4064 0252006 018.6596 342.3512 13.82119595 83462
0 COSMOS 2251 DEB
1 34721U 93036YP  10288.78180311 +.00000506 +00000-0 +38551-3 0  9992
2 34721 073.9253 062.7950 0252161 017.9178 343.0591 13.82119757083513
0 COSMOS 2251 DEB
1 34721U 93036YP  10289.43321227  .00000501  00000-0  38207-3 0  9991
2 34721 073.9244 061.6906 0251905 016.7428 344.1827 13.82120436 83602
0 COSMOS 2251 DEB
1 34721U 93036YP  10291.38743681  .00000502  00000-0  38355-3 0  9995
2 34721 073.9244 058.3836 0251917 013.0518 347.6971 13.82122534 83878
0 COSMOS 2251 DEB
1 34721U 93036YP  10292.40073694  .00000510  00000-0  38873-3 0  9993
2 34721 073.9248 056.6683 0251905 011.1463 349.5136 13.82123811 84018
0 COSMOS 2251 DEB
1 34721U 93036YP  10295.36825285  .00000527  00000-0  40137-3 0  9996
2 34721 073.9265 051.6483 0251753 005.5406 354.8464 13.82127384 84422
0 COSMOS 2251 DEB
1 34721U 93036YP  10296.30916986 +.00000538 +00000-0 +40993-3 0  9992
2 34721 073.9255 050.0542 0251682 003.7816 356.5176 13.82128637084551
0 COSMOS 2251 DEB
1 34721U 93036YP  10298.33575902  .00000545  00000-0  41532-3 0  9994
2 34721 073.9254 046.6244 0251637 359.9615 000.1482 13.82131091 84834
0 COSMOS 2251 DEB
1 34721U 93036YP  10299.34905192  .00000541  00000-0  41222-3 0  9996
2 34721 073.9246 044.9077 0251654 358.0509 001.9586 13.82132103 84975
0 COSMOS 2251 DEB
1 34721U 93036YP  10303.25746353  .00000590  00000-0  44763-3 0  9991
2 34721 073.9261 038.2951 0252205 350.3882 009.2684 13.82137723 85515
0 COSMOS 2251 DEB
1 34721U 93036YP  10305.28403634  .00000596  00000-0  45164-3 0  9990
2 34721 073.9252 034.8639 0252301 346.5498 012.9006 13.82140323 85796
0 COSMOS 2251 DEB
1 34721U 93036YP  10306.29732315  .00000590  00000-0  44751-3 0  9998
2 34721 073.9253 033.1487 0252229 344.6176 014.7356 13.82141440 85936
0 COSMOS 2251 DEB
1 34721U 93036YP  10306.65921174 +.00000595 +00000-0 +45110-3 0  9996
2 34721 073.9275 032.5404 0252291 343.8913 015.4290 13.82142039085986
0 COSMOS 2251 DEB
1 34721U 93036YP  10309.26480388  .00000591  00000-0  44871-3 0  9992
2 34721 073.9276 028.1311 0252269 338.9639 020.1222 13.82145152 86348
0 COSMOS 2251 DEB
1 34721U 93036YP  10313.24556168  .00000582  00000-0  44242-3 0  9997
2 34721 073.9292 021.3955 0252154 331.4072 027.3429 13.82150013 86897
0 COSMOS 2251 DEB
1 34721U 93036YP  10314.62072985  .00000576  00000-0  43759-3 0  9995
2 34721 073.9283 019.0670 0252345 328.7981 029.8335 13.82151499 87089
0 COSMOS 2251 DEB
1 34721U 93036YP  10316.21302965  .00000584  00000-0  44312-3 0  9991
2 34721 073.9281 016.3719 0252387 325.7712 032.7427 13.82153658 87305
0 COSMOS 2251 DEB
1 34721U 93036YP  10321.13467114  .00000783  00000-0  58779-3 0  9999
2 34721 073.9276 008.0405 0253069 316.5684 041.6564 13.82164299 87981
0 COSMOS 2251 DEB
1 34721U 93036YP  10324.17447533  .00000799  00000-0  60046-3 0  9996
2 34721 073.9276 002.8952 0252354 310.6521 047.2964 13.82169407 88401
0 COSMOS 2251 DEB
1 34721U 93036YP  10326.12864088 +.00000808 +00000-0 +60625-3 0  9995
2 34721 073.9291 359.5911 0252626 306.9804 050.8438 13.82172867088678
0 COSMOS 2251 DEB
1 34721U 93036YP  10328.08280446  .00000828  00000-0  62090-3 0  9992
2 34721 073.9291 356.2797 0252576 303.1189 054.6043 13.82176508 88943
0 COSMOS 2251 DEB
1 34721U 93036YP  10335.46517253  .00000762  00000-0  56903-3 0  9994
2 34721 073.9276 343.7849 0255851 289.1529 068.1794 13.82187585 89968
0 COSMOS 2251 DEB
1 34721U 93036YP  10336.98507480  .00000719  00000-0  53866-3 0  9990
2 34721 073.9277 341.2140 0255107 286.2751 071.0247 13.82188959 90172
0 COSMOS 2251 DEB
1 34721U 93036YP  10341.40001453  .00000578  00000-0  43626-3 0  9998
2 34721 073.9253 333.7370 0255634 278.1342 079.0394 13.82192472 90781
0 COSMOS 2251 DEB
1 34721U 93036YP  10342.41328872  .00000562  00000-0  42461-3 0  9996
2 34721 073.9255 332.0227 0255622 276.2457 080.9537 13.82193324 90922
0 COSMOS 2251 DEB
1 34721U 93036YP  10344.36744365  .00000491  00000-0  37347-3 0  9999
2 34721 073.9249 328.7141 0255728 272.6786 084.4923 13.82194241 91191
0 COSMOS 2251 DEB
1 34721U 93036YP  10347.33486706  .00000430  00000-0  32970-3 0  9991
2 34721 073.9239 323.6920 0255501 266.9287 090.2318 13.82195821 91604
0 COSMOS 2251 DEB
1 34721U 93036YP  10348.34813855  .00000390  00000-0  30073-3 0  9999
2 34721 073.9275 321.9766 0255784 265.2191 091.9643 13.82196256 91749
0 COSMOS 2251 DEB
1 34721U 93036YP  10353.34209710  .00000253  00000-0  20154-3 0  9991
2 34721 073.9271 313.5260 0255989 255.9195 101.2896 13.82197434 92439
0 COSMOS 2251 DEB
1 34721U 93036YP  10354.28299911 +.00000231 +00000-0 +18513-3 0  9999
2 34721 073.9257 311.9328 0255793 254.1205 103.1423 13.82197288092564
0 COSMOS 2251 DEB
1 34721U 93036YP  10355.29627231  .00000231  00000-0  18513-3 0  9991
2 34721 073.9257 310.2181 0255792 252.2079 105.0987 13.82197806 92708
0 COSMOS 2251 DEB
1 34721U 93036YP  10356.30954237  .00000178  00000-0  14722-3 0  9991
2 34721 073.9233 308.5013 0255922 250.0892 107.2331 13.82197092 92849
0 COSMOS 2251 DEB
1 34721U 93036YP  10357.90182922  .00000142  00000-0  12130-3 0  9994
2 34721 073.9255 305.8061 0255323 247.2944 110.0870 13.82197276 93066
0 COSMOS 2251 DEB
1 34721U 93036YP  10358.84272753 +.00000053 +00000-0 +57049-4 0  9990
2 34721 073.9243 304.2127 0254763 245.6019 111.8021 13.82195856093194
0 COSMOS 2251 DEB
1 34721U 93036YP  10359.27699380  .00000032  00000-0  41129-4 0  9996
2 34721 073.9234 303.4776 0254879 244.8428 112.6021 13.82195421 93252
0 COSMOS 2251 DEB
1 34721U 93036YP  10362.24444216 -.00000045  00000-0 -14272-4 0  9998
2 34721 073.9243 298.4549 0254807 239.3285 118.2277 13.82194226 93666
0 COSMOS 2251 DEB
1 34721U 93036YP  10365.21190226 -.00000126  00000-0 -72902-4 0  9991
2 34721 073.9242 293.4318 0254542 233.7394 123.9733 13.82192601 94070
0 COSMOS 2251 DEB
1 34721U 93036YP  11001.22518685 -.00000141  00000-0 -83923-4 0  9995
2 34721 073.9241 291.7164 0254485 231.7861 126.0020 13.82192020 94216
0 COSMOS 2251 DEB
1 34721U 93036YP  11004.19265567 -.00000168  00000-0 -10357-3 0  9991
2 34721 073.9279 286.6946 0254425 226.2216 131.7551 13.82190968 94621
0 COSMOS 2251 DEB
1 34721U 93036YP  11009.18670184 -.00000173  00000-0 -10777-3 0  9992
2 34721 073.9279 278.2448 0254279 216.8114 141.5278 13.82189403 95318
0 COSMOS 2251 DEB
1 34721U 93036YP  11009.69334582 -.00000162 +00000-0 -99922-4 0  9995
2 34721 073.9288 277.3877 0254132 215.8870 142.4988 13.82189523095388
0 COSMOS 2251 DEB
1 34721U 93036YP  11010.70663177 -.00000178  00000-0 -11138-3 0  9993
2 34721 073.9293 275.6732 0253737 214.0025 144.4489 13.82188866 95521
0 COSMOS 2251 DEB
1 34721U 93036YP  11013.16747642 -.00000128  00000-0 -75465-4 0  9995
2 34721 073.9243 271.5046 0253773 209.1888 149.5050 13.82189206 95867
0 COSMOS 2251 DEB
1 34721U 93036YP  11013.74649414 -.00000113 +00000-0 -64422-4 0  9992
2 34721 073.9250 270.5249 0253334 208.1758 150.5525 13.82189500095942
0 COSMOS 2251 DEB
1 34721U 93036YP  11015.12166948 -.00000080  00000-0 -40545-4 0  9995
2 34721 073.9248 268.1971 0252822 205.5251 153.3279 13.82190058 96133
0 COSMOS 2251 DEB
1 34721U 93036YP  11017.07586642 -.00000065  00000-0 -29614-4 0  9995
2 34721 073.9261 264.8914 0252802 201.8400 157.1839 13.82190206 96400
0 COSMOS 2251 DEB
1 34721U 93036YP  11021.05664248 -.00000025  00000-0 -88095-6 0  9993
2 34721 073.9244 258.1519 0252725 194.3351 165.0676 13.82190786 96953
0 COSMOS 2251 DEB
1 34721U 93036YP  11022.06992774 -.00000007  00000-0  12134-4 0  9991
2 34721 073.9247 256.4368 0252770 192.4317 167.0555 13.82191135 97093
0 COSMOS 2251 DEB
1 34721U 93036YP  11023.08321505 -.00000005  00000-0  13640-4 0  9993
2 34721 073.9251 254.7225 0252680 190.5325 169.0459 13.82191235 97231
0 COSMOS 2251 DEB
1 34721U 93036YP  11024.02412562 +.00000012 +00000-0 +25771-4 0  9997
2 34721 073.9262 253.1312 0252467 188.8098 170.8647 13.82191737097363
0 COSMOS 2251 DEB
1 34721U 93036YP  11025.03741201  .00000053  00000-0  55478-4 0  9996
2 34721 073.9266 251.4142 0252218 186.8477 172.9176 13.82192387 97500
0 COSMOS 2251 DEB
1 34721U 93036YP  11026.05069990  .00000052  00000-0  55127-4 0  9997
2 34721 073.9263 249.6994 0252260 184.9327 174.9312 13.82192526 97645
0 COSMOS 2251 DEB
1 34721U 93036YP  11026.99160991 +.00000089 +00000-0 +81948-4 0  9993
2 34721 073.9275 248.1078 0251913 183.0090 176.9386 13.82193056097772
0 COSMOS 2251 DEB
1 34721U 93036YP  11030.97238374 +.00000155 +00000-0 +12960-3 0  9998
2 34721 073.9295 241.3719 0250900 175.3970 184.9706 13.82195592098321
0 COSMOS 2251 DEB
1 34721U 93036YP  11031.62377837 +.00000162 +00000-0 +13462-3 0  9995
2 34721 073.9302 240.2697 0250947 174.2144 186.2062 13.82196035098418
0 COSMOS 2251 DEB
1 34721U 93036YP  11035.53215960  .00000183  00000-0  14979-3 0  9994
2 34721 073.9360 233.6603 0252484 167.1178 193.6947 13.82198126 98957
0 COSMOS 2251 DEB
1 34721U 93036YP  11038.57200025  .00000345  00000-0  26835-3 0  9991
2 34721 073.9336 228.5164 0250397 160.8652 200.2401 13.82203269 99375
0 COSMOS 2251 DEB
1 34721U 93036YP  11038.93387926 +.00000349 +00000-0 +27145-3 0  9996
2 34721 073.9255 227.8947 0250380 160.0751 201.0402 13.82203528099424
0 COSMOS 2251 DEB
1 34721U 93036YP  11041.90133316  .00000385  00000-0  29764-3 0  9998
2 34721 073.9252 222.8718 0250459 154.5148 206.8705 13.82206467 99836
0 COSMOS 2251 DEB
1 34721U 93036YP  11041.90133316 +.00000385 +00000-0 +29764-3 0  9998
2 34721 073.9252 222.8718 0250459 154.5148 206.8705 13.82206467099836
0 COSMOS 2251 DEB
1 34721U 93036YP  11046.46106056  .00000429  00000-0  32993-3 0  9992
2 34721 073.9272 215.1550 0250101 146.0139 215.7656 13.82211611100460
0 COSMOS 2251 DEB
1 34721U 93036YP  11048.84947289  .00000482  00000-0  36780-3 0  9994
2 34721 073.9258 211.1105 0250199 141.4516 220.4909 13.82214772100792
0 COSMOS 2251 DEB
1 34721U 93036YP  11051.81688944  .00000520  00000-0  39616-3 0  9999
2 34721 073.9252 206.0888 0250057 135.7937 226.3513 13.82218401101209
0 COSMOS 2251 DEB
1 34721U 93036YP  11052.83015027  .00000533  00000-0  40515-3 0  9992
2 34721 073.9253 204.3737 0250003 133.8725 228.3367 13.82219763101345
0 COSMOS 2251 DEB
1 34721U 93036YP  11052.83015027 +.00000533 +00000-0 +40515-3 0  9992
2 34721 073.9253 204.3737 0250003 133.8725 228.3367 13.82219763101345
0 COSMOS 2251 DEB
1 34721U 93036YP  11057.46218797  .00000520  00000-0  39609-3 0  9993
2 34721 073.9258 196.5349 0249963 125.1167 237.3601 13.82224606101981
0 COSMOS 2251 DEB
1 34721U 93036YP  11057.82406613 +.00000503 +00000-0 +38331-3 0  9991
2 34721 073.9263 195.9233 0249828 124.4020 238.0914 13.82224583102038
0 COSMOS 2251 DEB
1 34721U 93036YP  11058.76494718  .00000495  00000-0  37745-3 0  9996
2 34721 073.9266 194.3316 0249710 122.6093 239.9360 13.82225366102165
0 COSMOS 2251 DEB
1 34721U 93036YP  11060.79145372  .00000457  00000-0  34931-3 0  9993
2 34721 073.9257 190.9004 0250079 118.8456 243.7884 13.82226594102440
0 COSMOS 2251 DEB
1 34721U 93036YP  11063.39695760  .00000379  00000-0  29278-3 0  9994
2 34721 073.9271 186.4904 0250128 114.1143 248.6333 13.82227855102806
0 COSMOS 2251 DEB
1 34721U 93036YP  11066.29195261  .00000370  00000-0  28577-3 0  9999
2 34721 073.9271 181.5918 0250104 108.6391 254.2014 13.82229936103200
0 COSMOS 2251 DEB
1 34721U 93036YP  11069.33168769  .00000306  00000-0  23915-3 0  9990
2 34721 073.9294 176.4496 0249763 102.8481 260.0414 13.82230910103623
0 COSMOS 2251 DEB
1 34721U 93036YP  11069.69356561 +.00000289 +00000-0 +22743-3 0  9996
2 34721 073.9273 175.8336 0249313 102.0429 260.8667 13.82230680103678
0 COSMOS 2251 DEB
1 34721U 93036YP  11071.35818059  .00000293  00000-0  23026-3 0  9997
2 34721 073.9273 173.0167 0249291 098.8724 264.0717 13.82231817103906
0 COSMOS 2251 DEB
1 34721U 93036YP  11073.31228773  .00000364  00000-0  28209-3 0  9990
2 34721 073.9297 169.7092 0248733 095.1692 267.8103 13.82234466104178
0 COSMOS 2251 DEB
1 34721U 93036YP  11077.29285453  .00000369  00000-0  28570-3 0  9995
2 34721 073.9300 162.9751 0248751 087.6570 275.3027 13.82237662104722
0 COSMOS 2251 DEB
1 34721U 93036YP  11078.30608747  .00000379  00000-0  29323-3 0  9991
2 34721 073.9284 161.2580 0248661 085.7781 277.1766 13.82238598104862
0 COSMOS 2251 DEB
1 34721U 93036YP  11082.57612714  .00000321  00000-0  25141-3 0  9995
2 34721 073.9299 154.0353 0248204 077.5850 285.2633 13.82240605105456
0 COSMOS 2251 DEB
1 34721U 93036YP  11083.58936098  .00000289  00000-0  22787-3 0  9997
2 34721 073.9282 152.3164 0248206 075.8704 286.9914 13.82240818105591
0 COSMOS 2251 DEB
1 34721U 93036YP  11084.60258647  .00000311  00000-0  24398-3 0  9994
2 34721 073.9289 150.6033 0248217 073.9037 288.9281 13.82241937105732
0 COSMOS 2251 DEB
1 34721U 93036YP  11085.25394557 +.00000315 +00000-0 +24666-3 0  9999
2 34721 073.9290 149.5011 0248267 072.6479 290.1627 13.82242438105824
0 COSMOS 2251 DEB
1 34721U 93036YP  11086.55666336  .00000266  00000-0  21073-3 0  9994
2 34721 073.9295 147.2968 0248529 070.1533 292.6043 13.82242389106005
0 COSMOS 2251 DEB
1 34721U 93036YP  11087.56988865  .00000286  00000-0  22548-3 0  9990
2 34721 073.9282 145.5804 0248654 068.1217 294.6103 13.82243428106145
0 COSMOS 2251 DEB
1 34721U 93036YP  11091.18853804  .00000299  00000-0  23529-3 0  9991
2 34721 073.9307 139.4591 0247508 061.4818 301.1258 13.82246220106641
0 COSMOS 2251 DEB
1 34721U 93036YP  11091.55039659 +.00000299 +00000-0 +23529-3 0  9996
2 34721 073.9307 138.8470 0247508 060.7985 301.7650 13.82246452106691
0 COSMOS 2251 DEB
1 34721U 93036YP  11092.56361527  .00000299  00000-0  23529-3 0  9990
2 34721 073.9307 137.1329 0247507 058.8853 303.6297 13.82247102106834
0 COSMOS 2251 DEB
1 34721U 93036YP  11094.15581402  .00000368  00000-0  28587-3 0  9999
2 34721 073.9302 134.4375 0247871 055.7922 306.6602 13.82249550107054
0 COSMOS 2251 DEB
1 34721U 93036YP  11096.18223928  .00000376  00000-0  29220-3 0  9994
2 34721 073.9299 131.0093 0248025 051.9376 310.3854 13.82251323107335
0 COSMOS 2251 DEB
1 34721U 93036YP  11098.13629114  .00000712  00000-0  53880-3 0  9991
2 34721 073.9307 127.7036 0247598 048.2505 314.0501 13.82259306107600
0 COSMOS 2251 DEB
1 34721U 93036YP  11100.45216756  .00000714  00000-0  54018-3 0  9990
2 34721 073.9297 123.7840 0247649 043.8739 318.1767 13.82262735107928
0 COSMOS 2251 DEB
1 34721U 93036YP  11101.46536566  .00000764  00000-0  57686-3 0  9995
2 34721 073.9293 122.0685 0247723 041.9294 320.0516 13.82265398108069
0 COSMOS 2251 DEB
1 34721U 93036YP  11102.47856527  .00000770  00000-0  58108-3 0  9996
2 34721 073.9289 120.3533 0247639 040.0202 321.8912 13.82267111108202
0 COSMOS 2251 DEB
1 34721U 93036YP  11104.07073244  .00000811  00000-0  61117-3 0  9991
2 34721 073.9284 117.6573 0247931 036.9475 324.8557 13.82270540108423
0 COSMOS 2251 DEB
1 34721U 93036YP  11105.08392508  .00000883  00000-0  66450-3 0  9994
2 34721 073.9292 115.9435 0247346 035.0442 326.6929 13.82273693108564
0 COSMOS 2251 DEB
1 34721U 93036YP  11105.44577461 +.00000908 +00000-0 +68277-3 0  9994
2 34721 073.9268 115.3277 0247396 034.3643 327.3228 13.82274619108610
0 COSMOS 2251 DEB
1 34721U 93036YP  11106.02474088 +.00000904 +00000-0 +67988-3 0  9994
2 34721 073.9268 114.3477 0247317 033.2628 328.3779 13.82275673108696
0 COSMOS 2251 DEB
1 34721U 93036YP  11108.05111994  .00000953  00000-0  71533-3 0  9998
2 34721 073.9268 110.9183 0247499 029.3938 332.0930 13.82280294108970
0 COSMOS 2251 DEB
1 34721U 93036YP  11114.92627895  .00000976  00000-0  73278-3 0  9996
2 34721 073.9263 099.2823 0247507 016.3403 344.5642 13.82294282109924
0 COSMOS 2251 DEB
1 34721U 93036YP  11115.93945142  .00000976  00000-0  73281-3 0  9990
2 34721 073.9254 097.5650 0247485 014.4276 346.3768 13.82296281110062
0 COSMOS 2251 DEB
1 34721U 93036YP  11115.93945142 +.00000976 +00000-0 +73281-3 0  9990
2 34721 073.9254 097.5650 0247485 014.4276 346.3768 13.82296281110062
0 COSMOS 2251 DEB
1 34721U 93036YP  11118.97896536  .00001003  00000-0  75270-3 0  9991
2 34721 073.9254 092.4200 0247578 008.6981 351.8412 13.82302991110487
0 COSMOS 2251 DEB
1 34721U 93036YP  11121.94609313  .00001105  00000-0  82617-3 0  9993
2 34721 073.9236 087.3933 0247981 003.0261 357.2652 13.82311323110891
0 COSMOS 2251 DEB
1 34721U 93036YP  11122.95924728  .00001144  00000-0  85549-3 0  9995
2 34721 073.9238 085.6786 0247651 001.1712 359.0075 13.82314482111039
0 COSMOS 2251 DEB
1 34721U 93036YP  11123.32108722 +.00001159 +00000-0 +86698-3 0  9997
2 34721 073.9251 085.0693 0247211 000.6665 359.4805 13.82315755111082
0 COSMOS 2251 DEB
1 34721U 93036YP  11124.91319084  .00001201  00000-0  89753-3 0  9991
2 34721 073.9246 082.3720 0247483 357.5267 002.4808 13.82320575111309
0 COSMOS 2251 DEB
1 34721U 93036YP  11125.92633900  .00001266  00000-0  94569-3 0  9991
2 34721 073.9254 080.6566 0247374 355.5223 004.3816 13.82324540111447
0 COSMOS 2251 DEB
1 34721U 93036YP  11125.92633900 +.00001266 +00000-0 +94569-3 0  9991
2 34721 073.9254 080.6566 0247374 355.5223 004.3816 13.82324540111447
0 COSMOS 2251 DEB
1 34721U 93036YP  11126.93948811  .00001328  00000-0  99193-3 0  9990
2 34721 073.9266 078.9426 0246629 353.5650 006.2511 13.82328291111584
0 COSMOS 2251 DEB
1 34721U 93036YP  11127.30132345 +.00001328 +00000-0 +99193-3 0  9999
2 34721 073.9266 078.3302 0246628 352.8818 006.8823 13.82329269111632
0 COSMOS 2251 DEB
1 34721U 93036YP  11128.89341299  .00001524  00000-0  11340-2 0  9999
2 34721 073.9282 075.6373 0247507 350.0131 009.6268 13.82336495111850
0 COSMOS 2251 DEB
1 34721U 93036YP  11129.90655330  .00001509  00000-0  11233-2 0  9990
2 34721 073.9281 073.9223 0247497 348.1200 011.4099 13.82339319111993
0 COSMOS 2251 DEB
1 34721U 93036YP  11131.86046748  .00001499  00000-0  11155-2 0  9996
2 34721 073.9280 070.6153 0247435 344.4218 014.9357 13.82345096112263
0 COSMOS 2251 DEB
1 34721U 93036YP  11132.87360526  .00001480  00000-0  11018-2 0  9999
2 34721 073.9280 068.9001 0247344 342.5175 016.7466 13.82347741112401
0 COSMOS 2251 DEB
1 34721U 93036YP  11135.84064075  .00001403  00000-0  10476-2 0  9991
2 34721 073.9294 063.8796 0246505 336.7709 022.2242 13.82355035112811
0 COSMOS 2251 DEB
1 34721U 93036YP  11136.85378041  .00001326  00000-0  98935-3 0  9995
2 34721 073.9307 062.1631 0247477 334.9532 023.9647 13.82356375112959
0 COSMOS 2251 DEB
1 34721U 93036YP  11138.80767490  .00001296  00000-0  96775-3 0  9998
2 34721 073.9310 058.8575 0247097 331.1966 027.5616 13.82360957113228
0 COSMOS 2251 DEB
1 34721U 93036YP  11139.74843781  .00001186  00000-0  88407-3 0  9991
2 34721 073.9302 057.2627 0248848 329.6945 028.9449 13.82361200113359
0 COSMOS 2251 DEB
1 34721U 93036YP  11140.18264617 +.00001189 +00000-0 +88677-3 0  9998
2 34721 073.9304 056.5284 0248717 328.8658 029.7943 13.82362334113413
0 COSMOS 2251 DEB
1 34721U 93036YP  11142.13653193  .00001158  00000-0  86432-3 0  9999
2 34721 073.9318 053.2250 0248571 325.1889 033.3092 13.82366501113684
0 COSMOS 2251 DEB
1 34721U 93036YP  11143.14965829  .00001128  00000-0  84222-3 0  9995
2 34721 073.9321 051.5101 0248855 323.3082 035.1071 13.82368212113828
0 COSMOS 2251 DEB
1 34721U 93036YP  11145.75483359  .00000985  00000-0  74033-3 0  9996
2 34721 073.9312 047.1003 0246790 318.1088 040.0866 13.82370642114181
0 COSMOS 2251 DEB
1 34721U 93036YP  11146.76797259  .00000896  00000-0  67528-3 0  9997
2 34721 073.9298 045.3831 0246916 316.3601 041.8137 13.82370762114323
0 COSMOS 2251 DEB
1 34721U 93036YP  11148.36002496  .00000867  00000-0  65419-3 0  9992
2 34721 073.9298 042.6879 0246756 313.3138 044.7566 13.82373075114541
0 COSMOS 2251 DEB
1 34721U 93036YP  11149.73498095  .00000814  00000-0  61514-3 0  9992
2 34721 073.9300 040.3608 0246928 310.8352 047.1441 13.82374250114737
0 COSMOS 2251 DEB
1 34721U 93036YP  11150.74810821  .00000763  00000-0  57742-3 0  9991
2 34721 073.9306 038.6451 0247120 308.9948 048.9333 13.82374962114877
0 COSMOS 2251 DEB
1 34721U 93036YP  11152.70198729  .00000739  00000-0  55973-3 0  9992
2 34721 073.9303 035.3378 0247005 305.2754 052.5436 13.82377559115144
0 COSMOS 2251 DEB
1 34721U 93036YP  11153.71511254  .00000670  00000-0  50975-3 0  9997
2 34721 073.9305 033.6232 0247031 303.4129 054.3545 13.82377813115280
0 COSMOS 2251 DEB
1 34721U 93036YP  11154.07694247 +.00000678 +00000-0 +51525-3 0  9991
2 34721 073.9307 033.0115 0246963 302.7186 055.0371 13.82378494115331
0 COSMOS 2251 DEB
1 34721U 93036YP  11155.09006317  .00000678  00000-0  51569-3 0  9997
2 34721 073.9304 031.2966 0246940 300.7982 056.9049 13.82379926115477
0 COSMOS 2251 DEB
1 34721U 93036YP  11156.60974399  .00000659  00000-0  50161-3 0  9995
2 34721 073.9302 028.7242 0246805 297.9455 059.6787 13.82381601115680
0 COSMOS 2251 DEB
1 34721U 93036YP  11157.04394037 +.00000659 +00000-0 +50159-3 0  9996
2 34721 073.9293 027.9876 0246668 297.1031 060.5154 13.82382229115745
0 COSMOS 2251 DEB
1 34721U 93036YP  11160.30039564  .00000648  00000-0  49365-3 0  9995
2 34721 073.9308 022.4768 0246578 291.0088 066.4767 13.82386571116196
0 COSMOS 2251 DEB
1 34721U 93036YP  11160.66222484 +.00000631 +00000-0 +48121-3 0  9990
2 34721 073.9310 021.8635 0246525 290.3562 067.1150 13.82386690116248
0 COSMOS 2251 DEB
1 34721U 93036YP  11161.31351728  .00000630  00000-0  48079-3 0  9998
2 34721 073.9309 020.7614 0246522 289.1255 068.3327 13.82387534116330
0 COSMOS 2251 DEB
1 34721U 93036YP  11163.62921656  .00000625  00000-0  47700-3 0  9991
2 34721 073.9313 016.8420 0246466 284.7320 072.6560 13.82390384116656
0 COSMOS 2251 DEB
1 34721U 93036YP  11167.24749436  .00000546  00000-0  41899-3 0  9992
2 34721 073.9316 010.7185 0246473 277.9425 079.3432 13.82393241117151
0 COSMOS 2251 DEB
1 34721U 93036YP  11168.26061975  .00000526  00000-0  40436-3 0  9994
2 34721 073.9297 008.9998 0246570 276.0688 081.2274 13.82393792117291
0 COSMOS 2251 DEB
1 34721U 93036YP  11168.98427808 +.00000507 +00000-0 +39021-3 0  9991
2 34721 073.9286 007.7727 0246444 274.6415 082.6564 13.82394153117398
0 COSMOS 2251 DEB
1 34721U 93036YP  11170.57632209  .00000449  00000-0  34812-3 0  9990
2 34721 073.9292 005.0766 0246103 271.6338 085.6397 13.82394631117615
0 COSMOS 2251 DEB
1 34721U 93036YP  11171.51707994 +.00000409 +00000-0 +31931-3 0  9994
2 34721 073.9289 003.4833 0245794 269.8971 087.3827 13.82394673117742
0 COSMOS 2251 DEB
1 34721U 93036YP  11174.19461391 +.00000370 +00000-0 +29009-3 0  9999
2 34721 073.9289 358.9496 0245626 264.8008 092.4957 13.82396246118116
0 COSMOS 2251 DEB
1 34721U 93036YP  11177.52343969  .00000419  00000-0  32661-3 0  9991
2 34721 073.9310 353.3155 0245263 258.5498 098.8135 13.82400046118574
0 COSMOS 2251 DEB
1 34721U 93036YP  11177.88526523 +.00000419 +00000-0 +32661-3 0  9999
2 34721 073.9310 352.7033 0245262 257.8664 099.4888 13.82400367118622
0 COSMOS 2251 DEB
1 34721U 93036YP  11178.46419070 +.00000430 +00000-0 +33466-3 0  9999
2 34721 073.9299 351.7202 0245309 256.7380 100.6357 13.82401129118702
0 COSMOS 2251 DEB
1 34721U 93036YP  11181.50354702 +.00000477 +00000-0 +36921-3 0  9998
2 34721 073.9308 346.5762 0245263 250.9491 106.5034 13.82404785119129
0 COSMOS 2251 DEB
1 34721U 93036YP  11184.83236225  .00000535  00000-0  41136-3 0  9995
2 34721 073.9293 340.9409 0245394 244.6102 112.9663 13.82409325119586
0 COSMOS 2251 DEB
1 34721U 93036YP  11185.41128179 +.00000555 +00000-0 +42597-3 0  9992
2 34721 073.9287 339.9597 0245538 243.5194 114.0647 13.82410387119668
0 COSMOS 2251 DEB
1 34721U 93036YP  11189.39137930  .00000611  00000-0  46715-3 0  9997
2 34721 073.9280 333.2199 0245484 236.0523 121.7294 13.82416298120212
0 COSMOS 2251 DEB
1 34721U 93036YP  11191.41760277  .00000627  00000-0  47845-3 0  9991
2 34721 073.9283 329.7905 0245342 232.2777 125.5911 13.82419175120497
0 COSMOS 2251 DEB
1 34721U 93036YP  11193.80565432  .00000703  00000-0  53384-3 0  9992
2 34721 073.9301 325.7515 0245628 227.6021 130.4397 13.82424083120822
0 COSMOS 2251 DEB
1 34721U 93036YP  11199.30538574  .00000897  00000-0  67418-3 0  9997
2 34721 073.9310 316.4398 0246901 217.1113 141.3709 13.82436765121581
0 COSMOS 2251 DEB
1 34721U 93036YP  11200.31846993  .00000917  00000-0  68941-3 0  9993
2 34721 073.9303 314.7229 0246820 215.1738 143.2906 13.82438950121722
0 COSMOS 2251 DEB
1 34721U 93036YP  11202.34467397  .00000934  00000-0  70139-3 0  9996
2 34721 073.9313 311.2944 0246648 211.4194 147.2000 13.82443025122002
0 COSMOS 2251 DEB
1 34721U 93036YP  11203.28541017 +.00000952 +00000-0 +71450-3 0  9999
2 34721 073.9302 309.6993 0246663 209.6605 149.0430 13.82445224122132
0 COSMOS 2251 DEB
1 34721U 93036YP  11206.25233846  .00001001  00000-0  75000-3 0  9998
2 34721 073.9318 304.6768 0246686 204.0499 154.9098 13.82452059122543
0 COSMOS 2251 DEB
1 34721U 93036YP  11206.68651919 +.00000984 +00000-0 +73839-3 0  9997
2 34721 073.9290 303.9376 0246478 203.4095 155.5610 13.82452479122603
0 COSMOS 2251 DEB
1 34721U 93036YP  11207.26543155  .00000994  00000-0  74536-3 0  9990
2 34721 073.9287 302.9565 0246366 202.3555 156.6717 13.82453836122689
0 COSMOS 2251 DEB
1 34721U 93036YP  11207.69961417 +.00000991 +00000-0 +74331-3 0  9992
2 34721 073.9283 302.2210 0246414 201.5355 157.5262 13.82454652122747
0 COSMOS 2251 DEB
1 34721U 93036YP  11209.65343596  .00000993  00000-0  74367-3 0  9993
2 34721 073.9301 298.9153 0246899 197.8008 161.4336 13.82458566123019
0 COSMOS 2251 DEB
1 34721U 93036YP  11210.66652649  .00000992  00000-0  74318-3 0  9993
2 34721 073.9289 297.1985 0246921 195.9207 163.4034 13.82460580123155
0 COSMOS 2251 DEB
1 34721U 93036YP  11213.63342863  .00000969  00000-0  72541-3 0  9997
2 34721 073.9296 292.1779 0247211 190.2703 169.3185 13.82465955123569
0 COSMOS 2251 DEB
1 34721U 93036YP  11214.21233794 +.00000894 +00000-0 +67028-3 0  9995
2 34721 073.9313 291.1966 0247879 189.2433 170.4188 13.82466590123645
0 COSMOS 2251 DEB
1 34721U 93036YP  11217.61340515  .00000885  00000-0  66377-3 0  9998
2 34721 073.9288 285.4388 0247515 182.8624 177.1029 13.82472406124112
0 COSMOS 2251 DEB
1 34721U 93036YP  11220.58028526  .00000858  00000-0  64368-3 0  9991
2 34721 073.9285 280.4159 0247651 177.2573 182.9927 13.82477309124525
0 COSMOS 2251 DEB
1 34721U 93036YP  11221.15918831 +.00000897 +00000-0 +67193-3 0  9994
2 34721 073.9295 279.4351 0247594 176.2507 184.0677 13.82478974124603
0 COSMOS 2251 DEB
1 34721U 93036YP  11224.56022413  .00000841  00000-0  63039-3 0  9998
2 34721 073.9275 273.6770 0247789 169.8120 190.7987 13.82484033125070
0 COSMOS 2251 DEB
1 34721U 93036YP  11226.51400993  .00000836  00000-0  62667-3 0  9998
2 34721 073.9272 270.3699 0247779 166.0776 194.7251 13.82487160125348
0 COSMOS 2251 DEB
1 34721U 93036YP  11228.10597891  .00000825  00000-0  61895-3 0  9999
2 34721 073.9271 267.6736 0247828 163.1275 197.8344 13.82489795125562
0 COSMOS 2251 DEB
1 34721U 93036YP  11228.54014991 +.00000807 +00000-0 +60635-3 0  9993
2 34721 073.9266 266.9381 0247441 162.3251 198.6613 13.82490102125629
0 COSMOS 2251 DEB
1 34721U 93036YP  11229.11904727  .00000808  00000-0  60665-3 0  9996
2 34721 073.9267 265.9582 0247448 161.2337 199.8117 13.82491077125705
0 COSMOS 2251 DEB
1 34721U 93036YP  11229.48085699 +.00000808 +00000-0 +60644-3 0  9991
2 34721 073.9267 265.3457 0247560 160.5533 200.5240 13.82491653125757
0 COSMOS 2251 DEB
1 34721U 93036YP  11230.42156170  .00000788  00000-0  59204-3 0  9997
2 34721 073.9276 263.7533 0247739 158.7995 202.3578 13.82492847125887
0 COSMOS 2251 DEB
1 34721U 93036YP  11230.49392436 +.00000763 +00000-0 +57405-3 0  9995
2 34721 073.9267 263.6298 0247264 158.6876 202.4693 13.82492367125891
0 COSMOS 2251 DEB
1 34721U 93036YP  11231.72407684  .00000707  00000-0  53319-3 0  9992
2 34721 073.9255 261.5451 0247097 156.4580 204.8071 13.82493311126064
0 COSMOS 2251 DEB
1 34721U 93036YP  11232.52005652 +.00000695 +00000-0 +52456-3 0  9997
2 34721 073.9254 260.1966 0247172 154.9767 206.3573 13.82494282126177
0 COSMOS 2251 DEB
1 34721U 93036YP  11234.03965178  .00000684  00000-0  51582-3 0  9990
2 34721 073.9256 257.6241 0247370 152.1266 209.3361 13.82496271126381
0 COSMOS 2251 DEB
1 34721U 93036YP  11234.47382150 +.00000639 +00000-0 +48358-3 0  9998
2 34721 073.9252 256.8888 0247038 151.2812 210.2070 13.82496066126440
0 COSMOS 2251 DEB
1 34721U 93036YP  11237.44064387  .00000613  00000-0  46426-3 0  9993
2 34721 073.9250 251.8659 0247236 145.6927 216.0348 13.82499361126851
0 COSMOS 2251 DEB
1 34721U 93036YP  11238.45370431  .00000582  00000-0  44113-3 0  9991
2 34721 073.9248 250.1501 0247299 143.7955 218.0144 13.82500109126999
0 COSMOS 2251 DEB
1 34721U 93036YP  11241.05870765  .00000570  00000-0  43226-3 0  9997
2 34721 073.9256 245.7396 0247257 138.9058 223.1007 13.82503160127350
0 COSMOS 2251 DEB
1 34721U 93036YP  11241.42051244 +.00000576 +00000-0 +43675-3 0  9995
2 34721 073.9245 245.1256 0247244 138.2212 223.8110 13.82503680127403
0 COSMOS 2251 DEB
1 34721U 93036YP  11242.43356554  .00000576  00000-0  43706-3 0  9994
2 34721 073.9243 243.4103 0247257 136.3106 225.7888 13.82504898127548
0 COSMOS 2251 DEB
1 34721U 93036YP  11244.02550410  .00000576  00000-0  43703-3 0  9995
2 34721 073.9245 240.7150 0247259 133.3071 228.8967 13.82506810127764
0 COSMOS 2251 DEB
1 34721U 93036YP  11245.03855415  .00000570  00000-0  43208-3 0  9994
2 34721 073.9247 238.9997 0247245 131.4005 230.8656 13.82507912127903
0 COSMOS 2251 DEB
1 34721U 93036YP  11245.40035760 +.00000569 +00000-0 +43165-3 0  9998
2 34721 073.9246 238.3871 0247249 130.7179 231.5707 13.82508325127954
0 COSMOS 2251 DEB
1 34721U 93036YP  11248.36713797  .00000565  00000-0  42865-3 0  9991
2 34721 073.9248 233.3642 0247260 125.1271 237.3275 13.82511714128367
0 COSMOS 2251 DEB
1 34721U 93036YP  11249.01838138 +.00000557 +00000-0 +42306-3 0  9992
2 34721 073.9252 232.2616 0247294 123.8986 238.5888 13.82512300128451
0 COSMOS 2251 DEB
1 34721U 93036YP  11250.32086644  .00000564  00000-0  42748-3 0  9993
2 34721 073.9251 230.0562 0247368 121.4529 241.1067 13.82513963128630
0 COSMOS 2251 DEB
1 34721U 93036YP  11253.35998613  .00000560  00000-0  42491-3 0  9998
2 34721 073.9249 224.9095 0247338 115.7315 246.9586 13.82517482129052
0 COSMOS 2251 DEB
1 34721U 93036YP  11255.96493566  .00000553  00000-0  41951-3 0  9996
2 34721 073.9255 220.4986 0247323 110.7661 252.0105 13.82520387129415
0 COSMOS 2251 DEB
1 34721U 93036YP  11257.91864289  .00000567  00000-0  43001-3 0  9990
2 34721 073.9259 217.1908 0247226 107.0444 255.7976 13.82522987129689
0 COSMOS 2251 DEB
1 34721U 93036YP  11258.56987467 +.00000612 +00000-0 +46274-3 0  9992
2 34721 073.9260 216.0882 0247178 105.6882 257.1682 13.82524732129776
0 COSMOS 2251 DEB
1 34721U 93036YP  11259.94469672  .00000615  00000-0  46484-3 0  9994
2 34721 073.9262 213.7608 0247144 103.2082 259.6735 13.82526563129968
0 COSMOS 2251 DEB
1 34721U 93036YP  11259.94469672 +.00000615 +00000-0 +46484-3 0  9994
2 34721 073.9262 213.7608 0247144 103.2082 259.6735 13.82526563129968
0 COSMOS 2251 DEB
1 34721U 93036YP  11261.24715920  .00000635  00000-0  47930-3 0  9999
2 34721 073.9260 211.5555 0247155 100.6564 262.2530 13.82528709130140
0 COSMOS 2251 DEB
1 34721U 93036YP  11261.53659411 +.00000665 +00000-0 +50121-3 0  9992
2 34721 073.9260 211.0625 0247176 100.0678 262.8478 13.82529630130181
0 COSMOS 2251 DEB
1 34721U 93036YP  11262.26018133  .00000679  00000-0  51117-3 0  9994
2 34721 073.9262 209.8378 0247282 098.7384 264.1892 13.82530953130284
0 COSMOS 2251 DEB
1 34721U 93036YP  11262.54961507 +.00000703 +00000-0 +52890-3 0  9994
2 34721 073.9261 209.3473 0247457 098.1753 264.7509 13.82531684130320
0 COSMOS 2251 DEB
1 34721U 93036YP  11263.27320188  .00000713  00000-0  53574-3 0  9990
2 34721 073.9259 208.1220 0247617 096.8810 266.0594 13.82532920130425
0 COSMOS 2251 DEB
1 34721U 93036YP  11263.92442814 +.00000713 +00000-0 +53593-3 0  9994
2 34721 073.9260 207.0195 0247615 095.6457 267.2955 13.82533885130513
0 COSMOS 2251 DEB
1 34721U 93036YP  11265.22688036  .00000738  00000-0  55433-3 0  9999
2 34721 073.9268 204.8144 0247411 093.1732 269.7827 13.82536361130699
0 COSMOS 2251 DEB
1 34721U 93036YP  11265.51631169 +.00000797 +00000-0 +59757-3 0  9994
2 34721 073.9272 204.3238 0247099 092.5429 270.4168 13.82537978130738
0 COSMOS 2251 DEB
1 34721U 93036YP  11266.81875534  .00000837  00000-0  62712-3 0  9994
2 34721 073.9275 202.1179 0246891 090.1895 272.7756 13.82541083130911
0 COSMOS 2251 DEB
1 34721U 93036YP  11268.19355140  .00000857  00000-0  64192-3 0  9999
2 34721 073.9272 199.7901 0247021 087.5271 275.4160 13.82543939131109
0 COSMOS 2251 DEB
1 34721U 93036YP  11269.20655880  .00000929  00000-0  69426-3 0  9991
2 34721 073.9278 198.0762 0246835 085.6042 277.3398 13.82546952131246
0 COSMOS 2251 DEB
1 34721U 93036YP  11269.49598594 +.00000929 +00000-0 +69414-3 0  9997
2 34721 073.9275 197.5861 0246832 085.0586 277.8667 13.82547493131280
0 COSMOS 2251 DEB
1 34721U 93036YP  11270.79842059  .00000942  00000-0  70352-3 0  9998
2 34721 073.9276 195.3809 0246925 082.6039 280.3065 13.82550147131469
0 COSMOS 2251 DEB
1 34721U 93036YP  11270.87077805 +.00000942 +00000-0 +70364-3 0  9999
2 34721 073.9280 195.2584 0246933 082.4633 280.4460 13.82550291131471
0 COSMOS 2251 DEB
1 34721U 93036YP  11272.82442331  .00000954  00000-0  71237-3 0  9999
2 34721 073.9282 191.9510 0246991 078.7837 284.0965 13.82554298131744
0 COSMOS 2251 DEB
1 34721U 93036YP  11274.85041675  .00000973  00000-0  72609-3 0  9995
2 34721 073.9285 188.5213 0247063 074.9542 287.8828 13.82558660132029
0 COSMOS 2251 DEB
1 34721U 93036YP  11275.13984269 +.00000982 +00000-0 +73259-3 0  9994
2 34721 073.9283 188.0309 0247166 074.4321 288.3971 13.82559448132066
0 COSMOS 2251 DEB
1 34721U 93036YP  11278.17881433  .00000986  00000-0  73558-3 0  9996
2 34721 073.9291 182.8870 0247089 068.6767 294.0537 13.82565634132485
0 COSMOS 2251 DEB
1 34721U 93036YP  11279.69829495  .00000966  00000-0  72047-3 0  9994
2 34721 073.9302 180.3153 0247304 065.7469 296.9259 13.82568332132695
0 COSMOS 2251 DEB
1 34721U 93036YP  11280.71127910  .00000960  00000-0  71631-3 0  9994
2 34721 073.9292 178.5985 0247349 063.8345 298.7965 13.82570172132831
0 COSMOS 2251 DEB
1 34721U 93036YP  11281.79661742  .00000955  00000-0  71286-3 0  9999
2 34721 073.9298 176.7617 0247342 061.8110 300.7751 13.82572225132984
0 COSMOS 2251 DEB
1 34721U 93036YP  11282.08604051 +.00000949 +00000-0 +70845-3 0  9995
2 34721 073.9303 176.2726 0247249 061.2451 301.3246 13.82572649133027
0 COSMOS 2251 DEB
1 34721U 93036YP  11283.09902035  .00000952  00000-0  71053-3 0  9996
2 34721 073.9298 174.5567 0247280 059.3247 303.2006 13.82574675133161
0 COSMOS 2251 DEB
1 34721U 93036YP  11284.69084079  .00000954  00000-0  71161-3 0  9994
2 34721 073.9290 171.8605 0247357 056.3267 306.1178 13.82577777133382
0 COSMOS 2251 DEB
1 34721U 93036YP  11286.06559110  .00000945  00000-0  70515-3 0  9992
2 34721 073.9285 169.5323 0247320 053.7255 308.6413 13.82580249133573
0 COSMOS 2251 DEB
1 34721U 93036YP  11287.65740356  .00000929  00000-0  69320-3 0  9996
2 34721 073.9286 166.8366 0247533 050.6535 311.6183 13.82583035133792
0 COSMOS 2251 DEB
1 34721U 93036YP  11288.74272840  .00000921  00000-0  68754-3 0  9997
2 34721 073.9285 164.9989 0247455 048.6383 313.5722 13.82584962133949
0 COSMOS 2251 DEB
1 34721U 93036YP  11290.62395179  .00000925  00000-0  69112-3 0  9991
2 34721 073.9285 161.8139 0247418 045.0823 317.0121 13.82588662134204
0 COSMOS 2251 DEB
1 34721U 93036YP  11291.05807854 +.00000935 +00000-0 +69776-3 0  9994
2 34721 073.9280 161.0778 0247412 044.2995 317.7665 13.82589648134266
0 COSMOS 2251 DEB
1 34721U 93036YP  11291.63691401  .00000943  00000-0  70396-3 0  9996
2 34721 073.9276 160.0971 0247458 043.1663 318.8607 13.82590959134349
0 COSMOS 2251 DEB
1 34721U 93036YP  11293.08400042  .00000966  00000-0  72075-3 0  9997
2 34721 073.9281 157.6475 0247635 040.3690 321.5571 13.82594217134546
0 COSMOS 2251 DEB
1 34721U 93036YP  11294.67578941  .00000995  00000-0  74211-3 0  9993
2 34721 073.9294 154.9530 0247496 037.3808 324.4295 13.82598023134762
0 COSMOS 2251 DEB
1 34721U 93036YP  11295.03755837 +.00001013 +00000-0 +75527-3 0  9998
2 34721 073.9291 154.3407 0247336 036.7585 325.0267 13.82599075134814
0 COSMOS 2251 DEB
1 34721U 93036YP  11296.05051156  .00001032  00000-0  76907-3 0  9998
2 34721 073.9282 152.6248 0247362 034.8268 326.8798 13.82601474134954
0 COSMOS 2251 DEB
1 34721U 93036YP  11297.56993830  .00001050  00000-0  78227-3 0  9996
2 34721 073.9286 150.0529 0247324 031.9333 329.6598 13.82605139135166
0 COSMOS 2251 DEB
1 34721U 93036YP  11298.00405774 +.00001054 +00000-0 +78497-3 0  9994
2 34721 073.9282 149.3169 0247316 031.1266 330.4257 13.82606148135221
0 COSMOS 2251 DEB
1 34721U 93036YP  11299.01700544  .00001064  00000-0  79204-3 0  9997
2 34721 073.9285 147.6024 0247302 029.2410 332.2324 13.82608545135362
0 COSMOS 2251 DEB
1 34721U 93036YP  11301.54936638  .00001176  00000-0  87430-3 0  9998
2 34721 073.9284 143.3139 0247255 024.3846 336.9233 13.82616647135718
0 COSMOS 2251 DEB
1 34721U 93036YP  11302.99641207  .00001197  00000-0  88972-3 0  9998
2 34721 073.9275 140.8631 0247274 021.6807 339.4622 13.82620522135914
0 COSMOS 2251 DEB
1 34721U 93036YP  11303.93699457 +.00001241 +00000-0 +92059-3 0  9994
2 34721 073.9265 139.2684 0247764 019.8637 341.2033 13.82623672136048
0 COSMOS 2251 DEB
1 34721U 93036YP  11308.20576997  .00001273  00000-0  94405-3 0  9994
2 34721 073.9283 132.0415 0247813 011.7954 348.8900 13.82635182136639
0 COSMOS 2251 DEB
1 34721U 93036YP  11308.49517572 +.00001253 +00000-0 +92872-3 0  9993
2 34721 073.9272 131.5493 0247908 011.2598 349.3821 13.82635377136679
0 COSMOS 2251 DEB
1 34721U 93036YP  11309.50810222 +.00001259 +00000-0 +93291-3 0  9996
2 34721 073.9257 129.8316 0248140 009.3203 351.2386 13.82637978136819
0 COSMOS 2251 DEB
1 34721U 93036YP  11310.95513365  .00001250  00000-0  92616-3 0  9996
2 34721 073.9261 127.3814 0248368 006.5594 353.8646 13.82641531137014
0 COSMOS 2251 DEB
1 34721U 93036YP  11315.44090630  .00001315  00000-0  97098-3 0  9991
2 34721 073.9263 119.7824 0249539 357.9931 002.0508 13.82654700137631
0 COSMOS 2251 DEB
1 34721U 93036YP  11315.51325016 +.00001315 +00000-0 +97098-3 0  9998
2 34721 073.9263 119.6599 0249539 357.8565 002.1465 13.82654894137649
0 COSMOS 2251 DEB
1 34721U 93036YP  11315.87500381 +.00001322 +00000-0 +97761-3 0  9992
2 34721 073.9246 119.0457 0248942 357.2903 002.6931 13.82656093137695
0 COSMOS 2251 DEB
1 34721U 93036YP  11319.49252444  .00001498  00000-0  11035-2 0  9991
2 34721 073.9244 112.9167 0249680 350.4113 009.2803 13.82669476138197
0 COSMOS 2251 DEB
1 34721U 93036YP  11320.50541307  .00001502  00000-0  11066-2 0  9994
2 34721 073.9246 111.2016 0249638 348.5053 011.0447 13.82672674138333
0 COSMOS 2251 DEB
1 34721U 93036YP  11322.45885461  .00001641  00000-0  12095-2 0  9999
2 34721 073.9268 107.8945 0248513 344.7043 014.7237 13.82681775138606
0 COSMOS 2251 DEB
1 34721U 93036YP  11322.82058983 +.00001645 +00000-0 +12131-2 0  9996
2 34721 073.9265 107.2815 0248357 344.0325 015.3088 13.82683080138652
0 COSMOS 2251 DEB
1 34721U 93036YP  11325.42515786  .00001761  00000-0  12953-2 0  9995
2 34721 073.9263 102.8701 0248967 339.1638 019.9719 13.82693988139014
0 COSMOS 2251 DEB
1 34721U 93036YP  11326.43803481  .00001788  00000-0  13147-2 0  9994
2 34721 073.9265 101.1547 0249026 337.2334 021.8019 13.82698277139151
0 COSMOS 2251 DEB
1 34721U 93036YP  11329.40431393  .00001842  00000-0  13525-2 0  9994
2 34721 073.9265 096.1301 0249425 331.6822 027.1065 13.82710158139563
0 COSMOS 2251 DEB
1 34721U 93036YP  11329.76605106 +.00001889 +00000-0 +13864-2 0  9995
2 34721 073.9272 095.5160 0249533 330.9493 027.7999 13.82712211139613
0 COSMOS 2251 DEB
1 34721U 93036YP  11330.41718044  .00001916  00000-0  14065-2 0  9990
2 34721 073.9272 094.4130 0249401 329.6332 029.0674 13.82715294139708
0 COSMOS 2251 DEB
1 34721U 93036YP  11331.43004521  .00001929  00000-0  14157-2 0  9997
2 34721 073.9273 092.6977 0249422 327.7473 030.8592 13.82719412139846
0 COSMOS 2251 DEB
1 34721U 93036YP  11332.37056279 +.00001925 +00000-0 +14125-2 0  9999
2 34721 073.9275 091.1048 0249361 325.9577 032.5755 13.82723006139976
0 COSMOS 2251 DEB
1 34721U 93036YP  11333.38342541  .00001938  00000-0  14226-2 0  9997
2 34721 073.9272 089.3884 0249301 324.0148 034.4479 13.82727282140110
0 COSMOS 2251 DEB
1 34721U 93036YP  11334.32393666 +.00001946 +00000-0 +14279-2 0  9993
2 34721 073.9273 087.7958 0249246 322.2203 036.1682 13.82731161140245
0 COSMOS 2251 DEB
1 34721U 93036YP  11336.34964790  .00002001  00000-0  14679-2 0  9996
2 34721 073.9303 084.3670 0249119 318.3297 039.9229 13.82740260140520
0 COSMOS 2251 DEB
1 34721U 93036YP  11337.36249629  .00002021  00000-0  14825-2 0  9991
2 34721 073.9302 082.6519 0249123 316.4432 041.7314 13.82744821140665
0 COSMOS 2251 DEB
1 34721U 93036YP  11339.31584342  .00002059  00000-0  15100-2 0  9990
2 34721 073.9300 079.3431 0249075 312.7917 045.2657 13.82753754140936
0 COSMOS 2251 DEB
1 34721U 93036YP  11343.22250504  .00002437  00000-0  17859-2 0  9998
2 34721 073.9303 072.7275 0248216 305.0241 052.9566 13.82778678141479
0 COSMOS 2251 DEB
1 34721U 93036YP  11344.23529607  .00002483  00000-0  18211-2 0  9997
2 34721 073.9285 071.0081 0247712 303.0740 054.7084 13.82784772141610
0 COSMOS 2251 DEB
1 34721U 93036YP  11347.27374783  .00002669  00000-0  19493-2 0  9996
2 34721 073.9281 065.8608 0249284 297.4564 060.1864 13.82803707142032
0 COSMOS 2251 DEB
1 34721U 93036YP  11350.23981477  .00002692  00000-0  19632-2 0  9991
2 34721 073.9273 060.8346 0249941 291.8764 065.6025 13.82820186142441
0 COSMOS 2251 DEB
1 34721U 93036YP  11351.18026991 +.00002748 +00000-0 +20017-2 0  9998
2 34721 073.9267 059.2381 0250406 290.0144 067.4371 13.82826459142573
0 COSMOS 2251 DEB
1 34721U 93036YP  11353.20585296  .00002724  00000-0  19733-2 0  9998
2 34721 073.9272 055.8079 0253227 286.1306 071.1981 13.82837121142853
0 COSMOS 2251 DEB
1 34721U 93036YP  11354.21864357  .00002663  00000-0  19259-2 0  9993
2 34721 073.9272 054.0905 0254116 284.1664 073.1126 13.82841261142993
0 COSMOS 2251 DEB
1 34721U 93036YP  11357.18465544  .00002478  00000-0  17880-2 0  9999
2 34721 073.9242 049.0561 0255461 278.9684 078.1798 13.82852804143401
0 COSMOS 2251 DEB
1 34721U 93036YP  11361.16343087  .00002094  00000-0  15243-2 0  9994
2 34721 073.9214 042.3130 0251911 270.9190 086.1662 13.82864062143956
0 COSMOS 2251 DEB
1 34721U 93036YP  11364.12943408  .00002023  00000-0  14737-2 0  9995
2 34721 073.9187 037.2786 0251538 265.2720 091.9342 13.82874857144364
0 COSMOS 2251 DEB
1 34721U 93036YP  11365.14220829  .00001935  00000-0  14073-2 0  9997
2 34721 073.9231 035.5717 0252658 263.5577 093.6480 13.82877524144506
0 COSMOS 2251 DEB
1 34721U 93036YP  12003.10816749  .00001797  00000-0  13083-2 0  9991
2 34721 073.9243 030.5485 0252597 257.8057 099.4313 13.82886368144917
0 COSMOS 2251 DEB
1 34721U 93036YP  12004.04859726 +.00001773 +00000-0 +12933-2 0  9994
2 34721 073.9222 028.9493 0251570 255.9685 101.3191 13.82889034145045
0 COSMOS 2251 DEB
1 34721U 93036YP  12008.02729380  .00001548  00000-0  11298-2 0  9991
2 34721 073.9242 022.2093 0252355 248.5824 108.7298 13.82898103145591
0 COSMOS 2251 DEB
1 34721U 93036YP  12008.46135120  .00001503  00000-0  10900-2 0  9992
2 34721 073.9283 021.4820 0255697 248.6250 108.7290 13.82898936145654
0 COSMOS 2251 DEB
1 34721U 93036YP  12009.69112979  .00001384  00000-0  10057-2 0  9995
2 34721 073.9286 019.3987 0255577 246.1943 111.2019 13.82900768145820
0 COSMOS 2251 DEB
1 34721U 93036YP  12010.05283230 +.00001369 +00000-0 +99507-3 0  9997
2 34721 073.9288 018.7865 0255369 245.3588 112.0707 13.82901426145875
0 COSMOS 2251 DEB
1 34721U 93036YP  12011.06558934  .00001326  00000-0  96573-3 0  9998
2 34721 073.9292 017.0710 0254862 243.1602 114.3116 13.82903242146015
0 COSMOS 2251 DEB
1 34721U 93036YP  12013.66981817  .00001024  00000-0  75029-3 0  9994
2 34721 073.9299 012.6614 0254235 238.3107 119.2073 13.82904247146377
0 COSMOS 2251 DEB
1 34721U 93036YP  12014.97195231  .00000915  00000-0  67410-3 0  9999
2 34721 073.9286 010.4517 0253027 235.7854 121.8443 13.82904131146551
0 COSMOS 2251 DEB
1 34721U 93036YP  12017.64853610  .00000672  00000-0  49864-3 0  9991
2 34721 073.9287 005.9153 0253991 231.5831 126.1595 13.82904549146926
0 COSMOS 2251 DEB
1 34721U 93036YP  12020.97618244 +.00000423 +00000-0 +32015-3 0  9997
2 34721 073.9283 000.2755 0254828 225.3427 132.5833 13.82903807147383
0 COSMOS 2251 DEB
1 34721U 93036YP  12026.32936207  .00000231  00000-0  18287-3 0  9996
2 34721 073.9276 351.2047 0254477 215.2140 143.0976 13.82903804148123
0 COSMOS 2251 DEB
1 34721U 93036YP  12029.29533133  .00000169  00000-0  13847-3 0  9993
2 34721 073.9258 346.1725 0253844 209.5043 149.1222 13.82903714148530
0 COSMOS 2251 DEB
1 34721U 93036YP  12036.24000863  .00000101  00000-0  89482-4 0  9990
2 34721 073.9266 334.4055 0253800 196.2756 162.9649 13.82904499149493
0 COSMOS 2251 DEB
1 34721U 93036YP  12037.25278366  .00000102  00000-0  90027-4 0  9995
2 34721 073.9268 332.6899 0253697 194.3620 165.0193 13.82904770149630
0 COSMOS 2251 DEB
1 34721U 93036YP  12037.83150713  .00000156  00000-0  12933-3 0  9992
2 34721 073.9263 331.7075 0251622 193.0699 166.3488 13.82905539149713
0 COSMOS 2251 DEB
1 34721U 93036YP  12039.20598076  .00000156  00000-0  12933-3 0  9993
2 34721 073.9263 329.3790 0251621 190.4724 169.1106 13.82906034149909
0 COSMOS 2251 DEB
1 34721U 93036YP  12040.21874562  .00000156  00000-0  12933-3 0  9993
2 34721 073.9263 327.6633 0251621 188.5584 171.1213 13.82906398150040
0 COSMOS 2251 DEB
1 34721U 93036YP  12046.72937190  .00000184  00000-0  14868-3 0  9992
2 34721 073.9233 316.6291 0251293 176.2892 184.0294 13.82909243150949
0 COSMOS 2251 DEB
1 34721U 93036YP  12047.16341070 +.00000215 +00000-0 +17100-3 0  9994
2 34721 073.9245 315.8954 0251157 175.3269 185.0336 13.82910295151001
0 COSMOS 2251 DEB
1 34721U 93036YP  12050.70807404  .00000355  00000-0  27208-3 0  9991
2 34721 073.9282 309.8880 0250909 168.6721 192.0496 13.82914471151493
0 COSMOS 2251 DEB
1 34721U 93036YP  12051.14210749 +.00000400 +00000-0 +30439-3 0  9991
2 34721 073.9278 309.1521 0250442 167.7691 192.9701 13.82915625151558
0 COSMOS 2251 DEB
1 34721U 93036YP  12053.09528102  .00000456  00000-0  34495-3 0  9999
2 34721 073.9296 305.8458 0250531 163.9900 196.9447 13.82918542151822
0 COSMOS 2251 DEB
1 34721U 93036YP  12057.07395307  .00000552  00000-0  41306-3 0  9996
2 34721 073.9277 299.1024 0251246 156.4463 204.8827 13.82924548152375
0 COSMOS 2251 DEB
1 34721U 93036YP  12058.08669411  .00000573  00000-0  42827-3 0  9990
2 34721 073.9270 297.3853 0251367 154.5237 206.8585 13.82926086152518
0 COSMOS 2251 DEB
1 34721U 93036YP  12059.09944101  .00000575  00000-0  42972-3 0  9997
2 34721 073.9270 295.6698 0251276 152.5857 208.8779 13.82927342152659
0 COSMOS 2251 DEB
1 34721U 93036YP  12061.05259449  .00000741  00000-0  54997-3 0  9995
2 34721 073.9264 292.3582 0250302 148.9504 212.7148 13.82932686152926
0 COSMOS 2251 DEB
1 34721U 93036YP  12062.06532729 +.00000750 +00000-0 +55664-3 0  9994
2 34721 073.9260 290.6419 0250339 147.0454 214.6596 13.82934409153065
0 COSMOS 2251 DEB
1 34721U 93036YP  12064.59716998 +.00000779 +00000-0 +57721-3 0  9993
2 34721 073.9251 286.3507 0250317 142.2530 219.6350 13.82938964153415
0 COSMOS 2251 DEB
1 34721U 93036YP  12065.60990619 +.00000804 +00000-0 +59452-3 0  9992
2 34721 073.9250 284.6344 0250475 140.3215 221.6525 13.82941135153554
0 COSMOS 2251 DEB
1 34721U 93036YP  12066.98433053  .00000815  00000-0  60273-3 0  9993
2 34721 073.9241 282.3050 0250597 137.7243 224.3542 13.82943650153743
0 COSMOS 2251 DEB
1 34721U 93036YP  12067.99706111  .00001008  00000-0  74082-3 0  9991
2 34721 073.9242 280.5886 0251086 135.5090 226.6694 13.82948915153888
0 COSMOS 2251 DEB
1 34721U 93036YP  12071.54159233  .00001176  00000-0  86277-3 0  9999
2 34721 073.9245 274.5818 0249963 128.7162 233.7305 13.82960018154375
0 COSMOS 2251 DEB
1 34721U 93036YP  12071.90326304 +.00001176 +00000-0 +86277-3 0  9994
2 34721 073.9245 273.9689 0249962 128.0328 234.3648 13.82960883154423
0 COSMOS 2251 DEB
1 34721U 93036YP  12072.55429077  .00001247  00000-0  91332-3 0  9994
2 34721 073.9228 272.8639 0250412 126.7991 235.6463 13.82964097154510
0 COSMOS 2251 DEB
1 34721U 93036YP  12074.94139506  .00001399  00000-0  10214-2 0  9991
2 34721 073.9215 268.8174 0251132 122.5054 240.1017 13.82972922154847
0 COSMOS 2251 DEB
1 34721U 93036YP  12075.95409216  .00001442  00000-0  10521-2 0  9991
2 34721 073.9221 267.1017 0251242 120.6188 242.0155 13.82976837154989
0 COSMOS 2251 DEB
1 34721U 93036YP  12078.48583794  .00001604  00000-0  11688-2 0  9991
2 34721 073.9227 262.8108 0250856 115.8262 246.9386 13.82987286155336
0 COSMOS 2251 DEB
1 34721U 93036YP  12078.91984102 +.00001621 +00000-0 +11807-2 0  9999
2 34721 073.9218 262.0741 0251001 115.0240 247.7237 13.82989059155392
0 COSMOS 2251 DEB
1 34721U 93036YP  12081.52389615  .00001660  00000-0  12086-2 0  9991
2 34721 073.9217 257.6605 0250807 110.0528 252.7867 13.82998325155758
0 COSMOS 2251 DEB
1 34721U 93036YP  12081.88556716 +.00001649 +00000-0 +12009-2 0  9990
2 34721 073.9218 257.0474 0250677 109.3356 253.5015 13.82999306155802
0 COSMOS 2251 DEB
1 34721U 93036YP  12082.89825003  .00001645  00000-0  11986-2 0  9999
2 34721 073.9212 255.3303 0250626 107.3961 255.4706 13.83002511155949
0 COSMOS 2251 DEB
1 34721U 93036YP  12084.85127094  .00001623  00000-0  11828-2 0  9993
2 34721 073.9210 252.0195 0250480 103.6509 259.2545 13.83008501156214
0 COSMOS 2251 DEB
1 34721U 93036YP  12085.42994350 +.00001582 +00000-0 +11525-2 0  9992
2 34721 073.9224 251.0399 0250714 102.6485 260.2656 13.83009563156298
0 COSMOS 2251 DEB
1 34721U 93036YP  12086.44261826  .00001538  00000-0  11209-2 0  9990
2 34721 073.9220 249.3227 0250710 100.6081 262.3219 13.83011932156437
0 COSMOS 2251 DEB
1 34721U 93036YP  12087.81695818  .00001521  00000-0  11088-2 0  9991
2 34721 073.9216 246.9930 0250800 098.0684 264.8915 13.83015826156622
0 COSMOS 2251 DEB
1 34721U 93036YP  12088.46795919 +.00001454 +00000-0 +10611-2 0  9992
2 34721 073.9224 245.8895 0250408 096.8124 266.1450 13.83016635156716
0 COSMOS 2251 DEB
1 34721U 93036YP  12089.84229167  .00001418  00000-0  10365-2 0  9998
2 34721 073.9217 243.5590 0249974 094.0707 268.8883 13.83019827156904
0 COSMOS 2251 DEB
1 34721U 93036YP  12092.44627618  .00001349  00000-0  98604-3 0  9997
2 34721 073.9222 239.1458 0250229 089.3415 273.6200 13.83026012157263
0 COSMOS 2251 DEB
1 34721U 93036YP  12092.80794268 +.00001311 +00000-0 +95820-3 0  9999
2 34721 073.9225 238.5331 0250256 088.5630 274.4036 13.83026336157310
0 COSMOS 2251 DEB
1 34721U 93036YP  12093.38660529 +.00001315 +00000-0 +96160-3 0  9997
2 34721 073.9224 237.5520 0250208 087.4647 275.5115 13.83027984157399
0 COSMOS 2251 DEB
1 34721U 93036YP  12097.36487179  .00001314  00000-0  96086-3 0  9993
2 34721 073.9230 230.8089 0250135 079.9561 282.9697 13.83038649157940
0 COSMOS 2251 DEB
1 34721U 93036YP  12098.73917258  .00001305  00000-0  95445-3 0  9999
2 34721 073.9236 228.4804 0249989 077.3529 285.5366 13.83042062158133
0 COSMOS 2251 DEB
1 34721U 93036YP  12099.39015683 +.00001288 +00000-0 +94219-3 0  9991
2 34721 073.9233 227.3761 0249971 076.1732 286.7025 13.83043421158229
0 COSMOS 2251 DEB
1 34721U 93036YP  12104.30866463  .00001110  00000-0  81435-3 0  9999
2 34721 073.9233 219.0378 0249777 066.7902 295.8422 13.83051810158907
0 COSMOS 2251 DEB
1 34721U 93036YP  12106.33393990  .00001044  00000-0  76781-3 0  9998
2 34721 073.9239 215.6061 0249393 063.0752 299.5424 13.83054989159185
0 COSMOS 2251 DEB
1 34721U 93036YP  12106.69559630  .00000971  00000-0  71480-3 0  9991
2 34721 073.9271 214.9976 0249517 061.9694 300.6136 13.83054353159233
0 COSMOS 2251 DEB
1 34721U 93036YP  12107.70823066  .00000943  00000-0  69484-3 0  9991
2 34721 073.9257 213.2784 0249524 060.0968 302.4656 13.83055631159370
0 COSMOS 2251 DEB
1 34721U 93036YP  12109.66114974  .00000835  00000-0  61625-3 0  9998
2 34721 073.9277 209.9726 0250084 056.4062 306.0293 13.83057200159648
0 COSMOS 2251 DEB
1 34721U 93036YP  12111.32475153  .00000720  00000-0  53386-3 0  9991
2 34721 073.9271 207.1521 0249954 053.4324 308.9270 13.83057771159871
0 COSMOS 2251 DEB
1 34721U 93036YP  12111.68640753 +.00000697 +00000-0 +51712-3 0  9994
2 34721 073.9263 206.5381 0249988 052.7207 309.6340 13.83057736159921
0 COSMOS 2251 DEB
1 34721U 93036YP  12112.33738071  .00000691  00000-0  51330-3 0  9998
2 34721 073.9264 205.4347 0250029 051.5042 310.8192 13.83058544160013
0 COSMOS 2251 DEB
1 34721U 93036YP  12112.62670169 +.00000680 +00000-0 +50529-3 0  9990
2 34721 073.9264 204.9449 0250019 050.9699 311.3364 13.83058743160052
0 COSMOS 2251 DEB
1 34721U 93036YP  12113.63932305  .00000580  00000-0  43380-3 0  9991
2 34721 073.9270 203.2275 0249527 049.0404 313.1965 13.83058733160194
0 COSMOS 2251 DEB
1 34721U 93036YP  12114.65194484  .00000576  00000-0  43043-3 0  9993
2 34721 073.9265 201.5105 0249539 047.1232 315.0546 13.83059835160338
0 COSMOS 2251 DEB
1 34721U 93036YP  12115.23058465 +.00000585 +00000-0 +43743-3 0  9993
2 34721 073.9266 200.5299 0249316 046.0205 316.1260 13.83060801160412
0 COSMOS 2251 DEB
1 34721U 93036YP  12116.31553114  .00000583  00000-0  43589-3 0  9990
2 34721 073.9267 198.6914 0249293 043.9759 318.0900 13.83062075160561
0 COSMOS 2251 DEB
1 34721U 93036YP  12121.23394401  .00000618  00000-0  46094-3 0  9992
2 34721 073.9274 190.3576 0249603 034.5986 327.1217 13.83068872161244
0 COSMOS 2251 DEB
1 34721U 93036YP  12121.59558814 +.00000618 +00000-0 +46094-3 0  9991
2 34721 073.9274 189.7449 0249602 033.9149 327.7652 13.83069335161297
0 COSMOS 2251 DEB
1 34721U 93036YP  12125.21204520  .00000596  00000-0  44603-3 0  9995
2 34721 073.9281 183.6158 0248985 027.1776 334.2002 13.83073294161795
0 COSMOS 2251 DEB
1 34721U 93036YP  12126.22465344  .00000592  00000-0  44318-3 0  9999
2 34721 073.9283 181.9001 0248973 025.2648 336.0387 13.83074448161933
0 COSMOS 2251 DEB
1 34721U 93036YP  12126.58629856 +.00000578 +00000-0 +43256-3 0  9992
2 34721 073.9288 181.2883 0249322 024.4932 336.7703 13.83074560161984
0 COSMOS 2251 DEB
1 34721U 93036YP  12127.23726060  .00000569  00000-0  42656-3 0  9993
2 34721 073.9285 180.1846 0249239 023.2719 337.9422 13.83075118162077
0 COSMOS 2251 DEB
1 34721U 93036YP  12129.19013929  .00000452  00000-0  34217-3 0  9998
2 34721 073.9268 176.8719 0249787 019.5194 341.4784 13.83074685162341
0 COSMOS 2251 DEB
1 34721U 93036YP  12130.20275320  .00000417  00000-0  31696-3 0  9996
2 34721 073.9267 175.1559 0249753 017.5593 343.3895 13.83074931162481
0 COSMOS 2251 DEB
1 34721U 93036YP  12132.15563216  .00000346  00000-0  26581-3 0  9994
2 34721 073.9265 171.8464 0249824 013.8895 346.8720 13.83075158162757
0 COSMOS 2251 DEB
1 34721U 93036YP  12132.51728051 +.00000328 +00000-0 +25281-3 0  9990
2 34721 073.9256 171.2315 0249987 013.1739 347.5697 13.83075021162802
0 COSMOS 2251 DEB
1 34721U 93036YP  12133.16824085  .00000313  00000-0  24202-3 0  9992
2 34721 073.9258 170.1282 0249640 011.9389 348.7515 13.83075217162896
0 COSMOS 2251 DEB
1 34721U 93036YP  12134.18084353  .00000299  00000-0  23258-3 0  9994
2 34721 073.9259 168.4119 0249287 010.0228 350.5745 13.83075660163030
0 COSMOS 2251 DEB
1 34721U 93036YP  12136.49535954 +.00000329 +00000-0 +25430-3 0  9996
2 34721 073.9267 164.4880 0249175 005.5649 354.8190 13.83077942163353
0 COSMOS 2251 DEB
1 34721U 93036YP  12138.15891673  .00000329  00000-0  25426-3 0  9999
2 34721 073.9268 161.6691 0249191 002.4213 357.8049 13.83079120163585
0 COSMOS 2251 DEB
1 34721U 93036YP  12139.09918803 +.00000355 +00000-0 +27257-3 0  9991
2 34721 073.9267 160.0750 0249385 000.6220 359.5257 13.83080371163711
0 COSMOS 2251 DEB
1 34721U 93036YP  12140.11178502  .00000390  00000-0  29813-3 0  9999
2 34721 073.9268 158.3598 0249302 358.6701 001.3903 13.83082007163854
0 COSMOS 2251 DEB
1 34721U 93036YP  12144.01751215  .00000554  00000-0  41803-3 0  9995
2 34721 073.9296 151.7406 0246947 351.1355 008.6419 13.83089244164397
0 COSMOS 2251 DEB
1 34721U 93036YP  12147.05526848  .00000698  00000-0  52126-3 0  9993
2 34721 073.9277 146.5913 0247998 345.5565 013.8909 13.83095767164814
0 COSMOS 2251 DEB
1 34721U 93036YP  12147.41690004 +.00000706 +00000-0 +52707-3 0  9994
2 34721 073.9266 145.9764 0248201 344.8706 014.5080 13.83096376164866
0 COSMOS 2251 DEB
1 34721U 93036YP  12148.06784941  .00000706  00000-0  52707-3 0  9990
2 34721 073.9266 144.8733 0248199 343.6400 015.6811 13.83097327164955
0 COSMOS 2251 DEB
1 34721U 93036YP  12148.42948775 +.00000706 +00000-0 +52707-3 0  9997
2 34721 073.9266 144.2605 0248198 342.9564 016.3328 13.83097855165003
0 COSMOS 2251 DEB
1 34721U 93036YP  12152.04586496  .00000794  00000-0  59030-3 0  9991
2 34721 073.9262 138.1312 0248216 336.0204 022.9904 13.83105187165508
0 COSMOS 2251 DEB
1 34721U 93036YP  12153.99869317  .00000893  00000-0  66231-3 0  9993
2 34721 073.9280 134.8219 0247845 332.2048 026.6472 13.83110724165771
0 COSMOS 2251 DEB
1 34721U 93036YP  12157.90433831  .00000966  00000-0  71601-3 0  9994
2 34721 073.9279 128.2005 0247062 324.6846 033.8606 13.83119831166319
0 COSMOS 2251 DEB
1 34721U 93036YP  12157.97665525 +.00000974 +00000-0 +72189-3 0  9999
2 34721 073.9276 128.0768 0247130 324.5854 033.9093 13.83120163166326
0 COSMOS 2251 DEB
1 34721U 93036YP  12160.86971734  .00001173  00000-0  86383-3 0  9996
2 34721 073.9238 123.1674 0248170 319.4241 038.8919 13.83129549166726
0 COSMOS 2251 DEB
1 34721U 93036YP  12161.95460408  .00001183  00000-0  87032-3 0  9991
2 34721 073.9235 121.3278 0248268 317.4014 040.8095 13.83132324166876
0 COSMOS 2251 DEB
1 34721U 93036YP  12164.84764353  .00001278  00000-0  93974-3 0  9995
2 34721 073.9281 116.4289 0247991 311.7474 046.3017 13.83141422167272
0 COSMOS 2251 DEB
1 34721U 93036YP  12164.91996250 +.00001288 +00000-0 +94652-3 0  9991
2 34721 073.9273 116.3042 0248190 311.6747 046.3393 13.83141844167289
0 COSMOS 2251 DEB
1 34721U 93036YP  12167.88531073  .00001330  00000-0  97616-3 0  9999
2 34721 073.9299 111.2803 0248487 306.0678 051.7790 13.83150606167698
0 COSMOS 2251 DEB
1 34721U 93036YP  12168.82553732 +.00001381 +00000-0 +10138-2 0  9999
2 34721 073.9280 109.6828 0247838 304.3042 053.4911 13.83153796167823
0 COSMOS 2251 DEB
1 34721U 93036YP  12168.89786118  .00001363  00000-0  10012-2 0  9993
2 34721 073.9280 109.5597 0247804 304.1669 053.6123 13.83153634167830
0 COSMOS 2251 DEB
1 34721U 93036YP  12171.79086624  .00001362  00000-0  10002-2 0  9999
2 34721 073.9274 104.6557 0247800 298.7002 058.9414 13.83161631168232
0 COSMOS 2251 DEB
1 34721U 93036YP  12172.80341473  .00001369  00000-0  10050-2 0  9998
2 34721 073.9263 102.9382 0247719 296.7954 060.8031 13.83164502168372
0 COSMOS 2251 DEB
1 34721U 93036YP  12174.82850681  .00001345  00000-0  98778-3 0  9996
2 34721 073.9272 099.5075 0248004 292.9248 064.5822 13.83169741168654
0 COSMOS 2251 DEB
1 34721U 93036YP  12177.21521689  .00001333  00000-0  97687-3 0  9990
2 34721 073.9260 095.4591 0248923 288.4230 068.9927 13.83175935168982
0 COSMOS 2251 DEB
1 34721U 93036YP  12178.80635316  .00001153  00000-0  84998-3 0  9990
2 34721 073.9289 092.7688 0247291 285.3036 072.0114 13.83176154169201
0 COSMOS 2251 DEB
1 34721U 93036YP  12180.18053251 +.00001141 +00000-0 +84106-3 0  9994
2 34721 073.9271 090.4359 0247645 282.7393 074.6109 13.83179046169397
0 COSMOS 2251 DEB
1 34721U 93036YP  12182.78420737  .00000934  00000-0  69457-3 0  9990
2 34721 073.9271 086.0228 0245598 277.9102 079.3213 13.83180155169753
0 COSMOS 2251 DEB
1 34721U 93036YP  12183.72443316 +.00000919 +00000-0 +68423-3 0  9998
2 34721 073.9263 084.4275 0245327 276.1887 081.1223 13.83181495169883
0 COSMOS 2251 DEB
1 34721U 93036YP  12186.11113859  .00000828  00000-0  61775-3 0  9992
2 34721 073.9272 080.3819 0245650 271.7495 085.5353 13.83184469170212
0 COSMOS 2251 DEB
1 34721U 93036YP  12186.68973645 +.00000827 +00000-0 +61680-3 0  9995
2 34721 073.9270 079.4007 0245632 270.6533 086.6449 13.83185417170299
0 COSMOS 2251 DEB
1 34721U 93036YP  12187.12368244 +.00000827 +00000-0 +61713-3 0  9995
2 34721 073.9273 078.6655 0245481 269.7762 087.5224 13.83186144170353
0 COSMOS 2251 DEB
1 34721U 93036YP  12189.07643779  .00000867  00000-0  64628-3 0  9992
2 34721 073.9273 075.3556 0245319 266.1257 091.1846 13.83190180170623
0 COSMOS 2251 DEB
1 34721U 93036YP  12189.72735420 +.00000878 +00000-0 +65394-3 0  9992
2 34721 073.9277 074.2523 0245312 264.9356 092.3747 13.83191564170718
0 COSMOS 2251 DEB
1 34721U 93036YP  12190.08897449  .00000895  00000-0  66626-3 0  9991
2 34721 073.9276 073.6394 0245197 264.2431 093.0734 13.83192571170762
0 COSMOS 2251 DEB
1 34721U 93036YP  12190.66756637 +.00000893 +00000-0 +66482-3 0  9996
2 34721 073.9274 072.6579 0245164 263.1518 094.1648 13.83193575170842
0 COSMOS 2251 DEB
1 34721U 93036YP  12191.10151098  .00000896  00000-0  66758-3 0  9995
2 34721 073.9271 071.9221 0245124 262.3221 095.0017 13.83194448170900
0 COSMOS 2251 DEB
1 34721U 93036YP  12193.05425873  .00000941  00000-0  69930-3 0  9992
2 34721 073.9279 068.6123 0245216 258.5093 098.8521 13.83198813171179
0 COSMOS 2251 DEB
1 34721U 93036YP  12196.01953335  .00000975  00000-0  72381-3 0  9991
2 34721 073.9282 063.5876 0245253 252.8911 104.5366 13.83205341171581
0 COSMOS 2251 DEB
1 34721U 93036YP  12197.03206187  .00000975  00000-0  72421-3 0  9995
2 34721 073.9272 061.8705 0245225 250.9764 106.4653 13.83207348171721
0 COSMOS 2251 DEB
1 34721U 93036YP  12198.04459235  .00000984  00000-0  73084-3 0  9997
2 34721 073.9270 060.1541 0245190 249.0384 108.4352 13.83209494171864
0 COSMOS 2251 DEB
1 34721U 93036YP  12200.57591440  .00000983  00000-0  73006-3 0  9997
2 34721 073.9273 055.8630 0244897 244.1798 113.3721 13.83214288172217
0 COSMOS 2251 DEB
1 34721U 93036YP  12200.64824107 +.00000975 +00000-0 +72408-3 0  9990
2 34721 073.9276 055.7404 0244943 244.0069 113.5614 13.83214255172228
0 COSMOS 2251 DEB
1 34721U 93036YP  12204.33673075  .00000922  00000-0  68588-3 0  9992
2 34721 073.9280 049.4893 0244987 237.0211 120.6984 13.83220530172732
0 COSMOS 2251 DEB
1 34721U 93036YP  12207.59127608  .00000826  00000-0  61618-3 0  9999
2 34721 073.9299 043.9741 0244834 230.9715 126.8965 13.83224476173185
0 COSMOS 2251 DEB
1 34721U 93036YP  12210.91814636  .00000786  00000-0  58717-3 0  9994
2 34721 073.9248 038.3286 0244750 224.6620 133.4448 13.83229161173640
0 COSMOS 2251 DEB
1 34721U 93036YP  12211.56905577 +.00000710 +00000-0 +53184-3 0  9991
2 34721 073.9250 037.2231 0244739 223.2816 134.8647 13.83228777173738
0 COSMOS 2251 DEB
1 34721U 93036YP  12214.53430321  .00000723  00000-0  54149-3 0  9997
2 34721 073.9239 032.1955 0244685 217.7208 140.6649 13.83233517174146
0 COSMOS 2251 DEB
1 34721U 93036YP  12215.90843584  .00000747  00000-0  55815-3 0  9995
2 34721 073.9230 029.8641 0245136 215.0244 143.4719 13.83236181174335
0 COSMOS 2251 DEB
1 34721U 93036YP  12218.87366449  .00000856  00000-0  63822-3 0  9992
2 34721 073.9265 024.8348 0244016 209.4175 149.3234 13.83243175174741
0 COSMOS 2251 DEB
1 34721U 93036YP  12219.88617530  .00000873  00000-0  65040-3 0  9997
2 34721 073.9261 023.1177 0243809 207.5410 151.2666 13.83245319174887
0 COSMOS 2251 DEB
1 34721U 93036YP  12223.42996725  .00001006  00000-0  74484-3 0  9999
2 34721 073.9278 017.1097 0245294 200.8453 158.3156 13.83254596175376
0 COSMOS 2251 DEB
1 34721U 93036YP  12225.81657812  .00001113  00000-0  82307-3 0  9997
2 34721 073.9276 013.0638 0244558 196.2624 163.0737 13.83261589175705
0 COSMOS 2251 DEB
1 34721U 93036YP  12229.79425592  .00001134  00000-0  83748-3 0  9999
2 34721 073.9270 006.3208 0244578 188.7571 170.9303 13.83270957176252
0 COSMOS 2251 DEB
1 34721U 93036YP  12230.80675151  .00001120  00000-0  82686-3 0  9996
2 34721 073.9270 004.6043 0244942 186.8275 172.9445 13.83272935176397
0 COSMOS 2251 DEB
1 34721U 93036YP  12232.39781582  .00001124  00000-0  82926-3 0  9999
2 34721 073.9280 001.9071 0245175 183.8151 176.1121 13.83276625176610
0 COSMOS 2251 DEB
1 34721U 93036YP  12237.74954358  .00000913  00000-0  67890-3 0  9994
2 34721 073.9246 352.8324 0243526 173.6980 186.6112 13.83283358177355
0 COSMOS 2251 DEB
1 34721U 93036YP  12244.25838978  .00000869  00000-0  64354-3 0  9999
2 34721 073.9281 341.7994 0245848 161.8044 199.2243 13.83294534178256
0 COSMOS 2251 DEB
1 34721U 93036YP  12245.27086520  .00000873  00000-0  64625-3 0  9996
2 34721 073.9271 340.0818 0245713 159.8754 201.2285 13.83296418178396
0 COSMOS 2251 DEB
1 34721U 93036YP  12245.92174321 +.00000949 +00000-0 +70135-3 0  9992
2 34721 073.9290 338.9784 0245556 158.4998 202.6729 13.83299050178488
0 COSMOS 2251 DEB
1 34721U 93036YP  12246.93421682  .00000952  00000-0  70396-3 0  9992
2 34721 073.9288 337.2621 0245409 156.5709 204.6835 13.83301100178629
0 COSMOS 2251 DEB
1 34721U 93036YP  12246.93421682 +.00000952 +00000-0 +70396-3 0  9992
2 34721 073.9288 337.2621 0245409 156.5709 204.6835 13.83301100178629
0 COSMOS 2251 DEB
1 34721U 93036YP  12247.22349495 +.00000972 +00000-0 +71756-3 0  9999
2 34721 073.9289 336.7721 0245911 156.1028 205.1860 13.83302054178660
0 COSMOS 2251 DEB
1 34721U 93036YP  12248.66988137  .00001001  00000-0  73809-3 0  9995
2 34721 073.9287 334.3206 0246358 153.3448 208.0672 13.83305575178867
0 COSMOS 2251 DEB
1 34721U 93036YP  12250.26090238  .00001019  00000-0  75108-3 0  9993
2 34721 073.9288 331.6239 0246290 150.3018 211.2371 13.83309183179085
0 COSMOS 2251 DEB
1 34721U 93036YP  12252.64740964  .00001681  00000-0  12139-2 0  9994
2 34721 073.9286 327.5705 0244885 145.9246 215.8339 13.83323842179415
0 COSMOS 2251 DEB
1 34721U 93036YP  12252.64742666  .00001459  00000-0  10706-2 0  9996
2 34721 073.9283 327.5747 0244648 146.0249 215.8184 13.83322569179413
0 COSMOS 2251 DEB
1 34721U 93036YP  12253.22594541 +.00001458 +00000-0 +10702-2 0  9993
2 34721 073.9283 326.5941 0244655 144.9307 216.8204 13.83324271179492
0 COSMOS 2251 DEB
1 34721U 93036YP  12259.58989680  .00001248  00000-0  91754-3 0  9994
2 34721 073.9305 315.8072 0244641 132.9176 229.1761 13.83338223180375
0 COSMOS 2251 DEB
1 34721U 93036YP  12260.53004085 +.00001240 +00000-0 +91156-3 0  9996
2 34721 073.9310 314.2137 0244918 131.1450 231.1008 13.83340360180506
0 COSMOS 2251 DEB
1 34721U 93036YP  12263.13345228  .00001161  00000-0  85396-3 0  9993
2 34721 073.9317 309.8017 0244961 126.2332 236.1382 13.83345092180868
0 COSMOS 2251 DEB
1 34721U 93036YP  12265.51990731  .00000991  00000-0  73412-3 0  9998
2 34721 073.9311 305.7520 0243248 121.5323 240.9253 13.83346834181193
0 COSMOS 2251 DEB
1 34721U 93036YP  12266.09845112 +.00000910 +00000-0 +67391-3 0  9994
2 34721 073.9285 304.7686 0244168 120.6268 241.9012 13.83346266181277
0 COSMOS 2251 DEB
1 34721U 93036YP  12267.18320284  .00000903  00000-0  66884-3 0  9991
2 34721 073.9285 302.9294 0244282 118.5832 244.0092 13.83348161181427
0 COSMOS 2251 DEB
1 34721U 93036YP  12268.48489837  .00000884  00000-0  65488-3 0  9992
2 34721 073.9287 300.7224 0244203 116.0926 246.5512 13.83350240181603
0 COSMOS 2251 DEB
1 34721U 93036YP  12269.13574570 +.00000833 +00000-0 +61864-3 0  9992
2 34721 073.9317 299.6203 0243553 114.6803 247.9847 13.83350803181695
0 COSMOS 2251 DEB
1 34721U 93036YP  12270.14817345 +.00000873 +00000-0 +64762-3 0  9999
2 34721 073.9305 297.9028 0243958 112.9026 249.8176 13.83353326181830
0 COSMOS 2251 DEB
1 34721U 93036YP  12271.16059532  .00000875  00000-0  64891-3 0  9993
2 34721 073.9294 296.1860 0243801 110.9577 251.7818 13.83355068181973
0 COSMOS 2251 DEB
1 34721U 93036YP  12272.10070205 +.00000927 +00000-0 +68626-3 0  9996
2 34721 073.9304 294.5927 0243828 109.1958 253.5887 13.83357971182100
0 COSMOS 2251 DEB
1 34721U 93036YP  12273.11311859  .00001122  00000-0  82711-3 0  9990
2 34721 073.9300 292.8761 0244119 107.4483 255.3863 13.83362969182243
0 COSMOS 2251 DEB
1 34721U 93036YP  12274.12552645  .00001172  00000-0  86392-3 0  9996
2 34721 073.9281 291.1579 0243673 105.4567 257.3686 13.83365858182385
0 COSMOS 2251 DEB
1 34721U 93036YP  12274.48710113 +.00001178 +00000-0 +86832-3 0  9996
2 34721 073.9288 290.5458 0243802 104.7952 258.0334 13.83366876182430
0 COSMOS 2251 DEB
1 34721U 93036YP  12276.43960683  .00001204  00000-0  88601-3 0  9998
2 34721 073.9261 287.2322 0244070 101.1544 261.7224 13.83372046182705
0 COSMOS 2251 DEB
1 34721U 93036YP  12277.45201137  .00001234  00000-0  90665-3 0  9999
2 34721 073.9272 285.5167 0244590 099.3406 263.5616 13.83375430182847
0 COSMOS 2251 DEB
1 34721U 93036YP  12280.05532657  .00001384  00000-0  10169-2 0  9999
2 34721 073.9259 281.1014 0243596 094.1181 268.8432 13.83385291183204
0 COSMOS 2251 DEB
1 34721U 93036YP  12280.41688406 +.00001490 +00000-0 +10939-2 0  9996
2 34721 073.9246 280.4863 0243528 093.3654 269.5453 13.83387729183259
0 COSMOS 2251 DEB
1 34721U 93036YP  12281.06770609  .00001520  00000-0  11153-2 0  9998
2 34721 073.9233 279.3815 0243496 092.1789 270.7281 13.83390066183340
0 COSMOS 2251 DEB
1 34721U 93036YP  12281.42927342 +.00001494 +00000-0 +10968-2 0  9999
2 34721 073.9243 278.7685 0243442 091.4531 271.4465 13.83390874183391
0 COSMOS 2251 DEB
1 34721U 93036YP  12283.96024195  .00001489  00000-0  10929-2 0  9995
2 34721 073.9248 274.4776 0243542 086.7257 276.1628 13.83398323183742
0 COSMOS 2251 DEB
1 34721U 93036YP  12284.39412180 +.00001468 +00000-0 +10784-2 0  9994
2 34721 073.9239 273.7404 0243271 085.8387 277.0439 13.83399148183808
0 COSMOS 2251 DEB
1 34721U 93036YP  12284.97262702  .00001461  00000-0  10733-2 0  9998
2 34721 073.9239 272.7595 0243317 084.7525 278.1284 13.83400718183885
0 COSMOS 2251 DEB
1 34721U 93036YP  12286.92507218  .00001437  00000-0  10555-2 0  9994
2 34721 073.9244 269.4489 0243346 081.0416 281.8086 13.83406020184151
0 COSMOS 2251 DEB
1 34721U 93036YP  12287.35894973 +.00001413 +00000-0 +10385-2 0  9994
2 34721 073.9240 268.7128 0243284 080.1964 282.6490 13.83406763184217
0 COSMOS 2251 DEB
1 34721U 93036YP  12288.00976291  .00001407  00000-0  10339-2 0  9993
2 34721 073.9241 267.6093 0243300 078.9862 283.8496 13.83408481184306
0 COSMOS 2251 DEB
1 34721U 93036YP  12289.02213597  .00001398  00000-0  10277-2 0  9999
2 34721 073.9241 265.8925 0243251 077.1007 285.7153 13.83411217184444
0 COSMOS 2251 DEB
1 34721U 93036YP  12290.32375421  .00001333  00000-0  98068-3 0  9993
2 34721 073.9246 263.6855 0243159 074.5831 288.1892 13.83413848184629
0 COSMOS 2251 DEB
1 34721U 93036YP  12291.33611854  .00001410  00000-0  10357-2 0  9998
2 34721 073.9230 261.9664 0243317 072.7583 290.0075 13.83418359184763
0 COSMOS 2251 DEB
1 34721U 93036YP  12292.34848060  .00001425  00000-0  10469-2 0  9991
2 34721 073.9234 260.2508 0243361 070.9491 291.7901 13.83421683184909
0 COSMOS 2251 DEB
1 34721U 93036YP  12294.95168587  .00001564  00000-0  11478-2 0  9994
2 34721 073.9240 255.8364 0242872 066.0279 296.6517 13.83431971185260
0 COSMOS 2251 DEB
1 34721U 93036YP  12295.31323126  .00001664  00000-0  12208-2 0  9990
2 34721 073.9238 255.2230 0242574 065.4688 297.1946 13.83435367185310
0 COSMOS 2251 DEB
1 34721U 93036YP  12297.91639857  .00001760  00000-0  12896-2 0  9999
2 34721 073.9238 250.8077 0242981 060.4257 302.1069 13.83446059185671
0 COSMOS 2251 DEB
1 34721U 93036YP  12298.85642351  .00001996  00000-0  14622-2 0  9996
2 34721 073.9238 249.2126 0242244 058.3503 304.2470 13.83455769185802
0 COSMOS 2251 DEB
1 34721U 93036YP  12299.94103331  .00002016  00000-0  14764-2 0  9998
2 34721 073.9237 247.3737 0242309 056.4398 305.9628 13.83460688185956
0 COSMOS 2251 DEB
1 34721U 93036YP  12299.94103331 +.00002016 +00000-0 +14764-2 0  9998
2 34721 073.9237 247.3737 0242309 056.4398 305.9628 13.83460688185956
0 COSMOS 2251 DEB
1 34721U 93036YP  12301.89337544  .00002358  00000-0  17185-2 0  9990
2 34721 073.9234 244.0593 0243837 052.2173 310.1481 13.83475278186226
0 COSMOS 2251 DEB
1 34721U 93036YP  12304.85798331  .00002523  00000-0  18358-2 0  9991
2 34721 073.9226 239.0308 0244138 046.7659 315.3859 13.83492902186631
0 COSMOS 2251 DEB
1 34721U 93036YP  12308.18409011  .00002558  00000-0  18612-2 0  9996
2 34721 073.9241 233.3898 0243901 040.5228 321.3669 13.83510506187098
0 COSMOS 2251 DEB
1 34721U 93036YP  12308.83484852  .00002461  00000-0  17945-2 0  9995
2 34721 073.9255 232.2890 0243016 039.4360 322.3694 13.83511302187188
0 COSMOS 2251 DEB
1 34721U 93036YP  12309.84714438  .00002458  00000-0  17924-2 0  9996
2 34721 073.9258 230.5727 0242940 037.5232 324.2544 13.83516223187321
0 COSMOS 2251 DEB
1 34721U 93036YP  12310.85942722  .00002421  00000-0  17662-2 0  9997
2 34721 073.9262 228.8567 0242871 035.6491 326.0447 13.83520456187467
0 COSMOS 2251 DEB
1 34721U 93036YP  12313.82394984  .00002009  00000-0  14637-2 0  9999
2 34721 073.9254 223.8272 0244495 030.0158 331.3010 13.83525704187870
0 COSMOS 2251 DEB
1 34721U 93036YP  12313.82400494  .00001575  00000-0  11347-2 0  9995
2 34721 073.9273 223.8246 0244296 029.8327 331.6924 13.83519430187871
0 COSMOS 2251 DEB
1 34721U 93036YP  12315.12547923  .00001878  00000-0  13675-2 0  9991
2 34721 073.9275 221.6240 0245347 027.3945 333.9149 13.83527764188054
0 COSMOS 2251 DEB
1 34721U 93036YP  12316.71620630  .00001669  00000-0  12192-2 0  9995
2 34721 073.9235 218.9193 0244301 024.5967 336.5945 13.83529219188272
0 COSMOS 2251 DEB
1 34721U 93036YP  12317.80079524  .00001662  00000-0  12144-2 0  9996
2 34721 073.9235 217.0798 0244214 022.5463 338.6152 13.83532739188426
0 COSMOS 2251 DEB
1 34721U 93036YP  12319.75302521  .00001509  00000-0  11037-2 0  9998
2 34721 073.9246 213.7690 0244507 018.7029 342.2551 13.83536515188691
0 COSMOS 2251 DEB
1 34721U 93036YP  12321.70525587  .00001489  00000-0  10893-2 0  9991
2 34721 073.9250 210.4581 0244446 015.0087 345.8063 13.83542083188969
0 COSMOS 2251 DEB
1 34721U 93036YP  12323.65747271  .00001487  00000-0  10876-2 0  9992
2 34721 073.9264 207.1503 0244682 011.3142 349.3386 13.83548209189238
0 COSMOS 2251 DEB
1 34721U 93036YP  12324.66972822  .00001516  00000-0  11073-2 0  9999
2 34721 073.9249 205.4295 0245020 009.3926 351.1766 13.83551916189371
0 COSMOS 2251 DEB
1 34721U 93036YP  12328.64642260  .00001558  00000-0  11382-2 0  9990
2 34721 073.9234 198.6813 0244626 002.2502 357.9800 13.83565050189925
0 COSMOS 2251 DEB
1 34721U 93036YP  12331.61084100  .00001520  00000-0  11106-2 0  9997
2 34721 073.9237 193.6533 0244949 356.5212 003.3966 13.83573411190335
0 COSMOS 2251 DEB
1 34721U 93036YP  12338.26265237  .00001266  00000-0  91880-3 0  9992
2 34721 073.9219 182.3654 0249944 342.0037 017.1062 13.83587610191257
0 COSMOS 2251 DEB
1 34721U 93036YP  12339.63641576  .00000618  00000-0  46085-3 0  9995
2 34721 073.9278 180.0458 0246643 341.4984 017.5319 13.83579115191447
0 COSMOS 2251 DEB
1 34721U 93036YP  12342.60085580  .00000701  00000-0  52075-3 0  9992
2 34721 073.9269 175.0200 0245925 336.3294 022.6325 13.83583034191859
0 COSMOS 2251 DEB
1 34721U 93036YP  12350.48179688  .00000425  00000-0  32252-3 0  9998
2 34721 073.9253 161.6445 0246752 320.9501 037.2646 13.83587142192946
0 COSMOS 2251 DEB
1 34721U 93036YP  12352.50628921  .00000471  00000-0  35582-3 0  9992
2 34721 073.9294 158.2116 0246308 317.0305 041.1882 13.83589718193223
0 COSMOS 2251 DEB
1 34721U 93036YP  12353.51851898  .00000498  00000-0  37477-3 0  9999
2 34721 073.9271 156.4916 0246723 315.1566 042.9894 13.83591184193362
0 COSMOS 2251 DEB
1 34721U 93036YP  12356.84441792  .00000505  00000-0  38036-3 0  9997
2 34721 073.9266 150.8499 0246775 308.8521 049.0850 13.83594832193821
0 COSMOS 2251 DEB
1 34721U 93036YP  12359.80880201  .00000545  00000-0  40887-3 0  9999
2 34721 073.9266 145.8215 0246876 303.2697 054.5078 13.83598808194232
0 COSMOS 2251 DEB
1 34721U 93036YP  12361.76095152  .00000566  00000-0  42391-3 0  9995
2 34721 073.9273 142.5104 0246859 299.5471 058.1248 13.83601614194508
0 COSMOS 2251 DEB
1 34721U 93036YP  12362.77317852  .00000676  00000-0  50230-3 0  9994
2 34721 073.9278 140.7946 0246909 297.7472 059.8862 13.83604244194641
0 COSMOS 2251 DEB
1 34721U 93036YP  12363.78540265  .00000650  00000-0  48392-3 0  9990
2 34721 073.9275 139.0762 0247129 295.8383 061.7389 13.83605236194783
0 COSMOS 2251 DEB
1 34721U 93036YP  13001.03898349  .00000697  00000-0  51753-3 0  9993
2 34721 073.9268 133.5568 0247166 289.7783 067.6922 13.83610525195231
0 COSMOS 2251 DEB
1 34721U 93036YP  13002.77422141  .00000707  00000-0  52466-3 0  9992
2 34721 073.9267 130.6137 0247092 286.4842 070.9312 13.83613281195476
0 COSMOS 2251 DEB
1 34721U 93036YP  13004.72636285  .00000719  00000-0  53258-3 0  9998
2 34721 073.9285 127.3030 0247153 282.6436 074.7266 13.83616439195744
0 COSMOS 2251 DEB
1 34721U 93036YP  13008.34143411  .00000995  00000-0  72844-3 0  9992
2 34721 073.9304 121.1698 0248548 275.8441 081.5933 13.83628830196248
0 COSMOS 2251 DEB
1 34721U 93036YP  13009.35361475  .00001043  00000-0  76230-3 0  9994
2 34721 073.9316 119.4538 0248735 273.7858 083.5042 13.83632155196384
0 COSMOS 2251 DEB
1 34721U 93036YP  13011.95643829  .00001199  00000-0  87373-3 0  9991
2 34721 073.9301 115.0333 0248304 268.8022 088.4994 13.83640900196740
0 COSMOS 2251 DEB
1 34721U 93036YP  13013.33014005  .00001280  00000-0  93152-3 0  9996
2 34721 073.9291 112.7040 0248435 266.4670 090.8152 13.83646110196938
0 COSMOS 2251 DEB
1 34721U 93036YP  13015.93294597  .00001394  00000-0  10125-2 0  9994
2 34721 073.9280 108.2870 0248613 261.6272 095.6917 13.83655229197293
0 COSMOS 2251 DEB
1 34721U 93036YP  13016.65593920  .00001548  00000-0  11212-2 0  9995
2 34721 073.9288 107.0625 0248943 260.3938 096.9578 13.83660971197395
0 COSMOS 2251 DEB
1 34721U 93036YP  13017.66812001  .00001622  00000-0  11730-2 0  9999
2 34721 073.9297 105.3453 0249354 258.4723 098.8423 13.83665611197534
0 COSMOS 2251 DEB
1 34721U 93036YP  13019.25870530  .00001823  00000-0  13131-2 0  9997
2 34721 073.9313 102.6463 0250264 255.4152 101.9614 13.83674264197755
0 COSMOS 2251 DEB
1 34721U 93036YP  13020.27087947  .00001871  00000-0  13459-2 0  9999
2 34721 073.9318 100.9294 0250732 253.4524 103.9049 13.83679133197893
0 COSMOS 2251 DEB
1 34721U 93036YP  13022.58443740  .00001888  00000-0  13581-2 0  9996
2 34721 073.9312 097.0047 0250693 249.1022 108.3102 13.83688168198214
0 COSMOS 2251 DEB
1 34721U 93036YP  13023.59661814  .00001833  00000-0  13180-2 0  9997
2 34721 073.9305 095.2866 0250958 247.2893 110.1427 13.83690823198351
0 COSMOS 2251 DEB
1 34721U 93036YP  13027.21153590  .00001720  00000-0  12373-2 0  9995
2 34721 073.9311 089.1553 0251263 240.3513 117.2155 13.83701548198854
0 COSMOS 2251 DEB
1 34721U 93036YP  13027.50073262  .00001633  00000-0  11751-2 0  9996
2 34721 073.9313 088.6649 0251431 239.7880 117.7741 13.83700414198893
0 COSMOS 2251 DEB
1 34721U 93036YP  13031.18793378  .00001364  00000-0  98492-3 0  9991
2 34721 073.9292 082.4055 0250955 232.8385 124.8370 13.83706244199408
0 COSMOS 2251 DEB
1 34721U 93036YP  13031.54944808  .00001327  00000-0  95960-3 0  9993
2 34721 073.9255 081.7856 0250536 232.5606 125.2198 13.83706108199453
0 COSMOS 2251 DEB
1 34721U 93036YP  13033.79068915  .00001091  00000-0  79055-3 0  9993
2 34721 073.9277 077.9853 0251452 228.0698 129.8422 13.83707930199768
0 COSMOS 2251 DEB
1 34721U 93036YP  13035.16435765  .00001044  00000-0  75679-3 0  9993
2 34721 073.9280 075.6551 0251664 225.3641 132.6608 13.83709889199959
0 COSMOS 2251 DEB
1 34721U 93036YP  13038.12857117  .00000863  00000-0  62740-3 0  9994
2 34721 073.9279 070.6250 0252556 219.8259 138.3643 13.83712367200367
0 COSMOS 2251 DEB
1 34721U 93036YP  13039.50223969  .00000858  00000-0  62359-3 0  9999
2 34721 073.9275 068.2946 0252592 217.2219 141.1160 13.83714701200557
0 COSMOS 2251 DEB
1 34721U 93036YP  13041.09279096  .00000715  00000-0  52372-3 0  9994
2 34721 073.9271 065.5938 0251902 214.3434 144.0573 13.83714307200771
0 COSMOS 2251 DEB
1 34721U 93036YP  13042.10497212  .00000733  00000-0  53592-3 0  9994
2 34721 073.9268 063.8759 0251930 212.4406 146.1062 13.83716256200915
0 COSMOS 2251 DEB
1 34721U 93036YP  13043.47862905  .00000673  00000-0  49374-3 0  9996
2 34721 073.9276 061.5449 0252091 209.9298 148.7165 13.83717430201103
0 COSMOS 2251 DEB
1 34721U 93036YP  13044.70769190  .00000670  00000-0  49146-3 0  9999
2 34721 073.9267 059.4594 0252095 207.6107 151.1434 13.83719049201271
0 COSMOS 2251 DEB
1 34721U 93036YP  13046.00905057  .00000663  00000-0  48612-3 0  9997
2 34721 073.9254 057.2463 0251970 205.2367 153.6266 13.83720644201454
0 COSMOS 2251 DEB
1 34721U 93036YP  13048.03338406  .00000689  00000-0  50480-3 0  9994
2 34721 073.9256 053.8119 0251741 201.4304 157.6164 13.83723905201736
0 COSMOS 2251 DEB
1 34721U 93036YP  13049.04554864  .00000679  00000-0  49728-3 0  9996
2 34721 073.9257 052.0945 0251826 199.5079 159.6255 13.83725130201875
0 COSMOS 2251 DEB
1 34721U 93036YP  13052.66041910  .00000623  00000-0  45808-3 0  9995
2 34721 073.9273 045.9595 0251669 192.8041 166.6450 13.83729005202371
0 COSMOS 2251 DEB
1 34721U 93036YP  13053.67258740  .00000598  00000-0  43988-3 0  9996
2 34721 073.9273 044.2419 0251692 190.9024 168.6579 13.83729634202512
0 COSMOS 2251 DEB
1 34721U 93036YP  13055.98610159  .00000532  00000-0  39354-3 0  9998
2 34721 073.9263 040.3148 0251515 186.5081 173.2657 13.83731225202838
0 COSMOS 2251 DEB
1 34721U 93036YP  13059.89614302  .00000517  00000-0  38410-3 0  9991
2 34721 073.9272 033.6681 0249951 179.0858 210.8458 13.83729873203378
0 COSMOS 2251 DEB
1 34721U 93036YP  13063.60114898  .00000438  00000-0  32747-3 0  9999
2 34721 073.9279 027.3799 0249946 172.0466 307.1081 13.83733048203884
0 COSMOS 2251 DEB
1 34721U 93036YP  13064.61251310  .00000386  00000-0  29027-3 0  9991
2 34721 073.9290 025.6639 0249960 170.1662 305.1244 13.83733767204028
0 COSMOS 2251 DEB
1 34721U 93036YP  13066.91490638  .00000426  00000-0  31854-3 0  9990
2 34721 073.9287 021.7565 0249871 165.7654 254.4116 13.83735358204348
0 COSMOS 2251 DEB
1 34721U 93036YP  13067.92727109  .00000490  00000-0  36458-3 0  9994
2 34721 073.9289 020.0387 0249853 163.8388 257.4662 13.83736122204481
0 COSMOS 2251 DEB
1 34721U 93036YP  13069.31439891  .00000514  00000-0  38103-3 0  9993
2 34721 073.9290 017.6850 0249818 161.1901 327.4016 13.83737245204672
0 COSMOS 2251 DEB
1 34721U 93036YP  13070.54207267  .00000566  00000-0  41797-3 0  9990
2 34721 073.9289 015.6018 0249804 158.8462 323.0268 13.83738535204847
0 COSMOS 2251 DEB
1 34721U 93036YP  13072.28286759  .00000612  00000-0  45090-3 0  9998
2 34721 073.9287 012.6477 0249791 155.5180 354.7659 13.83740762205084
0 COSMOS 2251 DEB
1 34721U 93036YP  13074.14535971  .00000644  00000-0  47341-3 0  9994
2 34721 073.9288 009.4874 0249778 151.9667 272.7422 13.83743415205349
0 COSMOS 2251 DEB
1 34721U 93036YP  13075.52916877  .00000662  00000-0  48624-3 0  9990
2 34721 073.9289 007.1392 0249755 149.3524 326.1520 13.83745900205533
0 COSMOS 2251 DEB
1 34721U 93036YP  13077.83155856  .00000543  00000-0  40185-3 0  9990
2 34721 073.9291 003.2325 0249696 144.9697 275.5097 13.83749003205854
0 COSMOS 2251 DEB
1 34721U 93036YP  13080.79678760  .00000635  00000-0  46668-3 0  9997
2 34721 073.9291 358.2009 0249737 139.3109 286.8598 13.83753400206261
0 COSMOS 2251 DEB
1 34721U 93036YP  13081.80768737  .00000684  00000-0  50157-3 0  9996
2 34721 073.9292 356.4859 0249720 137.3863 282.6842 13.83754635206405
0 COSMOS 2251 DEB
1 34721U 93036YP  13082.81999613  .00000695  00000-0  50950-3 0  9990
2 34721 073.9290 354.7677 0249693 135.4693 285.5217 13.83755694206540
0 COSMOS 2251 DEB
1 34721U 93036YP  13084.20675472  .00000729  00000-0  53338-3 0  9990
2 34721 073.9288 352.4143 0249686 132.8335 353.7035 13.83757422206734
0 COSMOS 2251 DEB
1 34721U 93036YP  13086.44566153  .00000745  00000-0  54481-3 0  9991
2 34721 073.9285 348.6150 0249713 128.5707 346.9134 13.83760856207046
0 COSMOS 2251 DEB
1 34721U 93036YP  13088.74792635  .00000777  00000-0  56756-3 0  9994
2 34721 073.9283 344.7083 0249713 124.1945 295.7662 13.83764387207367
0 COSMOS 2251 DEB
1 34721U 93036YP  13090.13436098  .00000933  00000-0  67805-3 0  9999
2 34721 073.9282 342.3552 0249753 121.5539 002.3876 13.83766181207559
0 COSMOS 2251 DEB
1 34721U 93036YP  13091.15220269  .00001000  00000-0  72572-3 0  9996
2 34721 073.9279 340.6271 0249770 119.6190 032.8400 13.83767865207690
0 COSMOS 2251 DEB
1 34721U 93036YP  13092.44824053  .00001061  00000-0  76875-3 0  9997
2 34721 073.9280 338.4284 0249759 117.1524 009.1596 13.83770501207876
0 COSMOS 2251 DEB
1 34721U 93036YP  13093.65906538  .00001117  00000-0  80877-3 0  9999
2 34721 073.9278 336.3736 0249691 114.8480 280.9937 13.83773475208032
0 COSMOS 2251 DEB
1 34721U 93036YP  13095.12309596  .00001148  00000-0  83060-3 0  9995
2 34721 073.9273 333.8887 0249775 112.0751 014.2010 13.83776875208240
0 COSMOS 2251 DEB
1 34721U 93036YP  13098.06233944  .00001108  00000-0  80173-3 0  9992
2 34721 073.9274 328.9083 0249993 106.5710 256.3254 13.83785136208642
0 COSMOS 2251 DEB
1 34721U 93036YP  13100.02949979  .00001776  00000-0  12751-2 0  9991
2 34721 073.9263 325.5620 0249871 102.7626 336.1016 13.83792678208922
0 COSMOS 2251 DEB
1 34721U 93036YP  13105.58075389  .00001730  00000-0  12418-2 0  9992
2 34721 073.9216 316.1424 0250086 092.2650 270.7437 13.83813651209698
0 COSMOS 2251 DEB
1 34721U 93036YP  13106.60511454  .00001105  00000-0  79904-3 0  9994
2 34721 073.9257 314.4012 0249857 090.2942 333.8628 13.83815933209837
0 COSMOS 2251 DEB
1 34721U 93036YP  13108.55061817  .00001121  00000-0  81063-3 0  9990
2 34721 073.9245 311.0943 0249832 086.5667 305.9155 13.83819862210107
0 COSMOS 2251 DEB
1 34721U 93036YP  13111.58090719  .00001609  00000-0  11577-2 0  9993
2 34721 073.9233 305.9604 0249242 080.9098 282.0499 13.83831863210528
0 COSMOS 2251 DEB
1 34721U 93036YP  13111.59412324  .00001351  00000-0  97372-3 0  9996
2 34721 073.9256 305.9317 0249593 080.7128 348.0315 13.83826837210520
0 COSMOS 2251 DEB
1 34721U 93036YP  13115.49021211  .00001018  00000-0  73726-3 0  9997
2 34721 073.9265 299.3199 0249927 073.4816 317.3940 13.83836438211069
0 COSMOS 2251 DEB
1 34721U 93036YP  13116.50256627  .00001042  00000-0  75423-3 0  9994
2 34721 073.9313 297.6037 0249712 071.5952 320.7260 13.83839204211200
0 COSMOS 2251 DEB
1 34721U 93036YP  13117.52145895  .00000994  00000-0  72087-3 0  9999
2 34721 073.9315 295.8746 0249574 069.6802 356.6572 13.83841887211346
0 COSMOS 2251 DEB
1 34721U 93036YP  13119.54543847  .00001219  00000-0  87972-3 0  9992
2 34721 073.9322 292.4408 0249653 065.8211 359.8265 13.83847284211624
0 COSMOS 2251 DEB
1 34721U 93036YP  13126.40561992  .00001290  00000-0  92990-3 0  9991
2 34721 073.9288 280.7920 0249860 052.7451 336.6408 13.83873926212574
0 COSMOS 2251 DEB
1 34721U 93036YP  13127.41820866  .00001216  00000-0  87785-3 0  9995
2 34721 073.9273 279.0714 0249590 050.8420 341.2956 13.83876572212711
0 COSMOS 2251 DEB
1 34721U 93036YP  13130.38220928  .00000917  00000-0  66656-3 0  9999
2 34721 073.9263 274.0395 0249114 045.1919 347.8979 13.83884619213126
0 COSMOS 2251 DEB
1 34721U 93036YP  13131.39370601  .00001007  00000-0  73046-3 0  9997
2 34721 073.9262 272.3226 0249063 043.2622 347.1747 13.83886564213264
0 COSMOS 2251 DEB
1 34721U 93036YP  13133.80266644  .00001265  00000-0  91401-3 0  9997
2 34721 073.9258 268.2329 0248861 038.6543 108.6530 13.83890927213596
0 COSMOS 2251 DEB
1 34721U 93036YP  13134.81541664  .00001136  00000-0  82242-3 0  9997
2 34721 073.9266 266.5150 0248707 036.7132 114.2050 13.83893438213736
0 COSMOS 2251 DEB
1 34721U 93036YP  13138.41248928  .00001183  00000-0  85587-3 0  9991
2 34721 073.9263 260.4079 0248646 029.8302 034.9898 13.83902761214234
0 COSMOS 2251 DEB
1 34721U 93036YP  13141.29686183  .00000960  00000-0  69773-3 0  9991
2 34721 073.9264 255.5117 0248533 024.3074 005.1682 13.83909068214636
0 COSMOS 2251 DEB
1 34721U 93036YP  13142.38797672  .00000911  00000-0  66283-3 0  9997
2 34721 073.9265 253.6595 0248523 022.2136 041.2122 13.83910903214787
0 COSMOS 2251 DEB
1 34721U 93036YP  13144.33802322  .00001068  00000-0  77473-3 0  9990
2 34721 073.9265 250.3494 0248480 018.4887 036.5400 13.83914789215054
0 COSMOS 2251 DEB
1 34721U 93036YP  13145.73166620  .00000985  00000-0  71614-3 0  9997
2 34721 073.9263 247.9837 0248438 015.8054 139.8479 13.83917519215243
0 COSMOS 2251 DEB
1 34721U 93036YP  13147.37605277  .00000789  00000-0  57651-3 0  9992
2 34721 073.9263 245.1923 0248420 012.6563 052.3917 13.83920539215466
0 COSMOS 2251 DEB
1 34721U 93036YP  13149.24874706  .00000740  00000-0  54194-3 0  9991
2 34721 073.9266 242.0135 0248392 009.0644 022.4240 13.83923216215729
0 COSMOS 2251 DEB
1 34721U 93036YP  13152.21257058  .00000811  00000-0  59247-3 0  9990
2 34721 073.9263 236.9818 0248424 003.3887 028.6384 13.83927643216139
0 COSMOS 2251 DEB
1 34721U 93036YP  13153.22454163  .00000795  00000-0  58111-3 0  9998
2 34721 073.9263 235.2639 0248417 001.4419 030.4482 13.83929268216274
0 COSMOS 2251 DEB
1 34721U 93036YP  13159.15104848  .00000545  00000-0  40431-3 0  9997
2 34721 073.9260 225.2035 0248542 350.0860 037.3592 13.83937582217099
0 COSMOS 2251 DEB
1 34721U 93036YP  13160.16321374  .00000549  00000-0  40655-3 0  9997
2 34721 073.9261 223.4853 0248564 348.1412 040.1724 13.83938362217235
0 COSMOS 2251 DEB
1 34721U 93036YP  13164.59772705  .00000491  00000-0  36548-3 0  9998
2 34721 073.9263 215.9569 0248733 339.6696 173.8130 13.83942753217856
0 COSMOS 2251 DEB
1 34721U 93036YP  13167.10220097  .00000526  00000-0  39075-3 0  9997
2 34721 073.9262 211.7054 0248827 334.9110 051.6119 13.83945281218198
0 COSMOS 2251 DEB
1 34721U 93036YP  13172.16956618  .00000540  00000-0  40035-3 0  9998
2 34721 073.9256 203.1022 0248973 325.2773 098.3288 13.83952528218907
0 COSMOS 2251 DEB
1 34721U 93036YP  13179.03002506  .00000413  00000-0  31073-3 0  9990
2 34721 073.9256 191.4542 0248977 312.2582 078.7987 13.83958973219854
0 COSMOS 2251 DEB
1 34721U 93036YP  13183.46382748  .00000320  00000-0  24469-3 0  9999
2 34721 073.9260 183.9266 0248788 303.8844 209.1296 13.83963598220466
0 COSMOS 2251 DEB
1 34721U 93036YP  13185.96919858  .00000294  00000-0  22644-3 0  9997
2 34721 073.9264 179.6730 0248611 299.1532 091.5545 13.83966865220802
0 COSMOS 2251 DEB
1 34721U 93036YP  13186.98129660  .00000252  00000-0  19718-3 0  9996
2 34721 073.9266 177.9546 0248521 297.2434 094.1016 13.83968174220942
0 COSMOS 2251 DEB
1 34721U 93036YP  13188.37341483  .00000281  00000-0  21764-3 0  9996
2 34721 073.9268 175.5910 0248388 294.6172 190.0233 13.83970318221147
0 COSMOS 2251 DEB
1 34721U 93036YP  13190.02233168  .00000187  00000-0  15104-3 0  9997
2 34721 073.9268 172.7915 0248203 291.4997 125.4030 13.83972248221373
0 COSMOS 2251 DEB
1 34721U 93036YP  13196.96155610  .00000033  00000-0  41435-4 0  9998
2 34721 073.9270 161.0104 0247563 278.3681 138.7689 13.83979862222332
0 COSMOS 2251 DEB
1 34721U 93036YP  13198.35484492  .00000070  00000-0  68227-4 0  9995
2 34721 073.9270 158.6449 0247392 275.7277 240.6040 13.83981995222523
0 COSMOS 2251 DEB
1 34721U 93036YP  13200.30573096  .00000134  00000-0  11371-3 0  9991
2 34721 073.9275 155.3332 0247295 272.0289 240.5815 13.83984041222791
0 COSMOS 2251 DEB
1 34721U 93036YP  13201.31940645  .00000180  00000-0  14634-3 0  9997
2 34721 073.9274 153.6120 0247218 270.1075 251.0634 13.83984837222938
0 COSMOS 2251 DEB
1 34721U 93036YP  13208.80999168  .00000353  00000-0  26949-3 0  9996
2 34721 073.9272 140.8953 0246569 255.8790 131.9004 13.83993246223965
0 COSMOS 2251 DEB
1 34721U 93036YP  13211.22140631  .00000310  00000-0  23884-3 0  9997
2 34721 073.9270 136.8009 0246071 251.2506 266.5461 13.83995130224308
0 COSMOS 2251 DEB
1 34721U 93036YP  13212.23246564  .00000406  00000-0  30743-3 0  9999
2 34721 073.9274 135.0848 0246077 249.3348 264.0463 13.83997588224441
0 COSMOS 2251 DEB
1 34721U 93036YP  13215.19610155  .00000588  00000-0  43688-3 0  9991
2 34721 073.9273 130.0535 0245783 243.6633 270.1231 13.84001271224857
0 COSMOS 2251 DEB
1 34721U 93036YP  13216.20963852  .00000638  00000-0  47274-3 0  9990
2 34721 073.9269 128.3326 0245698 241.7278 279.9937 13.84002565224991
0 COSMOS 2251 DEB
1 34721U 93036YP  13220.18388122  .00000806  00000-0  59201-3 0  9993
2 34721 073.9266 121.5851 0245537 234.1592 281.3887 13.84008819225544
0 COSMOS 2251 DEB
1 34721U 93036YP  13223.14742679  .00000805  00000-0  59163-3 0  9999
2 34721 073.9265 116.5534 0245412 228.5097 287.1167 13.84014083225954
0 COSMOS 2251 DEB
1 34721U 93036YP  13224.15981418  .00000750  00000-0  55239-3 0  9996
2 34721 073.9269 114.8350 0245308 226.5590 291.3220 13.84014972226095
0 COSMOS 2251 DEB
1 34721U 93036YP  13226.10550052  .00001041  00000-0  75998-3 0  9997
2 34721 073.9279 111.5326 0245240 222.8544 265.6550 13.84020067226368
0 COSMOS 2251 DEB
1 34721U 93036YP  13228.68785050  .00001060  00000-0  77309-3 0  9999
2 34721 073.9276 107.1485 0245152 217.9142 172.2003 13.84024726226714
0 COSMOS 2251 DEB
1 34721U 93036YP  13230.63927910  .00001084  00000-0  78990-3 0  9993
2 34721 073.9261 103.8343 0245158 214.2306 175.1380 13.84027115226986
0 COSMOS 2251 DEB
1 34721U 93036YP  13233.05128157  .00001292  00000-0  93856-3 0  9997
2 34721 073.9260 099.7388 0245115 209.6362 312.9799 13.84032407227324
0 COSMOS 2251 DEB
1 34721U 93036YP  13236.08671183  .00001298  00000-0  94201-3 0  9996
2 34721 073.9272 094.5856 0245081 203.8319 317.1418 13.84039903227749
0 COSMOS 2251 DEB
1 34721U 93036YP  13237.65673983  .00001315  00000-0  95459-3 0  9996
2 34721 073.9268 091.9196 0245104 200.8135 219.9250 13.84043843227955
0 COSMOS 2251 DEB
1 34721U 93036YP  13239.04905384  .00001171  00000-0  85132-3 0  9991
2 34721 073.9262 089.5551 0245126 198.2004 317.1890 13.84045249228152
0 COSMOS 2251 DEB
1 34721U 93036YP  13240.06203082  .00001201  00000-0  87258-3 0  9996
2 34721 073.9261 087.8351 0245121 196.2804 324.4134 13.84048764228293
0 COSMOS 2251 DEB
1 34721U 93036YP  13242.01334133  .00001170  00000-0  85071-3 0  9991
2 34721 073.9260 084.5217 0245147 192.5780 326.9796 13.84052168228561
0 COSMOS 2251 DEB
1 34721U 93036YP  13244.59548263  .00001198  00000-0  87043-3 0  9998
2 34721 073.9258 080.1367 0245110 187.6955 232.7371 13.84057296228914
0 COSMOS 2251 DEB
1 34721U 93036YP  13245.98731611  .00001103  00000-0  80226-3 0  9995
2 34721 073.9261 077.7732 0245146 185.0532 327.7109 13.84059975229111
0 COSMOS 2251 DEB
1 34721U 93036YP  13248.49233723  .00001172  00000-0  85170-3 0  9994
2 34721 073.9267 073.5195 0245142 180.3222 209.2780 13.84065178229452
0 COSMOS 2251 DEB
1 34721U 93036YP  13249.50445546  .00001029  00000-0  74977-3 0  9999
2 34721 073.9267 071.8007 0245082 178.4155 212.2833 13.84067483229590
0 COSMOS 2251 DEB
1 34721U 93036YP  13251.53426366  .00001198  00000-0  87005-3 0  9997
2 34721 073.9270 068.3540 0245056 174.5871 246.0903 13.84071073229874
0 COSMOS 2251 DEB
1 34721U 93036YP  13252.54618894  .00001084  00000-0  78901-3 0  9997
2 34721 073.9273 066.6359 0245017 172.6776 248.1590 13.84073206230019
0 COSMOS 2251 DEB
1 34721U 93036YP  13254.95092189  .00001354  00000-0  98068-3 0  9993
2 34721 073.9276 062.5525 0244928 168.1455 350.1282 13.84077997230356
0 COSMOS 2251 DEB
1 34721U 93036YP  13256.52141363  .00001183  00000-0  85929-3 0  9999
2 34721 073.9276 059.8853 0244875 165.1776 255.3847 13.84082220230564
0 COSMOS 2251 DEB
1 34721U 93036YP  13257.91355566  .00001074  00000-0  78152-3 0  9994
2 34721 073.9280 057.5214 0244804 162.5481 352.0021 13.84084119230761
0 COSMOS 2251 DEB
1 34721U 93036YP  13260.49688052  .00001177  00000-0  85462-3 0  9996
2 34721 073.9283 053.1346 0244649 157.6645 263.9493 13.84089225231112
0 COSMOS 2251 DEB
1 34721U 93036YP  13261.88323905  .00000987  00000-0  71959-3 0  9997
2 34721 073.9286 050.7808 0244566 155.0353 331.7979 13.84092937231316
0 COSMOS 2251 DEB
1 34721U 93036YP  13263.38216284  .00001018  00000-0  74149-3 0  9995
2 34721 073.9289 048.2360 0244499 152.2019 240.5375 13.84096544231514
0 COSMOS 2251 DEB
1 34721U 93036YP  13264.39405081  .00001101  00000-0  80074-3 0  9999
2 34721 073.9291 046.5181 0244448 150.2866 242.5183 13.84098803231655
0 COSMOS 2251 DEB
1 34721U 93036YP  13266.34509949  .00000987  00000-0  71964-3 0  9993
2 34721 073.9292 043.2056 0244317 146.5885 244.1271 13.84105082231929
0 COSMOS 2251 DEB
1 34721U 93036YP  13267.43521881  .00001082  00000-0  78735-3 0  9993
2 34721 073.9290 041.3546 0244247 144.5183 275.9530 13.84107211232085
0 COSMOS 2251 DEB
1 34721U 93036YP  13270.04963024  .00001086  00000-0  79031-3 0  9997
2 34721 073.9293 036.9153 0244086 139.5651 343.0321 13.84114209232447
0 COSMOS 2251 DEB
1 34721U 93036YP  13271.06023387  .00001140  00000-0  82875-3 0  9990
2 34721 073.9295 035.1995 0244013 137.6531 338.6785 13.84116291232582
0 COSMOS 2251 DEB
1 34721U 93036YP  13272.42405959  .00001016  00000-0  74008-3 0  9991
2 34721 073.9295 032.8838 0243916 135.0641 294.3819 13.84120022232771
0 COSMOS 2251 DEB
1 34721U 93036YP  13274.02431862  .00001030  00000-0  75037-3 0  9990
2 34721 073.9298 030.1670 0243809 132.0313 348.2072 13.84122606232997
0 COSMOS 2251 DEB
1 34721U 93036YP  13276.31977811  .00000905  00000-0  66117-3 0  9992
2 34721 073.9296 026.2698 0243704 127.6580 266.1584 13.84130102233314
0 COSMOS 2251 DEB
1 34721U 93036YP  13277.70081142  .00000778  00000-0  57048-3 0  9990
2 34721 073.9298 023.9254 0243607 125.0272 307.6775 13.84131701233500
0 COSMOS 2251 DEB
1 34721U 93036YP  13280.29496036  .00000716  00000-0  52638-3 0  9992
2 34721 073.9298 019.5209 0243524 120.0866 274.0307 13.84136988233862
0 COSMOS 2251 DEB
1 34721U 93036YP  13281.69259528  .00000956  00000-0  69746-3 0  9994
2 34721 073.9299 017.1480 0243456 117.4268 038.3037 13.84141410234057
0 COSMOS 2251 DEB
1 34721U 93036YP  13282.98495668  .00000878  00000-0  64201-3 0  9998
2 34721 073.9300 014.9538 0243393 114.9658 358.0332 13.84144699234236
0 COSMOS 2251 DEB
1 34721U 93036YP  13285.28691653  .00000780  00000-0  57213-3 0  9993
2 34721 073.9302 011.0457 0243380 110.5658 308.5530 13.84148276234554
0 COSMOS 2251 DEB
1 34721U 93036YP  13286.67820024  .00000901  00000-0  65900-3 0  9990
2 34721 073.9298 008.6834 0243187 107.9328 041.2258 13.84149707234747
0 COSMOS 2251 DEB
1 34721U 93036YP  13287.69051874  .00000960  00000-0  70066-3 0  9996
2 34721 073.9297 006.9646 0243090 106.0044 045.5553 13.84152534234888
0 COSMOS 2251 DEB
1 34721U 93036YP  13289.18396207  .00000944  00000-0  68941-3 0  9995
2 34721 073.9293 004.4290 0243066 103.1557 287.3280 13.84156776235080
0 COSMOS 2251 DEB
1 34721U 93036YP  13290.19632307  .00000942  00000-0  68820-3 0  9996
2 34721 073.9290 002.7101 0243086 101.2234 291.8987 13.84158202235228
0 COSMOS 2251 DEB
1 34721U 93036YP  13291.20828986  .00000889  00000-0  65024-3 0  9992
2 34721 073.9289 000.9918 0243022 099.2925 294.5115 13.84160124235369
0 COSMOS 2251 DEB
1 34721U 93036YP  13292.51504749  .00000891  00000-0  65173-3 0  9993
2 34721 073.9291 358.7731 0242871 096.7973 326.0743 13.84162279235557
0 COSMOS 2251 DEB
1 34721U 93036YP  13293.52695838  .00000945  00000-0  69020-3 0  9990
2 34721 073.9292 357.0550 0242796 094.8644 328.4264 13.84163893235691
0 COSMOS 2251 DEB
1 34721U 93036YP  13294.62848420  .00000990  00000-0  72240-3 0  9997
2 34721 073.9291 355.1846 0242738 092.7550 057.3435 13.84166309235846
0 COSMOS 2251 DEB
1 34721U 93036YP  13296.20104182  .00000990  00000-0  72248-3 0  9991
2 34721 073.9291 352.5146 0242682 089.7511 333.4251 13.84170055236063
0 COSMOS 2251 DEB
1 34721U 93036YP  13298.22568902  .00001080  00000-0  78737-3 0  9999
2 34721 073.9290 349.0769 0242552 085.8638 342.3278 13.84172316236348
0 COSMOS 2251 DEB
1 34721U 93036YP  13299.82621763  .00000926  00000-0  67715-3 0  9993
2 34721 073.9287 346.3593 0242557 082.8068 037.8324 13.84176338236568
0 COSMOS 2251 DEB
1 34721U 93036YP  13301.10901557  .00001117  00000-0  81380-3 0  9997
2 34721 073.9284 344.1811 0242536 080.3537 310.0868 13.84179427236735
0 COSMOS 2251 DEB
1 34721U 93036YP  13302.12124499  .00001603  00000-0  11604-2 0  9993
2 34721 073.9283 342.4627 0242537 078.4194 314.0958 13.84180251236885
0 COSMOS 2251 DEB
1 34721U 93036YP  13303.80078823  .00001433  00000-0  10388-2 0  9997
2 34721 073.9281 339.6104 0242532 075.2082 043.3854 13.84187403237117
0 COSMOS 2251 DEB
1 34721U 93036YP  13306.09625554  .00001523  00000-0  11034-2 0  9999
2 34721 073.9280 335.7123 0242550 070.8149 321.9371 13.84192556237438
0 COSMOS 2251 DEB
1 34721U 93036YP  13308.04706201  .00001504  00000-0  10898-2 0  9991
2 34721 073.9280 332.3989 0242568 067.0787 323.0534 13.84197976237701
0 COSMOS 2251 DEB
1 34721U 93036YP  13309.05911830  .00001685  00000-0  12190-2 0  9996
2 34721 073.9280 330.6802 0242586 065.1413 326.2711 13.84201616237845
0 COSMOS 2251 DEB
1 34721U 93036YP  13310.07118185  .00001770  00000-0  12795-2 0  9998
2 34721 073.9281 328.9618 0242611 063.1921 329.5495 13.84205057237985
0 COSMOS 2251 DEB
1 34721U 93036YP  13311.74996794  .00001833  00000-0  13237-2 0  9995
2 34721 073.9280 326.1109 0242678 059.9846 055.2197 13.84211365238219
0 COSMOS 2251 DEB
1 34721U 93036YP  13313.03420280  .00001856  00000-0  13398-2 0  9994
2 34721 073.9279 323.9299 0242765 057.5114 334.8180 13.84216192238391
0 COSMOS 2251 DEB
1 34721U 93036YP  13314.71406485  .00001807  00000-0  13048-2 0  9999
2 34721 073.9279 321.0774 0242895 054.2900 065.9341 13.84223658238621
0 COSMOS 2251 DEB
1 34721U 93036YP  13316.45420877  .00002360  00000-0  16983-2 0  9999
2 34721 073.9280 318.1222 0243028 050.9683 097.4825 13.84232627238867
0 COSMOS 2251 DEB
1 34721U 93036YP  13318.31497833  .00002581  00000-0  18546-2 0  9994
2 34721 073.9283 314.9620 0243220 047.4142 010.1979 13.84240878239119
0 COSMOS 2251 DEB
1 34721U 93036YP  13319.32715862  .00002807  00000-0  20160-2 0  9997
2 34721 073.9285 313.2450 0243092 045.5056 014.1648 13.84246861239265
0 COSMOS 2251 DEB
1 34721U 93036YP  13320.98358661  .00004238  00000-0  30339-2 0  9990
2 34721 073.9290 310.4320 0243210 042.3527 348.6763 13.84258672239497
0 COSMOS 2251 DEB
1 34721U 93036YP  13322.66296648  .00004451  00000-0  31842-2 0  9990
2 34721 073.9294 307.5796 0243354 039.1598 077.6360 13.84271106239721
0 COSMOS 2251 DEB
1 34721U 93036YP  13324.02385016  .00004403  00000-0  31484-2 0  9999
2 34721 073.9294 305.2684 0243558 036.5741 019.4677 13.84278752239919
0 COSMOS 2251 DEB
1 34721U 93036YP  13325.41671447  .00004288  00000-0  30649-2 0  9992
2 34721 073.9294 302.9028 0243725 033.9349 120.7036 13.84288292240104
0 COSMOS 2251 DEB
1 34721U 93036YP  13326.63730475  .00004026  00000-0  28775-2 0  9991
2 34721 073.9292 300.8299 0243857 031.6194 083.4648 13.84295696240276
0 COSMOS 2251 DEB
1 34721U 93036YP  13328.00012505  .00004152  00000-0  29659-2 0  9993
2 34721 073.9289 298.5153 0244009 029.0437 035.0550 13.84303099240468
0 COSMOS 2251 DEB
1 34721U 93036YP  13329.39153098  .00003438  00000-0  24576-2 0  9998
2 34721 073.9287 296.1521 0244176 026.4115 129.1383 13.84312018240659
0 COSMOS 2251 DEB
1 34721U 93036YP  13331.34228829  .00002893  00000-0  20700-2 0  9990
2 34721 073.9286 292.8385 0244428 022.7339 130.8053 13.84320249240924
0 COSMOS 2251 DEB
1 34721U 93036YP  13332.35415366  .00002725  00000-0  19496-2 0  9990
2 34721 073.9287 291.1196 0244595 020.8313 133.4865 13.84324688241060
0 COSMOS 2251 DEB
1 34721U 93036YP  13334.30398993  .00002810  00000-0  20092-2 0  9992
2 34721 073.9293 287.8072 0244792 017.1609 130.6431 13.84335028241336
0 COSMOS 2251 DEB
1 34721U 93036YP  13335.87074603  .00003142  00000-0  22438-2 0  9999
2 34721 073.9297 285.1462 0244926 014.2320 018.7240 13.84343263241548
0 COSMOS 2251 DEB
1 34721U 93036YP  13337.17605675  .00002611  00000-0  18669-2 0  9994
2 34721 073.9298 282.9292 0245079 011.7840 043.9094 13.84350979241723
0 COSMOS 2251 DEB
1 34721U 93036YP  13339.29041385  .00002765  00000-0  19744-2 0  9996
2 34721 073.9294 279.3383 0245282 007.8409 141.1260 13.84363858242023
0 COSMOS 2251 DEB
1 34721U 93036YP  13341.15040628  .00003134  00000-0  22349-2 0  9999
2 34721 073.9290 276.1789 0245454 004.3734 050.7593 13.84374929242270
0 COSMOS 2251 DEB
1 34721U 93036YP  13342.16327725  .00003534  00000-0  25169-2 0  9994
2 34721 073.9289 274.4584 0245483 002.4763 058.6356 13.84383385242422
0 COSMOS 2251 DEB
1 34721U 93036YP  13344.18745609  .00002994  00000-0  21342-2 0  9991
2 34721 073.9295 271.0205 0245597 358.6830 066.6892 13.84395477242709
0 COSMOS 2251 DEB
1 34721U 93036YP  13346.22748372  .00003314  00000-0  23594-2 0  9996
2 34721 073.9299 267.5542 0245751 354.8939 153.8051 13.84409154242981
0 COSMOS 2251 DEB
1 34721U 93036YP  13346.84794935  .00002467  00000-0  17444-2 0  9995
2 34721 073.9279 266.5059 0245253 353.6182 006.2285 13.84410017243076
0 COSMOS 2251 DEB
1 34721U 93036YP  13348.16187796  .00003617  00000-0  25726-2 0  9993
2 34721 073.9301 264.2688 0245809 351.2901 074.5611 13.84422589243253
0 COSMOS 2251 DEB
1 34721U 93036YP  13349.74421053  .00003147  00000-0  22402-2 0  9991
2 34721 073.9305 261.5822 0245855 348.3286 040.7797 13.84436020243470
0 COSMOS 2251 DEB
1 34721U 93036YP  13352.06193464  .00002441  00000-0  17415-2 0  9996
2 34721 073.9304 257.6453 0245800 344.0158 072.2166 13.84447964243790
0 COSMOS 2251 DEB
1 34721U 93036YP  13353.07385769  .00002267  00000-0  16180-2 0  9993
2 34721 073.9300 255.9266 0245824 342.1358 075.6241 13.84454345243934
0 COSMOS 2251 DEB
1 34721U 93036YP  13354.17628586  .00002399  00000-0  17110-2 0  9992
2 34721 073.9296 254.0541 0245946 340.0703 170.1493 13.84458749244089
0 COSMOS 2251 DEB
1 34721U 93036YP  13356.12227257  .00001724  00000-0  12348-2 0  9998
2 34721 073.9291 250.7460 0245717 336.4862 148.9709 13.84467020244353
0 COSMOS 2251 DEB
1 34721U 93036YP  13357.42029204  .00001682  00000-0  12053-2 0  9990
2 34721 073.9292 248.5406 0245790 334.0641 138.3749 13.84469929244536
0 COSMOS 2251 DEB
1 34721U 93036YP  13358.70378721  .00001334  00000-0  95936-3 0  9999
2 34721 073.9292 246.3596 0245866 331.6762 055.3958 13.84473931244711
0 COSMOS 2251 DEB
1 34721U 93036YP  13360.01018753  .00001114  00000-0  80407-3 0  9995
2 34721 073.9293 244.1400 0245838 329.2391 086.6001 13.84478001244890
0 COSMOS 2251 DEB
1 34721U 93036YP  13361.11399951  .00001078  00000-0  77862-3 0  9999
2 34721 073.9292 242.2638 0245846 327.1953 188.0886 13.84479335245048
0 COSMOS 2251 DEB
1 34721U 93036YP  13362.75733484  .00000817  00000-0  59437-3 0  9991
2 34721 073.9279 239.4707 0245748 324.1828 098.5812 13.84483304245266
0 COSMOS 2251 DEB
1 34721U 93036YP  13363.98463083  .00000953  00000-0  69071-3 0  9998
2 34721 073.9276 237.3852 0245661 321.8857 095.5733 13.84486132245431
0 COSMOS 2251 DEB
1 34721U 93036YP  13365.08841810  .00000906  00000-0  65723-3 0  9997
2 34721 073.9274 235.5096 0245620 319.8238 196.9848 13.84488248245594
0 COSMOS 2251 DEB
1 34721U 93036YP  14001.09911845  .00000928  00000-0  67289-3 0  9995
2 34721 073.9273 233.7923 0245587 317.9321 194.4516 13.84491187245733
0 COSMOS 2251 DEB
1 34721U 93036YP  14002.32093928  .00001084  00000-0  78297-3 0  9990
2 34721 073.9272 231.7161 0245551 315.6469 164.1766 13.84495081245900
0 COSMOS 2251 DEB
1 34721U 93036YP  14004.61456740  .00001190  00000-0  85841-3 0  9990
2 34721 073.9271 227.8188 0245476 311.3438 076.0054 13.84500131246218
0 COSMOS 2251 DEB
1 34721U 93036YP  14006.29458860  .00001757  00000-0  12589-2 0  9998
2 34721 073.9270 224.9643 0245448 308.1911 169.5432 13.84502113246456
0 COSMOS 2251 DEB
1 34721U 93036YP  14007.30576714  .00002023  00000-0  14462-2 0  9999
2 34721 073.9268 223.2458 0245411 306.2979 169.4444 13.84505682246593
0 COSMOS 2251 DEB
1 34721U 93036YP  14009.25774628  .00001933  00000-0  13829-2 0  9994
2 34721 073.9269 219.9301 0245425 302.6311 178.5154 13.84510198246865
0 COSMOS 2251 DEB
1 34721U 93036YP  14010.26897199  .00001624  00000-0  11649-2 0  9991
2 34721 073.9267 218.2117 0245414 300.7280 178.6915 13.84511539247005
0 COSMOS 2251 DEB
1 34721U 93036YP  14011.91901944  .00001223  00000-0  88186-3 0  9994
2 34721 073.9267 215.4082 0245408 297.6246 122.9115 13.84515284247234
0 COSMOS 2251 DEB
1 34721U 93036YP  14012.93163375  .00001063  00000-0  76839-3 0  9999
2 34721 073.9268 213.6875 0245427 295.7195 130.0240 13.84518113247376
0 COSMOS 2251 DEB
1 34721U 93036YP  14014.24285596  .00000979  00000-0  70884-3 0  9994
2 34721 073.9270 211.4595 0245457 293.2435 185.4975 13.84519320247557
0 COSMOS 2251 DEB
1 34721U 93036YP  14015.89369365  .00000867  00000-0  63035-3 0  9999
2 34721 073.9276 208.6548 0245509 290.1407 133.6986 13.84522283247786
0 COSMOS 2251 DEB
1 34721U 93036YP  14017.20562736  .00000828  00000-0  60229-3 0  9992
2 34721 073.9276 206.4253 0245590 287.6627 192.7378 13.84523599247962
0 COSMOS 2251 DEB
1 34721U 93036YP  14018.21729317  .00000690  00000-0  50495-3 0  9995
2 34721 073.9274 204.7061 0245624 285.7336 195.1825 13.84525146248103
0 COSMOS 2251 DEB
1 34721U 93036YP  14019.22698215  .00000745  00000-0  54388-3 0  9995
2 34721 073.9274 202.9908 0245685 283.8225 187.7662 13.84526014248242
0 COSMOS 2251 DEB
1 34721U 93036YP  14021.17941152  .00000790  00000-0  57535-3 0  9990
2 34721 073.9276 199.6737 0245810 280.1290 199.2469 13.84528156248510
0 COSMOS 2251 DEB
1 34721U 93036YP  14022.19054694  .00000907  00000-0  65770-3 0  9999
2 34721 073.9277 197.9555 0245896 278.2275 199.0370 13.84529103248652
0 COSMOS 2251 DEB
1 34721U 93036YP  14024.77973355  .00001026  00000-0  74111-3 0  9991
2 34721 073.9280 193.5556 0246084 273.3554 144.3197 13.84533357249012
0 COSMOS 2251 DEB
1 34721U 93036YP  14025.88305659  .00001086  00000-0  78326-3 0  9998
2 34721 073.9281 191.6809 0246175 271.2742 243.6300 13.84535282249164
0 COSMOS 2251 DEB
1 34721U 93036YP  14026.89453137  .00001208  00000-0  86901-3 0  9999
2 34721 073.9282 189.9623 0246241 269.3692 245.1404 13.84536943249308
0 COSMOS 2251 DEB
1 34721U 93036YP  14028.11591700  .00001286  00000-0  92410-3 0  9993
2 34721 073.9283 187.8868 0246367 267.0737 212.9186 13.84538787249476
0 COSMOS 2251 DEB
1 34721U 93036YP  14029.12789589  .00001426  00000-0  10224-2 0  9997
2 34721 073.9285 186.1676 0246487 265.1762 216.9480 13.84541524249617
0 COSMOS 2251 DEB
1 34721U 93036YP  14030.13978132  .00001360  00000-0  97588-3 0  9990
2 34721 073.9284 184.4479 0246546 263.2740 220.5282 13.84543918249754
0 COSMOS 2251 DEB
1 34721U 93036YP  14031.79026918  .00001347  00000-0  96629-3 0  9999
2 34721 073.9284 181.6435 0246681 260.1732 167.1339 13.84548300249986
0 COSMOS 2251 DEB
1 34721U 93036YP  14032.80209672  .00001456  00000-0  10423-2 0  9990
2 34721 073.9284 179.9245 0246760 258.2723 170.4463 13.84550202250128
0 COSMOS 2251 DEB
1 34721U 93036YP  14034.11365862  .00001373  00000-0  98361-3 0  9996
2 34721 073.9283 177.6960 0246873 255.8142 227.7432 13.84556315250302
0 COSMOS 2251 DEB
1 34721U 93036YP  14035.83760543  .00001781  00000-0  12700-2 0  9996
2 34721 073.9283 174.7666 0247013 252.5817 180.5630 13.84560760250544
0 COSMOS 2251 DEB
1 34721U 93036YP  14037.07590282  .00001604  00000-0  11457-2 0  9997
2 34721 073.9284 172.6623 0247079 250.2613 232.7267 13.84567826250711
0 COSMOS 2251 DEB
1 34721U 93036YP  14039.02625120  .00001920  00000-0  13671-2 0  9995
2 34721 073.9285 169.3479 0247221 246.6112 234.0969 13.84575076250985
0 COSMOS 2251 DEB
1 34721U 93036YP  14041.04974572  .00001953  00000-0  13900-2 0  9999
2 34721 073.9288 165.9098 0247299 242.8217 240.1218 13.84586352251262
0 COSMOS 2251 DEB
1 34721U 93036YP  14042.77382071  .00001975  00000-0  14048-2 0  9995
2 34721 073.9287 162.9797 0247385 239.5980 193.7640 13.84592300251509
0 COSMOS 2251 DEB
1 34721U 93036YP  14044.74058852  .00001690  00000-0  12039-2 0  9993
2 34721 073.9285 159.6377 0247490 235.9238 277.1519 13.84601258251771
0 COSMOS 2251 DEB
1 34721U 93036YP  14045.75331179  .00002291  00000-0  16258-2 0  9996
2 34721 073.9293 157.9181 0247416 233.9708 285.1773 13.84603566251913
0 COSMOS 2251 DEB
1 34721U 93036YP  14046.76429924  .00002342  00000-0  16614-2 0  9997
2 34721 073.9290 156.2001 0247466 232.0842 284.4930 13.84607526252050
0 COSMOS 2251 DEB
1 34721U 93036YP  14048.71485578  .00001757  00000-0  12505-2 0  9995
2 34721 073.9286 152.8855 0247510 228.4334 287.1974 13.84616162252323
0 COSMOS 2251 DEB
1 34721U 93036YP  14050.27910417  .00001747  00000-0  12429-2 0  9998
2 34721 073.9283 150.2273 0247527 225.5039 164.3540 13.84626978252538
0 COSMOS 2251 DEB
1 34721U 93036YP  14051.67163712  .00001962  00000-0  13940-2 0  9999
2 34721 073.9283 147.8607 0247542 222.9015 265.6209 13.84632515252736
0 COSMOS 2251 DEB
1 34721U 93036YP  14052.96981605  .00002453  00000-0  17381-2 0  9990
2 34721 073.9286 145.6547 0247534 220.4700 256.6079 13.84639185252918
0 COSMOS 2251 DEB
1 34721U 93036YP  14054.92158685  .00002027  00000-0  14385-2 0  9990
2 34721 073.9290 142.3379 0247527 216.8221 265.5771 13.84651210253180
0 COSMOS 2251 DEB
1 34721U 93036YP  14055.93335884  .00002234  00000-0  15839-2 0  9995
2 34721 073.9291 140.6186 0247526 214.9275 268.9836 13.84655249253326
0 COSMOS 2251 DEB
1 34721U 93036YP  14056.94505939  .00002730  00000-0  19309-2 0  9994
2 34721 073.9289 138.8992 0247503 213.0265 272.0582 13.84660676253460
0 COSMOS 2251 DEB
1 34721U 93036YP  14059.53311492  .00002960  00000-0  20921-2 0  9998
2 34721 073.9281 134.5006 0247402 208.1897 212.9507 13.84681038253820
0 COSMOS 2251 DEB
1 34721U 93036YP  14060.63608398  .00003124  00000-0  22065-2 0  9999
2 34721 073.9281 132.6267 0247364 206.0937 311.1131 13.84689558253973
0 COSMOS 2251 DEB
1 34721U 93036YP  14061.64723385  .00002835  00000-0  20041-2 0  9995
2 34721 073.9277 130.9080 0247315 204.2039 311.5611 13.84695582254119
0 COSMOS 2251 DEB
1 34721U 93036YP  14062.86898209  .00002599  00000-0  18383-2 0  9991
2 34721 073.9274 128.8312 0247281 201.9030 281.8605 13.84703296254289
0 COSMOS 2251 DEB
1 34721U 93036YP  14063.88054519  .00002143  00000-0  15191-2 0  9991
2 34721 073.9275 127.1122 0247221 200.0069 284.4226 13.84709782254427
0 COSMOS 2251 DEB
1 34721U 93036YP  14064.89208610  .00002113  00000-0  14976-2 0  9993
2 34721 073.9277 125.3930 0247161 198.1107 286.8967 13.84715694254561
0 COSMOS 2251 DEB
1 34721U 93036YP  14066.84262909  .00002021  00000-0  14336-2 0  9999
2 34721 073.9279 122.0768 0246993 194.4569 290.2947 13.84725359254835
0 COSMOS 2251 DEB
1 34721U 93036YP  14067.85436521  .00001981  00000-0  14056-2 0  9997
2 34721 073.9279 120.3571 0246936 192.5460 293.8098 13.84729423254971
0 COSMOS 2251 DEB
1 34721U 93036YP  14069.50458485  .00001944  00000-0  13794-2 0  9991
2 34721 073.9277 117.5521 0246806 189.4436 240.1912 13.84735994255203
0 COSMOS 2251 DEB
1 34721U 93036YP  14070.81571938  .00001653  00000-0  11754-2 0  9997
2 34721 073.9271 115.3231 0246734 186.9693 296.2635 13.84741870255381
0 COSMOS 2251 DEB
1 34721U 93036YP  14071.82600846  .00001837  00000-0  13045-2 0  9999
2 34721 073.9267 113.6056 0246658 185.0656 292.6211 13.84745627255526
0 COSMOS 2251 DEB
1 34721U 93036YP  14072.83645958  .00001846  00000-0  13110-2 0  9997
2 34721 073.9264 111.8878 0246586 183.1586 289.8034 13.84750485255660
0 COSMOS 2251 DEB
1 34721U 93036YP  14074.41542887  .00001706  00000-0  12127-2 0  9992
2 34721 073.9260 109.2035 0246483 180.1735 241.1304 13.84755807255889
0 COSMOS 2251 DEB
1 34721U 93036YP  14075.51738069  .00001827  00000-0  12976-2 0  9999
2 34721 073.9259 107.3301 0246420 178.0841 334.5021 13.84759223256034
0 COSMOS 2251 DEB
1 34721U 93036YP  14076.52898469  .00001757  00000-0  12486-2 0  9990
2 34721 073.9260 105.6102 0246360 176.1664 337.4897 13.84762217256176
0 COSMOS 2251 DEB
1 34721U 93036YP  14078.38912157  .00001678  00000-0  11934-2 0  9996
2 34721 073.9263 102.4479 0246225 172.6443 250.5601 13.84770032256427
0 COSMOS 2251 DEB
1 34721U 93036YP  14080.12255609  .00001851  00000-0  13150-2 0  9998
2 34721 073.9257 099.4993 0246040 169.3338 252.0721 13.84776855256662
0 COSMOS 2251 DEB
1 34721U 93036YP  14082.73569709  .00002276  00000-0  16133-2 0  9992
2 34721 073.9257 095.0565 0245892 164.3601 319.1623 13.84788398257034
0 COSMOS 2251 DEB
1 34721U 93036YP  14084.46989049  .00002474  00000-0  17517-2 0  9994
2 34721 073.9259 092.1099 0245860 161.0800 324.5431 13.84794106257273
0 COSMOS 2251 DEB
1 34721U 93036YP  14085.69764008  .00002197  00000-0  15573-2 0  9998
2 34721 073.9257 090.0222 0245795 158.7405 325.2175 13.84801222257447
0 COSMOS 2251 DEB
1 34721U 93036YP  14086.70860016  .00002186  00000-0  15497-2 0  9990
2 34721 073.9259 088.3037 0245754 156.8180 325.1540 13.84806133257583
0 COSMOS 2251 DEB
1 34721U 93036YP  14087.71857764  .00002183  00000-0  15471-2 0  9997
2 34721 073.9262 086.5866 0245739 154.9004 320.2068 13.84810352257729
0 COSMOS 2251 DEB
1 34721U 93036YP  14089.67068551  .00001762  00000-0  12518-2 0  9993
2 34721 073.9267 083.2671 0245656 151.1823 332.1273 13.84819204257992
0 COSMOS 2251 DEB
1 34721U 93036YP  14090.68089272  .00002141  00000-0  15180-2 0  9999
2 34721 073.9269 081.5495 0245647 149.2604 328.3740 13.84822638258132
0 COSMOS 2251 DEB
1 34721U 93036YP  14091.69155245  .00002416  00000-0  17103-2 0  9997
2 34721 073.9274 079.8315 0245624 147.3361 326.8927 13.84826034258272
0 COSMOS 2251 DEB
1 34721U 93036YP  14093.99232755  .00002111  00000-0  14968-2 0  9992
2 34721 073.9275 075.9203 0245550 142.9675 277.1602 13.84835884258599
0 COSMOS 2251 DEB
1 34721U 93036YP  14095.29323115  .00002090  00000-0  14819-2 0  9999
2 34721 073.9273 073.7088 0245535 140.4777 282.7330 13.84840712258779
0 COSMOS 2251 DEB
1 34721U 93036YP  14096.94896223  .00001779  00000-0  12630-2 0  9999
2 34721 073.9273 070.8941 0245518 137.3242 257.2904 13.84847798259000
0 COSMOS 2251 DEB
1 34721U 93036YP  14097.96533331  .00001775  00000-0  12603-2 0  9996
2 34721 073.9273 069.1660 0245488 135.3817 284.3846 13.84853237259147
0 COSMOS 2251 DEB
1 34721U 93036YP  14099.35117497  .00001961  00000-0  13909-2 0  9999
2 34721 073.9275 066.8096 0245463 132.7336 353.4920 13.84857545259334
0 COSMOS 2251 DEB
1 34721U 93036YP  14101.58920259  .00001695  00000-0  12041-2 0  9996
2 34721 073.9281 063.0044 0245469 128.4525 351.2214 13.84866699259647
0 COSMOS 2251 DEB
1 34721U 93036YP  14102.31787255  .00002037  00000-0  14432-2 0  9992
2 34721 073.9285 061.7659 0245432 127.0819 024.0076 13.84876771259743
0 COSMOS 2251 DEB
1 34721U 93036YP  14105.56201655  .00001786  00000-0  12675-2 0  9994
2 34721 073.9292 056.2509 0245464 120.8778 357.9393 13.84885509260194
0 COSMOS 2251 DEB
1 34721U 93036YP  14106.84500860  .00002135  00000-0  15114-2 0  9996
2 34721 073.9282 054.0705 0245464 118.4311 274.4311 13.84889974260376
0 COSMOS 2251 DEB
1 34721U 93036YP  14109.80682385  .00003630  00000-0  25578-2 0  9994
2 34721 073.9285 049.0342 0245494 112.7761 280.9897 13.84906589260787
0 COSMOS 2251 DEB
1 34721U 93036YP  14111.27489823  .00003198  00000-0  22549-2 0  9994
2 34721 073.9284 046.5380 0245580 109.9684 040.3531 13.84915715260984
0 COSMOS 2251 DEB
1 34721U 93036YP  14112.84565691  .00002483  00000-0  17539-2 0  9995
2 34721 073.9289 043.8671 0245662 106.9711 311.7149 13.84924887261195
0 COSMOS 2251 DEB
1 34721U 93036YP  14113.85693993  .00002450  00000-0  17301-2 0  9995
2 34721 073.9292 042.1478 0245709 105.0442 313.7126 13.84928037261333
0 COSMOS 2251 DEB
1 34721U 93036YP  14116.47017509  .00001744  00000-0  12355-2 0  9998
2 34721 073.9300 037.7051 0245779 100.0683 022.6915 13.84939698261707
0 COSMOS 2251 DEB
1 34721U 93036YP  14117.47999022  .00001707  00000-0  12095-2 0  9998
2 34721 073.9298 035.9883 0245869 098.1449 017.4226 13.84942204261842
0 COSMOS 2251 DEB
1 34721U 93036YP  14119.21490285  .00001740  00000-0  12322-2 0  9999
2 34721 073.9293 033.0387 0245938 094.8438 027.3605 13.84946899262085
0 COSMOS 2251 DEB
1 34721U 93036YP  14120.79107363  .00001446  00000-0  10267-2 0  9995
2 34721 073.9291 030.3587 0245995 091.8511 325.8621 13.84954077262303
0 COSMOS 2251 DEB
1 34721U 93036YP  14121.80251315  .00001601  00000-0  11342-2 0  9993
2 34721 073.9284 028.6394 0246186 089.9163 328.7454 13.84955783262441
0 COSMOS 2251 DEB
1 34721U 93036YP  14122.81593234  .00001241  00000-0  88211-3 0  9994
2 34721 073.9285 026.9146 0246402 087.9931 341.4944 13.84958421262583
0 COSMOS 2251 DEB
1 34721U 93036YP  14124.41504778  .00001282  00000-0  91082-3 0  9992
2 34721 073.9286 024.1954 0246477 084.9552 034.4568 13.84964141262801
0 COSMOS 2251 DEB
1 34721U 93036YP  14125.42518641  .00001290  00000-0  91586-3 0  9996
2 34721 073.9287 022.4779 0246624 083.0595 030.8579 13.84967025262940
0 COSMOS 2251 DEB
1 34721U 93036YP  14128.73650007  .00001500  00000-0  10622-2 0  9991
2 34721 073.9285 016.8475 0246799 076.7943 340.7030 13.84977678263409
0 COSMOS 2251 DEB
1 34721U 93036YP  14130.12694366  .00001505  00000-0  10655-2 0  9994
2 34721 073.9283 014.4833 0246866 074.1605 073.3456 13.84981853263592
0 COSMOS 2251 DEB
1 34721U 93036YP  14136.68162153  .00001295  00000-0  91831-3 0  9997
2 34721 073.9283 003.3371 0247055 061.7643 354.7719 13.85007496264504
0 COSMOS 2251 DEB
1 34721U 93036YP  14137.69310801  .00001277  00000-0  90581-3 0  9995
2 34721 073.9284 001.6171 0247090 059.8542 358.0641 13.85010422264648
0 COSMOS 2251 DEB
1 34721U 93036YP  14140.30485104  .00001058  00000-0  75296-3 0  9999
2 34721 073.9284 357.1759 0247143 054.9390 060.3056 13.85017738265006
0 COSMOS 2251 DEB
1 34721U 93036YP  14141.31523532  .00000983  00000-0  70044-3 0  9991
2 34721 073.9284 355.4582 0247158 053.0270 058.1430 13.85019963265142
0 COSMOS 2251 DEB
1 34721U 93036YP  14143.61667477  .00000690  00000-0  49677-3 0  9996
2 34721 073.9279 351.5441 0247109 048.6948 013.2692 13.85026747265460
0 COSMOS 2251 DEB
1 34721U 93036YP  14144.62673787  .00000678  00000-0  48852-3 0  9999
2 34721 073.9279 349.8261 0247078 046.8025 009.5202 13.85029198265605
0 COSMOS 2251 DEB
1 34721U 93036YP  14146.01787853  .00000606  00000-0  43808-3 0  9991
2 34721 073.9278 347.4599 0247037 044.1702 105.8895 13.85032120265797
0 COSMOS 2251 DEB
1 34721U 93036YP  14147.96800630  .00000506  00000-0  36866-3 0  9990
2 34721 073.9281 344.1433 0246946 040.4858 109.4434 13.85035509266065
0 COSMOS 2251 DEB
1 34721U 93036YP  14148.97889936  .00000456  00000-0  33378-3 0  9997
2 34721 073.9282 342.4242 0246908 038.5695 109.8830 13.85036686266207
0 COSMOS 2251 DEB
1 34721U 93036YP  14151.56192304  .00000769  00000-0  55238-3 0  9998
2 34721 073.9283 338.0315 0246796 033.6655 029.1790 13.85043629266560
0 COSMOS 2251 DEB
1 34721U 93036YP  14152.95149023  .00000502  00000-0  36583-3 0  9999
2 34721 073.9280 335.6680 0246668 031.0413 117.7661 13.85040924266754
0 COSMOS 2251 DEB
1 34721U 93036YP  14153.96440197  .00000467  00000-0  34200-3 0  9991
2 34721 073.9279 333.9455 0246607 029.1123 128.3013 13.85042100266894
0 COSMOS 2251 DEB
1 34721U 93036YP  14155.18445722  .00000459  00000-0  33650-3 0  9995
2 34721 073.9278 331.8704 0246590 026.7838 091.6964 13.85043413267069
0 COSMOS 2251 DEB
1 34721U 93036YP  14156.46671612  .00000428  00000-0  31483-3 0  9994
2 34721 073.9276 329.6895 0246544 024.3393 005.2538 13.85044959267246
0 COSMOS 2251 DEB
1 34721U 93036YP  14165.42288587  .00000559  00000-0  40678-3 0  9996
2 34721 073.9279 314.4568 0246234 007.2172 022.4808 13.85058754268485
0 COSMOS 2251 DEB
1 34721U 93036YP  14167.45024722  .00000654  00000-0  47271-3 0  9992
2 34721 073.9276 311.0081 0246331 003.3507 051.3567 13.85060368268760
0 COSMOS 2251 DEB
1 34721U 93036YP  14168.46160794  .00000448  00000-0  32975-3 0  9990
2 34721 073.9279 309.2887 0246100 001.3807 054.2711 13.85061352268904
0 COSMOS 2251 DEB
1 34721U 93036YP  14171.42273775  .00000422  00000-0  31165-3 0  9996
2 34721 073.9278 304.2520 0246041 355.6819 059.2175 13.85065108269312
0 COSMOS 2251 DEB
1 34721U 93036YP  14172.43415784  .00000476  00000-0  34885-3 0  9997
2 34721 073.9282 302.5321 0246092 353.7456 062.4146 13.85066031269454
0 COSMOS 2251 DEB
1 34721U 93036YP  14175.31744703  .00000445  00000-0  32796-3 0  9998
2 34721 073.9288 297.6296 0246064 348.1870 039.2738 13.85067463269855
0 COSMOS 2251 DEB
1 34721U 93036YP  14176.32890928  .00000483  00000-0  35423-3 0  9993
2 34721 073.9284 295.9086 0246122 346.2589 042.6929 13.85069021269997
0 COSMOS 2251 DEB
1 34721U 93036YP  14178.64613546  .00000522  00000-0  38142-3 0  9994
2 34721 073.9282 291.9680 0246177 341.7786 077.0561 13.85071696270313
0 COSMOS 2251 DEB
1 34721U 93036YP  14180.30135050  .00000580  00000-0  42203-3 0  9996
2 34721 073.9279 289.1526 0246269 338.6043 050.4255 13.85074263270543
0 COSMOS 2251 DEB
1 34721U 93036YP  14183.26268034  .00000836  00000-0  60008-3 0  9990
2 34721 073.9278 284.1157 0246377 332.9232 056.4964 13.85079683270953
0 COSMOS 2251 DEB
1 34721U 93036YP  14187.23497543  .00001034  00000-0  73793-3 0  9996
2 34721 073.9277 277.3595 0246625 325.3092 063.6305 13.85089378271501
0 COSMOS 2251 DEB
1 34721U 93036YP  14188.24596049  .00001178  00000-0  83836-3 0  9997
2 34721 073.9277 275.6400 0246695 323.3788 064.7399 13.85091552271641
0 COSMOS 2251 DEB
1 34721U 93036YP  14191.28707860  .00001246  00000-0  88538-3 0  9990
2 34721 073.9276 270.4680 0246898 317.5562 108.8399 13.85100853272065
0 COSMOS 2251 DEB
1 34721U 93036YP  14196.55916847  .00000785  00000-0  56409-3 0  9991
2 34721 073.9274 261.5001 0247286 307.4912 117.5552 13.85112828272793
0 COSMOS 2251 DEB
1 34721U 93036YP  14199.61064063  .00000617  00000-0  44712-3 0  9993
2 34721 073.9275 256.3100 0247540 301.6775 213.4854 13.85117724273211
0 COSMOS 2251 DEB
1 34721U 93036YP  14203.12386966  .00000609  00000-0  44101-3 0  9997
2 34721 073.9270 250.3343 0247785 294.9986 091.9809 13.85123150273699
0 COSMOS 2251 DEB
1 34721U 93036YP  14207.09646116  .00000684  00000-0  49266-3 0  9993
2 34721 073.9269 243.5773 0247994 287.4651 101.1227 13.85129312274242
0 COSMOS 2251 DEB
1 34721U 93036YP  14209.78666904  .00000926  00000-0  66058-3 0  9995
2 34721 073.9267 239.0002 0248102 282.3755 195.7510 13.85133415274621
0 COSMOS 2251 DEB
1 34721U 93036YP  14218.46191907  .00000849  00000-0  60762-3 0  9996
2 34721 073.9271 224.2431 0247871 265.9278 254.9417 13.85153534275828
0 COSMOS 2251 DEB
1 34721U 93036YP  14226.31471128  .00000319  00000-0  23961-3 0  9997
2 34721 073.9265 210.8799 0247320 251.0373 173.3077 13.85159411276906
0 COSMOS 2251 DEB
1 34721U 93036YP  14227.41800257  .00000244  00000-0  18744-3 0  9998
2 34721 073.9276 209.0067 0247222 248.9236 274.9679 13.85160478277069
0 COSMOS 2251 DEB
1 34721U 93036YP  14237.59178366  .00000449  00000-0  33034-3 0  9993
2 34721 073.9285 191.7009 0246026 229.4744 247.5627 13.85166921278475
0 COSMOS 2251 DEB
1 34721U 93036YP  14241.28236542  .00000421  00000-0  31058-3 0  9999
2 34721 073.9277 185.4218 0246278 222.5004 291.0021 13.85170440278989
0 COSMOS 2251 DEB
1 34721U 93036YP  14243.21544220  .00000353  00000-0  26273-3 0  9996
2 34721 073.9278 182.1334 0246133 218.8053 210.5370 13.85172473279257
0 COSMOS 2251 DEB
1 34721U 93036YP  14244.52575353  .00000323  00000-0  24212-3 0  9990
2 34721 073.9279 179.9047 0246081 216.3146 264.5656 13.85173383279438
0 COSMOS 2251 DEB
1 34721U 93036YP  14245.53556866  .00000327  00000-0  24477-3 0  9997
2 34721 073.9280 178.1872 0246029 214.3813 260.1545 13.85174252279578
0 COSMOS 2251 DEB
1 34721U 93036YP  14246.54671566  .00000306  00000-0  23008-3 0  9990
2 34721 073.9281 176.4674 0245972 212.4464 262.3854 13.85175235279712
0 COSMOS 2251 DEB
1 34721U 93036YP  14248.49775584  .00000436  00000-0  32103-3 0  9991
2 34721 073.9280 173.1485 0245876 208.7142 271.5377 13.85176741279983
0 COSMOS 2251 DEB
1 34721U 93036YP  14249.50821999  .00000519  00000-0  37878-3 0  9992
2 34721 073.9279 171.4298 0245831 206.7803 270.3745 13.85178349280127
0 COSMOS 2251 DEB
1 34721U 93036YP  14250.59471222  .00000518  00000-0  37795-3 0  9990
2 34721 073.9277 169.5815 0245777 204.7016 288.3403 13.85179685280271
0 COSMOS 2251 DEB
1 34721U 93036YP  14253.19356208  .00000688  00000-0  49594-3 0  9993
2 34721 073.9275 165.1613 0245679 199.7212 287.9505 13.85182908280639
0 COSMOS 2251 DEB
1 34721U 93036YP  14254.20979166  .00000733  00000-0  52778-3 0  9999
2 34721 073.9274 163.4325 0245669 197.7986 315.5374 13.85185747280775
0 COSMOS 2251 DEB
1 34721U 93036YP  14256.15498888  .00000898  00000-0  64274-3 0  9998
2 34721 073.9274 160.1238 0245600 194.0837 295.6141 13.85192039281045
0 COSMOS 2251 DEB
1 34721U 93036YP  14257.80244329  .00000852  00000-0  61029-3 0  9995
2 34721 073.9274 157.3213 0245575 190.9315 230.9948 13.85194323281273
0 COSMOS 2251 DEB
1 34721U 93036YP  14259.10419366  .00000912  00000-0  65218-3 0  9996
2 34721 073.9273 155.1070 0245543 188.4518 242.4446 13.85195006281451
0 COSMOS 2251 DEB
1 34721U 93036YP  14260.11559152  .00000995  00000-0  70975-3 0  9994
2 34721 073.9272 153.3866 0245498 186.5204 246.0000 13.85196981281597
0 COSMOS 2251 DEB
1 34721U 93036YP  14261.14337029  .00000987  00000-0  70431-3 0  9993
2 34721 073.9270 151.6383 0245470 184.5583 331.2511 13.85198949281734
0 COSMOS 2251 DEB
1 34721U 93036YP  14262.15420637  .00001012  00000-0  72184-3 0  9990
2 34721 073.9268 149.9189 0245444 182.6254 332.0215 13.85201075281870
0 COSMOS 2251 DEB
1 34721U 93036YP  14264.08771189  .00001016  00000-0  72440-3 0  9994
2 34721 073.9263 146.6297 0245416 178.9462 253.9069 13.85205207282147
0 COSMOS 2251 DEB
1 34721U 93036YP  14265.11470420  .00001000  00000-0  71296-3 0  9994
2 34721 073.9261 144.8826 0245390 176.9828 335.2684 13.85207194282287
0 COSMOS 2251 DEB
1 34721U 93036YP  14266.03655273  .00001069  00000-0  76132-3 0  9996
2 34721 073.9261 143.3144 0245370 175.2238 252.3064 13.85209617282417
0 COSMOS 2251 DEB
1 34721U 93036YP  14267.04840459  .00000974  00000-0  69499-3 0  9992
2 34721 073.9260 141.5930 0245341 173.2953 258.1736 13.85212663282559
0 COSMOS 2251 DEB
1 34721U 93036YP  14269.08155508  .00001336  00000-0  94689-3 0  9994
2 34721 073.9259 138.1344 0245282 169.4246 317.0493 13.85218099282839
0 COSMOS 2251 DEB
1 34721U 93036YP  14271.02052149  .00001450  00000-0  10268-2 0  9995
2 34721 073.9259 134.8361 0245207 165.7318 266.2914 13.85224943283106
0 COSMOS 2251 DEB
1 34721U 93036YP  14272.04260104  .00001723  00000-0  12169-2 0  9995
2 34721 073.9258 133.0977 0245160 163.7906 323.2158 13.85228395283242
0 COSMOS 2251 DEB
1 34721U 93036YP  14274.07139679  .00001882  00000-0  13276-2 0  9998
2 34721 073.9256 129.6464 0245104 159.9281 000.4996 13.85237431283529
0 COSMOS 2251 DEB
1 34721U 93036YP  14275.29133367  .00001891  00000-0  13335-2 0  9997
2 34721 073.9255 127.5715 0245078 157.6071 324.1701 13.85243190283693
0 COSMOS 2251 DEB
1 34721U 93036YP  14276.30128595  .00002015  00000-0  14195-2 0  9991
2 34721 073.9254 125.8532 0245041 155.6881 320.6885 13.85247133283838
0 COSMOS 2251 DEB
1 34721U 93036YP  14278.04238081  .00002047  00000-0  14421-2 0  9993
2 34721 073.9254 122.8918 0244933 152.4000 003.3524 13.85256519284070
0 COSMOS 2251 DEB
1 34721U 93036YP  14279.26375148  .00002057  00000-0  14491-2 0  9992
2 34721 073.9250 120.8135 0244891 150.0732 334.2632 13.85263936284240
0 COSMOS 2251 DEB
1 34721U 93036YP  14280.27459611  .00002282  00000-0  16052-2 0  9998
2 34721 073.9256 119.0947 0244876 148.1396 335.3312 13.85270116284384
0 COSMOS 2251 DEB
1 34721U 93036YP  14282.22406523  .00002203  00000-0  15496-2 0  9993
2 34721 073.9256 115.7764 0244895 144.4134 337.3464 13.85282360284658
0 COSMOS 2251 DEB
1 34721U 93036YP  14283.23496648  .00001949  00000-0  13733-2 0  9990
2 34721 073.9260 114.0573 0244796 142.5055 338.7290 13.85289632284790
0 COSMOS 2251 DEB
1 34721U 93036YP  14284.59490233  .00001818  00000-0  12815-2 0  9999
2 34721 073.9262 111.7434 0244757 139.9190 280.8063 13.85296609284987
0 COSMOS 2251 DEB
1 34721U 93036YP  14285.89682993  .00001707  00000-0  12045-2 0  9991
2 34721 073.9263 109.5278 0244679 137.4338 293.6346 13.85303191285161
0 COSMOS 2251 DEB
1 34721U 93036YP  14287.20700525  .00001504  00000-0  10634-2 0  9997
2 34721 073.9261 107.2985 0244610 134.9396 347.6143 13.85309696285341
0 COSMOS 2251 DEB
1 34721U 93036YP  14289.15586984  .00003025  00000-0  21217-2 0  9993
2 34721 073.9260 103.9821 0244544 131.2308 346.8676 13.85319235285613
0 COSMOS 2251 DEB
1 34721U 93036YP  14291.17856716  .00001275  00000-0  90340-3 0  9990
2 34721 073.9258 100.5400 0244411 127.3979 354.3976 13.85332067285894
0 COSMOS 2251 DEB
1 34721U 93036YP  14292.46064171  .00004782  00000-0  33450-2 0  9993
2 34721 073.9259 098.3584 0244349 124.9585 268.3776 13.85337935286070
0 COSMOS 2251 DEB
1 34721U 93036YP  14293.76703853  .00005083  00000-0  35545-2 0  9996
2 34721 073.9261 096.1352 0244243 122.4729 303.6965 13.85349027286256
0 COSMOS 2251 DEB
1 34721U 93036YP  14295.15024543  .00004766  00000-0  33338-2 0  9998
2 34721 073.9266 093.7815 0244146 119.8312 002.1509 13.85358854286442
0 COSMOS 2251 DEB
1 34721U 93036YP  14296.79993293  .00004568  00000-0  31955-2 0  9999
2 34721 073.9270 090.9754 0244029 116.6945 309.6803 13.85373342286671
0 COSMOS 2251 DEB
1 34721U 93036YP  14298.11066120  .00005036  00000-0  35215-2 0  9991
2 34721 073.9276 088.7453 0243911 114.1902 006.7743 13.85384102286857
0 COSMOS 2251 DEB
1 34721U 93036YP  14299.12087071  .00003888  00000-0  27225-2 0  9996
2 34721 073.9278 087.0264 0243818 112.2696 005.0966 13.85393921286999
0 COSMOS 2251 DEB
1 34721U 93036YP  14300.13098677  .00003907  00000-0  27353-2 0  9998
2 34721 073.9280 085.3079 0243747 110.3363 003.0008 13.85402361287139
0 COSMOS 2251 DEB
1 34721U 93036YP  14302.80969119  .00003094  00000-0  21689-2 0  9995
2 34721 073.9276 080.7496 0243653 105.2267 043.0500 13.85428093287500
0 COSMOS 2251 DEB
1 34721U 93036YP  14303.82102542  .00003542  00000-0  24814-2 0  9998
2 34721 073.9275 079.0287 0243509 103.2944 047.1427 13.85433089287647
0 COSMOS 2251 DEB
1 34721U 93036YP  14304.83286704  .00003027  00000-0  21228-2 0  9997
2 34721 073.9273 077.3064 0243394 101.3637 053.7834 13.85438816287782
0 COSMOS 2251 DEB
1 34721U 93036YP  14306.78266608  .00001663  00000-0  11732-2 0  9997
2 34721 073.9271 073.9874 0243239 097.6464 058.6137 13.85450273288056
0 COSMOS 2251 DEB
1 34721U 93036YP  14307.78661766  .00002008  00000-0  14141-2 0  9993
2 34721 073.9284 072.2791 0243144 095.7226 025.9680 13.85454004288191
0 COSMOS 2251 DEB
1 34721U 93036YP  14308.79807301  .00002431  00000-0  17090-2 0  9998
2 34721 073.9284 070.5581 0243039 093.7798 030.7684 13.85459180288338
0 COSMOS 2251 DEB
1 34721U 93036YP  14310.37317581  .00001865  00000-0  13147-2 0  9990
2 34721 073.9289 067.8774 0242875 090.7518 326.8931 13.85469316288550
0 COSMOS 2251 DEB
1 34721U 93036YP  14311.38400635  .00001949  00000-0  13729-2 0  9994
2 34721 073.9292 066.1576 0242815 088.8126 328.6283 13.85473555288698
0 COSMOS 2251 DEB
1 34721U 93036YP  14315.73507472  .00001944  00000-0  13702-2 0  9990
2 34721 073.9288 058.7536 0242506 080.4561 070.7126 13.85494329289294
0 COSMOS 2251 DEB
1 34721U 93036YP  14316.74018068  .00001767  00000-0  12469-2 0  9992
2 34721 073.9293 057.0431 0242405 078.5224 043.9901 13.85497921289438
0 COSMOS 2251 DEB
1 34721U 93036YP  14318.31549220  .00001224  00000-0  86849-3 0  9998
2 34721 073.9290 054.3615 0242287 075.4988 341.3609 13.85505124289659
0 COSMOS 2251 DEB
1 34721U 93036YP  14319.98696999  .00002683  00000-0  18853-2 0  9997
2 34721 073.9292 051.5168 0242189 072.2849 038.4448 13.85510720289883
0 COSMOS 2251 DEB
1 34721U 93036YP  14321.56496705  .00002473  00000-0  17396-2 0  9995
2 34721 073.9295 048.8315 0242075 069.2463 349.3004 13.85518542290100
0 COSMOS 2251 DEB
1 34721U 93036YP  14322.94805562  .00002265  00000-0  15945-2 0  9990
2 34721 073.9296 046.4780 0241995 066.5802 048.0137 13.85523354290295
0 COSMOS 2251 DEB
1 34721U 93036YP  14324.68273497  .00001966  00000-0  13862-2 0  9992
2 34721 073.9293 043.5261 0241930 063.2394 060.4571 13.85529437290538
0 COSMOS 2251 DEB
1 34721U 93036YP  14325.90938661  .00001724  00000-0  12172-2 0  9994
2 34721 073.9290 041.4386 0241899 060.8795 058.9161 13.85534365290704
0 COSMOS 2251 DEB
1 34721U 93036YP  14327.26856106  .00001482  00000-0  10491-2 0  9991
2 34721 073.9286 039.1252 0241873 058.2646 358.4183 13.85538955290894
0 COSMOS 2251 DEB
1 34721U 93036YP  14329.88002435  .00000782  00000-0  56117-3 0  9997
2 34721 073.9286 034.6801 0241832 053.2244 064.3509 13.85547982291254
0 COSMOS 2251 DEB
1 34721U 93036YP  14331.16226981  .00001799  00000-0  12696-2 0  9997
2 34721 073.9289 032.4977 0241843 050.7563 340.1957 13.85550187291438
0 COSMOS 2251 DEB
1 34721U 93036YP  14332.17318483  .00001673  00000-0  11819-2 0  9995
2 34721 073.9291 030.7771 0241852 048.8103 342.6548 13.85553912291579
0 COSMOS 2251 DEB
1 34721U 93036YP  14334.19965954  .00001882  00000-0  13272-2 0  9997
2 34721 073.9285 027.3268 0241984 044.8523 010.8307 13.85560864291855
0 COSMOS 2251 DEB
1 34721U 93036YP  14335.59051641  .00002017  00000-0  14210-2 0  9995
2 34721 073.9282 024.9594 0242040 042.1762 108.5001 13.85565914292046
0 COSMOS 2251 DEB
1 34721U 93036YP  14336.60279553  .00001668  00000-0  11778-2 0  9999
2 34721 073.9283 023.2366 0242105 040.2126 117.8291 13.85570529292188
0 COSMOS 2251 DEB
1 34721U 93036YP  14337.82219015  .00001328  00000-0  94089-3 0  9991
2 34721 073.9282 021.1610 0242168 037.8577 080.2751 13.85576164292351
0 COSMOS 2251 DEB
1 34721U 93036YP  14339.10427510  .00001824  00000-0  12854-2 0  9995
2 34721 073.9282 018.9787 0242248 035.3974 355.4404 13.85579698292530
0 COSMOS 2251 DEB
1 34721U 93036YP  14340.19520486  .00001618  00000-0  11422-2 0  9993
2 34721 073.9283 017.1218 0242333 033.2956 037.1253 13.85582452292687
0 COSMOS 2251 DEB
1 34721U 93036YP  14341.79308106  .00001511  00000-0  10672-2 0  9991
2 34721 073.9284 014.4017 0242466 030.2292 087.5310 13.85590795292909
0 COSMOS 2251 DEB
1 34721U 93036YP  14342.80287190  .00001395  00000-0  98635-3 0  9999
2 34721 073.9286 012.6831 0242576 028.2892 084.5202 13.85593111293048
0 COSMOS 2251 DEB
1 34721U 93036YP  14343.81302353  .00001462  00000-0  10330-2 0  9990
2 34721 073.9286 010.9636 0242668 026.3555 083.3136 13.85595589293188
0 COSMOS 2251 DEB
1 34721U 93036YP  14345.10443443  .00001526  00000-0  10767-2 0  9995
2 34721 073.9284 008.7649 0242803 023.8862 045.0828 13.85599948293365
0 COSMOS 2251 DEB
1 34721U 93036YP  14346.11242213  .00001739  00000-0  12247-2 0  9990
2 34721 073.9285 007.0495 0242913 021.9602 033.1060 13.85604468293506
0 COSMOS 2251 DEB
1 34721U 93036YP  14347.50302066  .00002158  00000-0  15155-2 0  9994
2 34721 073.9285 004.6826 0243107 019.3027 129.6887 13.85611008293691
0 COSMOS 2251 DEB
1 34721U 93036YP  14349.36188777  .00002714  00000-0  19004-2 0  9996
2 34721 073.9284 001.5183 0243298 015.7652 042.1290 13.85622411293942
0 COSMOS 2251 DEB
1 34721U 93036YP  14351.09617828  .00002332  00000-0  16346-2 0  9995
2 34721 073.9288 358.5682 0243290 012.4625 053.2307 13.85635469294198
0 COSMOS 2251 DEB
1 34721U 93036YP  14352.39485134  .00003932  00000-0  27428-2 0  9992
2 34721 073.9289 356.3583 0243580 009.9798 051.4175 13.85641563294374
0 COSMOS 2251 DEB
1 34721U 93036YP  14353.97509498  .00002272  00000-0  15914-2 0  9990
2 34721 073.9288 353.6668 0243682 006.9984 014.1819 13.85659086294598
0 COSMOS 2251 DEB
1 34721U 93036YP  14355.35487448  .00006048  00000-0  42051-2 0  9991
2 34721 073.9293 351.3182 0243811 004.3838 057.0572 13.85666356294785
0 COSMOS 2251 DEB
1 34721U 93036YP  14356.45794843  .00005919  00000-0  41148-2 0  9995
2 34721 073.9291 349.4394 0243827 002.3240 159.6195 13.85677395294930
0 COSMOS 2251 DEB
1 34721U 93036YP  14357.67671561  .00004780  00000-0  33256-2 0  9997
2 34721 073.9297 347.3653 0243954 359.9951 119.4139 13.85690119295103
0 COSMOS 2251 DEB
1 34721U 93036YP  14358.95798821  .00003951  00000-0  27506-2 0  9998
2 34721 073.9299 345.1841 0244069 357.5855 031.0264 13.85702064295274
0 COSMOS 2251 DEB
1 34721U 93036YP  14360.42656193  .00004566  00000-0  31743-2 0  9999
2 34721 073.9299 342.6841 0244229 354.8242 157.0487 13.85712304295481
0 COSMOS 2251 DEB
1 34721U 93036YP  14361.91763299  .00002952  00000-0  20582-2 0  9996
2 34721 073.9295 340.1453 0244286 352.0233 035.3473 13.85723817295688
0 COSMOS 2251 DEB
1 34721U 93036YP  14362.92848968  .00002969  00000-0  20690-2 0  9993
2 34721 073.9292 338.4243 0244392 350.1319 038.0920 13.85729731295828
0 COSMOS 2251 DEB
1 34721U 93036YP  14363.93936132  .00003407  00000-0  23713-2 0  9993
2 34721 073.9290 336.7031 0244492 348.2360 040.9373 13.85735821295963
0 COSMOS 2251 DEB
1 34721U 93036YP  14365.24434205  .00002875  00000-0  20032-2 0  9992
2 34721 073.9290 334.4809 0244584 345.7922 071.0074 13.85742031296144
0 COSMOS 2251 DEB
1 34721U 93036YP  15001.62884554  .00002215  00000-0  15467-2 0  9992
2 34721 073.9295 332.1226 0244782 343.2346 137.7841 13.85749483296342
0 COSMOS 2251 DEB
1 34721U 93036YP  15002.90953105  .00002067  00000-0  14444-2 0  9992
2 34721 073.9298 329.9420 0244860 340.8422 046.7027 13.85753273296516
0 COSMOS 2251 DEB
1 34721U 93036YP  15004.21473499  .00002166  00000-0  15119-2 0  9991
2 34721 073.9303 327.7199 0244939 338.4035 077.9607 13.85759599296700
0 COSMOS 2251 DEB
1 34721U 93036YP  15005.31704075  .00002362  00000-0  16473-2 0  9992
2 34721 073.9305 325.8431 0244967 336.3519 177.0395 13.85766594296850
0 COSMOS 2251 DEB
1 34721U 93036YP  15006.88019084  .00001222  00000-0  86055-3 0  9992
2 34721 073.9304 323.1819 0244990 333.4445 055.1753 13.85774108297060
0 COSMOS 2251 DEB
1 34721U 93036YP  15008.55898297  .00002903  00000-0  20198-2 0  9991
2 34721 073.9303 320.3241 0244991 330.3112 150.2828 13.85785211297309
0 COSMOS 2251 DEB
1 34721U 93036YP  15009.84005001  .00002223  00000-0  15508-2 0  9991
2 34721 073.9300 318.1429 0244955 327.9271 061.2726 13.85792744297472
0 COSMOS 2251 DEB
1 34721U 93036YP  15010.85049361  .00002446  00000-0  17041-2 0  9992
2 34721 073.9298 316.4225 0244937 326.0403 062.2005 13.85798310297612
0 COSMOS 2251 DEB
1 34721U 93036YP  15012.24722329  .00002189  00000-0  15269-2 0  9993
2 34721 073.9297 314.0441 0244916 323.4384 190.2714 13.85806387297816
0 COSMOS 2251 DEB
1 34721U 93036YP  15013.25746902  .00002150  00000-0  14999-2 0  9995
2 34721 073.9299 312.3237 0244873 321.5598 190.2582 13.85812468297955
0 COSMOS 2251 DEB
1 34721U 93036YP  15014.26944463  .00002407  00000-0  16772-2 0  9995
2 34721 073.9301 310.6003 0244831 319.6747 198.8993 13.85816166298094
0 COSMOS 2251 DEB
1 34721U 93036YP  15015.27983656  .00002309  00000-0  16095-2 0  9993
2 34721 073.9303 308.8797 0244780 317.7918 199.6536 13.85821836298235
0 COSMOS 2251 DEB
1 34721U 93036YP  15016.49926163  .00001689  00000-0  11823-2 0  9992
2 34721 073.9306 306.8033 0244705 315.5172 163.2805 13.85827878298401
0 COSMOS 2251 DEB
1 34721U 93036YP  15017.78026562  .00001228  00000-0  86469-3 0  9997
2 34721 073.9306 304.6221 0244603 313.1322 074.1426 13.85831327298575
0 COSMOS 2251 DEB
1 34721U 93036YP  15021.19807796  .00001003  00000-0  70978-3 0  9992
2 34721 073.9301 298.8031 0244338 306.7515 205.5156 13.85839087299055
0 COSMOS 2251 DEB
1 34721U 93036YP  15022.20922914  .00001164  00000-0  82099-3 0  9990
2 34721 073.9298 297.0813 0244250 304.8563 210.1496 13.85842037299197
0 COSMOS 2251 DEB
1 34721U 93036YP  15023.22021758  .00000912  00000-0  64722-3 0  9992
2 34721 073.9296 295.3596 0244158 302.9618 213.9801 13.85844744299335
0 COSMOS 2251 DEB
1 34721U 93036YP  15025.72072470  .00000492  00000-0  35765-3 0  9994
2 34721 073.9294 291.0993 0243657 298.3319 089.0081 13.85848986299677
0 COSMOS 2251 DEB
1 34721U 93036YP  15026.73135748  .00000602  00000-0  43379-3 0  9997
2 34721 073.9293 289.3782 0243569 296.4263 091.0978 13.85851731299817
0 COSMOS 2251 DEB
1 34721U 93036YP  15029.13907774  .00000811  00000-0  57862-3 0  9994
2 34721 073.9291 285.2784 0243307 291.8959 223.3431 13.85857596300152
0 COSMOS 2251 DEB
1 34721U 93036YP  15031.16070825  .00000988  00000-0  70109-3 0  9992
2 34721 073.9284 281.8353 0243037 288.0786 229.4226 13.85864005300437
0 COSMOS 2251 DEB
1 34721U 93036YP  15033.10922410  .00001192  00000-0  84226-3 0  9997
2 34721 073.9282 278.5169 0242719 284.4123 230.7510 13.85871871300704
0 COSMOS 2251 DEB
1 34721U 93036YP  15037.08070907  .00001326  00000-0  93574-3 0  9998
2 34721 073.9282 271.7538 0242302 276.9048 245.0936 13.85886316301251
0 COSMOS 2251 DEB
1 34721U 93036YP  15038.09005667  .00001522  00000-0  10714-2 0  9993
2 34721 073.9281 270.0349 0242271 274.9917 240.9200 13.85888664301391
0 COSMOS 2251 DEB
1 34721U 93036YP  15041.60230442  .00001892  00000-0  13274-2 0  9999
2 34721 073.9285 264.0545 0242206 268.3167 124.3079 13.85901573301875
0 COSMOS 2251 DEB
1 34721U 93036YP  15043.28016353  .00001580  00000-0  11117-2 0  9996
2 34721 073.9284 261.1973 0242073 265.1372 215.5659 13.85906707302111
0 COSMOS 2251 DEB
1 34721U 93036YP  15044.56113917  .00001455  00000-0  10249-2 0  9998
2 34721 073.9282 259.0162 0241991 262.7072 126.6963 13.85910842302286
0 COSMOS 2251 DEB
1 34721U 93036YP  15047.25039501  .00001289  00000-0  91039-3 0  9995
2 34721 073.9273 254.4343 0241847 257.6125 224.1634 13.85918849302664
0 COSMOS 2251 DEB
1 34721U 93036YP  15048.98914632  .00001566  00000-0  11014-2 0  9995
2 34721 073.9274 251.4727 0241815 254.3122 259.3399 13.85925668302906
0 COSMOS 2251 DEB
1 34721U 93036YP  15050.00015794  .00001367  00000-0  96397-3 0  9999
2 34721 073.9274 249.7503 0241818 252.3926 263.6166 13.85928519303045
0 COSMOS 2251 DEB
1 34721U 93036YP  15052.95947896  .00001696  00000-0  11911-2 0  9995
2 34721 073.9276 244.7098 0241850 246.7862 268.7073 13.85936411303451
0 COSMOS 2251 DEB
1 34721U 93036YP  15053.96986054  .00001685  00000-0  11836-2 0  9990
2 34721 073.9276 242.9890 0241871 244.8741 269.8750 13.85938862303590
0 COSMOS 2251 DEB
1 34721U 93036YP  15055.19056978  .00001781  00000-0  12495-2 0  9999
2 34721 073.9276 240.9099 0241902 242.5711 240.4462 13.85944332303769
0 COSMOS 2251 DEB
1 34721U 93036YP  15056.47000851  .00001684  00000-0  11822-2 0  9995
2 34721 073.9277 238.7311 0241924 240.1429 144.0812 13.85948050303934
0 COSMOS 2251 DEB
1 34721U 93036YP  15057.55985870  .00001637  00000-0  11497-2 0  9994
2 34721 073.9279 236.8748 0241963 238.0790 181.7883 13.85950099304099
0 COSMOS 2251 DEB
1 34721U 93036YP  15059.87162334  .00001704  00000-0  11963-2 0  9996
2 34721 073.9272 232.9404 0241770 233.6741 196.1956 13.85958527304412
0 COSMOS 2251 DEB
1 34721U 93036YP  15060.89893565  .00001897  00000-0  13298-2 0  9993
2 34721 073.9273 231.1903 0241796 231.7303 281.9178 13.85963005304550
0 COSMOS 2251 DEB
1 34721U 93036YP  15064.14104316  .00002242  00000-0  15676-2 0  9991
2 34721 073.9273 225.6683 0241785 225.6209 258.3117 13.85976333305008
0 COSMOS 2251 DEB
1 34721U 93036YP  15065.42099355  .00002059  00000-0  14411-2 0  9991
2 34721 073.9272 223.4871 0241784 223.1912 164.6422 13.85980230305172
0 COSMOS 2251 DEB
1 34721U 93036YP  15068.11090456  .00002313  00000-0  16161-2 0  9990
2 34721 073.9275 218.9056 0241851 218.1162 266.0383 13.85992193305551
0 COSMOS 2251 DEB
1 34721U 93036YP  15069.12019741  .00002099  00000-0  14678-2 0  9992
2 34721 073.9275 217.1862 0241789 216.2024 261.9699 13.85994852305696
0 COSMOS 2251 DEB
1 34721U 93036YP  15070.40164575  .00002054  00000-0  14369-2 0  9999
2 34721 073.9276 215.0036 0241838 213.7869 175.8516 13.85999860305876
0 COSMOS 2251 DEB
1 34721U 93036YP  15071.49287501  .00002029  00000-0  14195-2 0  9993
2 34721 073.9279 213.1454 0241868 211.7262 220.6388 13.86003954306025
0 COSMOS 2251 DEB
1 34721U 93036YP  15072.79204002  .00002292  00000-0  16007-2 0  9998
2 34721 073.9285 210.9325 0241921 209.2935 222.9408 13.86009177306204
0 COSMOS 2251 DEB
1 34721U 93036YP  15073.81880850  .00001918  00000-0  13418-2 0  9990
2 34721 073.9282 209.1840 0241905 207.3553 306.1251 13.86011991306343
0 COSMOS 2251 DEB
1 34721U 93036YP  15075.76194084  .00001615  00000-0  11329-2 0  9996
2 34721 073.9282 205.8738 0241889 203.6950 281.6409 13.86016964306610
0 COSMOS 2251 DEB
1 34721U 93036YP  15076.77794110  .00001910  00000-0  13365-2 0  9994
2 34721 073.9282 204.1426 0241821 201.7832 311.1314 13.86022379306756
0 COSMOS 2251 DEB
1 34721U 93036YP  15077.78845889  .00002089  00000-0  14601-2 0  9998
2 34721 073.9285 202.4225 0241835 199.8712 313.2933 13.86027355306890
0 COSMOS 2251 DEB
1 34721U 93036YP  15078.79919372  .00002205  00000-0  15393-2 0  9998
2 34721 073.9288 200.7022 0241876 197.9863 316.5312 13.86032428307031
0 COSMOS 2251 DEB
1 34721U 93036YP  15079.73166338  .00001567  00000-0  10992-2 0  9999
2 34721 073.9294 199.1124 0241820 196.2314 289.2519 13.86032757307168
0 COSMOS 2251 DEB
1 34721U 93036YP  15080.74266167  .00001587  00000-0  11130-2 0  9990
2 34721 073.9284 197.3902 0241796 194.3209 293.8370 13.86035047307302
0 COSMOS 2251 DEB
1 34721U 93036YP  15081.75825663  .00001573  00000-0  11027-2 0  9994
2 34721 073.9283 195.6601 0241872 192.4317 321.3474 13.86038666307449
0 COSMOS 2251 DEB
1 34721U 93036YP  15083.40188388  .00001533  00000-0  10756-2 0  9998
2 34721 073.9288 192.8609 0241670 189.2944 242.6459 13.86044011307671
0 COSMOS 2251 DEB
1 34721U 93036YP  15084.71197103  .00001793  00000-0  12554-2 0  9994
2 34721 073.9292 190.6296 0241593 186.8185 299.6619 13.86049631307851
0 COSMOS 2251 DEB
1 34721U 93036YP  15086.73847463  .00001909  00000-0  13349-2 0  9991
2 34721 073.9284 187.1781 0241620 183.0078 331.4467 13.86057072308139
0 COSMOS 2251 DEB
1 34721U 93036YP  15087.95951537  .00001996  00000-0  13947-2 0  9994
2 34721 073.9285 185.0984 0241573 180.7035 304.1963 13.86062163308300
0 COSMOS 2251 DEB
1 34721U 93036YP  15089.31793367  .00002050  00000-0  14320-2 0  9999
2 34721 073.9285 182.7846 0241506 178.1408 242.4549 13.86067685308490
0 COSMOS 2251 DEB
1 34721U 93036YP  15090.70943650  .00001952  00000-0  13642-2 0  9992
2 34721 073.9283 180.4144 0241434 175.5112 345.8333 13.86072733308687
0 COSMOS 2251 DEB
1 34721U 93036YP  15091.92908858  .00001888  00000-0  13200-2 0  9996
2 34721 073.9282 178.3371 0241396 173.2063 311.7251 13.86077216308852
0 COSMOS 2251 DEB
1 34721U 93036YP  15093.66156962  .00001794  00000-0  12553-2 0  9996
2 34721 073.9289 175.3859 0241293 169.9280 316.6021 13.86083747309098
0 COSMOS 2251 DEB
1 34721U 93036YP  15094.67742172  .00001627  00000-0  11399-2 0  9994
2 34721 073.9288 173.6556 0241223 168.0062 345.6034 13.86087147309233
0 COSMOS 2251 DEB
1 34721U 93036YP  15095.89868348  .00001548  00000-0  10852-2 0  9998
2 34721 073.9286 171.5757 0241167 165.6955 319.5974 13.86091521309405
0 COSMOS 2251 DEB
1 34721U 93036YP  15096.90798819  .00001341  00000-0  94242-3 0  9993
2 34721 073.9283 169.8566 0241115 163.7864 315.9542 13.86094284309546
0 COSMOS 2251 DEB
1 34721U 93036YP  15098.18968465  .00001273  00000-0  89567-3 0  9999
2 34721 073.9278 167.6730 0241047 161.3517 231.5472 13.86097033309722
0 COSMOS 2251 DEB
1 34721U 93036YP  15099.20020759  .00001145  00000-0  80690-3 0  9994
2 34721 073.9279 165.9522 0240970 159.4384 234.0055 13.86099393309868
0 COSMOS 2251 DEB
1 34721U 93036YP  15100.50548789  .00001132  00000-0  79790-3 0  9993
2 34721 073.9276 163.7288 0240914 156.9653 267.3069 13.86103079310042
0 COSMOS 2251 DEB
1 34721U 93036YP  15101.51608888  .00001160  00000-0  81745-3 0  9996
2 34721 073.9276 162.0076 0240868 155.0454 270.1849 13.86106026310184
0 COSMOS 2251 DEB
1 34721U 93036YP  15102.52733947  .00001194  00000-0  84100-3 0  9998
2 34721 073.9273 160.2848 0240802 153.1260 276.3134 13.86109003310329
0 COSMOS 2251 DEB
1 34721U 93036YP  15104.47496706  .00001180  00000-0  83146-3 0  9997
2 34721 073.9270 156.9672 0240715 149.4286 274.9801 13.86114248310593
0 COSMOS 2251 DEB
1 34721U 93036YP  15105.48548760  .00001409  00000-0  98928-3 0  9995
2 34721 073.9269 155.2459 0240655 147.5067 277.5014 13.86118442310736
0 COSMOS 2251 DEB
1 34721U 93036YP  15106.49621708  .00001531  00000-0  10739-2 0  9990
2 34721 073.9269 153.5241 0240588 145.5848 281.0792 13.86122315310878
0 COSMOS 2251 DEB
1 34721U 93036YP  15107.50743448  .00001576  00000-0  11048-2 0  9992
2 34721 073.9268 151.8015 0240530 143.6642 287.1028 13.86125884311015
0 COSMOS 2251 DEB
1 34721U 93036YP  15108.53380441  .00001637  00000-0  11473-2 0  9996
2 34721 073.9267 150.0532 0240492 141.7133 008.7525 13.86129631311158
0 COSMOS 2251 DEB
1 34721U 93036YP  15110.09803964  .00001754  00000-0  12279-2 0  9995
2 34721 073.9265 147.3882 0240366 138.7365 254.4139 13.86135814311360
0 COSMOS 2251 DEB
1 34721U 93036YP  15111.18748102  .00001969  00000-0  13765-2 0  9997
2 34721 073.9264 145.5322 0240282 136.6669 290.8351 13.86141213311527
0 COSMOS 2251 DEB
1 34721U 93036YP  15112.50317858  .00002121  00000-0  14821-2 0  9999
2 34721 073.9263 143.2906 0240214 134.1666 016.3247 13.86147437311703
0 COSMOS 2251 DEB
1 34721U 93036YP  15113.79510597  .00002174  00000-0  15183-2 0  9996
2 34721 073.9266 141.0897 0240097 131.6950 343.2380 13.86152912311881
0 COSMOS 2251 DEB
1 34721U 93036YP  15115.07789471  .00001907  00000-0  13340-2 0  9994
2 34721 073.9266 138.9044 0240036 129.2540 264.5621 13.86157836312065
0 COSMOS 2251 DEB
1 34721U 93036YP  15116.46636300  .00001546  00000-0  10846-2 0  9997
2 34721 073.9265 136.5387 0239964 126.6077 353.2711 13.86161962312254
0 COSMOS 2251 DEB
1 34721U 93036YP  15117.48260652  .00001374  00000-0  96537-3 0  9994
2 34721 073.9265 134.8073 0239926 124.6693 024.5244 13.86164618312392
0 COSMOS 2251 DEB
1 34721U 93036YP  15118.49402939  .00001375  00000-0  96604-3 0  9998
2 34721 073.9256 133.0839 0239925 122.7404 031.7305 13.86167071312531
0 COSMOS 2251 DEB
1 34721U 93036YP  15119.50463510  .00001267  00000-0  89129-3 0  9997
2 34721 073.9256 131.3619 0239896 120.8119 034.8720 13.86169669312672
0 COSMOS 2251 DEB
1 34721U 93036YP  15121.07299095  .00001179  00000-0  83081-3 0  9990
2 34721 073.9257 128.6903 0239869 117.8227 301.3240 13.86173796312882
0 COSMOS 2251 DEB
1 34721U 93036YP  15122.08341215  .00001154  00000-0  81325-3 0  9996
2 34721 073.9257 126.9687 0239835 115.8941 303.5704 13.86176493313029
0 COSMOS 2251 DEB
1 34721U 93036YP  15123.09571566  .00001181  00000-0  83184-3 0  9997
2 34721 073.9258 125.2439 0239825 113.9597 315.2211 13.86179364313171
0 COSMOS 2251 DEB
1 34721U 93036YP  15124.40511419  .00001161  00000-0  81820-3 0  9997
2 34721 073.9258 123.0128 0239800 111.4541 009.4664 13.86182565313358
0 COSMOS 2251 DEB
1 34721U 93036YP  15125.42322767  .00001089  00000-0  76842-3 0  9993
2 34721 073.9259 121.2781 0239801 109.5091 050.1288 13.86184654313494
0 COSMOS 2251 DEB
1 34721U 93036YP  15126.43160124  .00001261  00000-0  88732-3 0  9995
2 34721 073.9259 119.5600 0239806 107.5800 042.1998 13.86188115313636
0 COSMOS 2251 DEB
1 34721U 93036YP  15129.01126640  .00001486  00000-0  10424-2 0  9998
2 34721 073.9260 115.1647 0239828 102.6545 315.5051 13.86196344313985
0 COSMOS 2251 DEB
1 34721U 93036YP  15130.02168244  .00001730  00000-0  12108-2 0  9990
2 34721 073.9261 113.4431 0239845 100.7259 317.8083 13.86200833314124
0 COSMOS 2251 DEB
1 34721U 93036YP  15131.41228810  .00002158  00000-0  15066-2 0  9991
2 34721 073.9261 111.0736 0239847 098.0678 057.4069 13.86207842314322
0 COSMOS 2251 DEB
1 34721U 93036YP  15133.35932465  .00002684  00000-0  18689-2 0  9992
2 34721 073.9265 107.7561 0239951 094.3418 053.8621 13.86219274314596
0 COSMOS 2251 DEB
1 34721U 93036YP  15135.00244190  .00003290  00000-0  22871-2 0  9999
2 34721 073.9270 104.9572 0239974 091.2031 333.6964 13.86229870314823
0 COSMOS 2251 DEB
1 34721U 93036YP  15136.22843898  .00002836  00000-0  19729-2 0  9997
2 34721 073.9272 102.8682 0240046 088.8639 331.9644 13.86235721314998
0 COSMOS 2251 DEB
1 34721U 93036YP  15137.32823774  .00002590  00000-0  18029-2 0  9999
2 34721 073.9274 100.9943 0240117 086.7737 060.4625 13.86240923315145
0 COSMOS 2251 DEB
1 34721U 93036YP  15138.34123133  .00002416  00000-0  16826-2 0  9994
2 34721 073.9277 099.2684 0240176 084.8400 075.7884 13.86245316315283
0 COSMOS 2251 DEB
1 34721U 93036YP  15139.34370128  .00002677  00000-0  18619-2 0  9994
2 34721 073.9279 097.5602 0240250 082.9280 038.6137 13.86251128315427
0 COSMOS 2251 DEB
1 34721U 93036YP  15140.57002608  .00002110  00000-0  14705-2 0  9990
2 34721 073.9280 095.4706 0240341 080.5933 038.6015 13.86255046315597
0 COSMOS 2251 DEB
1 34721U 93036YP  15141.92868980  .00001897  00000-0  13231-2 0  9997
2 34721 073.9281 093.1558 0240445 078.0071 339.0538 13.86260252315782
0 COSMOS 2251 DEB
1 34721U 93036YP  15143.31338384  .00001513  00000-0  10581-2 0  9992
2 34721 073.9280 090.7962 0240556 075.3728 049.4327 13.86264245315970
0 COSMOS 2251 DEB
1 34721U 93036YP  15145.17695867  .00001386  00000-0  97019-3 0  9990
2 34721 073.9275 087.6207 0240695 071.8389 349.7036 13.86268816316230
0 COSMOS 2251 DEB
1 34721U 93036YP  15146.27728927  .00001222  00000-0  85718-3 0  9998
2 34721 073.9276 085.7457 0240790 069.7480 080.9847 13.86271361316380
0 COSMOS 2251 DEB
1 34721U 93036YP  15147.92052757  .00001279  00000-0  89628-3 0  9998
2 34721 073.9277 082.9457 0240927 066.6314 001.7014 13.86276265316615
0 COSMOS 2251 DEB
1 34721U 93036YP  15149.14618205  .00001325  00000-0  92785-3 0  9990
2 34721 073.9278 080.8573 0241029 064.3072 358.4450 13.86279607316789
0 COSMOS 2251 DEB
1 34721U 93036YP  15150.24579454  .00001243  00000-0  87111-3 0  9991
2 34721 073.9279 078.9836 0241128 062.2220 086.1759 13.86281973316935
0 COSMOS 2251 DEB
1 34721U 93036YP  15151.25692448  .00001926  00000-0  13408-2 0  9997
2 34721 073.9281 077.2607 0241188 060.3000 092.3415 13.86288259317075
0 COSMOS 2251 DEB
1 34721U 93036YP  15152.82509557  .00001339  00000-0  93700-3 0  9991
2 34721 073.9281 074.5885 0241338 057.3388 358.4793 13.86288786317288
0 COSMOS 2251 DEB
1 34721U 93036YP  15153.83539796  .00001149  00000-0  80605-3 0  9990
2 34721 073.9281 072.8669 0241431 055.4325 000.5215 13.86290258317420
0 COSMOS 2251 DEB
1 34721U 93036YP  15156.79395001  .00001416  00000-0  98944-3 0  9999
2 34721 073.9281 067.8255 0241650 049.8484 005.6053 13.86298956317835
0 COSMOS 2251 DEB
1 34721U 93036YP  15157.80423584  .00001507  00000-0  10512-2 0  9995
2 34721 073.9280 066.1038 0241738 047.9518 007.5922 13.86302021317979
0 COSMOS 2251 DEB
1 34721U 93036YP  15158.81637914  .00001590  00000-0  11082-2 0  9996
2 34721 073.9281 064.3791 0241810 046.0473 018.8664 13.86305328318126
0 COSMOS 2251 DEB
1 34721U 93036YP  15160.76428025  .00001866  00000-0  12979-2 0  9996
2 34721 073.9282 061.0597 0241917 042.3806 020.2418 13.86313027318390
0 COSMOS 2251 DEB
1 34721U 93036YP  15161.14314911 +.00001954 +00000-0 +13578-2 0  9991
2 34721 073.9280 060.4139 0241934 041.6693 111.0649 13.86314834318446
0 COSMOS 2251 DEB
1 34721U 93036YP  15162.15282795  .00001952  00000-0  13564-2 0  9990
2 34721 073.9279 058.6932 0241982 039.7709 110.0818 13.86318286318580
0 COSMOS 2251 DEB
1 34721U 93036YP  15162.43362450 +.00001974 +00000-0 +13715-2 0  9990
2 34721 073.9279 058.2147 0241994 039.2392 071.4658 13.86319581318626
0 COSMOS 2251 DEB
1 34721U 93036YP  15165.74183523 +.00001804 +00000-0 +12545-2 0  9991
2 34721 073.9278 052.5766 0242110 033.0249 021.9084 13.86331194319081
0 COSMOS 2251 DEB
1 34721U 93036YP  15166.03204953 +.00001717 +00000-0 +11943-2 0  9999
2 34721 073.9277 052.0821 0242125 032.4758 030.3053 13.86331807319127
0 COSMOS 2251 DEB
1 34721U 93036YP  15167.68537155  .00001461  00000-0  10191-2 0  9994
2 34721 073.9278 049.2642 0242158 029.3682 001.6764 13.86336389319359
0 COSMOS 2251 DEB
1 34721U 93036YP  15168.14398748 +.00001419 +00000-0 +99003-3 0  9992
2 34721 073.9277 048.4823 0242160 028.5088 130.5317 13.86337688319410
0 COSMOS 2251 DEB
1 34721U 93036YP  15169.08035852  .00001262  00000-0  88189-3 0  9999
2 34721 073.9276 046.8864 0242169 026.7495 123.7718 13.86339818319547
0 COSMOS 2251 DEB
1 34721U 93036YP  15169.36257123 +.00001153 +00000-0 +80751-3 0  9993
2 34721 073.9276 046.4054 0242167 026.2261 092.2336 13.86340130319587
0 COSMOS 2251 DEB
1 34721U 93036YP  15170.37132097  .00001075  00000-0  75407-3 0  9993
2 34721 073.9276 044.6862 0242171 024.3254 086.7205 13.86342846319725
0 COSMOS 2251 DEB
1 34721U 93036YP  15171.38337082  .00000924  00000-0  65011-3 0  9998
2 34721 073.9278 042.9621 0242155 022.4254 097.6756 13.86344758319863
0 COSMOS 2251 DEB
1 34721U 93036YP  15173.04917522  .00000771  00000-0  54562-3 0  9995
2 34721 073.9278 040.1231 0242153 019.2894 131.4250 13.86347823320091
0 COSMOS 2251 DEB
1 34721U 93036YP  15174.06069844  .00000742  00000-0  52518-3 0  9990
2 34721 073.9278 038.3992 0242142 017.3807 139.7799 13.86349749320239
0 COSMOS 2251 DEB
1 34721U 93036YP  15175.62278308  .00000893  00000-0  62920-3 0  9995
2 34721 073.9277 035.7366 0242083 014.4427 015.9134 13.86354025320448
0 COSMOS 2251 DEB
1 34721U 93036YP  15177.29966703  .00000670  00000-0  47648-3 0  9996
2 34721 073.9277 032.8786 0242025 011.2842 105.0069 13.86355810320681
0 COSMOS 2251 DEB
1 34721U 93036YP  15178.58111104  .00000562  00000-0  40209-3 0  9992
2 34721 073.9276 030.6944 0241989 008.8634 020.5338 13.86357505320864
0 COSMOS 2251 DEB
1 34721U 93036YP  15179.67001774  .00000455  00000-0  32894-3 0  9996
2 34721 073.9276 028.8385 0241923 006.8103 055.1326 13.86358691321015
0 COSMOS 2251 DEB
1 34721U 93036YP  15181.26858021  .00000345  00000-0  25319-3 0  9991
2 34721 073.9277 026.1139 0241856 003.7879 113.3752 13.86360105321232
0 COSMOS 2251 DEB
1 34721U 93036YP  15182.54972398  .00000335  00000-0  24689-3 0  9995
2 34721 073.9277 023.9303 0241792 001.3632 027.4837 13.86361436321417
0 COSMOS 2251 DEB
1 34721U 93036YP  15183.56012519  .00000330  00000-0  24294-3 0  9995
2 34721 073.9276 022.2081 0241744 359.4468 030.2954 13.86362424321557
0 COSMOS 2251 DEB
1 34721U 93036YP  15184.57676961  .00000352  00000-0  25860-3 0  9998
2 34721 073.9277 020.4754 0241685 357.5204 064.2664 13.86363406321697
0 COSMOS 2251 DEB
1 34721U 93036YP  15185.58539914  .00000459  00000-0  33196-3 0  9995
2 34721 073.9277 018.7561 0241621 355.6070 058.2408 13.86364777321830
0 COSMOS 2251 DEB
1 34721U 93036YP  15187.52876697  .00000495  00000-0  35672-3 0  9994
2 34721 073.9275 015.4437 0241498 351.9108 037.4316 13.86367009322106
0 COSMOS 2251 DEB
1 34721U 93036YP  15188.83321936  .00000531  00000-0  38144-3 0  9998
2 34721 073.9277 013.2204 0241415 349.4241 067.8577 13.86368357322287
0 COSMOS 2251 DEB
1 34721U 93036YP  15189.84401800  .00000608  00000-0  43446-3 0  9995
2 34721 073.9279 011.4975 0241362 347.4954 072.6856 13.86369720322429
0 COSMOS 2251 DEB
1 34721U 93036YP  15191.15348704  .00000421  00000-0  30644-3 0  9994
2 34721 073.9278 009.2654 0241290 344.9950 128.1686 13.86370290322607
0 COSMOS 2251 DEB
1 34721U 93036YP  15192.51438786  .00000645  00000-0  46039-3 0  9998
2 34721 073.9278 006.9456 0241217 342.3947 080.3532 13.86373048322791
0 COSMOS 2251 DEB
1 34721U 93036YP  15194.18533657  .00000583  00000-0  41788-3 0  9993
2 34721 073.9278 004.0975 0241152 339.1971 139.9843 13.86374550323027
0 COSMOS 2251 DEB
1 34721U 93036YP  15195.46597124  .00000613  00000-0  43847-3 0  9996
2 34721 073.9278 001.9148 0241123 336.7463 051.5867 13.86376405323196
0 COSMOS 2251 DEB
1 34721U 93036YP  15196.47625286  .00000526  00000-0  37855-3 0  9994
2 34721 073.9279 000.1928 0241106 334.8120 053.8686 13.86377020323338
0 COSMOS 2251 DEB
1 34721U 93036YP  15197.49161071  .00000445  00000-0  32290-3 0  9992
2 34721 073.9279 358.4621 0241091 332.8678 081.4901 13.86377656323484
0 COSMOS 2251 DEB
1 34721U 93036YP  15198.79205012  .00000412  00000-0  30048-3 0  9993
2 34721 073.9280 356.2455 0241083 330.3728 091.9573 13.86378907323668
0 COSMOS 2251 DEB
1 34721U 93036YP  15199.80258282  .00000401  00000-0  29293-3 0  9991
2 34721 073.9281 354.5231 0241078 328.4315 095.5110 13.86379819323802
0 COSMOS 2251 DEB
1 34721U 93036YP  15202.47058622  .00000376  00000-0  27562-3 0  9993
2 34721 073.9281 349.9755 0241091 323.3087 091.4884 13.86381953324172
0 COSMOS 2251 DEB
1 34721U 93036YP  15206.43923506  .00000492  00000-0  35554-3 0  9994
2 34721 073.9282 343.2110 0241208 315.6795 099.0314 13.86386387324724
0 COSMOS 2251 DEB
1 34721U 93036YP  15208.38215402  .00000534  00000-0  38431-3 0  9993
2 34721 073.9283 339.8995 0241304 311.9473 076.1712 13.86388943324993
0 COSMOS 2251 DEB
1 34721U 93036YP  15210.32989668  .00000664  00000-0  47361-3 0  9998
2 34721 073.9281 336.5791 0241391 308.2115 077.4006 13.86392173325268
0 COSMOS 2251 DEB
1 34721U 93036YP  15211.34051275  .00000688  00000-0  48985-3 0  9994
2 34721 073.9282 334.8566 0241453 306.2679 081.4219 13.86393716325403
0 COSMOS 2251 DEB
1 34721U 93036YP  15212.35077642  .00000786  00000-0  55705-3 0  9999
2 34721 073.9282 333.1346 0241529 304.3252 083.6915 13.86395794325541
0 COSMOS 2251 DEB
1 34721U 93036YP  15214.75698451  .00000944  00000-0  66560-3 0  9999
2 34721 073.9282 329.0329 0241707 299.7135 213.1908 13.86400593325873
0 COSMOS 2251 DEB
1 34721U 93036YP  15215.76727367  .00000947  00000-0  66747-3 0  9990
2 34721 073.9283 327.3109 0241831 297.7731 215.6066 13.86402384326018
0 COSMOS 2251 DEB
1 34721U 93036YP  15217.62424947  .00000991  00000-0  69738-3 0  9997
2 34721 073.9283 324.1456 0241981 294.2235 123.8924 13.86406139326267
0 COSMOS 2251 DEB
1 34721U 93036YP  15219.27788146  .00001154  00000-0  80897-3 0  9995
2 34721 073.9283 321.3268 0242128 291.0626 097.3029 13.86410651326490
0 COSMOS 2251 DEB
1 34721U 93036YP  15220.28798936  .00001150  00000-0  80584-3 0  9995
2 34721 073.9283 319.6051 0242231 289.1313 098.8441 13.86412904326639
0 COSMOS 2251 DEB
1 34721U 93036YP  15223.70493943  .00001142  00000-0  79995-3 0  9990
2 34721 073.9282 313.7806 0242566 282.6084 233.2154 13.86421148327115
0 COSMOS 2251 DEB
1 34721U 93036YP  15225.56118350  .00001084  00000-0  76002-3 0  9993
2 34721 073.9283 310.6167 0242715 279.0784 137.9613 13.86425391327366
0 COSMOS 2251 DEB
1 34721U 93036YP  15226.57179663  .00001108  00000-0  77580-3 0  9998
2 34721 073.9282 308.8937 0242802 277.1550 142.0721 13.86427959327501
0 COSMOS 2251 DEB
1 34721U 93036YP  15227.67319661  .00001146  00000-0  80155-3 0  9998
2 34721 073.9281 307.0163 0242907 275.0598 239.3229 13.86430913327661
0 COSMOS 2251 DEB
1 34721U 93036YP  15228.68501970  .00001389  00000-0  96754-3 0  9997
2 34721 073.9282 305.2916 0243002 273.1390 249.4924 13.86435021327809
0 COSMOS 2251 DEB
1 34721U 93036YP  15229.90341584  .00001335  00000-0  93096-3 0  9993
2 34721 073.9281 303.2148 0243114 270.8259 210.7101 13.86437938327970
0 COSMOS 2251 DEB
1 34721U 93036YP  15230.63179169 +.00001259 +00000-0 +87827-3 0  9993
2 34721 073.9280 301.9731 0243177 269.4418 246.1623 13.86439398328078
0 COSMOS 2251 DEB
1 34721U 93036YP  15231.64170515  .00001136  00000-0  79407-3 0  9990
2 34721 073.9279 300.2515 0243275 267.5259 246.8245 13.86441456328210
0 COSMOS 2251 DEB
1 34721U 93036YP  15232.86190138  .00001186  00000-0  82843-3 0  9991
2 34721 073.9277 298.1712 0243375 265.2099 217.0617 13.86445020328382
0 COSMOS 2251 DEB
1 34721U 93036YP  15233.57263000 +.00001090 +00000-0 +76269-3 0  9998
2 34721 073.9276 296.9597 0243424 263.8642 164.4487 13.86446341328489
0 COSMOS 2251 DEB
1 34721U 93036YP  15235.61052258 +.00001208 +00000-0 +84299-3 0  9999
2 34721 073.9274 293.4855 0243582 260.0042 256.0012 13.86452182328767
0 COSMOS 2251 DEB
1 34721U 93036YP  15236.53017543  .00001211  00000-0  84471-3 0  9995
2 34721 073.9273 291.9177 0243654 258.2640 166.1939 13.86454534328895
0 COSMOS 2251 DEB
1 34721U 93036YP  15236.62078821 +.00001236 +00000-0 +86148-3 0  9991
2 34721 073.9272 291.7632 0243659 258.0924 258.4626 13.86454859328906
0 COSMOS 2251 DEB
1 34721U 93036YP  15238.56837572  .00001176  00000-0  82063-3 0  9997
2 34721 073.9270 288.4427 0243787 254.4084 259.3286 13.86459276329178
0 COSMOS 2251 DEB
1 34721U 93036YP  15240.13062272  .00001258  00000-0  87642-3 0  9999
2 34721 073.9268 285.7792 0243879 251.4555 136.9009 13.86464092329380
0 COSMOS 2251 DEB
1 34721U 93036YP  15240.49899574 +.00001313 +00000-0 +91357-3 0  9991
2 34721 073.9267 285.1512 0243890 250.7605 175.5460 13.86465374329445
0 COSMOS 2251 DEB
1 34721U 93036YP  15242.53745064  .00001113  00000-0  77657-3 0  9997
2 34721 073.9265 281.6757 0243993 246.9114 270.0271 13.86469805329726
0 COSMOS 2251 DEB
1 34721U 93036YP  15243.54743402  .00001072  00000-0  74891-3 0  9994
2 34721 073.9263 279.9534 0244034 245.0042 271.1421 13.86472259329865
0 COSMOS 2251 DEB
1 34721U 93036YP  15244.76677233  .00000999  00000-0  69896-3 0  9993
2 34721  73.9261 277.8744 0244067 242.7015 237.2178 13.86474935330039
0 COSMOS 2251 DEB
1 34721U 93036YP  15247.05702764  .00000864  00000-0  60637-3 0  9991
2 34721  73.9257 273.9694 0244114 238.3772 148.5793 13.86479049330341
0 COSMOS 2251 DEB
1 34721U 93036YP  15247.42533840 +.00000887 +00000-0 +62216-3 0  9999
2 34721 073.9256 273.3413 0244097 237.6788 186.9363 13.86479835330401
0 COSMOS 2251 DEB
1 34721U 93036YP  15248.52584135  .00000892  00000-0  62573-3 0  9996
2 34721  73.9255 271.4650 0244114 235.6030 279.8935 13.86481875330550
0 COSMOS 2251 DEB
1 34721U 93036YP  15250.01547373  .00000880  00000-0  61707-3 0  9991
2 34721  73.9252 268.9251 0244110 232.7913 155.1325 13.86484471330755
0 COSMOS 2251 DEB
1 34721U 93036YP  15250.47379373 +.00000850 +00000-0 +59689-3 0  9997
2 34721 073.9251 268.1432 0244119 231.9297 282.7518 13.86484884330829
0 COSMOS 2251 DEB
1 34721U 93036YP  15251.02523201  .00000874  00000-0  61344-3 0  9997
2 34721  73.9252 267.2031 0244099 230.8866 155.1671 13.86486057330896
0 COSMOS 2251 DEB
1 34721U 93036YP  15251.48414127 +.00000947 +00000-0 +66275-3 0  9992
2 34721 073.9252 266.4207 0244092 230.0195 285.7393 13.86487288330968
0 COSMOS 2251 DEB
1 34721U 93036YP  15252.03580223  .00000907  00000-0  63597-3 0  9995
2 34721  73.9251 265.4800 0244075 228.9748 159.2704 13.86488096331034
0 COSMOS 2251 DEB
1 34721U 93036YP  15252.40402872 +.00000919 +00000-0 +64365-3 0  9996
2 34721 073.9251 264.8521 0244049 228.2765 197.2182 13.86488791331090
0 COSMOS 2251 DEB
1 34721U 93036YP  15253.41489765  .00000939  00000-0  65770-3 0  9997
2 34721  73.9250 263.1284 0244026 226.3629 202.8226 13.86490753331239
0 COSMOS 2251 DEB
1 34721U 93036YP  15254.44162845  .00000816  00000-0  57359-3 0  9996
2 34721  73.9248 261.3775 0244001 224.4193 287.6048 13.86491914331377
0 COSMOS 2251 DEB
1 34721U 93036YP  15255.45204209  .00000788  00000-0  55477-3 0  9996
2 34721  73.9250 259.6550 0243950 222.5065 290.9468 13.86493482331511
0 COSMOS 2251 DEB
1 34721U 93036YP  15256.46243912  .00000710  00000-0  50156-3 0  9996
2 34721  73.9250 257.9323 0243916 220.5889 294.2176 13.86494781331655
0 COSMOS 2251 DEB
1 34721U 93036YP  15257.38328914 +.00000681 +00000-0 +48154-3 0  9996
2 34721 073.9249 256.3621 0243868 218.8489 210.5214 13.86496025331780
0 COSMOS 2251 DEB
1 34721U 93036YP  15258.40481005  .00000695  00000-0  49080-3 0  9995
2 34721  73.9249 254.6203 0243805 216.9152 269.3206 13.86497657331925
0 COSMOS 2251 DEB
1 34721U 93036YP  15259.42033904  .00000626  00000-0  44407-3 0  9991
2 34721  73.9248 252.8885 0243757 214.9846 298.2215 13.86498542332065
0 COSMOS 2251 DEB
1 34721U 93036YP  15259.97349037 +.00000608 +00000-0 +43161-3 0  9994
2 34721 073.9249 251.9454 0243700 213.9297 179.2211 13.86499148332141
0 COSMOS 2251 DEB
1 34721U 93036YP  15260.43292325  .00000605  00000-0  42944-3 0  9999
2 34721  73.9251 251.1622 0243718 213.0560 312.4320 13.86499623332203
0 COSMOS 2251 DEB
1 34721U 93036YP  15262.28800034  .00000659  00000-0  46670-3 0  9995
2 34721  73.9251 247.9990 0243616 209.5246 211.8699 13.86502072332453
0 COSMOS 2251 DEB
1 34721U 93036YP  15262.93049601 +.00000638 +00000-0 +45185-3 0  9999
2 34721 073.9253 246.9036 0243593 208.3016 178.8284 13.86502730332555
0 COSMOS 2251 DEB
1 34721U 93036YP  15263.38862725  .00000648  00000-0  45924-3 0  9991
2 34721  73.9252 246.1223 0243571 207.4292 305.5495 13.86503265332610
0 COSMOS 2251 DEB
1 34721U 93036YP  15263.94113171 +.00000646 +00000-0 +45764-3 0  9997
2 34721 073.9252 245.1802 0243537 206.3784 183.3277 13.86503998332699
0 COSMOS 2251 DEB
1 34721U 93036YP  15264.30938838 +.00000617 +00000-0 +43748-3 0  9991
2 34721 073.9252 244.5523 0243494 205.6787 221.4465 13.86504151332740
0 COSMOS 2251 DEB
1 34721U 93036YP  15266.25626422  .00000562  00000-0  39992-3 0  9995
2 34721  73.9254 241.2326 0243397 201.9696 219.1227 13.86506077333006
0 COSMOS 2251 DEB
1 34721U 93036YP  15267.35689752  .00000549  00000-0  39140-3 0  9992
2 34721  73.9254 239.3559 0243339 199.8704 312.8554 13.86507262333161
0 COSMOS 2251 DEB
1 34721U 93036YP  15267.90950953 +.00000527 +00000-0 +37646-3 0  9992
2 34721 073.9255 238.4139 0243309 198.8174 191.1798 13.86507803333241
0 COSMOS 2251 DEB
1 34721U 93036YP  15269.37770678  .00000490  00000-0  35118-3 0  9990
2 34721  73.9255 235.9105 0243208 196.0217 319.5852 13.86509084333444
0 COSMOS 2251 DEB
1 34721U 93036YP  15270.86718807  .00000490  00000-0  35090-3 0  9991
2 34721  73.9256 233.3711 0243122 193.1808 194.2413 13.86510556333648
0 COSMOS 2251 DEB
1 34721U 93036YP  15271.87768720  .00000496  00000-0  35546-3 0  9994
2 34721  73.9257 231.6482 0243063 191.2498 198.0935 13.86511473333788
0 COSMOS 2251 DEB
1 34721U 93036YP  15272.33030740 +.00000484 +00000-0 +34695-3 0  9991
2 34721 073.9257 230.8765 0243033 190.3853 297.3235 13.86511781333851
0 COSMOS 2251 DEB
1 34721U 93036YP  15273.34604884  .00000507  00000-0  36239-3 0  9991
2 34721  73.9258 229.1448 0243003 188.4504 327.3418 13.86512791333993
0 COSMOS 2251 DEB
1 34721U 93036YP  15274.35786091  .00000501  00000-0  35830-3 0  9994
2 34721  73.9259 227.4196 0242956 186.5167 337.7554 13.86513585334130
0 COSMOS 2251 DEB
1 34721U 93036YP  15275.84629229  .00000612  00000-0  43419-3 0  9993
2 34721  73.9260 224.8818 0242901 183.6670 207.2076 13.86515667334336
0 COSMOS 2251 DEB
1 34721U 93036YP  15276.30570808 +.00000562 +00000-0 +39997-3 0  9993
2 34721 073.9261 224.0986 0242878 182.7966 340.3557 13.86515749334408
0 COSMOS 2251 DEB
1 34721U 93036YP  15277.31405103  .00000539  00000-0  38455-3 0  9992
2 34721  73.9262 222.3795 0242829 180.8707 333.4644 13.86516637334548
0 COSMOS 2251 DEB
1 34721U 93036YP  15278.32502203  .00000501  00000-0  35832-3 0  9998
2 34721  73.9264 220.6560 0242788 178.9373 339.6968 13.86517464334683
0 COSMOS 2251 DEB
1 34721U 93036YP  15279.81474744  .00000451  00000-0  32387-3 0  9997
2 34721  73.9265 218.1162 0242728 176.0845 215.6282 13.86518725334886
0 COSMOS 2251 DEB
1 34721U 93036YP  15280.25628800 +.00000475 +00000-0 +34035-3 0  9999
2 34721 073.9264 217.3634 0242734 175.2508 259.5587 13.86519321334950
0 COSMOS 2251 DEB
1 34721U 93036YP  15282.29330161  .00000423  00000-0  30516-3 0  9998
2 34721  73.9267 213.8907 0242644 171.3549 347.2782 13.86521095335234
0 COSMOS 2251 DEB
1 34721U 93036YP  15283.51202640  .00000391  00000-0  28337-3 0  9996
2 34721  73.9267 211.8130 0242599 169.0318 310.5208 13.86522030335402
0 COSMOS 2251 DEB
1 34721U 93036YP  15284.24029442 +.00000386 +00000-0 +27972-3 0  9992
2 34721 073.9268 210.5715 0242576 167.6395 345.6630 13.86522604335508
0 COSMOS 2251 DEB
1 34721U 93036YP  15285.25036383  .00000398  00000-0  28773-3 0  9999
2 34721  73.9268 208.8496 0242541 165.7084 347.4171 13.86523520335643
0 COSMOS 2251 DEB
1 34721U 93036YP  15286.26100123  .00000418  00000-0  30168-3 0  9999
2 34721  73.9269 207.1266 0242511 163.7749 352.0108 13.86524473335789
0 COSMOS 2251 DEB
1 34721U 93036YP  15287.19875635 +.00000419 +00000-0 +30238-3 0  9998
2 34721 073.9269 205.5280 0242488 161.9860 352.8105 13.86525248335915
0 COSMOS 2251 DEB
1 34721U 93036YP  15288.20809659  .00000472  00000-0  33853-3 0  9999
2 34721  73.9268 203.8072 0242465 160.0577 350.9335 13.86526415336051
0 COSMOS 2251 DEB
1 34721U 93036YP  15289.21845199  .00000517  00000-0  36934-3 0  9993
2 34721  73.9269 202.0848 0242436 158.1266 354.1286 13.86527615336194
0 COSMOS 2251 DEB
1 34721U 93036YP  15290.22920256  .00000524  00000-0  37351-3 0  9996
2 34721  73.9269 200.3617 0242407 156.1958 359.2988 13.86528635336337
0 COSMOS 2251 DEB
1 34721U 93036YP  15291.44872834  .00000565  00000-0  40154-3 0  9999
2 34721  73.9269 198.2826 0242384 153.8630 326.5818 13.86530170336504
0 COSMOS 2251 DEB
1 34721U 93036YP  15291.71927814 +.00000576 +00000-0 +40922-3 0  9993
2 34721 073.9268 197.8214 0242378 153.3453 237.0367 13.86530551336542
0 COSMOS 2251 DEB
1 34721U 93036YP  15292.17766030 +.00000589 +00000-0 +41791-3 0  9994
2 34721 073.9268 197.0399 0242363 152.4693 005.0611 13.86531193336603
0 COSMOS 2251 DEB
1 34721U 93036YP  15293.18659172  .00000625  00000-0  44308-3 0  9992
2 34721  73.9268 195.3199 0242337 150.5402   1.1664 13.86532593336745
0 COSMOS 2251 DEB
1 34721U 93036YP  15293.39650612 +.00000616 +00000-0 +43628-3 0  9999
2 34721 073.9268 194.9621 0242326 150.1391 328.9594 13.86532795336770
0 COSMOS 2251 DEB
1 34721U 93036YP  15294.19719619  .00000624  00000-0  44208-3 0  9995
2 34721  73.9267 193.5971 0242306 148.6124   5.6241 13.86533874336885
0 COSMOS 2251 DEB
1 34721U 93036YP  15294.82989964 +.00000645 +00000-0 +45661-3 0  9994
2 34721 073.9266 192.5185 0242292 147.4040 283.7836 13.86534839336979
0 COSMOS 2251 DEB
1 34721U 93036YP  15295.41696939  .00000663  00000-0  46868-3 0  9997
2 34721  73.9266 191.5178 0242272 146.2772 334.1685 13.86535742337054
0 COSMOS 2251 DEB
1 34721U 93036YP  15296.42619366  .00000718  00000-0  50627-3 0  9997
2 34721  73.9265 189.7973 0242248 144.3425 331.7581 13.86537443337195
0 COSMOS 2251 DEB
1 34721U 93036YP  15296.77586078 +.00000676 +00000-0 +47749-3 0  9992
2 34721 073.9265 189.2012 0242242 143.6736 277.1372 13.86537709337247
0 COSMOS 2251 DEB
1 34721U 93036YP  15297.15490678 +.00000698 +00000-0 +49254-3 0  9992
2 34721 073.9264 188.5550 0242234 142.9485 009.1633 13.86538336337294
0 COSMOS 2251 DEB
1 34721U 93036YP  15298.79804903  .00000703  00000-0  49576-3 0  9997
2 34721  73.9262 185.7538 0242205 139.8033 290.9964 13.86540687337524
0 COSMOS 2251 DEB
1 34721U 93036YP  15299.65633627 +.00000691 +00000-0 +48745-3 0  9999
2 34721 073.9261 184.2906 0242194 138.1610 255.1897 13.86541900337646
0 COSMOS 2251 DEB
1 34721U 93036YP  15300.11274921  .00000706  00000-0  49773-3 0  9990
2 34721  73.9262 183.5125 0242187 137.2863  13.4060 13.86542678337701
0 COSMOS 2251 DEB
1 34721U 93036YP  15300.39456228 +.00000696 +00000-0 +49091-3 0  9993
2 34721 073.9262 183.0321 0242183 136.7455 340.0961 13.86543056337745
0 COSMOS 2251 DEB
1 34721U 93036YP  15301.12311162  .00000687  00000-0  48483-3 0  9996
2 34721  73.9262 181.7901 0242177 135.3506  16.7008 13.86544075337841
0 COSMOS 2251 DEB
1 34721U 93036YP  15301.67660317 +.00000675 +00000-0 +47680-3 0  9990
2 34721 073.9261 180.8465 0242176 134.2906 259.4947 13.86544848337921
0 COSMOS 2251 DEB
1 34721U 93036YP  15302.13459721  .00000669  00000-0  47235-3 0  9996
2 34721  73.9261 180.0657 0242168 133.4141  25.6056 13.86545438337985
0 COSMOS 2251 DEB
1 34721U 93036YP  15302.76625699 +.00000651 +00000-0 +46007-3 0  9991
2 34721 073.9261 178.9888 0242162 132.2043 298.5839 13.86546182338077
0 COSMOS 2251 DEB
1 34721U 93036YP  15303.06514824 +.00000677 +00000-0 +47775-3 0  9993
2 34721 073.9260 178.4793 0242166 131.6309 350.5251 13.86546752338113
0 COSMOS 2251 DEB
1 34721U 93036YP  15304.07597834  .00000730  00000-0  51434-3 0  9994
2 34721  73.9259 176.7560 0242161 129.6976 356.1692 13.86548659338250
0 COSMOS 2251 DEB
1 34721U 93036YP  15304.71207733 +.00000707 +00000-0 +49843-3 0  9996
2 34721 073.9259 175.6716 0242161 128.4766 291.3170 13.86549501338343
0 COSMOS 2251 DEB
1 34721U 93036YP  15305.09088745  .00000728  00000-0  51312-3 0  9995
2 34721  73.9258 175.0258 0242159 127.7511  22.1836 13.86550211338398
0 COSMOS 2251 DEB
1 34721U 93036YP  15306.10139821  .00000733  00000-0  51625-3 0  9993
2 34721  73.9257 173.3030 0242153 125.8152  26.2462 13.86551765338531
0 COSMOS 2251 DEB
1 34721U 93036YP  15306.73370791 +.00000806 +00000-0 +56641-3 0  9999
2 34721 073.9256 172.2249 0242156 124.6046 302.4831 13.86553084338627
0 COSMOS 2251 DEB
1 34721U 93036YP  15307.02309237 +.00000722 +00000-0 +50841-3 0  9992
2 34721 073.9255 171.7315 0242155 124.0503 306.9760 13.86553068338661
0 COSMOS 2251 DEB
1 34721U 93036YP  15308.04902654  .00000820  00000-0  57532-3 0  9990
2 34721  73.9254 169.9824 0242168 122.0817  28.0431 13.86555327338807
0 COSMOS 2251 DEB
1 34721U 93036YP  15308.68027343 +.00000834 +00000-0 +58494-3 0  9996
2 34721 073.9254 168.9062 0242188 120.8692 298.9887 13.86556540338899
0 COSMOS 2251 DEB
1 34721U 93036YP  15309.61297057  .00000794  00000-0  55791-3 0  9993
2 34721  73.9252 167.3159 0242180 119.0804 274.6601 13.86557917339013
0 COSMOS 2251 DEB
1 34721U 93036YP  15310.06943773 +.00000794 +00000-0 +55803-3 0  9991
2 34721 073.9252 166.5377 0242178 118.2050 033.1735 13.86558685339083
0 COSMOS 2251 DEB
1 34721U 93036YP  15311.08161808  .00000802  00000-0  56314-3 0  9993
2 34721  73.9251 164.8119 0242181 116.2654  45.6031 13.86560481339229
0 COSMOS 2251 DEB
1 34721U 93036YP  15312.64833873  .00000892  00000-0  62454-3 0  9995
2 34721  73.9249 162.1408 0242186 113.2702 306.1065 13.86564203339435
0 COSMOS 2251 DEB
1 34721U 93036YP  15312.93838112 +.00000917 +00000-0 +64200-3 0  9997
2 34721 073.9249 161.6464 0242179 112.7148 313.8976 13.86565022339482
0 COSMOS 2251 DEB
1 34721U 93036YP  15313.58151609 +.00000977 +00000-0 +68277-3 0  9992
2 34721 073.9249 160.5497 0242182 111.4792 284.2083 13.86566778339570
0 COSMOS 2251 DEB
1 34721U 93036YP  15314.03746571  .00000985  00000-0  68827-3 0  9991
2 34721  73.9248 159.7723 0242177 110.6058  40.1531 13.86567834339639
0 COSMOS 2251 DEB
1 34721U 93036YP  15314.96884572 +.00001096 +00000-0 +76429-3 0  9998
2 34721 073.9247 158.1842 0242178 108.8218 009.2905 13.86570597339766
0 COSMOS 2251 DEB
1 34721U 93036YP  15316.19403044  .00001061  00000-0  73977-3 0  9993
2 34721  73.9247 156.0952 0242191 106.4774   5.0121 13.86573356339930
0 COSMOS 2251 DEB
1 34721U 93036YP  15317.27661061  .00001016  00000-0  70945-3 0  9990
2 34721  73.9247 154.2499 0242182 104.4074   8.9057 13.86575666340081
0 COSMOS 2251 DEB
1 34721U 93036YP  15318.55929105  .00001039  00000-0  72499-3 0  9999
2 34721  73.9246 152.0626 0242163 101.9490 291.6561 13.86578895340269
0 COSMOS 2251 DEB
1 34721U 93036YP  15318.63764807 +.00001027 +00000-0 +71670-3 0  9991
2 34721 073.9246 151.9290 0242173 101.7980 322.7908 13.86578963340275
0 COSMOS 2251 DEB
1 34721U 93036YP  15319.86390223  .00001027  00000-0  71651-3 0  9993
2 34721  73.9244 149.8379 0242163  99.4482 323.8918 13.86581843340449
0 COSMOS 2251 DEB
1 34721U 93036YP  15319.94813221 +.00000993 +00000-0 +69327-3 0  9998
2 34721 073.9244 149.6943 0242165 099.2853 024.3450 13.86581859340458
0 COSMOS 2251 DEB
1 34721U 93036YP  15320.94800067  .00001187  00000-0  82619-3 0  9999
2 34721  73.9244 147.9896 0242216  97.3747 335.4044 13.86585550340596
0 COSMOS 2251 DEB
1 34721U 93036YP  15320.94800067 +.00001187 +00000-0 +82619-3 0  9999
2 34721 073.9244 147.9896 0242216 097.3747 335.4044 13.86585550340596
0 COSMOS 2251 DEB
1 34721U 93036YP  15321.51764519 +.00001241 +00000-0 +86275-3 0  9997
2 34721 073.9245 147.0184 0242248 096.2774 298.9209 13.86587392340672
0 COSMOS 2251 DEB
1 34721U 93036YP  15321.96832823  .00001257  00000-0  87364-3 0  9997
2 34721  73.9245 146.2499 0242242  95.4153  28.6083 13.86588636340735
0 COSMOS 2251 DEB
1 34721U 93036YP  15322.89524457 +.00001340 +00000-0 +93035-3 0  9996
2 34721 073.9245 144.6692 0242202 093.6332 335.5402 13.86591645340860
0 COSMOS 2251 DEB
1 34721U 93036YP  15323.19386780  .00001333  00000-0  92525-3 0  9990
2 34721  73.9245 144.1599 0242206  93.0637  26.1902 13.86592504340905
0 COSMOS 2251 DEB
1 34721U 93036YP  15324.93116634 +.00001246 +00000-0 +86630-3 0  9995
2 34721 073.9246 141.1978 0242205 089.7441 058.3525 13.86596931341141
0 COSMOS 2251 DEB
1 34721U 93036YP  15325.14060392  .00001259  00000-0  87485-3 0  9991
2 34721  73.9245 140.8407 0242204  89.3455  23.8172 13.86597810341178
0 COSMOS 2251 DEB
1 34721U 93036YP  15325.94280916 +.00001268 +00000-0 +88142-3 0  9996
2 34721 073.9249 139.4736 0242123 087.7907 068.2635 13.86600390341282
0 COSMOS 2251 DEB
1 34721U 93036YP  15326.95232514 +.00001239 +00000-0 +86133-3 0  9995
2 34721 073.9250 137.7518 0242052 085.8305 067.5733 13.86603130341427
0 COSMOS 2251 DEB
1 34721U 93036YP  15327.16177347  .00001282  00000-0  89057-3 0  9997
2 34721  73.9250 137.3947 0242090  85.4415  33.0861 13.86604143341457
0 COSMOS 2251 DEB
1 34721U 93036YP  15327.88932904 +.00001347 +00000-0 +93497-3 0  9999
2 34721 073.9250 136.1541 0242026 084.0480 064.8947 13.86606624341554
0 COSMOS 2251 DEB
1 34721U 93036YP  15328.89917200 +.00001309 +00000-0 +90917-3 0  9995
2 34721 073.9250 134.4323 0242002 082.1119 065.8338 13.86609340341693
0 COSMOS 2251 DEB
1 34721U 93036YP  15329.53040918  .00001244  00000-0  86505-3 0  9996
2 34721  73.9251 133.3558 0241958  80.8965 336.8574 13.86610852341788
0 COSMOS 2251 DEB
1 34721U 93036YP  15329.90972112 +.00001274 +00000-0 +88510-3 0  9998
2 34721 073.9251 132.7091 0241960 080.1729 070.3113 13.86612134341837
0 COSMOS 2251 DEB
1 34721U 93036YP  15330.54195237  .00001185  00000-0  82431-3 0  9992
2 34721  73.9251 131.6310 0241917  78.9554 346.3021 13.86613379341928
0 COSMOS 2251 DEB
1 34721U 93036YP  15330.91494314 +.00001116 +00000-0 +77749-3 0  9991
2 34721 073.9251 130.9948 0241889 078.2467 048.2018 13.86614034341979
0 COSMOS 2251 DEB
1 34721U 93036YP  15331.85116488  .00001172  00000-0  81582-3 0  9990
2 34721  73.9250 129.3983 0241842  76.4571  41.6607 13.86616856342105
0 COSMOS 2251 DEB
1 34721U 93036YP  15332.86761786  .00001172  00000-0  81569-3 0  9994
2 34721  73.9250 127.6650 0241799  74.5023  75.6396 13.86619507342242
0 COSMOS 2251 DEB
1 34721U 93036YP  15333.87978645  .00001125  00000-0  78372-3 0  9996
2 34721  73.9251 125.9390 0241772  72.5589  88.2364 13.86621802342382
0 COSMOS 2251 DEB
1 34721U 93036YP  15334.79941067 +.00001220 +00000-0 +84879-3 0  9991
2 34721 073.9253 124.3709 0241722 070.7911 358.8787 13.86624781342514
0 COSMOS 2251 DEB
1 34721U 93036YP  15335.09761723  .00001099  00000-0  76648-3 0  9993
2 34721  73.9253 123.8624 0241698  70.2154  47.4874 13.86624763342552
0 COSMOS 2251 DEB
1 34721U 93036YP  15336.83514374  .00001014  00000-0  70810-3 0  9996
2 34721  73.9254 120.8996 0241606  66.8727  81.0092 13.86628415342798
0 COSMOS 2251 DEB
1 34721U 93036YP  15337.84529888  .00000957  00000-0  66910-3 0  9995
2 34721  73.9255 119.1772 0241555  64.9278  83.5930 13.86630420342938
0 COSMOS 2251 DEB
1 34721U 93036YP  15338.85615030  .00000914  00000-0  63997-3 0  9997
2 34721  73.9256 117.4535 0241507  62.9792  89.6633 13.86632461343073
0 COSMOS 2251 DEB
1 34721U 93036YP  15339.86659433  .00000977  00000-0  68296-3 0  9990
2 34721  73.9257 115.7306 0241457  61.0322  93.7063 13.86634932343218
0 COSMOS 2251 DEB
1 34721U 93036YP  15340.07622949 +.00000964 +00000-0 +67408-3 0  9997
2 34721 073.9257 115.3732 0241459 060.6314 060.1834 13.86635303343245
0 COSMOS 2251 DEB
1 34721U 93036YP  15341.43399015  .00001019  00000-0  71209-3 0  9999
2 34721  73.9258 113.0579 0241391  58.0161 358.0130 13.86638500343426
0 COSMOS 2251 DEB
1 34721U 93036YP  15342.36709959 +.00000996 +00000-0 +69634-3 0  9996
2 34721 073.9258 111.4668 0241349 056.2162 336.0283 13.86640324343568
0 COSMOS 2251 DEB
1 34721U 93036YP  15343.83470395  .00000968  00000-0  67723-3 0  9994
2 34721  73.9260 108.9642 0241285  53.3839 102.2161 13.86643021343769
0 COSMOS 2251 DEB
1 34721U 93036YP  15344.77202199 +.00001091 +00000-0 +76112-3 0  9993
2 34721 073.9261 107.3660 0241240 051.5713 101.2633 13.86645697343893
0 COSMOS 2251 DEB
1 34721U 93036YP  15345.40184398  .00001038  00000-0  72497-3 0  9997
2 34721  73.9260 106.2921 0241222  50.3582   5.3017 13.86646701343977
0 COSMOS 2251 DEB
1 34721U 93036YP  15345.78111123 +.00001060 +00000-0 +73993-3 0  9991
2 34721 073.9261 105.6454 0241224 049.6255 098.5890 13.86647666344034
0 COSMOS 2251 DEB
1 34721U 93036YP  15346.78591818  .00001020  00000-0  71260-3 0  9996
2 34721  73.9261 103.9320 0241178  47.6783  74.5544 13.86649534344170
0 COSMOS 2251 DEB
1 34721U 93036YP  15347.80312872  .00001028  00000-0  71810-3 0  9990
2 34721  73.9261 102.1974 0241152  45.7120 112.4410 13.86651640344313
0 COSMOS 2251 DEB
1 34721U 93036YP  15348.36104429 +.00001082 +00000-0 +75516-3 0  9996
2 34721 073.9261 101.2461 0241128 044.6291 017.5487 13.86653127344393
0 COSMOS 2251 DEB
1 34721U 93036YP  15349.02088113  .00001133  00000-0  78999-3 0  9996
2 34721  73.9261 100.1209 0241102  43.3497  71.4483 13.86654837344481
0 COSMOS 2251 DEB
1 34721U 93036YP  15349.74960451 +.00001170 +00000-0 +81534-3 0  9999
2 34721 073.9262 098.8784 0241096 041.9433 109.2265 13.86656689344585
0 COSMOS 2251 DEB
1 34721U 93036YP  15350.75954806  .00001105  00000-0  77103-3 0  9994
2 34721  73.9264  97.1563 0241076  39.9863 110.8663 13.86658627344726
0 COSMOS 2251 DEB
1 34721U 93036YP  15351.39143419 +.00001035 +00000-0 +72314-3 0  9996
2 34721 073.9264 096.0788 0241075 038.7611 025.2478 13.86659681344814
0 COSMOS 2251 DEB
1 34721U 93036YP  15352.70826940  .00001120  00000-0  78125-3 0  9990
2 34721  73.9265  93.8333 0241060  36.2102 118.9079 13.86662927344991
0 COSMOS 2251 DEB
1 34721U 93036YP  15353.71767346  .00001070  00000-0  74737-3 0  9995
2 34721  73.9266  92.1121 0241065  34.2563 117.8757 13.86664889345130
0 COSMOS 2251 DEB
1 34721U 93036YP  15354.72776220  .00001052  00000-0  73520-3 0  9997
2 34721  73.9267  90.3898 0241078  32.2994 120.2730 13.86667153345273
0 COSMOS 2251 DEB
1 34721U 93036YP  15355.73807726  .00001209  00000-0  84259-3 0  9990
2 34721  73.9267  88.6670 0241090  30.3431 123.8118 13.86670578345410
0 COSMOS 2251 DEB
1 34721U 93036YP  15356.95686522  .00001059  00000-0  73944-3 0  9996
2 34721  73.9265  86.5884 0241112  27.9844  88.0567 13.86672239345581
0 COSMOS 2251 DEB
1 34721U 93036YP  15356.95686522 +.00001059 +00000-0 +73944-3 0  9996
2 34721 073.9265 086.5884 0241112 027.9844 088.0567 13.86672239345581
0 COSMOS 2251 DEB
1 34721U 93036YP  15357.30522561 +.00001092 +00000-0 +76219-3 0  9993
2 34721 073.9264 085.9943 0241119 027.3087 027.0932 13.86673249345636
0 COSMOS 2251 DEB
1 34721U 93036YP  15358.31545264  .00001145  00000-0  79863-3 0  9997
2 34721  73.9264  84.2715 0241139  25.3536  30.2095 13.86675962345779
0 COSMOS 2251 DEB
1 34721U 93036YP  15358.68923587 +.00001100 +00000-0 +76806-3 0  9990
2 34721 073.9264 083.6341 0241146 024.6303 096.1602 13.86676572345828
0 COSMOS 2251 DEB
1 34721U 93036YP  15359.70672116  .00001069  00000-0  74671-3 0  9995
2 34721  73.9265  81.8990 0241184  22.6573 135.5242 13.86678740345960
0 COSMOS 2251 DEB
1 34721U 93036YP  15360.55228273 +.00001029 +00000-0 +71936-3 0  9998
2 34721 073.9265 080.4570 0241213 021.0207 036.6336 13.86680313346087
0 COSMOS 2251 DEB
1 34721U 93036YP  15361.27303263  .00001041  00000-0  72741-3 0  9990
2 34721  73.9265  79.2278 0241248  19.6265  34.6775 13.86681948346173
0 COSMOS 2251 DEB
1 34721U 93036YP  15361.93393671 +.00000924 +00000-0 +64703-3 0  9993
2 34721 073.9265 078.1008 0241282 018.3444 093.9711 13.86682592346270
0 COSMOS 2251 DEB
1 34721U 93036YP  15362.20596446 +.00000915 +00000-0 +64090-3 0  9998
2 34721 073.9264 077.6368 0241298 017.8185 011.9581 13.86683114346316
0 COSMOS 2251 DEB
1 34721U 93036YP  15363.21644640  .00000934  00000-0  65439-3 0  9999
2 34721  73.9265  75.9137 0241362  15.8619  16.3810 13.86685149346442
0 COSMOS 2251 DEB
1 34721U 93036YP  15364.23420032  .00000853  00000-0  59862-3 0  9992
2 34721  73.9265  74.1780 0241428  13.8939  57.1107 13.86686614346599
0 COSMOS 2251 DEB
1 34721U 93036YP  15365.24083453  .00000825  00000-0  57956-3 0  9997
2 34721  73.9266  72.4614 0241501  11.9494  42.3326 13.86688208346730
0 COSMOS 2251 DEB
1 34721U 93036YP  15365.90220058 +.00000957 +00000-0 +66956-3 0  9990
2 34721 073.9266 071.3336 0241557 010.6647 103.9519 13.86690122346822
0 COSMOS 2251 DEB
1 34721U 93036YP  16001.17375346 +.00000966 +00000-0 +67555-3 0  9994
2 34721 073.9266 070.8705 0241581 010.1387 019.5768 13.86690729346864
0 COSMOS 2251 DEB
1 34721U 93036YP  16002.18416064  .00000842  00000-0  59097-3 0  9994
2 34721  73.9266  69.1474 0241670   8.1857  23.6490 13.86691926347001
0 COSMOS 2251 DEB
1 34721U 93036YP  16004.86982801  .00000936  00000-0  65495-3 0  9991
2 34721  73.9266  64.5673 0241905   3.0086 110.8371 13.86697259347372
0 COSMOS 2251 DEB
1 34721U 93036YP  16005.87914505  .00000889  00000-0  62248-3 0  9999
2 34721  73.9266  62.8458 0242001   1.0652 109.4839 13.86698852347518
0 COSMOS 2251 DEB
1 34721U 93036YP  16005.87914505 +.00000889 +00000-0 +62248-3 0  9999
2 34721 073.9266 062.8458 0242001 001.0652 109.4839 13.86698852347518
0 COSMOS 2251 DEB
1 34721U 93036YP  16007.45553331  .00000981  00000-0  68534-3 0  9998
2 34721  73.9265  60.1573 0242165 358.0307  59.0417 13.86702310347730
0 COSMOS 2251 DEB
1 34721U 93036YP  16008.46595203  .00000959  00000-0  67023-3 0  9991
2 34721  73.9265  58.4340 0242281 356.0896  63.2006 13.86703942347870
0 COSMOS 2251 DEB
1 34721U 93036YP  16009.84696912  .00000936  00000-0  65433-3 0  9991
2 34721  73.9265  56.0785 0242471 353.4350 117.4562 13.86706455348067
0 COSMOS 2251 DEB
1 34721U 93036YP  16010.11897839 +.00000974 +00000-0 +68003-3 0  9992
2 34721 073.9265 055.6145 0242513 352.9112 035.3731 13.86707265348100
0 COSMOS 2251 DEB
1 34721U 93036YP  16012.14412103  .00001061  00000-0  73908-3 0  9992
2 34721  73.9265  52.1606 0242777 349.0324  65.2237 13.86711893348383
0 COSMOS 2251 DEB
1 34721U 93036YP  16012.80565081 +.00001162 +00000-0 +80791-3 0  9999
2 34721 073.9266 051.0323 0242856 347.7664 127.6969 13.86713831348477
0 COSMOS 2251 DEB
1 34721U 93036YP  16013.07647009 +.00001132 +00000-0 +78722-3 0  9998
2 34721 073.9265 050.5704 0242901 347.2479 039.6759 13.86714286348512
0 COSMOS 2251 DEB
1 34721U 93036YP  16016.11357463  .00001079  00000-0  75061-3 0  9991
2 34721  73.9267  45.3905 0243305 341.4532  81.4720 13.86720754348930
0 COSMOS 2251 DEB
1 34721U 93036YP  16016.77364850 +.00001097 +00000-0 +76308-3 0  9996
2 34721 073.9268 044.2647 0243391 340.1963 136.6907 13.86722229349021
0 COSMOS 2251 DEB
1 34721U 93036YP  16017.12176267  .00001057  00000-0  73564-3 0  9996
2 34721  73.9268  43.6708 0243435 339.5352  74.5451 13.86722780349076
0 COSMOS 2251 DEB
1 34721U 93036YP  16018.05467359 +.00001037 +00000-0 +72200-3 0  9998
2 34721 073.9268 042.0796 0243565 337.7619 051.8261 13.86724699349209
0 COSMOS 2251 DEB
1 34721U 93036YP  16020.08082334  .00001044  00000-0  72618-3 0  9991
2 34721  73.9269  38.6237 0243826 333.9196  86.7906 13.86728951349487
0 COSMOS 2251 DEB
1 34721U 93036YP  16021.37911030  .00001136  00000-0  78852-3 0  9996
2 34721  73.9270  36.4092 0243970 331.4625  88.1266 13.86732361349669
0 COSMOS 2251 DEB
1 34721U 93036YP  16023.03207905  .00001068  00000-0  74205-3 0  9992
2 34721  73.9271  33.5900 0244148 328.3397  60.1272 13.86735920349891
0 COSMOS 2251 DEB
1 34721U 93036YP  16024.04837137  .00001031  00000-0  71667-3 0  9999
2 34721  73.9273  31.8568 0244266 326.4236  93.6975 13.86737988350031
0 COSMOS 2251 DEB
1 34721U 93036YP  16024.33631053 +.00000994 +00000-0 +69186-3 0  9990
2 34721 073.9273 031.3656 0244288 325.8799 091.1598 13.86738409350072
0 COSMOS 2251 DEB
1 34721U 93036YP  16025.05724878  .00000949  00000-0  66085-3 0  9993
2 34721  73.9274  30.1361 0244345 324.5215  90.2586 13.86739760350175
0 COSMOS 2251 DEB
1 34721U 93036YP  16025.71830157 +.00000934 +00000-0 +65104-3 0  9999
2 34721 073.9275 029.0087 0244443 323.2782 150.3949 13.86741084350265
0 COSMOS 2251 DEB
1 34721U 93036YP  16025.98966409 +.00000832 +00000-0 +58167-3 0  9996
2 34721 073.9275 028.5458 0244487 322.7705 065.1007 13.86741118350309
0 COSMOS 2251 DEB
1 34721U 93036YP  16026.99971698  .00000786  00000-0  55058-3 0  9998
2 34721  73.9274  26.8226 0244527 320.8721  67.5358 13.86742792350443
0 COSMOS 2251 DEB
1 34721U 93036YP  16029.95703600  .00000705  00000-0  49512-3 0  9992
2 34721  73.9278  21.7786 0244716 315.3245  71.2238 13.86746976350854
0 COSMOS 2251 DEB
1 34721U 93036YP  16029.95703600 +.00000705 +00000-0 +49512-3 0  9992
2 34721 073.9278 021.7786 0244716 315.3245 071.2238 13.86746976350854
0 COSMOS 2251 DEB
1 34721U 93036YP  16030.96734078  .00000656  00000-0  46171-3 0  9991
2 34721  73.9275  20.0546 0244734 313.4297  74.9304 13.86748066350994
0 COSMOS 2251 DEB
1 34721U 93036YP  16030.96734078 +.00000656 +00000-0 +46171-3 0  9991
2 34721 073.9275 020.0546 0244734 313.4297 074.9304 13.86748066350994
0 COSMOS 2251 DEB
1 34721U 93036YP  16031.42536211 +.00000679 +00000-0 +47746-3 0  9996
2 34721 073.9276 019.2735 0244756 312.5714 201.4941 13.86748796351055
0 COSMOS 2251 DEB
1 34721U 93036YP  16032.64532557  .00000734  00000-0  51453-3 0  9992
2 34721  73.9275  17.1922 0244794 310.2926 171.8699 13.86750576351229
0 COSMOS 2251 DEB
1 34721U 93036YP  16033.92494778  .00000624  00000-0  44003-3 0  9997
2 34721  73.9277  15.0096 0244803 307.9001  80.0884 13.86751663351391
0 COSMOS 2251 DEB
1 34721U 93036YP  16033.92494778 +.00000624 +00000-0 +44003-3 0  9997
2 34721 073.9277 015.0096 0244803 307.9001 080.0884 13.86751663351403
0 COSMOS 2251 DEB
1 34721U 93036YP  16034.93482668  .00000561  00000-0  39758-3 0  9995
2 34721  73.9277  13.2869 0244804 306.0063  81.6864 13.86752615351537
0 COSMOS 2251 DEB
1 34721U 93036YP  16034.93482668 +.00000561 +00000-0 +39758-3 0  9995
2 34721 073.9277 013.2869 0244804 306.0063 081.6864 13.86752615351548
0 COSMOS 2251 DEB
1 34721U 93036YP  16035.60211956 +.00000546 +00000-0 +38755-3 0  9999
2 34721 073.9277 012.1488 0244811 304.7597 172.9965 13.86753351351632
0 COSMOS 2251 DEB
1 34721U 93036YP  16036.31325500  .00000531  00000-0  37729-3 0  9993
2 34721  73.9277  10.9356 0244796 303.4183 123.1969 13.86754160351733
0 COSMOS 2251 DEB
1 34721U 93036YP  16037.89212220  .00000514  00000-0  36580-3 0  9996
2 34721  73.9278   8.2426 0244748 300.4626  85.3578 13.86756074351953
0 COSMOS 2251 DEB
1 34721U 93036YP  16037.97031113 +.00000488 +00000-0 +34809-3 0  9997
2 34721 073.9278 008.1092 0244746 300.3148 115.7013 13.86756035351967
0 COSMOS 2251 DEB
1 34721U 93036YP  16038.90238980  .00000530  00000-0  37655-3 0  9992
2 34721  73.9278   6.5194 0244710 298.5696  88.9141 13.86757502352097
0 COSMOS 2251 DEB
1 34721U 93036YP  16040.37176384  .00000555  00000-0  39396-3 0  9996
2 34721  73.9279   4.0131 0244641 295.8148 224.4760 13.86759534352290
0 COSMOS 2251 DEB
1 34721U 93036YP  16041.85966006  .00000522  00000-0  37144-3 0  9991
2 34721  73.9280   1.4751 0244545 293.0263  92.5159 13.86761348352496
0 COSMOS 2251 DEB
1 34721U 93036YP  16042.94818843 +.00000547 +00000-0 +38819-3 0  9994
2 34721 073.9280 359.6184 0244488 290.9778 126.8044 13.86763053352654
0 COSMOS 2251 DEB
1 34721U 93036YP  16043.23754925  .00000523  00000-0  37239-3 0  9996
2 34721  73.9281 359.1248 0244462 290.4375 131.3834 13.86763250352681
0 COSMOS 2251 DEB
1 34721U 93036YP  16043.32808743 +.00000555 +00000-0 +39352-3 0  9997
2 34721 073.9280 358.9704 0244454 290.2674 223.3800 13.86763569352706
0 COSMOS 2251 DEB
1 34721U 93036YP  16044.54769825  .00000474  00000-0  33878-3 0  9996
2 34721  73.9281 356.8900 0244351 287.9781 192.0755 13.86764707352874
0 COSMOS 2251 DEB
1 34721U 93036YP  16045.82753341  .00000539  00000-0  38315-3 0  9997
2 34721  73.9282 354.7070 0244227 285.5732 101.4406 13.86766699353041
0 COSMOS 2251 DEB
1 34721U 93036YP  16046.28550170 +.00000465 +00000-0 +33317-3 0  9998
2 34721 073.9282 353.9259 0244187 284.7123 227.7744 13.86766924353117
0 COSMOS 2251 DEB
1 34721U 93036YP  16047.29582539  .00000498  00000-0  35541-3 0  9991
2 34721  73.9283 352.2026 0244088 282.8123 231.6562 13.86768350353253
0 COSMOS 2251 DEB
1 34721U 93036YP  16048.51527956  .00000548  00000-0  38927-3 0  9996
2 34721  73.9283 350.1226 0243947 280.5183 199.5993 13.86770307353420
0 COSMOS 2251 DEB
1 34721U 93036YP  16049.52525644  .00000554  00000-0  39370-3 0  9990
2 34721  73.9283 348.3999 0243854 278.6124 201.7685 13.86771675353564
0 COSMOS 2251 DEB
1 34721U 93036YP  16050.25346905 +.00000492 +00000-0 +35172-3 0  9990
2 34721 073.9283 347.1579 0243775 277.2396 237.2684 13.86772181353660
0 COSMOS 2251 DEB
1 34721U 93036YP  16051.17312769  .00000356  00000-0  25892-3 0  9990
2 34721  73.9284 345.5894 0243664 275.5072 148.5365 13.86772448353792
0 COSMOS 2251 DEB
1 34721U 93036YP  16051.81595963 +.00000275 +00000-0 +20412-3 0  9993
2 34721 073.9283 344.4927 0243587 274.2925 117.7902 13.86772603353881
0 COSMOS 2251 DEB
1 34721U 93036YP  16052.27377712  .00000242  00000-0  18223-3 0  9995
2 34721  73.9284 343.7120 0243543 273.4278 243.3833 13.86772783353948
0 COSMOS 2251 DEB
1 34721U 93036YP  16053.49320780  .00000176  00000-0  13740-3 0  9998
2 34721  73.9284 341.6320 0243409 271.1242 211.2320 13.86773278354119
0 COSMOS 2251 DEB
1 34721U 93036YP  16054.22125963 +.00000140 +00000-0 +11273-3 0  9996
2 34721 073.9284 340.3903 0243320 269.7474 245.9385 13.86773504354212
0 COSMOS 2251 DEB
1 34721U 93036YP  16055.23115672  .00000117  00000-0  96744-4 0  9995
2 34721  73.9284 338.6677 0243199 267.8370 247.7229 13.86773816354356
0 COSMOS 2251 DEB
1 34721U 93036YP  16056.24165366  .00000084  00000-0  74647-4 0  9993
2 34721  73.9285 336.9444 0243088 265.9259 252.4996 13.86773826354492
0 COSMOS 2251 DEB
1 34721U 93036YP  16057.46092916  .00000138  00000-0  11109-3 0  9991
2 34721  73.9286 334.8648 0242940 263.6162 219.5834 13.86774397354668
0 COSMOS 2251 DEB
1 34721U 93036YP  16058.74008751  .00000136  00000-0  10997-3 0  9999
2 34721  73.9284 332.6831 0242801 261.1899 125.6300 13.86774725354831
0 COSMOS 2251 DEB
1 34721U 93036YP  16059.19282690 +.00000076 +00000-0 +69113-4 0  9993
2 34721 073.9284 331.9109 0242742 260.3321 225.8754 13.86774411354902
0 COSMOS 2251 DEB
1 34721U 93036YP  16060.20876591  .00000064  00000-0  60972-4 0  9997
2 34721  73.9284 330.1782 0242620 258.4034 257.8328 13.86774582355041
0 COSMOS 2251 DEB
1 34721U 93036YP  16061.22044480  .00000059  00000-0  57633-4 0  9998
2 34721  73.9283 328.4526 0242501 256.4815 268.5240 13.86774762355186
0 COSMOS 2251 DEB
1 34721U 93036YP  16062.06514067 +.00000067 +00000-0 +62753-4 0  9992
2 34721 073.9281 327.0117 0242419 254.8700 165.5787 13.86774923355303
0 COSMOS 2251 DEB
1 34721U 93036YP  16063.16635148  .00000081  00000-0  72592-4 0  9996
2 34721  73.9282 325.1337 0242291 252.7790 263.2478 13.86775228355459
0 COSMOS 2251 DEB
1 34721U 93036YP  16064.08572027 +.00000092 +00000-0 +80068-4 0  9993
2 34721 073.9280 323.5654 0242200 251.0269 173.1003 13.86775545355583
0 COSMOS 2251 DEB
1 34721U 93036YP  16065.18731759  .00000163  00000-0  12837-3 0  9991
2 34721  73.9280 321.6867 0242080 248.9319 272.7059 13.86776239355730
0 COSMOS 2251 DEB
1 34721U 93036YP  16066.03246822 +.00000168 +00000-0 +13164-3 0  9997
2 34721 073.9277 320.2449 0242011 247.3179 172.0371 13.86776514355856
0 COSMOS 2251 DEB
1 34721U 93036YP  16067.13393365  .00000304  00000-0  22439-3 0  9991
2 34721  73.9278 318.3664 0241893 245.2202 270.9946 13.86777902356001
0 COSMOS 2251 DEB
1 34721U 93036YP  16068.14377748  .00000404  00000-0  29240-3 0  9998
2 34721  73.9277 316.6438 0241809 243.2964 272.5481 13.86779373356141
0 COSMOS 2251 DEB
1 34721U 93036YP  16068.14377748 +.00000404 +00000-0 +29240-3 0  9998
2 34721 073.9277 316.6438 0241809 243.2964 272.5481 13.86779373356141
0 COSMOS 2251 DEB
1 34721U 93036YP  16069.15430773  .00000423  00000-0  30521-3 0  9993
2 34721  73.9276 314.9201 0241714 241.3659 277.5361 13.86780410356285
0 COSMOS 2251 DEB
1 34721U 93036YP  16069.15430773 +.00000423 +00000-0 +30521-3 0  9993
2 34721 073.9276 314.9201 0241714 241.3659 277.5361 13.86780410356285
0 COSMOS 2251 DEB
1 34721U 93036YP  16070.09212338 +.00000463 +00000-0 +33297-3 0  9990
2 34721 073.9276 313.3206 0241630 239.5741 279.5077 13.86781666356416
0 COSMOS 2251 DEB
1 34721U 93036YP  16073.03163578  .00000435  00000-0  31374-3 0  9991
2 34721  73.9272 308.3066 0241419 233.9612 194.8109 13.86784855356812
0 COSMOS 2251 DEB
1 34721U 93036YP  16073.33105589 +.00000434 +00000-0 +31316-3 0  9997
2 34721 073.9271 307.7959 0241414 233.3981 249.6352 13.86785068356864
0 COSMOS 2251 DEB
1 34721U 93036YP  16074.97847373  .00000481  00000-0  34511-3 0  9994
2 34721  73.9268 304.9858 0241320 230.2494 194.2676 13.86786953357081
0 COSMOS 2251 DEB
1 34721U 93036YP  16076.07853418  .00000555  00000-0  39556-3 0  9990
2 34721  73.9267 303.1094 0241256 228.1468 286.2589 13.86788537357241
0 COSMOS 2251 DEB
1 34721U 93036YP  16078.94551075 +.00000580 +00000-0 +41273-3 0  9999
2 34721 073.9264 298.2189 0241114 222.6633 199.5067 13.86791815357647
0 COSMOS 2251 DEB
1 34721U 93036YP  16079.03631395  .00000584  00000-0  41530-3 0  9994
2 34721  73.9264 298.0640 0241106 222.4911 292.8366 13.86791948357652
0 COSMOS 2251 DEB
1 34721U 93036YP  16080.04594765  .00000616  00000-0  43714-3 0  9998
2 34721  73.9263 296.3417 0241061 220.5630 293.3933 13.86793380357794
0 COSMOS 2251 DEB
1 34721U 93036YP  16080.04594765 +.00000616 +00000-0 +43714-3 0  9998
2 34721 073.9263 296.3417 0241061 220.5630 293.3933 13.86793380357794
0 COSMOS 2251 DEB
1 34721U 93036YP  16083.00447553  .00000584  00000-0  41503-3 0  9997
2 34721  73.9260 291.2950 0240977 214.9087 303.7585 13.86796987358207
0 COSMOS 2251 DEB
1 34721U 93036YP  16085.23325294  .00000602  00000-0  42746-3 0  9992
2 34721  73.9259 287.4934 0240926 210.6696 270.8753 13.86800213358510
0 COSMOS 2251 DEB
1 34721U 93036YP  16085.95587428 +.00000583 +00000-0 +41433-3 0  9990
2 34721 073.9259 286.2608 0240920 209.2914 278.5531 13.86801058358614
0 COSMOS 2251 DEB
1 34721U 93036YP  16086.88089328  .00000596  00000-0  42327-3 0  9996
2 34721  73.9258 284.6828 0240908 207.5335 216.6972 13.86802424358747
0 COSMOS 2251 DEB
1 34721U 93036YP  16086.95466530 +.00000600 +00000-0 +42611-3 0  9990
2 34721 073.9257 284.5570 0240916 207.3905 225.0060 13.86802553358755
0 COSMOS 2251 DEB
1 34721U 93036YP  16087.60146471 +.00000622 +00000-0 +44094-3 0  9993
2 34721 073.9257 283.4533 0240891 206.1569 214.1498 13.86803577358848
0 COSMOS 2251 DEB
1 34721U 93036YP  16087.98114390  .00000628  00000-0  44478-3 0  9991
2 34721  73.9257 282.8056 0240885 205.4340 309.6965 13.86804115358896
0 COSMOS 2251 DEB
1 34721U 93036YP  16089.20103100  .00000663  00000-0  46896-3 0  9990
2 34721  73.9257 280.7249 0240866 203.1172 279.9768 13.86806000359069
0 COSMOS 2251 DEB
1 34721U 93036YP  16092.86894828  .00000741  00000-0  52167-3 0  9995
2 34721  73.9258 274.4679 0240882 196.1390 232.0936 13.86811560359578
0 COSMOS 2251 DEB
1 34721U 93036YP  16093.16805850 +.00000762 +00000-0 +53638-3 0  9993
2 34721 073.9257 273.9577 0240877 195.5683 285.4110 13.86812206359619
0 COSMOS 2251 DEB
1 34721U 93036YP  16094.17879778  .00000784  00000-0  55146-3 0  9995
2 34721  73.9255 272.2326 0240813 193.6553 291.5431 13.86813849359759
0 COSMOS 2251 DEB
1 34721U 93036YP  16096.54862907  .00000762  00000-0  53597-3 0  9998
2 34721  73.9256 268.1900 0240827 189.1555 242.9990 13.86817293360084
0 COSMOS 2251 DEB
1 34721U 93036YP  16096.83635509 +.00000760 +00000-0 +53486-3 0  9991
2 34721 073.9258 267.6996 0240764 188.6059 239.4847 13.86817675360129
0 COSMOS 2251 DEB
1 34721U 93036YP  16097.13548703 +.00000780 +00000-0 +54814-3 0  9992
2 34721 073.9257 267.1891 0240720 188.0372 292.9149 13.86818324360166
0 COSMOS 2251 DEB
1 34721U 93036YP  16099.42573618  .00000880  00000-0  61656-3 0  9992
2 34721  73.9258 263.2823 0240674 183.6865 207.0985 13.86822651360483
0 COSMOS 2251 DEB
1 34721U 93036YP  16099.87716421 +.00000781 +00000-0 +54880-3 0  9993
2 34721 073.9257 262.5121 0240638 182.8264 300.8766 13.86822569360543
0 COSMOS 2251 DEB
1 34721U 93036YP  16100.80385683  .00000778  00000-0  54673-3 0  9997
2 34721  73.9258 260.9313 0240619 181.0675 247.4436 13.86824005360676
0 COSMOS 2251 DEB
1 34721U 93036YP  16102.83585104  .00000780  00000-0  54844-3 0  9995
2 34721  73.9259 257.4645 0240577 177.2111 312.3082 13.86827065360950
0 COSMOS 2251 DEB
1 34721U 93036YP  16103.84530589  .00000926  00000-0  64748-3 0  9990
2 34721  73.9260 255.7425 0240566 175.2934 312.0916 13.86829557361095
0 COSMOS 2251 DEB
1 34721U 93036YP  16104.85519566  .00001020  00000-0  71142-3 0  9996
2 34721  73.9261 254.0198 0240558 173.3783 314.0508 13.86831892361237
0 COSMOS 2251 DEB
1 34721U 93036YP  16105.06983946 +.00000983 +00000-0 +68677-3 0  9993
2 34721 073.9261 253.6537 0240556 172.9696 305.6789 13.86832017361265
0 COSMOS 2251 DEB
1 34721U 93036YP  16105.87030824  .00000953  00000-0  66627-3 0  9990
2 34721  73.9262 252.2881 0240534 171.4474 342.0950 13.86833273361379
0 COSMOS 2251 DEB
1 34721U 93036YP  16106.80235249 +.00000859 +00000-0 +60168-3 0  9991
2 34721 073.9263 250.6982 0240511 169.6775 315.4162 13.86834414361504
0 COSMOS 2251 DEB
1 34721U 93036YP  16108.37035194  .00000911  00000-0  63697-3 0  9991
2 34721  73.9265 248.0234 0240477 166.7002 223.8196 13.86837661361718
0 COSMOS 2251 DEB
1 34721U 93036YP  16109.83766311  .00000832  00000-0  58308-3 0  9990
2 34721  73.9266 245.5205 0240408 163.9079 349.5431 13.86839807361921
0 COSMOS 2251 DEB
1 34721U 93036YP  16110.77007922 +.00000790 +00000-0 +55450-3 0  9999
2 34721 073.9267 243.9301 0240376 162.1313 324.7496 13.86841195362051
0 COSMOS 2251 DEB
1 34721U 93036YP  16114.72622981  .00000595  00000-0  42135-3 0  9995
2 34721  73.9271 237.1821 0240245 154.6273 276.3390 13.86845494362606
0 COSMOS 2251 DEB
1 34721U 93036YP  16116.03533657  .00000572  00000-0  40590-3 0  9990
2 34721  73.9272 234.9491 0240191 152.1495 332.2309 13.86846860362783
0 COSMOS 2251 DEB
1 34721U 93036YP  16116.67332269 +.00000576 +00000-0 +40883-3 0  9995
2 34721 073.9272 233.8609 0240161 150.9403 277.4667 13.86847601362875
0 COSMOS 2251 DEB
1 34721U 93036YP  16117.04357733  .00000548  00000-0  38956-3 0  9997
2 34721  73.9272 233.2294 0240153 150.2414 326.0137 13.86847881362924
0 COSMOS 2251 DEB
1 34721U 93036YP  16117.76688579 +.00000545 +00000-0 +38747-3 0  9996
2 34721 073.9273 231.9958 0240110 148.8660 337.2409 13.86848686363028
0 COSMOS 2251 DEB
1 34721U 93036YP  16118.05519887  .00000521  00000-0  37093-3 0  9991
2 34721  73.9273 231.5041 0240042 148.3190 336.6867 13.86848867363060
0 COSMOS 2251 DEB
1 34721U 93036YP  16118.40441876 +.00000538 +00000-0 +38285-3 0  9994
2 34721 073.9274 230.9085 0240037 147.6552 280.2207 13.86849349363114
0 COSMOS 2251 DEB
1 34721U 93036YP  16119.71502421  .00000541  00000-0  38489-3 0  9993
2 34721  73.9275 228.6732 0239980 145.1684 343.6205 13.86850808363295
0 COSMOS 2251 DEB
1 34721U 93036YP  16120.72378169  .00000529  00000-0  37675-3 0  9998
2 34721  73.9274 226.9526 0239941 143.2556 340.0014 13.86851880363436
0 COSMOS 2251 DEB
1 34721U 93036YP  16121.36263213 +.00000522 +00000-0 +37196-3 0  9993
2 34721 073.9274 225.8629 0239922 142.0449 289.5645 13.86852571363520
0 COSMOS 2251 DEB
1 34721U 93036YP  16122.37246109  .00000514  00000-0  36617-3 0  9998
2 34721  73.9274 224.1406 0239868 140.1263 291.3054 13.86853659363665
0 COSMOS 2251 DEB
1 34721U 93036YP  16123.68111015  .00000509  00000-0  36295-3 0  9996
2 34721  73.9274 221.9087 0239780 137.6454 344.9561 13.86855054363840
0 COSMOS 2251 DEB
1 34721U 93036YP  16123.96923789 +.00000486 +00000-0 +34705-3 0  9994
2 34721 073.9274 221.4172 0239754 137.1030 343.4769 13.86855106363882
0 COSMOS 2251 DEB
1 34721U 93036YP  16125.32973094  .00000475  00000-0  33967-3 0  9997
2 34721  73.9273 219.0967 0239678 134.5175 295.9820 13.86856558364075
0 COSMOS 2251 DEB
1 34721U 93036YP  16127.64877211  .00000433  00000-0  31070-3 0  9995
2 34721  73.9273 215.1414 0239522 130.1098 354.2249 13.86858701364394
0 COSMOS 2251 DEB
1 34721U 93036YP  16128.65810959  .00000412  00000-0  29694-3 0  9999
2 34721  73.9274 213.4199 0239447 128.1971 353.5256 13.86859393364533
0 COSMOS 2251 DEB
1 34721U 93036YP  16129.65842748  .00000427  00000-0  30714-3 0  9992
2 34721  73.9273 211.7138 0239392 126.2954 307.8069 13.86860446364675
0 COSMOS 2251 DEB
1 34721U 93036YP  16130.59530360 +.00000350 +00000-0 +25428-3 0  9992
2 34721 073.9272 210.1159 0239332 124.5206 305.3398 13.86860909364802
0 COSMOS 2251 DEB
1 34721U 93036YP  16131.31692373  .00000396  00000-0  28546-3 0  9990
2 34721  73.9272 208.8851 0239289 123.1502 308.1710 13.86861801364902
0 COSMOS 2251 DEB
1 34721U 93036YP  16131.61547771 +.00000377 +00000-0 +27250-3 0  9994
2 34721 073.9272 208.3759 0239264 122.5819 358.7618 13.86861911364945
0 COSMOS 2251 DEB
1 34721U 93036YP  16132.32691287  .00000367  00000-0  26599-3 0  9999
2 34721  73.9269 207.1624 0239178 121.2382 310.7367 13.86862462365047
0 COSMOS 2251 DEB
1 34721U 93036YP  16132.61563839 +.00000344 +00000-0 +25047-3 0  9994
2 34721 073.9269 206.6700 0239155 120.6898 312.2571 13.86862572365086
0 COSMOS 2251 DEB
1 34721U 93036YP  16133.63584978  .00000285  00000-0  21019-3 0  9993
2 34721  73.9268 204.9299 0239064 118.7497   5.8723 13.86863120365221
0 COSMOS 2251 DEB
1 34721U 93036YP  16135.28327922  .00000246  00000-0  18316-3 0  9993
2 34721  73.9266 202.1200 0238957 115.6146 311.0086 13.86864085365458
0 COSMOS 2251 DEB
1 34721U 93036YP  16135.58289439 +.00000234 +00000-0 +17540-3 0  9991
2 34721 073.9266 201.6089 0238914 115.0414 006.9027 13.86864148365491
0 COSMOS 2251 DEB
1 34721U 93036YP  16136.88033889  .00000252  00000-0  18742-3 0  9996
2 34721  73.9264 199.3958 0238837 112.5741   4.6677 13.86864930365671
0 COSMOS 2251 DEB
1 34721U 93036YP  16137.60310053 +.00000252 +00000-0 +18740-3 0  9996
2 34721 073.9264 198.1631 0238794 111.1965 013.2112 13.86865247365774
0 COSMOS 2251 DEB
1 34721U 93036YP  16138.52971273  .00000266  00000-0  19690-3 0  9995
2 34721  73.9263 196.5827 0238733 109.4339 319.5214 13.86865773365904
0 COSMOS 2251 DEB
1 34721U 93036YP  16139.55028334  .00000238  00000-0  17764-3 0  9999
2 34721  73.9263 194.8420 0238659 107.4901  14.9413 13.86865992366040
0 COSMOS 2251 DEB
1 34721U 93036YP  16140.56081360  .00000242  00000-0  18081-3 0  9998
2 34721  73.9262 193.1182 0238593 105.5637  20.2369 13.86866453366186
0 COSMOS 2251 DEB
1 34721U 93036YP  16140.56081360 +.00000242 +00000-0 +18081-3 0  9998
2 34721 073.9262 193.1182 0238593 105.5637 020.2369 13.86866453366186
0 COSMOS 2251 DEB
1 34721U 93036YP  16141.48651770 +.00000242 +00000-0 +18031-3 0  9993
2 34721 073.9261 191.5393 0238534 103.8010 322.0184 13.86866859366315
0 COSMOS 2251 DEB
1 34721U 93036YP  16142.58025918  .00000231  00000-0  17312-3 0  9993
2 34721  73.9261 189.6737 0238450 101.7117  22.7722 13.86867329366468
0 COSMOS 2251 DEB
1 34721U 93036YP  16143.13981213 +.00000229 +00000-0 +17178-3 0  9991
2 34721 073.9260 188.7193 0238417 100.6429 296.4688 13.86867602366544
0 COSMOS 2251 DEB
1 34721U 93036YP  16144.51713029  .00000218  00000-0  16457-3 0  9999
2 34721  73.9260 186.3701 0238329  98.0149 333.0429 13.86868022366733
0 COSMOS 2251 DEB
1 34721U 93036YP  16144.81511752 +.00000232 +00000-0 +17396-3 0  9990
2 34721 073.9260 185.8619 0238312 097.4471 020.8124 13.86868255366773
0 COSMOS 2251 DEB
1 34721U 93036YP  16145.53734730  .00000207  00000-0  15700-3 0  9992
2 34721  73.9259 184.6301 0238267  96.0676  26.7122 13.86868417366871
0 COSMOS 2251 DEB
1 34721U 93036YP  16146.46363692 +.00000208 +00000-0 +15724-3 0  9997
2 34721 073.9259 183.0501 0238217 094.2986 331.4298 13.86868846367007
0 COSMOS 2251 DEB
1 34721U 93036YP  16147.47374110  .00000209  00000-0  15811-3 0  9994
2 34721  73.9258 181.3272 0238161  92.3694 334.6121 13.86869267367148
0 COSMOS 2251 DEB
1 34721U 93036YP  16148.49430735  .00000207  00000-0  15708-3 0  9996
2 34721  73.9257 179.5865 0238118  90.4212  30.0283 13.86869594367285
0 COSMOS 2251 DEB
1 34721U 93036YP  16149.50956987  .00000245  00000-0  18288-3 0  9999
2 34721  73.9256 177.8550 0238060  88.4888  58.9631 13.86870307367424
0 COSMOS 2251 DEB
1 34721U 93036YP  16150.51406949  .00000262  00000-0  19440-3 0  9990
2 34721  73.9255 176.1417 0238014  86.5682  34.1717 13.86870931367566
0 COSMOS 2251 DEB
1 34721U 93036YP  16151.53000492  .00000268  00000-0  19851-3 0  9998
2 34721  73.9254 174.4087 0237984  84.6271  66.4767 13.86871479367704
0 COSMOS 2251 DEB
1 34721U 93036YP  16152.16206547 +.00000311 +00000-0 +22811-3 0  9996
2 34721 073.9254 173.3308 0237960 083.4237 342.1925 13.86872200367793
0 COSMOS 2251 DEB
1 34721U 93036YP  16153.09835029  .00000325  00000-0  23804-3 0  9990
2 34721  73.9253 171.7337 0237937  81.6370 336.8249 13.86872865367918
0 COSMOS 2251 DEB
1 34721U 93036YP  16153.75886727 +.00000333 +00000-0 +24341-3 0  9990
2 34721 073.9254 170.6071 0237917 080.3724 034.6245 13.86873377368019
0 COSMOS 2251 DEB
1 34721U 93036YP  16154.10799175  .00000337  00000-0  24571-3 0  9999
2 34721  73.9254 170.0116 0237911  79.7060 337.7163 13.86873691368051
0 COSMOS 2251 DEB
1 34721U 93036YP  16154.48688508 +.00000348 +00000-0 +25376-3 0  9993
2 34721 073.9254 169.3653 0237900 078.9811 069.4382 13.86874016368112
0 COSMOS 2251 DEB
1 34721U 93036YP  16155.49203439  .00000363  00000-0  26357-3 0  9998
2 34721  73.9254 167.6508 0237887  77.0621  47.9018 13.86874881368257
0 COSMOS 2251 DEB
1 34721U 93036YP  16156.42992341 +.00000376 +00000-0 +27292-3 0  9992
2 34721 073.9254 166.0511 0237886 075.2706 050.5549 13.86875667368383
0 COSMOS 2251 DEB
1 34721U 93036YP  16157.42878654  .00000362  00000-0  26298-3 0  9993
2 34721  73.9255 164.3473 0237891  73.3640 357.6376 13.86876338368525
0 COSMOS 2251 DEB
1 34721U 93036YP  16157.72601019 +.00000358 +00000-0 +26025-3 0  9998
2 34721 073.9255 163.8404 0237894 072.7967 041.6042 13.86876564368566
0 COSMOS 2251 DEB
1 34721U 93036YP  16159.45889890  .00000339  00000-0  24728-3 0  9992
2 34721  73.9254 160.8845 0237912  69.4893  53.5092 13.86877888368807
0 COSMOS 2251 DEB
1 34721U 93036YP  16161.40700135  .00000357  00000-0  25960-3 0  9993
2 34721  73.9255 157.5617 0237958  65.7756  59.9311 13.86879493369073
0 COSMOS 2251 DEB
1 34721U 93036YP  16162.04232272 +.00000345 +00000-0 +25188-3 0  9995
2 34721 073.9255 156.4780 0237978 064.5665 351.9433 13.86879980369161
0 COSMOS 2251 DEB
1 34721U 93036YP  16163.43192574  .00000386  00000-0  27935-3 0  9996
2 34721  73.9256 154.1077 0238023  61.9176  89.9176 13.86881354369357
0 COSMOS 2251 DEB
1 34721U 93036YP  16164.36356862 +.00000386 +00000-0 +27933-3 0  9999
2 34721 073.9255 152.5181 0238059 060.1452 061.3989 13.86882041369485
0 COSMOS 2251 DEB
1 34721U 93036YP  16165.28921560  .00000428  00000-0  30823-3 0  9993
2 34721  73.9256 150.9393 0238117  58.3978   2.9359 13.86883115369609
0 COSMOS 2251 DEB
1 34721U 93036YP  16166.38268638  .00000448  00000-0  32198-3 0  9994
2 34721  73.9257 149.0741 0238181  56.3259  62.3871 13.86884207369766
0 COSMOS 2251 DEB
1 34721U 93036YP  16167.01935020 +.00000453 +00000-0 +32583-3 0  9995
2 34721 073.9258 147.9882 0238226 055.1171 001.1102 13.86884909369857
0 COSMOS 2251 DEB
1 34721U 93036YP  16167.39864749  .00000456  00000-0  32776-3 0  9992
2 34721  73.9258 147.3413 0238246  54.3987  94.8570 13.86885268369902
0 COSMOS 2251 DEB
1 34721U 93036YP  16168.03042421 +.00000501 +00000-0 +35821-3 0  9994
2 34721 073.9259 146.2637 0238276 053.2003 009.1815 13.86886189369992
0 COSMOS 2251 DEB
1 34721U 93036YP  16169.33001310  .00000503  00000-0  35985-3 0  9993
2 34721  73.9261 144.0469 0238366  50.7366  17.7499 13.86887529370172
0 COSMOS 2251 DEB
1 34721U 93036YP  16169.62843957 +.00000493 +00000-0 +35291-3 0  9994
2 34721 073.9261 143.5380 0238384 050.1701 067.7303 13.86887761370217
0 COSMOS 2251 DEB
1 34721U 93036YP  16170.90945380  .00000519  00000-0  37073-3 0  9999
2 34721  73.9262 141.3528 0238464  47.7457 343.5634 13.86889319370399
0 COSMOS 2251 DEB
1 34721U 93036YP  16171.91972064  .00000521  00000-0  37171-3 0  9992
2 34721  73.9263 139.6296 0238535  45.8361 347.6156 13.86890528370538
0 COSMOS 2251 DEB
1 34721U 93036YP  16171.91972064 +.00000521 +00000-0 +37171-3 0  9992
2 34721 073.9263 139.6296 0238535 045.8361 347.6156 13.86890528370538
0 COSMOS 2251 DEB
1 34721U 93036YP  16172.28647286 +.00000525 +00000-0 +37494-3 0  9990
2 34721 073.9263 139.0040 0238559 045.1440 018.7328 13.86890947370583
0 COSMOS 2251 DEB
1 34721U 93036YP  16173.59566152  .00000535  00000-0  38144-3 0  9991
2 34721  73.9263 136.7707 0238656  42.6735  75.2420 13.86892427370760
0 COSMOS 2251 DEB
1 34721U 93036YP  16173.94383737 +.00000535 +00000-0 +38154-3 0  9997
2 34721 073.9264 136.1772 0238669 042.0111 013.6188 13.86892837370811
0 COSMOS 2251 DEB
1 34721U 93036YP  16174.95365807  .00000541  00000-0  38564-3 0  9999
2 34721  73.9264 134.4545 0238739  40.1048  15.4534 13.86894093370952
0 COSMOS 2251 DEB
1 34721U 93036YP  16174.95365807 +.00000541 +00000-0 +38564-3 0  9999
2 34721 073.9264 134.4545 0238739 040.1048 015.4534 13.86894093370952
0 COSMOS 2251 DEB
1 34721U 93036YP  16175.96501109  .00000554  00000-0  39461-3 0  9999
2 34721  73.9264 132.7294 0238808  38.1979  24.9422 13.86895481371090
0 COSMOS 2251 DEB
1 34721U 93036YP  16175.96501109 +.00000554 +00000-0 +39461-3 0  9999
2 34721 073.9264 132.7294 0238808 038.1979 024.9422 13.86895481371090
0 COSMOS 2251 DEB
1 34721U 93036YP  16178.28501431  .00000519  00000-0  37047-3 0  9994
2 34721  73.9266 128.7719 0238952  33.8272  88.2743 13.86897888371415
0 COSMOS 2251 DEB
1 34721U 93036YP  16178.92076515 +.00000560 +00000-0 +39842-3 0  9996
2 34721 073.9268 127.6880 0238987 032.6224 022.4738 13.86899238371501
0 COSMOS 2251 DEB
1 34721U 93036YP  16179.29442977  .00000591  00000-0  41961-3 0  9995
2 34721  73.9268 127.0505 0239006  31.9242  88.1097 13.86899963371551
0 COSMOS 2251 DEB
1 34721U 93036YP  16180.22121678 +.00000561 +00000-0 +39907-3 0  9996
2 34721 073.9269 125.4697 0239057 030.1782 035.3939 13.86901076371684
0 COSMOS 2251 DEB
1 34721U 93036YP  16180.94207292  .00000540  00000-0  38448-3 0  9998
2 34721  73.9269 124.2401 0239097  28.8237  34.5010 13.86901944371783
0 COSMOS 2251 DEB
1 34721U 93036YP  16182.88781145  .00000517  00000-0  36915-3 0  9998
2 34721  73.9270 120.9210 0239198  25.1670  29.2408 13.86904380372059
0 COSMOS 2251 DEB
1 34721U 93036YP  16183.90005657  .00000489  00000-0  34979-3 0  9995
2 34721  73.9270 119.1942 0239245  23.2658  43.2125 13.86905508372199
0 COSMOS 2251 DEB
1 34721U 93036YP  16186.22478870  .00000513  00000-0  36631-3 0  9999
2 34721  73.9270 115.2286 0239327  18.9033 130.2285 13.86908444372518
0 COSMOS 2251 DEB
1 34721U 93036YP  16186.85497567 +.00000487 +00000-0 +34881-3 0  9997
2 34721 073.9270 114.1538 0239338 017.7196 036.6551 13.86909016372606
0 COSMOS 2251 DEB
1 34721U 93036YP  16187.23522902  .00000509  00000-0  36376-3 0  9998
2 34721  73.9270 113.5050 0239352  17.0072 135.2022 13.86909637372653
0 COSMOS 2251 DEB
1 34721U 93036YP  16187.86493369 +.00000490 +00000-0 +35088-3 0  9999
2 34721 073.9270 112.4308 0239368 015.8273 039.2218 13.86910321372745
0 COSMOS 2251 DEB
1 34721U 93036YP  16188.23913384  .00000496  00000-0  35477-3 0  9993
2 34721  73.9271 111.7926 0239383  15.1202 107.5519 13.86910739372797
0 COSMOS 2251 DEB
1 34721U 93036YP  16189.46442221  .00000518  00000-0  36999-3 0  9991
2 34721  73.9272 109.7025 0239404  12.8241 105.2369 13.86912297372964
0 COSMOS 2251 DEB
1 34721U 93036YP  16190.47384556  .00000572  00000-0  40688-3 0  9990
2 34721  73.9273 107.9806 0239410  10.9312 105.1470 13.86913854373106
0 COSMOS 2251 DEB
1 34721U 93036YP  16190.82202082 +.00000553 +00000-0 +39398-3 0  9997
2 34721 073.9273 107.3867 0239409 010.2796 043.5369 13.86914186373150
0 COSMOS 2251 DEB
1 34721U 93036YP  16191.48273301  .00000600  00000-0  42611-3 0  9997
2 34721  73.9273 106.2596 0239414   9.0395 102.3863 13.86915347373247
0 COSMOS 2251 DEB
1 34721U 93036YP  16191.75531639 +.00000603 +00000-0 +42795-3 0  9994
2 34721 073.9273 105.7947 0239411 008.5282 023.3597 13.86915751373286
0 COSMOS 2251 DEB
1 34721U 93036YP  16192.49208603  .00000607  00000-0  43054-3 0  9991
2 34721  73.9274 104.5381 0239412   7.1449 101.9573 13.86916767373383
0 COSMOS 2251 DEB
1 34721U 93036YP  16194.15952389  .00000649  00000-0  45960-3 0  9997
2 34721  73.9274 101.6937 0239393   4.0185 147.2713 13.86919360373616
0 COSMOS 2251 DEB
1 34721U 93036YP  16194.44121793 +.00000664 +00000-0 +46967-3 0  9991
2 34721 073.9275 101.2134 0239392 003.4892 113.7367 13.86919798373651
0 COSMOS 2251 DEB
1 34721U 93036YP  16195.44998936  .00000656  00000-0  46436-3 0  9995
2 34721  73.9275  99.4926 0239372   1.5985 110.4172 13.86921280373790
0 COSMOS 2251 DEB
1 34721U 93036YP  16196.45928512  .00000668  00000-0  47231-3 0  9997
2 34721  73.9275  97.7709 0239350 359.7045 109.7231 13.86922852373930
0 COSMOS 2251 DEB
1 34721U 93036YP  16198.75641380 +.00000619 +00000-0 +43913-3 0  9996
2 34721 073.9274 093.8522 0239265 355.3952 059.0594 13.86925878374259
0 COSMOS 2251 DEB
1 34721U 93036YP  16199.41738723  .00000558  00000-0  39734-3 0  9996
2 34721  73.9274  92.7247 0239246 354.1523 119.2392 13.86926312374340
0 COSMOS 2251 DEB
1 34721U 93036YP  16200.42650530  .00000516  00000-0  36880-3 0  9992
2 34721  73.9272  91.0027 0239200 352.2582 117.6767 13.86927424374488
0 COSMOS 2251 DEB
1 34721U 93036YP  16201.36539501 +.00000442 +00000-0 +31836-3 0  9994
2 34721 073.9272 089.4010 0239157 350.4935 125.4761 13.86928188374618
0 COSMOS 2251 DEB
1 34721U 93036YP  16202.72344150  .00000530  00000-0  37856-3 0  9995
2 34721  73.9272  87.0842 0239081 347.9400  66.0991 13.86930301374805
0 COSMOS 2251 DEB
1 34721U 93036YP  16203.73324105  .00000462  00000-0  33208-3 0  9996
2 34721  73.9272  85.3615 0239021 346.0422  67.9542 13.86931096374941
0 COSMOS 2251 DEB
1 34721U 93036YP  16206.61265395  .00000317  00000-0  23371-3 0  9990
2 34721  73.9272  80.4492 0238838 340.6196  44.6833 13.86933329375344
0 COSMOS 2251 DEB
1 34721U 93036YP  16207.35201481 +.00000375 +00000-0 +27305-3 0  9993
2 34721 073.9271 079.1878 0238782 339.2255 136.2724 13.86934369375447
0 COSMOS 2251 DEB
1 34721U 93036YP  16208.08052791  .00000355  00000-0  25981-3 0  9998
2 34721  73.9271  77.9450 0238737 337.8493 173.7034 13.86934992375540
0 COSMOS 2251 DEB
1 34721U 93036YP  16208.71046926 +.00000242 +00000-0 +18215-3 0  9998
2 34721 073.9271 076.8702 0238692 336.6604 078.9661 13.86934738375639
0 COSMOS 2251 DEB
1 34721U 93036YP  16211.31934123  .00000260  00000-0  19474-3 0  9991
2 34721  73.9270  72.4192 0238496 331.7290 144.9503 13.86936578375994
0 COSMOS 2251 DEB
1 34721U 93036YP  16211.66740987 +.00000280 +00000-0 +20880-3 0  9997
2 34721 073.9270 071.8253 0238470 331.0692 082.8454 13.86936948376049
0 COSMOS 2251 DEB
1 34721U 93036YP  16212.67751910  .00000220  00000-0  16746-3 0  9997
2 34721  73.9270  70.1020 0238386 329.1554  86.2841 13.86937165376189
0 COSMOS 2251 DEB
1 34721U 93036YP  16215.00531260  .00000259  00000-0  19428-3 0  9993
2 34721  73.9270  66.1305 0238211 324.7392 188.8871 13.86938536376509
0 COSMOS 2251 DEB
1 34721U 93036YP  16215.63449641 +.00000254 +00000-0 +19094-3 0  9997
2 34721 073.9270 065.0571 0238186 323.5427 090.3868 13.86938816376592
0 COSMOS 2251 DEB
1 34721U 93036YP  16216.29565140  .00000305  00000-0  22566-3 0  9998
2 34721  73.9270  63.9291 0238147 322.2858 151.5200 13.86939488376685
0 COSMOS 2251 DEB
1 34721U 93036YP  16217.30485108  .00000303  00000-0  22487-3 0  9996
2 34721  73.9271  62.2074 0238087 320.3656 150.4351 13.86940051376824
0 COSMOS 2251 DEB
1 34721U 93036YP  16218.24390140 +.00000296 +00000-0 +22008-3 0  9991
2 34721 073.9271 060.6054 0238042 318.5775 159.0992 13.86940534376952
0 COSMOS 2251 DEB
1 34721U 93036YP  16219.60170380  .00000319  00000-0  23577-3 0  9992
2 34721  73.9272  58.2888 0237952 315.9908  98.5902 13.86941397377147
0 COSMOS 2251 DEB
1 34721U 93036YP  16220.61175715  .00000336  00000-0  24751-3 0  9996
2 34721  73.9270  56.5653 0237930 314.0670 101.7778 13.86942142377280
0 COSMOS 2251 DEB
1 34721U 93036YP  16221.99660565  .00000353  00000-0  25925-3 0  9993
2 34721  73.9272  54.2027 0237860 311.4200 176.3273 13.86943134377475
0 COSMOS 2251 DEB
1 34721U 93036YP  16224.23121736  .00000434  00000-0  31426-3 0  9998
2 34721  73.9270  50.3900 0237793 307.1517 173.7509 13.86944961377784
0 COSMOS 2251 DEB
1 34721U 93036YP  16224.50108966 +.00000442 +00000-0 +31988-3 0  9990
2 34721 073.9270 049.9295 0237779 306.6344 081.2273 13.86945224377820
0 COSMOS 2251 DEB
1 34721U 93036YP  16227.53600994 +.00000453 +00000-0 +32743-3 0  9996
2 34721 073.9270 044.7512 0237741 300.8284 114.6278 13.86947445378243
0 COSMOS 2251 DEB
1 34721U 93036YP  16230.21592863  .00000445  00000-0  32199-3 0  9996
2 34721  73.9271  40.1789 0237805 295.7114 175.5131 13.86949569378619
0 COSMOS 2251 DEB
1 34721U 93036YP  16232.51299824  .00000441  00000-0  31917-3 0  9995
2 34721  73.9273  36.2596 0237834 291.3017 124.8652 13.86951344378933
0 COSMOS 2251 DEB
1 34721U 93036YP  16233.17381056 +.00000482 +00000-0 +34739-3 0  9997
2 34721 073.9277 035.1323 0237835 290.0336 184.3300 13.86952240379022
0 COSMOS 2251 DEB
1 34721U 93036YP  16234.18545407  .00000457  00000-0  33040-3 0  9997
2 34721  73.9277  33.4063 0237895 288.1188 195.4817 13.86952894379169
0 COSMOS 2251 DEB
1 34721U 93036YP  16236.13212015  .00000513  00000-0  36876-3 0  9993
2 34721  73.9279  30.0849 0237976 284.3988 195.2642 13.86954906379432
0 COSMOS 2251 DEB
1 34721U 93036YP  16237.41193089  .00000556  00000-0  39808-3 0  9999
2 34721  73.9277  27.9005 0238003 281.9231 105.4501 13.86956390379600
0 COSMOS 2251 DEB
1 34721U 93036YP  16239.08948095  .00000567  00000-0  40554-3 0  9991
2 34721  73.9279  25.0383 0238098 278.7221 201.5407 13.86958159379841
0 COSMOS 2251 DEB
1 34721U 93036YP  16240.36880251  .00000599  00000-0  42691-3 0  9992
2 34721  73.9278  22.8558 0238245 276.2639 109.2827 13.86959755380013
0 COSMOS 2251 DEB
1 34721U 93036YP  16241.83705200  .00000657  00000-0  46678-3 0  9999
2 34721  73.9279  20.3509 0238390 273.4609 240.3480 13.86961967380223
0 COSMOS 2251 DEB
1 34721U 93036YP  16242.38890123 +.00000679 +00000-0 +48149-3 0  9998
2 34721 073.9279 019.4093 0238420 272.4088 115.7668 13.86962748380304
0 COSMOS 2251 DEB
1 34721U 93036YP  16243.05672545  .00000706  00000-0  49985-3 0  9999
2 34721  73.9278  18.2697 0238484 271.1326 210.2634 13.86963787380398
0 COSMOS 2251 DEB
1 34721U 93036YP  16244.06687591  .00000721  00000-0  51041-3 0  9991
2 34721  73.9278  16.5462 0238578 269.2072 214.0185 13.86965191380539
0 COSMOS 2251 DEB
1 34721U 93036YP  16246.35579921  .00000855  00000-0  60159-3 0  9990
2 34721  73.9278  12.6409 0238783 264.8536 122.7932 13.86969266380847
0 COSMOS 2251 DEB
1 34721U 93036YP  16247.82563876  .00000897  00000-0  62999-3 0  9995
2 34721  73.9278  10.1329 0238925 262.0612 261.8331 13.86971877381057
0 COSMOS 2251 DEB
1 34721U 93036YP  16249.04265314  .00000942  00000-0  66049-3 0  9998
2 34721  73.9280   8.0567 0239026 259.7524 218.5042 13.86974401381221
0 COSMOS 2251 DEB
1 34721U 93036YP  16250.78119074  .00000910  00000-0  63851-3 0  9995
2 34721  73.9280   5.0905 0239173 256.4571 259.2047 13.86977531381463
0 COSMOS 2251 DEB
1 34721U 93036YP  16251.62746793 +.00000871 +00000-0 +61191-3 0  9994
2 34721 073.9281 003.6466 0239197 254.8562 164.7585 13.86978885381581
0 COSMOS 2251 DEB
1 34721U 93036YP  16253.64733947  .00000945  00000-0  66140-3 0  9996
2 34721  73.9281   0.2002 0239360 251.0286 170.2299 13.86983356381857
0 COSMOS 2251 DEB
1 34721U 93036YP  16255.29975164  .00000935  00000-0  65465-3 0  9996
2 34721  73.9281 357.3809 0239505 247.9022 140.9461 13.86986571382084
0 COSMOS 2251 DEB
1 34721U 93036YP  16256.97703767  .00000941  00000-0  65864-3 0  9990
2 34721  73.9282 354.5191 0239597 244.7215 235.8891 13.86989934382322
0 COSMOS 2251 DEB
1 34721U 93036YP  16258.71559089  .00000929  00000-0  64995-3 0  9990
2 34721  73.9283 351.5528 0239709 241.4400 276.7540 13.86993364382562
0 COSMOS 2251 DEB
1 34721U 93036YP  16259.72476400  .00000960  00000-0  67087-3 0  9997
2 34721  73.9283 349.8310 0239780 239.5367 275.7202 13.86995575382706
0 COSMOS 2251 DEB
1 34721U 93036YP  16260.94426075  .00000960  00000-0  67072-3 0  9990
2 34721  73.9283 347.7503 0239842 237.2324 244.8820 13.86998112382875
0 COSMOS 2251 DEB
1 34721U 93036YP  16260.94426075 +.00000960 +00000-0 +67072-3 0  9990
2 34721 073.9283 347.7503 0239842 237.2324 244.8820 13.86998112382875
0 COSMOS 2251 DEB
1 34721U 93036YP  16261.67232712 +.00000992 +00000-0 +69265-3 0  9995
2 34721 073.9284 346.5083 0239886 235.8677 280.2401 13.86999866382976
0 COSMOS 2251 DEB
1 34721U 93036YP  16262.22376314  .00000966  00000-0  67488-3 0  9990
2 34721  73.9284 345.5674 0239917 234.8285 153.6604 13.87000871383047
0 COSMOS 2251 DEB
1 34721U 93036YP  16262.96431778 +.00000963 +00000-0 +67269-3 0  9991
2 34721 073.9286 344.3041 0239953 233.4369 251.3847 13.87002421383152
0 COSMOS 2251 DEB
1 34721U 93036YP  16263.23372412  .00000964  00000-0  67342-3 0  9994
2 34721  73.9285 343.8444 0239968 232.9281 156.5829 13.87002978383181
0 COSMOS 2251 DEB
1 34721U 93036YP  16263.69200991 +.00000990 +00000-0 +69120-3 0  9991
2 34721 073.9284 343.0623 0239996 232.0636 284.8944 13.87004090383255
0 COSMOS 2251 DEB
1 34721U 93036YP  16264.61224632  .00001029  00000-0  71714-3 0  9998
2 34721  73.9282 341.4921 0240033 230.3259 199.8218 13.87006202383382
0 COSMOS 2251 DEB
1 34721U 93036YP  16264.91148326 +.00001017 +00000-0 +70933-3 0  9995
2 34721 073.9282 340.9815 0240046 229.7591 253.9785 13.87006937383424
0 COSMOS 2251 DEB
1 34721U 93036YP  16266.64853848  .00000991  00000-0  69136-3 0  9992
2 34721  73.9281 338.0179 0240098 226.4894 287.4587 13.87010394383661
0 COSMOS 2251 DEB
1 34721U 93036YP  16267.20106650 +.00000922 +00000-0 +64419-3 0  9990
2 34721 073.9280 337.0752 0240115 225.4493 166.3514 13.87011173383740
0 COSMOS 2251 DEB
1 34721U 93036YP  16268.50503623  .00000902  00000-0  63040-3 0  9992
2 34721  73.9279 334.8503 0240152 222.9944 197.3644 13.87013629383916
0 COSMOS 2251 DEB
1 34721U 93036YP  16268.87872950 +.00000930 +00000-0 +65004-3 0  9997
2 34721 073.9278 334.2125 0240142 222.2859 263.3074 13.87014620383975
0 COSMOS 2251 DEB
1 34721U 93036YP  16269.60557662  .00000909  00000-0  63534-3 0  9991
2 34721  73.9278 332.9724 0240153 220.9169 292.6258 13.87015921384072
0 COSMOS 2251 DEB
1 34721U 93036YP  16270.61572230  .00000915  00000-0  63923-3 0  9991
2 34721  73.9278 331.2487 0240157 219.0128 296.5295 13.87018000384219
0 COSMOS 2251 DEB
1 34721U 93036YP  16270.61572230 +.00000915 +00000-0 +63923-3 0  9991
2 34721 073.9278 331.2487 0240157 219.0128 296.5295 13.87018000384219
0 COSMOS 2251 DEB
1 34721U 93036YP  16271.62540130  .00001005  00000-0  70038-3 0  9993
2 34721  73.9276 329.5259 0240161 217.1117 298.1082 13.87020491384350
0 COSMOS 2251 DEB
1 34721U 93036YP  16272.17752814 +.00001043 +00000-0 +72646-3 0  9997
2 34721 073.9276 328.5838 0240161 216.0712 175.0196 13.87021844384432
0 COSMOS 2251 DEB
1 34721U 93036YP  16273.57251188  .00001071  00000-0  74534-3 0  9999
2 34721  73.9274 326.2034 0240158 213.4442 300.5406 13.87024879384621
0 COSMOS 2251 DEB
1 34721U 93036YP  16274.49200498 +.00001030 +00000-0 +71734-3 0  9993
2 34721 073.9273 324.6346 0240136 211.7051 211.8268 13.87026606384755
0 COSMOS 2251 DEB
1 34721U 93036YP  16275.50335742  .00000959  00000-0  66884-3 0  9996
2 34721  73.9271 322.9087 0240130 209.7953 221.7964 13.87028340384893
0 COSMOS 2251 DEB
1 34721U 93036YP  16276.14429913 +.00000915 +00000-0 +63884-3 0  9990
2 34721 073.9269 321.8150 0240115 208.5865 182.2027 13.87029467384983
0 COSMOS 2251 DEB
1 34721U 93036YP  16277.44936551  .00000870  00000-0  60827-3 0  9999
2 34721  73.9268 319.5880 0240082 206.1235 218.7840 13.87031828385167
0 COSMOS 2251 DEB
1 34721U 93036YP  16278.54924116  .00000825  00000-0  57806-3 0  9998
2 34721  73.9266 317.7111 0240047 204.0476 310.7965 13.87033725385313
0 COSMOS 2251 DEB
1 34721U 93036YP  16279.55899890  .00000822  00000-0  57567-3 0  9991
2 34721  73.9264 315.9881 0240007 202.1411 312.8306 13.87035609385459
0 COSMOS 2251 DEB
1 34721U 93036YP  16280.56909328  .00000782  00000-0  54830-3 0  9997
2 34721  73.9264 314.2645 0239955 200.2314 316.5527 13.87037123385594
0 COSMOS 2251 DEB
1 34721U 93036YP  16281.41652987 +.00000813 +00000-0 +56960-3 0  9999
2 34721 073.9263 312.8183 0239916 198.6288 228.0785 13.87038720385712
0 COSMOS 2251 DEB
1 34721U 93036YP  16282.13655362  .00000801  00000-0  56166-3 0  9994
2 34721  73.9262 311.5896 0239878 197.2675 223.3936 13.87039896385801
0 COSMOS 2251 DEB
1 34721U 93036YP  16282.51594112 +.00000814 +00000-0 +57032-3 0  9998
2 34721 073.9262 310.9422 0239856 196.5511 317.8000 13.87040559385861
0 COSMOS 2251 DEB
1 34721U 93036YP  16283.52544447  .00000792  00000-0  55532-3 0  9994
2 34721  73.9260 309.2195 0239808 194.6407 318.5903 13.87042065386008
0 COSMOS 2251 DEB
1 34721U 93036YP  16284.53591737  .00000844  00000-0  59087-3 0  9997
2 34721  73.9258 307.4950 0239753 192.7278 324.2298 13.87044023386140
0 COSMOS 2251 DEB
1 34721U 93036YP  16285.54663769  .00000845  00000-0  59148-3 0  9993
2 34721  73.9257 305.7701 0239692 190.8136 331.1106 13.87045641386285
0 COSMOS 2251 DEB
1 34721U 93036YP  16286.48233522 +.00000828 +00000-0 +57989-3 0  9999
2 34721 073.9255 304.1730 0239648 189.0350 323.3870 13.87046967386415
0 COSMOS 2251 DEB
1 34721U 93036YP  16287.03520446  .00000837  00000-0  58611-3 0  9998
2 34721  73.9254 303.2294 0239614 187.9861 204.0651 13.87047980386481
0 COSMOS 2251 DEB
1 34721U 93036YP  16287.49424359 +.00000860 +00000-0 +60170-3 0  9993
2 34721 073.9254 302.4460 0239583 187.1168 336.2139 13.87048807386550
0 COSMOS 2251 DEB
1 34721U 93036YP  16291.00177694  .00000820  00000-0  57414-3 0  9995
2 34721  73.9251 296.4601 0239386 180.4480 210.6853 13.87055223387032
0 COSMOS 2251 DEB
1 34721U 93036YP  16291.36944624 +.00000822 +00000-0 +57581-3 0  9996
2 34721 073.9251 295.8325 0239366 179.7482 246.6017 13.87055700387096
0 COSMOS 2251 DEB
1 34721U 93036YP  16293.95834373  .00000633  00000-0  44704-3 0  9995
2 34721  73.9250 291.4143 0239203 174.8182 214.0221 13.87058970387445
0 COSMOS 2251 DEB
1 34721U 93036YP  16293.95834373 +.00000633 +00000-0 +44704-3 0  9995
2 34721 073.9250 291.4143 0239203 174.8182 214.0221 13.87058970387456
0 COSMOS 2251 DEB
1 34721U 93036YP  16294.41589784 +.00000603 +00000-0 +42636-3 0  9999
2 34721 073.9249 290.6332 0239157 173.9486 338.7736 13.87059227387518
0 COSMOS 2251 DEB
1 34721U 93036YP  16294.96830630  .00000577  00000-0  40915-3 0  9996
2 34721  73.9249 289.6905 0239130 172.8941 217.1807 13.87059812387583
0 COSMOS 2251 DEB
1 34721U 93036YP  16295.97827716  .00000560  00000-0  39759-3 0  9995
2 34721  73.9249 287.9668 0239061 170.9667 220.3898 13.87060841387723
0 COSMOS 2251 DEB
1 34721U 93036YP  16296.43731683 +.00000572 +00000-0 +40560-3 0  9999
2 34721 073.9249 287.1834 0239054 170.0941 352.5658 13.87061377387792
0 COSMOS 2251 DEB
1 34721U 93036YP  16297.65551190  .00000561  00000-0  39805-3 0  9995
2 34721  73.9249 285.1042 0238999 167.7699 315.5321 13.87062532387960
0 COSMOS 2251 DEB
1 34721U 93036YP  16297.92470508 +.00000570 +00000-0 +40427-3 0  9990
2 34721 073.9249 284.6448 0238989 167.2555 219.7302 13.87062876388000
0 COSMOS 2251 DEB
1 34721U 93036YP  16299.39200922  .00000622  00000-0  43942-3 0  9997
2 34721  73.9252 282.1406 0238950 164.4516 346.6175 13.87064618388201
0 COSMOS 2251 DEB
1 34721U 93036YP  16300.40193565  .00000644  00000-0  45431-3 0  9995
2 34721  73.9251 280.4168 0238909 162.5260 349.6211 13.87065864388348
0 COSMOS 2251 DEB
1 34721U 93036YP  16301.32288491 +.00000617 +00000-0 +43576-3 0  9998
2 34721 073.9251 278.8450 0238850 160.7643 268.3304 13.87066662388474
0 COSMOS 2251 DEB
1 34721U 93036YP  16302.33323098  .00000568  00000-0  40239-3 0  9991
2 34721  73.9251 277.1209 0238797 158.8354 273.4370 13.87067406388618
0 COSMOS 2251 DEB
1 34721U 93036YP  16303.35869154  .00000558  00000-0  39593-3 0  9992
2 34721  73.9251 275.3709 0238753 156.8760 354.0233 13.87068454388757
0 COSMOS 2251 DEB
1 34721U 93036YP  16303.91166234 +.00000546 +00000-0 +38731-3 0  9993
2 34721 073.9252 274.4272 0238734 155.8163 235.2606 13.87069022388833
0 COSMOS 2251 DEB
1 34721U 93036YP  16305.37988943 +.00000495 +00000-0 +35273-3 0  9995
2 34721 073.9254 271.9217 0238656 153.0069 006.7928 13.87070253389033
0 COSMOS 2251 DEB
1 34721U 93036YP  16306.59863574  .00000505  00000-0  35953-3 0  9999
2 34721  73.9255 269.8418 0238602 150.6733 332.5620 13.87071620389202
0 COSMOS 2251 DEB
1 34721U 93036YP  16307.23595203 +.00000480 +00000-0 +34243-3 0  9995
2 34721 073.9255 268.7542 0238597 149.4595 274.9754 13.87072134389290
0 COSMOS 2251 DEB
1 34721U 93036YP  16308.31980508  .00000515  00000-0  36677-3 0  9993
2 34721  73.9256 266.9046 0238554 147.3843 287.1669 13.87073489389448
0 COSMOS 2251 DEB
1 34721U 93036YP  16308.88855265 +.00000507 +00000-0 +36109-3 0  9997
2 34721 073.9256 265.9340 0238537 146.2958 247.1938 13.87074050389529
0 COSMOS 2251 DEB
1 34721U 93036YP  16309.55497833  .00000509  00000-0  36249-3 0  9992
2 34721  73.9257 264.7967 0238515 145.0196 334.9764 13.87074738389614
0 COSMOS 2251 DEB
1 34721U 93036YP  16310.27795645 +.00000501 +00000-0 +35688-3 0  9993
2 34721 073.9257 263.5628 0238516 143.6336 345.1548 13.87075365389718
0 COSMOS 2251 DEB
1 34721U 93036YP  16311.20221359  .00000516  00000-0  36701-3 0  9996
2 34721  73.9258 261.9856 0238488 141.8606 280.4219 13.87076424389849
0 COSMOS 2251 DEB
1 34721U 93036YP  16311.92304197 +.00000511 +00000-0 +36356-3 0  9998
2 34721 073.9259 260.7555 0238474 140.4771 279.8740 13.87077264389941
0 COSMOS 2251 DEB
1 34721U 93036YP  16313.30661742  .00000519  00000-0  36892-3 0  9997
2 34721  73.9260 258.3945 0238435 137.8258 348.7491 13.87078812390138
0 COSMOS 2251 DEB
1 34721U 93036YP  16314.24388449 +.00000509 +00000-0 +36237-3 0  9993
2 34721 073.9261 256.7951 0238424 136.0284 348.9914 13.87079754390268
0 COSMOS 2251 DEB
1 34721U 93036YP  16315.25347013  .00000524  00000-0  37237-3 0  9995
2 34721  73.9261 255.0724 0238410 134.0922 350.3605 13.87080912390408
0 COSMOS 2251 DEB
1 34721U 93036YP  16315.81183134 +.00000522 +00000-0 +37133-3 0  9992
2 34721 073.9262 254.1196 0238404 133.0207 258.5414 13.87081531390483
0 COSMOS 2251 DEB
1 34721U 93036YP  16319.50833425  .00000598  00000-0  42275-3 0  9993
2 34721  73.9263 247.8120 0238367 125.9221 357.0962 13.87086147390991
0 COSMOS 2251 DEB
1 34721U 93036YP  16320.23480814 +.00000589 +00000-0 +41643-3 0  9993
2 34721 073.9263 246.5723 0238366 124.5282 024.7622 13.87086929391098
0 COSMOS 2251 DEB
1 34721U 93036YP  16321.15624051  .00000572  00000-0  40526-3 0  9999
2 34721  73.9264 245.0000 0238392 122.7371 305.9836 13.87087897391220
0 COSMOS 2251 DEB
1 34721U 93036YP  16322.16615921  .00000558  00000-0  39540-3 0  9995
2 34721  73.9264 243.2767 0238404 120.7908 309.0546 13.87089020391366
0 COSMOS 2251 DEB
1 34721U 93036YP  16322.25481775 +.00000574 +00000-0 +40648-3 0  9992
2 34721 073.9264 243.1254 0238405 120.6194 031.7756 13.87089219391376
0 COSMOS 2251 DEB
1 34721U 93036YP  16323.17612536  .00000563  00000-0  39855-3 0  9991
2 34721  73.9264 241.5533 0238435 118.8492 312.3632 13.87090262391507
0 COSMOS 2251 DEB
1 34721U 93036YP  16324.75502356 +.00000592 +00000-0 +41834-3 0  9996
2 34721 073.9264 238.8591 0238458 115.8116 276.6681 13.87092327391729
0 COSMOS 2251 DEB
1 34721U 93036YP  16325.21120218  .00000557  00000-0  39493-3 0  9990
2 34721  73.9264 238.0807 0238472 114.9358  34.6183 13.87092673391784
0 COSMOS 2251 DEB
1 34721U 93036YP  16325.84401664 +.00000558 +00000-0 +39558-3 0  9999
2 34721 073.9264 237.0010 0238469 113.7183 314.6115 13.87093409391872
0 COSMOS 2251 DEB
1 34721U 93036YP  16326.85397808  .00000588  00000-0  41572-3 0  9997
2 34721  73.9264 235.2777 0238495 111.7769 317.9124 13.87094802392010
0 COSMOS 2251 DEB
1 34721U 93036YP  16327.44136838 +.00000611 +00000-0 +43120-3 0  9995
2 34721 073.9264 234.2754 0238535 110.6492 011.0802 13.87095605392095
0 COSMOS 2251 DEB
1 34721U 93036YP  16328.16819238  .00000575  00000-0  40692-3 0  9997
2 34721  73.9263 233.0351 0238604 109.2483  40.5248 13.87096216392196
0 COSMOS 2251 DEB
1 34721U 93036YP  16328.72179895 +.00000603 +00000-0 +42565-3 0  9990
2 34721 073.9262 232.0905 0238624 108.1834 284.9969 13.87097067392277
0 COSMOS 2251 DEB
1 34721U 93036YP  16330.82016080  .00000605  00000-0  42679-3 0  9998
2 34721  73.9262 228.5100 0238712 104.1473 323.3189 13.87099536392564
0 COSMOS 2251 DEB
1 34721U 93036YP  16331.83067543  .00000607  00000-0  42835-3 0  9996
2 34721  73.9261 226.7856 0238787 102.2016 329.4063 13.87100739392707
0 COSMOS 2251 DEB
1 34721U 93036YP  16332.68847133 +.00000641 +00000-0 +45172-3 0  9996
2 34721 073.9261 225.3221 0238840 100.5495 292.8860 13.87102085392827
0 COSMOS 2251 DEB
1 34721U 93036YP  16333.14471273  .00000598  00000-0  42194-3 0  9998
2 34721  73.9261 224.5436 0238859  99.6722  51.1652 13.87102314392883
0 COSMOS 2251 DEB
1 34721U 93036YP  16333.69870605 +.00000593 +00000-0 +41876-3 0  9991
2 34721 073.9261 223.5983 0238895 098.6042 297.5825 13.87103000392963
0 COSMOS 2251 DEB
1 34721U 93036YP  16335.07567282  .00000583  00000-0  41209-3 0  9998
2 34721  73.9261 221.2486 0238979  95.9576 333.5935 13.87104681393152
0 COSMOS 2251 DEB
1 34721U 93036YP  16337.10554380  .00000564  00000-0  39895-3 0  9996
2 34721  73.9260 217.7848 0239117  92.0608  29.9520 13.87107090393436
0 COSMOS 2251 DEB
1 34721U 93036YP  16338.75310231  .00000532  00000-0  37698-3 0  9997
2 34721  73.9259 214.9734 0239224  88.8979 337.2088 13.87108947393661
0 COSMOS 2251 DEB
1 34721U 93036YP  16339.76295638  .00000570  00000-0  40255-3 0  9997
2 34721  73.9258 213.2501 0239297  86.9625 340.0260 13.87110462393806
0 COSMOS 2251 DEB
1 34721U 93036YP  16340.62097612 +.00000527 +00000-0 +37363-3 0  9994
2 34721 073.9257 211.7861 0239346 085.3178 304.6418 13.87111134393929
0 COSMOS 2251 DEB
1 34721U 93036YP  16340.98943495  .00000485  00000-0  34511-3 0  9997
2 34721  73.9257 211.1573 0239385  84.6106 344.5830 13.87111263393978
0 COSMOS 2251 DEB
1 34721U 93036YP  16341.28654116 +.00000509 +00000-0 +36135-3 0  9991
2 34721 073.9256 210.6503 0239411 084.0425 028.2161 13.87111762394015
0 COSMOS 2251 DEB
1 34721U 93036YP  16342.08194027  .00000503  00000-0  35732-3 0  9996
2 34721  73.9256 209.2931 0239467  82.5175  40.1362 13.87112699394128
0 COSMOS 2251 DEB
1 34721U 93036YP  16342.29661060 +.00000511 +00000-0 +36269-3 0  9990
2 34721 073.9255 208.9267 0239481 082.1060 032.1178 13.87112964394154
0 COSMOS 2251 DEB
1 34721U 93036YP  16343.73009406  .00000490  00000-0  34812-3 0  9998
2 34721  73.9254 206.4805 0239584  79.3586 350.3924 13.87114388394357
0 COSMOS 2251 DEB
1 34721U 93036YP  16344.66542154 +.00000475 +00000-0 +33784-3 0  9993
2 34721 073.9254 204.8844 0239685 077.5651 341.0695 13.87115308394486
0 COSMOS 2251 DEB
1 34721U 93036YP  16345.67498204  .00000465  00000-0  33088-3 0  9997
2 34721  73.9253 203.1616 0239757  75.6300 342.4423 13.87116380394625
0 COSMOS 2251 DEB
1 34721U 93036YP  16346.60749740 +.00000418 +00000-0 +29873-3 0  9990
2 34721 073.9252 201.5702 0239830 073.8411 319.0845 13.87117144394758
0 COSMOS 2251 DEB
1 34721U 93036YP  16347.06371284  .00000415  00000-0  29675-3 0  9992
2 34721  73.9252 200.7917 0239860  72.9670  77.2587 13.87117616394814
0 COSMOS 2251 DEB
1 34721U 93036YP  16347.69597012 +.00000403 +00000-0 +28863-3 0  9995
2 34721 073.9252 199.7127 0239908 071.7577 354.5212 13.87118242394902
0 COSMOS 2251 DEB
1 34721U 93036YP  16348.28342654  .00000390  00000-0  27997-3 0  9993
2 34721  73.9251 198.7101 0239943  70.6345  48.0644 13.87118731394987
0 COSMOS 2251 DEB
1 34721U 93036YP  16348.63177690 +.00000374 +00000-0 +26945-3 0  9992
2 34721 073.9251 198.1156 0239985 069.9658 347.6020 13.87118983395037
0 COSMOS 2251 DEB
1 34721U 93036YP  16349.29236377  .00000371  00000-0  26690-3 0  9997
2 34721  73.9251 196.9884 0240029  68.7014  46.3362 13.87119631395128
0 COSMOS 2251 DEB
1 34721U 93036YP  16350.01474512 +.00000333 +00000-0 +24128-3 0  9996
2 34721 073.9251 195.7556 0240078 067.3183 053.6513 13.87120123395225
0 COSMOS 2251 DEB
1 34721U 93036YP  16351.03040223  .00000290  00000-0  21237-3 0  9997
2 34721  73.9250 194.0224 0240142  65.3744  85.4823 13.87120796395369
0 COSMOS 2251 DEB
1 34721U 93036YP  16351.95140248 +.00000292 +00000-0 +21333-3 0  9995
2 34721 073.9249 192.4506 0240191 063.6137 004.6317 13.87121561395499
0 COSMOS 2251 DEB
1 34721U 93036YP  16352.96170206  .00000307  00000-0  22328-3 0  9996
2 34721  73.9249 190.7267 0240252  61.6806   9.7141 13.87122412395636
0 COSMOS 2251 DEB
1 34721U 93036YP  16352.96170206 +.00000307 +00000-0 +22328-3 0  9996
2 34721 073.9249 190.7267 0240252 061.6806 009.7141 13.87122412395636
0 COSMOS 2251 DEB
1 34721U 93036YP  16353.89775641 +.00000320 +00000-0 +23247-3 0  9999
2 34721 073.9247 189.1292 0240298 059.8891 004.0453 13.87123227395760
0 COSMOS 2251 DEB
1 34721U 93036YP  16354.90780359 +.00000326 +00000-0 +23640-3 0  9997
2 34721 073.9247 187.4055 0240348 057.9547 007.8748 13.87124048395907
0 COSMOS 2251 DEB
1 34721U 93036YP  16355.20617095  .00000318  00000-0  23095-3 0  9992
2 34721  73.9247 186.8963 0240358  57.3807  57.8216 13.87124212395944
0 COSMOS 2251 DEB
1 34721U 93036YP  16355.91775846 +.00000345 +00000-0 +24913-3 0  9999
2 34721 073.9246 185.6819 0240389 056.0158 011.2499 13.87124860396047
0 COSMOS 2251 DEB
1 34721U 93036YP  16356.92777959  .00000425  00000-0  30382-3 0  9994
2 34721  73.9246 183.9582 0240430  54.0823  14.9543 13.87126060396188
0 COSMOS 2251 DEB
1 34721U 93036YP  16356.92777959 +.00000425 +00000-0 +30382-3 0  9994
2 34721 073.9246 183.9582 0240430 054.0823 014.9543 13.87126060396188
0 COSMOS 2251 DEB
1 34721U 93036YP  16357.95328697  .00000423  00000-0  30250-3 0  9991
2 34721  73.9246 182.2080 0240475  52.1160  95.9992 13.87126960396327
0 COSMOS 2251 DEB
1 34721U 93036YP  16358.87422720 +.00000445 +00000-0 +31740-3 0  9994
2 34721 073.9246 180.6362 0240510 050.3500 014.8752 13.87128031396459
0 COSMOS 2251 DEB
1 34721U 93036YP  16359.51663255  .00000447  00000-0  31843-3 0  9992
2 34721  73.9246 179.5399 0240541  49.1184 342.8396 13.87128703396537
0 COSMOS 2251 DEB
1 34721U 93036YP  16360.60532649  .00000435  00000-0  31064-3 0  9998
2 34721  73.9246 177.6817 0240595  47.0199  19.4375 13.87129629396692
0 COSMOS 2251 DEB
1 34721U 93036YP  16361.54255955 +.00000464 +00000-0 +33006-3 0  9994
2 34721 073.9247 176.0823 0240620 045.2248 019.6813 13.87130794396826
0 COSMOS 2251 DEB
1 34721U 93036YP  16362.20134557  .00000473  00000-0  33595-3 0  9995
2 34721  73.9247 174.9578 0240667  43.9519  69.4625 13.87131599396915
0 COSMOS 2251 DEB
1 34721U 93036YP  16362.92418706 +.00000438 +00000-0 +31232-3 0  9992
2 34721 073.9248 173.7244 0240671 042.5686 079.1058 13.87132212397011
0 COSMOS 2251 DEB
1 34721U 93036YP  16363.21236292  .00000432  00000-0  30843-3 0  9994
2 34721  73.9248 173.2327 0240677  42.0194  78.1640 13.87132524397059
0 COSMOS 2251 DEB
1 34721U 93036YP  16363.93969402 +.00000441 +00000-0 +31441-3 0  9994
2 34721 073.9248 171.9911 0240684 040.6177 110.2408 13.87133416397158
0 COSMOS 2251 DEB
1 34721U 93036YP  16364.49265943  .00000441  00000-0  31492-3 0  9991
2 34721  73.9248 171.0474 0240704  39.5573 351.5822 13.87134016397239
0 COSMOS 2251 DEB
1 34721U 93036YP  16364.95034640 +.00000418 +00000-0 +29917-3 0  9993
2 34721 073.9249 170.2667 0240720 038.6774 117.1330 13.87134260397293
0 COSMOS 2251 DEB
1 34721U 93036YP  16365.79695810  .00000461  00000-0  32813-3 0  9995
2 34721  73.9249 168.8219 0240701  37.0202  24.8935 13.87135444397411
0 COSMOS 2251 DEB
1 34721U 93036YP  16366.80695782  .00000445  00000-0  31713-3 0  9996
2 34721  73.9249 167.0983 0240710  35.0685  28.5478 13.87136440397558
0 COSMOS 2251 DEB
1 34721U 93036YP  16366.89614638 +.00000435 +00000-0 +31090-3 0  9993
2 34721 073.9249 166.9461 0240702 034.8982 113.9285 13.87136479397563
0 COSMOS 2251 DEB
1 34721U 93036YP  17001.90859019  .00000426  00000-0  30491-3 0  9990
2 34721  73.9249 165.2183 0240674  32.9480 129.8433 13.87137443397705
0 COSMOS 2251 DEB
1 34721U 93036YP  17002.82720001 +.00000448 +00000-0 +31960-3 0  9996
2 34721 073.9250 163.6506 0240683 031.1714 037.1305 13.87138450397831
0 COSMOS 2251 DEB
1 34721U 93036YP  17003.85330216  .00000484  00000-0  34368-3 0  9990
2 34721  73.9250 161.8994 0240703  29.1890 121.2060 13.87139615397979
0 COSMOS 2251 DEB
1 34721U 93036YP  17004.86310590  .00000473  00000-0  33647-3 0  9992
2 34721  73.9251 160.1760 0240725  27.2412 123.8914 13.87140517398112
0 COSMOS 2251 DEB
1 34721U 93036YP  17005.87362671  .00000457  00000-0  32544-3 0  9998
2 34721  73.9252 158.4514 0240739  25.2981 130.1566 13.87141466398257
0 COSMOS 2251 DEB
1 34721U 93036YP  17006.50384785 +.00000466 +00000-0 +33169-3 0  9993
2 34721 073.9253 157.3758 0240752 024.0807 037.3166 13.87142169398340
0 COSMOS 2251 DEB
1 34721U 93036YP  17009.45944775  .00000416  00000-0  29779-3 0  9998
2 34721  73.9256 152.3319 0240831  18.3675  36.8268 13.87144560398746
0 COSMOS 2251 DEB
1 34721U 93036YP  17010.75974632  .00000397  00000-0  28503-3 0  9990
2 34721  73.9256 150.1128 0240880  15.8470  50.2008 13.87145560398933
0 COSMOS 2251 DEB
1 34721U 93036YP  17012.06824281  .00000400  00000-0  28725-3 0  9991
2 34721  73.9257 147.8797 0240928  13.3227 104.5059 13.87146606399117
0 COSMOS 2251 DEB
1 34721U 93036YP  17012.79655762 +.00000401 +00000-0 +28767-3 0  9994
2 34721 073.9256 146.6367 0240950 011.9157 141.5319 13.87147148399210
0 COSMOS 2251 DEB
1 34721U 93036YP  17013.42581410  .00000381  00000-0  27444-3 0  9991
2 34721  73.9256 145.5628 0240984  10.7003  43.8854 13.87147526399300
0 COSMOS 2251 DEB
1 34721U 93036YP  17013.80637913 +.00000393 +00000-0 +28260-3 0  9993
2 34721 073.9256 144.9133 0241003 009.9636 144.3370 13.87147871399357
0 COSMOS 2251 DEB
1 34721U 93036YP  17014.35844897 +.00000393 +00000-0 +28249-3 0  9992
2 34721 073.9256 143.9710 0241033 008.8957 021.2428 13.87148308399436
0 COSMOS 2251 DEB
1 34721U 93036YP  17015.82633998  .00000404  00000-0  28990-3 0  9999
2 34721  73.9257 141.4658 0241110   6.0540 151.5464 13.87149269399631
0 COSMOS 2251 DEB
1 34721U 93036YP  17016.76353270 +.00000423 +00000-0 +30312-3 0  9997
2 34721 073.9257 139.8663 0241158 004.2448 151.6650 13.87149994399764
0 COSMOS 2251 DEB
1 34721U 93036YP  17017.31519679  .00000442  00000-0  31564-3 0  9997
2 34721  73.9258 138.9249 0241196   3.1779  26.5487 13.87150551399839
0 COSMOS 2251 DEB
1 34721U 93036YP  17017.77202859 +.00000440 +00000-0 +31442-3 0  9999
2 34721 073.9258 138.1452 0241226 002.2934 147.8628 13.87150866399905
0 COSMOS 2251 DEB
1 34721U 93036YP  17018.32534501  .00000435  00000-0  31093-3 0  9999
2 34721  73.9258 137.2008 0241259   1.2233  30.9994 13.87151297399973
0 COSMOS 2251 DEB
1 34721U 93036YP  17020.34916281  .00000471  00000-0  33533-3 0  9994
2 34721  73.9259 133.7468 0241408 357.3078  57.4945 13.87153076400254
0 COSMOS 2251 DEB
1 34721U 93036YP  17020.72880983 +.00000502 +00000-0 +35635-3 0  9995
2 34721 073.9260 133.0989 0241427 356.5825 153.3611 13.87153649400318
0 COSMOS 2251 DEB
1 34721U 93036YP  17021.35871804  .00000459  00000-0  32707-3 0  9995
2 34721  73.9260 132.0238 0241492 355.3519  58.9957 13.87153871400391
0 COSMOS 2251 DEB
1 34721U 93036YP  17021.73899468 +.00000475 +00000-0 +33801-3 0  9997
2 34721 073.9260 131.3748 0241516 354.6222 158.0105 13.87154361400458
0 COSMOS 2251 DEB
1 34721U 93036YP  17022.74865649  .00000466  00000-0  33168-3 0  9999
2 34721  73.9260 129.6516 0241600 352.6724 160.0441 13.87155306400591
0 COSMOS 2251 DEB
1 34721U 93036YP  17024.69585324  .00000494  00000-0  35097-3 0  9998
2 34721  73.9260 126.3282 0241784 348.9120 163.9335 13.87157233400861
0 COSMOS 2251 DEB
1 34721U 93036YP  17025.70556811  .00000507  00000-0  35971-3 0  9996
2 34721  73.9259 124.6048 0241895 346.9567 166.2475 13.87158309401009
0 COSMOS 2251 DEB
1 34721U 93036YP  17026.33498433 +.00000515 +00000-0 +36479-3 0  9994
2 34721 073.9259 123.5305 0241959 345.7404 069.4263 13.87159048401090
0 COSMOS 2251 DEB
1 34721U 93036YP  17029.67152837 +.00000611 +00000-0 +42995-3 0  9996
2 34721 073.9259 117.8357 0242336 339.3064 171.4685 13.87162946401558
0 COSMOS 2251 DEB
1 34721U 93036YP  17030.22388355 +.00000589 +00000-0 +41488-3 0  9995
2 34721 073.9259 116.8929 0242406 338.2424 049.8249 13.87163497401622
0 COSMOS 2251 DEB
1 34721U 93036YP  17031.60096247 +.00000619 +00000-0 +43509-3 0  9994
2 34721 073.9259 114.5425 0242581 335.5911 086.6985 13.87165251401821
0 COSMOS 2251 DEB
1 34721U 93036YP  17033.91901802 +.00000633 +00000-0 +44423-3 0  9994
2 34721 073.9259 110.5859 0242888 331.1334 142.6477 13.87168193402142
0 COSMOS 2251 DEB
1 34721U 93036YP  17034.19029111  .00000625  00000-0  43859-3 0  9992
2 34721  73.9259 110.1229 0242918 330.6130  57.3366 13.87168515402171
0 COSMOS 2251 DEB
1 34721U 93036YP  17034.92805941 +.00000608 +00000-0 +42742-3 0  9997
2 34721 073.9259 108.8637 0243031 329.1955 141.6226 13.87169383402281
0 COSMOS 2251 DEB
1 34721U 93036YP  17036.87771156  .00000615  00000-0  43179-3 0  9996
2 34721  73.9258 105.5357 0243279 325.4589 157.8471 13.87171848402559
0 COSMOS 2251 DEB
1 34721U 93036YP  17037.51397314 +.00000629 +00000-0 +44092-3 0  9998
2 34721 073.9258 104.4499 0243366 324.2368 095.2334 13.87172714402649
0 COSMOS 2251 DEB
1 34721U 93036YP  17038.15641545  .00000628  00000-0  44010-3 0  9996
2 34721  73.9258 103.3533 0243457 323.0080  63.4826 13.87173584402723
0 COSMOS 2251 DEB
1 34721U 93036YP  17041.19099410  .00000624  00000-0  43772-3 0  9992
2 34721  73.9258  98.1734 0243895 317.2097  97.6751 13.87177296403154
0 COSMOS 2251 DEB
1 34721U 93036YP  17041.85235220 +.00000629 +00000-0 +44060-3 0  9992
2 34721 073.9259 097.0445 0244015 315.9468 160.3947 13.87178128403244
0 COSMOS 2251 DEB
1 34721U 93036YP  17042.58127536  .00000608  00000-0  42666-3 0  9990
2 34721  73.9258  95.8001 0244103 314.5576 200.5232 13.87178924403349
0 COSMOS 2251 DEB
1 34721U 93036YP  17043.13270172 +.00000591 +00000-0 +41520-3 0  9996
2 34721 073.9258 094.8588 0244177 313.5078 074.2614 13.87179582403425
0 COSMOS 2251 DEB
1 34721U 93036YP  17046.16702858  .00000524  00000-0  36988-3 0  9991
2 34721  73.9258  89.6792 0244583 307.7395 107.2327 13.87182880403830
0 COSMOS 2251 DEB
1 34721U 93036YP  17046.82775789 +.00000541 +00000-0 +38074-3 0  9994
2 34721 073.9258 088.5514 0244646 306.4879 166.8175 13.87183838403930
0 COSMOS 2251 DEB
1 34721U 93036YP  17047.17686587  .00000514  00000-0  36268-3 0  9993
2 34721  73.9258  87.9555 0244684 305.8268 110.2114 13.87184148403970
0 COSMOS 2251 DEB
1 34721U 93036YP  17049.78576569  .00000445  00000-0  31643-3 0  9995
2 34721  73.9257  83.5017 0244995 300.8889 178.6835 13.87186675404340
0 COSMOS 2251 DEB
1 34721U 93036YP  17050.13342010 +.00000413 +00000-0 +29449-3 0  9994
2 34721 073.9257 082.9081 0245017 300.2314 114.8209 13.87186860404395
0 COSMOS 2251 DEB
1 34721U 93036YP  17051.06528301  .00000416  00000-0  29711-3 0  9991
2 34721  73.9255  81.3170 0245110 298.4709  88.4157 13.87187931404517
0 COSMOS 2251 DEB
1 34721U 93036YP  17052.07496868  .00000402  00000-0  28740-3 0  9991
2 34721  73.9256  79.5935 0245215 296.5657  90.6466 13.87188901404654
0 COSMOS 2251 DEB
1 34721U 93036YP  17054.09991084  .00000366  00000-0  26333-3 0  9990
2 34721  73.9256  76.1365 0245369 292.7495 122.9330 13.87190581404940
0 COSMOS 2251 DEB
1 34721U 93036YP  17054.76111292 +.00000386 +00000-0 +27653-3 0  9997
2 34721 073.9256 075.0076 0245415 291.5054 184.8873 13.87191284405038
0 COSMOS 2251 DEB
1 34721U 93036YP  17055.03174833 +.00000369 +00000-0 +26523-3 0  9994
2 34721 073.9255 074.5452 0245423 290.9951 096.4059 13.87191450405070
0 COSMOS 2251 DEB
1 34721U 93036YP  17057.34564993  .00000371  00000-0  26631-3 0  9993
2 34721  73.9260  70.5953 0245567 286.6446 131.7289 13.87193490405397
0 COSMOS 2251 DEB
1 34721U 93036YP  17058.72768612  .00000336  00000-0  24297-3 0  9997
2 34721  73.9267  68.2367 0245614 284.0446 193.4437 13.87194338405585
0 COSMOS 2251 DEB
1 34721U 93036YP  17059.73672664  .00000322  00000-0  23310-3 0  9990
2 34721  73.9267  66.5141 0245656 282.1564 192.4587 13.87195028405720
0 COSMOS 2251 DEB
1 34721U 93036YP  17062.41281618  .00000332  00000-0  24036-3 0  9991
2 34721  73.9279  61.9474 0245667 277.1414 236.5139 13.87196931406099
0 COSMOS 2251 DEB
1 34721U 93036YP  17063.97428909  .00000326  00000-0  23643-3 0  9995
2 34721  73.9277  59.2813 0245592 274.2025 114.3390 13.87198174406304
0 COSMOS 2251 DEB
1 34721U 93036YP  17066.66104346  .00000252  00000-0  18626-3 0  9993
2 34721  73.9279  54.6945 0245424 269.1431 211.7135 13.87199899406684
0 COSMOS 2251 DEB
1 34721U 93036YP  17067.67135509  .00000163  00000-0  12684-3 0  9999
2 34721  73.9263  52.9652 0245264 267.2103 217.1404 13.87199900406828
0 COSMOS 2251 DEB
1 34721U 93036YP  17067.94048905 +.00000157 +00000-0 +12297-3 0  9995
2 34721 073.9261 052.5057 0245275 266.6901 121.1830 13.87200063406866
0 COSMOS 2251 DEB
1 34721U 93036YP  17068.60759469 +.00000111 +00000-0 +92138-4 0  9996
2 34721 073.9265 051.3675 0245238 265.4402 212.6349 13.87200174406959
0 COSMOS 2251 DEB
1 34721U 93036YP  17069.31864677  .00000090  00000-0  77622-4 0  9990
2 34721  73.9267  50.1535 0245206 264.0899 163.5709 13.87200412407054
0 COSMOS 2251 DEB
1 34721U 93036YP  17070.62767626 -.00000010  00000-0  10540-4 0  9991
2 34721  73.9267  47.9188 0245133 261.6123 220.7440 13.87200096407230
0 COSMOS 2251 DEB
1 34721U 93036YP  17072.57380966 -.00000084  00000-0 -39072-4 0  9998
2 34721  73.9269  44.5966 0244939 257.9323 219.5511 13.87199736407505
0 COSMOS 2251 DEB
1 34721U 93036YP  17073.58378679 -.00000133 +00000-0 -72103-4 0  9995
2 34721 073.9271 042.8723 0244810 256.0250 223.2762 13.87199218407647
0 COSMOS 2251 DEB
1 34721U 93036YP  17074.59448037 -.00000148 +00000-0 -81912-4 0  9997
2 34721 073.9271 041.1470 0244723 254.1092 230.5852 13.87198787407780
0 COSMOS 2251 DEB
1 34721U 93036YP  17075.60379809 -.00000131 +00000-0 -71094-4 0  9992
2 34721 073.9271 039.4241 0244645 252.1906 231.0285 13.87198560407922
0 COSMOS 2251 DEB
1 34721U 93036YP  17076.24092772 -.00000123 +00000-0 -65693-4 0  9993
2 34721 073.9271 038.3364 0244597 250.9781 172.7983 13.87198399408016
0 COSMOS 2251 DEB
1 34721U 93036YP  17078.56052262 -.00000188 +00000-0 -10900-3 0  9991
2 34721 073.9273 034.3769 0244355 246.5713 236.6370 13.87197126408333
0 COSMOS 2251 DEB
1 34721U 93036YP  17079.19694653 -.00000150 +00000-0 -83803-4 0  9999
2 34721 073.9273 033.2907 0244300 245.3569 174.8834 13.87197122408425
0 COSMOS 2251 DEB
1 34721U 93036YP  17080.20693485 -.00000146 +00000-0 -80854-4 0  9993
2 34721 073.9273 031.5667 0244187 243.4329 178.6736 13.87196845408564
0 COSMOS 2251 DEB
1 34721U 93036YP  17081.85894108 -.00000178 +00000-0 -10294-3 0  9995
2 34721 073.9275 028.7468 0243995 240.2861 148.6394 13.87196167408794
0 COSMOS 2251 DEB
1 34721U 93036YP  17082.52724860 -.00000180 +00000-0 -10444-3 0  9997
2 34721 073.9277 027.6061 0243929 239.0167 246.1008 13.87195947408886
0 COSMOS 2251 DEB
1 34721U 93036YP  17083.88425066 -.00000134 +00000-0 -72922-4 0  9992
2 34721 073.9277 025.2899 0243801 236.4255 182.8497 13.87195981409075
0 COSMOS 2251 DEB
1 34721U 93036YP  17085.48275786 -.00000133 +00000-0 -72665-4 0  9995
2 34721 073.9278 022.5612 0243631 233.3748 245.6495 13.87195670409298
0 COSMOS 2251 DEB
1 34721U 93036YP  17086.28364486 -.00000092 +00000-0 -45249-4 0  9992
2 34721 073.9279 021.1941 0243542 231.8466 285.2067 13.87195805409408
0 COSMOS 2251 DEB
1 34721U 93036YP  17087.13007036 -.00000081 +00000-0 -37563-4 0  9990
2 34721 073.9279 019.7491 0243478 230.2288 192.1808 13.87195733409526
0 COSMOS 2251 DEB
1 34721U 93036YP  17088.51287235 -.00000014 +00000-0 +73559-5 0  9995
2 34721 073.9278 017.3886 0243347 227.5798 257.7807 13.87196119409714
0 COSMOS 2251 DEB
1 34721U 93036YP  17090.25028053 +.00000042 +00000-0 +45414-4 0  9998
2 34721 073.9278 014.4229 0243198 224.2517 294.2563 13.87196592409956
0 COSMOS 2251 DEB
1 34721U 93036YP  17091.46942337 +.00000060 +00000-0 +56978-4 0  9999
2 34721 073.9279 012.3420 0243088 221.9146 262.5603 13.87196935410122
0 COSMOS 2251 DEB
1 34721U 93036YP  17092.18011756 +.00000093 +00000-0 +79768-4 0  9999
2 34721 073.9278 011.1289 0243057 220.5528 211.7133 13.87197377410222
0 COSMOS 2251 DEB
1 34721U 93036YP  17093.20620060 +.00000111 +00000-0 +91466-4 0  9997
2 34721 073.9278 009.3775 0242969 218.5841 295.8969 13.87197841410368
0 COSMOS 2251 DEB
1 34721U 93036YP  17094.21600176 +.00000131 +00000-0 +10531-3 0  9990
2 34721 073.9278 007.6539 0242903 216.6475 298.7709 13.87198340410502
0 COSMOS 2251 DEB
1 34721U 93036YP  17096.07252609 +.00000158 +00000-0 +12313-3 0  9999
2 34721 073.9277 004.4851 0242792 213.0848 210.1251 13.87199206410753
0 COSMOS 2251 DEB
1 34721U 93036YP  17097.72443521 +.00000172 +00000-0 +13252-3 0  9996
2 34721 073.9276 001.6655 0242691 209.9185 179.6457 13.87199992410994
0 COSMOS 2251 DEB
1 34721U 93036YP  17098.18217263 +.00000188 +00000-0 +14316-3 0  9998
2 34721 073.9276 000.8841 0242668 209.0412 305.5560 13.87200275411050
0 COSMOS 2251 DEB
1 34721U 93036YP  17099.40188951 +.00000221 +00000-0 +16565-3 0  9991
2 34721 073.9276 358.8023 0242591 206.7062 276.7393 13.87200989411222
0 COSMOS 2251 DEB
1 34721U 93036YP  17100.03867076 +.00000246 +00000-0 +18226-3 0  9998
2 34721 073.9276 357.7155 0242569 205.4872 216.7835 13.87201453411318
0 COSMOS 2251 DEB
1 34721U 93036YP  17101.13854376 +.00000286 +00000-0 +20931-3 0  9999
2 34721 073.9274 355.8381 0242532 203.3716 309.4903 13.87202285411466
0 COSMOS 2251 DEB
1 34721U 93036YP  17102.70057939 +.00000297 +00000-0 +21683-3 0  9990
2 34721 073.9274 353.1719 0242452 200.3780 190.2048 13.87203250411684
0 COSMOS 2251 DEB
1 34721U 93036YP  17103.06918005 +.00000305 +00000-0 +22203-3 0  9999
2 34721 073.9273 352.5427 0242442 199.6714 230.9760 13.87203497411730
0 COSMOS 2251 DEB
1 34721U 93036YP  17104.72586331 +.00000301 +00000-0 +21973-3 0  9995
2 34721 073.9272 349.7150 0242392 196.4918 224.3660 13.87204429411962
0 COSMOS 2251 DEB
1 34721U 93036YP  17105.65728758 +.00000338 +00000-0 +24447-3 0  9998
2 34721 073.9271 348.1252 0242346 194.7074 195.8521 13.87205313412096
0 COSMOS 2251 DEB
1 34721U 93036YP  17106.11453514 +.00000352 +00000-0 +25384-3 0  9992
2 34721 073.9272 347.3447 0242327 193.8353 319.3209 13.87205750412151
0 COSMOS 2251 DEB
1 34721U 93036YP  17108.69220282 +.00000405 +00000-0 +28959-3 0  9991
2 34721 073.9269 342.9450 0242275 188.8989 232.0770 13.87207962412514
0 COSMOS 2251 DEB
1 34721U 93036YP  17109.70166939 +.00000446 +00000-0 +31713-3 0  9999
2 34721 073.9268 341.2219 0242256 186.9647 233.3153 13.87209068412650
0 COSMOS 2251 DEB
1 34721U 93036YP  17110.08103340 +.00000432 +00000-0 +30747-3 0  9990
2 34721 073.9268 340.5744 0242242 186.2400 327.8426 13.87209258412709
0 COSMOS 2251 DEB
1 34721U 93036YP  17111.09249941 +.00000476 +00000-0 +33760-3 0  9996
2 34721 073.9267 338.8478 0242228 184.3037 339.0694 13.87210438412840
0 COSMOS 2251 DEB
1 34721U 93036YP  17112.94765361 +.00000613 +00000-0 +43009-3 0  9990
2 34721 073.9264 335.6810 0242223 180.7524 243.6579 13.87213100413109
0 COSMOS 2251 DEB
1 34721U 93036YP  17113.66809899 +.00000669 +00000-0 +46732-3 0  9992
2 34721 073.9263 334.4511 0242215 179.3733 241.5468 13.87214276413200
0 COSMOS 2251 DEB
1 34721U 93036YP  17114.59961896 +.00000685 +00000-0 +47845-3 0  9995
2 34721 073.9262 332.8610 0242193 177.5938 213.5378 13.87215546413337
0 COSMOS 2251 DEB
1 34721U 93036YP  17115.05680071 +.00000686 +00000-0 +47909-3 0  9992
2 34721 073.9262 332.0805 0242187 176.7213 336.6951 13.87216172413391
0 COSMOS 2251 DEB
1 34721U 93036YP  17116.06757295 +.00000659 +00000-0 +46094-3 0  9991
2 34721 073.9261 330.3551 0242186 174.7893 344.4783 13.87217373413530
0 COSMOS 2251 DEB
1 34721U 93036YP  17117.55599428 +.00000592 +00000-0 +41506-3 0  9997
2 34721 073.9259 327.8142 0242184 171.9456 217.6438 13.87219114413731
0 COSMOS 2251 DEB
1 34721U 93036YP  17118.93400758 +.00000545 +00000-0 +38329-3 0  9994
2 34721 073.9257 325.4616 0242189 169.3150 259.4377 13.87220652413933
0 COSMOS 2251 DEB
1 34721U 93036YP  17119.57568089 +.00000536 +00000-0 +37765-3 0  9990
2 34721 073.9256 324.3662 0242193 168.0894 223.9560 13.87221454414018
0 COSMOS 2251 DEB
1 34721U 93036YP  17120.03291020 +.00000540 +00000-0 +37986-3 0  9991
2 34721 073.9255 323.5855 0242195 167.2164 347.3614 13.87222048414083
0 COSMOS 2251 DEB
1 34721U 93036YP  17121.52053160 +.00000516 +00000-0 +36380-3 0  9997
2 34721 073.9254 321.0461 0242189 164.3800 216.5489 13.87223602414282
0 COSMOS 2251 DEB
1 34721U 93036YP  17123.90993139 +.00000486 +00000-0 +34345-3 0  9995
2 34721 073.9253 316.9669 0242214 159.8240 269.2394 13.87225949414613
0 COSMOS 2251 DEB
1 34721U 93036YP  17123.90993139 +.00000486 +00000-0 +34345-3 0  9995
2 34721 073.9253 316.9669 0242214 159.8240 269.2394 13.87225949414624
0 COSMOS 2251 DEB
1 34721U 93036YP  17125.56690082 +.00000453 +00000-0 +32116-3 0  9998
2 34721 073.9253 314.1382 0242226 156.6656 264.1735 13.87227359414849
0 COSMOS 2251 DEB
1 34721U 93036YP  17125.94551240 +.00000451 +00000-0 +31975-3 0  9992
2 34721 073.9253 313.4918 0242148 155.9476 354.9628 13.87227659414900
0 COSMOS 2251 DEB
1 34721U 93036YP  17126.57647119 +.00000437 +00000-0 +31023-3 0  9991
2 34721 073.9253 312.4147 0242156 154.7448 265.9851 13.87228179414983
0 COSMOS 2251 DEB
1 34721U 93036YP  17127.96020659 +.00000424 +00000-0 +30190-3 0  9999
2 34721 073.9251 310.0520 0242046 152.1094 336.3920 13.87229352415184
0 COSMOS 2251 DEB
1 34721U 93036YP  17128.17509438 +.00000408 +00000-0 +29099-3 0  9998
2 34721 073.9250 309.6852 0242049 151.7031 329.5435 13.87229419415217
0 COSMOS 2251 DEB
1 34721U 93036YP  17129.45474714 +.00000406 +00000-0 +28913-3 0  9990
2 34721 073.9250 307.5008 0242067 149.2688 240.1630 13.87230520415385
0 COSMOS 2251 DEB
1 34721U 93036YP  17130.92214611 +.00000389 +00000-0 +27816-3 0  9993
2 34721 073.9251 304.9957 0242040 146.4740 008.3996 13.87231617415599
0 COSMOS 2251 DEB
1 34721U 93036YP  17131.84242078 +.00000371 +00000-0 +26573-3 0  9993
2 34721 073.9254 303.4249 0241978 144.7029 284.2999 13.87232161415728
0 COSMOS 2251 DEB
1 34721U 93036YP  17132.85242194 +.00000350 +00000-0 +25152-3 0  9993
2 34721 073.9253 301.7004 0241937 142.7744 288.2874 13.87232776415867
0 COSMOS 2251 DEB
1 34721U 93036YP  17133.87802269 +.00000343 +00000-0 +24689-3 0  9997
2 34721 073.9253 299.9497 0241929 140.8258 010.1729 13.87233461416001
0 COSMOS 2251 DEB
1 34721U 93036YP  17134.88739528 +.00000337 +00000-0 +24290-3 0  9997
2 34721 073.9254 298.2267 0241912 138.9059 011.0188 13.87234118416142
0 COSMOS 2251 DEB
1 34721U 93036YP  17135.89737493 +.00000347 +00000-0 +24948-3 0  9999
2 34721 073.9255 296.5026 0241880 136.9797 014.9042 13.87234862416280
0 COSMOS 2251 DEB
1 34721U 93036YP  17138.47518453 +.00000352 +00000-0 +25245-3 0  9996
2 34721 073.9256 292.1019 0241796 132.0631 288.6152 13.87236543416634
0 COSMOS 2251 DEB
1 34721U 93036YP  17138.47518453 +.00000352 +00000-0 +25245-3 0  9996
2 34721 073.9256 292.1019 0241796 132.0631 288.6152 13.87236543416645
0 COSMOS 2251 DEB
1 34721U 93036YP  17139.40705750 +.00000347 +00000-0 +24931-3 0  9993
2 34721 073.9257 290.5112 0241776 130.2946 262.4319 13.87237199416776
0 COSMOS 2251 DEB
1 34721U 93036YP  17139.85788485 +.00000348 +00000-0 +25025-3 0  9994
2 34721 073.9258 289.7418 0241749 129.4342 353.8904 13.87237560416830
0 COSMOS 2251 DEB
1 34721U 93036YP  17140.41687973 +.00000356 +00000-0 +25551-3 0  9991
2 34721 073.9258 288.7876 0241738 128.3716 265.5413 13.87238082416911
0 COSMOS 2251 DEB
1 34721U 93036YP  17142.81467172 +.00000323 +00000-0 +23294-3 0  9990
2 34721 073.9257 284.6942 0241669 123.8123 000.2528 13.87239732417245
0 COSMOS 2251 DEB
1 34721U 93036YP  17143.45080413 +.00000306 +00000-0 +22141-3 0  9991
2 34721 073.9258 283.6083 0241657 122.6012 297.1391 13.87240173417338
0 COSMOS 2251 DEB
1 34721U 93036YP  17144.03890552 +.00000292 +00000-0 +21215-3 0  9994
2 34721 073.9257 282.6043 0241638 121.4798 354.1579 13.87240559417418
0 COSMOS 2251 DEB
1 34721U 93036YP  17145.04939993 +.00000274 +00000-0 +20028-3 0  9990
2 34721 073.9258 280.8794 0241598 119.5525 000.6385 13.87241198417556
0 COSMOS 2251 DEB
1 34721U 93036YP  17145.76066153 +.00000271 +00000-0 +19817-3 0  9999
2 34721 073.9259 279.6653 0241569 118.1998 312.7266 13.87241643417655
0 COSMOS 2251 DEB
1 34721U 93036YP  17146.78150639 +.00000259 +00000-0 +19003-3 0  9998
2 34721 073.9259 277.9226 0241539 116.2581 010.8951 13.87242148417799
0 COSMOS 2251 DEB
1 34721U 93036YP  17147.79062859 +.00000257 +00000-0 +18824-3 0  9994
2 34721 073.9259 276.2000 0241495 114.3349 010.5270 13.87242759417938
0 COSMOS 2251 DEB
1 34721U 93036YP  17149.43769906 +.00000276 +00000-0 +20137-3 0  9995
2 34721 073.9261 273.3884 0241423 111.1961 316.1273 13.87243995418162
0 COSMOS 2251 DEB
1 34721U 93036YP  17149.81566958 +.00000260 +00000-0 +19034-3 0  9996
2 34721 073.9260 272.7433 0241362 110.4951 043.7229 13.87244079418211
0 COSMOS 2251 DEB
1 34721U 93036YP  17150.29511764 +.00000268 +00000-0 +19587-3 0  9996
2 34721 073.9260 271.9249 0241339 109.5833 278.1239 13.87244439418281
0 COSMOS 2251 DEB
1 34721U 93036YP  17150.74703465 +.00000258 +00000-0 +18895-3 0  9997
2 34721 073.9260 271.1535 0241311 108.7259 015.0304 13.87244625418349
0 COSMOS 2251 DEB
1 34721U 93036YP  17151.03426104 +.00000261 +00000-0 +19100-3 0  9996
2 34721 073.9261 270.6633 0241306 108.1760 009.4663 13.87244886418386
0 COSMOS 2251 DEB
1 34721U 93036YP  17152.04306922 +.00000230 +00000-0 +17047-3 0  9997
2 34721 073.9262 268.9413 0241260 106.2517 007.5416 13.87245390418523
0 COSMOS 2251 DEB
1 34721U 93036YP  17154.62860160 +.00000149 +00000-0 +11546-3 0  9999
2 34721 073.9262 264.5281 0241080 101.3373 319.9041 13.87246408418888
0 COSMOS 2251 DEB
1 34721U 93036YP  17155.72821200 +.00000109 +00000-0 +88273-4 0  9991
2 34721 073.9261 262.6511 0241007 099.2435 051.4536 13.87246560419039
0 COSMOS 2251 DEB
1 34721U 93036YP  17156.28151958 +.00000086 +00000-0 +73016-4 0  9992
2 34721 073.9261 261.7067 0240975 098.1886 294.7214 13.87246621419118
0 COSMOS 2251 DEB
1 34721U 93036YP  17159.31695826 +.00000080 +00000-0 +69046-4 0  9998
2 34721 073.9261 256.5256 0240803 092.3972 333.9797 13.87247037419532
0 COSMOS 2251 DEB
1 34721U 93036YP  17160.70400796 +.00000070 +00000-0 +62206-4 0  9993
2 34721 073.9263 254.1584 0240663 089.7502 061.0346 13.87247172419725
0 COSMOS 2251 DEB
1 34721U 93036YP  17161.33652807 +.00000034 +00000-0 +38085-4 0  9993
2 34721 073.9263 253.0787 0240621 088.5410 339.8998 13.87247005419811
0 COSMOS 2251 DEB
1 34721U 93036YP  17162.63539446 +.00000039 +00000-0 +41366-4 0  9991
2 34721 073.9263 250.8618 0240539 086.0625 346.5584 13.87247050419993
0 COSMOS 2251 DEB
1 34721U 93036YP  17162.93357962 +.00000026 +00000-0 +32136-4 0  9996
2 34721 073.9265 250.3531 0240499 085.4880 035.7268 13.87246940420035
0 COSMOS 2251 DEB
1 34721U 93036YP  17163.57100959 +.00000050 +00000-0 +48573-4 0  9998
2 34721 073.9263 249.2651 0240424 084.2771 339.1071 13.87247159420123
0 COSMOS 2251 DEB
1 34721U 93036YP  17164.58102118 +.00000018 +00000-0 +26882-4 0  9992
2 34721 073.9262 247.5411 0240353 082.3490 343.1991 13.87247029420262
0 COSMOS 2251 DEB
1 34721U 93036YP  17165.65015595  .00000032  00000-0  21671-4 0  9990
2 34721  73.9266 245.7185 0240813  80.3886 282.4876 13.87247426420417
0 COSMOS 2251 DEB
1 34721U 93036YP  17167.24919170 -.00000058 +00000-0 -24273-4 0  9990
2 34721 073.9261 242.9870 0240169 077.2520 348.2926 13.87246514420634
0 COSMOS 2251 DEB
1 34721U 93036YP  17167.90838056 -.00000026 +00000-0 -26170-5 0  9990
2 34721 073.9261 241.8620 0240133 075.9872 040.3494 13.87246685420720
0 COSMOS 2251 DEB
1 34721U 93036YP  17168.25705108 -.00000020 +00000-0 +16204-5 0  9990
2 34721 073.9260 241.2668 0240096 075.3237 341.6409 13.87246765420779
0 COSMOS 2251 DEB
1 34721U 93036YP  17168.63702281 -.00000035 +00000-0 -90294-5 0  9999
2 34721 073.9259 240.6181 0240067 074.5988 079.2541 13.87246630420820
0 COSMOS 2251 DEB
1 34721U 93036YP  17169.64569905 -.00000054 +00000-0 -21668-4 0  9994
2 34721 073.9257 238.8961 0240038 072.6621 076.6862 13.87246425420968
0 COSMOS 2251 DEB
1 34721U 93036YP  17170.56706112 -.00000044 +00000-0 -15111-4 0  9995
2 34721 073.9256 237.3234 0239969 070.8976 358.0584 13.87246391421093
0 COSMOS 2251 DEB
1 34721U 93036YP  17171.28778214 -.00000047 +00000-0 -16954-4 0  9996
2 34721 073.9255 236.0931 0239940 069.5169 357.4095 13.87246285421193
0 COSMOS 2251 DEB
1 34721U 93036YP  17172.88342686 -.00000103 +00000-0 -54633-4 0  9992
2 34721 073.9254 233.3696 0239843 066.4607 046.2091 13.87245549421411
0 COSMOS 2251 DEB
1 34721U 93036YP  17173.52318380 -.00000045 +00000-0 -15109-4 0  9998
2 34721 073.9254 232.2774 0239762 065.2340 001.2195 13.87245881421502
0 COSMOS 2251 DEB
1 34721U 93036YP  17174.53297634 -.00000075 +00000-0 -35888-4 0  9997
2 34721 073.9255 230.5540 0239687 063.2972 004.2198 13.87245427421647
0 COSMOS 2251 DEB
1 34721U 93036YP  17176.19147296 -.00000015 +00000-0 +52229-5 0  9991
2 34721 073.9254 227.7230 0239622 060.1166 006.9132 13.87245567421877
0 COSMOS 2251 DEB
1 34721U 93036YP  17177.19891229 -.00000035 +00000-0 -83462-5 0  9990
2 34721 073.9254 226.0034 0239583 058.1847 358.1617 13.87245343422019
0 COSMOS 2251 DEB
1 34721U 93036YP  17177.57797597 -.00000048 +00000-0 -17425-4 0  9994
2 34721 073.9255 225.3568 0239543 057.4585 091.2403 13.87245167422068
0 COSMOS 2251 DEB
1 34721U 93036YP  17178.21018706 -.00000071 +00000-0 -33232-4 0  9994
2 34721 073.9252 224.2769 0239520 056.2501 008.5580 13.87244927422156
0 COSMOS 2251 DEB
1 34721U 93036YP  17180.51870552 +.00000020 +00000-0 +28752-4 0  9998
2 34721 073.9252 220.3372 0239425 051.8138 017.5268 13.87245140422470
0 COSMOS 2251 DEB
1 34721U 93036YP  17181.82516271 +.00000033 +00000-0 +37606-4 0  9990
2 34721 073.9251 218.1077 0239350 049.3026 062.1049 13.87245242422657
0 COSMOS 2251 DEB
1 34721U 93036YP  17182.55417399 +.00000044 +00000-0 +45108-4 0  9990
2 34721 073.9250 216.8633 0239321 047.9116 102.8498 13.87245269422751
0 COSMOS 2251 DEB
1 34721U 93036YP  17183.47496911 +.00000058 +00000-0 +54526-4 0  9998
2 34721 073.9251 215.2916 0239320 046.1467 021.3863 13.87245249422881
0 COSMOS 2251 DEB
1 34721U 93036YP  17184.48483978 +.00000102 +00000-0 +85011-4 0  9992
2 34721 073.9250 213.5678 0239306 044.2136 024.7746 13.87245565423027
0 COSMOS 2251 DEB
1 34721U 93036YP  17184.78278043 +.00000138 +00000-0 +10907-3 0  9990
2 34721 073.9250 213.0592 0239294 043.6521 072.7113 13.87245893423063
0 COSMOS 2251 DEB
1 34721U 93036YP  17186.14085215 +.00000166 +00000-0 +12816-3 0  9991
2 34721 073.9250 210.7413 0239275 041.0502 015.0548 13.87246487423252
0 COSMOS 2251 DEB
1 34721U 93036YP  17186.43094017 +.00000148 +00000-0 +11604-3 0  9997
2 34721 073.9249 210.2459 0239259 040.4983 023.7783 13.87246395423292
0 COSMOS 2251 DEB
1 34721U 93036YP  17187.53020788 +.00000145 +00000-0 +11403-3 0  9997
2 34721 073.9250 208.3697 0239251 038.3953 113.6271 13.87246707423446
0 COSMOS 2251 DEB
1 34721U 93036YP  17188.46228965 +.00000155 +00000-0 +12093-3 0  9994
2 34721 073.9249 206.7784 0239237 036.6207 088.5258 13.87247040423570
0 COSMOS 2251 DEB
1 34721U 93036YP  17188.74893899 +.00000131 +00000-0 +10443-3 0  9990
2 34721 073.9249 206.2891 0239248 036.0706 080.0818 13.87246981423611
0 COSMOS 2251 DEB
1 34721U 93036YP  17189.46083660 +.00000152 +00000-0 +11849-3 0  9991
2 34721 073.9248 205.0739 0239222 034.7103 035.3682 13.87247385423718
0 COSMOS 2251 DEB
1 34721U 93036YP  17190.39650556 +.00000148 +00000-0 +11580-3 0  9996
2 34721 073.9248 203.4768 0239225 032.9229 028.1907 13.87247763423848
0 COSMOS 2251 DEB
1 34721U 93036YP  17191.11763476 +.00000156 +00000-0 +12126-3 0  9999
2 34721 073.9248 202.2459 0239238 031.5469 029.5806 13.87248151423943
0 COSMOS 2251 DEB
1 34721U 93036YP  17192.12823487 +.00000173 +00000-0 +13300-3 0  9994
2 34721 073.9248 200.5209 0239248 029.6214 036.6141 13.87248618424089
0 COSMOS 2251 DEB
1 34721U 93036YP  17192.71549831 +.00000185 +00000-0 +14099-3 0  9996
2 34721 073.9248 199.5185 0239255 028.5033 089.4635 13.87248891424160
0 COSMOS 2251 DEB
1 34721U 93036YP  17193.42676108 +.00000178 +00000-0 +13685-3 0  9995
2 34721 073.9248 198.3045 0239277 027.1470 041.5802 13.87249149424269
0 COSMOS 2251 DEB
1 34721U 93036YP  17194.45254269 +.00000174 +00000-0 +13414-3 0  9995
2 34721 073.9249 196.5536 0239306 025.1933 124.4344 13.87249592424400
0 COSMOS 2251 DEB
1 34721U 93036YP  17195.00552729 +.00000175 +00000-0 +13456-3 0  9996
2 34721 073.9249 195.6096 0239324 024.1408 006.0940 13.87249862424482
0 COSMOS 2251 DEB
1 34721U 93036YP  17196.47291604 +.00000224 +00000-0 +16799-3 0  9998
2 34721 073.9250 193.1050 0239352 021.3527 134.3753 13.87250683424681
0 COSMOS 2251 DEB
1 34721U 93036YP  17196.68201770 +.00000234 +00000-0 +17500-3 0  9998
2 34721 073.9250 192.7480 0239344 020.9602 098.6452 13.87250851424712
0 COSMOS 2251 DEB
1 34721U 93036YP  17197.40914461 +.00000255 +00000-0 +18884-3 0  9996
2 34721 073.9251 191.5070 0239365 019.5795 129.9879 13.87251266424818
0 COSMOS 2251 DEB
1 34721U 93036YP  17198.41871889 +.00000293 +00000-0 +21478-3 0  9999
2 34721 073.9252 189.7837 0239398 017.6667 131.9005 13.87252119424959
0 COSMOS 2251 DEB
1 34721U 93036YP  17198.97166649 +.00000292 +00000-0 +21435-3 0  9993
2 34721 073.9253 188.8399 0239418 016.6186 013.3764 13.87252500425030
0 COSMOS 2251 DEB
1 34721U 93036YP  17199.42883726 +.00000291 +00000-0 +21360-3 0  9992
2 34721 073.9254 188.0596 0239428 015.7526 136.5329 13.87252775425096
0 COSMOS 2251 DEB
1 34721U 93036YP  17200.34905524 +.00000285 +00000-0 +20934-3 0  9996
2 34721 073.9255 186.4889 0239455 014.0118 052.1923 13.87253300425226
0 COSMOS 2251 DEB
1 34721U 93036YP  17201.36988782 +.00000267 +00000-0 +19725-3 0  9992
2 34721 073.9257 184.7465 0239485 012.0825 110.3307 13.87253825425365
0 COSMOS 2251 DEB
1 34721U 93036YP  17201.92666185 +.00000279 +00000-0 +20551-3 0  9996
2 34721 073.9258 183.7962 0239505 011.0312 010.9176 13.87254421425441
0 COSMOS 2251 DEB
1 34721U 93036YP  17202.38495937 +.00000265 +00000-0 +19576-3 0  9992
2 34721 073.9259 183.0140 0239517 010.1681 139.7005 13.87254734425500
0 COSMOS 2251 DEB
1 34721U 93036YP  17202.93780883 +.00000264 +00000-0 +19524-3 0  9992
2 34721 073.9259 182.0703 0239533 009.1251 020.6871 13.87255200425589
0 COSMOS 2251 DEB
1 34721U 93036YP  17203.39471074 +.00000272 +00000-0 +20042-3 0  9998
2 34721 073.9259 181.2904 0239543 008.2630 142.5028 13.87255602425646
0 COSMOS 2251 DEB
1 34721U 93036YP  17203.94742941 +.00000259 +00000-0 +19157-3 0  9993
2 34721 073.9260 180.3470 0239557 007.2219 022.8359 13.87255957425722
0 COSMOS 2251 DEB
1 34721U 93036YP  17204.40492007 +.00000260 +00000-0 +19252-3 0  9998
2 34721 073.9260 179.5661 0239568 006.3593 147.5915 13.87256251425788
0 COSMOS 2251 DEB
1 34721U 93036YP  17206.26127589 +.00000271 +00000-0 +20034-3 0  9996
2 34721 073.9261 176.3975 0239599 002.8630 058.4284 13.87257633426043
0 COSMOS 2251 DEB
1 34721U 93036YP  17206.33510598 +.00000270 +00000-0 +19941-3 0  9994
2 34721 073.9261 176.2715 0239602 002.7223 067.1454 13.87257675426059
0 COSMOS 2251 DEB
1 34721U 93036YP  17207.91353687 +.00000273 +00000-0 +20123-3 0  9990
2 34721 073.9262 173.5773 0239629 359.7534 029.9999 13.87258908426277
0 COSMOS 2251 DEB
1 34721U 93036YP  17208.28078885 +.00000268 +00000-0 +19844-3 0  9997
2 34721 073.9262 172.9505 0239633 359.0613 064.0977 13.87259105426321
0 COSMOS 2251 DEB
1 34721U 93036YP  17209.93760715 +.00000300 +00000-0 +22006-3 0  9991
2 34721 073.9264 170.1225 0239640 355.9500 058.4311 13.87260509426554
0 COSMOS 2251 DEB
1 34721U 93036YP  17210.94713882 +.00000294 +00000-0 +21586-3 0  9991
2 34721 073.9265 168.3994 0239652 354.0506 060.1510 13.87261293426693
0 COSMOS 2251 DEB
1 34721U 93036YP  17212.24663403 +.00000306 +00000-0 +22384-3 0  9990
2 34721 073.9267 166.1813 0239646 351.6080 069.9865 13.87262460426871
0 COSMOS 2251 DEB
1 34721U 93036YP  17213.55655184 +.00000307 +00000-0 +22493-3 0  9994
2 34721 073.9267 163.9453 0239625 349.1507 131.8726 13.87263505427056
0 COSMOS 2251 DEB
1 34721U 93036YP  17214.91322316 +.00000305 +00000-0 +22351-3 0  9994
2 34721 073.9268 161.6297 0239605 346.6024 067.2608 13.87264680427249
0 COSMOS 2251 DEB
1 34721U 93036YP  17215.29319759 +.00000309 +00000-0 +22603-3 0  9997
2 34721 073.9268 160.9811 0239599 345.8877 164.9022 13.87264962427295
0 COSMOS 2251 DEB
1 34721U 93036YP  17217.31363115 +.00000323 +00000-0 +23558-3 0  9993
2 34721 073.9269 157.5324 0239544 342.0948 175.2128 13.87266704427574
0 COSMOS 2251 DEB
1 34721U 93036YP  17218.24946484 +.00000340 +00000-0 +24750-3 0  9996
2 34721 073.9269 155.9352 0239514 340.3360 168.8957 13.87267590427700
0 COSMOS 2251 DEB
1 34721U 93036YP  17218.87935907 +.00000325 +00000-0 +23699-3 0  9997
2 34721 073.9270 154.8598 0239503 339.1535 074.6748 13.87268084427789
0 COSMOS 2251 DEB
1 34721U 93036YP  17219.25936865 +.00000324 +00000-0 +23678-3 0  9990
2 34721 073.9270 154.2112 0239484 338.4429 172.4928 13.87268381427841
0 COSMOS 2251 DEB
1 34721U 93036YP  17219.88906500 +.00000331 +00000-0 +24140-3 0  9995
2 34721 073.9270 153.1364 0239449 337.2628 077.2846 13.87269049427929
0 COSMOS 2251 DEB
1 34721U 93036YP  17220.26942067 +.00000325 +00000-0 +23709-3 0  9990
2 34721 073.9269 152.4872 0239419 336.5483 176.8354 13.87269301427988
0 COSMOS 2251 DEB
1 34721U 93036YP  17220.82157663 +.00000313 +00000-0 +22920-3 0  9993
2 34721 073.9270 151.5446 0239402 335.5137 054.3798 13.87269703428062
0 COSMOS 2251 DEB
1 34721U 93036YP  17222.49802348 +.00000308 +00000-0 +22599-3 0  9991
2 34721 073.9270 148.6831 0239304 332.3676 146.8013 13.87271012428299
0 COSMOS 2251 DEB
1 34721U 93036YP  17222.76789762 +.00000294 +00000-0 +21610-3 0  9992
2 34721 073.9270 148.2225 0239274 331.8630 054.5905 13.87271115428325
0 COSMOS 2251 DEB
1 34721U 93036YP  17223.50775642 +.00000314 +00000-0 +23018-3 0  9994
2 34721 073.9272 146.9598 0239238 330.4739 149.5585 13.87271892428433
0 COSMOS 2251 DEB
1 34721U 93036YP  17223.85516035  .00000309  00000-0  22683-3 0  9992
2 34721  73.9272 146.3668 0239219 329.8201  84.5488 13.87272187428472
0 COSMOS 2251 DEB
1 34721U 93036YP  17224.23536078 +.00000346 +00000-0 +25158-3 0  9995
2 34721 073.9271 145.7178 0239189 329.1004 183.3353 13.87272703428530
0 COSMOS 2251 DEB
1 34721U 93036YP  17226.09124021 +.00000283 +00000-0 +20918-3 0  9991
2 34721 073.9271 142.5498 0239050 325.6140 091.8913 13.87273763428788
0 COSMOS 2251 DEB
1 34721U 93036YP  17226.46408859 +.00000287 +00000-0 +21208-3 0  9993
2 34721 073.9271 141.9133 0239017 324.9139 153.9558 13.87274065428848
0 COSMOS 2251 DEB
1 34721U 93036YP  17226.81165380 +.00000295 +00000-0 +21754-3 0  9996
2 34721 073.9271 141.3201 0238990 324.2596 089.7547 13.87274410428890
0 COSMOS 2251 DEB
1 34721U 93036YP  17227.19325663  .00000289  00000-0  21349-3 0  9993
2 34721  73.9272 140.6688 0238965 323.5419 195.5425 13.87274671428946
0 COSMOS 2251 DEB
1 34721U 93036YP  17227.82145676 +.00000290 +00000-0 +21377-3 0  9990
2 34721 073.9272 139.5965 0238909 322.3584 092.8812 13.87275206429034
0 COSMOS 2251 DEB
1 34721U 93036YP  17228.20132259  .00000278  00000-0  20621-3 0  9993
2 34721  73.9272 138.9481 0238882 321.6430 189.9959 13.87275415429089
0 COSMOS 2251 DEB
1 34721U 93036YP  17228.75352025 +.00000293 +00000-0 +21640-3 0  9997
2 34721 073.9272 138.0056 0238846 320.6034 067.7656 13.87275928429162
0 COSMOS 2251 DEB
1 34721U 93036YP  17229.21150622  .00000298  00000-0  21941-3 0  9997
2 34721  73.9272 137.2238 0238810 319.7407 195.0269 13.87276258429228
0 COSMOS 2251 DEB
1 34721U 93036YP  17231.15864453  .00000320  00000-0  23429-3 0  9996
2 34721  73.9270 133.9001 0238635 316.0716 199.3808 13.87277713429497
0 COSMOS 2251 DEB
1 34721U 93036YP  17231.78735479 +.00000291 +00000-0 +21521-3 0  9998
2 34721 073.9270 132.8269 0238564 314.8880 099.2713 13.87277966429583
0 COSMOS 2251 DEB
1 34721U 93036YP  17232.15098678 +.00000331 +00000-0 +24187-3 0  9999
2 34721 073.9270 132.2062 0238515 314.2056 115.3146 13.87278524429630
0 COSMOS 2251 DEB
1 34721U 93036YP  17232.71958153  .00000370  00000-0  26838-3 0  9992
2 34721  73.9269 131.2355 0238459 313.1339  74.9820 13.87279202429702
0 COSMOS 2251 DEB
1 34721U 93036YP  17235.12361885  .00000361  00000-0  26292-3 0  9994
2 34721  73.9270 127.1322 0238227 308.5942 201.2058 13.87280958430040
0 COSMOS 2251 DEB
1 34721U 93036YP  17235.40544133 +.00000369 +00000-0 +26846-3 0  9997
2 34721 073.9270 126.6512 0238210 308.0610 168.6835 13.87281243430085
0 COSMOS 2251 DEB
1 34721U 93036YP  17236.13373103  .00000356  00000-0  25952-3 0  9998
2 34721  73.9270 125.4080 0238143 306.6839 205.9084 13.87281810430186
0 COSMOS 2251 DEB
1 34721U 93036YP  17237.69550368  .00000310  00000-0  22843-3 0  9996
2 34721  73.9270 122.7420 0237982 303.7311  85.7183 13.87282862430392
0 COSMOS 2251 DEB
1 34721U 93036YP  17239.09067906 +.00000300 +00000-0 +22119-3 0  9998
2 34721 073.9269 120.3603 0237844 301.0884 213.5188 13.87283894430594
0 COSMOS 2251 DEB
1 34721U 93036YP  17240.10040044  .00000281  00000-0  20856-3 0  9990
2 34721  73.9269 118.6367 0237743 299.1740 216.2847 13.87284542430736
0 COSMOS 2251 DEB
1 34721U 93036YP  17240.65160978 +.00000308 +00000-0 +22714-3 0  9994
2 34721 073.9268 117.6957 0237693 298.1293 089.1442 13.87285145430812
0 COSMOS 2251 DEB
1 34721U 93036YP  17241.10997740  .00000299  00000-0  22080-3 0  9995
2 34721  73.9268 116.9133 0237650 297.2593 218.3334 13.87285423430877
0 COSMOS 2251 DEB
1 34721U 93036YP  17242.32882153  .00000344  00000-0  25187-3 0  9993
2 34721  73.9268 114.8325 0237516 294.9477 185.5092 13.87286395431048
0 COSMOS 2251 DEB
1 34721U 93036YP  17244.06650053  .00000371  00000-0  27023-3 0  9999
2 34721  73.9267 111.8661 0237348 291.6461 223.8720 13.87287519431286
0 COSMOS 2251 DEB
1 34721U 93036YP  17244.61836845 +.00000355 +00000-0 +25916-3 0  9996
2 34721 073.9266 110.9238 0237300 290.5966 100.0272 13.87287734431367
0 COSMOS 2251 DEB
1 34721U 93036YP  17245.07579407  .00000377  00000-0  27415-3 0  9995
2 34721  73.9266 110.1430 0237262 289.7268 224.5177 13.87288159431420
0 COSMOS 2251 DEB
1 34721U 93036YP  17245.35587017 +.00000348 +00000-0 +25469-3 0  9997
2 34721 073.9266 109.6650 0237245 289.1955 183.2803 13.87288103431465
0 COSMOS 2251 DEB
1 34721U 93036YP  17246.08653720  .00000377  00000-0  27404-3 0  9996
2 34721  73.9265 108.4176 0237183 287.8053 232.4039 13.87288729431562
0 COSMOS 2251 DEB
1 34721U 93036YP  17248.03212171  .00000384  00000-0  27894-3 0  9995
2 34721  73.9264 105.0959 0236989 284.0983 229.1206 13.87289910431839
0 COSMOS 2251 DEB
1 34721U 93036YP  17248.31326483 +.00000445 +00000-0 +32063-3 0  9990
2 34721 073.9265 104.6161 0236991 283.5645 193.2156 13.87290411431879
0 COSMOS 2251 DEB
1 34721U 93036YP  17251.06295351  .00000577  00000-0  41051-3 0  9998
2 34721  73.9264  99.9220 0236783 278.3189 245.8508 13.87293193432252
0 COSMOS 2251 DEB
1 34721U 93036YP  17252.27963142 +.00000590 +00000-0 +41928-3 0  9990
2 34721 073.9262 097.8445 0236750 275.9992 202.2539 13.87294382432426
0 COSMOS 2251 DEB
1 34721U 93036YP  17253.29014050 +.00000497 +00000-0 +35593-3 0  9995
2 34721 073.9262 096.1195 0236696 274.0687 209.0016 13.87294723432569
0 COSMOS 2251 DEB
1 34721U 93036YP  17256.51605993  .00000522  00000-0  37331-3 0  9996
2 34721  73.9257  90.6121 0236519 267.9069 120.1146 13.87297733433001
0 COSMOS 2251 DEB
1 34721U 93036YP  17256.97499624 +.00000443 +00000-0 +31912-3 0  9999
2 34721 073.9260 089.8285 0236545 267.0302 252.1674 13.87297601433079
0 COSMOS 2251 DEB
1 34721U 93036YP  17257.25625295 +.00000427 +00000-0 +30841-3 0  9998
2 34721 073.9259 089.3483 0236540 266.4943 216.8393 13.87297729433112
0 COSMOS 2251 DEB
1 34721U 93036YP  17258.19261840  .00000428  00000-0  30937-3 0  9991
2 34721  73.9260  87.7497 0236510 264.7026 213.3121 13.87298523433249
0 COSMOS 2251 DEB
1 34721U 93036YP  17259.55193168  .00000401  00000-0  29062-3 0  9997
2 34721  73.9256  85.4287 0236438 262.1035 162.1048 13.87299280433438
0 COSMOS 2251 DEB
1 34721U 93036YP  17260.48213101 +.00000409 +00000-0 +29613-3 0  9991
2 34721 073.9256 083.8407 0236440 260.3254 127.7859 13.87300049433567
0 COSMOS 2251 DEB
1 34721U 93036YP  17261.49161372  .00000380  00000-0  27634-3 0  9994
2 34721  73.9257  82.1171 0236472 258.3946 129.4336 13.87300638433707
0 COSMOS 2251 DEB
1 34721U 93036YP  17265.91605194  .00000300  00000-0  22205-3 0  9991
2 34721  73.9261  74.5636 0236620 249.9686 266.3391 13.87302999434317
0 COSMOS 2251 DEB
1 34721U 93036YP  17265.91605194 +.00000300 +00000-0 +22205-3 0  9991
2 34721 073.9261 074.5636 0236620 249.9686 266.3391 13.87302999434317
0 COSMOS 2251 DEB
1 34721U 93036YP  17267.93614248  .00000324  00000-0  23799-3 0  9990
2 34721  73.9264  71.1144 0236729 246.1214 275.2596 13.87304133434591
0 COSMOS 2251 DEB
1 34721U 93036YP  17267.93614248 +.00000324 +00000-0 +23799-3 0  9990
2 34721 073.9264 071.1144 0236729 246.1214 275.2596 13.87304133434591
0 COSMOS 2251 DEB
1 34721U 93036YP  17269.15370579  .00000385  00000-0  27981-3 0  9996
2 34721  73.9265  69.0359 0236803 243.8085 236.1251 13.87305187434762
0 COSMOS 2251 DEB
1 34721U 93036YP  17269.88208248 +.00000429 +00000-0 +30924-3 0  9999
2 34721 073.9267 067.7924 0236868 242.4207 273.8558 13.87305834434867
0 COSMOS 2251 DEB
1 34721U 93036YP  17270.43331225  .00000469  00000-0  33642-3 0  9998
2 34721  73.9267  66.8514 0236933 241.3683 146.8644 13.87306354434932
0 COSMOS 2251 DEB
1 34721U 93036YP  17270.89154598 +.00000501 +00000-0 +35866-3 0  9991
2 34721 073.9267 066.0689 0236942 240.5021 275.4161 13.87306881435001
0 COSMOS 2251 DEB
1 34721U 93036YP  17271.89607201  .00000544  00000-0  38775-3 0  9995
2 34721  73.9270  64.3540 0236988 238.5958 252.3187 13.87307934435145
0 COSMOS 2251 DEB
1 34721U 93036YP  17272.11087187 +.00000550 +00000-0 +39180-3 0  9994
2 34721 073.9270 063.9874 0237006 238.1909 245.0910 13.87308161435173
0 COSMOS 2251 DEB
1 34721U 93036YP  17275.86693885  .00000599  00000-0  42446-3 0  9999
2 34721  73.9274  57.5752 0237286 231.0881 284.0273 13.87312559435690
0 COSMOS 2251 DEB
1 34721U 93036YP  17277.79732736 +.00000557 +00000-0 +39614-3 0  9999
2 34721 073.9277 054.2800 0237304 227.4489 204.9819 13.87314602435963
0 COSMOS 2251 DEB
1 34721U 93036YP  17278.82354904  .00000566  00000-0  40216-3 0  9991
2 34721  73.9280  52.5281 0237300 225.5117 290.2597 13.87315957436106
0 COSMOS 2251 DEB
1 34721U 93036YP  17278.82354904 +.00000566 +00000-0 +40216-3 0  9991
2 34721 073.9280 052.5281 0237300 225.5117 290.2597 13.87315957436106
0 COSMOS 2251 DEB
1 34721U 93036YP  17281.05265311  .00000586  00000-0  41525-3 0  9999
2 34721  73.9282  48.7227 0237406 221.3119 263.1240 13.87318822436410
0 COSMOS 2251 DEB
1 34721U 93036YP  17282.69941066  .00000583  00000-0  41306-3 0  9992
2 34721  73.9282  45.9114 0237519 218.2156 207.5710 13.87320891436643
0 COSMOS 2251 DEB
1 34721U 93036YP  17283.79354126  .00000592  00000-0  41924-3 0  9995
2 34721  73.9284  44.0437 0237551 216.1588 272.0242 13.87322343436792
0 COSMOS 2251 DEB
1 34721U 93036YP  17284.35082422 +.00000581 +00000-0 +41179-3 0  9995
2 34721 073.9283 043.0922 0237572 215.1079 175.2855 13.87322941436873
0 COSMOS 2251 DEB
1 34721U 93036YP  17284.71930940 +.00000571 +00000-0 +40480-3 0  9995
2 34721 073.9284 042.4632 0237580 214.4158 215.6241 13.87323301436929
0 COSMOS 2251 DEB
1 34721U 93036YP  17285.01848529  .00000584  00000-0  41377-3 0  9990
2 34721  73.9283  41.9523 0237594 213.8497 269.8156 13.87323829436960
0 COSMOS 2251 DEB
1 34721U 93036YP  17287.30750903  .00000587  00000-0  41526-3 0  9991
2 34721  73.9285  38.0448 0237660 209.5481 181.9938 13.87326882437273
0 COSMOS 2251 DEB
1 34721U 93036YP  17288.31698459  .00000567  00000-0  40225-3 0  9993
2 34721  73.9286  36.3218 0237676 207.6563 183.6680 13.87328155437411
0 COSMOS 2251 DEB
1 34721U 93036YP  17288.77507359 +.00000567 +00000-0 +40173-3 0  9993
2 34721 073.9286 035.5397 0237682 206.7960 311.5282 13.87328755437481
0 COSMOS 2251 DEB
1 34721U 93036YP  17290.63129809 +.00000534 +00000-0 +37956-3 0  9990
2 34721 073.9287 032.3711 0237695 203.3130 222.1831 13.87331066437748
0 COSMOS 2251 DEB
1 34721U 93036YP  17290.72092182  .00000542  00000-0  38449-3 0  9990
2 34721  73.9288  32.2181 0237679 203.1419 309.8000 13.87331262437759
0 COSMOS 2251 DEB
1 34721U 93036YP  17291.27324208 +.00000517 +00000-0 +36811-3 0  9991
2 34721 073.9288 031.2754 0237677 202.1072 188.2882 13.87331876437833
0 COSMOS 2251 DEB
1 34721U 93036YP  17292.65117050  .00000516  00000-0  36740-3 0  9999
2 34721  73.9288  28.9232 0237669 199.5192 230.1772 13.87333646438024
0 COSMOS 2251 DEB
1 34721U 93036YP  17293.95966615  .00000530  00000-0  37645-3 0  9993
2 34721  73.9288  26.6897 0237659 197.0557 285.3077 13.87335410438204
0 COSMOS 2251 DEB
1 34721U 93036YP  17294.59718931 +.00000548 +00000-0 +38867-3 0  9996
2 34721 073.9289 025.6015 0237640 195.8598 229.3411 13.87336285438297
0 COSMOS 2251 DEB
1 34721U 93036YP  17295.23919698  .00000555  00000-0  39345-3 0  9991
2 34721  73.9291  24.5057 0237605 194.6532 195.7767 13.87337186438370
0 COSMOS 2251 DEB
1 34721U 93036YP  17295.60714271 +.00000559 +00000-0 +39640-3 0  9994
2 34721 073.9290 023.8776 0237618 193.9603 233.4431 13.87337663438439
0 COSMOS 2251 DEB
1 34721U 93036YP  17295.69681677 +.00000569 +00000-0 +40279-3 0  9997
2 34721 073.9289 023.7244 0237629 193.7875 321.3155 13.87337860438447
0 COSMOS 2251 DEB
1 34721U 93036YP  17296.24915435  .00000587  00000-0  41544-3 0  9997
2 34721  73.9288  22.7815 0237612 192.7496 199.9062 13.87338678438522
0 COSMOS 2251 DEB
1 34721U 93036YP  17296.70638557 +.00000581 +00000-0 +41128-3 0  9997
2 34721 073.9288 022.0010 0237596 191.8917 323.4982 13.87339205438589
0 COSMOS 2251 DEB
1 34721U 93036YP  17298.19582991  .00000616  00000-0  43502-3 0  9999
2 34721  73.9288  19.4584 0237529 189.0928 202.3794 13.87341396438795
0 COSMOS 2251 DEB
1 34721U 93036YP  17299.20508735  .00000631  00000-0  44489-3 0  9998
2 34721  73.9287  17.7356 0237482 187.1959 203.0246 13.87343019438933
0 COSMOS 2251 DEB
1 34721U 93036YP  17304.18080035  .00000487  00000-0  34741-3 0  9999
2 34721  73.9286   9.2420 0237157 177.8242 213.8604 13.87349278439627
0 COSMOS 2251 DEB
1 34721U 93036YP  17305.19074767  .00000478  00000-0  34100-3 0  9995
2 34721  73.9285   7.5180 0237078 175.9178 217.9862 13.87350517439763
0 COSMOS 2251 DEB
1 34721U 93036YP  17306.49452927  .00000487  00000-0  34681-3 0  9991
2 34721  73.9284   5.2922 0236982 173.4500 249.6653 13.87352195439940
0 COSMOS 2251 DEB
1 34721U 93036YP  17306.49452927 +.00000487 +00000-0 +34681-3 0  9991
2 34721 073.9284 005.2922 0236982 173.4500 249.6653 13.87352195439940
0 COSMOS 2251 DEB
1 34721U 93036YP  17306.86664531 +.00000481 +00000-0 +34270-3 0  9996
2 34721 073.9283 004.6569 0236952 172.7452 308.1838 13.87352621439999
0 COSMOS 2251 DEB
1 34721U 93036YP  17307.13691564 +.00000478 +00000-0 +34064-3 0  9990
2 34721 073.9283 004.1955 0236929 172.2346 218.0371 13.87352939440034
0 COSMOS 2251 DEB
1 34721U 93036YP  17308.14668483  .00000488  00000-0  34758-3 0  9997
2 34721  73.9281   2.4715 0236851 170.3272 221.2885 13.87354236440171
0 COSMOS 2251 DEB
1 34721U 93036YP  17309.15639734  .00000506  00000-0  35973-3 0  9997
2 34721  73.9281   0.7479 0236756 168.4201 224.2618 13.87355633440318
0 COSMOS 2251 DEB
1 34721U 93036YP  17310.46017626  .00000514  00000-0  36555-3 0  9999
2 34721  73.9280 358.5221 0236643 165.9511 255.9494 13.87357140440494
0 COSMOS 2251 DEB
1 34721U 93036YP  17311.18083348 +.00000479 +00000-0 +34194-3 0  9990
2 34721 073.9280 357.2921 0236569 164.5846 255.2581 13.87357897440590
0 COSMOS 2251 DEB
1 34721U 93036YP  17312.11252569  .00000537  00000-0  38099-3 0  9990
2 34721  73.9279 355.7016 0236465 162.8202 228.5772 13.87359328440729
0 COSMOS 2251 DEB
1 34721U 93036YP  17313.12229137  .00000601  00000-0  42479-3 0  9996
2 34721  73.9278 353.9777 0236362 160.9052 231.8419 13.87361016440867
0 COSMOS 2251 DEB
1 34721U 93036YP  17314.13188420  .00000533  00000-0  37851-3 0  9999
2 34721  73.9278 352.2545 0236292 158.9826 234.2535 13.87361825441001
0 COSMOS 2251 DEB
1 34721U 93036YP  17314.50023444 +.00000549 +00000-0 +38969-3 0  9992
2 34721 073.9277 351.6256 0236289 158.2786 273.9826 13.87362309441052
0 COSMOS 2251 DEB
1 34721U 93036YP  17315.50997983  .00000521  00000-0  37012-3 0  9999
2 34721  73.9274 349.9014 0236207 156.3565 277.1622 13.87363361441199
0 COSMOS 2251 DEB
1 34721U 93036YP  17315.80749139 +.00000527 +00000-0 +37429-3 0  9998
2 34721 073.9276 349.3937 0236208 155.7850 323.0923 13.87363797441233
0 COSMOS 2251 DEB
1 34721U 93036YP  17316.53517178  .00000516  00000-0  36717-3 0  9992
2 34721  73.9275 348.1514 0236134 154.4016 357.4977 13.87364588441338
0 COSMOS 2251 DEB
1 34721U 93036YP  17317.45639098 +.00000526 +00000-0 +37352-3 0  9997
2 34721 073.9274 346.5787 0236040 152.6495 278.5396 13.87365784441469
0 COSMOS 2251 DEB
1 34721U 93036YP  17320.04413468  .00000569  00000-0  40313-3 0  9995
2 34721  73.9272 342.1607 0235823 147.7095 243.0974 13.87369130441816
0 COSMOS 2251 DEB
1 34721U 93036YP  17321.05402378  .00000547  00000-0  38811-3 0  9991
2 34721  73.9271 340.4367 0235732 145.7801 247.0272 13.87370300441952
0 COSMOS 2251 DEB
1 34721U 93036YP  17321.51056458 +.00000597 +00000-0 +42222-3 0  9992
2 34721 073.9271 339.6573 0235685 144.9091 007.2386 13.87371171442028
0 COSMOS 2251 DEB
1 34721U 93036YP  17322.43169278  .00000608  00000-0  42947-3 0  9996
2 34721  73.9270 338.0847 0235621 143.1487 287.8558 13.87372444442159
0 COSMOS 2251 DEB
1 34721U 93036YP  17323.36715455 +.00000641 +00000-0 +45242-3 0  9991
2 34721 073.9269 336.4876 0235536 141.3609 280.0666 13.87373848442280
0 COSMOS 2251 DEB
1 34721U 93036YP  17323.73966528  .00000650  00000-0  45843-3 0  9998
2 34721  73.9268 335.8513 0235588 140.6477 340.5948 13.87374500442339
0 COSMOS 2251 DEB
1 34721U 93036YP  17324.37753535 +.00000648 +00000-0 +45715-3 0  9996
2 34721 073.9267 334.7621 0235535 139.4265 286.4747 13.87375350442428
0 COSMOS 2251 DEB
1 34721U 93036YP  17325.09742806  .00000602  00000-0  42548-3 0  9996
2 34721  73.9266 333.5330 0235485 138.0470 282.0256 13.87376124442526
0 COSMOS 2251 DEB
1 34721U 93036YP  17325.47100611 +.00000674 +00000-0 +47502-3 0  9994
2 34721 073.9266 332.8952 0235476 137.3343 347.8845 13.87377069442577
0 COSMOS 2251 DEB
1 34721U 93036YP  17327.33310362  .00000670  00000-0  47188-3 0  9993
2 34721  73.9265 329.7160 0235379 133.7685 288.2653 13.87379605442835
0 COSMOS 2251 DEB
1 34721U 93036YP  17328.05385215 +.00000655 +00000-0 +46213-3 0  9993
2 34721 073.9264 328.4853 0235343 132.3849 288.1032 13.87380499442931
0 COSMOS 2251 DEB
1 34721U 93036YP  17328.43225579  .00000665  00000-0  46842-3 0  9990
2 34721  73.9264 327.8392 0235325 131.6588  18.0727 13.87381066442981
0 COSMOS 2251 DEB
1 34721U 93036YP  17329.06320545 +.00000658 +00000-0 +46364-3 0  9990
2 34721 073.9264 326.7621 0235316 130.4535 289.4009 13.87381935443076
0 COSMOS 2251 DEB
1 34721U 93036YP  17329.99514007  .00000691  00000-0  48602-3 0  9994
2 34721  73.9264 325.1711 0235268 128.6654 264.0355 13.87383521443195
0 COSMOS 2251 DEB
1 34721U 93036YP  17330.45185170 +.00000692 +00000-0 +48685-3 0  9994
2 34721 073.9265 324.3913 0235254 127.7934 025.1216 13.87384185443264
0 COSMOS 2251 DEB
1 34721U 93036YP  17331.38381868  .00000734  00000-0  51585-3 0  9999
2 34721  73.9265 322.8003 0235226 126.0059 359.9236 13.87385787443399
0 COSMOS 2251 DEB
1 34721U 93036YP  17332.68010596  .00000713  00000-0  50112-3 0  9992
2 34721  73.9266 320.5871 0235174 123.5156 354.3681 13.87387446443577
0 COSMOS 2251 DEB
1 34721U 93036YP  17333.40745955 +.00000707 +00000-0 +49710-3 0  9992
2 34721 073.9266 319.3452 0235147 122.1197 027.2162 13.87388464443670
0 COSMOS 2251 DEB
1 34721U 93036YP  17334.04073325  .00000666  00000-0  46949-3 0  9993
2 34721  73.9266 318.2640 0235128 120.9040 310.1746 13.87389190443768
0 COSMOS 2251 DEB
1 34721U 93036YP  17334.97080147 +.00000690 +00000-0 +48564-3 0  9997
2 34721 073.9266 316.6760 0235105 119.1176 275.5118 13.87390642443893
0 COSMOS 2251 DEB
1 34721U 93036YP  17335.42902359  .00000673  00000-0  47433-3 0  9991
2 34721  73.9266 315.8938 0235087 118.2359  44.1594 13.87391134443955
0 COSMOS 2251 DEB
1 34721U 93036YP  17336.34845090 +.00000658 +00000-0 +46396-3 0  9991
2 34721 073.9266 314.3240 0235076 116.4736 316.3509 13.87392274444083
0 COSMOS 2251 DEB
1 34721U 93036YP  17336.91679981  .00000644  00000-0  45413-3 0  9992
2 34721  73.9266 313.3536 0235066 115.3813 275.0431 13.87392952444159
0 COSMOS 2251 DEB
1 34721U 93036YP  17336.91679981 +.00000644 +00000-0 +45413-3 0  9992
2 34721 073.9266 313.3536 0235066 115.3813 275.0431 13.87392952444160
0 COSMOS 2251 DEB
1 34721U 93036YP  17337.37317116 +.00000643 +00000-0 +45381-3 0  9995
2 34721 073.9266 312.5743 0235051 114.5038 034.4506 13.87393539444224
0 COSMOS 2251 DEB
1 34721U 93036YP  17337.92684201 +.00000640 +00000-0 +45120-3 0  9996
2 34721 073.9266 311.6291 0235047 113.4438 279.8307 13.87394291444308
0 COSMOS 2251 DEB
1 34721U 93036YP  17338.00608986  .00000642  00000-0  45273-3 0  9993
2 34721  73.9266 311.4938 0235048 113.2933 315.6435 13.87394435444304
0 COSMOS 2251 DEB
1 34721U 93036YP  17340.32970646  .00000647  00000-0  45616-3 0  9992
2 34721  73.9267 307.5265 0235024 108.8319  41.2706 13.87397336444638
0 COSMOS 2251 DEB
1 34721U 93036YP  17340.61214299 +.00000642 +00000-0 +45305-3 0  9999
2 34721 073.9267 307.0444 0235018 108.2872 011.9425 13.87397632444678
0 COSMOS 2251 DEB
1 34721U 93036YP  17340.96024479 +.00000640 +00000-0 +45124-3 0  9993
2 34721 073.9267 306.4501 0235034 107.6169 310.5899 13.87398049444727
0 COSMOS 2251 DEB
1 34721U 93036YP  17341.33887375  .00000637  00000-0  44946-3 0  9994
2 34721  73.9268 305.8037 0235025 106.8919  41.7063 13.87398490444770
0 COSMOS 2251 DEB
1 34721U 93036YP  17341.96983090 +.00000673 +00000-0 +47406-3 0  9998
2 34721 073.9269 304.7264 0235018 105.6832 313.1159 13.87399601444861
0 COSMOS 2251 DEB
1 34721U 93036YP  17342.34326545  .00000669  00000-0  47145-3 0  9992
2 34721  73.9269 304.0889 0235012 104.9646  18.2939 13.87400062444915
0 COSMOS 2251 DEB
1 34721U 93036YP  17343.36027355  .00000671  00000-0  47252-3 0  9994
2 34721  73.9270 302.3525 0235014 103.0121  57.9007 13.87401398445050
0 COSMOS 2251 DEB
1 34721U 93036YP  17344.57791816 +.00000680 +00000-0 +47880-3 0  9995
2 34721 073.9271 300.2735 0235025 100.6705 019.6283 13.87403065445227
0 COSMOS 2251 DEB
1 34721U 93036YP  17344.84873521 +.00000676 +00000-0 +47630-3 0  9997
2 34721 073.9271 299.8112 0235020 100.1565 292.2635 13.87403431445253
0 COSMOS 2251 DEB
1 34721U 93036YP  17345.30461644 +.00000675 +00000-0 +47539-3 0  9995
2 34721 073.9271 299.0329 0235023 099.2827 049.2373 13.87404030445320
0 COSMOS 2251 DEB
1 34721U 93036YP  17346.31426372  .00000675  00000-0  47505-3 0  9999
2 34721  73.9271 297.3091 0235039  97.3433  52.0961 13.87405499445466
0 COSMOS 2251 DEB
1 34721U 93036YP  17348.54410970  .00000680  00000-0  47880-3 0  9995
2 34721  73.9272 293.5023 0235092  93.0605  29.4679 13.87408756445770
0 COSMOS 2251 DEB
1 34721U 93036YP  17348.54410970 +.00000680 +00000-0 +47880-3 0  9995
2 34721 073.9272 293.5023 0235092 093.0605 029.4679 13.87408756445770
0 COSMOS 2251 DEB
1 34721U 93036YP  17348.89157330 +.00000670 +00000-0 +47188-3 0  9991
2 34721 073.9273 292.9091 0235061 092.4059 324.9283 13.87409225445823
0 COSMOS 2251 DEB
1 34721U 93036YP  17349.18140109 +.00000667 +00000-0 +46971-3 0  9995
2 34721 073.9274 292.4143 0235060 091.8500 332.5274 13.87409599445863
0 COSMOS 2251 DEB
1 34721U 93036YP  17349.90350274  .00000665  00000-0  46848-3 0  9992
2 34721  73.9274 291.1815 0235076  90.4643 339.2021 13.87410662445963
0 COSMOS 2251 DEB
1 34721U 93036YP  17349.90350274 +.00000665 +00000-0 +46848-3 0  9992
2 34721 073.9274 291.1815 0235076 090.4643 339.2021 13.87410662445963
0 COSMOS 2251 DEB
1 34721U 93036YP  17350.27979449 +.00000685 +00000-0 +48216-3 0  9998
2 34721 073.9274 290.5391 0235089 089.7382 058.6685 13.87411324446011
0 COSMOS 2251 DEB
1 34721U 93036YP  17350.83355858 +.00000684 +00000-0 +48132-3 0  9998
2 34721 073.9274 289.5937 0235100 088.6768 304.5510 13.87412163446095
0 COSMOS 2251 DEB
1 34721U 93036YP  17352.50908742  .00000768  00000-0  53832-3 0  9996
2 34721  73.9275 286.7332 0235138  85.4656  33.3172 13.87415140446321
0 COSMOS 2251 DEB
1 34721U 93036YP  17353.51882237  .00000750  00000-0  52593-3 0  9992
2 34721  73.9276 285.0095 0235162  83.5302  36.6478 13.87416496446469
0 COSMOS 2251 DEB
1 34721U 93036YP  17353.78977685 +.00000750 +00000-0 +52603-3 0  9995
2 34721 073.9276 284.5468 0235186 083.0071 309.9908 13.87416902446502
0 COSMOS 2251 DEB
1 34721U 93036YP  17354.24586892 +.00000754 +00000-0 +52903-3 0  9990
2 34721 073.9276 283.7682 0235198 082.1320 068.0411 13.87417614446560
0 COSMOS 2251 DEB
1 34721U 93036YP  17354.52827639  .00000739  00000-0  51868-3 0  9990
2 34721  73.9276 283.2860 0235207  81.5903  38.5864 13.87417972446600
0 COSMOS 2251 DEB
1 34721U 93036YP  17354.79915255 +.00000734 +00000-0 +51519-3 0  9999
2 34721 073.9276 282.8236 0235220 081.0701 311.5371 13.87418364446645
0 COSMOS 2251 DEB
1 34721U 93036YP  17356.47457469  .00000741  00000-0  51995-3 0  9990
2 34721  73.9275 279.9630 0235315  77.8583  39.8071 13.87420970446873
0 COSMOS 2251 DEB
1 34721U 93036YP  17357.48439992  .00000738  00000-0  51768-3 0  9997
2 34721  73.9275 278.2390 0235378  75.9223  43.6113 13.87422467447017
0 COSMOS 2251 DEB
1 34721U 93036YP  17358.21118675 +.00000750 +00000-0 +52603-3 0  9994
2 34721 073.9275 276.9984 0235518 074.5205 073.7261 13.87423624447117
0 COSMOS 2251 DEB
1 34721U 93036YP  17358.76497686  .00000764  00000-0  53568-3 0  9992
2 34721  73.9275 276.0529 0235567  73.4575 319.7649 13.87424629447192
0 COSMOS 2251 DEB
1 34721U 93036YP  17359.77432403  .00000766  00000-0  53673-3 0  9999
2 34721  73.9274 274.3298 0235638  71.5215 321.1966 13.87426275447338
0 COSMOS 2251 DEB
1 34721U 93036YP  17360.23090854 +.00000757 +00000-0 +53041-3 0  9991
2 34721 073.9274 273.5503 0235666 070.6462 081.7208 13.87426915447398
0 COSMOS 2251 DEB
1 34721U 93036YP  17361.45012938  .00000764  00000-0  53497-3 0  9996
2 34721  73.9273 271.4689 0235799  68.3100  51.4246 13.87428793447560
0 COSMOS 2251 DEB
1 34721U 93036YP  17362.45856661  .00000730  00000-0  51215-3 0  9995
2 34721  73.9272 269.7473 0235877  66.3797  48.3211 13.87430146447705
0 COSMOS 2251 DEB
1 34721U 93036YP  17362.80750425 +.00000716 +00000-0 +50212-3 0  9995
2 34721 073.9271 269.1516 0235947 065.7097 351.1819 13.87430614447754
0 COSMOS 2251 DEB
1 34721U 93036YP  17363.73998992  .00000678  00000-0  47674-3 0  9996
2 34721  73.9270 267.5596 0236022  63.9243 328.7261 13.87431820447886
0 COSMOS 2251 DEB
1 34721U 93036YP  17365.20063927  .00000711  00000-0  49862-3 0  9990
2 34721  73.9269 265.0658 0236147  61.1338  64.3258 13.87434122448089
0 COSMOS 2251 DEB
1 34721U 93036YP  18001.42434439  .00000708  00000-0  49674-3 0  9999
2 34721  73.9269 262.9767 0236251  58.7950  56.4527 13.87435803448251
0 COSMOS 2251 DEB
1 34721U 93036YP  18001.77308413 +.00000700 +00000-0 +49119-3 0  9995
2 34721 073.9269 262.3812 0236300 058.1298 358.3279 13.87436266448308
0 COSMOS 2251 DEB
1 34721U 93036YP  18002.70553588  .00000678  00000-0  47590-3 0  9999
2 34721  73.9268 260.7893 0236377  56.3479 335.7183 13.87437500448432
0 COSMOS 2251 DEB
1 34721U 93036YP  18005.09231546  .00000645  00000-0  45339-3 0  9994
2 34721  73.9267 256.7144 0236606  51.7946  17.1651 13.87440583448760
0 COSMOS 2251 DEB
1 34721U 93036YP  18005.73862965 +.00000649 +00000-0 +45629-3 0  9996
2 34721 073.9266 255.6109 0236652 050.5623 005.3697 13.87441576448850
0 COSMOS 2251 DEB
1 34721U 93036YP  18006.39876338  .00000641  00000-0  45072-3 0  9992
2 34721  73.9266 254.4839 0236722  49.3043  62.6010 13.87442498448946
0 COSMOS 2251 DEB
1 34721U 93036YP  18006.67128771 +.00000627 +00000-0 +44102-3 0  9991
2 34721 073.9266 254.0187 0236743 048.7860 343.8030 13.87442819448988
0 COSMOS 2251 DEB
1 34721U 93036YP  18007.03880880 +.00000603 +00000-0 +42497-3 0  9997
2 34721 073.9266 253.3912 0236774 048.0866 019.4948 13.87443181449033
0 COSMOS 2251 DEB
1 34721U 93036YP  18007.75888153  .00000571  00000-0  40353-3 0  9990
2 34721  73.9265 252.1618 0236838  46.7141  16.1130 13.87443996449136
0 COSMOS 2251 DEB
1 34721U 93036YP  18008.34670432 +.00000584 +00000-0 +41187-3 0  9995
2 34721 073.9264 251.1581 0236891 045.5972 072.1680 13.87444819449217
0 COSMOS 2251 DEB
1 34721U 93036YP  18008.69633122 +.00000580 +00000-0 +40919-3 0  9996
2 34721 073.9264 250.5611 0236925 044.9336 018.4826 13.87445229449265
0 COSMOS 2251 DEB
1 34721U 93036YP  18009.05776830  .00000584  00000-0  41189-3 0  9995
2 34721  73.9263 249.9441 0236954  44.2453  23.7897 13.87445683449319
0 COSMOS 2251 DEB
1 34721U 93036YP  18009.35636751 +.00000585 +00000-0 +41251-3 0  9996
2 34721 073.9263 249.4343 0236983 043.6781 075.2334 13.87446082449350
0 COSMOS 2251 DEB
1 34721U 93036YP  18010.63665418 +.00000551 +00000-0 +38971-3 0  9999
2 34721 073.9261 247.2484 0237090 041.2412 350.0183 13.87447510449538
0 COSMOS 2251 DEB
1 34721U 93036YP  18011.00491993 +.00000546 +00000-0 +38621-3 0  9992
2 34721 073.9261 246.6196 0237117 040.5400 029.4363 13.87447921449588
0 COSMOS 2251 DEB
1 34721U 93036YP  18012.10283661  .00000534  00000-0  37778-3 0  9994
2 34721  73.9260 244.7450 0237211  38.4510 113.3250 13.87449182449738
0 COSMOS 2251 DEB
1 34721U 93036YP  18013.67357413  .00000528  00000-0  37407-3 0  9996
2 34721  73.9259 242.0630 0237342  35.4704  38.8653 13.87450924449952
0 COSMOS 2251 DEB
1 34721U 93036YP  18014.96970000 +.00000502 +00000-0 +35652-3 0  9994
2 34721 073.9258 239.8500 0237440 033.0048 032.7853 13.87452273450131
0 COSMOS 2251 DEB
1 34721U 93036YP  18015.61166959 +.00000478 +00000-0 +33979-3 0  9999
2 34721 073.9257 238.7540 0237502 031.7854 359.3112 13.87452920450226
0 COSMOS 2251 DEB
1 34721U 93036YP  18016.06835122  .00000463  00000-0  32963-3 0  9990
2 34721  73.9257 237.9742 0237532  30.9172 120.3573 13.87453322450288
0 COSMOS 2251 DEB
1 34721U 93036YP  18016.27752753 +.00000447 +00000-0 +31866-3 0  9994
2 34721 073.9256 237.6170 0237549 030.5207 085.1557 13.87453433450319
0 COSMOS 2251 DEB
1 34721U 93036YP  18016.98876368 +.00000431 +00000-0 +30769-3 0  9995
2 34721 073.9256 236.4026 0237598 029.1699 037.6578 13.87454024450412
0 COSMOS 2251 DEB
1 34721U 93036YP  18017.99857734  .00000406  00000-0  29082-3 0  9991
2 34721  73.9255 234.6783 0237663  27.2509  41.5067 13.87454815450553
0 COSMOS 2251 DEB
1 34721U 93036YP  18018.56731437 +.00000395 +00000-0 +28364-3 0  9995
2 34721 073.9254 233.7072 0237702 026.1700 002.2538 13.87455299450631
0 COSMOS 2251 DEB
1 34721U 93036YP  18019.30657703 +.00000378 +00000-0 +27242-3 0  9996
2 34721 073.9254 232.4450 0237762 024.7643 094.7501 13.87455887450733
0 COSMOS 2251 DEB
1 34721U 93036YP  18020.58650678  .00000351  00000-0  25388-3 0  9992
2 34721  73.9252 230.2595 0237838  22.3330   7.7915 13.87456813450911
0 COSMOS 2251 DEB
1 34721U 93036YP  18020.58650678 +.00000351 +00000-0 +25388-3 0  9992
2 34721 073.9252 230.2595 0237838 022.3330 007.7915 13.87456813450911
0 COSMOS 2251 DEB
1 34721U 93036YP  18022.26223559  .00000371  00000-0  26717-3 0  9992
2 34721  73.9251 227.3982 0237938  19.1462  97.7945 13.87458123451142
0 COSMOS 2251 DEB
1 34721U 93036YP  18023.61984852 +.00000349 +00000-0 +25246-3 0  9993
2 34721 073.9250 225.0800 0238012 016.5633 038.8652 13.87459058451330
0 COSMOS 2251 DEB
1 34721U 93036YP  18023.90943466  .00000337  00000-0  24461-3 0  9996
2 34721  73.9250 224.5855 0238012  16.0104  45.3063 13.87459166451375
0 COSMOS 2251 DEB
1 34721U 93036YP  18026.57588042 +.00000381 +00000-0 +27391-3 0  9991
2 34721 073.9249 220.0323 0238138 010.9324 043.8203 13.87461368451747
0 COSMOS 2251 DEB
1 34721U 93036YP  18027.50816682  .00000382  00000-0  27467-3 0  9994
2 34721  73.9250 218.4403 0238199   9.1549  20.4639 13.87462130451871
0 COSMOS 2251 DEB
1 34721U 93036YP  18027.58525830 +.00000376 +00000-0 +27054-3 0  9999
2 34721 073.9250 218.3087 0238198 009.0081 045.5252 13.87462159451888
0 COSMOS 2251 DEB
1 34721U 93036YP  18028.51768976  .00000359  00000-0  25911-3 0  9994
2 34721  73.9251 216.7164 0238241   7.2285  22.8979 13.87462821452018
0 COSMOS 2251 DEB
1 34721U 93036YP  18029.53375072  .00000357  00000-0  25771-3 0  9990
2 34721  73.9251 214.9815 0238265   5.2894  57.9918 13.87463592452154
0 COSMOS 2251 DEB
1 34721U 93036YP  18030.19369304 +.00000354 +00000-0 +25570-3 0  9999
2 34721 073.9253 213.8546 0238317 004.0292 114.3206 13.87464057452247
0 COSMOS 2251 DEB
1 34721U 93036YP  18031.20301337  .00000347  00000-0  25144-3 0  9993
2 34721  73.9253 212.1312 0238340   2.1028 115.7502 13.87464799452384
0 COSMOS 2251 DEB
1 34721U 93036YP  18032.21271042  .00000325  00000-0  23639-3 0  9997
2 34721  73.9253 210.4071 0238375   0.1734 119.0665 13.87465481452529
0 COSMOS 2251 DEB
1 34721U 93036YP  18032.56040288 +.00000323 +00000-0 +23497-3 0  9991
2 34721 073.9252 209.8133 0238379 359.5067 055.7524 13.87465779452578
0 COSMOS 2251 DEB
1 34721U 93036YP  18034.15901712  .00000323  00000-0  23524-3 0  9997
2 34721  73.9254 207.0837 0238467 356.4383 120.6589 13.87466843452796
0 COSMOS 2251 DEB
1 34721U 93036YP  18035.16838288 +.00000346 +00000-0 +25048-3 0  9994
2 34721 073.9254 205.3601 0238512 354.5030 122.3341 13.87467629452939
0 COSMOS 2251 DEB
1 34721U 93036YP  18035.89674464 +.00000356 +00000-0 +25744-3 0  9992
2 34721 073.9254 204.1162 0238545 353.1038 160.4283 13.87468184453034
0 COSMOS 2251 DEB
1 34721U 93036YP  18036.17686553  .00000360  00000-0  26037-3 0  9997
2 34721  73.9254 203.6380 0238561 352.5625 119.6080 13.87468433453075
0 COSMOS 2251 DEB
1 34721U 93036YP  18036.44856932 +.00000362 +00000-0 +26127-3 0  9999
2 34721 073.9254 203.1741 0238568 352.0382 036.7443 13.87468649453119
0 COSMOS 2251 DEB
1 34721U 93036YP  18036.90571997 +.00000366 +00000-0 +26435-3 0  9991
2 34721 073.9254 202.3935 0238588 351.1596 160.1680 13.87468972453174
0 COSMOS 2251 DEB
1 34721U 93036YP  18037.45809084  .00000376  00000-0  27127-3 0  9993
2 34721  73.9254 201.4504 0238606 350.0856  39.2210 13.87469429453256
0 COSMOS 2251 DEB
1 34721U 93036YP  18037.91568734 +.00000380 +00000-0 +27387-3 0  9991
2 34721 073.9254 200.6691 0238628 349.1993 164.8795 13.87469727453310
0 COSMOS 2251 DEB
1 34721U 93036YP  18038.12444623 +.00000383 +00000-0 +27595-3 0  9999
2 34721 073.9255 200.3125 0238628 348.8155 127.5932 13.87469896453345
0 COSMOS 2251 DEB
1 34721U 93036YP  18039.77121619  .00000427  00000-0  30555-3 0  9997
2 34721  73.9262 197.5003 0238704 345.6388  73.0733 13.87471322453579
0 COSMOS 2251 DEB
1 34721U 93036YP  18040.49134840 +.00000414 +00000-0 +29680-3 0  9991
2 34721 073.9261 196.2707 0238751 344.2479 070.0778 13.87471807453678
0 COSMOS 2251 DEB
1 34721U 93036YP  18040.78140111  .00000402  00000-0  28854-3 0  9990
2 34721  73.9261 195.7754 0238773 343.6883  78.8678 13.87471907453711
0 COSMOS 2251 DEB
1 34721U 93036YP  18041.42357316 +.00000402 +00000-0 +28851-3 0  9996
2 34721 073.9262 194.6789 0238824 342.4503 046.4667 13.87472409453808
0 COSMOS 2251 DEB
1 34721U 93036YP  18042.43296990  .00000401  00000-0  28806-3 0  9997
2 34721  73.9264 192.9554 0238885 340.5120  48.3175 13.87473069453945
0 COSMOS 2251 DEB
1 34721U 93036YP  18042.80094076 +.00000395 +00000-0 +28384-3 0  9992
2 34721 073.9262 192.3271 0238910 339.7952 086.3106 13.87473180453990
0 COSMOS 2251 DEB
1 34721U 93036YP  18043.10032701 +.00000396 +00000-0 +28445-3 0  9992
2 34721 073.9262 191.8158 0238903 339.2249 141.7166 13.87473434454034
0 COSMOS 2251 DEB
1 34721U 93036YP  18044.45696021  .00000394  00000-0  28306-3 0  9996
2 34721  73.9263 189.4993 0238986 336.6163  77.9930 13.87474315454221
0 COSMOS 2251 DEB
1 34721U 93036YP  18044.74687708 +.00000384 +00000-0 +27650-3 0  9990
2 34721 073.9263 189.0043 0239009 336.0568 086.1068 13.87474383454266
0 COSMOS 2251 DEB
1 34721U 93036YP  18045.46656872 +.00000359 +00000-0 +25940-3 0  9990
2 34721 073.9264 187.7756 0239074 334.6706 080.9135 13.87474681454362
0 COSMOS 2251 DEB
1 34721U 93036YP  18045.84739110 +.00000371 +00000-0 +26741-3 0  9993
2 34721 073.9264 187.1252 0239105 333.9387 183.0933 13.87475001454413
0 COSMOS 2251 DEB
1 34721U 93036YP  18046.39845447 +.00000366 +00000-0 +26411-3 0  9993
2 34721 073.9263 186.1841 0239138 332.8787 055.6145 13.87475282454491
0 COSMOS 2251 DEB
1 34721U 93036YP  18046.76615950 +.00000368 +00000-0 +26550-3 0  9994
2 34721 073.9264 185.5563 0239171 332.1706 092.2748 13.87475445454540
0 COSMOS 2251 DEB
1 34721U 93036YP  18047.06529113 +.00000383 +00000-0 +27584-3 0  9998
2 34721 073.9264 185.0455 0239195 331.5962 146.4153 13.87475718454587
0 COSMOS 2251 DEB
1 34721U 93036YP  18048.07515225  .00000392  00000-0  28180-3 0  9992
2 34721  73.9264 183.3211 0239279 329.6536 150.6008 13.87476343454723
0 COSMOS 2251 DEB
1 34721U 93036YP  18049.35446219  .00000403  00000-0  28949-3 0  9996
2 34721  73.9264 181.1368 0239399 327.1916  60.6705 13.87477310454897
0 COSMOS 2251 DEB
1 34721U 93036YP  18050.36398263  .00000409  00000-0  29343-3 0  9999
2 34721  73.9265 179.4129 0239500 325.2492  63.1612 13.87478010455035
0 COSMOS 2251 DEB
1 34721U 93036YP  18053.32015912  .00000432  00000-0  30858-3 0  9994
2 34721  73.9266 174.3649 0239817 319.5619  69.0937 13.87480407455448
0 COSMOS 2251 DEB
1 34721U 93036YP  18053.76112451 +.00000409 +00000-0 +29347-3 0  9993
2 34721 073.9267 173.6120 0239871 318.7162 111.6884 13.87480557455518
0 COSMOS 2251 DEB
1 34721U 93036YP  18057.28514260  .00000421  00000-0  30082-3 0  9990
2 34721  73.9268 167.5946 0240261 311.9546  73.9761 13.87483504455994
0 COSMOS 2251 DEB
1 34721U 93036YP  18058.29494031 +.00000404 +00000-0 +28979-3 0  9998
2 34721 073.9267 165.8702 0240395 310.0158 077.8709 13.87484241456132
0 COSMOS 2251 DEB
1 34721U 93036YP  18060.24088917  .00000443  00000-0  31572-3 0  9994
2 34721  73.9266 162.5470 0240632 306.2889  77.7996 13.87486013456405
0 COSMOS 2251 DEB
1 34721U 93036YP  18060.70006383 +.00000439 +00000-0 +31301-3 0  9997
2 34721 073.9266 161.7628 0240706 305.4077 211.3590 13.87486284456476
0 COSMOS 2251 DEB
1 34721U 93036YP  18061.70876139 +.00000439 +00000-0 +31324-3 0  9997
2 34721 073.9265 160.0403 0240836 303.4763 209.7638 13.87487125456617
0 COSMOS 2251 DEB
1 34721U 93036YP  18062.26110260 +.00000463 +00000-0 +32897-3 0  9998
2 34721 073.9265 159.0970 0240907 302.4195 088.6887 13.87487828456699
0 COSMOS 2251 DEB
1 34721U 93036YP  18064.57363517  .00000502  00000-0  35529-3 0  9998
2 34721  73.9265 155.1479 0241225 297.9979 119.7121 13.87490157457004
0 COSMOS 2251 DEB
1 34721U 93036YP  18065.58382125 +.00000485 +00000-0 +34370-3 0  9999
2 34721 073.9265 153.4229 0241359 296.0693 125.5612 13.87491090457152
0 COSMOS 2251 DEB
1 34721U 93036YP  18065.67416792  .00000483  00000-0  34225-3 0  9994
2 34721  73.9265 153.2685 0241368 295.8966 216.8405 13.87491169457168
0 COSMOS 2251 DEB
1 34721U 93036YP  18066.59398358 +.00000488 +00000-0 +34585-3 0  9997
2 34721 073.9265 151.6978 0241496 294.1416 131.2958 13.87492225457290
0 COSMOS 2251 DEB
1 34721U 93036YP  18066.68499890  .00000487  00000-0  34495-3 0  9999
2 34721  73.9265 151.5424 0241518 293.9683 225.9145 13.87492309457307
0 COSMOS 2251 DEB
1 34721U 93036YP  18067.69401812 +.00000457 +00000-0 +32433-3 0  9995
2 34721 073.9265 149.8194 0241656 292.0447 225.9397 13.87493134457443
0 COSMOS 2251 DEB
1 34721U 93036YP  18068.53901885 +.00000469 +00000-0 +33292-3 0  9991
2 34721 073.9265 148.3764 0241773 290.4342 126.7002 13.87494078457568
0 COSMOS 2251 DEB
1 34721U 93036YP  18069.64126279  .00000472  00000-0  33447-3 0  9996
2 34721  73.9264 146.4940 0241914 288.3352 232.3869 13.87495217457714
0 COSMOS 2251 DEB
1 34721U 93036YP  18069.64126279 +.00000472 +00000-0 +33447-3 0  9996
2 34721 073.9264 146.4940 0241914 288.3352 232.3869 13.87495217457714
0 COSMOS 2251 DEB
1 34721U 93036YP  18070.55899486 +.00000471 +00000-0 +33415-3 0  9999
2 34721 073.9264 144.9267 0242029 286.5901 136.4411 13.87496160457846
0 COSMOS 2251 DEB
1 34721U 93036YP  18070.64931562  .00000465  00000-0  32987-3 0  9997
2 34721  73.9265 144.7726 0242042 286.4181 227.5917 13.87496201457859
0 COSMOS 2251 DEB
1 34721U 93036YP  18071.56893786 +.00000486 +00000-0 +34352-3 0  9995
2 34721 073.9264 143.2021 0242153 284.6692 141.0917 13.87497282457984
0 COSMOS 2251 DEB
1 34721U 93036YP  18072.21063036  .00000506  00000-0  35743-3 0  9993
2 34721  73.9264 142.1063 0242230 283.4507 106.3369 13.87498096458065
0 COSMOS 2251 DEB
1 34721U 93036YP  18074.15680529  .00000498  00000-0  35134-3 0  9994
2 34721  73.9263 138.7826 0242471 279.7562 107.4596 13.87500020458333
0 COSMOS 2251 DEB
1 34721U 93036YP  18075.16632678  .00000492  00000-0  34762-3 0  9998
2 34721  73.9262 137.0585 0242599 277.8416 110.0130 13.87501081458471
0 COSMOS 2251 DEB
1 34721U 93036YP  18078.20020885  .00000471  00000-0  33289-3 0  9997
2 34721  73.9261 131.8772 0242955 272.0936 144.2541 13.87504309458897
0 COSMOS 2251 DEB
1 34721U 93036YP  18079.13154069 +.00000495 +00000-0 +34902-3 0  9991
2 34721 073.9260 130.2866 0243040 270.3316 116.2642 13.87505650459030
0 COSMOS 2251 DEB
1 34721U 93036YP  18083.09711625  .00000328  00000-0  23688-3 0  9992
2 34721  73.9258 123.5137 0243381 262.8371 124.3659 13.87509111459571
0 COSMOS 2251 DEB
1 34721U 93036YP  18084.47489851 +.00000268 +00000-0 +19691-3 0  9990
2 34721 073.9256 121.1604 0243532 260.2408 166.4074 13.87509896459773
0 COSMOS 2251 DEB
1 34721U 93036YP  18085.48489795 +.00000306 +00000-0 +22238-3 0  9993
2 34721 073.9255 119.4354 0243569 258.3336 171.3786 13.87510985459914
0 COSMOS 2251 DEB
1 34721U 93036YP  18085.78437591 +.00000313 +00000-0 +22697-3 0  9990
2 34721 073.9255 118.9236 0243536 257.7610 227.2866 13.87511294459957
0 COSMOS 2251 DEB
1 34721U 93036YP  18086.51156181  .00000309  00000-0  22433-3 0  9998
2 34721  73.9254 117.6814 0243579 256.3885 259.5984 13.87511843460052
0 COSMOS 2251 DEB
1 34721U 93036YP  18087.14076775 +.00000318 +00000-0 +23046-3 0  9999
2 34721 073.9251 116.6063 0243633 255.1942 162.5074 13.87512463460148
0 COSMOS 2251 DEB
1 34721U 93036YP  18088.07228139  .00000308  00000-0  22339-3 0  9998
2 34721  73.9250 115.0151 0243673 253.4361 135.4451 13.87513114460263
0 COSMOS 2251 DEB
1 34721U 93036YP  18091.48655328  .00000261  00000-0  19156-3 0  9992
2 34721  73.9248 109.1829 0243760 246.9930 269.8476 13.87515174460742
0 COSMOS 2251 DEB
1 34721U 93036YP  18092.40572037 +.00000263 +00000-0 +19311-3 0  9995
2 34721 073.9247 107.6129 0243761 245.2560 181.1253 13.87515796460872
0 COSMOS 2251 DEB
1 34721U 93036YP  18093.41551193  .00000255  00000-0  18804-3 0  9994
2 34721  73.9247 105.8879 0243748 243.3432 185.0823 13.87516365461012
0 COSMOS 2251 DEB
1 34721U 93036YP  18094.72422748  .00000244  00000-0  18044-3 0  9996
2 34721  73.9247 103.6525 0243715 240.8652 242.1800 13.87517042461198
0 COSMOS 2251 DEB
1 34721U 93036YP  18095.45153052 +.00000236 +00000-0 +17485-3 0  9995
2 34721 073.9246 102.4100 0243692 239.4835 275.0998 13.87517363461294
0 COSMOS 2251 DEB
1 34721U 93036YP  18096.46093885  .00000226  00000-0  16815-3 0  9999
2 34721  73.9247 100.6862 0243664 237.5691 277.1491 13.87517793461432
0 COSMOS 2251 DEB
1 34721U 93036YP  18098.68970201  .00000256  00000-0  18864-3 0  9990
2 34721  73.9248  96.8791 0243551 233.3395 249.9529 13.87519082461746
0 COSMOS 2251 DEB
1 34721U 93036YP  18099.41680765 +.00000260 +00000-0 +19070-3 0  9990
2 34721 073.9248 095.6371 0243510 231.9563 281.8938 13.87519459461841
0 COSMOS 2251 DEB
1 34721U 93036YP  18099.96880508  .00000260  00000-0  19069-3 0  9995
2 34721  73.9248  94.6943 0243481 230.9061 159.1587 13.87519788461914
0 COSMOS 2251 DEB
1 34721U 93036YP  18099.96880508 +.00000260 +00000-0 +19069-3 0  9995
2 34721 073.9248 094.6943 0243481 230.9061 159.1587 13.87519788461925
0 COSMOS 2251 DEB
1 34721U 93036YP  18100.70688840 +.00000255 +00000-0 +18749-3 0  9993
2 34721 073.9249 093.4337 0243438 229.5017 245.9361 13.87520145462022
0 COSMOS 2251 DEB
1 34721U 93036YP  18103.38216560  .00000231  00000-0  17139-3 0  9992
2 34721  73.9251  88.8641 0243278 224.4035 289.1498 13.87521569462399
0 COSMOS 2251 DEB
1 34721U 93036YP  18107.62971330  .00000134  00000-0  10630-3 0  9997
2 34721  73.9255  81.6092 0242964 216.2846 266.0254 13.87523336462987
0 COSMOS 2251 DEB
1 34721U 93036YP  18107.62971330 +.00000134 +00000-0 +10630-3 0  9997
2 34721 073.9255 081.6092 0242964 216.2846 266.0254 13.87523336462987
0 COSMOS 2251 DEB
1 34721U 93036YP  18108.35154984 +.00000122 +00000-0 +98466-4 0  9997
2 34721 073.9255 080.3762 0242905 214.9008 271.6686 13.87523544463081
0 COSMOS 2251 DEB
1 34721U 93036YP  18109.57621590 +.00000128 +00000-0 +10214-3 0  9994
2 34721 073.9255 078.2844 0242842 212.5580 268.9916 13.87524069463254
0 COSMOS 2251 DEB
1 34721U 93036YP  18109.64704031  .00000136  00000-0  10788-3 0  9999
2 34721  73.9257  78.1637 0242839 212.4245 262.7647 13.87524173463268
0 COSMOS 2251 DEB
1 34721U 93036YP  18110.28678421 +.00000140 +00000-0 +11015-3 0  9993
2 34721 073.9257 077.0710 0242804 211.1986 218.3485 13.87524395463351
0 COSMOS 2251 DEB
1 34721U 93036YP  18111.22295317  .00000172  00000-0  13147-3 0  9990
2 34721  73.9258  75.4721 0242750 209.4019 214.6094 13.87524920463486
0 COSMOS 2251 DEB
1 34721U 93036YP  18111.59508396 +.00000165 +00000-0 +12743-3 0  9997
2 34721 073.9259 074.8367 0242730 208.6878 273.4410 13.87525021463532
0 COSMOS 2251 DEB
1 34721U 93036YP  18112.23257326  .00000165  00000-0  12689-3 0  9992
2 34721  73.9259  73.7479 0242689 207.4641 217.7667 13.87525224463622
0 COSMOS 2251 DEB
1 34721U 93036YP  18113.33178281  .00000182  00000-0  13823-3 0  9996
2 34721  73.9261  71.8705 0242615 205.3537 308.4357 13.87525758463778
0 COSMOS 2251 DEB
1 34721U 93036YP  18113.61472546 +.00000184 +00000-0 +13960-3 0  9992
2 34721 073.9261 071.3872 0242596 204.8103 281.7653 13.87525901463816
0 COSMOS 2251 DEB
1 34721U 93036YP  18113.88437069 +.00000185 +00000-0 +14043-3 0  9996
2 34721 073.9261 070.9267 0242579 204.2919 188.6731 13.87526033463852
0 COSMOS 2251 DEB
1 34721U 93036YP  18115.56064993  .00000196  00000-0  14754-3 0  9996
2 34721  73.9263  68.0638 0242485 201.0682 281.8778 13.87526825464084
0 COSMOS 2251 DEB
1 34721U 93036YP  18116.19735045 +.00000200 +00000-0 +15041-3 0  9995
2 34721 073.9263 066.9764 0242450 199.8420 222.2716 13.87527116464172
0 COSMOS 2251 DEB
1 34721U 93036YP  18116.91800514 +.00000196 +00000-0 +14784-3 0  9996
2 34721 073.9264 065.7456 0242410 198.4548 222.0269 13.87527459464272
0 COSMOS 2251 DEB
1 34721U 93036YP  18117.20735046  .00000208  00000-0  15585-3 0  9990
2 34721  73.9264  65.2515 0242398 197.8970 227.3424 13.87527663464313
0 COSMOS 2251 DEB
1 34721U 93036YP  18117.29708038 +.00000204 +00000-0 +15342-3 0  9997
2 34721 073.9264 065.0982 0242395 197.7242 315.5540 13.87527679464324
0 COSMOS 2251 DEB
1 34721U 93036YP  18118.30658682  .00000209  00000-0  15644-3 0  9999
2 34721  73.9265  63.3741 0242344 195.7808 318.1599 13.87528161464464
0 COSMOS 2251 DEB
1 34721U 93036YP  18119.15363517 +.00000214 +00000-0 +15999-3 0  9992
2 34721 073.9265 061.9275 0242311 194.1502 229.2690 13.87528529464583
0 COSMOS 2251 DEB
1 34721U 93036YP  18120.16296677  .00000225  00000-0  16689-3 0  9996
2 34721  73.9266  60.2037 0242274 192.2036 231.0075 13.87528990464716
0 COSMOS 2251 DEB
1 34721U 93036YP  18121.54518698  .00000243  00000-0  17929-3 0  9997
2 34721  73.9266  57.8431 0242221 189.5384 295.3741 13.87529682464917
0 COSMOS 2251 DEB
1 34721U 93036YP  18122.27202616 +.00000270 +00000-0 +19733-3 0  9993
2 34721 073.9267 056.6017 0242196 188.1381 326.0293 13.87530173465011
0 COSMOS 2251 DEB
1 34721U 93036YP  18123.19255882  .00000282  00000-0  20500-3 0  9995
2 34721  73.9267  55.0296 0242170 186.3623 244.2113 13.87530634465142
0 COSMOS 2251 DEB
1 34721U 93036YP  18123.49140223 +.00000291 +00000-0 +21102-3 0  9999
2 34721 073.9267 054.5191 0242159 185.7855 296.9746 13.87530852465189
0 COSMOS 2251 DEB
1 34721U 93036YP  18124.50051017  .00000295  00000-0  21398-3 0  9995
2 34721  73.9268  52.7958 0242138 183.8375 297.6057 13.87531362465320
0 COSMOS 2251 DEB
1 34721U 93036YP  18125.85824637  .00000330  00000-0  23744-3 0  9997
2 34721  73.9268  50.4770 0242120 181.2172 239.6868 13.87532386465519
0 COSMOS 2251 DEB
1 34721U 93036YP  18126.23734970 +.00000333 +00000-0 +23907-3 0  9994
2 34721 073.9268 049.8294 0242124 180.4874 333.3593 13.87532591465566
0 COSMOS 2251 DEB
1 34721U 93036YP  18126.78996812 +.00000340 +00000-0 +24375-3 0  9997
2 34721 073.9268 048.8857 0242110 179.4224 213.7654 13.87533005465641
0 COSMOS 2251 DEB
1 34721U 93036YP  18127.45724743  .00000339  00000-0  24307-3 0  9997
2 34721  73.9268  47.7462 0242103 178.1364 306.9190 13.87533385465735
0 COSMOS 2251 DEB
1 34721U 93036YP  18128.46628649  .00000365  00000-0  26095-3 0  9992
2 34721  73.9268  46.0229 0242103 176.1907 307.2152 13.87534251465879
0 COSMOS 2251 DEB
1 34721U 93036YP  18129.47450500  .00000383  00000-0  27244-3 0  9990
2 34721  73.9269  44.3011 0242105 174.2469 303.4154 13.87535119466015
0 COSMOS 2251 DEB
1 34721U 93036YP  18129.74566347 +.00000377 +00000-0 +26841-3 0  9992
2 34721 073.9268 043.8380 0242109 173.7237 217.8928 13.87535302466053
0 COSMOS 2251 DEB
1 34721U 93036YP  18130.20236431 +.00000385 +00000-0 +27411-3 0  9996
2 34721 073.9269 043.0580 0242110 172.8437 339.1817 13.87535703466119
0 COSMOS 2251 DEB
1 34721U 93036YP  18132.43206340  .00000422  00000-0  29860-3 0  9991
2 34721  73.9268  39.2500 0242134 168.5461 316.8728 13.87537770466425
0 COSMOS 2251 DEB
1 34721U 93036YP  18132.77976632 +.00000403 +00000-0 +28585-3 0  9998
2 34721 073.9268 038.6561 0242146 167.8729 253.7062 13.87537931466471
0 COSMOS 2251 DEB
1 34721U 93036YP  18133.44023328  .00000454  00000-0  32021-3 0  9994
2 34721  73.9268  37.5282 0242154 166.5969 312.8486 13.87538861466560
0 COSMOS 2251 DEB
1 34721U 93036YP  18134.72123892  .00000478  00000-0  33592-3 0  9993
2 34721  73.9268  35.3402 0242175 164.1329 231.6780 13.87540244466740
0 COSMOS 2251 DEB
1 34721U 93036YP  18135.17726679 +.00000453 +00000-0 +31938-3 0  9990
2 34721 073.9269 034.5614 0242166 163.2567 349.6091 13.87540452466804
0 COSMOS 2251 DEB
1 34721U 93036YP  18136.09818554  .00000482  00000-0  33862-3 0  9996
2 34721  73.9269  32.9886 0242193 161.4850 269.7514 13.87541488466938
0 COSMOS 2251 DEB
1 34721U 93036YP  18137.03385508 +.00000477 +00000-0 +33511-3 0  9994
2 34721 073.9269 031.3906 0242225 159.6859 263.5770 13.87542301467064
0 COSMOS 2251 DEB
1 34721U 93036YP  18138.13320021  .00000473  00000-0  33291-3 0  9996
2 34721  73.9268  29.5128 0242278 157.5706 354.9958 13.87543340467218
0 COSMOS 2251 DEB
1 34721U 93036YP  18139.13689965  .00000483  00000-0  33939-3 0  9992
2 34721  73.9267  27.7986 0242308 155.6419 328.6494 13.87544389467355
0 COSMOS 2251 DEB
1 34721U 93036YP  18140.15273848  .00000471  00000-0  33137-3 0  9992
2 34721  73.9268  26.0639 0242344 153.6904   2.9436 13.87545285467499
0 COSMOS 2251 DEB
1 34721U 93036YP  18141.37177376  .00000442  00000-0  31176-3 0  9995
2 34721  73.9267  23.9820 0242369 151.3525 332.2396 13.87546223467663
0 COSMOS 2251 DEB
1 34721U 93036YP  18142.37973676  .00000466  00000-0  32766-3 0  9995
2 34721  73.9266  22.2605 0242409 149.4189 327.1978 13.87547332467801
0 COSMOS 2251 DEB
1 34721U 93036YP  18142.72892237 +.00000453 +00000-0 +31911-3 0  9994
2 34721 073.9266 021.6641 0242433 148.7472 271.4457 13.87547590467852
0 COSMOS 2251 DEB
1 34721U 93036YP  18143.10759060 +.00000461 +00000-0 +32435-3 0  9994
2 34721 073.9266 021.0174 0242444 148.0211 002.9632 13.87547976467909
0 COSMOS 2251 DEB
1 34721U 93036YP  18144.11738736  .00000454  00000-0  31926-3 0  9999
2 34721  73.9266  19.2927 0242483 146.0851   7.0853 13.87548848468041
0 COSMOS 2251 DEB
1 34721U 93036YP  18145.33698007  .00000438  00000-0  30869-3 0  9997
2 34721  73.9265  17.2097 0242528 143.7488 339.1785 13.87549779468212
0 COSMOS 2251 DEB
1 34721U 93036YP  18145.68685740 +.00000434 +00000-0 +30620-3 0  9996
2 34721 073.9264 016.6121 0242550 143.0780 286.8824 13.87550064468261
0 COSMOS 2251 DEB
1 34721U 93036YP  18146.34521101  .00000462  00000-0  32505-3 0  9995
2 34721  73.9264  15.4877 0242579 141.8171 335.4852 13.87550837468357
0 COSMOS 2251 DEB
1 34721U 93036YP  18146.69441394 +.00000454 +00000-0 +31935-3 0  9995
2 34721 073.9264 014.8912 0242602 141.1471 279.8222 13.87551113468409
0 COSMOS 2251 DEB
1 34721U 93036YP  18147.07276374 +.00000464 +00000-0 +32598-3 0  9999
2 34721 073.9264 014.2450 0242613 140.4230 009.7528 13.87551518468450
0 COSMOS 2251 DEB
1 34721U 93036YP  18147.35582500  .00000433  00000-0  30515-3 0  9994
2 34721  73.9264  13.7616 0242620 139.8814 343.6973 13.87551548468497
0 COSMOS 2251 DEB
1 34721U 93036YP  18148.08249054 +.00000448 +00000-0 +31510-3 0  9991
2 34721 073.9263 012.5203 0242649 138.4914 013.5335 13.87552312468598
0 COSMOS 2251 DEB
1 34721U 93036YP  18149.00361378 +.00000464 +00000-0 +32595-3 0  9990
2 34721 073.9263 010.9471 0242680 136.7299 294.7261 13.87553284468724
0 COSMOS 2251 DEB
1 34721U 93036YP  18149.93948212 +.00000450 +00000-0 +31629-3 0  9992
2 34721 073.9262 009.3487 0242723 134.9410 289.5744 13.87554055468854
0 COSMOS 2251 DEB
1 34721U 93036YP  18150.02906174  .00000429  00000-0  30229-3 0  9996
2 34721  73.9262   9.1957 0242706 134.7704  17.0413 13.87553989468862
0 COSMOS 2251 DEB
1 34721U 93036YP  18150.31159465 +.00000409 +00000-0 +28890-3 0  9990
2 34721 073.9262 008.7132 0242690 134.2306 348.3487 13.87554093468900
0 COSMOS 2251 DEB
1 34721U 93036YP  18150.65944916 +.00000409 +00000-0 +28878-3 0  9996
2 34721 073.9262 008.1192 0242694 133.5651 285.9529 13.87554436468958
0 COSMOS 2251 DEB
1 34721U 93036YP  18151.03797483  .00000408  00000-0  28840-3 0  9992
2 34721  73.9262   7.4728 0242698 132.8418  16.7651 13.87554770469006
0 COSMOS 2251 DEB
1 34721U 93036YP  18151.59142719 +.00000413 +00000-0 +29190-3 0  9994
2 34721 073.9262 006.5275 0242715 131.7844 261.3729 13.87555350469081
0 COSMOS 2251 DEB
1 34721U 93036YP  18151.66886890 +.00000395 +00000-0 +27946-3 0  9993
2 34721 073.9262 006.3952 0242716 131.6361 288.2097 13.87555281469095
0 COSMOS 2251 DEB
1 34721U 93036YP  18152.25740918 +.00000421 +00000-0 +29678-3 0  9993
2 34721 073.9261 005.3900 0242735 130.5124 348.0894 13.87555976469172
0 COSMOS 2251 DEB
1 34721U 93036YP  18152.96876338 +.00000427 +00000-0 +30113-3 0  9999
2 34721 073.9261 004.1750 0242758 129.1552 301.4502 13.87556671469279
0 COSMOS 2251 DEB
1 34721U 93036YP  18153.05851352  .00000432  00000-0  30446-3 0  9994
2 34721  73.9261   4.0217 0242760 128.9834  29.7713 13.87556787469282
0 COSMOS 2251 DEB
1 34721U 93036YP  18154.27643784  .00000416  00000-0  29363-3 0  9995
2 34721  73.9261   1.9414 0242774 126.6542 353.5628 13.87557791469451
0 COSMOS 2251 DEB
1 34721U 93036YP  18154.62468012 +.00000407 +00000-0 +28786-3 0  9991
2 34721 073.9260 001.3466 0242781 125.9900 293.1063 13.87558073469501
0 COSMOS 2251 DEB
1 34721U 93036YP  18155.55668062  .00000403  00000-0  28471-3 0  9998
2 34721  73.9260 359.7547 0242801 124.2127 268.6474 13.87558931469637
0 COSMOS 2251 DEB
1 34721U 93036YP  18156.56608866  .00000382  00000-0  27057-3 0  9991
2 34721  73.9259 358.0306 0242822 122.2889 270.8573 13.87559740469775
0 COSMOS 2251 DEB
1 34721U 93036YP  18156.93391587 +.00000358 +00000-0 +25474-3 0  9995
2 34721 073.9259 357.4023 0242822 121.5871 308.2334 13.87559853469829
0 COSMOS 2251 DEB
1 34721U 93036YP  18157.01733097 +.00000370 +00000-0 +26293-3 0  9995
2 34721 073.9259 357.2599 0242837 121.4299 004.9089 13.87560039469830
0 COSMOS 2251 DEB
1 34721U 93036YP  18157.86955038 +.00000351 +00000-0 +25018-3 0  9992
2 34721 073.9259 355.8043 0242856 119.8073 301.9289 13.87560615469955
0 COSMOS 2251 DEB
1 34721U 93036YP  18158.51258238 +.00000359 +00000-0 +25550-3 0  9992
2 34721 073.9258 354.7059 0242868 118.5815 274.0160 13.87561218470042
0 COSMOS 2251 DEB
1 34721U 93036YP  18158.96863319  .00000349  00000-0  24838-3 0  9990
2 34721  73.9258 353.9269 0242878 117.7150  32.0881 13.87561508470101
0 COSMOS 2251 DEB
1 34721U 93036YP  18158.96863319 +.00000349 +00000-0 +24838-3 0  9990
2 34721 073.9258 353.9269 0242878 117.7150 032.0881 13.87561508470101
0 COSMOS 2251 DEB
1 34721U 93036YP  18159.59931687 +.00000312 +00000-0 +22349-3 0  9999
2 34721 073.9258 352.8497 0242909 116.5187 302.4877 13.87561809470196
0 COSMOS 2251 DEB
1 34721U 93036YP  18159.97273442 +.00000310 +00000-0 +22251-3 0  9999
2 34721 073.9258 352.2119 0242911 115.8085 007.7907 13.87562080470240
0 COSMOS 2251 DEB
1 34721U 93036YP  18160.53175117 +.00000313 +00000-0 +22429-3 0  9993
2 34721 073.9257 351.2570 0242908 114.7429 280.2064 13.87562579470329
0 COSMOS 2251 DEB
1 34721U 93036YP  18161.54100187 +.00000295 +00000-0 +21225-3 0  9992
2 34721 073.9257 349.5331 0242902 112.8192 281.6427 13.87563166470460
0 COSMOS 2251 DEB
1 34721U 93036YP  18162.63032522 +.00000264 +00000-0 +19186-3 0  9999
2 34721 073.9257 347.6725 0242873 110.7336 323.0701 13.87563619470616
0 COSMOS 2251 DEB
1 34721U 93036YP  18163.21575382  .00000247  00000-0  18017-3 0  9993
2 34721  73.9257 346.6726 0242869 109.6190   7.4194 13.87563875470697
0 COSMOS 2251 DEB
1 34721U 93036YP  18163.56450098 +.00000233 +00000-0 +17093-3 0  9995
2 34721 073.9257 346.0768 0242870 108.9534 309.4929 13.87564021470744
0 COSMOS 2251 DEB
1 34721U 93036YP  18163.93773495 +.00000229 +00000-0 +16818-3 0  9994
2 34721 073.9257 345.4393 0242864 108.2422 013.8831 13.87564210470796
0 COSMOS 2251 DEB
1 34721U 93036YP  18164.22437682  .00000210  00000-0  15558-3 0  9992
2 34721  73.9257 344.9497 0242862 107.6952   5.7261 13.87564261470832
0 COSMOS 2251 DEB
1 34721U 93036YP  18164.49675319 +.00000205 +00000-0 +15215-3 0  9996
2 34721 073.9257 344.4845 0242859 107.1760 286.3096 13.87564402470876
0 COSMOS 2251 DEB
1 34721U 93036YP  18164.86434111 +.00000189 +00000-0 +14117-3 0  9991
2 34721 073.9257 343.8567 0242854 106.4751 322.4968 13.87564468470925
0 COSMOS 2251 DEB
1 34721U 93036YP  18165.58451900  .00000168  00000-0  12694-3 0  9991
2 34721  73.9256 342.6265 0242853 105.1003 319.9557 13.87564707471024
0 COSMOS 2251 DEB
1 34721U 93036YP  18165.58451900 +.00000168 +00000-0 +12694-3 0  9991
2 34721 073.9256 342.6265 0242853 105.1003 319.9557 13.87564707471024
0 COSMOS 2251 DEB
1 34721U 93036YP  18166.80935275  .00000151  00000-0  11558-3 0  9999
2 34721  73.9256 340.5343 0242838 102.7630 318.2891 13.87565017471196
0 COSMOS 2251 DEB
1 34721U 93036YP  18167.52971729 +.00000140 +00000-0 +10868-3 0  9994
2 34721 073.9256 339.3039 0242841 101.3881 316.6815 13.87565266471296
0 COSMOS 2251 DEB
1 34721U 93036YP  18167.90827948  .00000139  00000-0  10783-3 0  9993
2 34721  73.9256 338.6573 0242833 100.6654  47.6899 13.87565372471349
0 COSMOS 2251 DEB
1 34721U 93036YP  18168.46193310 +.00000134 +00000-0 +10445-3 0  9994
2 34721 073.9256 337.7116 0242825 099.6096 293.3215 13.87565572471423
0 COSMOS 2251 DEB
1 34721U 93036YP  18168.91216681 +.00000127 +00000-0 +99590-4 0  9992
2 34721 073.9256 336.9425 0242822 098.7482 022.3484 13.87565648471481
0 COSMOS 2251 DEB
1 34721U 93036YP  18169.47155983 +.00000126 +00000-0 +99120-4 0  9999
2 34721 073.9256 335.9870 0242812 097.6824 296.6492 13.87565839471567
0 COSMOS 2251 DEB
1 34721U 93036YP  18169.92229628 +.00000115 +00000-0 +91728-4 0  9991
2 34721 073.9257 335.2172 0242795 096.8260 028.1823 13.87565902471625
0 COSMOS 2251 DEB
1 34721U 93036YP  18170.13743233  .00000113  00000-0  90329-4 0  9993
2 34721  73.9257 334.8497 0242790  96.4153  22.8387 13.87565949471652
0 COSMOS 2251 DEB
1 34721U 93036YP  18171.14695866  .00000128  00000-0  10070-3 0  9993
2 34721  73.9257 333.1253 0242772  94.4875  25.6675 13.87566311471793
0 COSMOS 2251 DEB
1 34721U 93036YP  18171.41592403 +.00000127 +00000-0 +99634-4 0  9999
2 34721 073.9257 332.6659 0242772 093.9734 289.2152 13.87566377471830
0 COSMOS 2251 DEB
1 34721U 93036YP  18171.87360146 +.00000123 +00000-0 +97254-4 0  9998
2 34721 073.9258 331.8841 0242753 093.1029 055.4221 13.87566493471898
0 COSMOS 2251 DEB
1 34721U 93036YP  18172.15525528  .00000122  00000-0  96221-4 0  9999
2 34721  73.9258 331.4031 0242746  92.5665  22.3506 13.87566608471938
0 COSMOS 2251 DEB
1 34721U 93036YP  18172.50433670 +.00000116 +00000-0 +92236-4 0  9999
2 34721 073.9258 330.8068 0242754 091.8932 326.1041 13.87566693471987
0 COSMOS 2251 DEB
1 34721U 93036YP  18173.51554469  .00000099  00000-0  80984-4 0  9998
2 34721  73.9259 329.0793 0242761  89.9546 337.3432 13.87566920472128
0 COSMOS 2251 DEB
1 34721U 93036YP  18173.89476846 +.00000110 +00000-0 +88487-4 0  9991
2 34721 073.9260 328.4316 0242765 089.2274 071.6623 13.87567093472176
0 COSMOS 2251 DEB
1 34721U 93036YP  18174.90339356  .00000114  00000-0  91171-4 0  9996
2 34721  73.9260 326.7089 0242748  87.3001  69.9948 13.87567425472317
0 COSMOS 2251 DEB
1 34721U 93036YP  18175.38263576 +.00000121 +00000-0 +95450-4 0  9991
2 34721 073.9260 325.8904 0242738 086.3876 303.9261 13.87567641472387
0 COSMOS 2251 DEB
1 34721U 93036YP  18175.83929123 +.00000112 +00000-0 +90062-4 0  9992
2 34721 073.9260 325.1104 0242728 085.5150 065.0338 13.87567729472442
0 COSMOS 2251 DEB
1 34721U 93036YP  18176.46943706  .00000098  00000-0  80718-4 0  9995
2 34721  73.9260 324.0342 0242704  84.3155 332.7656 13.87567896472521
0 COSMOS 2251 DEB
1 34721U 93036YP  18177.40188300 +.00000109 +00000-0 +88100-4 0  9997
2 34721 073.9261 322.4415 0242690 082.5307 310.5710 13.87568319472669
0 COSMOS 2251 DEB
1 34721U 93036YP  18177.76926192  .00000104  00000-0  84193-4 0  9998
2 34721  73.9262 321.8140 0242675  81.8296 345.7206 13.87568404472711
0 COSMOS 2251 DEB
1 34721U 93036YP  18178.48949663 +.00000089 +00000-0 +74286-4 0  9990
2 34721 073.9262 320.5838 0242670 080.4509 343.4766 13.87568521472815
0 COSMOS 2251 DEB
1 34721U 93036YP  18178.86840062  .00000105  00000-0  85256-4 0  9993
2 34721  73.9262 319.9366 0242674  79.7239  76.2013 13.87568725472865
0 COSMOS 2251 DEB
1 34721U 93036YP  18179.80439205 +.00000112 +00000-0 +89937-4 0  9999
2 34721 073.9263 318.3381 0242668 077.9352 071.7164 13.87569046472993
0 COSMOS 2251 DEB
1 34721U 93036YP  18180.08623934  .00000121  00000-0  95905-4 0  9997
2 34721  73.9263 317.8567 0242669  77.3970  39.6160 13.87569241473036
0 COSMOS 2251 DEB
1 34721U 93036YP  18180.72467887 +.00000115 +00000-0 +91961-4 0  9992
2 34721 073.9263 316.7663 0242641 076.1795 348.7821 13.87569423473123
0 COSMOS 2251 DEB
1 34721U 93036YP  18181.36706387  .00000103  00000-0  84041-4 0  9992
2 34721  73.9264 315.6691 0242632  74.9507 317.6610 13.87569597473213
0 COSMOS 2251 DEB
1 34721U 93036YP  18181.81758687 +.00000094 +00000-0 +77640-4 0  9998
2 34721 073.9264 314.8996 0242618 074.0887 048.1398 13.87569651473274
0 COSMOS 2251 DEB
1 34721U 93036YP  18182.37689552  .00000088  00000-0  73700-4 0  9990
2 34721  73.9265 313.9444 0242612  73.0197 322.0303 13.87569783473355
0 COSMOS 2251 DEB
1 34721U 93036YP  18183.04229257 +.00000076 +00000-0 +65966-4 0  9999
2 34721 073.9265 312.8079 0242596 071.7471 045.8594 13.87569790473448
0 COSMOS 2251 DEB
1 34721U 93036YP  18184.05178420  .00000076  00000-0  65566-4 0  9992
2 34721  73.9265 311.0837 0242571  69.8220  48.5252 13.87569932473588
0 COSMOS 2251 DEB
1 34721U 93036YP  18184.32243546 +.00000077 +00000-0 +66282-4 0  9991
2 34721 073.9265 310.6214 0242570 069.3042 320.4984 13.87569991473622
0 COSMOS 2251 DEB
1 34721U 93036YP  18185.33223381  .00000075  00000-0  65348-4 0  9998
2 34721  73.9266 308.8968 0242547  67.3712 324.7051 13.87570218473765
0 COSMOS 2251 DEB
1 34721U 93036YP  18186.34177487 +.00000062 +00000-0 +56458-4 0  9993
2 34721 073.9266 307.1726 0242519 065.4387 327.6272 13.87570354473909
0 COSMOS 2251 DEB
1 34721U 93036YP  18188.36506306 +.00000067 +00000-0 +60036-4 0  9995
2 34721 073.9267 303.7171 0242549 061.5631 354.4847 13.87570676474182
0 COSMOS 2251 DEB
1 34721U 93036YP  18189.29726358 +.00000042 +00000-0 +43354-4 0  9996
2 34721 073.9266 302.1251 0242473 059.7809 331.0684 13.87570647474318
0 COSMOS 2251 DEB
1 34721U 93036YP  18190.38565216  .00000009  00000-0  21207-4 0  9998
2 34721  73.9266 300.2664 0242436  57.6974   7.8548 13.87570577474469
0 COSMOS 2251 DEB
1 34721U 93036YP  18193.33959696  .00000058  00000-0  54227-4 0  9997
2 34721  73.9267 295.2217 0242379  52.0344   3.5970 13.87571167474876
0 COSMOS 2251 DEB
1 34721U 93036YP  18193.72094494 +.00000057 +00000-0 +53249-4 0  9998
2 34721 073.9268 294.5705 0242330 051.3025 108.5326 13.87571171474928
0 COSMOS 2251 DEB
1 34721U 93036YP  18194.27205712 +.00000051 +00000-0 +49321-4 0  9996
2 34721 073.9266 293.6289 0242320 050.2469 341.4848 13.87571250475007
0 COSMOS 2251 DEB
1 34721U 93036YP  18198.23720660  .00000055  00000-0  52354-4 0  9994
2 34721  73.9264 286.8569 0242289  42.6481 348.4696 13.87571781475550
0 COSMOS 2251 DEB
1 34721U 93036YP  18199.24672472  .00000042  00000-0  43248-4 0  9991
2 34721  73.9262 285.1325 0242260  40.7083 351.2901 13.87571881475693
0 COSMOS 2251 DEB
1 34721U 93036YP  18200.92231660  .00000029  00000-0  34988-4 0  9995
2 34721  73.9263 282.2713 0242236  37.4904  81.3283 13.87571870475929
0 COSMOS 2251 DEB
1 34721U 93036YP  18200.92231660 +.00000029 +00000-0 +34988-4 0  9995
2 34721 073.9263 282.2713 0242236 037.4904 081.3283 13.87571870475929
0 COSMOS 2251 DEB
1 34721U 93036YP  18201.26998983 +.00000042 +00000-0 +43267-4 0  9996
2 34721 073.9264 281.6778 0242160 036.8157 018.0596 13.87572048475970
0 COSMOS 2251 DEB
1 34721U 93036YP  18201.93175035 +.00000073 +00000-0 +64411-4 0  9993
2 34721 073.9263 280.5476 0242177 035.5444 083.7368 13.87572397476069
0 COSMOS 2251 DEB
1 34721U 93036YP  18202.20224993  .00000080  00000-0  68973-4 0  9997
2 34721  73.9260 280.0851 0242193  35.0266 354.9556 13.87572532476101
0 COSMOS 2251 DEB
1 34721U 93036YP  18202.27941626 +.00000071 +00000-0 +63248-4 0  9993
2 34721 073.9261 279.9535 0242209 034.8784 020.4223 13.87572492476110
0 COSMOS 2251 DEB
1 34721U 93036YP  18202.86796476 +.00000074 +00000-0 +64941-4 0  9993
2 34721 073.9259 278.9480 0242206 033.7517 080.3816 13.87572643476193
0 COSMOS 2251 DEB
1 34721U 93036YP  18203.21197946  .00000059  00000-0  55306-4 0  9998
2 34721  73.9257 278.3602 0242199  33.0965 358.8242 13.87572589476243
0 COSMOS 2251 DEB
1 34721U 93036YP  18203.87769912 +.00000045 +00000-0 +45760-4 0  9996
2 34721 073.9256 277.2230 0242189 031.8195 084.2753 13.87572530476330
0 COSMOS 2251 DEB
1 34721U 93036YP  18204.51524396 +.00000077 +00000-0 +67345-4 0  9991
2 34721 073.9256 276.1342 0242173 030.5950 028.9885 13.87572777476424
0 COSMOS 2251 DEB
1 34721U 93036YP  18205.52510826 +.00000092 +00000-0 +77608-4 0  9996
2 34721 073.9256 274.4093 0242165 028.6589 033.5366 13.87572953476562
0 COSMOS 2251 DEB
1 34721U 93036YP  18206.90467687 +.00000078 +00000-0 +67883-4 0  9993
2 34721 073.9255 272.0531 0242177 026.0113 084.8625 13.87573096476757
0 COSMOS 2251 DEB
1 34721U 93036YP  18207.84272256 +.00000085 +00000-0 +72979-4 0  9993
2 34721 073.9254 270.4509 0242184 024.2096 090.6623 13.87573298476882
0 COSMOS 2251 DEB
1 34721U 93036YP  18208.85242105 +.00000098 +00000-0 +81271-4 0  9994
2 34721 073.9253 268.7263 0242191 022.2736 094.3845 13.87573470477021
0 COSMOS 2251 DEB
1 34721U 93036YP  18209.86213056 +.00000114 +00000-0 +92199-4 0  9999
2 34721 073.9251 267.0018 0242194 020.3348 098.1658 13.87573753477163
0 COSMOS 2251 DEB
1 34721U 93036YP  18210.49916845 +.00000124 +00000-0 +98987-4 0  9998
2 34721 073.9251 265.9137 0242155 019.1052 040.3564 13.87574018477257
0 COSMOS 2251 DEB
1 34721U 93036YP  18211.80786145  .00000117  00000-0  94025-4 0  9993
2 34721  73.9249 263.6784 0242170  16.5939  97.6458 13.87574392477431
0 COSMOS 2251 DEB
1 34721U 93036YP  18212.81755851  .00000132  00000-0  10434-3 0  9993
2 34721  73.9248 261.9539 0242183  14.6568 101.3668 13.87574735477572
0 COSMOS 2251 DEB
1 34721U 93036YP  18213.82770925  .00000148  00000-0  11509-3 0  9995
2 34721  73.9246 260.2286 0242179  12.7146 107.3599 13.87575089477715
0 COSMOS 2251 DEB
1 34721U 93036YP  18214.46421677 +.00000155 +00000-0 +12027-3 0  9997
2 34721 073.9246 259.1414 0242182 011.4939 046.8950 13.87575321477802
0 COSMOS 2251 DEB
1 34721U 93036YP  18216.11675389  .00000166  00000-0  12753-3 0  9990
2 34721  73.9244 256.3187 0242221   8.3255  21.7888 13.87576051478035
0 COSMOS 2251 DEB
1 34721U 93036YP  18217.42000322  .00000196  00000-0  14785-3 0  9994
2 34721  73.9243 254.0926 0242253   5.8262  51.8923 13.87576568478212
0 COSMOS 2251 DEB
1 34721U 93036YP  18218.42944507  .00000234  00000-0  17316-3 0  9993
2 34721  73.9242 252.3683 0242268   3.8927  54.3436 13.87577149478352
0 COSMOS 2251 DEB
1 34721U 93036YP  18219.43891469  .00000225  00000-0  16730-3 0  9992
2 34721  73.9241 250.6438 0242308   1.9586  56.9354 13.87577524478494
0 COSMOS 2251 DEB
1 34721U 93036YP  18219.80982850 +.00000218 +00000-0 +16225-3 0  9999
2 34721 073.9241 250.0102 0242324 001.2482 109.7570 13.87577654478549
0 COSMOS 2251 DEB
1 34721U 93036YP  18220.53908000  .00000229  00000-0  17003-3 0  9993
2 34721  73.9242 248.7646 0242371 359.8500 152.5811 13.87578051478649
0 COSMOS 2251 DEB
1 34721U 93036YP  18220.74794160 +.00000229 +00000-0 +17010-3 0  9994
2 34721 073.9243 248.4080 0242388 359.4493 115.9063 13.87578157478676
0 COSMOS 2251 DEB
1 34721U 93036YP  18221.09177206 +.00000238 +00000-0 +17588-3 0  9999
2 34721 073.9243 247.8208 0242400 358.7915 033.4390 13.87578378478725
0 COSMOS 2251 DEB
1 34721U 93036YP  18222.39460807  .00000265  00000-0  19421-3 0  9993
2 34721  73.9244 245.5955 0242438 356.2958  61.4879 13.87579159478890
0 COSMOS 2251 DEB
1 34721U 93036YP  18223.03763507 +.00000263 +00000-0 +19286-3 0  9995
2 34721 073.9243 244.4971 0242462 355.0681 033.5943 13.87579542478991
0 COSMOS 2251 DEB
1 34721U 93036YP  18223.77516472 +.00000260 +00000-0 +19082-3 0  9994
2 34721 073.9243 243.2373 0242490 353.6589 117.7712 13.87579992479096
0 COSMOS 2251 DEB
1 34721U 93036YP  18224.04699465 +.00000256 +00000-0 +18832-3 0  9996
2 34721 073.9243 242.7730 0242502 353.1400 035.6413 13.87580162479130
0 COSMOS 2251 DEB
1 34721U 93036YP  18225.42412218 +.00000254 +00000-0 +18643-3 0  9996
2 34721 073.9243 240.4207 0242555 350.5110 074.7984 13.87580958479322
0 COSMOS 2251 DEB
1 34721U 93036YP  18226.43392630  .00000259  00000-0  19010-3 0  9997
2 34721  73.9243 238.6958 0242593 348.5862  79.0660 13.87581527479464
0 COSMOS 2251 DEB
1 34721U 93036YP  18227.45983234  .00000268  00000-0  19606-3 0  9997
2 34721  73.9242 236.9435 0242629 346.6324 163.7682 13.87582182479605
0 COSMOS 2251 DEB
1 34721U 93036YP  18227.74063838 +.00000269 +00000-0 +19674-3 0  9994
2 34721 073.9242 236.4638 0242639 346.0984 126.4770 13.87582382479642
0 COSMOS 2251 DEB
1 34721U 93036YP  18228.46937176  .00000277  00000-0  20242-3 0  9991
2 34721  73.9242 235.2190 0242670 344.7113 166.7159 13.87582885479743
0 COSMOS 2251 DEB
1 34721U 93036YP  18229.68782586  .00000306  00000-0  22181-3 0  9996
2 34721  73.9243 233.1377 0242713 342.3940 133.2555 13.87583780479911
0 COSMOS 2251 DEB
1 34721U 93036YP  18230.48939876 +.00000319 +00000-0 +23068-3 0  9991
2 34721 073.9244 231.7686 0242738 340.8711 177.3497 13.87584293480023
0 COSMOS 2251 DEB
1 34721U 93036YP  18231.97573987  .00000337  00000-0  24243-3 0  9999
2 34721  73.9245 229.2297 0242779 338.0508  42.0657 13.87585387480225
0 COSMOS 2251 DEB
1 34721U 93036YP  18231.97573987 +.00000337 +00000-0 +24243-3 0  9999
2 34721 073.9245 229.2297 0242779 338.0508 042.0657 13.87585387480236
0 COSMOS 2251 DEB
1 34721U 93036YP  18232.98669278  .00000342  00000-0  24590-3 0  9991
2 34721  73.9247 227.5029 0242807 336.1331  52.0798 13.87586192480374
0 COSMOS 2251 DEB
1 34721U 93036YP  18234.29060278  .00000340  00000-0  24431-3 0  9994
2 34721  73.9249 225.2757 0242826 333.6661  85.4997 13.87587092480559
0 COSMOS 2251 DEB
1 34721U 93036YP  18236.01987729  .00000329  00000-0  23685-3 0  9992
2 34721  73.9251 222.3218 0242844 330.3976  83.7461 13.87588353480799
0 COSMOS 2251 DEB
1 34721U 93036YP  18237.31984064  .00000320  00000-0  23090-3 0  9996
2 34721  73.9252 220.1013 0242859 327.9421  97.4596 13.87589397480972
0 COSMOS 2251 DEB
1 34721U 93036YP  18239.26451595  .00000357  00000-0  25598-3 0  9995
2 34721  73.9254 216.7796 0242836 324.2772  91.7081 13.87591252481247
0 COSMOS 2251 DEB
1 34721U 93036YP  18240.64588260  .00000372  00000-0  26633-3 0  9997
2 34721  73.9255 214.4201 0242817 321.6733 152.0662 13.87592662481434
0 COSMOS 2251 DEB
1 34721U 93036YP  18241.92639601  .00000326  00000-0  23546-3 0  9994
2 34721  73.9257 212.2328 0242797 319.2585  68.6363 13.87593601481611
0 COSMOS 2251 DEB
1 34721U 93036YP  18241.92639601 +.00000326 +00000-0 +23546-3 0  9994
2 34721 073.9257 212.2328 0242797 319.2585 068.6363 13.87593601481611
0 COSMOS 2251 DEB
1 34721U 93036YP  18242.38475806 +.00000323 +00000-0 +23308-3 0  9993
2 34721 073.9258 211.4500 0242788 318.3935 198.3019 13.87593979481677
0 COSMOS 2251 DEB
1 34721U 93036YP  18243.60303420  .00000306  00000-0  22169-3 0  9996
2 34721  73.9260 209.3692 0242743 316.0991 163.9806 13.87594948481844
0 COSMOS 2251 DEB
1 34721U 93036YP  18244.23934323 +.00000282 +00000-0 +20617-3 0  9997
2 34721 073.9260 208.2823 0242709 314.8987 102.5502 13.87595300481936
0 COSMOS 2251 DEB
1 34721U 93036YP  18245.24890227  .00000273  00000-0  20020-3 0  9991
2 34721  73.9262 206.5580 0242678 312.9978 105.6252 13.87596137482074
0 COSMOS 2251 DEB
1 34721U 93036YP  18246.34953199  .00000267  00000-0  19630-3 0  9999
2 34721  73.9263 204.6779 0242614 310.9238 203.6325 13.87596992482227
0 COSMOS 2251 DEB
1 34721U 93036YP  18247.35948729  .00000254  00000-0  18735-3 0  9995
2 34721  73.9263 202.9527 0242554 309.0215 208.6920 13.87597610482365
0 COSMOS 2251 DEB
1 34721U 93036YP  18248.57794044  .00000249  00000-0  18416-3 0  9999
2 34721  73.9264 200.8716 0242468 306.7254 175.2717 13.87598461482531
0 COSMOS 2251 DEB
1 34721U 93036YP  18249.30501727 +.00000242 +00000-0 +17949-3 0  9998
2 34721 073.9265 199.6298 0242429 305.3557 207.2639 13.87598944482636
0 COSMOS 2251 DEB
1 34721U 93036YP  18250.22484006  .00000228  00000-0  17032-3 0  9998
2 34721  73.9265 198.0587 0242361 303.6203 122.0918 13.87599536482760
0 COSMOS 2251 DEB
1 34721U 93036YP  18250.31483410 +.00000226 +00000-0 +16838-3 0  9997
2 34721 073.9265 197.9050 0242355 303.4504 211.6426 13.87599574482770
0 COSMOS 2251 DEB
1 34721U 93036YP  18251.23412247  .00000210  00000-0  15805-3 0  9995
2 34721  73.9266 196.3349 0242286 301.7172 123.8005 13.87600035482907
0 COSMOS 2251 DEB
1 34721U 93036YP  18252.16989878 +.00000212 +00000-0 +15965-3 0  9996
2 34721 073.9266 194.7366 0242214 299.9509 118.3248 13.87600561483038
0 COSMOS 2251 DEB
1 34721U 93036YP  18253.17915659  .00000247  00000-0  18292-3 0  9998
2 34721  73.9266 193.0128 0242127 298.0482 119.9154 13.87601387483174
0 COSMOS 2251 DEB
1 34721U 93036YP  18253.89963979 +.00000237 +00000-0 +17646-3 0  9996
2 34721 073.9266 191.7823 0242065 296.6889 118.9791 13.87601788483279
0 COSMOS 2251 DEB
1 34721U 93036YP  18254.18952812  .00000218  00000-0  16373-3 0  9998
2 34721  73.9266 191.2870 0242033 296.1409 127.0722 13.87601761483315
0 COSMOS 2251 DEB
1 34721U 93036YP  18254.28081751 +.00000221 +00000-0 +16523-3 0  9995
2 34721 073.9266 191.1311 0242024 295.9687 223.0946 13.87601832483324
0 COSMOS 2251 DEB
1 34721U 93036YP  18255.19908774  .00000239  00000-0  17733-3 0  9992
2 34721  73.9267 189.5627 0241939 294.2349 130.1767 13.87602435483450
0 COSMOS 2251 DEB
1 34721U 93036YP  18255.28959800 +.00000245 +00000-0 +18153-3 0  9992
2 34721 073.9267 189.4081 0241928 294.0643 222.3072 13.87602527483462
0 COSMOS 2251 DEB
1 34721U 93036YP  18256.50821823  .00000259  00000-0  19126-3 0  9997
2 34721  73.9267 187.3266 0241792 291.7621 189.7477 13.87603290483635
0 COSMOS 2251 DEB
1 34721U 93036YP  18257.23594637 +.00000310 +00000-0 +22534-3 0  9993
2 34721 073.9268 186.0838 0241718 290.3890 225.0086 13.87604064483739
0 COSMOS 2251 DEB
1 34721U 93036YP  18258.15416991  .00000261  00000-0  19234-3 0  9999
2 34721  73.9269 184.5155 0241625 288.6534 131.8650 13.87604363483864
0 COSMOS 2251 DEB
1 34721U 93036YP  18259.25476646  .00000257  00000-0  19009-3 0  9999
2 34721  73.9269 182.6357 0241515 286.5724 229.7439 13.87605047484013
0 COSMOS 2251 DEB
1 34721U 93036YP  18259.80577627 +.00000259 +00000-0 +19147-3 0  9996
2 34721 073.9269 181.6946 0241448 285.5300 102.2398 13.87605441484095
0 COSMOS 2251 DEB
1 34721U 93036YP  18260.47377580  .00000228  00000-0  17024-3 0  9995
2 34721  73.9270 180.5538 0241379 284.2671 199.1406 13.87605615484180
0 COSMOS 2251 DEB
1 34721U 93036YP  18260.47377580 +.00000228 +00000-0 +17024-3 0  9995
2 34721 073.9270 180.5538 0241379 284.2671 199.1406 13.87605615484180
0 COSMOS 2251 DEB
1 34721U 93036YP  18261.20074525 +.00000222 +00000-0 +16651-3 0  9999
2 34721 073.9270 179.3122 0241300 282.8900 230.6218 13.87605993484280
0 COSMOS 2251 DEB
1 34721U 93036YP  18262.21010899  .00000197  00000-0  14994-3 0  9994
2 34721  73.9270 177.5884 0241186 280.9777 232.7691 13.87606438484427
0 COSMOS 2251 DEB
1 34721U 93036YP  18263.21973469  .00000184  00000-0  14081-3 0  9999
2 34721  73.9270 175.8639 0241066 279.0663 236.2243 13.87606829484567
0 COSMOS 2251 DEB
1 34721U 93036YP  18265.71759885 +.00000198 +00000-0 +15026-3 0  9995
2 34721 073.9269 171.5975 0240759 274.3308 113.9959 13.87607908484905
0 COSMOS 2251 DEB
1 34721U 93036YP  18266.17664308 +.00000173 +00000-0 +13348-3 0  9999
2 34721 073.9269 170.8135 0240710 273.4598 247.0937 13.87607798484972
0 COSMOS 2251 DEB
1 34721U 93036YP  18266.72712640 +.00000210 +00000-0 +15881-3 0  9999
2 34721 073.9269 169.8733 0240644 272.4142 116.9692 13.87608269485049
0 COSMOS 2251 DEB
1 34721U 93036YP  18267.18494446 +.00000210 +00000-0 +15883-3 0  9993
2 34721 073.9269 169.0914 0240592 271.5455 243.9443 13.87608401485112
0 COSMOS 2251 DEB
1 34721U 93036YP  18267.73622066 +.00000198 +00000-0 +15056-3 0  9992
2 34721 073.9269 168.1498 0240523 270.4978 117.7810 13.87608543485181
0 COSMOS 2251 DEB
1 34721U 93036YP  18268.19464624 +.00000200 +00000-0 +15203-3 0  9995
2 34721 073.9269 167.3669 0240471 269.6270 247.7926 13.87608678485258
0 COSMOS 2251 DEB
1 34721U 93036YP  18269.03981660 +.00000200 +00000-0 +15194-3 0  9992
2 34721 073.9269 165.9233 0240370 268.0208 149.7444 13.87608954485366
0 COSMOS 2251 DEB
1 34721U 93036YP  18270.04958541  .00000186  00000-0  14246-3 0  9997
2 34721  73.9269 164.1987 0240245 266.0977 153.9345 13.87609238485504
0 COSMOS 2251 DEB
1 34721U 93036YP  18270.76996463 +.00000162 +00000-0 +12616-3 0  9994
2 34721 073.9268 162.9683 0240166 264.7290 152.5072 13.87609374485612
0 COSMOS 2251 DEB
1 34721U 93036YP  18274.10561262  .00000184  00000-0  14129-3 0  9996
2 34721  73.9267 157.2710 0239780 258.3731 255.3904 13.87610764486070
0 COSMOS 2251 DEB
1 34721U 93036YP  18274.65720972 +.00000183 +00000-0 +14078-3 0  9993
2 34721 073.9266 156.3289 0239718 257.3213 130.8387 13.87610990486157
0 COSMOS 2251 DEB
1 34721U 93036YP  18275.11572705  .00000165  00000-0  12843-3 0  9992
2 34721  73.9266 155.5458 0239677 256.4489 261.3136 13.87610998486212
0 COSMOS 2251 DEB
1 34721U 93036YP  18275.66653507 +.00000149 +00000-0 +11778-3 0  9990
2 34721 073.9266 154.6050 0239597 255.3928 132.8259 13.87611080486296
0 COSMOS 2251 DEB
1 34721U 93036YP  18277.13509594  .00000153  00000-0  12032-3 0  9999
2 34721  73.9264 152.0967 0239467 252.5984 268.8693 13.87611435486498
0 COSMOS 2251 DEB
1 34721U 93036YP  18278.62195691  .00000158  00000-0  12398-3 0  9993
2 34721  73.9263 149.5570 0239304 249.7562 136.3434 13.87611743486694
0 COSMOS 2251 DEB
1 34721U 93036YP  18279.63169734  .00000192  00000-0  14652-3 0  9997
2 34721  73.9262 147.8323 0239187 247.8263 140.4079 13.87612132486836
0 COSMOS 2251 DEB
1 34721U 93036YP  18280.08986944 +.00000211 +00000-0 +15961-3 0  9994
2 34721 073.9262 147.0498 0239146 246.9516 269.1633 13.87612312486900
0 COSMOS 2251 DEB
1 34721U 93036YP  18281.10067852  .00000246  00000-0  18283-3 0  9994
2 34721  73.9261 145.3233 0239051 245.0192 278.5691 13.87612783487048
0 COSMOS 2251 DEB
1 34721U 93036YP  18282.58537816  .00000242  00000-0  18064-3 0  9992
2 34721  73.9259 142.7871 0238903 242.1724 135.2616 13.87613148487242
0 COSMOS 2251 DEB
1 34721U 93036YP  18282.95488750 +.00000246 +00000-0 +18305-3 0  9997
2 34721 073.9259 142.1559 0238880 241.4659 181.1131 13.87613274487301
0 COSMOS 2251 DEB
1 34721U 93036YP  18283.59772069  .00000271  00000-0  20002-3 0  9992
2 34721  73.9258 141.0579 0238823 240.2352 152.3333 13.87613726487388
0 COSMOS 2251 DEB
1 34721U 93036YP  18283.59772069 +.00000271 +00000-0 +20002-3 0  9992
2 34721 073.9258 141.0579 0238823 240.2352 152.3333 13.87613726487399
0 COSMOS 2251 DEB
1 34721U 93036YP  18289.23864781  .00000329  00000-0  23935-3 0  9994
2 34721  73.9254 131.4226 0238430 229.4447 251.1342 13.87616626488172
0 COSMOS 2251 DEB
1 34721U 93036YP  18293.20386897  .00000313  00000-0  22836-3 0  9995
2 34721  73.9249 124.6492 0238260 221.8700 259.1045 13.87618524488722
0 COSMOS 2251 DEB
1 34721U 93036YP  18294.93561846  .00000320  00000-0  23251-3 0  9995
2 34721  73.9249 121.6911 0238205 218.5657 269.9394 13.87619594488968
0 COSMOS 2251 DEB
1 34721U 93036YP  18294.93561846 +.00000320 +00000-0 +23251-3 0  9995
2 34721 073.9249 121.6911 0238205 218.5657 269.9394 13.87619594488968
0 COSMOS 2251 DEB
1 34721U 93036YP  18295.49206427 +.00000285 +00000-0 +20933-3 0  9992
2 34721 073.9251 120.7411 0238170 217.4970 169.6319 13.87619656489045
0 COSMOS 2251 DEB
1 34721U 93036YP  18296.23126222  .00000248  00000-0  18412-3 0  9997
2 34721  73.9251 119.4781 0238165 216.0955 262.2350 13.87619717489146
0 COSMOS 2251 DEB
1 34721U 93036YP  18296.50187007 +.00000247 +00000-0 +18370-3 0  9997
2 34721 073.9250 119.0159 0238168 215.5802 174.0378 13.87619872489184
0 COSMOS 2251 DEB
1 34721U 93036YP  18296.95947080 +.00000244 +00000-0 +18117-3 0  9997
2 34721 073.9251 118.2343 0238155 214.7095 299.9497 13.87620075489245
0 COSMOS 2251 DEB
1 34721U 93036YP  18297.97025144 +.00000221 +00000-0 +16558-3 0  9990
2 34721 073.9253 116.5079 0238131 212.7880 309.2314 13.87620434489385
0 COSMOS 2251 DEB
1 34721U 93036YP  18298.81680765 +.00000217 +00000-0 +16320-3 0  9992
2 34721 073.9253 115.0619 0238129 211.1795 218.1430 13.87620822489506
0 COSMOS 2251 DEB
1 34721U 93036YP  18299.18830039  .00000195  00000-0  14812-3 0  9993
2 34721  73.9251 114.4271 0238135 210.4828 273.8991 13.87620831489552
0 COSMOS 2251 DEB
1 34721U 93036YP  18300.19825554  .00000193  00000-0  14723-3 0  9992
2 34721  73.9252 112.7021 0238125 208.5656 279.0581 13.87621282489692
0 COSMOS 2251 DEB
1 34721U 93036YP  18300.83449282 +.00000191 +00000-0 +14569-3 0  9999
2 34721 073.9252 111.6153 0238121 207.3597 217.3348 13.87621527489781
0 COSMOS 2251 DEB
1 34721U 93036YP  18301.13384437 +.00000187 +00000-0 +14252-3 0  9997
2 34721 073.9252 111.1040 0238121 206.7913 272.7247 13.87621628489826
0 COSMOS 2251 DEB
1 34721U 93036YP  18302.86637584  .00000194  00000-0  14731-3 0  9992
2 34721  73.9253 108.1445 0238091 203.5081 287.4610 13.87622295490065
0 COSMOS 2251 DEB
1 34721U 93036YP  18303.42223991 +.00000201 +00000-0 +15236-3 0  9998
2 34721 073.9253 107.1950 0238082 202.4537 184.2425 13.87622581490144
0 COSMOS 2251 DEB
1 34721U 93036YP  18306.90351549  .00000225  00000-0  16794-3 0  9991
2 34721  73.9258 101.2486 0238040 195.8821 294.6977 13.87624190490622
0 COSMOS 2251 DEB
1 34721U 93036YP  18307.82918123 +.00000223 +00000-0 +16678-3 0  9999
2 34721 073.9260 099.6675 0238027 194.1373 238.7938 13.87624624490756
0 COSMOS 2251 DEB
1 34721U 93036YP  18309.86394310  .00000203  00000-0  15329-3 0  9991
2 34721  73.9263  96.1921 0237976 190.3048 323.3013 13.87625544491033
0 COSMOS 2251 DEB
1 34721U 93036YP  18310.41622976 +.00000207 +00000-0 +15601-3 0  9993
2 34721 073.9264 095.2488 0237958 189.2659 202.2108 13.87625929491113
0 COSMOS 2251 DEB
1 34721U 93036YP  18311.50505537  .00000168  00000-0  12933-3 0  9998
2 34721  73.9265  93.3891 0237916 187.2152 241.3635 13.87626147491269
0 COSMOS 2251 DEB
1 34721U 93036YP  18311.80511142 +.00000181 +00000-0 +13853-3 0  9997
2 34721 073.9266 092.8767 0237901 186.6496 300.2742 13.87626368491308
0 COSMOS 2251 DEB
1 34721U 93036YP  18312.09309118 +.00000212 +00000-0 +15904-3 0  9991
2 34721 073.9267 092.3848 0237873 186.1010 298.8662 13.87626803491340
0 COSMOS 2251 DEB
1 34721U 93036YP  18313.82336894  .00000201  00000-0  15145-3 0  9999
2 34721  73.9268  89.4295 0237806 182.8458 302.3557 13.87627695491589
0 COSMOS 2251 DEB
1 34721U 93036YP  18315.39076672  .00000218  00000-0  16324-3 0  9996
2 34721  73.9270  86.7525 0237719 179.8952 212.1981 13.87628795491790
0 COSMOS 2251 DEB
1 34721U 93036YP  18316.78497394  .00000187  00000-0  14240-3 0  9998
2 34721  73.9272  84.3712 0237615 177.2724 336.8776 13.87629382491999
0 COSMOS 2251 DEB
1 34721U 93036YP  18317.06720288 +.00000190 +00000-0 +14396-3 0  9997
2 34721 073.9272 083.8891 0237597 176.7426 306.7355 13.87629580492038
0 COSMOS 2251 DEB
1 34721U 93036YP  18317.77831230 +.00000197 +00000-0 +14904-3 0  9997
2 34721 073.9272 082.6746 0237555 175.4097 259.0389 13.87630076492138
0 COSMOS 2251 DEB
1 34721U 93036YP  18318.34640204  .00000191  00000-0  14496-3 0  9990
2 34721  73.9273  81.7045 0237512 174.3429 216.8987 13.87630410492206
0 COSMOS 2251 DEB
1 34721U 93036YP  18319.35619326  .00000194  00000-0  14669-3 0  9998
2 34721  73.9274  79.9799 0237432 172.4442 221.2575 13.87631057492343
0 COSMOS 2251 DEB
1 34721U 93036YP  18320.74405220  .00000192  00000-0  14521-3 0  9994
2 34721  73.9275  77.6097 0237339 169.8291 314.2432 13.87631923492547
0 COSMOS 2251 DEB
1 34721U 93036YP  18321.30196942 +.00000166 +00000-0 +12777-3 0  9997
2 34721 073.9275 076.6566 0237267 168.7829 221.2886 13.87632121492622
0 COSMOS 2251 DEB
1 34721U 93036YP  18321.75881463  .00000176  00000-0  13500-3 0  9991
2 34721  73.9276  75.8763 0237223 167.9290 343.4323 13.87632440492681
0 COSMOS 2251 DEB
1 34721U 93036YP  18322.76832507 +.00000153 +00000-0 +11906-3 0  9991
2 34721 073.9276 074.1521 0237121 166.0294 346.3961 13.87632879492828
0 COSMOS 2251 DEB
1 34721U 93036YP  18323.70020041 +.00000152 +00000-0 +11840-3 0  9994
2 34721 073.9276 072.5604 0237038 164.2793 321.5371 13.87633428492958
0 COSMOS 2251 DEB
1 34721U 93036YP  18324.69876426  .00000193  00000-0  14633-3 0  9997
2 34721  73.9276  70.8549 0236924 162.4028 269.8216 13.87634298493095
0 COSMOS 2251 DEB
1 34721U 93036YP  18325.63465543 +.00000181 +00000-0 +13819-3 0  9998
2 34721 073.9276 069.2564 0236825 160.6398 265.0321 13.87634766493224
0 COSMOS 2251 DEB
1 34721U 93036YP  18326.73340806  .00000205  00000-0  15408-3 0  9997
2 34721  73.9277  67.3798 0236725 158.5650 353.8200 13.87635603493378
0 COSMOS 2251 DEB
1 34721U 93036YP  18327.74294500  .00000184  00000-0  13995-3 0  9993
2 34721  73.9277  65.6556 0236603 156.6601 356.9327 13.87636062493511
0 COSMOS 2251 DEB
1 34721U 93036YP  18328.29554836 +.00000212 +00000-0 +15896-3 0  9999
2 34721 073.9278 064.7120 0236540 155.6179 237.4498 13.87636685493599
0 COSMOS 2251 DEB
1 34721U 93036YP  18328.96253794  .00000233  00000-0  17310-3 0  9998
2 34721  73.9278  63.5728 0236498 154.3517 329.3886 13.87637247493681
0 COSMOS 2251 DEB
1 34721U 93036YP  18328.96253794 +.00000233 +00000-0 +17310-3 0  9998
2 34721 073.9278 063.5728 0236498 154.3517 329.3886 13.87637247493681
0 COSMOS 2251 DEB
1 34721U 93036YP  18330.24178049  .00000220  00000-0  16439-3 0  9998
2 34721  73.9279  61.3881 0236339 151.9350 239.8194 13.87638022493858
0 COSMOS 2251 DEB
1 34721U 93036YP  18330.31947878 +.00000225 +00000-0 +16780-3 0  9994
2 34721 073.9279 061.2554 0236331 151.7877 267.9608 13.87638132493874
0 COSMOS 2251 DEB
1 34721U 93036YP  18330.69815427 +.00000228 +00000-0 +16966-3 0  9998
2 34721 073.9279 060.6087 0236281 151.0715 359.6286 13.87638382493920
0 COSMOS 2251 DEB
1 34721U 93036YP  18331.32890206  .00000221  00000-0  16516-3 0  9991
2 34721  73.9280  59.5314 0236205 149.8754 270.5240 13.87638818494012
0 COSMOS 2251 DEB
1 34721U 93036YP  18331.70780644 +.00000203 +00000-0 +15304-3 0  9991
2 34721 073.9280 058.8844 0236154 149.1582 003.3358 13.87638914494061
0 COSMOS 2251 DEB
1 34721U 93036YP  18332.71808766  .00000226  00000-0  16868-3 0  9990
2 34721  73.9281  57.1591 0236014 147.2456  10.1877 13.87639782494209
0 COSMOS 2251 DEB
1 34721U 93036YP  18334.20670189  .00000255  00000-0  18820-3 0  9994
2 34721  73.9281  54.6168 0235820 144.4221 246.5582 13.87641065494401
0 COSMOS 2251 DEB
1 34721U 93036YP  18334.66313771 +.00000259 +00000-0 +19096-3 0  9995
2 34721 073.9282 053.8374 0235750 143.5585 006.6814 13.87641388494475
0 COSMOS 2251 DEB
1 34721U 93036YP  18335.21637462  .00000263  00000-0  19329-3 0  9997
2 34721  73.9282  52.8926 0235677 142.5074 250.3804 13.87641895494545
0 COSMOS 2251 DEB
1 34721U 93036YP  18335.67264307 +.00000268 +00000-0 +19710-3 0  9990
2 34721 073.9282 052.1134 0235616 141.6433 009.6695 13.87642216494610
0 COSMOS 2251 DEB
1 34721U 93036YP  18336.59368353  .00000265  00000-0  19490-3 0  9990
2 34721  73.9283  50.5404 0235486 139.8933 290.7357 13.87642888494749
0 COSMOS 2251 DEB
1 34721U 93036YP  18337.90141469  .00000258  00000-0  19016-3 0  9999
2 34721  73.9283  48.3072 0235300 137.4039 343.5259 13.87643748494925
0 COSMOS 2251 DEB
1 34721U 93036YP  18338.61282589 +.00000285 +00000-0 +20874-3 0  9991
2 34721 073.9283 047.0922 0235197 136.0497 297.3936 13.87644428495028
0 COSMOS 2251 DEB
1 34721U 93036YP  18339.18137819  .00000290  00000-0  21219-3 0  9999
2 34721  73.9283  46.1213 0235112 134.9662 257.6093 13.87644914495101
0 COSMOS 2251 DEB
1 34721U 93036YP  18339.63755197 +.00000306 +00000-0 +22318-3 0  9993
2 34721 073.9283 045.3422 0235041 134.0982 016.4354 13.87645354495167
0 COSMOS 2251 DEB
1 34721U 93036YP  18340.19090497  .00000311  00000-0  22617-3 0  9999
2 34721  73.9283  44.3972 0234964 133.0425 260.7255 13.87645828495249
0 COSMOS 2251 DEB
1 34721U 93036YP  18342.21457272  .00000346  00000-0  25008-3 0  9997
2 34721  73.9283  40.9410 0234698 129.1786 290.0259 13.87647705495525
0 COSMOS 2251 DEB
1 34721U 93036YP  18342.59317170 +.00000361 +00000-0 +26007-3 0  9997
2 34721 073.9282 040.2943 0234656 128.4547 021.3324 13.87648098495578
0 COSMOS 2251 DEB
1 34721U 93036YP  18343.22382453  .00000364  00000-0  26258-3 0  9995
2 34721  73.9282  39.2173 0234575 127.2495 291.7847 13.87648728495663
0 COSMOS 2251 DEB
1 34721U 93036YP  18344.15590940 +.00000378 +00000-0 +27161-3 0  9999
2 34721 073.9282 037.6254 0234450 125.4652 268.0596 13.87649735495793
0 COSMOS 2251 DEB
1 34721U 93036YP  18346.46860304  .00000408  00000-0  29254-3 0  9998
2 34721  73.9281  33.6757 0234163 121.0336 301.2494 13.87652155496112
0 COSMOS 2251 DEB
1 34721U 93036YP  18347.47829924  .00000431  00000-0  30830-3 0  9991
2 34721  73.9280  31.9513 0234041 119.0948 305.2533 13.87653333496255
0 COSMOS 2251 DEB
1 34721U 93036YP  18348.57112236  .00000445  00000-0  31736-3 0  9995
2 34721  73.9280  30.0848 0233947 116.9973   4.5270 13.87654554496404
0 COSMOS 2251 DEB
1 34721U 93036YP  18349.58123947  .00000455  00000-0  32434-3 0  9995
2 34721  73.9280  28.3597 0233866 115.0567  10.6414 13.87655564496549
0 COSMOS 2251 DEB
1 34721U 93036YP  18350.80552262  .00000464  00000-0  33046-3 0  9998
2 34721  73.9280  26.2689 0233743 112.6999   6.6469 13.87656734496718
0 COSMOS 2251 DEB
1 34721U 93036YP  18351.52689522 +.00000493 +00000-0 +35076-3 0  9995
2 34721 073.9280 025.0370 0233677 111.3102 010.3262 13.87657600496817
0 COSMOS 2251 DEB
1 34721U 93036YP  18352.16314770  .00000490  00000-0  34855-3 0  9997
2 34721  73.9279  23.9502 0233627 110.0874 308.7789 13.87658212496904
0 COSMOS 2251 DEB
1 34721U 93036YP  18352.53676569 +.00000496 +00000-0 +35220-3 0  9998
2 34721 073.9279 023.3121 0233590 109.3669 015.2216 13.87658557496959
0 COSMOS 2251 DEB
1 34721U 93036YP  18353.46240833  .00000499  00000-0  35484-3 0  9997
2 34721  73.9279  21.7312 0233516 107.5830 319.3554 13.87659429497088
0 COSMOS 2251 DEB
1 34721U 93036YP  18354.39847573 +.00000536 +00000-0 +37992-3 0  9992
2 34721 073.9278 020.1324 0233439 105.7787 315.5715 13.87660552497219
0 COSMOS 2251 DEB
1 34721U 93036YP  18354.77080154  .00000552  00000-0  39069-3 0  9993
2 34721  73.9278  19.4965 0233421 105.0606  15.5632 13.87661047497265
0 COSMOS 2251 DEB
1 34721U 93036YP  18355.11870421 +.00000540 +00000-0 +38277-3 0  9993
2 34721 073.9278 018.9023 0233407 104.3910 313.5449 13.87661336497312
0 COSMOS 2251 DEB
1 34721U 93036YP  18356.50667897  .00000553  00000-0  39141-3 0  9993
2 34721  73.9277  16.5317 0233322 101.7123  47.3214 13.87662857497506
0 COSMOS 2251 DEB
1 34721U 93036YP  18357.51129435  .00000565  00000-0  39961-3 0  9999
2 34721  73.9277  14.8159 0233272  99.7721  25.9921 13.87664057497641
0 COSMOS 2251 DEB
1 34721U 93036YP  18358.14852235 +.00000552 +00000-0 +39112-3 0  9994
2 34721 073.9277 013.7275 0233253 098.5428 329.3367 13.87664646497737
0 COSMOS 2251 DEB
1 34721U 93036YP  18359.08365678  .00000567  00000-0  40112-3 0  9996
2 34721  73.9276  12.1304 0233222  96.7355 320.9136 13.87665723497869
0 COSMOS 2251 DEB
1 34721U 93036YP  18359.74457470 +.00000574 +00000-0 +40600-3 0  9991
2 34721 073.9276 011.0015 0233201 095.4583 022.6107 13.87666457497951
0 COSMOS 2251 DEB
1 34721U 93036YP  18360.09298940  .00000589  00000-0  41596-3 0  9997
2 34721  73.9276  10.4064 0233191  94.7846 323.1609 13.87666957498008
0 COSMOS 2251 DEB
1 34721U 93036YP  18360.75279118 +.00000558 +00000-0 +39520-3 0  9996
2 34721 073.9274 009.2792 0233192 093.5191 019.2747 13.87667446498090
0 COSMOS 2251 DEB
1 34721U 93036YP  18361.10241003  .00000552  00000-0  39057-3 0  9997
2 34721  73.9275   8.6820 0233193  92.8467 325.8377 13.87667797498145
0 COSMOS 2251 DEB
1 34721U 93036YP  18363.70971127  .00000633  00000-0  44629-3 0  9993
2 34721  73.9274   4.2285 0233189  87.8092  30.9611 13.87670900498509
0 COSMOS 2251 DEB
1 34721U 93036YP  18364.43648840 +.00000641 +00000-0 +45148-3 0  9993
2 34721 073.9274 002.9871 0233197 086.4080 061.6761 13.87671738498604
0 COSMOS 2251 DEB
1 34721U 93036YP  18364.71794365  .00000631  00000-0  44453-3 0  9995
2 34721  73.9274   2.5064 0233200  85.8622  27.7277 13.87671985498647
0 COSMOS 2251 DEB
1 34721U 93036YP  18365.44597821 +.00000636 +00000-0 +44792-3 0  9995
2 34721 073.9274 001.2629 0233209 084.4597 064.7267 13.87672863498742
0 COSMOS 2251 DEB
1 34721U 93036YP  18365.99952627  .00000637  00000-0  44870-3 0  9992
2 34721  73.9274   0.3173 0233225  83.3920 310.0566 13.87673532498824
0 COSMOS 2251 DEB
1 34721U 93036YP  19002.01454532  .00000620  00000-0  43707-3 0  9996
2 34721  73.9274 358.5837 0233249  81.4351 340.7330 13.87674543498969
0 COSMOS 2251 DEB
1 34721U 93036YP  19002.94532667 +.00000638 +00000-0 +44964-3 0  9999
2 34721 073.9274 356.9940 0233279 079.6418 310.5912 13.87675737499094
0 COSMOS 2251 DEB
1 34721U 93036YP  19003.02272241  .00000651  00000-0  45785-3 0  9995
2 34721  73.9274 356.8618 0233283  79.4922 337.2346 13.87675944499107
0 COSMOS 2251 DEB
1 34721U 93036YP  19003.68302176 +.00000627 +00000-0 +44211-3 0  9994
2 34721 073.9274 355.7340 0233294 078.2210 035.8600 13.87676555499198
0 COSMOS 2251 DEB
1 34721U 93036YP  19004.03203748  .00000614  00000-0  43309-3 0  9992
2 34721  73.9274 355.1379 0233317  77.5475 339.4236 13.87676924499249
0 COSMOS 2251 DEB
1 34721U 93036YP  19004.41084233 +.00000613 +00000-0 +43217-3 0  9997
2 34721 073.9274 354.4909 0233329 076.8181 071.8025 13.87677354499295
0 COSMOS 2251 DEB
1 34721U 93036YP  19007.36663935  .00000608  00000-0  42907-3 0  9995
2 34721  73.9276 349.4424 0233493  71.1256  77.9674 13.87680593499708
0 COSMOS 2251 DEB
1 34721U 93036YP  19007.92004100 +.00000615 +00000-0 +43323-3 0  9991
2 34721 073.9277 348.4972 0233520 070.0637 322.5761 13.87681300499789
0 COSMOS 2251 DEB
1 34721U 93036YP  19008.37576200  .00000609  00000-0  42934-3 0  9996
2 34721  73.9278 347.7189 0233545  69.1870  79.2072 13.87681742499845
0 COSMOS 2251 DEB
1 34721U 93036YP  19009.59481775  .00000590  00000-0  41662-3 0  9999
2 34721  73.9279 345.6369 0233620  66.8424  49.2098 13.87682962500018
0 COSMOS 2251 DEB
1 34721U 93036YP  19009.59481775 +.00000590 +00000-0 +41662-3 0  9999
2 34721 073.9279 345.6369 0233620 066.8424 049.2098 13.87682962500018
0 COSMOS 2251 DEB
1 34721U 93036YP  19010.95413189  .00000599  00000-0  42231-3 0  9997
2 34721  73.9279 343.3151 0233765  64.2298 359.9017 13.87684393500206
0 COSMOS 2251 DEB
1 34721U 93036YP  19010.95413189 +.00000599 +00000-0 +42231-3 0  9997
2 34721 073.9279 343.3151 0233765 064.2298 359.9017 13.87684393500206
0 COSMOS 2251 DEB
1 34721U 93036YP  19011.96170132  .00000582  00000-0  41073-3 0  9992
2 34721  73.9279 341.5939 0233757  62.3047 353.3849 13.87685335500345
0 COSMOS 2251 DEB
1 34721U 93036YP  19011.96170132 +.00000582 +00000-0 +41073-3 0  9992
2 34721 073.9279 341.5939 0233757 062.3047 353.3849 13.87685335500345
0 COSMOS 2251 DEB
1 34721U 93036YP  19012.97122757  .00000553  00000-0  39138-3 0  9991
2 34721  73.9281 339.8699 0233801  60.3736 356.6492 13.87686253500489
0 COSMOS 2251 DEB
1 34721U 93036YP  19012.97122757 +.00000553 +00000-0 +39138-3 0  9991
2 34721 073.9281 339.8699 0233801 060.3736 356.6492 13.87686253500489
0 COSMOS 2251 DEB
1 34721U 93036YP  19013.63386667 +.00000534 +00000-0 +37797-3 0  9995
2 34721 073.9280 338.7378 0233856 059.0992 066.9867 13.87686788500579
0 COSMOS 2251 DEB
1 34721U 93036YP  19014.35419080  .00000537  00000-0  38061-3 0  9999
2 34721  73.9280 337.5075 0233907  57.7189  65.4979 13.87687536500671
0 COSMOS 2251 DEB
1 34721U 93036YP  19015.57899685  .00000511  00000-0  36264-3 0  9992
2 34721  73.9281 335.4157 0233992  55.3729  64.2428 13.87688544500843
0 COSMOS 2251 DEB
1 34721U 93036YP  19015.92662134 +.00000512 +00000-0 +36354-3 0  9999
2 34721 073.9280 334.8220 0234021 054.7085 000.8650 13.87688920500894
0 COSMOS 2251 DEB
1 34721U 93036YP  19016.58698098  .00000499  00000-0  35433-3 0  9991
2 34721  73.9281 333.6940 0234067  53.4463  59.8144 13.87689499500981
0 COSMOS 2251 DEB
1 34721U 93036YP  19017.59563839  .00000471  00000-0  33513-3 0  9994
2 34721  73.9281 331.9713 0234133  51.5166  58.7550 13.87690384501124
0 COSMOS 2251 DEB
1 34721U 93036YP  19017.59563839 +.00000471 +00000-0 +33513-3 0  9994
2 34721 073.9281 331.9713 0234133 051.5166 058.7550 13.87690384501124
0 COSMOS 2251 DEB
1 34721U 93036YP  19018.53387823 +.00000453 +00000-0 +32328-3 0  9999
2 34721 073.9282 330.3687 0234221 049.7227 065.9124 13.87691165501252
0 COSMOS 2251 DEB
1 34721U 93036YP  19018.95705455 +.00000442 +00000-0 +31571-3 0  9997
2 34721 073.9282 329.6460 0234283 048.9161 019.9687 13.87691451501316
0 COSMOS 2251 DEB
1 34721U 93036YP  19019.17122949  .00000457  00000-0  32560-3 0  9998
2 34721  73.9281 329.2802 0234220  48.5088   9.9204 13.87691749501343
0 COSMOS 2251 DEB
1 34721U 93036YP  19019.89146848 +.00000462 +00000-0 +32894-3 0  9997
2 34721 073.9281 328.0502 0234282 047.1333 008.0152 13.87692483501442
0 COSMOS 2251 DEB
1 34721U 93036YP  19020.55213258  .00000459  00000-0  32735-3 0  9992
2 34721  73.9281 326.9218 0234326  45.8704  68.4939 13.87693060501534
0 COSMOS 2251 DEB
1 34721U 93036YP  19020.90077802 +.00000455 +00000-0 +32418-3 0  9998
2 34721 073.9281 326.3263 0234354 045.2055 010.2208 13.87693383501589
0 COSMOS 2251 DEB
1 34721U 93036YP  19021.56075414 +.00000440 +00000-0 +31440-3 0  9996
2 34721 073.9280 325.1991 0234402 043.9454 067.2633 13.87693898501670
0 COSMOS 2251 DEB
1 34721U 93036YP  19021.83310794 +.00000440 +00000-0 +31444-3 0  9993
2 34721 073.9280 324.7339 0234425 043.4253 347.8619 13.87694170501718
0 COSMOS 2251 DEB
1 34721U 93036YP  19022.92196771  .00000439  00000-0  31370-3 0  9997
2 34721  73.9282 322.8740 0234505  41.3466  27.4823 13.87695118501864
0 COSMOS 2251 DEB
1 34721U 93036YP  19023.50853302 +.00000438 +00000-0 +31280-3 0  9991
2 34721 073.9282 321.8722 0234550 040.2261 077.7902 13.87695560501940
0 COSMOS 2251 DEB
1 34721U 93036YP  19024.14538372  .00000464  00000-0  33073-3 0  9990
2 34721  73.9283 320.7843 0234574  39.0115  19.3099 13.87696293502037
0 COSMOS 2251 DEB
1 34721U 93036YP  19024.51735133 +.00000462 +00000-0 +32916-3 0  9998
2 34721 073.9283 320.1490 0234598 038.3019 077.5515 13.87696612502089
0 COSMOS 2251 DEB
1 34721U 93036YP  19024.86555925 +.00000458 +00000-0 +32648-3 0  9992
2 34721 073.9283 319.5542 0234621 037.6381 017.0968 13.87696937502137
0 COSMOS 2251 DEB
1 34721U 93036YP  19026.46326770  .00000447  00000-0  31891-3 0  9991
2 34721  73.9283 316.8253 0234736  34.5901  78.7912 13.87698457502353
0 COSMOS 2251 DEB
1 34721U 93036YP  19026.80712971 +.00000444 +00000-0 +31697-3 0  9992
2 34721 073.9283 316.2381 0234755 033.9342 356.6286 13.87698793502403
0 COSMOS 2251 DEB
1 34721U 93036YP  19027.47325497  .00000435  00000-0  31109-3 0  9997
2 34721  73.9282 315.1006 0234780  32.6665  84.3998 13.87699351502491
0 COSMOS 2251 DEB
1 34721U 93036YP  19028.48264154  .00000438  00000-0  31294-3 0  9999
2 34721  73.9282 313.3766 0234851  30.7434  87.0116 13.87700336502630
0 COSMOS 2251 DEB
1 34721U 93036YP  19029.76337066  .00000427  00000-0  30520-3 0  9993
2 34721  73.9281 311.1892 0234891  28.2993   5.1849 13.87701622502814
0 COSMOS 2251 DEB
1 34721U 93036YP  19030.49956201 +.00000410 +00000-0 +29386-3 0  9993
2 34721 073.9281 309.9317 0234937 026.8963 082.9960 13.87702237502914
0 COSMOS 2251 DEB
1 34721U 93036YP  19031.43785104  .00000411  00000-0  29486-3 0  9992
2 34721  73.9280 308.3291 0234992  25.1097  90.4327 13.87703099503041
0 COSMOS 2251 DEB
1 34721U 93036YP  19032.79527361  .00000424  00000-0  30348-3 0  9994
2 34721  73.9279 306.0106 0235063  22.5265  31.7499 13.87704340503236
0 COSMOS 2251 DEB
1 34721U 93036YP  19033.72731101 +.00000447 +00000-0 +31921-3 0  9990
2 34721 073.9280 304.4185 0235146 020.7503 007.9650 13.87705409503369
0 COSMOS 2251 DEB
1 34721U 93036YP  19034.09432142  .00000463  00000-0  33009-3 0  9991
2 34721  73.9280 303.7917 0235168  20.0501  41.4548 13.87705863503418
0 COSMOS 2251 DEB
1 34721U 93036YP  19034.73679187 +.00000468 +00000-0 +33346-3 0  9993
2 34721 073.9279 302.6943 0235208 018.8278 011.0700 13.87706582503506
0 COSMOS 2251 DEB
1 34721U 93036YP  19035.10391413  .00000471  00000-0  33533-3 0  9990
2 34721  73.9279 302.0673 0235224  18.1288  45.1183 13.87706945503553
0 COSMOS 2251 DEB
1 34721U 93036YP  19035.82566743 +.00000451 +00000-0 +32165-3 0  9997
2 34721 073.9279 300.8345 0235264 016.7576 050.8094 13.87707501503657
0 COSMOS 2251 DEB
1 34721U 93036YP  19036.04047632 +.00000484 +00000-0 +34426-3 0  9991
2 34721 073.9278 300.4677 0235257 016.3484 043.9419 13.87707958503689
0 COSMOS 2251 DEB
1 34721U 93036YP  19037.42150556  .00000496  00000-0  35250-3 0  9993
2 34721  73.9277 298.1088 0235330  13.7260 103.2117 13.87709492503873
0 COSMOS 2251 DEB
1 34721U 93036YP  19037.69196744 +.00000495 +00000-0 +35168-3 0  9998
2 34721 073.9276 297.6468 0235344 013.2123 014.3713 13.87709796503912
0 COSMOS 2251 DEB
1 34721U 93036YP  19038.42971362  .00000493  00000-0  35005-3 0  9995
2 34721  73.9275 296.3867 0235379  11.8122  99.9667 13.87710636504015
0 COSMOS 2251 DEB
1 34721U 93036YP  19038.70166229 +.00000484 +00000-0 +34416-3 0  9999
2 34721 073.9275 295.9222 0235392 011.2959 018.5550 13.87710914504053
0 COSMOS 2251 DEB
1 34721U 93036YP  19039.71111527  .00000482  00000-0  34252-3 0  9998
2 34721  73.9272 294.1978 0235432   9.3805  21.5342 13.87712064504198
0 COSMOS 2251 DEB
1 34721U 93036YP  19040.72584012  .00000487  00000-0  34629-3 0  9997
2 34721  73.9271 292.4646 0235487   7.4548  50.8543 13.87713208504338
0 COSMOS 2251 DEB
1 34721U 93036YP  19041.73417355  .00000487  00000-0  34630-3 0  9996
2 34721  73.9270 290.7423 0235532   5.5449  48.2446 13.87714321504476
0 COSMOS 2251 DEB
1 34721U 93036YP  19042.66642337 +.00000485 +00000-0 +34499-3 0  9990
2 34721 073.9268 289.1498 0235576 003.7771 025.5458 13.87715403504601
0 COSMOS 2251 DEB
1 34721U 93036YP  19045.35195781  .00000504  00000-0  35777-3 0  9997
2 34721  73.9264 284.5625 0235664 358.6837 121.8653 13.87718473504978
0 COSMOS 2251 DEB
1 34721U 93036YP  19046.35999138  .00000515  00000-0  36534-3 0  9990
2 34721  73.9262 282.8407 0235696 356.7747 117.7760 13.87719633505118
0 COSMOS 2251 DEB
1 34721U 93036YP  19046.70832025 +.00000508 +00000-0 +36075-3 0  9992
2 34721 073.9262 282.2456 0235713 356.1178 057.9472 13.87719987505160
0 COSMOS 2251 DEB
1 34721U 93036YP  19047.37014184  .00000517  00000-0  36661-3 0  9995
2 34721  73.9261 281.1152 0235728 354.8647 124.2635 13.87720785505259
0 COSMOS 2251 DEB
1 34721U 93036YP  19047.64050019 +.00000516 +00000-0 +36558-3 0  9996
2 34721 073.9261 280.6533 0235731 354.3556 034.9123 13.87721084505290
0 COSMOS 2251 DEB
1 34721U 93036YP  19048.64976490  .00000516  00000-0  36577-3 0  9998
2 34721  73.9258 278.9290 0235752 352.4456  36.9818 13.87722178505431
0 COSMOS 2251 DEB
1 34721U 93036YP  19049.58570574 +.00000529 +00000-0 +37488-3 0  9991
2 34721 073.9258 277.3300 0235778 350.6720 032.7466 13.87723238505563
0 COSMOS 2251 DEB
1 34721U 93036YP  19050.32588230  .00000536  00000-0  37974-3 0  9991
2 34721  73.9259 276.0656 0235806 349.2682 130.5177 13.87724100505663
0 COSMOS 2251 DEB
1 34721U 93036YP  19050.67312892 +.00000533 +00000-0 +37763-3 0  9991
2 34721 073.9258 275.4723 0235810 348.6160 065.2852 13.87724479505718
0 COSMOS 2251 DEB
1 34721U 93036YP  19051.33356576  .00000520  00000-0  36841-3 0  9994
2 34721  73.9257 274.3441 0235833 347.3643 124.6946 13.87725139505807
0 COSMOS 2251 DEB
1 34721U 93036YP  19051.60519083 +.00000517 +00000-0 +36675-3 0  9999
2 34721 073.9256 273.8801 0235832 346.8496 041.6795 13.87725452505841
0 COSMOS 2251 DEB
1 34721U 93036YP  19052.27125091 +.00000497 +00000-0 +35297-3 0  9991
2 34721 073.9257 272.7422 0235855 345.5875 129.1834 13.87726053505935
0 COSMOS 2251 DEB
1 34721U 93036YP  19052.69341106  .00000488  00000-0  34704-3 0  9996
2 34721  73.9256 272.0209 0235856 344.7917  78.2081 13.87726437505999
0 COSMOS 2251 DEB
1 34721U 93036YP  19054.56037005  .00000465  00000-0  33123-3 0  9993
2 34721  73.9253 268.8314 0235884 341.2519  45.1760 13.87728061506259
0 COSMOS 2251 DEB
1 34721U 93036YP  19055.57002542  .00000452  00000-0  32286-3 0  9998
2 34721  73.9252 267.1065 0235885 339.3351  49.2276 13.87728974506391
0 COSMOS 2251 DEB
1 34721U 93036YP  19056.57932916  .00000428  00000-0  30650-3 0  9992
2 34721  73.9252 265.3822 0235882 337.4217  51.5213 13.87729687506534
0 COSMOS 2251 DEB
1 34721U 93036YP  19057.03671023 +.00000430 +00000-0 +30775-3 0  9994
2 34721 073.9252 264.6009 0235880 336.5549 176.5128 13.87730038506590
0 COSMOS 2251 DEB
1 34721U 93036YP  19058.25577726  .00000439  00000-0  31390-3 0  9997
2 34721  73.9251 262.5182 0235900 334.2438 146.7492 13.87730949506766
0 COSMOS 2251 DEB
1 34721U 93036YP  19059.53481392  .00000457  00000-0  32653-3 0  9995
2 34721  73.9250 260.3330 0235905 331.8121  56.5971 13.87732146506933
0 COSMOS 2251 DEB
1 34721U 93036YP  19060.54412264  .00000426  00000-0  30536-3 0  9994
2 34721  73.9250 258.6086 0235906 329.8939  58.9314 13.87732755507075
0 COSMOS 2251 DEB
1 34721U 93036YP  19060.91164531 +.00000430 +00000-0 +30828-3 0  9995
2 34721 073.9251 257.9807 0235908 329.1872 095.0222 13.87733088507137
0 COSMOS 2251 DEB
1 34721U 93036YP  19061.92128566  .00000437  00000-0  31310-3 0  9999
2 34721  73.9252 256.2558 0235928 327.2674  99.0196 13.87733955507276
0 COSMOS 2251 DEB
1 34721U 93036YP  19061.92128566 +.00000437 +00000-0 +31310-3 0  9999
2 34721 073.9252 256.2558 0235928 327.2674 099.0196 13.87733955507276
0 COSMOS 2251 DEB
1 34721U 93036YP  19062.56894208 +.00000451 +00000-0 +32196-3 0  9992
2 34721 073.9251 255.1492 0235930 326.0358 094.6072 13.87734614507366
0 COSMOS 2251 DEB
1 34721U 93036YP  19063.22959785  .00000439  00000-0  31439-3 0  9993
2 34721  73.9251 254.0205 0235943 324.7782 155.1396 13.87735126507457
0 COSMOS 2251 DEB
1 34721U 93036YP  19064.23905185  .00000420  00000-0  30106-3 0  9990
2 34721  73.9251 252.2958 0235955 322.8575 158.2154 13.87735965507596
0 COSMOS 2251 DEB
1 34721U 93036YP  19064.50889017 +.00000411 +00000-0 +29524-3 0  9997
2 34721 073.9251 251.8348 0235951 322.3425 066.2880 13.87736185507633
0 COSMOS 2251 DEB
1 34721U 93036YP  19065.51807274  .00000396  00000-0  28488-3 0  9994
2 34721  73.9251 250.1107 0235962 320.4207  68.0133 13.87737008507767
0 COSMOS 2251 DEB
1 34721U 93036YP  19066.53371477  .00000391  00000-0  28184-3 0  9996
2 34721  73.9251 248.3754 0235970 318.4859 102.0123 13.87737809507917
0 COSMOS 2251 DEB
1 34721U 93036YP  19067.54345689  .00000393  00000-0  28329-3 0  9997
2 34721  73.9251 246.6504 0235988 316.5564 106.5452 13.87738653508050
0 COSMOS 2251 DEB
1 34721U 93036YP  19067.92169174 +.00000395 +00000-0 +28441-3 0  9999
2 34721 073.9250 246.0039 0235974 315.8297 196.1593 13.87738941508103
0 COSMOS 2251 DEB
1 34721U 93036YP  19068.55109955  .00000391  00000-0  28165-3 0  9999
2 34721  73.9250 244.9285 0235972 314.6163 100.6075 13.87739466508197
0 COSMOS 2251 DEB
1 34721U 93036YP  19068.93105997 +.00000394 +00000-0 +28377-3 0  9991
2 34721 073.9250 244.2795 0235984 313.8887 198.8408 13.87739768508243
0 COSMOS 2251 DEB
1 34721U 93036YP  19069.85015227  .00000405  00000-0  29148-3 0  9999
2 34721  73.9251 242.7092 0236012 312.1146 110.5236 13.87740550508375
0 COSMOS 2251 DEB
1 34721U 93036YP  19070.49201959 +.00000410 +00000-0 +29435-3 0  9995
2 34721 073.9251 241.6126 0236032 310.8863 077.2115 13.87741041508465
0 COSMOS 2251 DEB
1 34721U 93036YP  19070.95076113 +.00000430 +00000-0 +30835-3 0  9996
2 34721 073.9252 240.8288 0236054 310.0079 209.0275 13.87741470508526
0 COSMOS 2251 DEB
1 34721U 93036YP  19071.15941150  .00000429  00000-0  30721-3 0  9993
2 34721  73.9252 240.4723 0236066 309.6089 171.4181 13.87741590508558
0 COSMOS 2251 DEB
1 34721U 93036YP  19072.16857819  .00000462  00000-0  32972-3 0  9990
2 34721  73.9253 238.7482 0236113 307.6751 173.0945 13.87742550508696
0 COSMOS 2251 DEB
1 34721U 93036YP  19072.89583032 +.00000480 +00000-0 +34173-3 0  9998
2 34721 073.9254 237.5057 0236149 306.2812 206.3617 13.87743238508795
0 COSMOS 2251 DEB
1 34721U 93036YP  19073.90549271  .00000498  00000-0  35409-3 0  9990
2 34721  73.9255 235.7809 0236225 304.3401 210.5270 13.87744198508933
0 COSMOS 2251 DEB
1 34721U 93036YP  19073.90549271 +.00000498 +00000-0 +35409-3 0  9990
2 34721 073.9255 235.7809 0236225 304.3401 210.5270 13.87744198508933
0 COSMOS 2251 DEB
1 34721U 93036YP  19076.86062605  .00000527  00000-0  37370-3 0  9991
2 34721  73.9259 230.7321 0236394 298.6907 214.0394 13.87746788509343
0 COSMOS 2251 DEB
1 34721U 93036YP  19080.09827639  .00000503  00000-0  35715-3 0  9992
2 34721  73.9262 225.2011 0236607 292.5105 188.9957 13.87749424509795
0 COSMOS 2251 DEB
1 34721U 93036YP  19081.37701514  .00000505  00000-0  35878-3 0  9999
2 34721  73.9262 223.0165 0236696 290.0648  97.4527 13.87750561509964
0 COSMOS 2251 DEB
1 34721U 93036YP  19082.75430736  .00000504  00000-0  35783-3 0  9991
2 34721  73.9263 220.6634 0236795 287.4351 138.2735 13.87751647510165
0 COSMOS 2251 DEB
1 34721U 93036YP  19083.05349947 +.00000500 +00000-0 +35516-3 0  9998
2 34721 073.9263 220.1522 0236835 286.8597 193.0132 13.87751828510202
0 COSMOS 2251 DEB
1 34721U 93036YP  19084.79040591  .00000512  00000-0  36310-3 0  9999
2 34721  73.9265 217.1850 0236984 283.5428 230.4423 13.87753278510442
0 COSMOS 2251 DEB
1 34721U 93036YP  19085.70956111 +.00000513 +00000-0 +36379-3 0  9991
2 34721 073.9266 215.6147 0237071 281.7886 142.4631 13.87754112510576
0 COSMOS 2251 DEB
1 34721U 93036YP  19086.34891053  .00000504  00000-0  35757-3 0  9994
2 34721  73.9266 214.5225 0237128 280.5682  96.5999 13.87754671510650
0 COSMOS 2251 DEB
1 34721U 93036YP  19089.30609972  .00000493  00000-0  35007-3 0  9995
2 34721  73.9269 209.4707 0237415 274.9267 110.4888 13.87757477511062
0 COSMOS 2251 DEB
1 34721U 93036YP  19090.77375060  .00000470  00000-0  33453-3 0  9994
2 34721  73.9269 206.9633 0237560 272.1322 242.7648 13.87758774511272
0 COSMOS 2251 DEB
1 34721U 93036YP  19091.32512977 +.00000470 +00000-0 +33448-3 0  9990
2 34721 073.9269 206.0214 0237623 271.0819 117.4176 13.87759354511355
0 COSMOS 2251 DEB
1 34721U 93036YP  19092.72024094 +.00000477 +00000-0 +33877-3 0  9996
2 34721 073.9270 203.6382 0237785 268.4264 247.2997 13.87760711511542
0 COSMOS 2251 DEB
1 34721U 93036YP  19093.00163490 +.00000486 +00000-0 +34525-3 0  9993
2 34721 073.9270 203.1575 0237806 267.8900 213.1272 13.87761066511581
0 COSMOS 2251 DEB
1 34721U 93036YP  19094.28071083  .00000487  00000-0  34581-3 0  9993
2 34721  73.9270 200.9723 0237939 265.4561 123.3122 13.87762352511759
0 COSMOS 2251 DEB
1 34721U 93036YP  19094.64754809 +.00000492 +00000-0 +34854-3 0  9996
2 34721 073.9270 200.3457 0237985 264.7586 156.0092 13.87762723511815
0 COSMOS 2251 DEB
1 34721U 93036YP  19095.28981255  .00000503  00000-0  35597-3 0  9992
2 34721  73.9270 199.2484 0238051 263.5383 124.7249 13.87763478511890
0 COSMOS 2251 DEB
1 34721U 93036YP  19096.66745668  .00000539  00000-0  37996-3 0  9995
2 34721  73.9271 196.8950 0238201 260.9211 167.3603 13.87765156512095
0 COSMOS 2251 DEB
1 34721U 93036YP  19098.24321230  .00000554  00000-0  39011-3 0  9993
2 34721  73.9271 194.2031 0238365 257.9293 119.7590 13.87767129512317
0 COSMOS 2251 DEB
1 34721U 93036YP  19098.61304491 +.00000561 +00000-0 +39463-3 0  9993
2 34721 073.9272 193.5713 0238406 257.2278 167.4258 13.87767611512361
0 COSMOS 2251 DEB
1 34721U 93036YP  19103.21910186  .00000539  00000-0  37930-3 0  9992
2 34721  73.9271 185.7025 0238872 248.4995 139.1206 13.87773434513005
0 COSMOS 2251 DEB
1 34721U 93036YP  19103.58672663 +.00000537 +00000-0 +37849-3 0  9994
2 34721 073.9270 185.0745 0238927 247.8034 175.7643 13.87773882513057
0 COSMOS 2251 DEB
1 34721U 93036YP  19104.89606574  .00000537  00000-0  37779-3 0  9999
2 34721  73.9269 182.8376 0239048 245.3261 237.1908 13.87775504513230
0 COSMOS 2251 DEB
1 34721U 93036YP  19105.53213288 +.00000511 +00000-0 +36079-3 0  9991
2 34721 073.9268 181.7508 0239112 244.1194 174.9716 13.87776047513326
0 COSMOS 2251 DEB
1 34721U 93036YP  19106.63269628 +.00000524 +00000-0 +36938-3 0  9990
2 34721 073.9267 179.8706 0239205 242.0391 273.3659 13.87777420513474
0 COSMOS 2251 DEB
1 34721U 93036YP  19107.18390495 +.00000513 +00000-0 +36183-3 0  9998
2 34721 073.9266 178.9289 0239250 240.9973 147.1954 13.87777994513553
0 COSMOS 2251 DEB
1 34721U 93036YP  19108.19333160 +.00000510 +00000-0 +35957-3 0  9991
2 34721 073.9266 177.2044 0239334 239.0902 150.2769 13.87779082513681
0 COSMOS 2251 DEB
1 34721U 93036YP  19109.57103307  .00000512  00000-0  36109-3 0  9994
2 34721  73.9265 174.8507 0239442 236.4884 193.2595 13.87780555513880
0 COSMOS 2251 DEB
1 34721U 93036YP  19110.59702872  .00000502  00000-0  35409-3 0  9991
2 34721  73.9262 173.0969 0239512 234.5511 279.1280 13.87781599514025
0 COSMOS 2251 DEB
1 34721U 93036YP  19111.60624083  .00000454  00000-0  32201-3 0  9994
2 34721  73.9262 171.3728 0239583 232.6456 281.1483 13.87782362514166
0 COSMOS 2251 DEB
1 34721U 93036YP  19112.59940144 +.00000429 +00000-0 +30521-3 0  9997
2 34721 073.9261 169.6760 0239647 230.7713 202.9784 13.87783230514303
0 COSMOS 2251 DEB
1 34721U 93036YP  19113.53559209  .00000409  00000-0  29165-3 0  9990
2 34721  73.9261 168.0765 0239703 229.0055 200.1887 13.87784042514434
0 COSMOS 2251 DEB
1 34721U 93036YP  19114.25705939 +.00000376 +00000-0 +26944-3 0  9998
2 34721 073.9260 166.8441 0239760 227.6437 204.6431 13.87784546514535
0 COSMOS 2251 DEB
1 34721U 93036YP  19115.56522215  .00000342  00000-0  24606-3 0  9993
2 34721  73.9257 164.6086 0239815 225.1757 260.2343 13.87785509514711
0 COSMOS 2251 DEB
1 34721U 93036YP  19115.56522215 +.00000342 +00000-0 +24606-3 0  9993
2 34721 073.9257 164.6086 0239815 225.1757 260.2343 13.87785509514711
0 COSMOS 2251 DEB
1 34721U 93036YP  19117.21164723  .00000293  00000-0  21318-3 0  9995
2 34721  73.9255 161.7955 0239882 222.0701 205.7920 13.87786593514945
0 COSMOS 2251 DEB
1 34721U 93036YP  19117.79918118 +.00000277 +00000-0 +20226-3 0  9992
2 34721 073.9256 160.7922 0239904 220.9658 261.1150 13.87786910515026
0 COSMOS 2251 DEB
1 34721U 93036YP  19118.52093058  .00000263  00000-0  19339-3 0  9999
2 34721  73.9255 159.5592 0239941 219.6033 266.9867 13.87787325515127
0 COSMOS 2251 DEB
1 34721U 93036YP  19118.80851076 +.00000267 +00000-0 +19571-3 0  9994
2 34721 073.9255 159.0678 0239943 219.0620 263.7410 13.87787572515162
0 COSMOS 2251 DEB
1 34721U 93036YP  19120.08729247  .00000236  00000-0  17520-3 0  9999
2 34721  73.9253 156.8830 0239989 216.6446 172.5615 13.87788216515333
0 COSMOS 2251 DEB
1 34721U 93036YP  19122.48634803 +.00000283 +00000-0 +20656-3 0  9994
2 34721 073.9251 152.7838 0240032 212.1151 278.3031 13.87790138515679
0 COSMOS 2251 DEB
1 34721U 93036YP  19122.77354344  .00000294  00000-0  21356-3 0  9995
2 34721  73.9250 152.2933 0240043 211.5665 273.1469 13.87790456515710
0 COSMOS 2251 DEB
1 34721U 93036YP  19123.50014670 +.00000288 +00000-0 +20937-3 0  9999
2 34721 073.9250 151.0519 0240054 210.1921 303.2805 13.87790919515813
0 COSMOS 2251 DEB
1 34721U 93036YP  19124.13023478  .00000283  00000-0  20644-3 0  9995
2 34721  73.9249 149.9754 0240066 209.0012 211.2222 13.87791407515903
0 COSMOS 2251 DEB
1 34721U 93036YP  19124.50929035 +.00000290 +00000-0 +21068-3 0  9999
2 34721 073.9249 149.3277 0240065 208.2859 304.9957 13.87791693515953
0 COSMOS 2251 DEB
1 34721U 93036YP  19125.51880498  .00000311  00000-0  22484-3 0  9997
2 34721  73.9249 147.6028 0240074 206.3712 308.5761 13.87792642516099
0 COSMOS 2251 DEB
1 34721U 93036YP  19126.45027801 +.00000283 +00000-0 +20596-3 0  9992
2 34721 073.9249 146.0113 0240068 204.6069 282.2549 13.87793127516222
0 COSMOS 2251 DEB
1 34721U 93036YP  19127.15959772  .00000287  00000-0  20906-3 0  9990
2 34721  73.9248 144.7993 0240061 203.2613 226.0512 13.87793717516327
0 COSMOS 2251 DEB
1 34721U 93036YP  19127.74648530 +.00000296 +00000-0 +21481-3 0  9991
2 34721 073.9248 143.7965 0240046 202.1465 278.1729 13.87794212516409
0 COSMOS 2251 DEB
1 34721U 93036YP  19128.47382483  .00000295  00000-0  21403-3 0  9997
2 34721  73.9246 142.5537 0240051 200.7670 311.9986 13.87794714516506
0 COSMOS 2251 DEB
1 34721U 93036YP  19129.48339799  .00000288  00000-0  20946-3 0  9994
2 34721  73.9246 140.8287 0240036 198.8485 315.8833 13.87795353516642
