0 COSMOS 2251 DEB
1 34790U 93036AAT 09130.67544649 -.00000073  00000-0 -23638-4 0  9990
2 34790 074.0596 219.9622 0116270 307.2114 051.8534 14.13105487  8707
0 COSMOS 2251 DEB
1 34790U 93036AAT 09136.26814884 -.00000077  00000-0 -25657-4 0  9999
2 34790 074.0596 210.0885 0116270 295.9960 062.9294 14.13105227  9497
0 COSMOS 2251 DEB
1 34790U 93036AAT 09137.61322983 -.00000071  00000-0 -22674-4 0  9993
2 34790 074.0596 207.7138 0116270 293.2987 065.5974 14.13105230  9680
0 COSMOS 2251 DEB
1 34790U 93036AAT 09138.25037366 -.00000055 +00000-0 -14544-4 0  9991
2 34790 074.0596 206.5889 0116270 292.0210 066.8625 14.13105358009774
0 COSMOS 2251 DEB
1 34790U 93036AAT 09140.23260068  .00000002  00000-0  14116-4 0  9994
2 34790 074.0596 203.0893 0116270 288.0459 070.8085 14.13105869 10056
0 COSMOS 2251 DEB
1 34790U 93036AAT 09143.48911711  .00000138  00000-0  82025-4 0  9996
2 34790 074.0606 197.3306 0116116 281.3530 077.4726 14.13107243 10511
0 COSMOS 2251 DEB
1 34790U 93036AAT 09145.18816633  .00000018  00000-0  22003-4 0  9999
2 34790 074.0598 194.3312 0116090 277.7867 081.0039 14.13106569 10752
0 COSMOS 2251 DEB
1 34790U 93036AAT 09145.47134327 +.00000059 +00000-0 +42400-4 0  9992
2 34790 074.0602 193.8314 0116165 277.2175 081.5805 14.13106994010796
0 COSMOS 2251 DEB
1 34790U 93036AAT 09146.46245714  .00000086  00000-0  56147-4 0  9998
2 34790 074.0588 192.0803 0116143 275.1975 083.5954 14.13107435 10938
0 COSMOS 2251 DEB
1 34790U 93036AAT 09147.45357094 +.00000140 +00000-0 +83246-4 0  9994
2 34790 074.0588 190.3305 0116143 273.2101 085.5816 14.13108342011079
0 COSMOS 2251 DEB
1 34790U 93036AAT 09148.44468389  .00000228  00000-0  12713-3 0  9991
2 34790 074.0588 188.5806 0116143 271.2227 087.5661 14.13109469 11218
0 COSMOS 2251 DEB
1 34790U 93036AAT 09149.78976560  .00000210  00000-0  11814-3 0  9996
2 34790 074.0588 186.2057 0116142 268.5254 090.2558 14.13109924 11402
0 COSMOS 2251 DEB
1 34790U 93036AAT 09150.49770438 +.00000309 +00000-0 +16806-3 0  9997
2 34790 074.0589 184.9545 0116347 267.1004 091.6897 14.13111125011503
0 COSMOS 2251 DEB
1 34790U 93036AAT 09152.40913490  .00000282  00000-0  15443-3 0  9993
2 34790 074.0582 181.5784 0116315 263.2776 095.5088 14.13112074 11770
0 COSMOS 2251 DEB
1 34790U 93036AAT 09153.40024842 +.00000298 +00000-0 +16258-3 0  9990
2 34790 074.0582 179.8285 0116314 261.2902 097.5051 14.13112836011918
0 COSMOS 2251 DEB
1 34790U 93036AAT 09154.39136111  .00000306  00000-0  16638-3 0  9994
2 34790 074.0582 178.0785 0116313 259.3029 099.5024 14.13113652 12056
0 COSMOS 2251 DEB
1 34790U 93036AAT 09155.38247306 +.00000355 +00000-0 +19085-3 0  9996
2 34790 074.0574 176.3256 0116223 257.4492 101.3634 14.13114689012199
0 COSMOS 2251 DEB
1 34790U 93036AAT 09156.01961639  .00000343  00000-0  18473-3 0  9996
2 34790 074.0575 175.2014 0116340 256.1476 102.6702 14.13115039 12288
0 COSMOS 2251 DEB
1 34790U 93036AAT 09158.99295150  .00000527  00000-0  27689-3 0  9996
2 34790 074.0593 169.9495 0116597 249.9871 108.8987 14.13119653 12700
0 COSMOS 2251 DEB
1 34790U 93036AAT 09169.39957182  .00000499  00000-0  26309-3 0  9998
2 34790 074.0576 151.5721 0116222 229.1375 129.9566 14.13130536 14177
0 COSMOS 2251 DEB
1 34790U 93036AAT 09172.93923101  .00000255  00000-0  14060-3 0  9997
2 34790 074.0504 145.3068 0117580 222.0720 137.1323 14.13130478 14679
0 COSMOS 2251 DEB
1 34790U 93036AAT 09174.35509666  .00000729  00000-0  37791-3 0  9993
2 34790 074.0504 142.8056 0117579 219.2345 140.0426 14.13134594 14879
0 COSMOS 2251 DEB
1 34790U 93036AAT 09175.91253958  .00000161  00000-0  93521-4 0  9990
2 34790 074.0572 140.0597 0116222 216.5626 142.7223 14.13132625 15092
0 COSMOS 2251 DEB
1 34790U 93036AAT 09179.31061933  .00000054  00000-0  39731-4 0  9992
2 34790 074.0565 134.0591 0116027 209.8544 149.5794 14.13132415 15576
0 COSMOS 2251 DEB
1 34790U 93036AAT 09181.85917976  .00000043  00000-0  33831-4 0  9994
2 34790 074.0565 129.5586 0116027 204.7446 154.8106 14.13132771 15935
0 COSMOS 2251 DEB
1 34790U 93036AAT 09182.28393934 +.00000066 +00000-0 +45409-4 0  9993
2 34790 074.0553 128.8068 0115896 203.9258 155.6493 14.13133023015999
0 COSMOS 2251 DEB
1 34790U 93036AAT 09184.26615009  .00000094  00000-0  59388-4 0  9995
2 34790 074.0536 125.3049 0115907 199.9557 159.7063 14.13133631 16275
0 COSMOS 2251 DEB
1 34790U 93036AAT 09185.82360068  .00000058  00000-0  41642-4 0  9994
2 34790 074.0536 122.5542 0115907 196.8337 162.8898 14.13133548 16496
0 COSMOS 2251 DEB
1 34790U 93036AAT 09186.24836112 +.00000071 +00000-0 +48013-4 0  9993
2 34790 074.0543 121.8030 0115580 195.9378 163.8112 14.13133903016552
0 COSMOS 2251 DEB
1 34790U 93036AAT 09187.23946651  .00000066  00000-0  45700-4 0  9997
2 34790 074.0555 120.0534 0115645 193.9431 165.8505 14.13134070 16694
0 COSMOS 2251 DEB
1 34790U 93036AAT 09188.79691851  .00000003  00000-0  13774-4 0  9995
2 34790 074.0562 117.3022 0115753 190.7593 169.1040 14.13133662 16919
0 COSMOS 2251 DEB
1 34790U 93036AAT 09189.22167874 +.00000016 +00000-0 +20209-4 0  9992
2 34790 074.0558 116.5518 0115771 189.8964 169.9910 14.13133822016974
0 COSMOS 2251 DEB
1 34790U 93036AAT 09190.21278419  .00000004  00000-0  14557-4 0  9997
2 34790 074.0567 114.8019 0115995 187.8787 172.0538 14.13133839 17116
0 COSMOS 2251 DEB
1 34790U 93036AAT 09191.20388994 +.00000012 +00000-0 +18474-4 0  9998
2 34790 074.0563 113.0514 0115989 185.8902 174.0890 14.13133963017259
0 COSMOS 2251 DEB
1 34790U 93036AAT 09192.19499552  .00000013  00000-0  18881-4 0  9993
2 34790 074.0563 111.3012 0115989 183.9031 176.1228 14.13134092 17392
0 COSMOS 2251 DEB
1 34790U 93036AAT 09192.76134140 -.00000008 +00000-0 +83590-5 0  9990
2 34790 074.0575 110.3007 0116073 182.6985 177.3500 14.13133898017475
0 COSMOS 2251 DEB
1 34790U 93036AAT 09193.75244763  .00000013  00000-0  18895-4 0  9993
2 34790 074.0571 108.5503 0116098 180.6971 179.4024 14.13134144 17616
0 COSMOS 2251 DEB
1 34790U 93036AAT 09195.16831288  .00000077  00000-0  50693-4 0  9996
2 34790 074.0568 106.0492 0115920 177.8191 182.3516 14.13134936 17817
0 COSMOS 2251 DEB
1 34790U 93036AAT 09196.15941718 +.00000069 +00000-0 +46805-4 0  9997
2 34790 074.0570 104.2982 0115833 175.8221 184.3902 14.13135039017950
0 COSMOS 2251 DEB
1 34790U 93036AAT 09197.15052235 +.00000067 +00000-0 +46010-4 0  9991
2 34790 074.0565 102.5476 0115723 173.8392 186.4200 14.13135175018099
0 COSMOS 2251 DEB
1 34790U 93036AAT 09198.14162722 +.00000065 +00000-0 +44710-4 0  9997
2 34790 074.0565 100.7974 0115723 171.8520 188.4527 14.13135306018239
0 COSMOS 2251 DEB
1 34790U 93036AAT 09199.13273203  .00000058  00000-0  41139-4 0  9998
2 34790 074.0565 099.0472 0115723 169.8649 190.4862 14.13135409 18375
0 COSMOS 2251 DEB
1 34790U 93036AAT 09199.69907756 +.00000019 +00000-0 +21842-4 0  9992
2 34790 074.0556 098.0460 0115795 168.6354 191.7383 14.13135053018456
0 COSMOS 2251 DEB
1 34790U 93036AAT 09200.69018288 +.00000003 +00000-0 +13656-4 0  9995
2 34790 074.0555 096.2958 0116009 166.6476 193.7737 14.13134930018592
0 COSMOS 2251 DEB
1 34790U 93036AAT 09201.11494295 +.00000026 +00000-0 +25401-4 0  9995
2 34790 074.0555 095.5456 0116009 165.7960 194.6514 14.13135230018659
0 COSMOS 2251 DEB
1 34790U 93036AAT 09202.10604697  .00000065  00000-0  44907-4 0  9999
2 34790 074.0552 093.7946 0116115 163.7867 196.7089 14.13135832 18795
0 COSMOS 2251 DEB
1 34790U 93036AAT 09203.09714995 +.00000095 +00000-0 +59828-4 0  9992
2 34790 074.0550 092.0439 0116104 161.7757 198.7618 14.13136334018930
0 COSMOS 2251 DEB
1 34790U 93036AAT 09204.08825304  .00000123  00000-0  73850-4 0  9992
2 34790 074.0542 090.2937 0115937 159.7203 200.8596 14.13136841 19079
0 COSMOS 2251 DEB
1 34790U 93036AAT 09205.07935603 +.00000138 +00000-0 +81582-4 0  9993
2 34790 074.0553 088.5429 0116016 157.6729 202.9518 14.13137373019210
0 COSMOS 2251 DEB
1 34790U 93036AAT 09206.07045859  .00000195  00000-0  10984-3 0  9999
2 34790 074.0553 086.7925 0116016 155.6859 204.9873 14.13138337 19355
0 COSMOS 2251 DEB
1 34790U 93036AAT 09206.63680134 +.00000206 +00000-0 +11567-3 0  9993
2 34790 074.0553 085.7924 0116016 154.5505 206.1408 14.13138633019435
0 COSMOS 2251 DEB
1 34790U 93036AAT 09207.62790220  .00000247  00000-0  13609-3 0  9995
2 34790 074.0553 084.0420 0116015 152.5635 208.1700 14.13139505 19570
0 COSMOS 2251 DEB
1 34790U 93036AAT 09208.05265957 +.00000222 +00000-0 +12364-3 0  9997
2 34790 074.0553 083.2919 0116015 151.7120 209.0396 14.13139601019639
0 COSMOS 2251 DEB
1 34790U 93036AAT 09209.04375983  .00000332  00000-0  17855-3 0  9990
2 34790 074.0548 081.5405 0116181 149.7528 211.0501 14.13141324 19778
0 COSMOS 2251 DEB
1 34790U 93036AAT 09209.61009996 +.00000389 +00000-0 +20695-3 0  9999
2 34790 074.0541 080.5388 0116566 148.5573 212.2593 14.13142229019852
0 COSMOS 2251 DEB
1 34790U 93036AAT 09210.03485667 +.00000396 +00000-0 +21060-3 0  9995
2 34790 074.0541 079.7886 0116566 147.7058 213.1305 14.13142656019916
0 COSMOS 2251 DEB
1 34790U 93036AAT 09211.02595419  .00000409  00000-0  21709-3 0  9997
2 34790 074.0534 078.0374 0116499 145.6629 215.2113 14.13143663 20054
0 COSMOS 2251 DEB
1 34790U 93036AAT 09212.01705108 +.00000437 +00000-0 +23127-3 0  9992
2 34790 074.0548 076.2875 0116415 143.6609 217.2533 14.13144878020191
0 COSMOS 2251 DEB
1 34790U 93036AAT 09213.00814646  .00000456  00000-0  24090-3 0  9991
2 34790 074.0549 074.5370 0116358 141.6668 219.2831 14.13145987 20333
0 COSMOS 2251 DEB
1 34790U 93036AAT 09213.57448619 +.00000469 +00000-0 +24735-3 0  9996
2 34790 074.0554 073.5368 0116323 140.5391 220.4315 14.13146701020413
0 COSMOS 2251 DEB
1 34790U 93036AAT 09214.07003284  .00000472  00000-0  24844-3 0  9992
2 34790 074.0550 072.6615 0116353 139.5550 221.4307 14.13147203 20489
0 COSMOS 2251 DEB
1 34790U 93036AAT 09214.56557997 +.00000470 +00000-0 +24780-3 0  9998
2 34790 074.0553 071.7858 0116356 138.5508 222.4525 14.13147659020552
0 COSMOS 2251 DEB
1 34790U 93036AAT 09215.55667339  .00000476  00000-0  25081-3 0  9991
2 34790 074.0555 070.0352 0116339 136.5515 224.4866 14.13148708 20693
0 COSMOS 2251 DEB
1 34790U 93036AAT 09216.54776591 +.00000473 +00000-0 +24924-3 0  9994
2 34790 074.0562 068.2844 0116261 134.5416 226.5292 14.13149669020837
0 COSMOS 2251 DEB
1 34790U 93036AAT 09217.04331180  .00000470  00000-0  24765-3 0  9991
2 34790 074.0549 067.4085 0116275 133.5538 227.5331 14.13150087 20908
0 COSMOS 2251 DEB
1 34790U 93036AAT 09218.52994806  .00000492  00000-0  25877-3 0  9994
2 34790 074.0556 064.7827 0116238 130.5801 230.5566 14.13151892 21112
0 COSMOS 2251 DEB
1 34790U 93036AAT 09219.02549215 +.00000493 +00000-0 +25901-3 0  9999
2 34790 074.0563 063.9079 0116221 129.5763 231.5713 14.13152437021185
0 COSMOS 2251 DEB
1 34790U 93036AAT 09223.91013525 +.00000405 +00000-0 +21524-3 0  9992
2 34790 074.0630 055.2849 0115966 119.6501 241.6042 14.13156307021877
0 COSMOS 2251 DEB
1 34790U 93036AAT 09224.19330659  .00000399  00000-0  21229-3 0  9997
2 34790 074.0602 054.7821 0115819 119.0433 242.2394 14.13156467 21914
0 COSMOS 2251 DEB
1 34790U 93036AAT 09224.61805804 +.00000321 +00000-0 +17306-3 0  9999
2 34790 074.0602 054.0322 0115818 118.1914 243.0968 14.13155905021974
0 COSMOS 2251 DEB
1 34790U 93036AAT 09226.95418644  .00000166  00000-0  95326-4 0  9996
2 34790 074.0635 049.9027 0115896 113.4794 247.8498 14.13156033 22306
0 COSMOS 2251 DEB
1 34790U 93036AAT 09228.93635668  .00000119  00000-0  71405-4 0  9993
2 34790 074.0635 046.4037 0115895 109.5030 251.8536 14.13155861 22583
0 COSMOS 2251 DEB
1 34790U 93036AAT 09229.92744353 -.00000001 +00000-0 +11172-4 0  9991
2 34790 074.0649 044.6489 0115573 107.2749 254.1025 14.13155231022720
0 COSMOS 2251 DEB
1 34790U 93036AAT 09231.55565443 -.00000242  00000-0 -10971-3 0  9997
2 34790 074.0662 041.7748 0115866 104.0641 257.3205 14.13152831 22955
0 COSMOS 2251 DEB
1 34790U 93036AAT 09232.90070098 -.00000144  00000-0 -60547-4 0  9990
2 34790 074.0637 039.3956 0115839 101.3641 260.0544 14.13153390 23141
0 COSMOS 2251 DEB
1 34790U 93036AAT 09232.90070098 -.00000144 +00000-0 -60547-4 0  9990
2 34790 074.0637 039.3956 0115839 101.3641 260.0544 14.13153390023141
0 COSMOS 2251 DEB
1 34790U 93036AAT 09233.89178503 -.00000121 +00000-0 -48710-4 0  9992
2 34790 074.0641 037.6456 0115749 099.3517 262.0733 14.13153483023280
0 COSMOS 2251 DEB
1 34790U 93036AAT 09235.51999509 -.00000252  00000-0 -11454-3 0  9999
2 34790 074.0662 034.7655 0115643 096.2410 265.1847 14.13151714 23514
0 COSMOS 2251 DEB
1 34790U 93036AAT 09235.87395555 -.00000205 +00000-0 -90999-4 0  9999
2 34790 074.0661 034.1400 0115656 095.5513 265.8887 14.13152108023569
0 COSMOS 2251 DEB
1 34790U 93036AAT 09236.44028870 -.00000205 +00000-0 -90999-4 0  9996
2 34790 074.0661 033.1405 0115656 094.4150 267.0215 14.13151903023648
0 COSMOS 2251 DEB
1 34790U 93036AAT 09238.49325018 -.00000219  00000-0 -98042-4 0  9999
2 34790 074.0683 029.5148 0115163 090.6281 270.8207 14.13151133 23931
0 COSMOS 2251 DEB
1 34790U 93036AAT 09239.83829101 -.00000228  00000-0 -10255-3 0  9999
2 34790 074.0651 027.1371 0115261 087.7569 273.6764 14.13150577 24125
0 COSMOS 2251 DEB
1 34790U 93036AAT 09240.40462517 -.00000228 +00000-0 -10255-3 0  9998
2 34790 074.0651 026.1376 0115262 086.6206 274.8111 14.13150346024208
0 COSMOS 2251 DEB
1 34790U 93036AAT 09244.79371455 -.00000346  00000-0 -16173-3 0  9990
2 34790 074.0635 018.3841 0115264 078.1738 283.2200 14.13146948 24822
0 COSMOS 2251 DEB
1 34790U 93036AAT 09245.71400870 -.00000197 +00000-0 -87168-4 0  9994
2 34790 074.0618 016.7584 0115044 075.8322 285.5584 14.13147941024956
0 COSMOS 2251 DEB
1 34790U 93036AAT 09247.41301062 -.00000514  00000-0 -24620-3 0  9992
2 34790 074.0606 013.7583 0115075 072.0626 289.2822 14.13144322 25192
0 COSMOS 2251 DEB
1 34790U 93036AAT 09249.74914838 -.00000218  00000-0 -97698-4 0  9998
2 34790 074.0604 009.6325 0115058 068.0054 293.3684 14.13145885 25523
0 COSMOS 2251 DEB
1 34790U 93036AAT 09250.74022505 +.00000238 +00000-0 +13166-3 0  9998
2 34790 074.0581 007.8794 0114996 065.6390 295.6832 14.13148522025669
0 COSMOS 2251 DEB
1 34790U 93036AAT 09251.30655538 +.00000065 +00000-0 +44449-4 0  9996
2 34790 074.0582 006.8795 0115047 064.6955 296.5973 14.13147417025741
0 COSMOS 2251 DEB
1 34790U 93036AAT 09252.72238983 -.00000040  00000-0 -82758-5 0  9995
2 34790 074.0579 004.3790 0115005 061.9514 299.3126 14.13146570 25942
0 COSMOS 2251 DEB
1 34790U 93036AAT 09253.71347471 -.00000046 +00000-0 -11044-4 0  9993
2 34790 074.0574 002.6284 0115020 059.9535 301.2949 14.13146456026088
0 COSMOS 2251 DEB
1 34790U 93036AAT 09255.69564102 -.00000046  00000-0 -11044-4 0  9994
2 34790 074.0574 359.1283 0115020 055.9790 305.2211 14.13146369 26366
0 COSMOS 2251 DEB
1 34790U 93036AAT 09257.67780632  .00000219  00000-0  12204-3 0  9990
2 34790 074.0558 355.6274 0114996 051.9117 309.2616 14.13149135 26647
0 COSMOS 2251 DEB
1 34790U 93036AAT 09261.64211762  .00000311  00000-0  16778-3 0  9998
2 34790 074.0587 348.6267 0116801 043.9427 317.0715 14.13152380 27201
0 COSMOS 2251 DEB
1 34790U 93036AAT 09262.63319867 +.00000322 +00000-0 +17361-3 0  9994
2 34790 074.0581 346.8765 0116159 041.9624 319.0479 14.13153170027343
0 COSMOS 2251 DEB
1 34790U 93036AAT 09262.91636069  .00000321  00000-0  17375-3 0  9995
2 34790 074.0588 346.3777 0113944 040.9400 320.0748 14.13153420 27381
0 COSMOS 2251 DEB
1 34790U 93036AAT 09263.62426189  .00000386  00000-0  20554-3 0  9998
2 34790 074.0600 345.1271 0116486 039.7128 321.2027 14.13154785 27488
0 COSMOS 2251 DEB
1 34790U 93036AAT 09268.65042757  .00000582  00000-0  30433-3 0  9996
2 34790 074.0620 336.2498 0114497 029.5588 331.2735 14.13162242 28192
0 COSMOS 2251 DEB
1 34790U 93036AAT 09269.64147974 +.00000592 +00000-0 +30956-3 0  9994
2 34790 074.0630 334.4995 0114726 027.4703 333.2441 14.13163874028330
0 COSMOS 2251 DEB
1 34790U 93036AAT 09269.85385134  .00000653  00000-0  34022-3 0  9995
2 34790 074.0616 334.1238 0114824 027.0527 333.6539 14.13164612 28366
0 COSMOS 2251 DEB
1 34790U 93036AAT 09270.56175619 +.00000618 +00000-0 +32271-3 0  9995
2 34790 074.0617 332.8747 0114789 025.6133 335.0623 14.13165238028460
0 COSMOS 2251 DEB
1 34790U 93036AAT 09272.61467823  .00000618  00000-0  32268-3 0  9990
2 34790 074.0621 329.2502 0114953 021.4966 339.0924 14.13167925 28750
0 COSMOS 2251 DEB
1 34790U 93036AAT 09277.21603957  .00000424  00000-0  22481-3 0  9992
2 34790 074.0642 321.1245 0115497 012.2882 348.0623 14.13171182 29406
0 COSMOS 2251 DEB
1 34790U 93036AAT 09277.56999827 +.00000398 +00000-0 +21199-3 0  9999
2 34790 074.0635 320.4989 0115453 011.5495 348.8236 14.13171171029450
0 COSMOS 2251 DEB
1 34790U 93036AAT 09278.13631958 +.00000439 +00000-0 +23256-3 0  9993
2 34790 074.0625 319.4989 0114895 010.2619 350.0985 14.13172170029535
0 COSMOS 2251 DEB
1 34790U 93036AAT 09279.12737736  .00000441  00000-0  23353-3 0  9995
2 34790 074.0620 317.7453 0115251 008.2736 352.0276 14.13173240 29670
0 COSMOS 2251 DEB
1 34790U 93036AAT 09279.55211731 +.00000262 +00000-0 +14410-3 0  9999
2 34790 074.0666 316.9934 0114759 007.1734 353.0967 14.13171538029736
0 COSMOS 2251 DEB
1 34790U 93036AAT 09280.11843914 +.00000262 +00000-0 +14410-3 0  9997
2 34790 074.0666 315.9939 0114758 006.0371 354.2121 14.13171862029818
0 COSMOS 2251 DEB
1 34790U 93036AAT 09281.10950041  .00000299  00000-0  16264-3 0  9996
2 34790 074.0696 314.2442 0114953 003.9740 356.2294 14.13172669 29959
0 COSMOS 2251 DEB
1 34790U 93036AAT 09281.53424059 +.00000250 +00000-0 +13789-3 0  9994
2 34790 074.0674 313.4925 0115141 003.0164 357.1608 14.13172221030015
0 COSMOS 2251 DEB
1 34790U 93036AAT 09282.52530147  .00000266  00000-0  14616-3 0  9997
2 34790 074.0660 311.7415 0115271 000.9854 359.1465 14.13172878 30157
0 COSMOS 2251 DEB
1 34790U 93036AAT 09283.51636392 -.00000015 +00000-0 +46659-5 0  9993
2 34790 074.0630 309.9890 0115389 358.9996 001.0870 14.13171347030291
0 COSMOS 2251 DEB
1 34790U 93036AAT 09284.08268536 -.00000024  00000-0  18901-6 0  9997
2 34790 074.0627 308.9885 0115452 357.8701 002.1927 14.13171283 30376
0 COSMOS 2251 DEB
1 34790U 93036AAT 09284.50742617 -.00000061 +00000-0 -17914-4 0  9994
2 34790 074.0615 308.2378 0115513 357.0038 003.0381 14.13170945030431
0 COSMOS 2251 DEB
1 34790U 93036AAT 09285.49848839 -.00000048  00000-0 -11350-4 0  9999
2 34790 074.0610 306.4875 0115495 355.0207 004.9785 14.13170987 30572
0 COSMOS 2251 DEB
1 34790U 93036AAT 09286.48954914 -.00000025 +00000-0 -17197-6 0  9993
2 34790 074.0596 304.7362 0115692 353.0012 006.9492 14.13171186030713
0 COSMOS 2251 DEB
1 34790U 93036AAT 09287.05587040 -.00000023  00000-0  11451-5 0  9992
2 34790 074.0591 303.7352 0115775 351.8704 008.0559 14.13171205 30799
0 COSMOS 2251 DEB
1 34790U 93036AAT 09289.03799382 -.00000031  00000-0 -32354-5 0  9991
2 34790 074.0565 300.2317 0116103 347.8730 011.9605 14.13170967 31074
0 COSMOS 2251 DEB
1 34790U 93036AAT 09289.46273490 -.00000049 +00000-0 -11888-4 0  9992
2 34790 074.0555 299.4810 0116229 346.9979 012.8153 14.13170705031139
0 COSMOS 2251 DEB
1 34790U 93036AAT 09290.45379749 -.00000067  00000-0 -20955-4 0  9992
2 34790 074.0557 297.7305 0116200 344.9968 014.7734 14.13170500 31270
0 COSMOS 2251 DEB
1 34790U 93036AAT 09291.44485984 -.00000067 +00000-0 -20955-4 0  9991
2 34790 074.0557 295.9802 0116200 343.0098 016.7164 14.13170417031418
0 COSMOS 2251 DEB
1 34790U 93036AAT 09293.00224383 -.00000067  00000-0 -20955-4 0  9999
2 34790 074.0557 293.2297 0116200 339.8872 019.7707 14.13170287 31635
0 COSMOS 2251 DEB
1 34790U 93036AAT 09293.42698499 -.00000067 +00000-0 -20955-4 0  9998
2 34790 074.0557 292.4796 0116200 339.0356 020.6039 14.13170251031695
0 COSMOS 2251 DEB
1 34790U 93036AAT 09294.41804782 -.00000079  00000-0 -26899-4 0  9998
2 34790 074.0542 290.7262 0116548 337.0893 022.5037 14.13169890 31839
0 COSMOS 2251 DEB
1 34790U 93036AAT 09295.40911184 -.00000076 +00000-0 -25313-4 0  9990
2 34790 074.0528 288.9739 0116617 335.1367 024.4183 14.13169718031970
0 COSMOS 2251 DEB
1 34790U 93036AAT 09295.97543366 -.00000093  00000-0 -33710-4 0  9994
2 34790 074.0533 287.9733 0116464 333.9860 025.5441 14.13169488 32056
0 COSMOS 2251 DEB
1 34790U 93036AAT 09297.39123941 -.00000089  00000-0 -32111-4 0  9994
2 34790 074.0554 285.4736 0116125 331.1145 028.3620 14.13169431 32255
0 COSMOS 2251 DEB
1 34790U 93036AAT 09297.95756121 -.00000105 +00000-0 -39993-4 0  9992
2 34790 074.0553 284.4730 0116095 329.9775 029.4727 14.13169169032334
0 COSMOS 2251 DEB
1 34790U 93036AAT 09298.94862527 -.00000077  00000-0 -26027-4 0  9992
2 34790 074.0552 282.7221 0116052 328.0003 031.4131 14.13169353 32478
0 COSMOS 2251 DEB
1 34790U 93036AAT 09298.94862527 -.00000077 +00000-0 -26027-4 0  9992
2 34790 074.0552 282.7221 0116052 328.0003 031.4131 14.13169353032478
0 COSMOS 2251 DEB
1 34790U 93036AAT 09299.37336693 -.00000080 +00000-0 -27443-4 0  9997
2 34790 074.0550 281.9717 0116125 327.1785 032.2176 14.13169305032537
0 COSMOS 2251 DEB
1 34790U 93036AAT 09300.36443128 -.00000056  00000-0 -15337-4 0  9993
2 34790 074.0553 280.2210 0116063 325.1997 034.1617 14.13169515 32673
0 COSMOS 2251 DEB
1 34790U 93036AAT 09301.92181658  .00000026  00000-0  25634-4 0  9999
2 34790 074.0552 277.4698 0116084 322.0904 037.2108 14.13170234 32890
0 COSMOS 2251 DEB
1 34790U 93036AAT 09301.92181658 +.00000026 +00000-0 +25634-4 0  9999
2 34790 074.0552 277.4698 0116084 322.0904 037.2108 14.13170234032890
0 COSMOS 2251 DEB
1 34790U 93036AAT 09302.34655821 +.00000035 +00000-0 +30177-4 0  9992
2 34790 074.0547 276.7191 0116049 321.2374 038.0490 14.13170363032950
0 COSMOS 2251 DEB
1 34790U 93036AAT 09303.33762207  .00000068  00000-0  46700-4 0  9994
2 34790 074.0550 274.9685 0116053 319.2485 040.0048 14.13170859 33095
0 COSMOS 2251 DEB
1 34790U 93036AAT 09304.89500654 +.00000119 +00000-0 +72391-4 0  9994
2 34790 074.0545 272.2172 0116232 316.1906 043.0057 14.13171747033319
0 COSMOS 2251 DEB
1 34790U 93036AAT 09305.88607007 +.00000119 +00000-0 +72391-4 0  9994
2 34790 074.0545 270.4667 0116232 314.2037 044.9599 14.13172033033457
0 COSMOS 2251 DEB
1 34790U 93036AAT 09306.31081160 +.00000119 +00000-0 +72391-4 0  9999
2 34790 074.0545 269.7165 0116232 313.3522 045.7977 14.13172156033512
0 COSMOS 2251 DEB
1 34790U 93036AAT 09307.30187516 +.00000119 +00000-0 +72391-4 0  9991
2 34790 074.0545 267.9661 0116232 311.3653 047.7535 14.13172442033651
0 COSMOS 2251 DEB
1 34790U 93036AAT 09308.29293876  .00000190  00000-0  10800-3 0  9992
2 34790 074.0532 266.2134 0115627 309.2755 049.8231 14.13173524 33793
0 COSMOS 2251 DEB
1 34790U 93036AAT 09310.84138529  .00000221  00000-0  12371-3 0  9999
2 34790 074.0537 261.7111 0115727 304.2378 054.7876 14.13175035 34150
0 COSMOS 2251 DEB
1 34790U 93036AAT 09311.83244677 +.00000262 +00000-0 +14418-3 0  9990
2 34790 074.0525 259.9593 0115558 302.1982 056.8025 14.13175995034299
0 COSMOS 2251 DEB
1 34790U 93036AAT 09312.25718707  .00000262  00000-0  14418-3 0  9997
2 34790 074.0525 259.2090 0115557 301.3468 057.6403 14.13176239 34351
0 COSMOS 2251 DEB
1 34790U 93036AAT 09312.82350827 +.00000262 +00000-0 +14418-3 0  9995
2 34790 074.0525 258.2086 0115557 300.2116 058.7621 14.13176565034438
0 COSMOS 2251 DEB
1 34790U 93036AAT 09313.24824914 +.00000262 +00000-0 +14418-3 0  9995
2 34790 074.0525 257.4584 0115557 299.3602 059.6036 14.13176809034497
0 COSMOS 2251 DEB
1 34790U 93036AAT 09314.80563214  .00000405  00000-0  21593-3 0  9992
2 34790 074.0524 254.7060 0115667 296.3473 062.5991 14.13179508 34717
0 COSMOS 2251 DEB
1 34790U 93036AAT 09315.79668927 +.00000471 +00000-0 +24919-3 0  9996
2 34790 074.0532 252.9551 0115764 294.4465 064.4684 14.13181118034854
0 COSMOS 2251 DEB
1 34790U 93036AAT 09316.22142812  .00000471  00000-0  24919-3 0  9995
2 34790 074.0532 252.2048 0115764 293.5950 065.3068 14.13181540 34919
0 COSMOS 2251 DEB
1 34790U 93036AAT 09318.20354633  .00000503  00000-0  26523-3 0  9990
2 34790 074.0562 248.7036 0115941 289.8141 069.0563 14.13184050 35197
0 COSMOS 2251 DEB
1 34790U 93036AAT 09318.76986469 +.00000541 +00000-0 +28412-3 0  9990
2 34790 074.0552 247.7027 0115863 288.5800 070.2815 14.13184958035276
0 COSMOS 2251 DEB
1 34790U 93036AAT 09319.19460313 +.00000551 +00000-0 +28910-3 0  9997
2 34790 074.0557 246.9531 0115832 287.7120 071.1412 14.13185566035330
0 COSMOS 2251 DEB
1 34790U 93036AAT 09320.18566035  .00000552  00000-0  28985-3 0  9999
2 34790 074.0549 245.2020 0115834 285.7234 073.1157 14.13186699 35473
0 COSMOS 2251 DEB
1 34790U 93036AAT 09320.75197855 +.00000546 +00000-0 +28650-3 0  9994
2 34790 074.0550 244.2018 0115828 284.5969 074.2340 14.13187270035557
0 COSMOS 2251 DEB
1 34790U 93036AAT 09321.17671736 +.00000549 +00000-0 +28790-3 0  9994
2 34790 074.0554 243.4517 0115890 283.7796 075.0466 14.13187766035619
0 COSMOS 2251 DEB
1 34790U 93036AAT 09326.69831115  .00000544  00000-0  28544-3 0  9997
2 34790 074.0602 233.7012 0115973 272.8358 085.9499 14.13194186 36396
0 COSMOS 2251 DEB
1 34790U 93036AAT 09327.12304884 +.00000489 +00000-0 +25811-3 0  9996
2 34790 074.0564 232.9490 0115949 271.8350 086.9423 14.13193733036450
0 COSMOS 2251 DEB
1 34790U 93036AAT 09328.18489436  .00000454  00000-0  24019-3 0  9991
2 34790 074.0580 231.0748 0116053 269.8430 088.9364 14.13194414 36607
0 COSMOS 2251 DEB
1 34790U 93036AAT 09330.16700308  .00000436  00000-0  23152-3 0  9993
2 34790 074.0546 227.5708 0116122 265.9786 092.8075 14.13196042 36885
0 COSMOS 2251 DEB
1 34790U 93036AAT 09330.66252984 +.00000416 +00000-0 +22152-3 0  9997
2 34790 074.0542 226.6958 0116166 264.9738 093.8136 14.13196335036954
0 COSMOS 2251 DEB
1 34790U 93036AAT 09331.72437499 -.00000363  00000-0 -16919-3 0  9998
2 34790 074.0580 224.8177 0117004 263.1971 095.5806 14.13192326 37108
0 COSMOS 2251 DEB
1 34790U 93036AAT 09332.71543301 -.00000253 +00000-0 -11386-3 0  9999
2 34790 074.0621 223.0692 0116559 261.0041 097.7884 14.13192488037240
0 COSMOS 2251 DEB
1 34790U 93036AAT 09333.14017201 -.00000102  00000-0 -38065-4 0  9999
2 34790 074.0637 222.3210 0116465 260.1862 098.6152 14.13193535 37301
0 COSMOS 2251 DEB
1 34790U 93036AAT 09333.70648932 -.00000112 +00000-0 -43168-4 0  9993
2 34790 074.0638 221.3212 0116442 259.0599 099.7412 14.13193352037388
0 COSMOS 2251 DEB
1 34790U 93036AAT 09334.69754771 -.00000145  00000-0 -60062-4 0  9999
2 34790 074.0641 219.5689 0116407 257.0466 101.7676 14.13192775 37521
0 COSMOS 2251 DEB
1 34790U 93036AAT 09335.12228630 -.00000083 +00000-0 -29053-4 0  9994
2 34790 074.0642 218.8194 0116326 256.1321 102.6900 14.13193318037585
0 COSMOS 2251 DEB
1 34790U 93036AAT 09336.04255315 -.00000075  00000-0 -25015-4 0  9991
2 34790 074.0643 217.1951 0116315 254.2888 104.5403 14.13193308 37717
0 COSMOS 2251 DEB
1 34790U 93036AAT 09336.11334286 +.00000059 +00000-0 +42194-4 0  9991
2 34790 074.0635 217.0678 0116239 254.3699 104.4692 14.13194838037728
0 COSMOS 2251 DEB
1 34790U 93036AAT 09337.10439749  .00000016  00000-0  20628-4 0  9992
2 34790 074.0641 215.3176 0116066 252.4627 106.3746 14.13194650 37865
0 COSMOS 2251 DEB
1 34790U 93036AAT 09338.09545574 +.00000128 +00000-0 +76843-4 0  9999
2 34790 074.0637 213.5674 0116139 250.5335 108.3293 14.13195684038003
0 COSMOS 2251 DEB
1 34790U 93036AAT 09339.08651105  .00000075  00000-0  50304-4 0  9992
2 34790 074.0617 211.8157 0116074 248.4983 110.3675 14.13195213 38141
0 COSMOS 2251 DEB
1 34790U 93036AAT 09340.64388819 -.00000011  00000-0  70225-5 0  9991
2 34790 074.0632 209.0641 0115738 245.5328 113.3593 14.13194750 38363
0 COSMOS 2251 DEB
1 34790U 93036AAT 09341.06862955 -.00000008 +00000-0 +86605-5 0  9991
2 34790 074.0616 208.3117 0115635 244.7679 114.1435 14.13194787038422
0 COSMOS 2251 DEB
1 34790U 93036AAT 09342.05968771 -.00000017  00000-0  44625-5 0  9990
2 34790 074.0597 206.5616 0115802 242.6792 116.2544 14.13194647 38567
0 COSMOS 2251 DEB
1 34790U 93036AAT 09342.62600633 -.00000047 +00000-0 -10587-4 0  9996
2 34790 074.0601 205.5602 0115785 241.5908 117.3502 14.13194354038644
0 COSMOS 2251 DEB
1 34790U 93036AAT 09343.05074624 -.00000067 +00000-0 -20653-4 0  9996
2 34790 074.0608 204.8093 0115680 240.8060 118.1447 14.13194199038703
0 COSMOS 2251 DEB
1 34790U 93036AAT 09344.04180575 -.00000032  00000-0 -35465-5 0  9999
2 34790 074.0602 203.0578 0115529 238.8969 120.0810 14.13194494 38842
0 COSMOS 2251 DEB
1 34790U 93036AAT 09346.66103361  .00000022  00000-0  23712-4 0  9995
2 34790 074.0602 198.4317 0115571 233.6491 125.4006 14.13195074 39213
0 COSMOS 2251 DEB
1 34790U 93036AAT 09348.00604146 -.00000080  00000-0 -27500-4 0  9997
2 34790 074.0601 196.0563 0115505 230.9283 128.1355 14.13193730 39400
0 COSMOS 2251 DEB
1 34790U 93036AAT 09348.99710574 -.00000092 +00000-0 -33244-4 0  9993
2 34790 074.0591 194.3050 0115568 228.9400 130.1747 14.13193598039542
0 COSMOS 2251 DEB
1 34790U 93036AAT 09350.97922734 -.00000069  00000-0 -21787-4 0  9990
2 34790 074.0586 190.8045 0115465 225.0144 134.1610 14.13193600 39828
0 COSMOS 2251 DEB
1 34790U 93036AAT 09351.54554784 -.00000086 +00000-0 -30378-4 0  9995
2 34790 074.0576 189.8051 0115353 223.8662 135.3234 14.13193299039907
0 COSMOS 2251 DEB
1 34790U 93036AAT 09351.97028937 -.00000021 +00000-0 +20802-5 0  9998
2 34790 074.0572 189.0549 0115342 222.8899 136.3235 14.13193941039968
0 COSMOS 2251 DEB
1 34790U 93036AAT 09352.96135009  .00000008  00000-0  16567-4 0  9993
2 34790 074.0545 187.3045 0114926 220.9545 138.2893 14.13194238 40103
0 COSMOS 2251 DEB
1 34790U 93036AAT 09353.52767135 +.00000029 +00000-0 +27400-4 0  9998
2 34790 074.0552 186.3039 0114918 219.7863 139.4809 14.13194437040182
0 COSMOS 2251 DEB
1 34790U 93036AAT 09354.58952266 -.00000119  00000-0 -46947-4 0  9995
2 34790 074.0555 184.4278 0115145 217.5017 141.7997 14.13193366 40330
0 COSMOS 2251 DEB
1 34790U 93036AAT 09355.93453583  .00000002  00000-0  13788-4 0  9999
2 34790 074.0556 182.0523 0115215 214.6886 144.6756 14.13194450 40529
0 COSMOS 2251 DEB
1 34790U 93036AAT 09355.93453583 +.00000002 +00000-0 +13788-4 0  9999
2 34790 074.0556 182.0523 0115215 214.6886 144.6756 14.13194450040529
0 COSMOS 2251 DEB
1 34790U 93036AAT 09356.92559651 +.00000015 +00000-0 +20076-4 0  9994
2 34790 074.0563 180.3025 0115186 212.7177 146.6804 14.13194674040663
0 COSMOS 2251 DEB
1 34790U 93036AAT 09357.91665806  .00000035  00000-0  30211-4 0  9998
2 34790 074.0570 178.5525 0115179 210.7402 148.6984 14.13195030 40800
0 COSMOS 2251 DEB
1 34790U 93036AAT 09358.90771923 +.00000070 +00000-0 +47582-4 0  9994
2 34790 074.0562 176.8010 0115238 208.7216 150.7576 14.13195450040949
0 COSMOS 2251 DEB
1 34790U 93036AAT 09360.53589111  .00000065  00000-0  45198-4 0  9997
2 34790 074.0570 173.9250 0115266 205.3916 154.1505 14.13195648 41178
0 COSMOS 2251 DEB
1 34790U 93036AAT 09361.45616319 +.00000048 +00000-0 +36556-4 0  9999
2 34790 074.0568 172.2997 0115398 203.5271 156.0577 14.13195672041307
0 COSMOS 2251 DEB
1 34790U 93036AAT 09363.86302719  .00000252  00000-0  13913-3 0  9990
2 34790 074.0562 168.0493 0114727 198.6246 161.0883 14.13198749 41647
0 COSMOS 2251 DEB
1 34790U 93036AAT 09365.49119134  .00000295  00000-0  16028-3 0  9995
2 34790 074.0566 165.1730 0114686 195.3842 164.3773 14.13200090 41875
0 COSMOS 2251 DEB
1 34790U 93036AAT 10001.48225071 +.00000400 +00000-0 +21292-3 0  9998
2 34790 074.0570 163.4216 0115300 193.3874 166.4343 14.13201765042010
0 COSMOS 2251 DEB
1 34790U 93036AAT 10001.83619717  .00000403  00000-0  21464-3 0  9995
2 34790 074.0565 162.7958 0115280 192.6680 167.1561 14.13202090 42060
0 COSMOS 2251 DEB
1 34790U 93036AAT 10002.82725459 +.00000440 +00000-0 +23320-3 0  9990
2 34790 074.0566 161.0454 0115051 190.7156 169.1535 14.13203311042203
0 COSMOS 2251 DEB
1 34790U 93036AAT 10003.46436273 +.00000433 +00000-0 +22935-3 0  9997
2 34790 074.0560 159.9190 0115089 189.4319 170.4682 14.13203826042295
0 COSMOS 2251 DEB
1 34790U 93036AAT 10004.38462892  .00000449  00000-0  23760-3 0  9999
2 34790 074.0557 158.2921 0115297 187.5950 172.3495 14.13204850 42422
0 COSMOS 2251 DEB
1 34790U 93036AAT 10004.45541776 +.00000448 +00000-0 +23717-3 0  9997
2 34790 074.0560 158.1667 0115316 187.4549 172.4886 14.13204919042439
0 COSMOS 2251 DEB
1 34790U 93036AAT 10006.43752820  .00000449  00000-0  23740-3 0  9998
2 34790 074.0573 154.6656 0115231 183.5562 176.4739 14.13206597 42716
0 COSMOS 2251 DEB
1 34790U 93036AAT 10007.78253122  .00000361  00000-0  19331-3 0  9992
2 34790 074.0569 152.2890 0114999 180.8106 179.2756 14.13206917 42906
0 COSMOS 2251 DEB
1 34790U 93036AAT 10008.41963980 +.00000420 +00000-0 +22282-3 0  9998
2 34790 074.0575 151.1651 0114856 179.6434 180.4906 14.13208218042994
0 COSMOS 2251 DEB
1 34790U 93036AAT 10011.81753240  .00000560  00000-0  29331-3 0  9999
2 34790 074.0611 145.1653 0114756 173.0273 187.2669 14.13212907 43473
0 COSMOS 2251 DEB
1 34790U 93036AAT 10014.43673065  .00000504  00000-0  26517-3 0  9997
2 34790 074.0587 140.5373 0114781 167.8300 192.5637 14.13215279 43843
0 COSMOS 2251 DEB
1 34790U 93036AAT 10016.34803739  .00000459  00000-0  24236-3 0  9997
2 34790 074.0597 137.1600 0114309 163.9836 196.4961 14.13217057 44116
0 COSMOS 2251 DEB
1 34790U 93036AAT 10017.40987331  .00000131  00000-0  77953-4 0  9998
2 34790 074.0597 135.2813 0113978 161.9063 198.5831 14.13213954 44269
0 COSMOS 2251 DEB
1 34790U 93036AAT 10017.76382642 +.00000100 +00000-0 +62255-4 0  9996
2 34790 074.0588 134.6563 0113529 161.0457 199.4837 14.13213575044315
0 COSMOS 2251 DEB
1 34790U 93036AAT 10019.32119176  .00000100  00000-0  62255-4 0  9990
2 34790 074.0588 131.9063 0113528 157.9223 202.6866 14.13213961 44536
0 COSMOS 2251 DEB
1 34790U 93036AAT 10019.39198096 +.00000077 +00000-0 +50686-4 0  9993
2 34790 074.0670 131.7859 0113689 158.2820 202.3348 14.13214026044540
0 COSMOS 2251 DEB
1 34790U 93036AAT 10021.37407573  .00000103  00000-0  63581-4 0  9995
2 34790 074.0669 128.2877 0113728 154.3450 206.3436 14.13214732 44826
0 COSMOS 2251 DEB
1 34790U 93036AAT 10022.36512312 +.00000247 +00000-0 +13618-3 0  9997
2 34790 074.0669 126.5387 0113859 152.3015 208.4342 14.13216342044966
0 COSMOS 2251 DEB
1 34790U 93036AAT 10023.35616825  .00000339  00000-0  18229-3 0  9996
2 34790 074.0668 124.7892 0114006 150.3014 210.4758 14.13217902 45102
0 COSMOS 2251 DEB
1 34790U 93036AAT 10024.34721195 +.00000247 +00000-0 +13622-3 0  9993
2 34790 074.0670 123.0401 0113874 148.3687 212.4272 14.13217516045247
0 COSMOS 2251 DEB
1 34790U 93036AAT 10025.69220422  .00000235  00000-0  12990-3 0  9993
2 34790 074.0635 120.6620 0113586 145.7109 215.1356 14.13217626 45430
0 COSMOS 2251 DEB
1 34790U 93036AAT 10026.32930635 +.00000108 +00000-0 +66245-4 0  9990
2 34790 074.0637 119.5341 0113528 144.4150 216.4488 14.13216409045525
0 COSMOS 2251 DEB
1 34790U 93036AAT 10027.32035524  .00000011  00000-0  17484-4 0  9998
2 34790 074.0637 117.7860 0113902 142.3149 218.5992 14.13215855 45664
0 COSMOS 2251 DEB
1 34790U 93036AAT 10028.66534765 -.00000045  00000-0 -10762-4 0  9998
2 34790 074.0622 115.4070 0112728 139.6052 221.3456 14.13215265 45856
0 COSMOS 2251 DEB
1 34790U 93036AAT 10029.65639437 -.00000021 +00000-0 +14624-5 0  9995
2 34790 074.0619 113.6551 0113833 137.6852 223.3142 14.13215385045992
0 COSMOS 2251 DEB
1 34790U 93036AAT 10030.64744053 -.00000062  00000-0 -19383-4 0  9999
2 34790 074.0620 111.9040 0113253 135.6697 225.3575 14.13215166 46135
0 COSMOS 2251 DEB
1 34790U 93036AAT 10031.63848677 -.00000022 +00000-0 +89167-6 0  9990
2 34790 074.0607 110.1511 0112807 133.7632 227.2927 14.13215178046276
0 COSMOS 2251 DEB
1 34790U 93036AAT 10032.27558739 -.00000009  00000-0  72092-5 0  9991
2 34790 074.0607 109.0265 0112755 132.4856 228.5893 14.13215330 46361
0 COSMOS 2251 DEB
1 34790U 93036AAT 10032.62953202 -.00000006 +00000-0 +88236-5 0  9998
2 34790 074.0602 108.4003 0112843 131.8000 229.2848 14.13215295046415
0 COSMOS 2251 DEB
1 34790U 93036AAT 10033.62057732 -.00000052  00000-0 -14220-4 0  9995
2 34790 074.0589 106.6499 0112807 129.8263 231.2870 14.13215032 46558
0 COSMOS 2251 DEB
1 34790U 93036AAT 10034.18688904 -.00000058 +00000-0 -17052-4 0  9990
2 34790 074.0590 105.6497 0112832 128.6975 232.4320 14.13214944046635
0 COSMOS 2251 DEB
1 34790U 93036AAT 10035.17793441 -.00000041  00000-0 -87692-5 0  9993
2 34790 074.0584 103.8996 0112846 126.7141 234.4435 14.13214970 46774
0 COSMOS 2251 DEB
1 34790U 93036AAT 10035.24872326 -.00000044 +00000-0 -10093-4 0  9994
2 34790 074.0583 103.7746 0112852 126.5775 234.5814 14.13214938046780
0 COSMOS 2251 DEB
1 34790U 93036AAT 10036.59371289 -.00000063  00000-0 -19765-4 0  9991
2 34790 074.0575 101.3986 0112849 123.8874 237.3057 14.13214682 46974
0 COSMOS 2251 DEB
1 34790U 93036AAT 10037.58475746 -.00000049 +00000-0 -12717-4 0  9998
2 34790 074.0565 099.6473 0112806 121.8987 239.3188 14.13214733047110
0 COSMOS 2251 DEB
1 34790U 93036AAT 10038.15106862 -.00000049  00000-0 -12576-4 0  9995
2 34790 074.0566 098.6469 0112804 120.7632 240.4677 14.13214711 47198
0 COSMOS 2251 DEB
1 34790U 93036AAT 10038.57580192 -.00000047 +00000-0 -11824-4 0  9996
2 34790 074.0564 097.8966 0112805 119.9094 241.3310 14.13214704047255
0 COSMOS 2251 DEB
1 34790U 93036AAT 10039.21290163 -.00000047  00000-0 -11858-4 0  9991
2 34790 074.0564 096.7711 0112853 118.6725 242.5811 14.13214641 47340
0 COSMOS 2251 DEB
1 34790U 93036AAT 10040.13315703 -.00000027 +00000-0 -15210-5 0  9997
2 34790 074.0563 095.1451 0112929 116.8982 244.3777 14.13214801047475
0 COSMOS 2251 DEB
1 34790U 93036AAT 10041.12420029 -.00000024  00000-0 -20852-6 0  9991
2 34790 074.0560 093.3946 0112953 114.9274 246.3666 14.13214848 47617
0 COSMOS 2251 DEB
1 34790U 93036AAT 10041.54893300 -.00000030 +00000-0 -32761-5 0  9991
2 34790 074.0556 092.6439 0112916 114.0541 247.2459 14.13214764047671
0 COSMOS 2251 DEB
1 34790U 93036AAT 10043.53101950 +.00000027 +00000-0 +25543-4 0  9998
2 34790 074.0545 089.1409 0112828 110.0295 251.3101 14.13215383047950
0 COSMOS 2251 DEB
1 34790U 93036AAT 10044.09732811 +.00000030 +00000-0 +26842-4 0  9993
2 34790 074.0544 088.1403 0112867 108.9707 252.3731 14.13215541048035
0 COSMOS 2251 DEB
1 34790U 93036AAT 10045.51310173 +.00000121 +00000-0 +72580-4 0  9995
2 34790 074.0542 085.6395 0112907 106.2098 255.1572 14.13216579048232
0 COSMOS 2251 DEB
1 34790U 93036AAT 10046.50414021 +.00000169 +00000-0 +96677-4 0  9997
2 34790 074.0529 083.8875 0112834 104.2163 257.1565 14.13217442048379
0 COSMOS 2251 DEB
1 34790U 93036AAT 10047.49517886 +.00000239 +00000-0 +13194-3 0  9999
2 34790 074.0531 082.1364 0112792 102.1538 259.2285 14.13218581048516
0 COSMOS 2251 DEB
1 34790U 93036AAT 10048.48621646 +.00000316 +00000-0 +17056-3 0  9996
2 34790 074.0530 080.3855 0112772 100.1650 261.2257 14.13219889048650
0 COSMOS 2251 DEB
1 34790U 93036AAT 10049.47725335 +.00000383 +00000-0 +20426-3 0  9995
2 34790 074.0533 078.6342 0112610 097.9045 263.4921 14.13221198048799
0 COSMOS 2251 DEB
1 34790U 93036AAT 10050.04355925  .00000416  00000-0  22102-3 0  9994
2 34790 074.0536 077.6340 0112549 096.7039 264.6964 14.13222089 48879
0 COSMOS 2251 DEB
1 34790U 93036AAT 10051.45932203  .00000471  00000-0  24858-3 0  9991
2 34790 074.0530 075.1324 0112553 093.9767 267.4266 14.13223888 49077
0 COSMOS 2251 DEB
1 34790U 93036AAT 10052.45035453 +.00000524 +00000-0 +27538-3 0  9990
2 34790 074.0534 073.3814 0112512 091.8968 269.5065 14.13225409049217
0 COSMOS 2251 DEB
1 34790U 93036AAT 10053.44138657  .00000526  00000-0  27617-3 0  9990
2 34790 074.0535 071.6308 0112500 089.8908 271.5124 14.13226517 49350
0 COSMOS 2251 DEB
1 34790U 93036AAT 10053.51217453 +.00000524 +00000-0 +27559-3 0  9993
2 34790 074.0534 071.5057 0112500 089.7501 271.6529 14.13226579049366
0 COSMOS 2251 DEB
1 34790U 93036AAT 10054.43241669 +.00000583 +00000-0 +30491-3 0  9995
2 34790 074.0547 069.8804 0112425 087.8144 273.5883 14.13228315049496
0 COSMOS 2251 DEB
1 34790U 93036AAT 10054.99871900  .00000596  00000-0  31156-3 0  9996
2 34790 074.0550 068.8803 0112402 086.6502 274.7504 14.13229174 49574
0 COSMOS 2251 DEB
1 34790U 93036AAT 10055.42344540 +.00000594 +00000-0 +31043-3 0  9993
2 34790 074.0549 068.1300 0112398 085.7969 275.6005 14.13229668049639
0 COSMOS 2251 DEB
1 34790U 93036AAT 10056.48526124 +.00000630 +00000-0 +32890-3 0  9992
2 34790 074.0544 066.2537 0112379 083.6681 277.7273 14.13231346049784
0 COSMOS 2251 DEB
1 34790U 93036AAT 10057.40549949 +.00000661 +00000-0 +34419-3 0  9998
2 34790 074.0539 064.6276 0112349 081.7992 279.5889 14.13232864049915
0 COSMOS 2251 DEB
1 34790U 93036AAT 10058.39652441  .00000673  00000-0  35034-3 0  9996
2 34790 074.0534 062.8764 0112307 079.8230 281.5564 14.13234298 50052
0 COSMOS 2251 DEB
1 34790U 93036AAT 10059.38754815 +.00000708 +00000-0 +36770-3 0  9991
2 34790 074.0533 061.1250 0112310 077.8089 283.5649 14.13236119050192
0 COSMOS 2251 DEB
1 34790U 93036AAT 10060.94486747  .00000720  00000-0  37395-3 0  9999
2 34790 074.0532 058.3742 0112286 074.7118 286.6417 14.13238545 50413
0 COSMOS 2251 DEB
1 34790U 93036AAT 10061.93588731 +.00000726 +00000-0 +37699-3 0  9998
2 34790 074.0520 056.6223 0112231 072.7753 288.5635 14.13239990050551
0 COSMOS 2251 DEB
1 34790U 93036AAT 10065.97074138  .00000518  00000-0  27254-3 0  9992
2 34790 074.0561 049.4968 0112248 064.5344 296.7019 14.13243235 51123
0 COSMOS 2251 DEB
1 34790U 93036AAT 10066.89097692 +.00000469 +00000-0 +24787-3 0  9997
2 34790 074.0576 047.8719 0112296 062.6424 298.6022 14.13243654051250
0 COSMOS 2251 DEB
1 34790U 93036AAT 10067.38648600 +.00000502 +00000-0 +26453-3 0  9993
2 34790 074.0594 046.9981 0112097 061.6619 299.5783 14.13244454051326
0 COSMOS 2251 DEB
1 34790U 93036AAT 10068.30671719 +.00000147 +00000-0 +85619-4 0  9998
2 34790 074.0594 045.3690 0112874 059.8259 301.3914 14.13241798051458
0 COSMOS 2251 DEB
1 34790U 93036AAT 10068.94380100  .00000246  00000-0  13560-3 0  9994
2 34790 074.0607 044.2415 0112510 058.3240 302.8944 14.13243251 51542
0 COSMOS 2251 DEB
1 34790U 93036AAT 10069.36851929 +.00000188 +00000-0 +10668-3 0  9994
2 34790 074.0611 043.4908 0112632 057.2345 303.9517 14.13242758051600
0 COSMOS 2251 DEB
1 34790U 93036AAT 10070.00560208  .00000240  00000-0  13272-3 0  9997
2 34790 074.0619 042.3625 0112767 055.5973 305.5769 14.13243504 51695
0 COSMOS 2251 DEB
1 34790U 93036AAT 10070.92582995 +.00000238 +00000-0 +13139-3 0  9994
2 34790 074.0629 040.7402 0112823 053.6859 307.4614 14.13243963051820
0 COSMOS 2251 DEB
1 34790U 93036AAT 10071.35055078  .00000242  00000-0  13362-3 0  9992
2 34790 074.0631 039.9905 0112641 053.1622 307.9838 14.13244384 51889
0 COSMOS 2251 DEB
1 34790U 93036AAT 10072.27077837 +.00000328 +00000-0 +17697-3 0  9991
2 34790 074.0630 038.3656 0112633 051.5805 309.5470 14.13245292052015
0 COSMOS 2251 DEB
1 34790U 93036AAT 10072.97864307  .00000176  00000-0  10032-3 0  9991
2 34790 074.0636 037.1150 0112861 050.1658 310.9241 14.13244640 52110
0 COSMOS 2251 DEB
1 34790U 93036AAT 10073.33257855 +.00000143 +00000-0 +83921-4 0  9998
2 34790 074.0632 036.4899 0112672 049.4498 311.6399 14.13244460052168
0 COSMOS 2251 DEB
1 34790U 93036AAT 10074.32359236  .00000146  00000-0  85600-4 0  9993
2 34790 074.0635 034.7398 0112733 047.5171 313.5450 14.13244797 52309
0 COSMOS 2251 DEB
1 34790U 93036AAT 10074.96067174 +.00000134 +00000-0 +79261-4 0  9993
2 34790 074.0635 033.6151 0112700 046.2660 314.7740 14.13244886052390
0 COSMOS 2251 DEB
1 34790U 93036AAT 10075.31460500 +.00000166 +00000-0 +95380-4 0  9998
2 34790 074.0627 032.9891 0112769 045.5286 315.5023 14.13245299052443
0 COSMOS 2251 DEB
1 34790U 93036AAT 10077.29662888  .00000106  00000-0  65282-4 0  9992
2 34790 074.0619 029.4885 0113299 041.2976 319.6510 14.13245262 52723
0 COSMOS 2251 DEB
1 34790U 93036AAT 10080.26966651  .00000106  00000-0  65282-4 0  9998
2 34790 074.0619 024.2393 0113298 035.3333 325.5247 14.13246035 53149
0 COSMOS 2251 DEB
1 34790U 93036AAT 10083.24269795 -.00000102  00000-0 -39281-4 0  9992
2 34790 074.0606 018.9853 0113083 029.6119 331.0907 14.13243397 53565
0 COSMOS 2251 DEB
1 34790U 93036AAT 10087.13596952 -.00000025  00000-0 -11382-6 0  9990
2 34790 074.0641 012.1061 0111402 021.4961 339.1295 14.13244207 54111
0 COSMOS 2251 DEB
1 34790U 93036AAT 10087.20674636 +.00000003 +00000-0 +14040-4 0  9990
2 34790 074.0567 011.9826 0112695 021.4400 339.1243 14.13244397054121
0 COSMOS 2251 DEB
1 34790U 93036AAT 10088.83484181 -.00000243  00000-0 -10999-3 0  9990
2 34790 074.0626 009.1017 0113018 017.8139 342.6930 14.13242114 54358
0 COSMOS 2251 DEB
1 34790U 93036AAT 10090.74608051  .00000030  00000-0  27483-4 0  9996
2 34790 074.0618 005.7256 0112997 013.9808 346.4654 14.13244152 54620
0 COSMOS 2251 DEB
1 34790U 93036AAT 10092.79888404  .00000114  00000-0  69654-4 0  9994
2 34790 074.0616 002.1004 0113610 009.8354 350.5042 14.13245528 54910
0 COSMOS 2251 DEB
1 34790U 93036AAT 10093.71910575  .00000310  00000-0  16808-3 0  9992
2 34790 074.0598 000.4731 0112413 008.6776 351.6372 14.13247077 55046
0 COSMOS 2251 DEB
1 34790U 93036AAT 10094.71011240 +.00000330 +00000-0 +17830-3 0  9992
2 34790 074.0595 358.7227 0112295 006.7424 353.5199 14.13247840055180
0 COSMOS 2251 DEB
1 34790U 93036AAT 10095.13483007  .00000333  00000-0  18004-3 0  9990
2 34790 074.0585 357.9720 0112416 005.8511 354.3918 14.13248188 55241
0 COSMOS 2251 DEB
1 34790U 93036AAT 10095.70112011 +.00000323 +00000-0 +17470-3 0  9992
2 34790 074.0585 356.9723 0112468 004.7144 355.5016 14.13248492055329
0 COSMOS 2251 DEB
1 34790U 93036AAT 10096.12583786 +.00000323 +00000-0 +17470-3 0  9990
2 34790 074.0585 356.2223 0112468 003.8625 356.3356 14.13248787055380
0 COSMOS 2251 DEB
1 34790U 93036AAT 10098.10785183  .00000456  00000-0  24152-3 0  9997
2 34790 074.0578 352.7208 0112405 359.9640 000.1580 14.13251525 55667
0 COSMOS 2251 DEB
1 34790U 93036AAT 10098.74492454 +.00000484 +00000-0 +25568-3 0  9996
2 34790 074.0581 351.5958 0112488 358.6769 001.4079 14.13252455055759
0 COSMOS 2251 DEB
1 34790U 93036AAT 10100.08985865  .00000552  00000-0  28997-3 0  9995
2 34790 074.0581 349.2206 0112604 355.9796 004.0486 14.13254566 55946
0 COSMOS 2251 DEB
1 34790U 93036AAT 10101.08086051 +.00000598 +00000-0 +31288-3 0  9992
2 34790 074.0583 347.4703 0112583 353.9786 006.0002 14.13256036056089
0 COSMOS 2251 DEB
1 34790U 93036AAT 10104.05386386  .00000698  00000-0  36340-3 0  9991
2 34790 074.0572 342.2185 0112648 348.0188 011.8400 14.13260995 56509
0 COSMOS 2251 DEB
1 34790U 93036AAT 10104.12464704 +.00000692 +00000-0 +36040-3 0  9991
2 34790 074.0573 342.0936 0112691 347.8759 011.9664 14.13261029056514
0 COSMOS 2251 DEB
1 34790U 93036AAT 10105.04486018 +.00000674 +00000-0 +35107-3 0  9998
2 34790 074.0575 340.4675 0112673 346.0703 013.7316 14.13262181056646
0 COSMOS 2251 DEB
1 34790U 93036AAT 10107.02685535  .00000804  00000-0  41634-3 0  9990
2 34790 074.0598 336.9671 0113232 342.1286 017.6002 14.13266520 56929
0 COSMOS 2251 DEB
1 34790U 93036AAT 10107.09763844 +.00000801 +00000-0 +41458-3 0  9998
2 34790 074.0606 336.8427 0113440 342.0004 017.7131 14.13266665056930
0 COSMOS 2251 DEB
1 34790U 93036AAT 10110.07061978  .00000802  00000-0  41526-3 0  9996
2 34790 074.0579 331.5919 0113250 336.0442 023.5415 14.13271392 57355
0 COSMOS 2251 DEB
1 34790U 93036AAT 10113.04359277  .00000679  00000-0  35346-3 0  9993
2 34790 074.0561 326.3398 0113808 330.3345 029.1121 14.13274643 57771
0 COSMOS 2251 DEB
1 34790U 93036AAT 10117.00755237  .00000549  00000-0  28845-3 0  9991
2 34790 074.0445 319.3309 0113507 319.9265 039.4249 14.13277741 58336
0 COSMOS 2251 DEB
1 34790U 93036AAT 10117.57381761  .00000482  00000-0  25477-3 0  9994
2 34790 074.0496 318.3287 0112808 320.3147 038.9106 14.13278128 58419
0 COSMOS 2251 DEB
1 34790U 93036AAT 10118.56481914 +.00000655 +00000-0 +34176-3 0  9993
2 34790 074.0458 316.5749 0112914 318.6920 040.5742 14.13280777058550
0 COSMOS 2251 DEB
1 34790U 93036AAT 10118.98952724  .00000600  00000-0  31390-3 0  9996
2 34790 074.0518 315.8310 0113390 318.0206 041.2234 14.13281074 58615
0 COSMOS 2251 DEB
1 34790U 93036AAT 10119.55580626 +.00000449 +00000-0 +23832-3 0  9991
2 34790 074.0529 314.8326 0113116 316.8378 042.3848 14.13280319058697
0 COSMOS 2251 DEB
1 34790U 93036AAT 10120.54679525  .00000318  00000-0  17234-3 0  9993
2 34790 074.0552 313.0794 0112673 314.7557 044.4437 14.13280492 58831
0 COSMOS 2251 DEB
1 34790U 93036AAT 10122.52877044  .00000281  00000-0  15410-3 0  9992
2 34790 074.0468 309.5736 0113264 311.0717 048.0654 14.13281280 59117
0 COSMOS 2251 DEB
1 34790U 93036AAT 10123.51975810 +.00000138 +00000-0 +82146-4 0  9994
2 34790 074.0485 307.8207 0113295 308.9614 050.1408 14.13280786059251
0 COSMOS 2251 DEB
1 34790U 93036AAT 10124.51074728  .00000156  00000-0  91191-4 0  9993
2 34790 074.0462 306.0672 0113411 307.0489 052.0331 14.13281189 59392
0 COSMOS 2251 DEB
1 34790U 93036AAT 10126.49272258  .00000156  00000-0  91191-4 0  9990
2 34790 074.0462 302.5642 0113411 303.0772 055.9518 14.13281909 59671
0 COSMOS 2251 DEB
1 34790U 93036AAT 10126.91743162 +.00000129 +00000-0 +77417-4 0  9999
2 34790 074.0479 301.8170 0114054 302.4505 056.5584 14.13281695059737
0 COSMOS 2251 DEB
1 34790U 93036AAT 10127.48371172 +.00000143 +00000-0 +84594-4 0  9990
2 34790 074.0467 300.8162 0114111 301.3304 057.6718 14.13281969059817
0 COSMOS 2251 DEB
1 34790U 93036AAT 10129.46568741  .00000116  00000-0  70963-4 0  9995
2 34790 074.0525 297.3163 0113913 297.1665 061.7899 14.13282687 60090
0 COSMOS 2251 DEB
1 34790U 93036AAT 10129.89039662 +.00000114 +00000-0 +70273-4 0  9999
2 34790 074.0532 296.5659 0113932 296.3210 062.6261 14.13282808060152
0 COSMOS 2251 DEB
1 34790U 93036AAT 10131.44766397  .00000114  00000-0  70273-4 0  9995
2 34790 074.0532 293.8147 0113932 293.1987 065.7186 14.13283244 60379
0 COSMOS 2251 DEB
1 34790U 93036AAT 10131.87237327 +.00000114 +00000-0 +70273-4 0  9998
2 34790 074.0532 293.0644 0113931 292.3472 066.5626 14.13283363060439
0 COSMOS 2251 DEB
1 34790U 93036AAT 10132.86336168  .00000114  00000-0  70273-4 0  9991
2 34790 074.0532 291.3136 0113931 290.3602 068.5328 14.13283641 60574
0 COSMOS 2251 DEB
1 34790U 93036AAT 10133.85435019 +.00000113 +00000-0 +69458-4 0  9998
2 34790 074.0547 289.5624 0113925 288.2374 070.6446 14.13284110060719
0 COSMOS 2251 DEB
1 34790U 93036AAT 10136.82731510  .00000073  00000-0  49654-4 0  9994
2 34790 074.0545 284.3097 0113976 282.3277 076.5062 14.13284373 61134
0 COSMOS 2251 DEB
1 34790U 93036AAT 10137.46438080 +.00000032 +00000-0 +28937-4 0  9997
2 34790 074.0556 283.1847 0113842 280.8882 077.9438 14.13284099061220
0 COSMOS 2251 DEB
1 34790U 93036AAT 10138.80929602  .00000031  00000-0  28537-4 0  9996
2 34790 074.0559 280.8085 0113806 278.1875 080.6382 14.13284319 61418
0 COSMOS 2251 DEB
1 34790U 93036AAT 10139.37557577 +.00000028 +00000-0 +27158-4 0  9991
2 34790 074.0561 279.8075 0113837 276.9878 081.8358 14.13284459061490
0 COSMOS 2251 DEB
1 34790U 93036AAT 10140.36656524  .00000078  00000-0  51910-4 0  9992
2 34790 074.0564 278.0564 0113875 274.9784 083.8406 14.13285069 61633
0 COSMOS 2251 DEB
1 34790U 93036AAT 10141.35755439 +.00000113 +00000-0 +69720-4 0  9995
2 34790 074.0562 276.3053 0113877 273.0085 085.8064 14.13285683061770
0 COSMOS 2251 DEB
1 34790U 93036AAT 10142.34854351  .00000189  00000-0  10781-3 0  9993
2 34790 074.0566 274.5538 0113805 271.0533 087.7631 14.13286819 61918
0 COSMOS 2251 DEB
1 34790U 93036AAT 10143.76424095  .00000183  00000-0  10458-3 0  9993
2 34790 074.0572 272.0519 0113856 268.2917 090.5151 14.13287340 62119
0 COSMOS 2251 DEB
1 34790U 93036AAT 10144.33052114 +.00000207 +00000-0 +11682-3 0  9993
2 34790 074.0570 271.0512 0113876 267.1667 091.6445 14.13287751062193
0 COSMOS 2251 DEB
1 34790U 93036AAT 10145.32151017  .00000197  00000-0  11140-3 0  9992
2 34790 074.0568 269.3002 0113870 265.1463 093.6663 14.13288083 62339
0 COSMOS 2251 DEB
1 34790U 93036AAT 10145.74621998 +.00000218 +00000-0 +12193-3 0  9991
2 34790 074.0566 268.5498 0113889 264.2849 094.5315 14.13288479062394
0 COSMOS 2251 DEB
1 34790U 93036AAT 10146.73720874  .00000229  00000-0  12783-3 0  9991
2 34790 074.0562 266.7992 0113912 262.3167 096.5042 14.13289101 62536
0 COSMOS 2251 DEB
1 34790U 93036AAT 10149.28546568  .00000269  00000-0  14764-3 0  9995
2 34790 074.0562 262.2968 0114031 257.3299 101.5161 14.13291034 62899
0 COSMOS 2251 DEB
1 34790U 93036AAT 10150.70116051  .00000384  00000-0  20523-3 0  9992
2 34790 074.0557 259.7947 0113923 254.3688 104.4904 14.13293113 63099
0 COSMOS 2251 DEB
1 34790U 93036AAT 10151.69214641 +.00000392 +00000-0 +20950-3 0  9998
2 34790 074.0553 258.0436 0113964 252.3158 106.5515 14.13294044063236
0 COSMOS 2251 DEB
1 34790U 93036AAT 10153.24941139  .00000516  00000-0  27162-3 0  9990
2 34790 074.0564 255.2933 0114005 249.1589 109.7435 14.13296852 63457
0 COSMOS 2251 DEB
1 34790U 93036AAT 10154.24039433 +.00000632 +00000-0 +32976-3 0  9994
2 34790 074.0579 253.5424 0113966 247.2281 111.6902 14.13299351063595
0 COSMOS 2251 DEB
1 34790U 93036AAT 10158.20432355  .00000716  00000-0  37138-3 0  9992
2 34790 074.0550 246.5376 0114366 238.9629 120.0414 14.13305647 64151
0 COSMOS 2251 DEB
1 34790U 93036AAT 10158.27510454 +.00000704 +00000-0 +36569-3 0  9990
2 34790 074.0573 246.4137 0114332 238.9143 120.0715 14.13305656064169
0 COSMOS 2251 DEB
1 34790U 93036AAT 10159.19530124 +.00000704 +00000-0 +36569-3 0  9998
2 34790 074.0573 244.7883 0114330 237.0687 121.9418 14.13306999064294
0 COSMOS 2251 DEB
1 34790U 93036AAT 10161.17726011  .00000713  00000-0  36972-3 0  9999
2 34790 074.0632 241.2915 0114572 233.5524 125.4953 14.13309943 64573
0 COSMOS 2251 DEB
1 34790U 93036AAT 10166.13214539  .00000360  00000-0  19260-3 0  9996
2 34790 074.0614 232.5371 0115091 224.0414 135.1131 14.13312940 65277
0 COSMOS 2251 DEB
1 34790U 93036AAT 10166.27372123 +.00000264 +00000-0 +14495-3 0  9993
2 34790 074.0632 232.2893 0115160 223.7108 135.4748 14.13311925065297
0 COSMOS 2251 DEB
1 34790U 93036AAT 10167.26470219  .00000207  00000-0  11622-3 0  9994
2 34790 074.0634 230.5387 0115019 221.6841 137.5353 14.13311578 65437
0 COSMOS 2251 DEB
1 34790U 93036AAT 10168.18489975 +.00000337 +00000-0 +18109-3 0  9996
2 34790 074.0631 228.9117 0114966 219.7382 139.5433 14.13313611065569
0 COSMOS 2251 DEB
1 34790U 93036AAT 10169.17587476  .00000371  00000-0  19838-3 0  9999
2 34790 074.0692 227.1665 0114766 217.9168 141.3842 14.13314851 65703
0 COSMOS 2251 DEB
1 34790U 93036AAT 10170.23763639  .00000311  00000-0  16831-3 0  9999
2 34790 074.0724 225.2904 0114685 215.7098 143.6261 14.13314771 65859
0 COSMOS 2251 DEB
1 34790U 93036AAT 10171.58253584  .00000642  00000-0  33423-3 0  9994
2 34790 074.0622 222.8945 0114498 213.1940 146.2176 14.13317925 66044
0 COSMOS 2251 DEB
1 34790U 93036AAT 10172.14880358 +.00000367 +00000-0 +19632-3 0  9992
2 34790 074.0627 221.8977 0114807 211.4771 147.9384 14.13316660066123
0 COSMOS 2251 DEB
1 34790U 93036AAT 10173.13978147  .00000186  00000-0  10582-3 0  9990
2 34790 074.0632 220.1505 0115051 209.1099 150.3503 14.13315815 66264
0 COSMOS 2251 DEB
1 34790U 93036AAT 10175.12173755  .00000205  00000-0  11498-3 0  9992
2 34790 074.0639 216.6493 0115263 204.7091 154.8481 14.13316625 66540
0 COSMOS 2251 DEB
1 34790U 93036AAT 10179.08564461  .00000069  00000-0  47029-4 0  9997
2 34790 074.0642 209.6488 0115278 196.8664 162.8442 14.13316631 67109
0 COSMOS 2251 DEB
1 34790U 93036AAT 10179.51035298 -.00000023  00000-0  87866-6 0  9992
2 34790 074.0569 208.8902 0114331 197.1940 162.5239 14.13315465 67160
0 COSMOS 2251 DEB
1 34790U 93036AAT 10180.50133255 +.00000215 +00000-0 +12007-3 0  9999
2 34790 074.0541 207.1405 0114572 195.3746 164.4043 14.13317543067300
0 COSMOS 2251 DEB
1 34790U 93036AAT 10180.71368194  .00000180  00000-0  10246-3 0  9998
2 34790 074.0536 206.7652 0114546 194.9222 164.8507 14.13317263 67339
0 COSMOS 2251 DEB
1 34790U 93036AAT 10182.05857928  .00000147  00000-0  85850-4 0  9992
2 34790 074.0536 204.3893 0114537 192.2230 167.6122 14.13317675 67522
0 COSMOS 2251 DEB
1 34790U 93036AAT 10183.47426007  .00000068  00000-0  46541-4 0  9995
2 34790 074.0525 201.8881 0114508 189.3865 170.5069 14.13317283 67728
0 COSMOS 2251 DEB
1 34790U 93036AAT 10184.46523829 +.00000042 +00000-0 +33566-4 0  9990
2 34790 074.0525 200.1374 0114563 187.3719 172.5709 14.13317139067862
0 COSMOS 2251 DEB
1 34790U 93036AAT 10186.09327264 -.00000030  00000-0 -25428-5 0  9994
2 34790 074.0519 197.2610 0114511 184.1167 175.9015 14.13316783 68096
0 COSMOS 2251 DEB
1 34790U 93036AAT 10187.43816969  .00000056  00000-0  40150-4 0  9992
2 34790 074.0523 194.8846 0114460 181.3908 178.6937 14.13317743 68281
0 COSMOS 2251 DEB
1 34790U 93036AAT 10188.99541856  .00000036  00000-0  30251-4 0  9993
2 34790 074.0526 192.1334 0114490 178.2504 181.9028 14.13317729 68504
0 COSMOS 2251 DEB
1 34790U 93036AAT 10190.41110015  .00000058  00000-0  41513-4 0  9999
2 34790 074.0523 189.6322 0114529 175.3909 184.8335 14.13318161 68705
0 COSMOS 2251 DEB
1 34790U 93036AAT 10191.40207690 +.00000056 +00000-0 +40284-4 0  9997
2 34790 074.0544 187.8809 0114061 173.3393 186.9288 14.13318322068848
0 COSMOS 2251 DEB
1 34790U 93036AAT 10191.96834921  .00000061  00000-0  42644-4 0  9999
2 34790 074.0544 186.8806 0114423 172.2065 188.0900 14.13318433 68926
0 COSMOS 2251 DEB
1 34790U 93036AAT 10193.03010912  .00000008  00000-0  16046-4 0  9993
2 34790 074.0545 185.0048 0114700 170.0831 190.2576 14.13318027 69071
0 COSMOS 2251 DEB
1 34790U 93036AAT 10194.02108625 +.00000015 +00000-0 +19876-4 0  9994
2 34790 074.0552 183.2542 0114635 168.0866 192.3039 14.13318233069212
0 COSMOS 2251 DEB
1 34790U 93036AAT 10195.36598231  .00000143  00000-0  83902-4 0  9991
2 34790 074.0555 180.8778 0115239 165.3640 195.1034 14.13319854 69407
0 COSMOS 2251 DEB
1 34790U 93036AAT 10197.34792891  .00000148  00000-0  86248-4 0  9990
2 34790 074.0548 177.3759 0115402 161.4072 199.1366 14.13320602 69682
0 COSMOS 2251 DEB
1 34790U 93036AAT 10198.33890259 +.00000178 +00000-0 +10091-3 0  9992
2 34790 074.0552 175.6253 0115299 159.4247 201.1627 14.13321311069820
0 COSMOS 2251 DEB
1 34790U 93036AAT 10199.96692972  .00000255  00000-0  13970-3 0  9999
2 34790 074.0560 172.7487 0115130 156.1407 204.5185 14.13322815 70055
0 COSMOS 2251 DEB
1 34790U 93036AAT 10202.93984381  .00000470  00000-0  24736-3 0  9990
2 34790 074.0577 167.4947 0115427 150.0107 210.7949 14.13327309 70470
0 COSMOS 2251 DEB
1 34790U 93036AAT 10203.93080773 +.00000426 +00000-0 +22491-3 0  9990
2 34790 074.0592 165.7445 0115404 148.1282 212.6842 14.13327561070617
0 COSMOS 2251 DEB
1 34790U 93036AAT 10204.28472645  .00000451  00000-0  23759-3 0  9998
2 34790 074.0611 165.1199 0115225 147.3330 213.4996 14.13328196 70664
0 COSMOS 2251 DEB
1 34790U 93036AAT 10206.97449443  .00000269  00000-0  14660-3 0  9994
2 34790 074.0607 160.3670 0115517 141.7869 219.1321 14.13328636 71046
0 COSMOS 2251 DEB
1 34790U 93036AAT 10209.23956531  .00000627  00000-0  32523-3 0  9993
2 34790 074.0599 156.3639 0115783 137.4189 223.6704 14.13335217 71361
0 COSMOS 2251 DEB
1 34790U 93036AAT 10211.29225674  .00000754  00000-0  38917-3 0  9993
2 34790 074.0633 152.7359 0114817 132.1970 228.8619 14.13338760 71656
0 COSMOS 2251 DEB
1 34790U 93036AAT 10211.92930901 +.00000764 +00000-0 +39405-3 0  9993
2 34790 074.0629 151.6087 0114774 130.8824 230.2326 14.13339814071745
0 COSMOS 2251 DEB
1 34790U 93036AAT 10214.26513580  .00000543  00000-0  28358-3 0  9993
2 34790 074.0581 147.4780 0115038 125.4225 235.7160 14.13340409 72079
0 COSMOS 2251 DEB
1 34790U 93036AAT 10215.25610350  .00000143  00000-0  83250-4 0  9995
2 34790 074.0641 145.7286 0114638 124.2680 236.9514 14.13338449 72218
0 COSMOS 2251 DEB
1 34790U 93036AAT 10217.23801693  .00000256  00000-0  13997-3 0  9992
2 34790 074.0631 142.2297 0114652 120.5078 240.7560 14.13340103 72491
0 COSMOS 2251 DEB
1 34790U 93036AAT 10217.87505814 +.00000273 +00000-0 +14869-3 0  9996
2 34790 074.0602 141.1093 0114851 119.6407 241.6259 14.13340260072586
0 COSMOS 2251 DEB
1 34790U 93036AAT 10220.21088174  .00000264  00000-0  14384-3 0  9995
2 34790 074.0623 136.9790 0114488 114.8450 246.4732 14.13341823 72918
0 COSMOS 2251 DEB
1 34790U 93036AAT 10221.20183454 +.00000279 +00000-0 +15155-3 0  9995
2 34790 074.0592 135.2282 0114632 112.7228 248.6025 14.13342425073056
0 COSMOS 2251 DEB
1 34790U 93036AAT 10222.19278918  .00000263  00000-0  14354-3 0  9997
2 34790 074.0580 133.4786 0114703 110.5674 250.7736 14.13342742 73192
0 COSMOS 2251 DEB
1 34790U 93036AAT 10222.82983210 +.00000215 +00000-0 +11931-3 0  9990
2 34790 074.0577 132.3533 0114780 109.2694 252.0854 14.13342610073288
0 COSMOS 2251 DEB
1 34790U 93036AAT 10225.16564982  .00000035  00000-0  29466-4 0  9994
2 34790 074.0552 128.2279 0114759 104.7169 256.6553 14.13341507 73612
0 COSMOS 2251 DEB
1 34790U 93036AAT 10225.80269451 -.00000070 +00000-0 -23309-4 0  9999
2 34790 074.0556 127.1021 0114799 103.3718 258.0192 14.13340791073707
0 COSMOS 2251 DEB
1 34790U 93036AAT 10227.14756107  .00000054  00000-0  38847-4 0  9990
2 34790 074.0551 124.7264 0114887 100.6314 260.7906 14.13342133 73899
0 COSMOS 2251 DEB
1 34790U 93036AAT 10228.13851082 +.00000195 +00000-0 +10955-3 0  9993
2 34790 074.0547 122.9754 0114677 098.7034 262.7219 14.13343481074034
0 COSMOS 2251 DEB
1 34790U 93036AAT 10230.75744853  .00000128  00000-0  75893-4 0  9990
2 34790 074.0566 118.3463 0114905 093.5339 267.8833 14.13343630 74401
0 COSMOS 2251 DEB
1 34790U 93036AAT 10231.74840073 +.00000042 +00000-0 +32620-4 0  9997
2 34790 074.0574 116.5958 0114983 091.6754 269.7485 14.13342933074549
0 COSMOS 2251 DEB
1 34790U 93036AAT 10232.10231303  .00000038  00000-0  31035-4 0  9992
2 34790 074.0560 115.9712 0114919 090.9503 270.4812 14.13342925 74597
0 COSMOS 2251 DEB
1 34790U 93036AAT 10233.73030386 -.00000097  00000-0 -36854-4 0  9991
2 34790 074.0592 113.0905 0115408 087.7045 273.7285 14.13342009 74823
0 COSMOS 2251 DEB
1 34790U 93036AAT 10234.65047238 -.00000046 +00000-0 -11145-4 0  9997
2 34790 074.0577 111.4668 0115043 085.8828 275.5566 14.13342498074955
0 COSMOS 2251 DEB
1 34790U 93036AAT 10236.06611236  .00000035  00000-0  29359-4 0  9991
2 34790 074.0549 108.9663 0115063 083.0016 278.4242 14.13343159 75152
0 COSMOS 2251 DEB
1 34790U 93036AAT 10236.63236781 +.00000031 +00000-0 +27325-4 0  9999
2 34790 074.0549 107.9660 0115073 081.8745 279.5426 14.13343173075235
0 COSMOS 2251 DEB
1 34790U 93036AAT 10237.69409800  .00000037  00000-0  30143-4 0  9998
2 34790 074.0549 106.0893 0115144 079.7441 281.6640 14.13343315 75387
0 COSMOS 2251 DEB
1 34790U 93036AAT 10238.04800842 +.00000064 +00000-0 +43827-4 0  9992
2 34790 074.0551 105.4637 0115203 079.0510 282.3584 14.13343687075438
0 COSMOS 2251 DEB
1 34790U 93036AAT 10239.03895563  .00000112  00000-0  68136-4 0  9990
2 34790 074.0544 103.7122 0115199 077.1083 284.2929 14.13344260 75575
0 COSMOS 2251 DEB
1 34790U 93036AAT 10241.65788481  .00000153  00000-0  88247-4 0  9991
2 34790 074.0545 099.0851 0115176 071.8578 289.5109 14.13345434 75940
0 COSMOS 2251 DEB
1 34790U 93036AAT 10242.57804734 +.00000201 +00000-0 +11233-3 0  9997
2 34790 074.0543 097.4592 0115086 070.0999 291.2578 14.13346353076076
0 COSMOS 2251 DEB
1 34790U 93036AAT 10243.00273625  .00000225  00000-0  12445-3 0  9997
2 34790 074.0540 096.7087 0115142 069.2421 292.1041 14.13346866 76138
0 COSMOS 2251 DEB
1 34790U 93036AAT 10243.56898934 +.00000294 +00000-0 +15900-3 0  9999
2 34790 074.0540 095.7076 0115266 068.0566 293.2781 14.13347682076218
0 COSMOS 2251 DEB
1 34790U 93036AAT 10243.99367921 +.00000308 +00000-0 +16592-3 0  9997
2 34790 074.0533 094.9566 0115293 067.2591 294.0704 14.13348107076277
0 COSMOS 2251 DEB
1 34790U 93036AAT 10245.62165543  .00000307  00000-0  16560-3 0  9999
2 34790 074.0543 092.0800 0115268 064.0079 297.2878 14.13349190 76502
0 COSMOS 2251 DEB
1 34790U 93036AAT 10245.97556317 +.00000351 +00000-0 +18743-3 0  9994
2 34790 074.0547 091.4552 0115338 063.3074 297.9861 14.13349987076556
0 COSMOS 2251 DEB
1 34790U 93036AAT 10247.60353586  .00000392  00000-0  20776-3 0  9993
2 34790 074.0550 088.5777 0115391 060.1536 301.1058 14.13351714 76785
0 COSMOS 2251 DEB
1 34790U 93036AAT 10251.99197276  .00000638  00000-0  33094-3 0  9992
2 34790 074.0542 080.8223 0115512 051.4338 309.7459 14.13358678 77400
0 COSMOS 2251 DEB
1 34790U 93036AAT 10252.91211414  .00000717  00000-0  37043-3 0  9992
2 34790 074.0549 079.1973 0115553 049.5533 311.5616 14.13361182 77534
0 COSMOS 2251 DEB
1 34790U 93036AAT 10252.91211414 +.00000717 +00000-0 +37043-3 0  9992
2 34790 074.0549 079.1973 0115553 049.5533 311.5616 14.13361182077534
0 COSMOS 2251 DEB
1 34790U 93036AAT 10257.15895161  .00000642  00000-0  33310-3 0  9990
2 34790 074.0539 071.6933 0115058 040.7122 320.2656 14.13367046 78136
0 COSMOS 2251 DEB
1 34790U 93036AAT 10257.44207123 +.00000641 +00000-0 +33247-3 0  9995
2 34790 074.0540 071.1922 0115205 040.1794 320.7753 14.13367335078172
0 COSMOS 2251 DEB
1 34790U 93036AAT 10258.50377777  .00000635  00000-0  32963-3 0  9993
2 34790 074.0507 069.3112 0115259 038.0568 322.8648 14.13368678 78323
0 COSMOS 2251 DEB
1 34790U 93036AAT 10258.92845965 +.00000635 +00000-0 +32963-3 0  9998
2 34790 074.0507 068.5607 0115259 037.2053 323.7002 14.13369238078386
0 COSMOS 2251 DEB
1 34790U 93036AAT 10263.10448849  .00000532  00000-0  27798-3 0  9990
2 34790 074.0566 061.1814 0115655 028.6551 332.0641 14.13373409 78979
0 COSMOS 2251 DEB
1 34790U 93036AAT 10263.45839343 +.00000532 +00000-0 +27798-3 0  9991
2 34790 074.0566 060.5562 0115655 027.9452 332.7834 14.13373803079020
0 COSMOS 2251 DEB
1 34790U 93036AAT 10264.44931354  .00000420  00000-0  22231-3 0  9999
2 34790 074.0582 058.8007 0115629 025.7914 334.8929 14.13374022 79169
0 COSMOS 2251 DEB
1 34790U 93036AAT 10264.87399359 +.00000420 +00000-0 +22231-3 0  9999
2 34790 074.0582 058.0506 0115629 024.9395 335.7270 14.13374399079222
0 COSMOS 2251 DEB
1 34790U 93036AAT 10265.51101421  .00000291  00000-0  15779-3 0  9997
2 34790 074.0600 056.9241 0115642 023.6798 336.9558 14.13373709 79310
0 COSMOS 2251 DEB
1 34790U 93036AAT 10265.51101421 +.00000291 +00000-0 +15779-3 0  9997
2 34790 074.0600 056.9241 0115642 023.6798 336.9558 14.13373709079310
0 COSMOS 2251 DEB
1 34790U 93036AAT 10266.43115528 +.00000280 +00000-0 +15220-3 0  9991
2 34790 074.0597 055.2993 0115629 021.8411 338.7589 14.13374148079444
0 COSMOS 2251 DEB
1 34790U 93036AAT 10267.84675499  .00000190  00000-0  10738-3 0  9994
2 34790 074.0611 052.7986 0115482 018.9460 341.5844 14.13373929 79647
0 COSMOS 2251 DEB
1 34790U 93036AAT 10269.40391617 -.00000074  00000-0 -24939-4 0  9997
2 34790 074.0621 050.0513 0115648 015.8088 344.6465 14.13372484 79863
0 COSMOS 2251 DEB
1 34790U 93036AAT 10271.81044142 -.00000075  00000-0 -24939-4 0  9994
2 34790 074.0621 045.8014 0115648 010.9798 349.3824 14.13372244 80200
0 COSMOS 2251 DEB
1 34790U 93036AAT 10273.43838303 -.00000113  00000-0 -44322-4 0  9995
2 34790 074.0622 042.9230 0115816 007.8222 352.4576 14.13371473 80430
0 COSMOS 2251 DEB
1 34790U 93036AAT 10276.76505053 -.00000146  00000-0 -60238-4 0  9997
2 34790 074.0554 037.0471 0118588 001.3630 358.7373 14.13370208 80908
0 COSMOS 2251 DEB
1 34790U 93036AAT 10278.74690311 -.00000117  00000-0 -46112-4 0  9992
2 34790 074.0551 033.5428 0117282 357.7112 002.3528 14.13369742 81187
0 COSMOS 2251 DEB
1 34790U 93036AAT 10279.38392355 -.00000133 +00000-0 -54084-4 0  9995
2 34790 074.0572 032.4155 0117214 356.3874 003.6432 14.13369588081276
0 COSMOS 2251 DEB
1 34790U 93036AAT 10281.71966928 -.00000107  00000-0 -40919-4 0  9991
2 34790 074.0627 028.2855 0116667 351.2678 008.6690 14.13369753 81606
0 COSMOS 2251 DEB
1 34790U 93036AAT 10283.34760865 -.00000175  00000-0 -74875-4 0  9997
2 34790 074.0637 025.4091 0116315 347.9128 011.9173 14.13368566 81839
0 COSMOS 2251 DEB
1 34790U 93036AAT 10285.32945738 -.00000076  00000-0 -25633-4 0  9999
2 34790 074.0630 021.9090 0116087 343.8357 015.9306 14.13369333 82114
0 COSMOS 2251 DEB
1 34790U 93036AAT 10286.67427764 -.00000014  00000-0  54398-5 0  9994
2 34790 074.0605 019.5326 0116205 341.3418 018.3468 14.13369877 82304
0 COSMOS 2251 DEB
1 34790U 93036AAT 10288.30222263  .00000056  00000-0  40709-4 0  9998
2 34790 074.0607 016.6573 0116153 337.9786 021.6468 14.13370646 82537
0 COSMOS 2251 DEB
1 34790U 93036AAT 10289.64704440  .00000149  00000-0  86845-4 0  9992
2 34790 074.0607 014.2798 0115478 335.0673 024.5071 14.13371782 82728
0 COSMOS 2251 DEB
1 34790U 93036AAT 10293.25682764  .00000297  00000-0  16103-3 0  9991
2 34790 074.0615 007.9047 0115689 327.8915 031.5404 14.13375015 83233
0 COSMOS 2251 DEB
1 34790U 93036AAT 10298.56532106  .00000985  00000-0  50439-3 0  9998
2 34790 074.0643 358.5296 0116499 316.8296 042.4763 14.13387053 83981
0 COSMOS 2251 DEB
1 34790U 93036AAT 10299.27309579  .00000686  00000-0  35533-3 0  9999
2 34790 074.0631 357.2777 0115692 315.6100 043.5458 14.13385010 84089
0 COSMOS 2251 DEB
1 34790U 93036AAT 10299.55622105 +.00000667 +00000-0 +34617-3 0  9994
2 34790 074.0603 356.7730 0115554 315.1111 044.0739 14.13385247084120
0 COSMOS 2251 DEB
1 34790U 93036AAT 10301.18415032  .00000865  00000-0  44457-3 0  9999
2 34790 074.0600 353.8940 0115799 311.7901 047.3564 14.13389646 84352
0 COSMOS 2251 DEB
1 34790U 93036AAT 10301.60882314 +.00000854 +00000-0 +43905-3 0  9992
2 34790 074.0596 353.1431 0115788 310.9300 048.1855 14.13390270084410
0 COSMOS 2251 DEB
1 34790U 93036AAT 10303.16596809  .00000912  00000-0  46835-3 0  9996
2 34790 074.0601 350.3917 0115899 307.8212 051.2564 14.13393856 84634
0 COSMOS 2251 DEB
1 34790U 93036AAT 10306.56336258  .00000780  00000-0  40238-3 0  9997
2 34790 074.0666 344.3913 0115984 301.1305 057.8178 14.13398309 85114
0 COSMOS 2251 DEB
1 34790U 93036AAT 10307.12960128 +.00000699 +00000-0 +36173-3 0  9991
2 34790 074.0692 343.3918 0115977 299.7988 059.1599 14.13398236085197
0 COSMOS 2251 DEB
1 34790U 93036AAT 10308.12050933  .00000651  00000-0  33764-3 0  9997
2 34790 074.0710 341.6428 0116020 297.6636 061.2747 14.13399090 85336
0 COSMOS 2251 DEB
1 34790U 93036AAT 10312.08413236  .00000452  00000-0  23841-3 0  9990
2 34790 074.0754 334.6406 0115864 289.5490 069.2788 14.13401240 85890
0 COSMOS 2251 DEB
1 34790U 93036AAT 10312.72115126 +.00000521 +00000-0 +27280-3 0  9996
2 34790 074.0627 333.4965 0116203 288.5079 070.3511 14.13401906085982
0 COSMOS 2251 DEB
1 34790U 93036AAT 10313.49971924  .00000970  00000-0  49618-3 0  9994
2 34790 074.0617 332.1245 0117534 287.1814 071.6581 14.13405678 86092
0 COSMOS 2251 DEB
1 34790U 93036AAT 10313.71205384 +.00000804 +00000-0 +41361-3 0  9992
2 34790 074.0621 331.7500 0117290 286.7058 072.1170 14.13404705086124
0 COSMOS 2251 DEB
1 34790U 93036AAT 10315.48152582 +.00000280 +00000-0 +15266-3 0  9992
2 34790 074.0616 328.6255 0117030 283.3736 075.3944 14.13402255086377
0 COSMOS 2251 DEB
1 34790U 93036AAT 10320.08217073  .00000281  00000-0  15266-3 0  9992
2 34790 074.0616 320.5002 0117027 274.1417 084.6356 14.13405071 87020
0 COSMOS 2251 DEB
1 34790U 93036AAT 10321.00229771 +.00000303 +00000-0 +16383-3 0  9999
2 34790 074.0563 318.8723 0117242 272.4732 086.3105 14.13406041087154
0 COSMOS 2251 DEB
1 34790U 93036AAT 10321.99320085  .00000324  00000-0  17413-3 0  9995
2 34790 074.0542 317.1177 0117180 270.5196 088.2534 14.13406862 87293
0 COSMOS 2251 DEB
1 34790U 93036AAT 10322.98410561 +.00000351 +00000-0 +18755-3 0  9994
2 34790 074.0713 315.3743 0117576 268.3113 090.4538 14.13408025087433
0 COSMOS 2251 DEB
1 34790U 93036AAT 10324.39968463  .00000383  00000-0  20364-3 0  9994
2 34790 074.0588 312.8638 0117929 265.4976 093.2706 14.13408621 87637
0 COSMOS 2251 DEB
1 34790U 93036AAT 10326.38149342  .00000383  00000-0  20364-3 0  9992
2 34790 074.0588 309.3630 0117928 261.5216 097.2545 14.13410241 87910
0 COSMOS 2251 DEB
1 34790U 93036AAT 10327.37240240 +.00000166 +00000-0 +95337-4 0  9993
2 34790 074.0581 307.6100 0117616 259.3521 099.4353 14.13408508088054
0 COSMOS 2251 DEB
1 34790U 93036AAT 10328.36330837  .00000180  00000-0  10239-3 0  9998
2 34790 074.0577 305.8591 0117618 257.3518 101.4463 14.13409011 88190
0 COSMOS 2251 DEB
1 34790U 93036AAT 10329.92044684  .00000152  00000-0  88363-4 0  9996
2 34790 074.0575 303.1071 0117567 254.2189 104.5969 14.13409271 88413
0 COSMOS 2251 DEB
1 34790U 93036AAT 10331.97303859  .00000130  00000-0  77687-4 0  9999
2 34790 074.0578 299.4792 0117488 250.2608 108.5812 14.13409686 88700
0 COSMOS 2251 DEB
1 34790U 93036AAT 10333.31784077  .00000098  00000-0  61726-4 0  9994
2 34790 074.0585 297.1020 0117297 247.7072 111.1580 14.13409974 88893
0 COSMOS 2251 DEB
1 34790U 93036AAT 10334.30874803 +.00000101 +00000-0 +62988-4 0  9997
2 34790 074.0579 295.3508 0117251 245.7375 113.1489 14.13410241089037
0 COSMOS 2251 DEB
1 34790U 93036AAT 10334.87498033  .00000097  00000-0  61038-4 0  9995
2 34790 074.0580 294.3502 0117270 244.5762 114.3206 14.13410344 89113
0 COSMOS 2251 DEB
1 34790U 93036AAT 10335.29965470 +.00000114 +00000-0 +69695-4 0  9993
2 34790 074.0573 293.5993 0117232 243.7447 115.1623 14.13410627089171
0 COSMOS 2251 DEB
1 34790U 93036AAT 10336.29056152  .00000129  00000-0  76778-4 0  9998
2 34790 074.0570 291.8484 0117144 241.8232 117.1062 14.13411091 89318
0 COSMOS 2251 DEB
1 34790U 93036AAT 10337.28146786 +.00000146 +00000-0 +85331-4 0  9995
2 34790 074.0568 290.0972 0117149 239.8147 119.1365 14.13411535089451
0 COSMOS 2251 DEB
1 34790U 93036AAT 10337.84769995  .00000152  00000-0  88530-4 0  9991
2 34790 074.0568 289.0966 0117163 238.6493 120.3142 14.13411762 89537
0 COSMOS 2251 DEB
1 34790U 93036AAT 10338.83860647 +.00000154 +00000-0 +89309-4 0  9994
2 34790 074.0564 287.3452 0117163 236.6417 122.3462 14.13412113089671
0 COSMOS 2251 DEB
1 34790U 93036AAT 10339.82951329  .00000189  00000-0  10671-3 0  9995
2 34790 074.0567 285.5943 0117115 234.6866 124.3303 14.13412834 89814
0 COSMOS 2251 DEB
1 34790U 93036AAT 10340.25418705 +.00000192 +00000-0 +10828-3 0  9998
2 34790 074.0563 284.8438 0117129 233.7796 125.2490 14.13413116089875
0 COSMOS 2251 DEB
1 34790U 93036AAT 10341.24509305  .00000229  00000-0  12680-3 0  9994
2 34790 074.0559 283.0922 0117046 231.8213 127.2368 14.13413936 90014
0 COSMOS 2251 DEB
1 34790U 93036AAT 10342.80222976  .00000272  00000-0  14808-3 0  9995
2 34790 074.0559 280.3405 0116920 228.7856 130.3159 14.13415193 90232
0 COSMOS 2251 DEB
1 34790U 93036AAT 10343.79313525 +.00000303 +00000-0 +16392-3 0  9990
2 34790 074.0565 278.5896 0116862 226.8371 132.2992 14.13416185090371
0 COSMOS 2251 DEB
1 34790U 93036AAT 10344.21780817  .00000319  00000-0  17170-3 0  9992
2 34790 074.0562 277.8390 0116910 225.9411 133.2078 14.13416642 90439
0 COSMOS 2251 DEB
1 34790U 93036AAT 10345.84572256  .00000386  00000-0  20493-3 0  9994
2 34790 074.0570 274.9623 0116813 222.6908 136.5172 14.13418572 90662
0 COSMOS 2251 DEB
1 34790U 93036AAT 10346.76584629 +.00000437 +00000-0 +23048-3 0  9999
2 34790 074.0561 273.3353 0116983 220.7391 138.5034 14.13419939090799
0 COSMOS 2251 DEB
1 34790U 93036AAT 10349.80933092  .00000602  00000-0  31270-3 0  9999
2 34790 074.0599 267.9581 0116781 214.7147 144.6544 14.13425026 91227
0 COSMOS 2251 DEB
1 34790U 93036AAT 10350.72944821 +.00000645 +00000-0 +33418-3 0  9997
2 34790 074.0601 266.3305 0116739 212.9726 146.4118 14.13426546091353
0 COSMOS 2251 DEB
1 34790U 93036AAT 10352.78202345  .00000562  00000-0  29282-3 0  9995
2 34790 074.0587 262.7014 0116638 208.8236 150.6242 14.13427896 91647
0 COSMOS 2251 DEB
1 34790U 93036AAT 10354.12681766  .00000450  00000-0  23684-3 0  9999
2 34790 074.0595 260.3257 0116653 206.1098 153.4084 14.13428402 91833
0 COSMOS 2251 DEB
1 34790U 93036AAT 10355.18849539  .00000400  00000-0  21165-3 0  9997
2 34790 074.0598 258.4511 0116753 204.1621 155.4058 14.13429161 91980
0 COSMOS 2251 DEB
1 34790U 93036AAT 10356.17939262 +.00000472 +00000-0 +24797-3 0  9993
2 34790 074.0591 256.6990 0116321 202.2150 157.3916 14.13430572092120
0 COSMOS 2251 DEB
1 34790U 93036AAT 10358.79819087  .00000348  00000-0  18578-3 0  9997
2 34790 074.0594 252.0721 0116260 196.8976 162.8090 14.13431531 92491
0 COSMOS 2251 DEB
1 34790U 93036AAT 10360.07220458  .00000226  00000-0  12519-3 0  9993
2 34790 074.0571 249.8220 0115695 194.3344 165.4287 14.13430960 92679
0 COSMOS 2251 DEB
1 34790U 93036AAT 10360.14298730 +.00000227 +00000-0 +12546-3 0  9990
2 34790 074.0601 249.7005 0115436 194.2167 165.5679 14.13431080092689
0 COSMOS 2251 DEB
1 34790U 93036AAT 10361.13388525  .00000069  00000-0  46910-4 0  9999
2 34790 074.0606 247.9498 0115771 192.3381 167.4951 14.13430360 92829
0 COSMOS 2251 DEB
1 34790U 93036AAT 10362.12478256 +.00000129 +00000-0 +76756-4 0  9998
2 34790 074.0599 246.1986 0115544 190.2494 169.6273 14.13431110092963
0 COSMOS 2251 DEB
1 34790U 93036AAT 10364.10657746  .00000127  00000-0  75563-4 0  9994
2 34790 074.0582 242.6976 0115534 186.2859 173.6849 14.13431691 93244
0 COSMOS 2251 DEB
1 34790U 93036AAT 10365.09747426 +.00000148 +00000-0 +86253-4 0  9999
2 34790 074.0584 240.9468 0115541 184.3097 175.7067 14.13432113093384
0 COSMOS 2251 DEB
1 34790U 93036AAT 11002.07926731  .00000083  00000-0  53800-4 0  9994
2 34790 074.0576 237.4453 0115480 180.3593 179.7442 14.13432162 93665
0 COSMOS 2251 DEB
1 34790U 93036AAT 11003.07016484 +.00000073 +00000-0 +48485-4 0  9992
2 34790 074.0552 235.6964 0115296 178.2685 181.8804 14.13432129093804
0 COSMOS 2251 DEB
1 34790U 93036AAT 11005.05195942  .00000117  00000-0  70603-4 0  9995
2 34790 074.0537 232.1936 0115350 174.3113 185.9453 14.13433090 94086
0 COSMOS 2251 DEB
1 34790U 93036AAT 11006.67985796  .00000167  00000-0  95337-4 0  9994
2 34790 074.0563 229.3132 0115556 171.0383 189.2921 14.13434136 94317
0 COSMOS 2251 DEB
1 34790U 93036AAT 11008.59086837  .00000186  00000-0  10524-3 0  9990
2 34790 074.0632 225.9320 0114993 166.8453 193.5594 14.13435281 94584
0 COSMOS 2251 DEB
1 34790U 93036AAT 11009.01554013 +.00000149 +00000-0 +86470-4 0  9997
2 34790 074.0593 225.1813 0115151 166.1366 194.2987 14.13434820094641
0 COSMOS 2251 DEB
1 34790U 93036AAT 11011.56355379 +.00000074 +00000-0 +49071-4 0  9997
2 34790 074.0601 220.6767 0115122 161.0316 199.5108 14.13434881095007
0 COSMOS 2251 DEB
1 34790U 93036AAT 11013.54534325  .00000066  00000-0  44745-4 0  9991
2 34790 074.0583 217.1741 0115057 157.0287 203.6062 14.13435166 95281
0 COSMOS 2251 DEB
1 34790U 93036AAT 11014.53623699 +.00000091 +00000-0 +57396-4 0  9998
2 34790 074.0582 215.4222 0115092 155.0524 205.6277 14.13435646095425
0 COSMOS 2251 DEB
1 34790U 93036AAT 11016.94269089  .00000160  00000-0  91735-4 0  9996
2 34790 074.0546 211.1667 0115278 150.2126 210.5719 14.13436816 95765
0 COSMOS 2251 DEB
1 34790U 93036AAT 11016.94269089 +.00000160 +00000-0 +91735-4 0  9996
2 34790 074.0546 211.1667 0115278 150.2126 210.5719 14.13436816095765
0 COSMOS 2251 DEB
1 34790U 93036AAT 11017.57969145 +.00000175 +00000-0 +99591-4 0  9990
2 34790 074.0550 210.0414 0115114 148.9493 211.8533 14.13437247095855
0 COSMOS 2251 DEB
1 34790U 93036AAT 11018.57058274  .00000132  00000-0  77662-4 0  9991
2 34790 074.0540 208.2896 0115594 146.8838 213.9555 14.13437020 95990
0 COSMOS 2251 DEB
1 34790U 93036AAT 11021.54325723  .00000280  00000-0  15152-3 0  9997
2 34790 074.0557 203.0374 0115725 141.0094 219.9727 14.13440164 96417
0 COSMOS 2251 DEB
1 34790U 93036AAT 11022.53414078 +.00000368 +00000-0 +19552-3 0  9994
2 34790 074.0559 201.2859 0115565 138.8275 222.1609 14.13441328096557
0 COSMOS 2251 DEB
1 34790U 93036AAT 11023.87891757  .00000387  00000-0  20513-3 0  9995
2 34790 074.0567 198.9086 0115446 136.1560 224.8820 14.13442491 96743
0 COSMOS 2251 DEB
1 34790U 93036AAT 11024.51591479 +.00000418 +00000-0 +22034-3 0  9990
2 34790 074.0570 197.7828 0115308 134.9593 226.0973 14.13443468096835
0 COSMOS 2251 DEB
1 34790U 93036AAT 11026.49768518  .00000537  00000-0  27972-3 0  9997
2 34790 074.0572 194.2805 0115367 131.0883 230.0432 14.13446588 97112
0 COSMOS 2251 DEB
1 34790U 93036AAT 11030.46120795  .00000620  00000-0  32104-3 0  9994
2 34790 074.0577 187.2776 0115353 123.1864 238.0476 14.13451876 97675
0 COSMOS 2251 DEB
1 34790U 93036AAT 11031.80596945  .00000581  00000-0  30155-3 0  9997
2 34790 074.0577 184.9013 0115492 120.4845 240.7764 14.13453342 97867
0 COSMOS 2251 DEB
1 34790U 93036AAT 11033.85849865  .00000496  00000-0  25937-3 0  9993
2 34790 074.0589 181.2767 0115355 116.2799 245.0128 14.13454783 98150
0 COSMOS 2251 DEB
1 34790U 93036AAT 11034.42471559 +.00000595 +00000-0 +30881-3 0  9992
2 34790 074.0589 180.2752 0114886 115.0656 246.2591 14.13456713098231
0 COSMOS 2251 DEB
1 34790U 93036AAT 11035.41558671  .00000682  00000-0  35257-3 0  9992
2 34790 074.0598 178.5230 0114742 112.7229 248.6087 14.13458964 98374
0 COSMOS 2251 DEB
1 34790U 93036AAT 11035.76946963 +.00000583 +00000-0 +30293-3 0  9990
2 34790 074.0609 177.8998 0114606 111.9770 249.3471 14.13458255098425
0 COSMOS 2251 DEB
1 34790U 93036AAT 11038.38820324  .00000310  00000-0  16646-3 0  9997
2 34790 074.0630 173.2745 0114243 106.7569 254.6035 14.13459026 98796
0 COSMOS 2251 DEB
1 34790U 93036AAT 11038.74208800 +.00000285 +00000-0 +15447-3 0  9995
2 34790 074.0617 172.6471 0114164 106.0220 255.3521 14.13458976098846
0 COSMOS 2251 DEB
1 34790U 93036AAT 11039.37907676 +.00000271 +00000-0 +14731-3 0  9992
2 34790 074.0616 171.5214 0114192 104.8257 256.5572 14.13459202098937
0 COSMOS 2251 DEB
1 34790U 93036AAT 11043.76721276  .00000056  00000-0  39889-4 0  9993
2 34790 074.0634 163.7677 0114211 096.0965 265.2872 14.13458872 99554
0 COSMOS 2251 DEB
1 34790U 93036AAT 11044.40420702 +.00000075 +00000-0 +49125-4 0  9990
2 34790 074.0621 162.6427 0113528 094.6924 266.7308 14.13459327099646
0 COSMOS 2251 DEB
1 34790U 93036AAT 11045.32429733  .00000120  00000-0  71852-4 0  9998
2 34790 074.0615 161.0151 0113459 092.8822 268.5347 14.13459973 99770
0 COSMOS 2251 DEB
1 34790U 93036AAT 11046.38594126 -.00000078  00000-0 -26966-4 0  9994
2 34790 074.0630 159.1385 0113440 091.0035 270.4021 14.13458257 99923
0 COSMOS 2251 DEB
1 34790U 93036AAT 11047.37680927 +.00000096 +00000-0 +60010-4 0  9995
2 34790 074.0642 157.3885 0113549 089.0538 272.3610 14.13460248100062
0 COSMOS 2251 DEB
1 34790U 93036AAT 11047.73069065  .00000121  00000-0  72162-4 0  9999
2 34790 074.0637 156.7619 0113453 088.4329 272.9823 14.13460359100110
0 COSMOS 2251 DEB
1 34790U 93036AAT 11048.72155777 +.00000121 +00000-0 +72162-4 0  9995
2 34790 074.0637 155.0120 0113453 086.4441 274.9667 14.13460645100253
0 COSMOS 2251 DEB
1 34790U 93036AAT 11049.28776753  .00000121  00000-0  72366-4 0  9996
2 34790 074.0633 154.0106 0113341 085.2674 276.1440 14.13461000100331
0 COSMOS 2251 DEB
1 34790U 93036AAT 11051.26949930  .00000121  00000-0  72366-4 0  9996
2 34790 074.0633 150.5107 0113340 081.2900 280.1059 14.13461573100617
0 COSMOS 2251 DEB
1 34790U 93036AAT 11052.68502215  .00000055  00000-0  39268-4 0  9994
2 34790 074.0595 148.0064 0113133 078.2115 283.1667 14.13461030100810
0 COSMOS 2251 DEB
1 34790U 93036AAT 11053.25123144 +.00000073 +00000-0 +48607-4 0  9995
2 34790 074.0593 147.0055 0113100 077.0423 284.3344 14.13461348100895
0 COSMOS 2251 DEB
1 34790U 93036AAT 11055.23296048  .00000073  00000-0  48607-4 0  9999
2 34790 074.0593 143.5048 0113100 073.0660 288.2842 14.13461733101173
0 COSMOS 2251 DEB
1 34790U 93036AAT 11055.65761658 +.00000070 +00000-0 +47027-4 0  9991
2 34790 074.0586 142.7526 0113050 072.2871 289.0594 14.13461828101231
0 COSMOS 2251 DEB
1 34790U 93036AAT 11056.22382415 +.00000061 +00000-0 +42332-4 0  9999
2 34790 074.0586 141.7523 0113061 071.1303 290.2046 14.13461829101313
0 COSMOS 2251 DEB
1 34790U 93036AAT 11057.21468811  .00000044  00000-0  34095-4 0  9992
2 34790 074.0555 139.9995 0113096 068.7419 292.5699 14.13461525101456
0 COSMOS 2251 DEB
1 34790U 93036AAT 11057.28546519 +.00000023 +00000-0 +23365-4 0  9996
2 34790 074.0567 139.8751 0113047 068.7788 292.5370 14.13461326101469
0 COSMOS 2251 DEB
1 34790U 93036AAT 11058.27632920  .00000006  00000-0  15070-4 0  9993
2 34790 074.0577 138.1248 0112992 066.8403 294.4588 14.13461292101604
0 COSMOS 2251 DEB
1 34790U 93036AAT 11059.26719288 -.00000015 +00000-0 +42944-5 0  9998
2 34790 074.0581 136.3743 0112918 064.8820 296.3992 14.13461239101744
0 COSMOS 2251 DEB
1 34790U 93036AAT 11060.18728016  .00000003  00000-0  13571-4 0  9999
2 34790 074.0588 134.7491 0112869 063.1956 298.0732 14.13461642101873
0 COSMOS 2251 DEB
1 34790U 93036AAT 11060.25805498 +.00000004 +00000-0 +13945-4 0  9993
2 34790 074.0589 134.6241 0112870 063.0604 298.2015 14.13461663101887
0 COSMOS 2251 DEB
1 34790U 93036AAT 11061.24891776  .00000013  00000-0  18511-4 0  9991
2 34790 074.0591 132.8736 0112857 061.0952 300.1474 14.13461865102021
0 COSMOS 2251 DEB
1 34790U 93036AAT 11062.23977978 +.00000051 +00000-0 +37685-4 0  9995
2 34790 074.0592 131.1230 0112888 059.1515 302.0721 14.13462428102167
0 COSMOS 2251 DEB
1 34790U 93036AAT 11063.15986475  .00000105  00000-0  64328-4 0  9993
2 34790 074.0592 129.4974 0112867 057.5238 303.6844 14.13463275102291
0 COSMOS 2251 DEB
1 34790U 93036AAT 11063.58451767 +.00000249 +00000-0 +13659-3 0  9990
2 34790 074.0579 128.7444 0112862 056.2889 304.8986 14.13464545102351
0 COSMOS 2251 DEB
1 34790U 93036AAT 11064.57537580  .00000329  00000-0  17666-3 0  9999
2 34790 074.0562 126.9910 0112797 054.1833 306.9755 14.13465894102494
0 COSMOS 2251 DEB
1 34790U 93036AAT 11065.56623321 +.00000387 +00000-0 +20566-3 0  9995
2 34790 074.0562 125.2395 0112672 052.1547 308.9756 14.13467189102633
0 COSMOS 2251 DEB
1 34790U 93036AAT 11066.13243682  .00000395  00000-0  20992-3 0  9999
2 34790 074.0561 124.2386 0112590 051.0130 310.0996 14.13467770102711
0 COSMOS 2251 DEB
1 34790U 93036AAT 11067.54794440  .00000525  00000-0  27474-3 0  9995
2 34790 074.0564 121.7371 0112581 048.1226 312.9497 14.13470341102910
0 COSMOS 2251 DEB
1 34790U 93036AAT 11068.18492154 +.00000549 +00000-0 +28677-3 0  9995
2 34790 074.0564 120.6116 0112634 046.7939 314.2567 14.13471367103002
0 COSMOS 2251 DEB
1 34790U 93036AAT 11069.10499941  .00000621  00000-0  32271-3 0  9995
2 34790 074.0566 118.9864 0112579 044.9388 316.0867 14.13473228103135
0 COSMOS 2251 DEB
1 34790U 93036AAT 11070.52049897  .00000729  00000-0  37700-3 0  9995
2 34790 074.0557 116.4841 0112616 042.1021 318.8734 14.13476281103336
0 COSMOS 2251 DEB
1 34790U 93036AAT 11071.08669824 +.00000752 +00000-0 +38849-3 0  9996
2 34790 074.0559 115.4841 0112612 040.9450 320.0109 14.13477442103415
0 COSMOS 2251 DEB
1 34790U 93036AAT 11073.13916832  .00000948  00000-0  48614-3 0  9996
2 34790 074.0557 111.8571 0112760 036.7460 324.1580 14.13483100103709
0 COSMOS 2251 DEB
1 34790U 93036AAT 11074.05923323 +.00001039 +00000-0 +53201-3 0  9991
2 34790 074.0558 110.2314 0112725 034.8850 325.9712 14.13485986103835
0 COSMOS 2251 DEB
1 34790U 93036AAT 11075.12084744  .00001076  00000-0  55055-3 0  9995
2 34790 074.0562 108.3558 0112736 032.7028 328.1064 14.13488697103987
0 COSMOS 2251 DEB
1 34790U 93036AAT 11075.47471822 +.00001060 +00000-0 +54247-3 0  9995
2 34790 074.0568 107.7304 0112881 031.7850 328.9973 14.13489101104033
0 COSMOS 2251 DEB
1 34790U 93036AAT 11077.10252625  .00001009  00000-0  51690-3 0  9997
2 34790 074.0568 104.8537 0112884 028.4880 332.2322 14.13492043104268
0 COSMOS 2251 DEB
1 34790U 93036AAT 11083.04752675  .00000777  00000-0  40054-3 0  9990
2 34790 074.0607 094.3513 0113035 016.1464 344.2745 14.13500835105105
0 COSMOS 2251 DEB
1 34790U 93036AAT 11084.39223468  .00000847  00000-0  43542-3 0  9995
2 34790 074.0588 091.9706 0113508 013.3129 347.0955 14.13503614105294
0 COSMOS 2251 DEB
1 34790U 93036AAT 11084.95842265 +.00000798 +00000-0 +41090-3 0  9990
2 34790 074.0576 090.9665 0113707 012.1853 348.1932 14.13503969105375
0 COSMOS 2251 DEB
1 34790U 93036AAT 11085.94925202  .00000528  00000-0  27583-3 0  9995
2 34790 074.0578 089.2171 0113970 010.2439 350.0789 14.13502771105519
0 COSMOS 2251 DEB
1 34790U 93036AAT 11087.43549918  .00000043  00000-0  33862-4 0  9997
2 34790 074.0538 086.5863 0113823 007.2180 353.0398 14.13500877105726
0 COSMOS 2251 DEB
1 34790U 93036AAT 11090.40799387  .00000327  00000-0  17583-3 0  9991
2 34790 074.0541 081.3342 0113665 001.2789 358.8864 14.13504187106144
0 COSMOS 2251 DEB
1 34790U 93036AAT 11091.04495000 +.00000370 +00000-0 +19722-3 0  9992
2 34790 074.0559 080.2052 0113687 359.9798 000.1351 14.13505096106234
0 COSMOS 2251 DEB
1 34790U 93036AAT 11092.95583031  .00000551  00000-0  28765-3 0  9993
2 34790 074.0560 076.8268 0113818 356.1317 003.9100 14.13508721106509
0 COSMOS 2251 DEB
1 34790U 93036AAT 11093.38046627 +.00000708 +00000-0 +36566-3 0  9998
2 34790 074.0554 076.0759 0114133 355.3416 004.6709 14.13510712106563
0 COSMOS 2251 DEB
1 34790U 93036AAT 11094.93747264  .00000809  00000-0  41620-3 0  9994
2 34790 074.0561 073.3230 0114209 352.2094 007.7303 14.13513783106786
0 COSMOS 2251 DEB
1 34790U 93036AAT 11094.93747264 +.00000809 +00000-0 +41620-3 0  9994
2 34790 074.0561 073.3230 0114209 352.2094 007.7303 14.13513783106786
0 COSMOS 2251 DEB
1 34790U 93036AAT 11097.98070466  .00000693  00000-0  35871-3 0  9997
2 34790 074.0573 067.9459 0113820 346.2156 013.5799 14.13517778107212
0 COSMOS 2251 DEB
1 34790U 93036AAT 11098.33457020 +.00000714 +00000-0 +36932-3 0  9995
2 34790 074.0574 067.3201 0113453 345.5901 014.2046 14.13518552107263
0 COSMOS 2251 DEB
1 34790U 93036AAT 11099.32538764  .00000789  00000-0  40645-3 0  9998
2 34790 074.0566 065.5688 0113839 343.4957 016.2578 14.13520918107406
0 COSMOS 2251 DEB
1 34790U 93036AAT 11099.89156683 +.00000789 +00000-0 +40645-3 0  9996
2 34790 074.0566 064.5683 0113838 342.3598 017.3602 14.13521839107489
0 COSMOS 2251 DEB
1 34790U 93036AAT 11100.31620232 +.00000789 +00000-0 +40645-3 0  9992
2 34790 074.0566 063.8180 0113837 341.5078 018.1939 14.13522531107545
0 COSMOS 2251 DEB
1 34790U 93036AAT 11101.94396997  .00000753  00000-0  38859-3 0  9995
2 34790 074.0575 060.9411 0113869 338.2961 021.3345 14.13524815107778
0 COSMOS 2251 DEB
1 34790U 93036AAT 11101.94396997 +.00000753 +00000-0 +38859-3 0  9995
2 34790 074.0575 060.9411 0113869 338.2961 021.3345 14.13524815107778
0 COSMOS 2251 DEB
1 34790U 93036AAT 11102.86401217 +.00000756 +00000-0 +39002-3 0  9993
2 34790 074.0576 059.3147 0113828 336.4368 023.1598 14.13526343107906
0 COSMOS 2251 DEB
1 34790U 93036AAT 11103.92559723  .00000756  00000-0  39002-3 0  9997
2 34790 074.0576 057.4390 0113827 334.3068 025.2443 14.13528001108050
0 COSMOS 2251 DEB
1 34790U 93036AAT 11103.92559723 +.00000756 +00000-0 +39002-3 0  9997
2 34790 074.0576 057.4390 0113827 334.3068 025.2443 14.13528001108050
0 COSMOS 2251 DEB
1 34790U 93036AAT 11104.27945879 +.00000763 +00000-0 +39351-3 0  9992
2 34790 074.0574 056.8122 0113332 333.6397 025.9048 14.13528790108101
0 COSMOS 2251 DEB
1 34790U 93036AAT 11105.83644709  .00000725  00000-0  37496-3 0  9999
2 34790 074.0576 054.0607 0113306 330.5236 028.9527 14.13530940108329
0 COSMOS 2251 DEB
1 34790U 93036AAT 11106.26108056 +.00000668 +00000-0 +34613-3 0  9991
2 34790 074.0579 053.3104 0113172 329.6557 029.8028 14.13531022108386
0 COSMOS 2251 DEB
1 34790U 93036AAT 11107.88884076  .00000680  00000-0  35256-3 0  9991
2 34790 074.0583 050.4342 0113165 326.3809 033.0204 14.13533453108618
0 COSMOS 2251 DEB
1 34790U 93036AAT 11108.24270084 +.00000707 +00000-0 +36602-3 0  9996
2 34790 074.0579 049.8083 0113163 325.6936 033.6960 14.13534276108662
0 COSMOS 2251 DEB
1 34790U 93036AAT 11109.23350868  .00000707  00000-0  36602-3 0  9995
2 34790 074.0579 048.0576 0113162 323.7055 035.6446 14.13535727108809
0 COSMOS 2251 DEB
1 34790U 93036AAT 11109.87045651 +.00000755 +00000-0 +38978-3 0  9997
2 34790 074.0580 046.9313 0113109 322.4755 036.8551 14.13537129108898
0 COSMOS 2251 DEB
1 34790U 93036AAT 11112.20592755  .00000741  00000-0  38261-3 0  9990
2 34790 074.0583 042.8031 0113182 317.8168 041.4273 14.13540547109229
0 COSMOS 2251 DEB
1 34790U 93036AAT 11112.77210240 +.00000741 +00000-0 +38261-3 0  9998
2 34790 074.0583 041.8028 0113181 316.6807 042.5476 14.13541414109300
0 COSMOS 2251 DEB
1 34790U 93036AAT 11113.19673291 +.00000746 +00000-0 +38529-3 0  9996
2 34790 074.0586 041.0515 0113169 315.8213 043.3945 14.13542156109364
0 COSMOS 2251 DEB
1 34790U 93036AAT 11114.18753648  .00000812  00000-0  41817-3 0  9999
2 34790 074.0589 039.3005 0113316 313.8649 045.3227 14.13544430109504
0 COSMOS 2251 DEB
1 34790U 93036AAT 11115.17833780 +.00000834 +00000-0 +42925-3 0  9990
2 34790 074.0587 037.5493 0113252 311.8782 047.2765 14.13546365109640
0 COSMOS 2251 DEB
1 34790U 93036AAT 11116.16913854  .00000937  00000-0  48066-3 0  9997
2 34790 074.0609 035.7987 0113571 310.0404 049.0876 14.13549264109788
0 COSMOS 2251 DEB
1 34790U 93036AAT 11117.44302212  .00000945  00000-0  48440-3 0  9994
2 34790 074.0609 033.5481 0113762 307.6175 051.4694 14.13551954109966
0 COSMOS 2251 DEB
1 34790U 93036AAT 11117.86764965 +.00000947 +00000-0 +48509-3 0  9995
2 34790 074.0607 032.7972 0113692 306.7141 052.3602 14.13552755110023
0 COSMOS 2251 DEB
1 34790U 93036AAT 11118.43381952 +.00000972 +00000-0 +49784-3 0  9994
2 34790 074.0605 031.7958 0113696 305.5329 053.5267 14.13554055110107
0 COSMOS 2251 DEB
1 34790U 93036AAT 11119.14153115  .00000931  00000-0  47756-3 0  9993
2 34790 074.0613 030.5460 0113750 304.1319 054.9032 14.13555020110205
0 COSMOS 2251 DEB
1 34790U 93036AAT 11119.77847245 +.00000931 +00000-0 +47723-3 0  9990
2 34790 074.0622 029.4203 0113777 302.8584 056.1640 14.13556221110297
0 COSMOS 2251 DEB
1 34790U 93036AAT 11121.76006246  .00000993  00000-0  50823-3 0  9993
2 34790 074.0627 025.9191 0113509 298.7683 060.2211 14.13560989110572
0 COSMOS 2251 DEB
1 34790U 93036AAT 11122.18468571 +.00000994 +00000-0 +50864-3 0  9999
2 34790 074.0626 025.1690 0113505 297.9052 061.0630 14.13561851110634
0 COSMOS 2251 DEB
1 34790U 93036AAT 11126.43092990  .00001056  00000-0  53980-3 0  9991
2 34790 074.0611 017.6670 0113540 289.3560 069.5396 14.13571142111233
0 COSMOS 2251 DEB
1 34790U 93036AAT 11126.85555173 +.00000929 +00000-0 +47603-3 0  9997
2 34790 074.0603 016.9172 0114217 288.6259 070.2362 14.13570439111298
0 COSMOS 2251 DEB
1 34790U 93036AAT 11127.77557145  .00000851  00000-0  43701-3 0  9999
2 34790 074.0596 015.2916 0114155 286.7047 072.1565 14.13571382111421
0 COSMOS 2251 DEB
1 34790U 93036AAT 11128.76635903 +.00000714 +00000-0 +36858-3 0  9991
2 34790 074.0608 013.5414 0114325 284.7384 074.1057 14.13571861111565
0 COSMOS 2251 DEB
1 34790U 93036AAT 11130.74793370  .00000406  00000-0  21524-3 0  9997
2 34790 074.0586 010.0420 0114618 280.8511 077.9401 14.13570934111848
0 COSMOS 2251 DEB
1 34790U 93036AAT 11131.73872908 +.00000472 +00000-0 +24827-3 0  9994
2 34790 074.0595 008.2901 0114493 279.0484 079.7755 14.13572722111985
0 COSMOS 2251 DEB
1 34790U 93036AAT 11134.07415553  .00000642  00000-0  33262-3 0  9995
2 34790 074.0564 004.1573 0114590 274.5447 084.2727 14.13576668112319
0 COSMOS 2251 DEB
1 34790U 93036AAT 11135.06493856 +.00000412 +00000-0 +21797-3 0  9992
2 34790 074.0565 002.4067 0114331 272.1229 086.6678 14.13575375112454
0 COSMOS 2251 DEB
1 34790U 93036AAT 11136.05572817  .00000364  00000-0  19451-3 0  9997
2 34790 074.0556 000.6537 0114069 270.3077 088.4887 14.13575647112594
0 COSMOS 2251 DEB
1 34790U 93036AAT 11137.61268444  .00000272  00000-0  14849-3 0  9992
2 34790 074.0583 357.8956 0113592 267.3834 091.4315 14.13575876112812
0 COSMOS 2251 DEB
1 34790U 93036AAT 11138.03730729 +.00000245 +00000-0 +13484-3 0  9993
2 34790 074.0591 357.1445 0113623 266.5423 092.2709 14.13575920112879
0 COSMOS 2251 DEB
1 34790U 93036AAT 11140.01888221  .00000222  00000-0  12357-3 0  9998
2 34790 074.0588 353.6430 0113635 262.5275 096.2940 14.13576800113155
0 COSMOS 2251 DEB
1 34790U 93036AAT 11141.00966972 +.00000260 +00000-0 +14256-3 0  9990
2 34790 074.0586 351.8912 0113646 260.5632 098.2657 14.13577530113298
0 COSMOS 2251 DEB
1 34790U 93036AAT 11142.56662078  .00000214  00000-0  11965-3 0  9995
2 34790 074.0578 349.1390 0113582 257.4634 101.3744 14.13577950113519
0 COSMOS 2251 DEB
1 34790U 93036AAT 11142.99124472 +.00000206 +00000-0 +11574-3 0  9990
2 34790 074.0569 348.3880 0113594 256.6230 102.2224 14.13578041113571
0 COSMOS 2251 DEB
1 34790U 93036AAT 11143.98203221  .00000199  00000-0  11193-3 0  9998
2 34790 074.0546 346.6362 0113559 254.6646 104.1914 14.13578364113713
0 COSMOS 2251 DEB
1 34790U 93036AAT 11145.60975489  .00000159  00000-0  92070-4 0  9991
2 34790 074.0568 343.7581 0113533 251.2903 107.5862 14.13578652113943
0 COSMOS 2251 DEB
1 34790U 93036AAT 11146.60054258 +.00000157 +00000-0 +91242-4 0  9992
2 34790 074.0572 342.0069 0113521 249.2299 109.6622 14.13579053114082
0 COSMOS 2251 DEB
1 34790U 93036AAT 11146.95439592  .00000176  00000-0  10048-3 0  9993
2 34790 074.0570 341.3814 0113516 248.4876 110.4151 14.13579397114130
0 COSMOS 2251 DEB
1 34790U 93036AAT 11149.50213537  .00000258  00000-0  14137-3 0  9990
2 34790 074.0584 336.8789 0113610 243.3026 115.6562 14.13581469114496
0 COSMOS 2251 DEB
1 34790U 93036AAT 11149.92675615 +.00000290 +00000-0 +15723-3 0  9993
2 34790 074.0579 336.1279 0113594 242.3415 116.6197 14.13582092114554
0 COSMOS 2251 DEB
1 34790U 93036AAT 11150.56368971  .00000310  00000-0  16719-3 0  9998
2 34790 074.0583 335.0021 0113600 241.0254 117.9466 14.13582649114648
0 COSMOS 2251 DEB
1 34790U 93036AAT 11151.55447475 +.00000331 +00000-0 +17777-3 0  9993
2 34790 074.0583 333.2506 0113778 238.8301 120.1633 14.13583584114785
0 COSMOS 2251 DEB
1 34790U 93036AAT 11152.54526105  .00000363  00000-0  19372-3 0  9999
2 34790 074.0587 331.4998 0113696 236.8996 122.1211 14.13584672114920
0 COSMOS 2251 DEB
1 34790U 93036AAT 11153.46527492 +.00000455 +00000-0 +23970-3 0  9992
2 34790 074.0583 329.8727 0113884 234.9481 124.1008 14.13586427115055
0 COSMOS 2251 DEB
1 34790U 93036AAT 11155.51761236  .00000590  00000-0  30679-3 0  9990
2 34790 074.0588 326.2447 0113941 230.7759 128.3386 14.13590029115346
0 COSMOS 2251 DEB
1 34790U 93036AAT 11156.86224233  .00000623  00000-0  32315-3 0  9996
2 34790 074.0567 323.8662 0113967 228.0421 131.1009 14.13591987115538
0 COSMOS 2251 DEB
1 34790U 93036AAT 11163.44384712  .00000884  00000-0  45311-3 0  9996
2 34790 074.0590 312.2315 0113837 215.1019 144.3338 14.13605276116468
0 COSMOS 2251 DEB
1 34790U 93036AAT 11165.77922451  .00001116  00000-0  56748-3 0  9997
2 34790 074.0618 308.1079 0115349 210.9084 148.5565 14.13611520116798
0 COSMOS 2251 DEB
1 34790U 93036AAT 11166.84075638 +.00000889 +00000-0 +45530-3 0  9995
2 34790 074.0613 306.2293 0114419 208.6594 150.7931 14.13611339116944
0 COSMOS 2251 DEB
1 34790U 93036AAT 11167.76076261 -.00000205  00000-0 -89721-4 0  9995
2 34790 074.0652 304.6039 0113904 207.1478 152.3524 14.13608167117076
0 COSMOS 2251 DEB
1 34790U 93036AAT 11170.80385459  .00000320  00000-0  17202-3 0  9996
2 34790 074.0626 299.2245 0114159 200.8044 158.8913 14.13612455117503
0 COSMOS 2251 DEB
1 34790U 93036AAT 11173.35153793 +.00000457 +00000-0 +24018-3 0  9997
2 34790 074.0612 294.7193 0113881 195.7937 163.9927 14.13616318117867
0 COSMOS 2251 DEB
1 34790U 93036AAT 11174.41306847 +.00000525 +00000-0 +27372-3 0  9997
2 34790 074.0703 292.8467 0113851 193.6569 166.1485 14.13618194118012
0 COSMOS 2251 DEB
1 34790U 93036AAT 11175.40383457 +.00000525 +00000-0 +27372-3 0  9999
2 34790 074.0703 291.0972 0113850 191.6669 168.1833 14.13619281118154
0 COSMOS 2251 DEB
1 34790U 93036AAT 11177.73920895 +.00000450 +00000-0 +23649-3 0  9990
2 34790 074.0632 286.9609 0113902 187.0022 172.9481 14.13620642118486
0 COSMOS 2251 DEB
1 34790U 93036AAT 11179.29612517 +.00000488 +00000-0 +25541-3 0  9996
2 34790 074.0622 284.2078 0113799 183.9303 176.1011 14.13622559118706
0 COSMOS 2251 DEB
1 34790U 93036AAT 11180.71149961 +.00000424 +00000-0 +22334-3 0  9990
2 34790 074.0627 281.7073 0114020 181.1026 178.9837 14.13623285118903
0 COSMOS 2251 DEB
1 34790U 93036AAT 11181.34841988 +.00000400 +00000-0 +21138-3 0  9993
2 34790 074.0627 280.5807 0113898 179.7962 180.3245 14.13623594118991
0 COSMOS 2251 DEB
1 34790U 93036AAT 11182.33918229  .00000319  00000-0  17124-3 0  9995
2 34790 074.0644 278.8300 0113667 177.8585 182.3015 14.13623693119136
0 COSMOS 2251 DEB
1 34790U 93036AAT 11182.69302709 +.00000231 +00000-0 +12729-3 0  9993
2 34790 074.0626 278.2023 0113408 177.2739 182.8996 14.13622950119183
0 COSMOS 2251 DEB
1 34790U 93036AAT 11183.68379095  .00000164  00000-0  93998-4 0  9998
2 34790 074.0621 276.4504 0113161 175.2640 184.9557 14.13622903119327
0 COSMOS 2251 DEB
1 34790U 93036AAT 11184.67455329 +.00000185 +00000-0 +10424-3 0  9998
2 34790 074.0599 274.6985 0113359 173.3682 186.8994 14.13623546119463
0 COSMOS 2251 DEB
1 34790U 93036AAT 11185.24070322  .00000199  00000-0  11153-3 0  9993
2 34790 074.0599 273.6981 0113347 172.2469 188.0475 14.13623943119544
0 COSMOS 2251 DEB
1 34790U 93036AAT 11185.66531527 +.00000236 +00000-0 +12970-3 0  9998
2 34790 074.0592 272.9479 0113291 171.4012 188.9116 14.13624357119602
0 COSMOS 2251 DEB
1 34790U 93036AAT 11186.65607639  .00000243  00000-0  13314-3 0  9997
2 34790 074.0597 271.1972 0113312 169.4354 190.9200 14.13624960119748
0 COSMOS 2251 DEB
1 34790U 93036AAT 11187.29299451 +.00000204 +00000-0 +11362-3 0  9995
2 34790 074.0598 270.0719 0113466 168.1525 192.2301 14.13624880119830
0 COSMOS 2251 DEB
1 34790U 93036AAT 11188.21298765  .00000248  00000-0  13588-3 0  9995
2 34790 074.0597 268.4457 0113507 166.3356 194.0966 14.13625870119968
0 COSMOS 2251 DEB
1 34790U 93036AAT 11188.63759809 +.00000257 +00000-0 +14037-3 0  9992
2 34790 074.0594 267.6951 0113465 165.4745 194.9709 14.13626190120029
0 COSMOS 2251 DEB
1 34790U 93036AAT 11189.62835814  .00000269  00000-0  14609-3 0  9991
2 34790 074.0586 265.9433 0113486 163.5144 196.9742 14.13626753120160
0 COSMOS 2251 DEB
1 34790U 93036AAT 11191.25603440  .00000197  00000-0  11016-3 0  9990
2 34790 074.0585 263.0666 0113677 160.2588 200.2952 14.13626921120398
0 COSMOS 2251 DEB
1 34790U 93036AAT 11191.60987822 +.00000192 +00000-0 +10752-3 0  9999
2 34790 074.0578 262.4404 0113760 159.5500 201.0262 14.13627050120444
0 COSMOS 2251 DEB
1 34790U 93036AAT 11192.60063745  .00000195  00000-0  10898-3 0  9993
2 34790 074.0575 260.6890 0113796 157.5607 203.0582 14.13627505120582
0 COSMOS 2251 DEB
1 34790U 93036AAT 11193.23755304 +.00000189 +00000-0 +10636-3 0  9995
2 34790 074.0578 259.5630 0113898 156.3265 204.3166 14.13627800120674
0 COSMOS 2251 DEB
1 34790U 93036AAT 11194.22831184  .00000177  00000-0  10019-3 0  9998
2 34790 074.0579 257.8119 0113939 154.3497 206.3353 14.13628099120816
0 COSMOS 2251 DEB
1 34790U 93036AAT 11195.57291197  .00000221  00000-0  12182-3 0  9994
2 34790 074.0576 255.4350 0114040 151.6613 209.0838 14.13629182121002
0 COSMOS 2251 DEB
1 34790U 93036AAT 11196.20982659 +.00000246 +00000-0 +13444-3 0  9994
2 34790 074.0576 254.3086 0114038 150.3848 210.3856 14.13629838121091
0 COSMOS 2251 DEB
1 34790U 93036AAT 11197.20058251  .00000305  00000-0  16407-3 0  9995
2 34790 074.0579 252.5571 0114109 148.3927 212.4187 14.13631018121236
0 COSMOS 2251 DEB
1 34790U 93036AAT 11197.55442286 +.00000346 +00000-0 +18409-3 0  9997
2 34790 074.0573 251.9311 0114008 147.6564 213.1647 14.13631575121284
0 COSMOS 2251 DEB
1 34790U 93036AAT 11198.54517733  .00000400  00000-0  21137-3 0  9990
2 34790 074.0576 250.1796 0114052 145.7001 215.1610 14.13632909121429
0 COSMOS 2251 DEB
1 34790U 93036AAT 11199.18208917 +.00000419 +00000-0 +22067-3 0  9995
2 34790 074.0576 249.0539 0114108 144.4778 216.4032 14.13633716121519
0 COSMOS 2251 DEB
1 34790U 93036AAT 11200.52668273  .00000465  00000-0  24333-3 0  9990
2 34790 074.0574 246.6766 0114265 141.8766 219.0587 14.13635358121703
0 COSMOS 2251 DEB
1 34790U 93036AAT 11201.51743335 +.00000546 +00000-0 +28370-3 0  9998
2 34790 074.0565 244.9249 0113928 139.8234 221.1456 14.13637224121840
0 COSMOS 2251 DEB
1 34790U 93036AAT 11202.15434325  .00000548  00000-0  28492-3 0  9992
2 34790 074.0561 243.7983 0113957 138.5322 222.4530 14.13637917121930
0 COSMOS 2251 DEB
1 34790U 93036AAT 11203.14509304 +.00000567 +00000-0 +29429-3 0  9994
2 34790 074.0559 242.0466 0113904 136.5657 224.4564 14.13639306122075
0 COSMOS 2251 DEB
1 34790U 93036AAT 11204.06507307  .00000603  00000-0  31244-3 0  9996
2 34790 074.0559 240.4207 0113898 134.7291 226.3237 14.13640835122208
0 COSMOS 2251 DEB
1 34790U 93036AAT 11204.48967826 +.00000609 +00000-0 +31535-3 0  9997
2 34790 074.0562 239.6703 0113889 133.8512 227.2102 14.13641374122265
0 COSMOS 2251 DEB
1 34790U 93036AAT 11205.48042377  .00000649  00000-0  33508-3 0  9999
2 34790 074.0571 237.9202 0113731 131.9328 229.1542 14.13643005122408
0 COSMOS 2251 DEB
1 34790U 93036AAT 11206.11733226 +.00000650 +00000-0 +33554-3 0  9993
2 34790 074.0570 236.7941 0113695 130.6608 230.4498 14.13643917122496
0 COSMOS 2251 DEB
1 34790U 93036AAT 11207.10807646  .00000663  00000-0  34197-3 0  9999
2 34790 074.0565 235.0428 0113702 128.6804 232.4594 14.13645400122630
0 COSMOS 2251 DEB
1 34790U 93036AAT 11208.09881927 +.00000673 +00000-0 +34701-3 0  9994
2 34790 074.0566 233.2918 0113598 126.6955 234.4697 14.13646856122770
0 COSMOS 2251 DEB
1 34790U 93036AAT 11211.49564329  .00000586  00000-0  30400-3 0  9991
2 34790 074.0579 227.2887 0113463 119.8474 241.3791 14.13650159123250
0 COSMOS 2251 DEB
1 34790U 93036AAT 11212.48638619 +.00000449 +00000-0 +23541-3 0  9991
2 34790 074.0591 225.5380 0113303 117.8838 243.3724 14.13649919123393
0 COSMOS 2251 DEB
1 34790U 93036AAT 11213.40636011  .00000414  00000-0  21806-3 0  9992
2 34790 074.0581 223.9116 0113172 116.1061 245.1805 14.13650506123524
0 COSMOS 2251 DEB
1 34790U 93036AAT 11214.46786529  .00000337  00000-0  17982-3 0  9993
2 34790 074.0592 222.0354 0113355 113.9243 247.3769 14.13650643123671
0 COSMOS 2251 DEB
1 34790U 93036AAT 11215.45860236 +.00000328 +00000-0 +17514-3 0  9992
2 34790 074.0598 220.2806 0113116 111.4813 249.8227 14.13651224123818
0 COSMOS 2251 DEB
1 34790U 93036AAT 11216.09550891  .00000279  00000-0  15105-3 0  9995
2 34790 074.0602 219.1541 0113229 110.0944 251.2327 14.13651031123906
0 COSMOS 2251 DEB
1 34790U 93036AAT 11216.44934556 +.00000191 +00000-0 +10713-3 0  9991
2 34790 074.0591 218.5252 0112736 109.2173 252.1153 14.13650370123958
0 COSMOS 2251 DEB
1 34790U 93036AAT 11217.44008405  .00000109  00000-0  66152-4 0  9995
2 34790 074.0596 216.7718 0112529 107.2785 254.0698 14.13650056124099
0 COSMOS 2251 DEB
1 34790U 93036AAT 11218.00621990 +.00000085 +00000-0 +54402-4 0  9996
2 34790 074.0582 215.7724 0112341 106.1871 255.1686 14.13649917124178
0 COSMOS 2251 DEB
1 34790U 93036AAT 11219.42155835  .00000088  00000-0  55819-4 0  9999
2 34790 074.0613 213.2676 0112608 103.1168 258.2527 14.13650615124371
0 COSMOS 2251 DEB
1 34790U 93036AAT 11220.41229557 +.00000067 +00000-0 +45327-4 0  9993
2 34790 074.0611 211.5167 0112547 101.0560 260.3236 14.13650620124513
0 COSMOS 2251 DEB
1 34790U 93036AAT 11222.03993375  .00000003  00000-0  13191-4 0  9993
2 34790 074.0623 208.6394 0112604 097.9392 263.4513 14.13650192124746
0 COSMOS 2251 DEB
1 34790U 93036AAT 11223.38450103  .00000088  00000-0  55585-4 0  9995
2 34790 074.0598 206.2644 0112447 095.3848 266.0089 14.13651165124931
0 COSMOS 2251 DEB
1 34790U 93036AAT 11226.00287144 -.00000038  00000-0 -73720-5 0  9999
2 34790 074.0631 201.6340 0112067 090.5102 270.8910 14.13650411125300
0 COSMOS 2251 DEB
1 34790U 93036AAT 11229.96580822 -.00000039  00000-0 -77615-5 0  9994
2 34790 074.0611 194.6378 0113040 082.3860 278.9923 14.13650217125860
0 COSMOS 2251 DEB
1 34790U 93036AAT 11230.88577808 -.00000110 +00000-0 -43161-4 0  9995
2 34790 074.0608 193.0044 0112721 080.7863 280.6078 14.13649656125999
0 COSMOS 2251 DEB
1 34790U 93036AAT 11231.31037692 -.00000082  00000-0 -29222-4 0  9996
2 34790 074.0583 192.2535 0112649 080.0574 281.3283 14.13649660126057
0 COSMOS 2251 DEB
1 34790U 93036AAT 11231.73497660 +.00000047 +00000-0 +35495-4 0  9995
2 34790 074.0589 191.5024 0112452 079.0871 282.2970 14.13650965126118
0 COSMOS 2251 DEB
1 34790U 93036AAT 11232.65493974  .00000148  00000-0  85688-4 0  9992
2 34790 074.0575 189.8770 0112362 077.3957 283.9721 14.13651949126246
0 COSMOS 2251 DEB
1 34790U 93036AAT 11233.85797024  .00000023  00000-0  23178-4 0  9996
2 34790 074.0572 187.7487 0112486 074.6759 286.6671 14.13651385126419
0 COSMOS 2251 DEB
1 34790U 93036AAT 11234.91946986  .00000038  00000-0  30858-4 0  9996
2 34790 074.0600 185.8754 0112448 072.6612 288.6774 14.13651681126562
0 COSMOS 2251 DEB
1 34790U 93036AAT 11234.91946986 +.00000038 +00000-0 +30858-4 0  9996
2 34790 074.0600 185.8754 0112448 072.6612 288.6774 14.13651681126562
0 COSMOS 2251 DEB
1 34790U 93036AAT 11236.26403368  .00000223  00000-0  12327-3 0  9994
2 34790 074.0582 183.4970 0112512 070.0666 291.2675 14.13653401126751
0 COSMOS 2251 DEB
1 34790U 93036AAT 11237.82088901  .00000340  00000-0  18123-3 0  9999
2 34790 074.0576 180.7447 0112657 066.7532 294.5386 14.13655378126971
0 COSMOS 2251 DEB
1 34790U 93036AAT 11238.24548726 +.00000368 +00000-0 +19515-3 0  9998
2 34790 074.0563 179.9934 0112693 065.9126 295.3776 14.13655939127031
0 COSMOS 2251 DEB
1 34790U 93036AAT 11239.80234284  .00000396  00000-0  20931-3 0  9997
2 34790 074.0564 177.2419 0112678 062.7575 298.5030 14.13657533127251
0 COSMOS 2251 DEB
1 34790U 93036AAT 11240.79306586 +.00000474 +00000-0 +24806-3 0  9994
2 34790 074.0567 175.4917 0112695 060.7948 300.4421 14.13659331127398
0 COSMOS 2251 DEB
1 34790U 93036AAT 11241.85455520  .00000594  00000-0  30806-3 0  9995
2 34790 074.0578 173.6155 0112822 058.6830 302.5361 14.13661619127547
0 COSMOS 2251 DEB
1 34790U 93036AAT 11242.20838325 +.00000680 +00000-0 +35100-3 0  9991
2 34790 074.0583 172.9906 0112958 057.9468 303.2646 14.13663038127594
0 COSMOS 2251 DEB
1 34790U 93036AAT 11244.82671232  .00000683  00000-0  35209-3 0  9996
2 34790 074.0568 168.3615 0113158 052.6294 308.5070 14.13666699127961
0 COSMOS 2251 DEB
1 34790U 93036AAT 11245.88819022  .00000885  00000-0  45294-3 0  9993
2 34790 074.0597 166.4857 0113172 050.3952 310.7128 14.13670918128118
0 COSMOS 2251 DEB
1 34790U 93036AAT 11246.80813874 +.00000910 +00000-0 +46542-3 0  9991
2 34790 074.0597 164.8604 0113157 048.6459 312.4344 14.13672771128247
0 COSMOS 2251 DEB
1 34790U 93036AAT 11247.16196488  .00000971  00000-0  49563-3 0  9999
2 34790 074.0591 164.2351 0113067 048.0673 313.0118 14.13674192128296
0 COSMOS 2251 DEB
1 34790U 93036AAT 11247.79884941 +.00000992 +00000-0 +50607-3 0  9990
2 34790 074.0594 163.1098 0113128 046.7883 314.2639 14.13675664128387
0 COSMOS 2251 DEB
1 34790U 93036AAT 11247.86961446 +.00000974 +00000-0 +49732-3 0  9991
2 34790 074.0606 162.9844 0113137 046.6679 314.3803 14.13675628128394
0 COSMOS 2251 DEB
1 34790U 93036AAT 11251.12479981  .00001081  00000-0  54994-3 0  9999
2 34790 074.0620 157.2265 0113892 040.2120 320.7421 14.13683650128855
0 COSMOS 2251 DEB
1 34790U 93036AAT 11252.11550287 +.00001005 +00000-0 +51216-3 0  9998
2 34790 074.0600 155.4747 0114042 038.2072 322.6934 14.13684686128994
0 COSMOS 2251 DEB
1 34790U 93036AAT 11253.17697322  .00000921  00000-0  47049-3 0  9992
2 34790 074.0600 153.5988 0114126 036.0076 324.8617 14.13686024129141
0 COSMOS 2251 DEB
1 34790U 93036AAT 11255.08761265  .00000733  00000-0  37652-3 0  9992
2 34790 074.0597 150.2212 0115177 032.2751 328.4980 14.13687321129419
0 COSMOS 2251 DEB
1 34790U 93036AAT 11255.15838467 +.00000734 +00000-0 +37682-3 0  9993
2 34790 074.0596 150.0959 0115147 032.1449 328.6648 14.13687433129422
0 COSMOS 2251 DEB
1 34790U 93036AAT 11256.14908398  .00000723  00000-0  37160-3 0  9993
2 34790 074.0601 148.3455 0115125 030.0557 330.7106 14.13689024129569
0 COSMOS 2251 DEB
1 34790U 93036AAT 11258.48430252  .00000935  00000-0  47768-3 0  9991
2 34790 074.0600 144.2241 0113715 025.1125 335.5848 14.13694373129890
0 COSMOS 2251 DEB
1 34790U 93036AAT 11259.75804774  .00000788  00000-0  40406-3 0  9994
2 34790 074.0595 141.9697 0113860 022.3464 338.2562 14.13695157130074
0 COSMOS 2251 DEB
1 34790U 93036AAT 11260.67797889 +.00000661 +00000-0 +34096-3 0  9993
2 34790 074.0593 140.3428 0114048 020.4544 340.0989 14.13695206130208
0 COSMOS 2251 DEB
1 34790U 93036AAT 11261.66867574 +.00000556 +00000-0 +28874-3 0  9992
2 34790 074.0575 138.5892 0114035 018.5081 342.0110 14.13695651130349
0 COSMOS 2251 DEB
1 34790U 93036AAT 11263.01318998  .00000548  00000-0  28481-3 0  9999
2 34790 074.0580 136.2134 0114177 015.8266 344.6400 14.13697337130535
0 COSMOS 2251 DEB
1 34790U 93036AAT 11263.65006399 +.00000509 +00000-0 +26545-3 0  9994
2 34790 074.0548 135.0842 0114391 014.5015 345.9348 14.13697666130628
0 COSMOS 2251 DEB
1 34790U 93036AAT 11265.06533912  .00000548  00000-0  28460-3 0  9998
2 34790 074.0556 132.5831 0114316 011.7395 348.6423 14.13699726130829
0 COSMOS 2251 DEB
1 34790U 93036AAT 11266.62213694  .00000577  00000-0  29904-3 0  9999
2 34790 074.0545 129.8308 0114448 008.6602 351.6407 14.13701616131040
0 COSMOS 2251 DEB
1 34790U 93036AAT 11267.61282781 +.00000562 +00000-0 +29178-3 0  9999
2 34790 074.0558 128.0800 0114516 006.6820 353.5790 14.13702675131185
0 COSMOS 2251 DEB
1 34790U 93036AAT 11268.03740933  .00000561  00000-0  29121-3 0  9991
2 34790 074.0547 127.3285 0114628 005.8051 354.4383 14.13703124131248
0 COSMOS 2251 DEB
1 34790U 93036AAT 11269.02809789 +.00000455 +00000-0 +23877-3 0  9990
2 34790 074.0555 125.5772 0114458 003.8970 356.2991 14.13703445131383
0 COSMOS 2251 DEB
1 34790U 93036AAT 11270.01878709  .00000485  00000-0  25344-3 0  9993
2 34790 074.0547 123.8255 0114532 001.8953 358.2617 14.13704667131523
0 COSMOS 2251 DEB
1 34790U 93036AAT 11270.65565729 +.00000449 +00000-0 +23583-3 0  9991
2 34790 074.0551 122.6998 0114406 000.6605 359.4628 14.13704899131612
0 COSMOS 2251 DEB
1 34790U 93036AAT 11271.57558143  .00000522  00000-0  27177-3 0  9990
2 34790 074.0549 121.0731 0114335 358.7950 001.2965 14.13706671131748
0 COSMOS 2251 DEB
1 34790U 93036AAT 11272.63702940  .00000539  00000-0  28062-3 0  9996
2 34790 074.0546 119.1967 0114383 356.6583 003.3795 14.13708016131891
0 COSMOS 2251 DEB
1 34790U 93036AAT 11273.55695098 +.00000572 +00000-0 +29673-3 0  9999
2 34790 074.0544 117.5703 0114365 354.8130 005.1851 14.13709424132020
0 COSMOS 2251 DEB
1 34790U 93036AAT 11274.54763211 +.00000671 +00000-0 +34623-3 0  9993
2 34790 074.0545 115.8186 0114074 352.8860 007.0653 14.13711775132160
0 COSMOS 2251 DEB
1 34790U 93036AAT 11275.53831393  .00000741  00000-0  38080-3 0  9999
2 34790 074.0551 114.0672 0114020 350.9499 008.9577 14.13713830132301
0 COSMOS 2251 DEB
1 34790U 93036AAT 11275.96289177 +.00000733 +00000-0 +37723-3 0  9997
2 34790 074.0552 113.3165 0113994 350.0959 009.7928 14.13714400132361
0 COSMOS 2251 DEB
1 34790U 93036AAT 11276.95357254  .00000748  00000-0  38457-3 0  9990
2 34790 074.0549 111.5644 0113931 348.0993 011.7472 14.13716024132502
0 COSMOS 2251 DEB
1 34790U 93036AAT 11277.59043783 +.00000748 +00000-0 +38457-3 0  9990
2 34790 074.0549 110.4386 0113930 346.8213 012.9956 14.13717008132595
0 COSMOS 2251 DEB
1 34790U 93036AAT 11278.51035478  .00000706  00000-0  36341-3 0  9999
2 34790 074.0544 108.8113 0113909 345.0425 014.7354 14.13717993132721
0 COSMOS 2251 DEB
1 34790U 93036AAT 11279.50103258 +.00000723 +00000-0 +37232-3 0  9990
2 34790 074.0540 107.0592 0113830 343.0584 016.6767 14.13719656132868
0 COSMOS 2251 DEB
1 34790U 93036AAT 11280.27942191  .00000773  00000-0  39721-3 0  9993
2 34790 074.0539 105.6825 0113858 341.4836 018.2246 14.13721481132972
0 COSMOS 2251 DEB
1 34790U 93036AAT 11280.70399606 +.00000811 +00000-0 +41590-3 0  9998
2 34790 074.0542 104.9317 0113989 340.6323 019.0518 14.13722508133031
0 COSMOS 2251 DEB
1 34790U 93036AAT 11281.55314564  .00000863  00000-0  44155-3 0  9999
2 34790 074.0539 103.4300 0114005 338.9736 020.6748 14.13724454133159
0 COSMOS 2251 DEB
1 34790U 93036AAT 11282.89762870  .00001018  00000-0  51883-3 0  9993
2 34790 074.0543 101.0527 0113964 336.2325 023.3613 14.13728623133341
0 COSMOS 2251 DEB
1 34790U 93036AAT 11282.89762870 +.00001018 +00000-0 +51883-3 0  9993
2 34790 074.0543 101.0527 0113964 336.2325 023.3613 14.13728623133341
0 COSMOS 2251 DEB
1 34790U 93036AAT 11283.60524998 +.00001062 +00000-0 +54062-3 0  9991
2 34790 074.0540 099.8011 0114010 334.8433 024.7175 14.13730495133446
0 COSMOS 2251 DEB
1 34790U 93036AAT 11284.45439570  .00001115  00000-0  56701-3 0  9997
2 34790 074.0543 098.2999 0113892 333.1498 026.3831 14.13732975133562
0 COSMOS 2251 DEB
1 34790U 93036AAT 11284.87896687 +.00001167 +00000-0 +59272-3 0  9992
2 34790 074.0540 097.5486 0113862 332.2966 027.2175 14.13734446133622
0 COSMOS 2251 DEB
1 34790U 93036AAT 11288.48781406 +.00001308 +00000-0 +66289-3 0  9998
2 34790 074.0527 091.1655 0114087 324.9908 034.3814 14.13745014134138
0 COSMOS 2251 DEB
1 34790U 93036AAT 11289.47847341  .00001326  00000-0  67172-3 0  9991
2 34790 074.0526 089.4122 0114112 322.9242 036.4107 14.13747935134271
0 COSMOS 2251 DEB
1 34790U 93036AAT 11291.45978740  .00001424  00000-0  72058-3 0  9998
2 34790 074.0530 085.9084 0113931 318.9316 040.3391 14.13754475134556
0 COSMOS 2251 DEB
1 34790U 93036AAT 11292.59196526  .00001253  00000-0  63495-3 0  9993
2 34790 074.0572 083.9073 0114405 316.6666 042.5459 14.13755542134711
0 COSMOS 2251 DEB
1 34790U 93036AAT 11293.58261935 +.00001275 +00000-0 +64569-3 0  9997
2 34790 074.0573 082.1557 0114771 314.6266 044.5556 14.13758410134852
0 COSMOS 2251 DEB
1 34790U 93036AAT 11295.21011826  .00001432  00000-0  72327-3 0  9997
2 34790 074.0591 079.2783 0115294 311.4301 047.7086 14.13764380135088
0 COSMOS 2251 DEB
1 34790U 93036AAT 11297.19141057  .00001384  00000-0  69921-3 0  9998
2 34790 074.0599 075.7759 0115395 307.5265 051.5365 14.13769645135360
0 COSMOS 2251 DEB
1 34790U 93036AAT 11298.46509814  .00001358  00000-0  68625-3 0  9999
2 34790 074.0599 073.5251 0115670 305.0740 053.9558 14.13772964135548
0 COSMOS 2251 DEB
1 34790U 93036AAT 11299.10194095 +.00001383 +00000-0 +69824-3 0  9992
2 34790 074.0612 072.3977 0115656 303.6870 055.3343 14.13775038135631
0 COSMOS 2251 DEB
1 34790U 93036AAT 11303.77209299  .00001194  00000-0  60482-3 0  9995
2 34790 074.0597 064.1372 0115341 294.2609 064.6144 14.13785093136294
0 COSMOS 2251 DEB
1 34790U 93036AAT 11305.75337098  .00001029  00000-0  52312-3 0  9994
2 34790 074.0611 060.6368 0114914 290.3547 068.5067 14.13787985136570
0 COSMOS 2251 DEB
1 34790U 93036AAT 11309.71590709 +.00001209 +00000-0 +61203-3 0  9993
2 34790 074.0848 053.6105 0115027 283.2401 075.5810 14.13798402137132
0 COSMOS 2251 DEB
1 34790U 93036AAT 11311.34337076 +.00001155 +00000-0 +58549-3 0  9990
2 34790 074.0644 050.7498 0115361 279.3371 079.4854 14.13801063137366
0 COSMOS 2251 DEB
1 34790U 93036AAT 11312.47551027  .00001139  00000-0  57717-3 0  9997
2 34790 074.0641 048.7495 0115954 276.4512 082.3448 14.13803465137528
0 COSMOS 2251 DEB
1 34790U 93036AAT 11313.46613407 +.00001306 +00000-0 +65941-3 0  9992
2 34790 074.0647 046.9992 0115996 274.7163 084.0728 14.13807784137668
0 COSMOS 2251 DEB
1 34790U 93036AAT 11314.03220485  .00001542  00000-0  77642-3 0  9999
2 34790 074.0621 045.9959 0115870 273.5008 085.3010 14.13811308137742
0 COSMOS 2251 DEB
1 34790U 93036AAT 11314.38599573 +.00001523 +00000-0 +76685-3 0  9999
2 34790 074.0656 045.3740 0115924 272.6497 086.1377 14.13812259137790
0 COSMOS 2251 DEB
1 34790U 93036AAT 11315.37661600  .00001525  00000-0  76784-3 0  9992
2 34790 074.0634 043.6213 0115887 270.7529 088.0337 14.13815345137937
0 COSMOS 2251 DEB
1 34790U 93036AAT 11316.22571749 +.00001764 +00000-0 +88602-3 0  9998
2 34790 074.0630 042.1201 0115978 269.1704 089.6213 14.13819511138055
0 COSMOS 2251 DEB
1 34790U 93036AAT 11317.00405710  .00001823  00000-0  91519-3 0  9996
2 34790 074.0633 040.7446 0115961 267.7234 091.0671 14.13822985138163
0 COSMOS 2251 DEB
1 34790U 93036AAT 11317.21633066 +.00001778 +00000-0 +89293-3 0  9991
2 34790 074.0632 040.3693 0115933 267.3670 091.4154 14.13823359138190
0 COSMOS 2251 DEB
1 34790U 93036AAT 11318.34845993  .00001801  00000-0  90435-3 0  9997
2 34790 074.0608 038.3653 0115902 265.0887 093.7014 14.13827617138356
0 COSMOS 2251 DEB
1 34790U 93036AAT 11319.40982744  .00001834  00000-0  92083-3 0  9998
2 34790 074.0630 036.4920 0115885 263.0231 095.7706 14.13831968138509
0 COSMOS 2251 DEB
1 34790U 93036AAT 11319.62210095 +.00001853 +00000-0 +93015-3 0  9992
2 34790 074.0606 036.1139 0115847 262.5410 096.2586 14.13832891138533
0 COSMOS 2251 DEB
1 34790U 93036AAT 11320.40043465 +.00001877 +00000-0 +94217-3 0  9996
2 34790 074.0629 034.7405 0115897 261.0681 097.7345 14.13836213138640
0 COSMOS 2251 DEB
1 34790U 93036AAT 11321.03725204  .00001962  00000-0  98371-3 0  9994
2 34790 074.0632 033.6155 0115975 259.7623 099.0511 14.13839624138730
0 COSMOS 2251 DEB
1 34790U 93036AAT 11321.39103730 +.00002001 +00000-0 +10033-2 0  9990
2 34790 074.0619 032.9884 0115942 259.0924 099.7176 14.13841359138784
0 COSMOS 2251 DEB
1 34790U 93036AAT 11322.24012321  .00002048  00000-0  10261-2 0  9994
2 34790 074.0619 031.4877 0115961 257.3762 101.4410 14.13845423138904
0 COSMOS 2251 DEB
1 34790U 93036AAT 11322.59390851 +.00002162 +00000-0 +10829-2 0  9996
2 34790 074.0620 030.8609 0115852 256.8494 101.9712 14.13847758138955
0 COSMOS 2251 DEB
1 34790U 93036AAT 11324.22131670  .00002171  00000-0  10874-2 0  9990
2 34790 074.0615 027.9841 0115768 253.5971 105.2388 14.13854805139187
0 COSMOS 2251 DEB
1 34790U 93036AAT 11324.57510078 +.00002126 +00000-0 +10647-2 0  9999
2 34790 074.0606 027.3571 0115772 252.9275 105.9108 14.13855770139231
0 COSMOS 2251 DEB
1 34790U 93036AAT 11325.21191141 +.00002113 +00000-0 +10582-2 0  9991
2 34790 074.0608 026.2311 0115792 251.6475 107.2042 14.13858408139326
0 COSMOS 2251 DEB
1 34790U 93036AAT 11327.12233389  .00001983  00000-0  99369-3 0  9999
2 34790 074.0609 022.8538 0115831 247.6979 111.1719 14.13865040139592
0 COSMOS 2251 DEB
1 34790U 93036AAT 11327.19309272 +.00001969 +00000-0 +98687-3 0  9997
2 34790 074.0609 022.7285 0115846 247.5505 111.3322 14.13865153139609
0 COSMOS 2251 DEB
1 34790U 93036AAT 11328.53745995  .00001888  00000-0  94671-3 0  9991
2 34790 074.0632 020.3544 0115820 244.9308 113.9685 14.13869713139797
0 COSMOS 2251 DEB
1 34790U 93036AAT 11329.17426600 +.00001861 +00000-0 +93332-3 0  9995
2 34790 074.0645 019.2289 0115831 243.6429 115.2777 14.13871972139883
0 COSMOS 2251 DEB
1 34790U 93036AAT 11331.15542899  .00001803  00000-0  90438-3 0  9995
2 34790 074.0617 015.7211 0115808 239.5712 119.3898 14.13878593140169
0 COSMOS 2251 DEB
1 34790U 93036AAT 11332.28751947  .00001672  00000-0  83954-3 0  9995
2 34790 074.0630 013.7182 0116103 237.0582 121.9244 14.13881160140322
0 COSMOS 2251 DEB
1 34790U 93036AAT 11333.91489860  .00001600  00000-0  80403-3 0  9995
2 34790 074.0621 010.8378 0116085 234.2521 124.7798 14.13885984140556
0 COSMOS 2251 DEB
1 34790U 93036AAT 11333.91489860 +.00001600 +00000-0 +80403-3 0  9995
2 34790 074.0621 010.8378 0116085 234.2521 124.7798 14.13885984140556
0 COSMOS 2251 DEB
1 34790U 93036AAT 11334.26867501 +.00001590 +00000-0 +79865-3 0  9994
2 34790 074.0625 010.2131 0116118 233.5257 125.5144 14.13887038140608
0 COSMOS 2251 DEB
1 34790U 93036AAT 11335.04698294  .00001549  00000-0  77835-3 0  9991
2 34790 074.0627 008.8374 0116229 232.0070 127.0544 14.13889309140718
0 COSMOS 2251 DEB
1 34790U 93036AAT 11335.25924833 +.00001429 +00000-0 +71908-3 0  9997
2 34790 074.0655 008.4668 0116189 231.6723 127.3834 14.13888913140744
0 COSMOS 2251 DEB
1 34790U 93036AAT 11337.09888381  .00001483  00000-0  74568-3 0  9993
2 34790 074.0646 005.2134 0116085 228.1349 130.9905 14.13894959141003
0 COSMOS 2251 DEB
1 34790U 93036AAT 11338.51397931  .00001504  00000-0  75588-3 0  9994
2 34790 074.0646 002.7109 0116096 225.3409 133.8191 14.13899408141200
0 COSMOS 2251 DEB
1 34790U 93036AAT 11343.04226624  .00001461  00000-0  73493-3 0  9993
2 34790 074.0639 354.7040 0115919 216.4004 142.9078 14.13912437141844
0 COSMOS 2251 DEB
1 34790U 93036AAT 11343.46679396 +.00001498 +00000-0 +75303-3 0  9999
2 34790 074.0611 353.9496 0115820 215.5345 143.8039 14.13913851141904
0 COSMOS 2251 DEB
1 34790U 93036AAT 11344.81112086  .00001508  00000-0  75793-3 0  9992
2 34790 074.0623 351.5706 0115644 213.0589 146.3337 14.13918257142097
0 COSMOS 2251 DEB
1 34790U 93036AAT 11345.44790632 +.00001419 +00000-0 +71386-3 0  9996
2 34790 074.0613 350.4382 0115935 211.6631 147.7516 14.13919013142184
0 COSMOS 2251 DEB
1 34790U 93036AAT 11346.08469072  .00001377  00000-0  69298-3 0  9990
2 34790 074.0618 349.3119 0115665 210.4548 148.9817 14.13920586142272
0 COSMOS 2251 DEB
1 34790U 93036AAT 11346.43846022 +.00001373 +00000-0 +69122-3 0  9995
2 34790 074.0599 348.6847 0115708 209.7480 149.7055 14.13921465142320
0 COSMOS 2251 DEB
1 34790U 93036AAT 11347.14599746  .00001267  00000-0  63907-3 0  9999
2 34790 074.0588 347.4337 0115585 208.3540 151.1216 14.13922404142425
0 COSMOS 2251 DEB
1 34790U 93036AAT 11347.21675247 +.00001281 +00000-0 +64542-3 0  9990
2 34790 074.0581 347.3089 0115748 208.1330 151.3526 14.13922616142439
0 COSMOS 2251 DEB
1 34790U 93036AAT 11348.06579661 +.00001270 +00000-0 +64023-3 0  9999
2 34790 074.0584 345.8076 0115749 206.4101 153.1101 14.13924716142554
0 COSMOS 2251 DEB
1 34790U 93036AAT 11348.98559334  .00001059  00000-0  53580-3 0  9996
2 34790 074.0584 344.1803 0115732 204.5885 154.9640 14.13925625142685
0 COSMOS 2251 DEB
1 34790U 93036AAT 11350.04689792  .00001032  00000-0  52246-3 0  9997
2 34790 074.0588 342.3038 0115759 202.4494 157.1546 14.13927705142839
0 COSMOS 2251 DEB
1 34790U 93036AAT 11350.96669314 +.00000988 +00000-0 +50085-3 0  9994
2 34790 074.0585 340.6771 0115582 200.6597 158.9800 14.13929134142963
0 COSMOS 2251 DEB
1 34790U 93036AAT 11351.39121468  .00000999  00000-0  50638-3 0  9991
2 34790 074.0590 339.9269 0115592 199.7927 159.8721 14.13930135143021
0 COSMOS 2251 DEB
1 34790U 93036AAT 11352.38176152 +.00000965 +00000-0 +48954-3 0  9992
2 34790 074.0590 338.1755 0115585 197.8310 161.8746 14.13931806143160
0 COSMOS 2251 DEB
1 34790U 93036AAT 11352.94778813  .00000935  00000-0  47453-3 0  9996
2 34790 074.0597 337.1745 0115391 196.7518 162.9736 14.13932463143248
0 COSMOS 2251 DEB
1 34790U 93036AAT 11353.79682906 +.00000820 +00000-0 +41781-3 0  9998
2 34790 074.0604 335.6729 0115491 195.0763 164.6893 14.13932928143369
0 COSMOS 2251 DEB
1 34790U 93036AAT 11354.15059601  .00000793  00000-0  40433-3 0  9991
2 34790 074.0621 335.0483 0115374 194.4173 165.3638 14.13933271143410
0 COSMOS 2251 DEB
1 34790U 93036AAT 11354.92888212 +.00000739 +00000-0 +37777-3 0  9991
2 34790 074.0620 333.6716 0115414 192.7820 167.0356 14.13934031143520
0 COSMOS 2251 DEB
1 34790U 93036AAT 11355.35340205  .00000755  00000-0  38553-3 0  9995
2 34790 074.0615 332.9185 0115346 191.9365 167.9057 14.13934844143580
0 COSMOS 2251 DEB
1 34790U 93036AAT 11356.98072430  .00000697  00000-0  35669-3 0  9997
2 34790 074.0607 330.0388 0115437 188.5923 171.3266 14.13936865143810
0 COSMOS 2251 DEB
1 34790U 93036AAT 11356.98072430 +.00000697 +00000-0 +35669-3 0  9997
2 34790 074.0607 330.0388 0115437 188.5923 171.3266 14.13936865143810
0 COSMOS 2251 DEB
1 34790U 93036AAT 11357.33448928 +.00000745 +00000-0 +38033-3 0  9998
2 34790 074.0598 329.4119 0115459 187.8409 172.0967 14.13937813143863
0 COSMOS 2251 DEB
1 34790U 93036AAT 11358.89105424  .00000797  00000-0  40636-3 0  9990
2 34790 074.0599 326.6597 0115340 184.7053 175.3043 14.13940730144081
0 COSMOS 2251 DEB
1 34790U 93036AAT 11359.31557099 +.00000864 +00000-0 +43932-3 0  9994
2 34790 074.0599 325.9077 0115356 183.8324 176.1995 14.13942067144141
0 COSMOS 2251 DEB
1 34790U 93036AAT 11359.95234528  .00000867  00000-0  44094-3 0  9996
2 34790 074.0605 324.7823 0115362 182.5625 177.4944 14.13943261144237
0 COSMOS 2251 DEB
1 34790U 93036AAT 11360.30610900 +.00000913 +00000-0 +46361-3 0  9990
2 34790 074.0601 324.1560 0115301 181.8425 178.2328 14.13944289144289
0 COSMOS 2251 DEB
1 34790U 93036AAT 11361.29664627  .00000922  00000-0  46789-3 0  9998
2 34790 074.0597 322.4035 0115467 179.8410 180.2796 14.13946102144429
0 COSMOS 2251 DEB
1 34790U 93036AAT 11362.28718233 +.00000941 +00000-0 +47707-3 0  9993
2 34790 074.0599 320.6519 0115361 177.8400 182.3283 14.13948242144564
0 COSMOS 2251 DEB
1 34790U 93036AAT 11364.26824994  .00000974  00000-0  49373-3 0  9992
2 34790 074.0584 317.1476 0115207 173.8046 186.4558 14.13952368144847
0 COSMOS 2251 DEB
1 34790U 93036AAT 12001.95683235  .00001038  00000-0  52515-3 0  9992
2 34790 074.0597 312.3931 0115020 168.3966 191.9926 14.13958516145221
0 COSMOS 2251 DEB
1 34790U 93036AAT 12002.23983916 +.00001111 +00000-0 +56111-3 0  9991
2 34790 074.0602 311.8935 0114984 167.8523 192.5527 14.13960019145266
0 COSMOS 2251 DEB
1 34790U 93036AAT 12003.01810795  .00001154  00000-0  58261-3 0  9997
2 34790 074.0603 310.5172 0114824 166.2370 194.1930 14.13962115145379
0 COSMOS 2251 DEB
1 34790U 93036AAT 12003.65487423 +.00001178 +00000-0 +59475-3 0  9999
2 34790 074.0610 309.3913 0114711 164.9569 195.5046 14.13963905145467
0 COSMOS 2251 DEB
1 34790U 93036AAT 12004.29164044  .00001122  00000-0  56723-3 0  9993
2 34790 074.0642 308.2675 0114097 163.7133 196.7711 14.13964828145553
0 COSMOS 2251 DEB
1 34790U 93036AAT 12005.91892783  .00001007  00000-0  51065-3 0  9997
2 34790 074.0653 305.3874 0113740 160.5041 200.0461 14.13967255145784
0 COSMOS 2251 DEB
1 34790U 93036AAT 12005.91892783 +.00001007 +00000-0 +51065-3 0  9997
2 34790 074.0653 305.3874 0113740 160.5041 200.0461 14.13967255145784
0 COSMOS 2251 DEB
1 34790U 93036AAT 12006.27268629 +.00000997 +00000-0 +50551-3 0  9999
2 34790 074.0649 304.7610 0113776 159.8044 200.7650 14.13967830145835
0 COSMOS 2251 DEB
1 34790U 93036AAT 12006.98020104  .00000938  00000-0  47636-3 0  9996
2 34790 074.0676 303.5079 0113457 158.3807 202.2135 14.13968765145932
0 COSMOS 2251 DEB
1 34790U 93036AAT 12007.61696478 +.00000900 +00000-0 +45788-3 0  9995
2 34790 074.0690 302.3807 0113101 157.0789 203.5467 14.13970010146024
0 COSMOS 2251 DEB
1 34790U 93036AAT 12008.53673257  .00000866  00000-0  44094-3 0  9997
2 34790 074.0664 300.7528 0113241 155.1840 205.4793 14.13971209146157
0 COSMOS 2251 DEB
1 34790U 93036AAT 12008.96124065 +.00000853 +00000-0 +43428-3 0  9998
2 34790 074.0667 300.0021 0113099 154.3374 206.3433 14.13971841146215
0 COSMOS 2251 DEB
1 34790U 93036AAT 12009.95175809  .00000759  00000-0  38770-3 0  9999
2 34790 074.0663 298.2509 0113002 152.3577 208.3591 14.13972756146355
0 COSMOS 2251 DEB
1 34790U 93036AAT 12010.23476381 +.00000774 +00000-0 +39538-3 0  9991
2 34790 074.0662 297.7507 0113132 151.8160 208.9190 14.13973344146391
0 COSMOS 2251 DEB
1 34790U 93036AAT 12011.86204051  .00000718  00000-0  36751-3 0  9996
2 34790 074.0673 294.8748 0113089 148.5459 212.2512 14.13975268146622
0 COSMOS 2251 DEB
1 34790U 93036AAT 12011.86204051 +.00000718 +00000-0 +36751-3 0  9996
2 34790 074.0673 294.8748 0113089 148.5459 212.2512 14.13975268146622
0 COSMOS 2251 DEB
1 34790U 93036AAT 12012.78180418 +.00000681 +00000-0 +34896-3 0  9995
2 34790 074.0648 293.2447 0113166 146.6583 214.1719 14.13976091146755
0 COSMOS 2251 DEB
1 34790U 93036AAT 12012.92330690  .00000633  00000-0  32521-3 0  9990
2 34790 074.0639 292.9924 0113025 146.3554 214.4783 14.13975704146776
0 COSMOS 2251 DEB
1 34790U 93036AAT 12013.84307086 +.00000561 +00000-0 +28952-3 0  9998
2 34790 074.0647 291.3668 0113143 144.5451 216.3246 14.13976248146904
0 COSMOS 2251 DEB
1 34790U 93036AAT 12014.19682646  .00000554  00000-0  28627-3 0  9996
2 34790 074.0646 290.7403 0113318 143.8856 217.0031 14.13976639146957
0 COSMOS 2251 DEB
1 34790U 93036AAT 12014.76283367 +.00000511 +00000-0 +26478-3 0  9991
2 34790 074.0648 289.7397 0113262 142.6571 218.2454 14.13976885147033
0 COSMOS 2251 DEB
1 34790U 93036AAT 12015.75334698  .00000519  00000-0  26866-3 0  9994
2 34790 074.0627 287.9864 0113152 140.6462 220.2960 14.13978043147172
0 COSMOS 2251 DEB
1 34790U 93036AAT 12016.53160653 +.00000549 +00000-0 +28362-3 0  9995
2 34790 074.0630 286.6111 0113358 139.0971 221.8769 14.13979248147286
0 COSMOS 2251 DEB
1 34790U 93036AAT 12016.88536006  .00000533  00000-0  27554-3 0  9997
2 34790 074.0617 285.9851 0113354 138.3352 222.6463 14.13979420147333
0 COSMOS 2251 DEB
1 34790U 93036AAT 12017.87587059 +.00000532 +00000-0 +27547-3 0  9992
2 34790 074.0595 284.2332 0113453 136.3075 224.7068 14.13980445147472
0 COSMOS 2251 DEB
1 34790U 93036AAT 12018.15887441  .00000561  00000-0  28952-3 0  9995
2 34790 074.0596 283.7328 0113517 135.7448 225.2858 14.13981031147510
0 COSMOS 2251 DEB
1 34790U 93036AAT 12018.86638070 +.00000530 +00000-0 +27396-3 0  9992
2 34790 074.0587 282.4811 0113554 134.3201 226.7302 14.13981546147618
0 COSMOS 2251 DEB
1 34790U 93036AAT 12019.14938361 +.00000545 +00000-0 +28158-3 0  9993
2 34790 074.0588 281.9799 0113552 133.7834 227.2796 14.13981989147659
0 COSMOS 2251 DEB
1 34790U 93036AAT 12020.49364399  .00000552  00000-0  28505-3 0  9991
2 34790 074.0584 279.6025 0113565 131.0563 230.0460 14.13983617147846
0 COSMOS 2251 DEB
1 34790U 93036AAT 12021.83790288 +.00000510 +00000-0 +26425-3 0  9993
2 34790 074.0575 277.2248 0113593 128.3436 232.7917 14.13984571148034
0 COSMOS 2251 DEB
1 34790U 93036AAT 12022.75765948 +.00000432 +00000-0 +22549-3 0  9996
2 34790 074.0576 275.5990 0113669 126.5397 234.6231 14.13984814148164
0 COSMOS 2251 DEB
1 34790U 93036AAT 12023.11141239 +.00000509 +00000-0 +26350-3 0  9997
2 34790 074.0578 274.9735 0113794 125.8283 235.3556 14.13985954148211
0 COSMOS 2251 DEB
1 34790U 93036AAT 12024.73866618  .00000561  00000-0  28930-3 0  9995
2 34790 074.0570 272.0950 0113897 122.6009 238.6192 14.13988412148445
0 COSMOS 2251 DEB
1 34790U 93036AAT 12025.72916801 +.00000633 +00000-0 +32496-3 0  9997
2 34790 074.0567 270.3432 0113869 120.4775 240.7685 14.13990409148587
0 COSMOS 2251 DEB
1 34790U 93036AAT 12026.08291804  .00000725  00000-0  37063-3 0  9993
2 34790 074.0563 269.7166 0113964 119.7532 241.5060 14.13991808148633
0 COSMOS 2251 DEB
1 34790U 93036AAT 12026.71966671 +.00000751 +00000-0 +38329-3 0  9999
2 34790 074.0560 268.5908 0113840 118.4065 242.8628 14.13993076148724
0 COSMOS 2251 DEB
1 34790U 93036AAT 12027.42716518  .00000815  00000-0  41490-3 0  9995
2 34790 074.0560 267.3390 0113829 117.0191 244.2675 14.13994800148823
0 COSMOS 2251 DEB
1 34790U 93036AAT 12027.78091323 +.00000815 +00000-0 +41490-3 0  9994
2 34790 074.0560 266.7134 0113829 116.3088 244.9799 14.13995393148876
0 COSMOS 2251 DEB
1 34790U 93036AAT 12028.77140801  .00000912  00000-0  46307-3 0  9990
2 34790 074.0551 264.9604 0113865 114.2570 247.0504 14.13998061149011
0 COSMOS 2251 DEB
1 34790U 93036AAT 12029.69115256 +.00000930 +00000-0 +47181-3 0  9999
2 34790 074.0561 263.3329 0113935 112.5283 248.7986 14.13999943149145
0 COSMOS 2251 DEB
1 34790U 93036AAT 12030.04489964  .00000954  00000-0  48343-3 0  9997
2 34790 074.0560 262.7071 0113918 111.7998 249.5309 14.14000756149195
0 COSMOS 2251 DEB
1 34790U 93036AAT 12030.39864691 +.00000949 +00000-0 +48123-3 0  9999
2 34790 074.0559 262.0816 0113915 111.0582 250.2774 14.14001399149247
0 COSMOS 2251 DEB
1 34790U 93036AAT 12031.67213641  .00000867  00000-0  44066-3 0  9995
2 34790 074.0558 259.8296 0113987 108.5411 252.8134 14.14003015149428
0 COSMOS 2251 DEB
1 34790U 93036AAT 12032.66262615 +.00000889 +00000-0 +45159-3 0  9998
2 34790 074.0556 258.0775 0113978 106.5122 254.8577 14.14005059149564
0 COSMOS 2251 DEB
1 34790U 93036AAT 12033.01637207  .00000916  00000-0  46498-3 0  9999
2 34790 074.0553 257.4517 0113947 105.7802 255.5962 14.14005990149616
0 COSMOS 2251 DEB
1 34790U 93036AAT 12033.65311359 +.00000873 +00000-0 +44334-3 0  9995
2 34790 074.0551 256.3251 0113999 104.4815 256.8971 14.14006769149703
0 COSMOS 2251 DEB
1 34790U 93036AAT 12034.64360080  .00000870  00000-0  44182-3 0  9998
2 34790 074.0551 254.5727 0113953 102.4696 258.9228 14.14008550149849
0 COSMOS 2251 DEB
1 34790U 93036AAT 12035.63408440 +.00000952 +00000-0 +48247-3 0  9998
2 34790 074.0548 252.8209 0113989 100.5191 260.8858 14.14011330149985
0 COSMOS 2251 DEB
1 34790U 93036AAT 12035.98782757  .00000973  00000-0  49311-3 0  9998
2 34790 074.0540 252.1936 0114013 099.7496 261.6530 14.14012122150037
0 COSMOS 2251 DEB
1 34790U 93036AAT 12036.55381770 +.00000947 +00000-0 +47994-3 0  9998
2 34790 074.0551 251.1925 0113987 098.5918 262.8134 14.14013011150111
0 COSMOS 2251 DEB
1 34790U 93036AAT 12037.33205351  .00001032  00000-0  52204-3 0  9991
2 34790 074.0553 249.8165 0113976 096.9981 264.4217 14.14015504150224
0 COSMOS 2251 DEB
1 34790U 93036AAT 12037.75654326 +.00001025 +00000-0 +51847-3 0  9991
2 34790 074.0554 249.0652 0113936 096.1964 265.2163 14.14016250150281
0 COSMOS 2251 DEB
1 34790U 93036AAT 12038.74702162  .00001046  00000-0  52896-3 0  9991
2 34790 074.0554 247.3130 0113933 094.2053 267.2128 14.14018585150420
0 COSMOS 2251 DEB
1 34790U 93036AAT 12039.66675025 +.00001034 +00000-0 +52310-3 0  9998
2 34790 074.0556 245.6885 0113837 092.1483 269.2683 14.14020450150553
0 COSMOS 2251 DEB
1 34790U 93036AAT 12040.37423280  .00001074  00000-0  54275-3 0  9998
2 34790 074.0555 244.4374 0113762 090.6897 270.7322 14.14022423150651
0 COSMOS 2251 DEB
1 34790U 93036AAT 12040.72797265 +.00001024 +00000-0 +51841-3 0  9995
2 34790 074.0561 243.8121 0113705 089.9673 271.4453 14.14022630150700
0 COSMOS 2251 DEB
1 34790U 93036AAT 12041.71844695  .00001009  00000-0  51096-3 0  9990
2 34790 074.0569 242.0585 0113681 087.7931 273.6199 14.14024558150846
0 COSMOS 2251 DEB
1 34790U 93036AAT 12042.70891882 +.00000949 +00000-0 +48108-3 0  9992
2 34790 074.0581 240.3080 0113632 085.6960 275.7083 14.14025959150982
0 COSMOS 2251 DEB
1 34790U 93036AAT 12043.69939043  .00000843  00000-0  42868-3 0  9993
2 34790 074.0587 238.5544 0113533 083.6169 277.7825 14.14026922151125
0 COSMOS 2251 DEB
1 34790U 93036AAT 12044.68986032 +.00000839 +00000-0 +42693-3 0  9994
2 34790 074.0603 236.8039 0113409 081.5323 279.8599 14.14028547151266
0 COSMOS 2251 DEB
1 34790U 93036AAT 12045.96331981  .00000793  00000-0  40409-3 0  9995
2 34790 074.0616 234.5502 0113311 078.9269 282.4575 14.14030340151449
0 COSMOS 2251 DEB
1 34790U 93036AAT 12047.94425129  .00000596  00000-0  30647-3 0  9997
2 34790 074.0615 231.0458 0113249 074.8405 286.4993 14.14031136151720
0 COSMOS 2251 DEB
1 34790U 93036AAT 12048.93472118 +.00000522 +00000-0 +27003-3 0  9998
2 34790 074.0621 229.2918 0113130 073.0016 288.3443 14.14031479151861
0 COSMOS 2251 DEB
1 34790U 93036AAT 12049.57144954  .00000490  00000-0  25429-3 0  9997
2 34790 074.0623 228.1658 0113088 071.8542 289.4870 14.14031843151955
0 COSMOS 2251 DEB
1 34790U 93036AAT 12050.56191395 +.00000419 +00000-0 +21928-3 0  9990
2 34790 074.0633 226.4126 0113192 069.7193 291.5997 14.14032197152094
0 COSMOS 2251 DEB
1 34790U 93036AAT 12052.89657906  .00000260  00000-0  14055-3 0  9990
2 34790 074.0623 222.2807 0113250 064.8286 296.4333 14.14032207152424
0 COSMOS 2251 DEB
1 34790U 93036AAT 12052.89657906 +.00000260 +00000-0 +14055-3 0  9990
2 34790 074.0623 222.2807 0113250 064.8286 296.4333 14.14032207152424
0 COSMOS 2251 DEB
1 34790U 93036AAT 12055.86797140  .00000206  00000-0  11339-3 0  9997
2 34790 074.0568 217.0245 0114491 058.6293 302.5738 14.14033239152847
0 COSMOS 2251 DEB
1 34790U 93036AAT 12057.42441583  .00000248  00000-0  13463-3 0  9994
2 34790 074.0577 214.2729 0113868 055.6522 305.5453 14.14034377153068
0 COSMOS 2251 DEB
1 34790U 93036AAT 12058.48562105  .00000248  00000-0  13463-3 0  9995
2 34790 074.0577 212.3963 0113868 053.5212 307.6356 14.14034955153214
0 COSMOS 2251 DEB
1 34790U 93036AAT 12060.39579303  .00000151  00000-0  86438-4 0  9992
2 34790 074.0576 209.0187 0113332 049.9491 311.1449 14.14034738153489
0 COSMOS 2251 DEB
1 34790U 93036AAT 12061.38625416 +.00000204 +00000-0 +11264-3 0  9992
2 34790 074.0579 207.2665 0113303 047.9839 313.0930 14.14035649153629
0 COSMOS 2251 DEB
1 34790U 93036AAT 12062.58895219 +.00000248 +00000-0 +13441-3 0  9992
2 34790 074.0548 205.1364 0113600 045.1389 315.8867 14.14036387153795
0 COSMOS 2251 DEB
1 34790U 93036AAT 12063.50866373 +.00000455 +00000-0 +23721-3 0  9996
2 34790 074.0541 203.5086 0113439 043.1871 317.8176 14.14038474153924
0 COSMOS 2251 DEB
1 34790U 93036AAT 12064.35762423 +.00000485 +00000-0 +25162-3 0  9995
2 34790 074.0542 202.0066 0113415 041.4948 319.4743 14.14039589154047
0 COSMOS 2251 DEB
1 34790U 93036AAT 12065.48957226 +.00000474 +00000-0 +24654-3 0  9990
2 34790 074.0528 200.0025 0113455 039.1454 321.7799 14.14040561154201
0 COSMOS 2251 DEB
1 34790U 93036AAT 12066.55077323  .00000449  00000-0  23424-3 0  9996
2 34790 074.0534 198.1256 0113352 036.9725 323.9149 14.14041478154350
0 COSMOS 2251 DEB
1 34790U 93036AAT 12068.10719966  .00000521  00000-0  26975-3 0  9990
2 34790 074.0543 195.3720 0113400 033.7567 327.0824 14.14043929154570
0 COSMOS 2251 DEB
1 34790U 93036AAT 12069.16839551  .00000717  00000-0  36657-3 0  9995
2 34790 074.0557 193.4957 0113668 031.5358 329.2678 14.14047189154726
0 COSMOS 2251 DEB
1 34790U 93036AAT 12069.52212438 +.00000685 +00000-0 +35042-3 0  9995
2 34790 074.0564 192.8706 0113759 030.7467 330.0225 14.14047327154779
0 COSMOS 2251 DEB
1 34790U 93036AAT 12070.08809608 +.00000739 +00000-0 +37743-3 0  9999
2 34790 074.0555 191.8689 0113704 029.6589 331.1012 14.14048802154854
0 COSMOS 2251 DEB
1 34790U 93036AAT 12073.13017924  .00001033  00000-0  52252-3 0  9990
2 34790 074.0552 186.4871 0113635 023.4513 337.2195 14.14057400155287
0 COSMOS 2251 DEB
1 34790U 93036AAT 12074.47433979  .00001135  00000-0  57334-3 0  9999
2 34790 074.0582 184.1123 0113600 020.5547 340.0234 14.14061597155471
0 COSMOS 2251 DEB
1 34790U 93036AAT 12075.11104735 +.00001168 +00000-0 +58941-3 0  9997
2 34790 074.0587 182.9862 0113657 019.2639 341.2785 14.14063545155560
0 COSMOS 2251 DEB
1 34790U 93036AAT 12076.03073745  .00001151  00000-0  58120-3 0  9996
2 34790 074.0630 181.3639 0113248 017.5256 342.9724 14.14065572155693
0 COSMOS 2251 DEB
1 34790U 93036AAT 12076.45521013 +.00001144 +00000-0 +57781-3 0  9992
2 34790 074.0604 180.6143 0113405 016.6174 343.8604 14.14066363155753
0 COSMOS 2251 DEB
1 34790U 93036AAT 12077.09191865  .00001149  00000-0  57997-3 0  9995
2 34790 074.0601 179.4875 0113573 015.3608 345.0906 14.14067831155842
0 COSMOS 2251 DEB
1 34790U 93036AAT 12078.08235234 +.00001055 +00000-0 +53352-3 0  9991
2 34790 074.0616 177.7368 0113254 013.3476 347.0604 14.14069307155985
0 COSMOS 2251 DEB
1 34790U 93036AAT 12080.06321542  .00000997  00000-0  50479-3 0  9991
2 34790 074.0631 174.2350 0113732 009.3027 351.0069 14.14072914156263
0 COSMOS 2251 DEB
1 34790U 93036AAT 12081.33663063  .00000776  00000-0  39563-3 0  9995
2 34790 074.0660 171.9818 0113722 006.7554 353.5006 14.14072919156446
0 COSMOS 2251 DEB
1 34790U 93036AAT 12083.03451118  .00000656  00000-0  33652-3 0  9990
2 34790 074.0663 168.9804 0113734 003.3556 356.8230 14.14074438156687
0 COSMOS 2251 DEB
1 34790U 93036AAT 12084.37866608  .00000471  00000-0  24475-3 0  9990
2 34790 074.0676 166.6015 0114262 000.5582 359.5416 14.14073994156878
0 COSMOS 2251 DEB
1 34790U 93036AAT 12085.29835528 +.00000331 +00000-0 +17550-3 0  9990
2 34790 074.0669 164.9748 0114333 358.7618 001.3079 14.14073299157002
0 COSMOS 2251 DEB
1 34790U 93036AAT 12086.00580798  .00000291  00000-0  15589-3 0  9991
2 34790 074.0633 163.7190 0114466 357.2347 002.8160 14.14073346157102
0 COSMOS 2251 DEB
1 34790U 93036AAT 12087.63294336  .00000301  00000-0  16091-3 0  9992
2 34790 074.0620 160.8321 0114577 354.2065 005.7746 14.14074198157332
0 COSMOS 2251 DEB
1 34790U 93036AAT 12088.62337235 +.00000305 +00000-0 +16277-3 0  9998
2 34790 074.0601 159.0769 0114835 352.3147 007.6190 14.14074800157473
0 COSMOS 2251 DEB
1 34790U 93036AAT 12089.04784258  .00000359  00000-0  18946-3 0  9990
2 34790 074.0620 158.3300 0114481 351.1562 008.7723 14.14075836157533
0 COSMOS 2251 DEB
1 34790U 93036AAT 12089.26007395 +.00000268 +00000-0 +14464-3 0  9994
2 34790 074.0608 157.9533 0114423 350.7123 009.1857 14.14075091157565
0 COSMOS 2251 DEB
1 34790U 93036AAT 12090.32124785  .00000247  00000-0  13416-3 0  9999
2 34790 074.0572 156.0777 0114557 348.6135 011.2386 14.14075504157719
0 COSMOS 2251 DEB
1 34790U 93036AAT 12090.60422794 +.00000253 +00000-0 +13707-3 0  9991
2 34790 074.0571 155.5772 0114560 348.0545 011.7883 14.14075721157752
0 COSMOS 2251 DEB
1 34790U 93036AAT 12091.59465587  .00000307  00000-0  16385-3 0  9992
2 34790 074.0598 153.8262 0114642 346.0839 013.7163 14.14076843157895
0 COSMOS 2251 DEB
1 34790U 93036AAT 12092.58508334 +.00000277 +00000-0 +14919-3 0  9997
2 34790 074.0597 152.0747 0114700 344.1028 015.6516 14.14077203158038
0 COSMOS 2251 DEB
1 34790U 93036AAT 12093.15104192  .00000211  00000-0  11659-3 0  9991
2 34790 074.0588 151.0737 0114730 342.9696 016.7568 14.14076941158112
0 COSMOS 2251 DEB
1 34790U 93036AAT 12093.29253233 +.00000168 +00000-0 +95150-4 0  9997
2 34790 074.0592 150.8233 0114559 342.6644 017.0572 14.14076530158139
0 COSMOS 2251 DEB
1 34790U 93036AAT 12094.28296069  .00000144  00000-0  83305-4 0  9994
2 34790 074.0580 149.0714 0114673 340.6844 018.9947 14.14076658158279
0 COSMOS 2251 DEB
1 34790U 93036AAT 12095.20264273 +.00000223 +00000-0 +12241-3 0  9997
2 34790 074.0592 147.4446 0114606 338.7927 020.8532 14.14078049158405
0 COSMOS 2251 DEB
1 34790U 93036AAT 12096.12232391  .00000338  00000-0  17914-3 0  9994
2 34790 074.0596 145.8185 0114443 336.9149 022.6988 14.14079762158538
0 COSMOS 2251 DEB
1 34790U 93036AAT 12097.89093737  .00000494  00000-0  25613-3 0  9996
2 34790 074.0593 142.6905 0114523 333.4082 026.1271 14.14082769158789
0 COSMOS 2251 DEB
1 34790U 93036AAT 12097.89093737 +.00000494 +00000-0 +25613-3 0  9996
2 34790 074.0593 142.6905 0114523 333.4082 026.1271 14.14082769158789
0 COSMOS 2251 DEB
1 34790U 93036AAT 12098.52763780 +.00000509 +00000-0 +26358-3 0  9993
2 34790 074.0579 141.5629 0114405 332.1432 027.3646 14.14083498158877
0 COSMOS 2251 DEB
1 34790U 93036AAT 12099.23508241  .00000538  00000-0  27816-3 0  9993
2 34790 074.0573 140.3105 0114404 330.6615 028.8148 14.14084424158976
0 COSMOS 2251 DEB
1 34790U 93036AAT 12100.50848063  .00000649  00000-0  33268-3 0  9996
2 34790 074.0573 138.0574 0114356 328.0745 031.3504 14.14087082159150
0 COSMOS 2251 DEB
1 34790U 93036AAT 12101.49890126 +.00000678 +00000-0 +34722-3 0  9990
2 34790 074.0566 136.3050 0114302 326.0408 033.3471 14.14088707159292
0 COSMOS 2251 DEB
1 34790U 93036AAT 12101.92336670  .00000699  00000-0  35739-3 0  9999
2 34790 074.0559 135.5530 0114393 325.1146 034.2576 14.14089575159354
0 COSMOS 2251 DEB
1 34790U 93036AAT 12102.91378461 +.00000705 +00000-0 +36064-3 0  9993
2 34790 074.0562 133.8011 0114310 323.0808 036.2497 14.14091175159492
0 COSMOS 2251 DEB
1 34790U 93036AAT 12103.26750571  .00000722  00000-0  36895-3 0  9999
2 34790 074.0567 133.1759 0114457 322.3973 036.9182 14.14091741159549
0 COSMOS 2251 DEB
1 34790U 93036AAT 12104.25792327 +.00000769 +00000-0 +39210-3 0  9999
2 34790 074.0569 131.4241 0114447 320.4053 038.8771 14.14093809159682
0 COSMOS 2251 DEB
1 34790U 93036AAT 12105.10685208  .00000810  00000-0  41205-3 0  9997
2 34790 074.0563 129.9219 0114476 318.7696 040.4852 14.14095532159806
0 COSMOS 2251 DEB
1 34790U 93036AAT 12105.24833987 +.00000853 +00000-0 +43330-3 0  9999
2 34790 074.0569 129.6726 0114547 318.5125 040.7369 14.14096144159824
0 COSMOS 2251 DEB
1 34790U 93036AAT 12106.45098606  .00000925  00000-0  46929-3 0  9991
2 34790 074.0563 127.5449 0114387 316.0939 043.1193 14.14099093159991
0 COSMOS 2251 DEB
1 34790U 93036AAT 12106.80470454 +.00000934 +00000-0 +47348-3 0  9991
2 34790 074.0557 126.9187 0114252 315.3664 043.8343 14.14099879160048
0 COSMOS 2251 DEB
1 34790U 93036AAT 12107.08767935 +.00000933 +00000-0 +47304-3 0  9996
2 34790 074.0568 126.4191 0114400 314.8131 044.3733 14.14100406160080
0 COSMOS 2251 DEB
1 34790U 93036AAT 12108.43181108  .00000991  00000-0  50153-3 0  9998
2 34790 074.0559 124.0405 0114229 312.0747 047.0797 14.14103636160273
0 COSMOS 2251 DEB
1 34790U 93036AAT 12108.78552782 +.00001021 +00000-0 +51613-3 0  9993
2 34790 074.0565 123.4158 0114487 311.3900 047.7474 14.14104794160328
0 COSMOS 2251 DEB
1 34790U 93036AAT 12109.77593721  .00001205  00000-0  60689-3 0  9998
2 34790 074.0576 121.6653 0114755 309.4723 049.6451 14.14108888160468
0 COSMOS 2251 DEB
1 34790U 93036AAT 12110.41262497 +.00001220 +00000-0 +61449-3 0  9996
2 34790 074.0571 120.5384 0114716 308.2015 050.8841 14.14110556160552
0 COSMOS 2251 DEB
1 34790U 93036AAT 12111.04931481  .00001213  00000-0  61083-3 0  9998
2 34790 074.0576 119.4129 0114827 306.9435 052.1233 14.14112152160649
0 COSMOS 2251 DEB
1 34790U 93036AAT 12112.03972008 +.00001285 +00000-0 +64634-3 0  9992
2 34790 074.0578 117.6611 0114946 305.0211 054.0227 14.14115380160786
0 COSMOS 2251 DEB
1 34790U 93036AAT 12117.13320494  .00001523  00000-0  76274-3 0  9992
2 34790 074.0632 108.6553 0115544 295.2203 063.7037 14.14131139161505
0 COSMOS 2251 DEB
1 34790U 93036AAT 12118.05285381 +.00001541 +00000-0 +77117-3 0  9996
2 34790 074.0597 107.0226 0116059 293.5080 065.3864 14.14134118161631
0 COSMOS 2251 DEB
1 34790U 93036AAT 12119.11398820  .00001350  00000-0  67673-3 0  9991
2 34790 074.0617 105.1484 0116799 291.5546 067.3094 14.14135654161784
0 COSMOS 2251 DEB
1 34790U 93036AAT 12119.39695886 +.00001461 +00000-0 +73148-3 0  9990
2 34790 074.0608 104.6448 0116311 290.8216 068.0576 14.14137558161827
0 COSMOS 2251 DEB
1 34790U 93036AAT 12120.10437865 +.00001386 +00000-0 +69468-3 0  9998
2 34790 074.0627 103.3891 0116327 289.6026 069.2501 14.14138944161920
0 COSMOS 2251 DEB
1 34790U 93036AAT 12121.02402724  .00001242  00000-0  62371-3 0  9993
2 34790 074.0620 101.7624 0116386 287.6516 071.1883 14.14140028162052
0 COSMOS 2251 DEB
1 34790U 93036AAT 12121.73144895 +.00001128 +00000-0 +56772-3 0  9994
2 34790 074.0664 100.5104 0116222 286.1674 072.6629 14.14140819162151
0 COSMOS 2251 DEB
1 34790U 93036AAT 12122.08516067  .00000570  00000-0  29309-3 0  9993
2 34790 074.0664 099.8840 0116419 285.5011 073.3197 14.14138576162205
0 COSMOS 2251 DEB
1 34790U 93036AAT 12122.72184231 +.00000508 +00000-0 +26260-3 0  9992
2 34790 074.0676 098.7583 0116358 284.2625 074.5582 14.14138963162299
0 COSMOS 2251 DEB
1 34790U 93036AAT 12123.71223197  .00000725  00000-0  36962-3 0  9998
2 34790 074.0638 097.0076 0116199 282.0358 076.7861 14.14141694162433
0 COSMOS 2251 DEB
1 34790U 93036AAT 12125.33929699  .00000792  00000-0  40224-3 0  9998
2 34790 074.0620 094.1281 0116184 278.8732 079.9303 14.14144767162668
0 COSMOS 2251 DEB
1 34790U 93036AAT 12125.90523178 +.00000730 +00000-0 +37201-3 0  9996
2 34790 074.0624 093.1262 0116138 277.8743 080.9139 14.14145029162740
0 COSMOS 2251 DEB
1 34790U 93036AAT 12126.89562097  .00000658  00000-0  33653-3 0  9994
2 34790 074.0623 091.3724 0116211 275.7788 083.0093 14.14145652162880
0 COSMOS 2251 DEB
1 34790U 93036AAT 12127.32007294 +.00000676 +00000-0 +34549-3 0  9991
2 34790 074.0614 090.6200 0116070 274.8918 083.9004 14.14146450162944
0 COSMOS 2251 DEB
1 34790U 93036AAT 12128.66416807  .00000679  00000-0  34683-3 0  9995
2 34790 074.0617 088.2435 0115999 272.1476 086.6378 14.14148324163137
0 COSMOS 2251 DEB
1 34790U 93036AAT 12128.66416807 +.00000679 +00000-0 +34683-3 0  9995
2 34790 074.0617 088.2435 0115999 272.1476 086.6378 14.14148324163137
0 COSMOS 2251 DEB
1 34790U 93036AAT 12129.86678118  .00000605  00000-0  31068-3 0  9996
2 34790 074.0623 086.1149 0115790 269.7253 089.0631 14.14149160163304
0 COSMOS 2251 DEB
1 34790U 93036AAT 12129.86678118 +.00000605 +00000-0 +31068-3 0  9996
2 34790 074.0623 086.1149 0115790 269.7253 089.0631 14.14149160163304
0 COSMOS 2251 DEB
1 34790U 93036AAT 12130.29123191 +.00000636 +00000-0 +32560-3 0  9993
2 34790 074.0618 085.3619 0115605 268.6982 090.0944 14.14149933163366
0 COSMOS 2251 DEB
1 34790U 93036AAT 12130.99864920  .00000614  00000-0  31509-3 0  9990
2 34790 074.0626 084.1113 0115673 267.2745 091.5152 14.14150725163467
0 COSMOS 2251 DEB
1 34790U 93036AAT 12131.28161630 +.00000610 +00000-0 +31319-3 0  9996
2 34790 074.0632 083.6097 0115643 266.7005 092.0894 14.14151035163508
0 COSMOS 2251 DEB
1 34790U 93036AAT 12132.62571038  .00000598  00000-0  30685-3 0  9992
2 34790 074.0630 081.2321 0115615 264.0066 094.7910 14.14152567163696
0 COSMOS 2251 DEB
1 34790U 93036AAT 12133.61609245 +.00000693 +00000-0 +35370-3 0  9996
2 34790 074.0620 079.4785 0115521 261.9082 096.8947 14.14154714163833
0 COSMOS 2251 DEB
1 34790U 93036AAT 12134.25276696  .00000723  00000-0  36865-3 0  9991
2 34790 074.0628 078.3527 0115482 260.6276 098.1820 14.14155999163921
0 COSMOS 2251 DEB
1 34790U 93036AAT 12135.24314840 +.00000759 +00000-0 +38626-3 0  9991
2 34790 074.0620 076.6003 0115460 258.5630 100.2575 14.14157891164060
0 COSMOS 2251 DEB
1 34790U 93036AAT 12137.22390842  .00000872  00000-0  44189-3 0  9994
2 34790 074.0615 073.0949 0115417 254.6646 104.1807 14.14162152164348
0 COSMOS 2251 DEB
1 34790U 93036AAT 12139.20466251  .00000934  00000-0  47218-3 0  9997
2 34790 074.0623 069.5898 0115420 250.7509 108.1164 14.14166361164626
0 COSMOS 2251 DEB
1 34790U 93036AAT 12139.55836742 +.00000888 +00000-0 +44959-3 0  9998
2 34790 074.0619 068.9641 0115390 249.9257 108.9354 14.14166340164677
0 COSMOS 2251 DEB
1 34790U 93036AAT 12140.19504117 +.00000885 +00000-0 +44849-3 0  9993
2 34790 074.0613 067.8365 0115302 248.5632 110.3223 14.14167315164762
0 COSMOS 2251 DEB
1 34790U 93036AAT 12140.76096939  .00000816  00000-0  41411-3 0  9990
2 34790 074.0599 066.8356 0115299 247.4375 111.4495 14.14167633164846
0 COSMOS 2251 DEB
1 34790U 93036AAT 12141.53912250 +.00000889 +00000-0 +45060-3 0  9993
2 34790 074.0589 065.4584 0115046 246.0010 112.9077 14.14169700164955
0 COSMOS 2251 DEB
1 34790U 93036AAT 12141.96356829  .00000834  00000-0  42330-3 0  9991
2 34790 074.0654 064.7087 0114960 245.3015 113.6118 14.14170334165016
0 COSMOS 2251 DEB
1 34790U 93036AAT 12142.81245925 +.00000981 +00000-0 +49567-3 0  9992
2 34790 074.0641 063.2068 0114690 243.5857 115.3485 14.14173341165139
0 COSMOS 2251 DEB
1 34790U 93036AAT 12143.16616361  .00000995  00000-0  50260-3 0  9994
2 34790 074.0646 062.5818 0114664 242.8644 116.0776 14.14174232165182
0 COSMOS 2251 DEB
1 34790U 93036AAT 12143.80283108 +.00001011 +00000-0 +51077-3 0  9991
2 34790 074.0635 061.4555 0114560 241.5711 117.3854 14.14175706165270
0 COSMOS 2251 DEB
1 34790U 93036AAT 12144.79320174  .00001024  00000-0  51716-3 0  9999
2 34790 074.0625 059.7036 0114661 239.5099 119.4705 14.14177870165419
0 COSMOS 2251 DEB
1 34790U 93036AAT 12145.78357077 +.00001096 +00000-0 +55215-3 0  9998
2 34790 074.0626 057.9520 0114745 237.4874 121.5219 14.14180747165555
0 COSMOS 2251 DEB
1 34790U 93036AAT 12146.77393692  .00001092  00000-0  55035-3 0  9997
2 34790 074.0626 056.2008 0114732 235.5033 123.5226 14.14182923165693
0 COSMOS 2251 DEB
1 34790U 93036AAT 12149.17911048  .00001079  00000-0  54367-3 0  9997
2 34790 074.0625 051.9466 0114643 230.7426 128.3438 14.14187977166037
0 COSMOS 2251 DEB
1 34790U 93036AAT 12150.73540028  .00000856  00000-0  43378-3 0  9999
2 34790 074.0612 049.1921 0115235 227.4025 131.7365 14.14188734166257
0 COSMOS 2251 DEB
1 34790U 93036AAT 12153.14056693  .00000717  00000-0  36519-3 0  9992
2 34790 074.0595 044.9342 0115476 222.5531 136.6548 14.14191382166599
0 COSMOS 2251 DEB
1 34790U 93036AAT 12155.12129209  .00000442  00000-0  23030-3 0  9995
2 34790 074.0586 041.4237 0113779 219.0824 140.1576 14.14190903166874
0 COSMOS 2251 DEB
1 34790U 93036AAT 12157.45572800  .00000286  00000-0  15357-3 0  9991
2 34790 074.0606 037.2968 0113786 214.2203 145.1423 14.14191704167201
0 COSMOS 2251 DEB
1 34790U 93036AAT 12158.44609271 +.00000408 +00000-0 +21365-3 0  9996
2 34790 074.0594 035.5438 0113418 212.2975 147.1213 14.14193714167343
0 COSMOS 2251 DEB
1 34790U 93036AAT 12159.08275339  .00000428  00000-0  22366-3 0  9995
2 34790 074.0592 034.4174 0113374 211.0449 148.3964 14.14194369167433
0 COSMOS 2251 DEB
1 34790U 93036AAT 12160.63903285  .00000455  00000-0  23690-3 0  9997
2 34790 074.0559 031.6634 0113284 208.0349 151.4645 14.14196326167651
0 COSMOS 2251 DEB
1 34790U 93036AAT 12163.04419245  .00000545  00000-0  28125-3 0  9991
2 34790 074.0556 027.4071 0113387 203.1910 156.4166 14.14199525167994
0 COSMOS 2251 DEB
1 34790U 93036AAT 12164.03454910 +.00000412 +00000-0 +21539-3 0  9994
2 34790 074.0533 025.6543 0113402 201.1304 158.5061 14.14199420168134
0 COSMOS 2251 DEB
1 34790U 93036AAT 12166.01526666  .00000385  00000-0  20184-3 0  9996
2 34790 074.0534 022.1497 0113540 197.1512 162.5800 14.14201014168413
0 COSMOS 2251 DEB
1 34790U 93036AAT 12166.79340430 +.00000399 +00000-0 +20906-3 0  9991
2 34790 074.0543 020.7736 0113465 195.6414 164.1230 14.14201862168521
0 COSMOS 2251 DEB
1 34790U 93036AAT 12167.57154071  .00000426  00000-0  22203-3 0  9995
2 34790 074.0571 019.3941 0113628 193.8771 165.9182 14.14202799168638
0 COSMOS 2251 DEB
1 34790U 93036AAT 12167.99598041 +.00000448 +00000-0 +23311-3 0  9995
2 34790 074.0584 018.6429 0113610 193.0253 166.7960 14.14203431168696
0 COSMOS 2251 DEB
1 34790U 93036AAT 12168.98633621  .00000541  00000-0  27880-3 0  9998
2 34790 074.0584 016.8903 0113401 190.9779 168.8896 14.14205180168830
0 COSMOS 2251 DEB
1 34790U 93036AAT 12171.95739806  .00000627  00000-0  32100-3 0  9997
2 34790 074.0604 011.6348 0113430 184.9844 175.0268 14.14209592169258
0 COSMOS 2251 DEB
1 34790U 93036AAT 12172.94774808 +.00000618 +00000-0 +31651-3 0  9998
2 34790 074.0590 009.8827 0113513 182.9258 177.1205 14.14210689169390
0 COSMOS 2251 DEB
1 34790U 93036AAT 12173.93809967  .00000618  00000-0  31656-3 0  9998
2 34790 074.0584 008.1305 0113577 180.9112 179.1857 14.14212018169532
0 COSMOS 2251 DEB
1 34790U 93036AAT 12174.50401379 +.00000662 +00000-0 +33819-3 0  9999
2 34790 074.0583 007.1290 0113704 179.7449 180.3771 14.14213035169612
0 COSMOS 2251 DEB
1 34790U 93036AAT 12175.35288474  .00000652  00000-0  33342-3 0  9992
2 34790 074.0575 005.6271 0113840 178.0086 182.1517 14.14214025169736
0 COSMOS 2251 DEB
1 34790U 93036AAT 12176.34323414 +.00000644 +00000-0 +32955-3 0  9996
2 34790 074.0581 003.8751 0113940 176.0140 184.1952 14.14215262169870
0 COSMOS 2251 DEB
1 34790U 93036AAT 12176.62619047  .00000662  00000-0  33829-3 0  9998
2 34790 074.0585 003.3745 0113930 175.4434 184.7790 14.14215869169914
0 COSMOS 2251 DEB
1 34790U 93036AAT 12177.89949366  .00000748  00000-0  38016-3 0  9996
2 34790 074.0591 001.1209 0114353 172.9199 187.3696 14.14218568170096
0 COSMOS 2251 DEB
1 34790U 93036AAT 12179.52648700  .00000709  00000-0  36119-3 0  9995
2 34790 074.0587 358.2422 0114442 169.6293 190.7197 14.14220539170322
0 COSMOS 2251 DEB
1 34790U 93036AAT 12180.65831234  .00000653  00000-0  33370-3 0  9991
2 34790 074.0576 356.2387 0114139 167.3158 193.0924 14.14221373170484
0 COSMOS 2251 DEB
1 34790U 93036AAT 12180.65831234 +.00000653 +00000-0 +33370-3 0  9991
2 34790 074.0576 356.2387 0114139 167.3158 193.0924 14.14221373170484
0 COSMOS 2251 DEB
1 34790U 93036AAT 12181.57791634 +.00000651 +00000-0 +33236-3 0  9991
2 34790 074.0578 354.6122 0114246 165.5830 194.8673 14.14222674170611
0 COSMOS 2251 DEB
1 34790U 93036AAT 12182.21456400  .00000622  00000-0  31812-3 0  9998
2 34790 074.0579 353.4855 0114283 164.3232 196.1493 14.14223289170704
0 COSMOS 2251 DEB
1 34790U 93036AAT 12182.92195119 +.00000619 +00000-0 +31652-3 0  9991
2 34790 074.0583 352.2346 0114274 162.8894 197.6138 14.14224148170806
0 COSMOS 2251 DEB
1 34790U 93036AAT 12183.62932532  .00000629  00000-0  32172-3 0  9996
2 34790 074.0584 350.9831 0114273 161.5422 198.9907 14.14225267170905
0 COSMOS 2251 DEB
1 34790U 93036AAT 12184.54892729 +.00000595 +00000-0 +30485-3 0  9998
2 34790 074.0593 349.3564 0114396 159.7847 200.7894 14.14226170171032
0 COSMOS 2251 DEB
1 34790U 93036AAT 12185.89295799 +.00000692 +00000-0 +35274-3 0  9990
2 34790 074.0607 346.9765 0113933 157.0558 203.5744 14.14228958171222
0 COSMOS 2251 DEB
1 34790U 93036AAT 12186.88329522 +.00000727 +00000-0 +36980-3 0  9996
2 34790 074.0614 345.2232 0113846 155.1661 205.5064 14.14230648171369
0 COSMOS 2251 DEB
1 34790U 93036AAT 12187.59067744 +.00000624 +00000-0 +31916-3 0  9990
2 34790 074.0616 343.9726 0113821 153.6723 207.0130 14.14230496171462
0 COSMOS 2251 DEB
1 34790U 93036AAT 12188.86396932  .00000575  00000-0  29511-3 0  9998
2 34790 074.0604 341.7184 0113431 151.1020 209.6455 14.14231752171647
0 COSMOS 2251 DEB
1 34790U 93036AAT 12189.85430558 +.00000558 +00000-0 +28673-3 0  9990
2 34790 074.0616 339.9608 0113168 149.0399 211.7464 14.14232615171780
0 COSMOS 2251 DEB
1 34790U 93036AAT 12190.42021137  .00000529  00000-0  27238-3 0  9998
2 34790 074.0621 338.9599 0113177 147.8872 212.9209 14.14233015171860
0 COSMOS 2251 DEB
1 34790U 93036AAT 12190.84464079 +.00000456 +00000-0 +23634-3 0  9995
2 34790 074.0634 338.2101 0113470 147.1945 213.6332 14.14232898171926
0 COSMOS 2251 DEB
1 34790U 93036AAT 12191.55202219  .00000432  00000-0  22467-3 0  9997
2 34790 074.0634 336.9588 0113419 145.7393 215.1131 14.14233416172027
0 COSMOS 2251 DEB
1 34790U 93036AAT 12192.82530822  .00000551  00000-0  28320-3 0  9998
2 34790 074.0621 334.7056 0113351 143.0851 217.8251 14.14235906172202
0 COSMOS 2251 DEB
1 34790U 93036AAT 12193.81563802 +.00000596 +00000-0 +30555-3 0  9994
2 34790 074.0615 332.9536 0113338 141.0310 219.9090 14.14237513172346
0 COSMOS 2251 DEB
1 34790U 93036AAT 12194.45227856  .00000598  00000-0  30624-3 0  9990
2 34790 074.0625 331.8272 0113280 139.7120 221.2483 14.14238381172437
0 COSMOS 2251 DEB
1 34790U 93036AAT 12194.80596783 +.00000662 +00000-0 +33808-3 0  9996
2 34790 074.0616 331.2003 0113368 139.0563 221.9223 14.14239422172485
0 COSMOS 2251 DEB
1 34790U 93036AAT 12195.79629487  .00000704  00000-0  35866-3 0  9996
2 34790 074.0601 329.4479 0113439 137.1601 223.8460 14.14240972172628
0 COSMOS 2251 DEB
1 34790U 93036AAT 12196.78662239 +.00000655 +00000-0 +33450-3 0  9990
2 34790 074.0598 327.6959 0113483 135.1839 225.8525 14.14241871172764
0 COSMOS 2251 DEB
1 34790U 93036AAT 12197.35252360  .00000630  00000-0  32202-3 0  9991
2 34790 074.0598 326.6947 0113454 134.0111 227.0425 14.14242388172845
0 COSMOS 2251 DEB
1 34790U 93036AAT 12197.77694962 +.00000588 +00000-0 +30138-3 0  9993
2 34790 074.0588 325.9425 0113333 133.1622 227.9039 14.14242455172902
0 COSMOS 2251 DEB
1 34790U 93036AAT 12199.33317578  .00000565  00000-0  28997-3 0  9997
2 34790 074.0578 323.1894 0113442 130.0647 231.0529 14.14244271173128
0 COSMOS 2251 DEB
1 34790U 93036AAT 12200.74792375  .00000536  00000-0  27600-3 0  9995
2 34790 074.0573 320.6860 0113493 127.2859 233.8684 14.14245604173322
0 COSMOS 2251 DEB
1 34790U 93036AAT 12201.73824628 +.00000570 +00000-0 +29243-3 0  9995
2 34790 074.0583 318.9335 0113424 125.3089 235.8724 14.14247052173469
0 COSMOS 2251 DEB
1 34790U 93036AAT 12202.44561893  .00000545  00000-0  28028-3 0  9998
2 34790 074.0586 317.6825 0113521 124.0301 237.1664 14.14247525173567
0 COSMOS 2251 DEB
1 34790U 93036AAT 12203.43594016 +.00000528 +00000-0 +27192-3 0  9993
2 34790 074.0604 315.9298 0113450 122.0476 239.1736 14.14248577173701
0 COSMOS 2251 DEB
1 34790U 93036AAT 12203.71888906  .00000538  00000-0  27676-3 0  9996
2 34790 074.0583 315.4288 0113440 121.4526 239.7763 14.14248895173742
0 COSMOS 2251 DEB
1 34790U 93036AAT 12204.42626048 +.00000510 +00000-0 +26306-3 0  9991
2 34790 074.0586 314.1778 0113480 120.0111 241.2336 14.14249458173845
0 COSMOS 2251 DEB
1 34790U 93036AAT 12205.13363181  .00000493  00000-0  25452-3 0  9997
2 34790 074.0582 312.9263 0113500 118.6344 242.6279 14.14250068173941
0 COSMOS 2251 DEB
1 34790U 93036AAT 12206.68984613  .00000457  00000-0  23665-3 0  9991
2 34790 074.0579 310.1719 0113315 115.4964 245.7922 14.14251260174169
0 COSMOS 2251 DEB
1 34790U 93036AAT 12207.11426849 +.00000454 +00000-0 +23557-3 0  9999
2 34790 074.0579 309.4207 0113241 114.6519 246.6489 14.14251736174220
0 COSMOS 2251 DEB
1 34790U 93036AAT 12209.02416405  .00000511  00000-0  26354-3 0  9990
2 34790 074.0592 306.0427 0113346 110.8464 250.4956 14.14254403174490
0 COSMOS 2251 DEB
1 34790U 93036AAT 12210.43889653  .00000551  00000-0  28324-3 0  9999
2 34790 074.0607 303.5392 0113255 108.1638 253.1907 14.14256298174694
0 COSMOS 2251 DEB
1 34790U 93036AAT 12211.42920786 +.00000615 +00000-0 +31461-3 0  9999
2 34790 074.0615 301.7881 0113141 106.1709 255.1957 14.14258241174830
0 COSMOS 2251 DEB
1 34790U 93036AAT 12212.34878172  .00000598  00000-0  30628-3 0  9996
2 34790 074.0590 300.1598 0113034 104.2136 257.1574 14.14259168174964
0 COSMOS 2251 DEB
1 34790U 93036AAT 12213.05614653 +.00000719 +00000-0 +36620-3 0  9990
2 34790 074.0592 298.9049 0112632 102.5390 258.8484 14.14261477175063
0 COSMOS 2251 DEB
1 34790U 93036AAT 12214.32939747  .00000862  00000-0  43678-3 0  9995
2 34790 074.0592 296.6514 0112483 100.2707 261.1347 14.14264992175246
0 COSMOS 2251 DEB
1 34790U 93036AAT 12215.31969861 +.00001000 +00000-0 +50457-3 0  9993
2 34790 074.0592 294.8946 0112388 097.9834 263.4102 14.14267868175386
0 COSMOS 2251 DEB
1 34790U 93036AAT 12216.23926505  .00000993  00000-0  50125-3 0  9995
2 34790 074.0601 293.2676 0112342 096.0194 265.3729 14.14269644175514
0 COSMOS 2251 DEB
1 34790U 93036AAT 12217.37103842  .00000889  00000-0  44993-3 0  9992
2 34790 074.0607 291.2673 0112044 093.7032 267.6854 14.14270875175678
0 COSMOS 2251 DEB
1 34790U 93036AAT 12217.65398296 +.00000950 +00000-0 +47999-3 0  9990
2 34790 074.0596 290.7649 0112056 093.0655 268.3366 14.14272042175718
0 COSMOS 2251 DEB
1 34790U 93036AAT 12219.21016555  .00000863  00000-0  43707-3 0  9995
2 34790 074.0591 288.0138 0112276 090.0541 271.3361 14.14274007175937
0 COSMOS 2251 DEB
1 34790U 93036AAT 12219.98825848 +.00000816 +00000-0 +41410-3 0  9999
2 34790 074.0598 286.6372 0112106 088.3916 272.9984 14.14274712176040
0 COSMOS 2251 DEB
1 34790U 93036AAT 12221.61517514  .00000615  00000-0  31498-3 0  9992
2 34790 074.0592 283.7597 0111807 085.0773 276.3037 14.14275562176279
0 COSMOS 2251 DEB
1 34790U 93036AAT 12222.95914920  .00000615  00000-0  31498-3 0  9992
2 34790 074.0592 281.3823 0111805 082.3771 279.0052 14.14277278176465
0 COSMOS 2251 DEB
1 34790U 93036AAT 12223.17135517 +.00000525 +00000-0 +27083-3 0  9999
2 34790 074.0578 281.0072 0111949 081.8406 279.5292 14.14276508176499
0 COSMOS 2251 DEB
1 34790U 93036AAT 12224.23238743  .00000508  00000-0  26215-3 0  9999
2 34790 074.0596 279.1316 0111913 079.8099 281.5621 14.14277444176640
0 COSMOS 2251 DEB
1 34790U 93036AAT 12225.29341784  .00000348  00000-0  18362-3 0  9992
2 34790 074.0588 277.2522 0111633 077.5257 283.8295 14.14276838176793
0 COSMOS 2251 DEB
1 34790U 93036AAT 12226.56665302  .00000418  00000-0  21809-3 0  9996
2 34790 074.0562 274.9968 0111634 074.9602 286.3891 14.14278450176971
0 COSMOS 2251 DEB
1 34790U 93036AAT 12227.55694542 +.00000383 +00000-0 +20052-3 0  9994
2 34790 074.0564 273.2448 0111704 073.0485 288.2845 14.14278775177112
0 COSMOS 2251 DEB
1 34790U 93036AAT 12228.12282687  .00000258  00000-0  13891-3 0  9995
2 34790 074.0573 272.2435 0111714 071.7354 289.5841 14.14278222177193
0 COSMOS 2251 DEB
1 34790U 93036AAT 12228.26429847 +.00000242 +00000-0 +13095-3 0  9990
2 34790 074.0584 271.9948 0111673 071.3984 289.9231 14.14278165177215
0 COSMOS 2251 DEB
1 34790U 93036AAT 12229.25459110  .00000197  00000-0  10909-3 0  9996
2 34790 074.0591 270.2408 0111641 069.2891 292.0146 14.14278212177352
0 COSMOS 2251 DEB
1 34790U 93036AAT 12230.24488343 +.00000230 +00000-0 +12525-3 0  9991
2 34790 074.0590 268.4890 0111644 067.2198 294.0695 14.14278866177497
0 COSMOS 2251 DEB
1 34790U 93036AAT 12231.23517439  .00000212  00000-0  11623-3 0  9998
2 34790 074.0593 266.7362 0111616 065.2340 296.0365 14.14279244177634
0 COSMOS 2251 DEB
1 34790U 93036AAT 12231.87178980 +.00000140 +00000-0 +81090-4 0  9998
2 34790 074.0593 265.6095 0111567 064.0505 297.2061 14.14278952177721
0 COSMOS 2251 DEB
1 34790U 93036AAT 12232.50840594  .00000129  00000-0  75212-4 0  9992
2 34790 074.0592 264.4828 0111541 062.9125 298.3364 14.14279052177818
0 COSMOS 2251 DEB
1 34790U 93036AAT 12233.49869636 +.00000123 +00000-0 +72547-4 0  9991
2 34790 074.0592 262.7303 0111574 060.9342 300.2934 14.14279294177951
0 COSMOS 2251 DEB
1 34790U 93036AAT 12234.06457611  .00000145  00000-0  83438-4 0  9996
2 34790 074.0595 261.7298 0111595 059.7823 301.4326 14.14279707178036
0 COSMOS 2251 DEB
1 34790U 93036AAT 12234.48898568 +.00000180 +00000-0 +10054-3 0  9994
2 34790 074.0585 260.9773 0111591 059.0444 302.1643 14.14280198178094
0 COSMOS 2251 DEB
1 34790U 93036AAT 12235.47927373  .00000268  00000-0  14397-3 0  9992
2 34790 074.0576 259.2243 0111550 057.1054 304.0798 14.14281325178239
0 COSMOS 2251 DEB
1 34790U 93036AAT 12236.46956095 +.00000288 +00000-0 +15390-3 0  9991
2 34790 074.0565 257.4720 0111592 055.1128 306.0455 14.14282075178373
0 COSMOS 2251 DEB
1 34790U 93036AAT 12237.03543910  .00000287  00000-0  15354-3 0  9992
2 34790 074.0572 256.4708 0111591 053.9658 307.1765 14.14282473178456
0 COSMOS 2251 DEB
1 34790U 93036AAT 12237.45984768 +.00000304 +00000-0 +16197-3 0  9994
2 34790 074.0566 255.7191 0111585 053.1449 307.9866 14.14282831178515
0 COSMOS 2251 DEB
1 34790U 93036AAT 12238.45013345  .00000346  00000-0  18269-3 0  9997
2 34790 074.0563 253.9668 0111516 051.2308 309.8762 14.14283970178654
0 COSMOS 2251 DEB
1 34790U 93036AAT 12239.44041717 +.00000467 +00000-0 +24221-3 0  9990
2 34790 074.0557 252.2142 0111508 049.2452 311.8343 14.14285860178797
0 COSMOS 2251 DEB
1 34790U 93036AAT 12239.86482376  .00000486  00000-0  25154-3 0  9993
2 34790 074.0559 251.4635 0111506 048.3855 312.6793 14.14286510178850
0 COSMOS 2251 DEB
1 34790U 93036AAT 12240.14776147 +.00000489 +00000-0 +25324-3 0  9990
2 34790 074.0556 250.9625 0111533 047.7998 313.2550 14.14286847178896
0 COSMOS 2251 DEB
1 34790U 93036AAT 12240.99657521  .00000591  00000-0  30365-3 0  9992
2 34790 074.0546 249.4601 0111475 046.1483 314.8906 14.14288821179010
0 COSMOS 2251 DEB
1 34790U 93036AAT 12241.42097949 +.00000660 +00000-0 +33767-3 0  9999
2 34790 074.0535 248.7078 0111500 045.3650 315.6582 14.14290081179070
0 COSMOS 2251 DEB
1 34790U 93036AAT 12242.41125711  .00000774  00000-0  39355-3 0  9993
2 34790 074.0536 246.9554 0111494 043.3737 317.6163 14.14292715179215
0 COSMOS 2251 DEB
1 34790U 93036AAT 12243.40153271 +.00000921 +00000-0 +46618-3 0  9999
2 34790 074.0537 245.2028 0111495 041.3518 319.6043 14.14295800179352
0 COSMOS 2251 DEB
1 34790U 93036AAT 12244.39180726  .00001017  00000-0  51372-3 0  9993
2 34790 074.0541 243.4509 0111502 039.3339 321.5907 14.14298709179495
0 COSMOS 2251 DEB
1 34790U 93036AAT 12244.74547497 +.00001034 +00000-0 +52198-3 0  9990
2 34790 074.0538 242.8244 0111513 038.6154 322.2914 14.14299632179547
0 COSMOS 2251 DEB
1 34790U 93036AAT 12245.38207804 +.00001098 +00000-0 +55314-3 0  9999
2 34790 074.0543 241.6980 0111588 037.3026 323.5810 14.14301632179636
0 COSMOS 2251 DEB
1 34790U 93036AAT 12246.08941432  .00001132  00000-0  57014-3 0  9997
2 34790 074.0549 240.4460 0111460 035.9044 324.9568 14.14303622179732
0 COSMOS 2251 DEB
1 34790U 93036AAT 12246.37234768 +.00001162 +00000-0 +58513-3 0  9994
2 34790 074.0546 239.9453 0111487 035.3484 325.5004 14.14304597179773
0 COSMOS 2251 DEB
1 34790U 93036AAT 12247.07968143 +.00001189 +00000-0 +59803-3 0  9995
2 34790 074.0538 238.6930 0111469 033.9031 326.9176 14.14306609179874
0 COSMOS 2251 DEB
1 34790U 93036AAT 12247.92848175  .00001254  00000-0  63027-3 0  9997
2 34790 074.0533 237.1910 0111528 032.1293 328.6642 14.14309413179994
0 COSMOS 2251 DEB
1 34790U 93036AAT 12248.35288002 +.00001301 +00000-0 +65355-3 0  9991
2 34790 074.0534 236.4401 0111463 031.3057 329.4708 14.14311041180050
0 COSMOS 2251 DEB
1 34790U 93036AAT 12248.98947732  .00001337  00000-0  67135-3 0  9999
2 34790 074.0532 235.3127 0111468 029.9995 330.7527 14.14313232180148
0 COSMOS 2251 DEB
1 34790U 93036AAT 12249.13094232 +.00001371 +00000-0 +68820-3 0  9995
2 34790 074.0548 235.0642 0111402 029.6924 331.0498 14.14313970180163
0 COSMOS 2251 DEB
1 34790U 93036AAT 12250.05047053  .00001414  00000-0  70927-3 0  9996
2 34790 074.0550 233.4371 0111427 027.8400 332.8684 14.14317051180297
0 COSMOS 2251 DEB
1 34790U 93036AAT 12250.75779793 +.00001546 +00000-0 +77384-3 0  9996
2 34790 074.0558 232.1859 0111884 026.2146 334.4665 14.14320520180392
0 COSMOS 2251 DEB
1 34790U 93036AAT 12250.96999467 +.00001571 +00000-0 +78611-3 0  9993
2 34790 074.0565 231.8103 0111939 025.7417 334.9254 14.14321473180425
0 COSMOS 2251 DEB
1 34790U 93036AAT 12252.73830672  .00001583  00000-0  79207-3 0  9997
2 34790 074.0554 228.6798 0111908 022.0368 338.5528 14.14327054180670
0 COSMOS 2251 DEB
1 34790U 93036AAT 12253.72856098 +.00001522 +00000-0 +76187-3 0  9994
2 34790 074.0570 226.9282 0111967 020.0055 340.5449 14.14329464180811
0 COSMOS 2251 DEB
1 34790U 93036AAT 12254.36515348 +.00001420 +00000-0 +71121-3 0  9995
2 34790 074.0596 225.8049 0112204 018.6504 341.8706 14.14330174180905
0 COSMOS 2251 DEB
1 34790U 93036AAT 12255.07247465 +.00001313 +00000-0 +65856-3 0  9995
2 34790 074.0602 224.5499 0112231 017.2397 343.2430 14.14331100181005
0 COSMOS 2251 DEB
1 34790U 93036AAT 12255.99199309  .00001166  00000-0  58608-3 0  9992
2 34790 074.0647 222.9248 0112301 015.3788 345.0600 14.14332157181135
0 COSMOS 2251 DEB
1 34790U 93036AAT 12257.33590861  .00000881  00000-0  44578-3 0  9994
2 34790 074.0637 220.5424 0112499 012.5706 347.8213 14.14332153181328
0 COSMOS 2251 DEB
1 34790U 93036AAT 12258.32615676 +.00000796 +00000-0 +40387-3 0  9995
2 34790 074.0610 218.7850 0112670 010.6022 349.7359 14.14332880181466
0 COSMOS 2251 DEB
1 34790U 93036AAT 12259.03347867  .00000678  00000-0  34587-3 0  9992
2 34790 074.0610 217.5333 0112906 009.2142 351.0910 14.14332837181560
0 COSMOS 2251 DEB
1 34790U 93036AAT 12259.31640917 +.00000646 +00000-0 +33024-3 0  9995
2 34790 074.0606 217.0309 0112842 008.6355 351.6691 14.14332945181608
0 COSMOS 2251 DEB
1 34790U 93036AAT 12259.95299720 +.00000543 +00000-0 +27961-3 0  9996
2 34790 074.0610 215.9057 0112606 007.4587 352.8109 14.14332698181693
0 COSMOS 2251 DEB
1 34790U 93036AAT 12261.01397895  .00000250  00000-0  13539-3 0  9999
2 34790 074.0634 214.0272 0112405 005.2275 354.9871 14.14331158181841
0 COSMOS 2251 DEB
1 34790U 93036AAT 12262.85301602  .00000163  00000-0  92550-4 0  9997
2 34790 074.0627 210.7751 0112594 001.5759 358.5626 14.14331307182107
0 COSMOS 2251 DEB
1 34790U 93036AAT 12264.26765954  .00000237  00000-0  12883-3 0  9990
2 34790 074.0612 208.2706 0112959 358.8284 001.2648 14.14332796182300
0 COSMOS 2251 DEB
1 34790U 93036AAT 12265.25790625 +.00000235 +00000-0 +12798-3 0  9996
2 34790 074.0605 206.5185 0112963 356.8297 003.2129 14.14333339182446
0 COSMOS 2251 DEB
1 34790U 93036AAT 12266.24815373  .00000390  00000-0  20409-3 0  9994
2 34790 074.0582 204.7665 0112416 354.7818 005.2298 14.14335328182586
0 COSMOS 2251 DEB
1 34790U 93036AAT 12266.81400572 +.00000348 +00000-0 +18354-3 0  9997
2 34790 074.0582 203.7654 0112483 353.6993 006.2671 14.14335322182668
0 COSMOS 2251 DEB
1 34790U 93036AAT 12266.88473870 +.00000321 +00000-0 +17033-3 0  9999
2 34790 074.0596 203.6400 0112589 353.5812 006.3865 14.14335226182677
0 COSMOS 2251 DEB
1 34790U 93036AAT 12268.22864476  .00000495  00000-0  25606-3 0  9992
2 34790 074.0576 201.2624 0112510 350.9119 009.0132 14.14338136182863
0 COSMOS 2251 DEB
1 34790U 93036AAT 12271.76522562  .00001003  00000-0  50605-3 0  9995
2 34790 074.0571 195.0028 0112455 344.0906 015.7280 14.14347987183360
0 COSMOS 2251 DEB
1 34790U 93036AAT 12272.18960201 +.00001051 +00000-0 +52963-3 0  9990
2 34790 074.0568 194.2516 0112497 343.2984 016.4503 14.14349422183421
0 COSMOS 2251 DEB
1 34790U 93036AAT 12274.73592024  .00001308  00000-0  65619-3 0  9994
2 34790 074.0565 189.7460 0112353 338.0473 021.6214 14.14358083183780
0 COSMOS 2251 DEB
1 34790U 93036AAT 12275.16029817 +.00001340 +00000-0 +67217-3 0  9999
2 34790 074.0556 188.9940 0112193 337.2548 022.3673 14.14359588183845
0 COSMOS 2251 DEB
1 34790U 93036AAT 12276.15052685  .00001476  00000-0  73839-3 0  9995
2 34790 074.0558 187.2408 0112670 335.2679 024.3168 14.14363750183983
0 COSMOS 2251 DEB
1 34790U 93036AAT 12277.77732461  .00001679  00000-0  83815-3 0  9991
2 34790 074.0574 184.3617 0112950 331.9035 027.6240 14.14371000184212
0 COSMOS 2251 DEB
1 34790U 93036AAT 12279.75776124  .00001686  00000-0  84097-3 0  9996
2 34790 074.0584 180.8565 0113178 328.0561 031.3643 14.14377459184493
0 COSMOS 2251 DEB
1 34790U 93036AAT 12280.74798315 +.00001598 +00000-0 +79746-3 0  9990
2 34790 074.0598 179.1039 0113415 326.0561 033.3395 14.14379868184635
0 COSMOS 2251 DEB
1 34790U 93036AAT 12280.81871217  .00001572  00000-0  78471-3 0  9997
2 34790 074.0604 178.9782 0113353 325.9492 033.4355 14.14379722184644
0 COSMOS 2251 DEB
1 34790U 93036AAT 12281.80892916 +.00001563 +00000-0 +78020-3 0  9996
2 34790 074.0614 177.2256 0113371 324.0059 035.3468 14.14382854184783
0 COSMOS 2251 DEB
1 34790U 93036AAT 12282.09184793  .00001385  00000-0  69240-3 0  9991
2 34790 074.0633 176.7273 0113843 323.4784 035.8393 14.14381597184829
0 COSMOS 2251 DEB
1 34790U 93036AAT 12282.72841957 +.00001020 +00000-0 +51423-3 0  9993
2 34790 074.0602 175.5994 0112703 321.9314 037.3866 14.14380311184913
0 COSMOS 2251 DEB
1 34790U 93036AAT 12282.79915001  .00000946  00000-0  47794-3 0  9994
2 34790 074.0611 175.4738 0112659 321.8567 037.4559 14.14379713184922
0 COSMOS 2251 DEB
1 34790U 93036AAT 12282.79915001 +.00000946 +00000-0 +47794-3 0  9994
2 34790 074.0611 175.4738 0112659 321.8567 037.4559 14.14379713184922
0 COSMOS 2251 DEB
1 34790U 93036AAT 12284.49666533  .00001032  00000-0  52024-3 0  9995
2 34790 074.0589 172.4696 0112363 318.3715 040.9067 14.14384136185169
0 COSMOS 2251 DEB
1 34790U 93036AAT 12285.69907237  .00000875  00000-0  44305-3 0  9994
2 34790 074.0601 170.3375 0112539 316.3614 042.8764 14.14384835185336
0 COSMOS 2251 DEB
1 34790U 93036AAT 12285.76980006 +.00000824 +00000-0 +41773-3 0  9997
2 34790 074.0615 170.2114 0112758 316.4915 042.7230 14.14384374185345
0 COSMOS 2251 DEB
1 34790U 93036AAT 12287.67950067  .00000781  00000-0  39662-3 0  9999
2 34790 074.0634 166.8369 0112871 312.7855 046.3703 14.14387002185613
0 COSMOS 2251 DEB
1 34790U 93036AAT 12288.74044869  .00000496  00000-0  25652-3 0  9999
2 34790 074.0650 164.9601 0113140 310.3188 048.8106 14.14385599185761
0 COSMOS 2251 DEB
1 34790U 93036AAT 12289.65993315 +.00000523 +00000-0 +26954-3 0  9996
2 34790 074.0647 163.3329 0113070 308.4257 050.6801 14.14386863185896
0 COSMOS 2251 DEB
1 34790U 93036AAT 12290.08430995  .00000518  00000-0  26704-3 0  9992
2 34790 074.0628 162.5808 0113067 307.5629 051.5294 14.14387223185951
0 COSMOS 2251 DEB
1 34790U 93036AAT 12290.65014601 +.00000498 +00000-0 +25749-3 0  9992
2 34790 074.0646 161.5806 0112980 306.4036 052.6712 14.14387729186039
0 COSMOS 2251 DEB
1 34790U 93036AAT 12291.64035956  .00000564  00000-0  28985-3 0  9997
2 34790 074.0644 159.8290 0113458 304.6783 054.3799 14.14389949186179
0 COSMOS 2251 DEB
1 34790U 93036AAT 12292.77202934  .00000532  00000-0  27372-3 0  9998
2 34790 074.0612 157.8240 0113578 302.2641 056.7548 14.14390520186330
0 COSMOS 2251 DEB
1 34790U 93036AAT 12294.39880320  .00000593  00000-0  30382-3 0  9991
2 34790 074.0600 154.9455 0113506 298.8973 060.0780 14.14392937186567
0 COSMOS 2251 DEB
1 34790U 93036AAT 12295.60120059  .00000640  00000-0  32687-3 0  9995
2 34790 074.0614 152.8183 0113314 296.3969 062.5562 14.14395075186732
0 COSMOS 2251 DEB
1 34790U 93036AAT 12296.66213912  .00000694  00000-0  35344-3 0  9995
2 34790 074.0604 150.9405 0113279 294.2455 064.6930 14.14397068186886
0 COSMOS 2251 DEB
1 34790U 93036AAT 12297.65234599 +.00000687 +00000-0 +35003-3 0  9993
2 34790 074.0592 149.1879 0113164 292.2349 066.6824 14.14398494187025
0 COSMOS 2251 DEB
1 34790U 93036AAT 12298.00599145  .00000741  00000-0  37658-3 0  9993
2 34790 074.0567 148.5588 0113038 291.4736 067.4411 14.14399393187073
0 COSMOS 2251 DEB
1 34790U 93036AAT 12298.64255241 +.00000706 +00000-0 +35960-3 0  9994
2 34790 074.0564 147.4321 0112931 290.1611 068.7387 14.14400005187161
0 COSMOS 2251 DEB
1 34790U 93036AAT 12299.63275937  .00000739  00000-0  37576-3 0  9999
2 34790 074.0559 145.6792 0113007 288.1880 070.7018 14.14401814187306
0 COSMOS 2251 DEB
1 34790U 93036AAT 12301.61316723  .00000820  00000-0  41535-3 0  9991
2 34790 074.0566 142.1748 0113055 284.1347 074.7308 14.14406019187582
0 COSMOS 2251 DEB
1 34790U 93036AAT 12302.95701105  .00000954  00000-0  48121-3 0  9997
2 34790 074.0559 139.7948 0112981 281.4645 077.3845 14.14409679187777
0 COSMOS 2251 DEB
1 34790U 93036AAT 12304.93741064  .00001046  00000-0  52641-3 0  9990
2 34790 074.0555 136.2890 0112760 277.5991 081.2360 14.14414533188059
0 COSMOS 2251 DEB
1 34790U 93036AAT 12306.28124932  .00001096  00000-0  55131-3 0  9991
2 34790 074.0547 133.9095 0112772 274.7153 084.1115 14.14417790188242
0 COSMOS 2251 DEB
1 34790U 93036AAT 12308.26164016  .00001068  00000-0  53739-3 0  9999
2 34790 074.0539 130.4025 0112664 270.9271 087.8917 14.14421989188523
0 COSMOS 2251 DEB
1 34790U 93036AAT 12312.85895858  .00000973  00000-0  49067-3 0  9997
2 34790 074.0536 122.2652 0112603 261.6887 097.1300 14.14430716189178
0 COSMOS 2251 DEB
1 34790U 93036AAT 12314.55642824  .00000831  00000-0  42114-3 0  9998
2 34790 074.0544 119.2611 0112481 258.3769 100.4617 14.14432653189412
0 COSMOS 2251 DEB
1 34790U 93036AAT 12316.53680612  .00000972  00000-0  48996-3 0  9995
2 34790 074.0587 115.7477 0112358 255.3457 103.5194 14.14437637189695
0 COSMOS 2251 DEB
1 34790U 93036AAT 12321.84135152  .00001209  00000-0  60672-3 0  9998
2 34790 074.0560 106.3583 0111862 244.7206 114.2455 14.14451926190444
0 COSMOS 2251 DEB
1 34790U 93036AAT 12323.82169660  .00001344  00000-0  67253-3 0  9991
2 34790 074.0574 102.8525 0112266 240.9332 118.0563 14.14458633190728
0 COSMOS 2251 DEB
1 34790U 93036AAT 12325.37767550  .00001436  00000-0  71687-3 0  9993
2 34790 074.0593 100.1022 0113386 237.4276 121.5943 14.14464319190947
0 COSMOS 2251 DEB
1 34790U 93036AAT 12326.79219782  .00001721  00000-0  85715-3 0  9993
2 34790 074.0582 097.5993 0112874 234.4257 124.6331 14.14471492191146
0 COSMOS 2251 DEB
1 34790U 93036AAT 12328.34816741  .00002052  00000-0  10190-2 0  9996
2 34790 074.0572 094.8437 0113214 231.2605 127.8463 14.14479227191368
0 COSMOS 2251 DEB
1 34790U 93036AAT 12329.55050170  .00001900  00000-0  94431-3 0  9998
2 34790 074.0559 092.7151 0113396 228.7975 130.3303 14.14482675191537
0 COSMOS 2251 DEB
1 34790U 93036AAT 12330.75283631  .00001817  00000-0  90333-3 0  9996
2 34790 074.0563 090.5867 0113445 226.4186 132.7487 14.14486441191709
0 COSMOS 2251 DEB
1 34790U 93036AAT 12331.95516651  .00001777  00000-0  88358-3 0  9999
2 34790 074.0570 088.4584 0113509 224.0502 135.1533 14.14490497191879
0 COSMOS 2251 DEB
1 34790U 93036AAT 12332.37951802 +.00001633 +00000-0 +81308-3 0  9996
2 34790 074.0570 087.7072 0113498 223.1719 136.0404 14.14490793191933
0 COSMOS 2251 DEB
1 34790U 93036AAT 12333.36967215 +.00001537 +00000-0 +76579-3 0  9998
2 34790 074.0572 085.9550 0113448 221.1858 138.0616 14.14492992192079
0 COSMOS 2251 DEB
1 34790U 93036AAT 12335.34997525  .00001279  00000-0  63905-3 0  9997
2 34790 074.0581 082.4501 0113844 217.1461 142.1699 14.14496432192353
0 COSMOS 2251 DEB
1 34790U 93036AAT 12337.25954921  .00001130  00000-0  56610-3 0  9993
2 34790 074.0587 079.0705 0113942 213.2990 146.0881 14.14499744192625
0 COSMOS 2251 DEB
1 34790U 93036AAT 12338.32042226  .00001061  00000-0  53176-3 0  9995
2 34790 074.0599 077.1936 0114134 211.1704 148.2592 14.14501448192771
0 COSMOS 2251 DEB
1 34790U 93036AAT 12340.30071531  .00001001  00000-0  50253-3 0  9994
2 34790 074.0586 073.6875 0113974 207.2873 152.2254 14.14504989193059
0 COSMOS 2251 DEB
1 34790U 93036AAT 12342.28100177  .00001071  00000-0  53697-3 0  9994
2 34790 074.0597 070.1832 0113885 203.3412 156.2636 14.14510086193337
0 COSMOS 2251 DEB
1 34790U 93036AAT 12344.40272856  .00001086  00000-0  54415-3 0  9999
2 34790 074.0610 066.4284 0113735 199.2113 160.4767 14.14514970193638
0 COSMOS 2251 DEB
1 34790U 93036AAT 12345.67576124  .00000988  00000-0  49629-3 0  9995
2 34790 074.0595 064.1721 0113415 196.9042 162.8117 14.14516262193812
0 COSMOS 2251 DEB
1 34790U 93036AAT 12347.65603685  .00000744  00000-0  37692-3 0  9995
2 34790 074.0588 060.6645 0112805 192.9985 166.7910 14.14517251194098
0 COSMOS 2251 DEB
1 34790U 93036AAT 12349.63631469  .00000726  00000-0  36862-3 0  9994
2 34790 074.0619 057.1588 0110906 189.2343 170.6606 14.14520505194370
0 COSMOS 2251 DEB
1 34790U 93036AAT 12351.33368930  .00000686  00000-0  34942-3 0  9996
2 34790 074.0622 054.1485 0110217 185.9133 174.0623 14.14522651194610
0 COSMOS 2251 DEB
1 34790U 93036AAT 12352.60671293  .00000671  00000-0  34159-3 0  9990
2 34790 074.0628 051.8924 0111994 183.4182 176.6198 14.14524584194799
0 COSMOS 2251 DEB
1 34790U 93036AAT 12353.95046251  .00000891  00000-0  44929-3 0  9999
2 34790 074.0537 049.5250 0112499 180.8613 179.2552 14.14528126194985
0 COSMOS 2251 DEB
1 34790U 93036AAT 12355.93071519  .00000799  00000-0  40393-3 0  9992
2 34790 074.0567 046.0172 0112617 177.0023 183.1816 14.14530782195268
0 COSMOS 2251 DEB
1 34790U 93036AAT 12357.13301220  .00000705  00000-0  35788-3 0  9990
2 34790 074.0595 043.8862 0112449 174.4915 185.7396 14.14531777195439
0 COSMOS 2251 DEB
1 34790U 93036AAT 12358.19386380  .00000642  00000-0  32670-3 0  9994
2 34790 074.0582 042.0091 0112444 172.3708 187.9157 14.14532716195581
0 COSMOS 2251 DEB
1 34790U 93036AAT 12359.25471329  .00000609  00000-0  31055-3 0  9999
2 34790 074.0605 040.1299 0112331 170.2958 190.0390 14.14533846195731
0 COSMOS 2251 DEB
1 34790U 93036AAT 12360.52773160  .00000479  00000-0  24707-3 0  9990
2 34790 074.0596 037.8763 0112353 167.8160 192.5704 14.14534006195915
0 COSMOS 2251 DEB
1 34790U 93036AAT 12362.08364272  .00000358  00000-0  18738-3 0  9996
2 34790 074.0590 035.1225 0112233 164.7025 195.7518 14.14534385196139
0 COSMOS 2251 DEB
1 34790U 93036AAT 12363.85172139  .00000399  00000-0  20775-3 0  9990
2 34790 074.0586 031.9925 0112304 161.0950 199.4437 14.14536303196381
0 COSMOS 2251 DEB
1 34790U 93036AAT 12365.19545820  .00000419  00000-0  21739-3 0  9994
2 34790 074.0575 029.6130 0112266 158.4006 202.1934 14.14537685196579
0 COSMOS 2251 DEB
1 34790U 93036AAT 12366.25630167  .00000448  00000-0  23172-3 0  9996
2 34790 074.0573 027.7352 0112154 156.2544 204.3804 14.14538897196724
0 COSMOS 2251 DEB
1 34790U 93036AAT 13001.45859054  .00000511  00000-0  26260-3 0  9995
2 34790 074.0562 025.6051 0112145 153.8429 206.8449 14.14540584196896
0 COSMOS 2251 DEB
1 34790U 93036AAT 13003.08521340  .00000530  00000-0  27167-3 0  9998
2 34790 074.0540 022.7240 0112103 150.5611 210.1921 14.14542607197129
0 COSMOS 2251 DEB
1 34790U 93036AAT 13004.42894233  .00000648  00000-0  32939-3 0  9994
2 34790 074.0543 020.3457 0112216 147.8509 212.9588 14.14545401197311
0 COSMOS 2251 DEB
1 34790U 93036AAT 13006.05555824  .00000675  00000-0  34304-3 0  9993
2 34790 074.0547 017.4660 0112113 144.5463 216.3206 14.14547913197547
0 COSMOS 2251 DEB
1 34790U 93036AAT 13008.03578046  .00000826  00000-0  41695-3 0  9993
2 34790 074.0546 013.9598 0111977 140.5548 220.3866 14.14552499197827
0 COSMOS 2251 DEB
1 34790U 93036AAT 13011.43043397  .00000882  00000-0  44418-3 0  9995
2 34790 074.0534 007.9464 0112175 133.6544 227.4039 14.14558981198305
0 COSMOS 2251 DEB
1 34790U 93036AAT 13013.05703319  .00000746  00000-0  37738-3 0  9998
2 34790 074.0539 005.0630 0111930 130.1590 230.9257 14.14560049198539
0 COSMOS 2251 DEB
1 34790U 93036AAT 13014.40074957  .00000665  00000-0  33830-3 0  9996
2 34790 074.0541 002.6806 0111068 127.1120 234.0208 14.14561186198722
0 COSMOS 2251 DEB
1 34790U 93036AAT 13016.02734508  .00000559  00000-0  28619-3 0  9992
2 34790 074.0556 359.7992 0110879 123.8126 237.3565 14.14562423198950
0 COSMOS 2251 DEB
1 34790U 93036AAT 13017.37105400  .00000506  00000-0  26030-3 0  9991
2 34790 074.0569 357.4202 0110790 121.1283 240.0766 14.14563590199142
0 COSMOS 2251 DEB
1 34790U 93036AAT 13018.92692513  .00000477  00000-0  24596-3 0  9991
2 34790 074.0577 354.6681 0110949 118.1134 243.1271 14.14564785199364
0 COSMOS 2251 DEB
1 34790U 93036AAT 13020.05846681  .00000410  00000-0  21325-3 0  9999
2 34790 074.0589 352.6667 0110684 115.8351 245.4245 14.14565202199529
0 COSMOS 2251 DEB
1 34790U 93036AAT 13022.67515180  .00000365  00000-0  19100-3 0  9993
2 34790 074.0591 348.0371 0110412 110.4233 250.8789 14.14567191199894
0 COSMOS 2251 DEB
1 34790U 93036AAT 13024.86750391  .00000389  00000-0  20282-3 0  9990
2 34790 074.0585 344.1581 0110455 106.0366 255.2903 14.14569102200201
0 COSMOS 2251 DEB
1 34790U 93036AAT 13026.28192723  .00000260  00000-0  13939-3 0  9996
2 34790 074.0582 341.6531 0110655 103.2082 258.1415 14.14568687200400
0 COSMOS 2251 DEB
1 34790U 93036AAT 13027.55490498  .00000237  00000-0  12816-3 0  9994
2 34790 074.0594 339.4003 0110440 100.5448 260.8176 14.14569385200589
0 COSMOS 2251 DEB
1 34790U 93036AAT 13028.96932291  .00000187  00000-0  10369-3 0  9997
2 34790 074.0613 336.8948 0110288 097.2648 264.1009 14.14569866200782
0 COSMOS 2251 DEB
1 34790U 93036AAT 13030.24229613  .00000396  00000-0  20589-3 0  9995
2 34790 074.0606 334.6426 0110724 095.1578 266.2311 14.14572726200963
0 COSMOS 2251 DEB
1 34790U 93036AAT 13031.51526514  .00000502  00000-0  25820-3 0  9998
2 34790 074.0602 332.3897 0110734 092.5987 268.7843 14.14574767201147
0 COSMOS 2251 DEB
1 34790U 93036AAT 13033.00039504  .00000552  00000-0  28265-3 0  9993
2 34790 074.0599 329.7610 0110812 089.7172 271.6705 14.14577010201353
0 COSMOS 2251 DEB
1 34790U 93036AAT 13034.55624047  .00000745  00000-0  37712-3 0  9997
2 34790 074.0592 327.0055 0110935 086.5050 274.8845 14.14581030201577
0 COSMOS 2251 DEB
1 34790U 93036AAT 13035.82920025  .00000904  00000-0  45531-3 0  9998
2 34790 074.0613 324.7515 0110869 083.9031 277.4780 14.14584673201755
0 COSMOS 2251 DEB
1 34790U 93036AAT 13036.96071716  .00000982  00000-0  49370-3 0  9999
2 34790 074.0624 322.7483 0111085 081.7122 279.6594 14.14587556201915
0 COSMOS 2251 DEB
1 34790U 93036AAT 13038.44583221  .00001013  00000-0  50863-3 0  9998
2 34790 074.0608 320.1188 0111100 078.6848 282.6795 14.14590773202125
0 COSMOS 2251 DEB
1 34790U 93036AAT 13039.78950313  .00000980  00000-0  49222-3 0  9995
2 34790 074.0614 317.7400 0111117 076.0452 285.3026 14.14593274202319
0 COSMOS 2251 DEB
1 34790U 93036AAT 13040.92101384  .00000907  00000-0  45649-3 0  9997
2 34790 074.0611 315.7354 0111006 073.6467 287.6806 14.14594774202472
0 COSMOS 2251 DEB
1 34790U 93036AAT 13042.75971582  .00000889  00000-0  44796-3 0  9996
2 34790 074.0612 312.4782 0110957 069.8394 291.4647 14.14598068202737
0 COSMOS 2251 DEB
1 34790U 93036AAT 13043.89122171  .00000816  00000-0  41221-3 0  9994
2 34790 074.0621 310.4750 0110758 067.4350 293.8413 14.14599272202897
0 COSMOS 2251 DEB
1 34790U 93036AAT 13045.16416590  .00000751  00000-0  38001-3 0  9997
2 34790 074.0612 308.2210 0110766 064.5975 296.6555 14.14600753203079
0 COSMOS 2251 DEB
1 34790U 93036AAT 13046.71998285  .00000670  00000-0  34038-3 0  9991
2 34790 074.0613 305.4664 0110800 061.3806 299.8379 14.14602363203291
0 COSMOS 2251 DEB
1 34790U 93036AAT 13047.71005195  .00000492  00000-0  25289-3 0  9991
2 34790 074.0614 303.7133 0111312 059.2426 301.9504 14.14601370203435
0 COSMOS 2251 DEB
1 34790U 93036AAT 13048.77083847  .00000323  00000-0  16998-3 0  9998
2 34790 074.0618 301.8340 0111157 057.1050 304.0689 14.14600730203588
0 COSMOS 2251 DEB
1 34790U 93036AAT 13050.11449644  .00000339  00000-0  17826-3 0  9998
2 34790 074.0611 299.4563 0111019 054.7046 306.4433 14.14602068203775
0 COSMOS 2251 DEB
1 34790U 93036AAT 13051.67031040  .00000323  00000-0  17023-3 0  9999
2 34790 074.0605 296.7007 0111477 051.4115 309.6931 14.14603104203994
0 COSMOS 2251 DEB
1 34790U 93036AAT 13052.80181052  .00000259  00000-0  13900-3 0  9992
2 34790 074.0587 294.6986 0111409 049.1293 311.9388 14.14603052204155
0 COSMOS 2251 DEB
1 34790U 93036AAT 13054.00402846  .00000271  00000-0  14479-3 0  9999
2 34790 074.0605 292.5693 0111374 046.8238 314.2100 14.14603855204320
0 COSMOS 2251 DEB
1 34790U 93036AAT 13055.77199490  .00000265  00000-0  14165-3 0  9997
2 34790 074.0616 289.4383 0111360 043.2479 317.7374 14.14605138204570
0 COSMOS 2251 DEB
1 34790U 93036AAT 13058.06455682  .00001000  00000-0  50170-3 0  9994
2 34790 074.0571 285.3749 0112287 038.6732 112.7762 14.14607227204890
0 COSMOS 2251 DEB
1 34790U 93036AAT 13059.75595051  .00001061  00000-0  53159-3 0  9993
2 34790 074.0572 282.3796 0112349 035.2652 086.3639 14.14610482205137
0 COSMOS 2251 DEB
1 34790U 93036AAT 13060.94664530  .00001070  00000-0  53600-3 0  9996
2 34790 074.0572 280.2710 0112397 032.8579 030.1132 14.14613324205306
0 COSMOS 2251 DEB
1 34790U 93036AAT 13062.64239175  .00000998  00000-0  50064-3 0  9997
2 34790 074.0572 277.2681 0112462 029.4276 025.9139 14.14618073205549
0 COSMOS 2251 DEB
1 34790U 93036AAT 13064.62246451  .00000849  00000-0  42759-3 0  9999
2 34790 074.0571 273.7617 0112537 025.4068 029.7291 14.14623819205822
0 COSMOS 2251 DEB
1 34790U 93036AAT 13065.96880969  .00000782  00000-0  39469-3 0  9995
2 34790 074.0570 271.3773 0112588 022.6620 046.2255 14.14627278206016
0 COSMOS 2251 DEB
1 34790U 93036AAT 13066.96926497  .00000693  00000-0  35132-3 0  9997
2 34790 074.0568 269.6053 0112639 020.6112 101.2386 14.14629628206158
0 COSMOS 2251 DEB
1 34790U 93036AAT 13068.58444013  .00000568  00000-0  29015-3 0  9990
2 34790 074.0567 266.7447 0112693 017.3231 046.8267 14.14632754206388
0 COSMOS 2251 DEB
1 34790U 93036AAT 13069.65509374  .00000529  00000-0  27110-3 0  9992
2 34790 074.0568 264.8486 0112715 015.1553 099.3360 14.14634389206539
0 COSMOS 2251 DEB
1 34790U 93036AAT 13071.70794793  .00000485  00000-0  24938-3 0  9998
2 34790 074.0569 261.2130 0112788 010.9887 113.9184 14.14636782206828
0 COSMOS 2251 DEB
1 34790U 93036AAT 13072.89905302  .00000465  00000-0  23949-3 0  9998
2 34790 074.0568 259.1036 0112824 008.5761 059.8685 14.14638343206990
0 COSMOS 2251 DEB
1 34790U 93036AAT 13075.58494492  .00000469  00000-0  24168-3 0  9998
2 34790 074.0565 254.3473 0112868 003.1537 058.3321 14.14641358207373
0 COSMOS 2251 DEB
1 34790U 93036AAT 13078.55692674  .00000307  00000-0  16247-3 0  9990
2 34790 074.0562 249.0841 0112873 357.1709 073.7869 14.14642409207791
0 COSMOS 2251 DEB
1 34790U 93036AAT 13079.91690008  .00000456  00000-0  23504-3 0  9999
2 34790 074.0565 246.6754 0112986 354.5271 159.6632 14.14644972207980
0 COSMOS 2251 DEB
1 34790U 93036AAT 13081.52653769  .00000556  00000-0  28427-3 0  9992
2 34790 074.0565 243.8245 0112919 351.2456 077.1526 14.14645515208216
0 COSMOS 2251 DEB
1 34790U 93036AAT 13082.79865833  .00000682  00000-0  34601-3 0  9990
2 34790 074.0566 241.5715 0112910 348.6667 075.7388 14.14645230208392
0 COSMOS 2251 DEB
1 34790U 93036AAT 13084.28452084  .00000862  00000-0  43399-3 0  9990
2 34790 074.0570 238.9398 0112935 345.7085 082.8038 14.14645296208600
0 COSMOS 2251 DEB
1 34790U 93036AAT 13085.48414446  .00000925  00000-0  46454-3 0  9998
2 34790 074.0572 236.8153 0112958 343.2985 072.1608 14.14646118208772
0 COSMOS 2251 DEB
1 34790U 93036AAT 13086.55757396  .00001027  00000-0  51449-3 0  9995
2 34790 074.0575 234.9142 0112994 341.1505 138.8393 14.14647370208926
0 COSMOS 2251 DEB
1 34790U 93036AAT 13088.17116387  .00001064  00000-0  53277-3 0  9996
2 34790 074.0577 232.0566 0113054 337.9214 076.4139 14.14649225209157
0 COSMOS 2251 DEB
1 34790U 93036AAT 13089.60066002  .00001062  00000-0  53155-3 0  9996
2 34790 074.0581 229.5253 0113116 335.0453 156.4737 14.14652336209351
0 COSMOS 2251 DEB
1 34790U 93036AAT 13090.80695542  .00001119  00000-0  55956-3 0  9991
2 34790 074.0583 227.3890 0113188 332.6008 179.8575 14.14655121209527
0 COSMOS 2251 DEB
1 34790U 93036AAT 13092.13157169  .00001106  00000-0  55282-3 0  9995
2 34790 074.0586 225.0431 0113276 329.9253 085.8248 14.14658927209716
0 COSMOS 2251 DEB
1 34790U 93036AAT 13093.19474142  .00001017  00000-0  50927-3 0  9997
2 34790 074.0588 223.1604 0113356 327.7784 100.3160 14.14661704209862
0 COSMOS 2251 DEB
1 34790U 93036AAT 13095.10053623  .00000879  00000-0  44209-3 0  9998
2 34790 074.0592 219.7856 0113498 323.9333 086.1346 14.14666421210132
0 COSMOS 2251 DEB
1 34790U 93036AAT 13096.45771102  .00000854  00000-0  42954-3 0  9994
2 34790 074.0593 217.3824 0113609 321.1887 157.9716 14.14669566210322
0 COSMOS 2251 DEB
1 34790U 93036AAT 13097.73150699  .00000832  00000-0  41905-3 0  9999
2 34790 074.0594 215.1268 0113701 318.6192 165.1841 14.14672422210509
0 COSMOS 2251 DEB
1 34790U 93036AAT 13099.13405061  .00000833  00000-0  41919-3 0  9997
2 34790 074.0592 212.6433 0113834 315.7821 108.1092 14.14674994210700
0 COSMOS 2251 DEB
1 34790U 93036AAT 13100.49080671  .00000910  00000-0  45700-3 0  9993
2 34790 074.0590 210.2409 0113916 313.0538 177.8423 14.14677674210891
0 COSMOS 2251 DEB
1 34790U 93036AAT 13102.10453934  .00000750  00000-0  37876-3 0  9996
2 34790 074.0588 207.3835 0114016 309.8091 116.3279 14.14681566211126
0 COSMOS 2251 DEB
1 34790U 93036AAT 13104.08247816  .00000488  00000-0  25070-3 0  9996
2 34790 074.0586 203.8811 0114103 305.8309 109.6841 14.14684650211402
0 COSMOS 2251 DEB
1 34790U 93036AAT 13107.05448106  .00000343  00000-0  17981-3 0  9993
2 34790 074.0583 198.6182 0114197 299.8602 125.6932 14.14686459211826
0 COSMOS 2251 DEB
1 34790U 93036AAT 13115.63047411  .00000814  00000-0  40981-3 0  9999
2 34790 074.0575 183.4313 0114245 282.6821 242.1241 14.14691517213036
0 COSMOS 2251 DEB
1 34790U 93036AAT 13117.15918909  .00000853  00000-0  42901-3 0  9994
2 34790 074.0577 180.7246 0114281 279.6313 107.6851 14.14693908213257
0 COSMOS 2251 DEB
1 34790U 93036AAT 13118.31104177  .00000910  00000-0  45650-3 0  9995
2 34790 074.0576 178.6838 0114319 277.3161 213.9574 14.14695512213411
0 COSMOS 2251 DEB
1 34790U 93036AAT 13119.58272416  .00000965  00000-0  48338-3 0  9993
2 34790 074.0571 176.4316 0114359 274.7997 210.4783 14.14697795213593
0 COSMOS 2251 DEB
1 34790U 93036AAT 13125.23871900  .00000701  00000-0  35431-3 0  9993
2 34790 074.0571 166.4152 0114608 263.5818 215.9404 14.14712928214390
0 COSMOS 2251 DEB
1 34790U 93036AAT 13126.30093197  .00000616  00000-0  31279-3 0  9997
2 34790 074.0570 164.5340 0114644 261.4798 225.7212 14.14715151214545
0 COSMOS 2251 DEB
1 34790U 93036AAT 13127.84214784  .00000557  00000-0  28420-3 0  9992
2 34790 074.0568 161.8045 0114691 258.4291 155.0487 14.14718192214761
0 COSMOS 2251 DEB
1 34790U 93036AAT 13128.90317513  .00000403  00000-0  20921-3 0  9992
2 34790 074.0568 159.9254 0114711 256.3266 158.8142 14.14720058214913
0 COSMOS 2251 DEB
1 34790U 93036AAT 13130.26077546  .00000353  00000-0  18479-3 0  9992
2 34790 074.0567 157.5209 0114724 253.6326 233.0275 14.14721693215108
0 COSMOS 2251 DEB
1 34790U 93036AAT 13132.15787638  .00000404  00000-0  20952-3 0  9998
2 34790 074.0566 154.1610 0114725 249.8509 174.9290 14.14723618215375
0 COSMOS 2251 DEB
1 34790U 93036AAT 13134.06692551  .00000567  00000-0  28896-3 0  9994
2 34790 074.0564 150.7799 0114696 246.0318 177.7111 14.14725574215643
0 COSMOS 2251 DEB
1 34790U 93036AAT 13136.11797883  .00000642  00000-0  32559-3 0  9991
2 34790 074.0562 147.1472 0114617 241.9088 183.7602 14.14727975215931
0 COSMOS 2251 DEB
1 34790U 93036AAT 13138.46882900  .00000709  00000-0  35808-3 0  9990
2 34790 074.0560 142.9832 0114460 237.1772 276.7093 14.14732901216264
0 COSMOS 2251 DEB
1 34790U 93036AAT 13140.44877617  .00000598  00000-0  30399-3 0  9996
2 34790 074.0561 139.4763 0114336 233.1967 280.6631 14.14735871216545
0 COSMOS 2251 DEB
1 34790U 93036AAT 13142.05632684  .00000627  00000-0  31809-3 0  9998
2 34790 074.0563 136.6288 0114354 229.9044 188.0682 14.14737810216774
0 COSMOS 2251 DEB
1 34790U 93036AAT 13143.96073207  .00000925  00000-0  46323-3 0  9997
2 34790 074.0565 133.2551 0114291 226.0027 167.3971 14.14740002217040
0 COSMOS 2251 DEB
1 34790U 93036AAT 13145.40061020  .00000951  00000-0  47575-3 0  9997
2 34790 074.0569 130.7047 0114222 223.1006 300.8056 14.14741889217249
0 COSMOS 2251 DEB
1 34790U 93036AAT 13148.36851319  .00000870  00000-0  43637-3 0  9998
2 34790 074.0573 125.4480 0114043 217.0782 296.6374 14.14747483217667
0 COSMOS 2251 DEB
1 34790U 93036AAT 13153.31238757  .00000600  00000-0  30459-3 0  9993
2 34790 074.0581 116.6912 0113832 207.1799 276.2745 14.14759166218366
0 COSMOS 2251 DEB
1 34790U 93036AAT 13157.61313255  .00000324  00000-0  17023-3 0  9992
2 34790 074.0587 109.0747 0113657 198.5165 220.5939 14.14765529218973
0 COSMOS 2251 DEB
1 34790U 93036AAT 13158.67551788  .00000327  00000-0  17142-3 0  9999
2 34790 074.0585 107.1932 0113614 196.3437 231.5255 14.14767410219129
0 COSMOS 2251 DEB
1 34790U 93036AAT 13160.03081421  .00000324  00000-0  17026-3 0  9992
2 34790 074.0582 104.7929 0113560 193.6026 294.2869 14.14768459219311
0 COSMOS 2251 DEB
1 34790U 93036AAT 13161.30958028  .00000309  00000-0  16284-3 0  9997
2 34790 074.0581 102.5280 0113527 191.0051 327.2823 14.14769909219496
0 COSMOS 2251 DEB
1 34790U 93036AAT 13162.63514928  .00000335  00000-0  17559-3 0  9996
2 34790 074.0580 100.1803 0113508 188.3120 238.6610 14.14770776219689
0 COSMOS 2251 DEB
1 34790U 93036AAT 13163.99091014  .00000258  00000-0  13774-3 0  9991
2 34790 074.0580 097.7791 0113526 185.5264 303.8480 14.14772261219876
0 COSMOS 2251 DEB
1 34790U 93036AAT 13165.60528464  .00000253  00000-0  13527-3 0  9996
2 34790 074.0581 094.9198 0113530 182.2160 246.2133 14.14773516220108
0 COSMOS 2251 DEB
1 34790U 93036AAT 13166.80056808  .00000275  00000-0  14603-3 0  9997
2 34790 074.0581 092.8027 0113546 179.7622 214.0632 14.14774640220271
0 COSMOS 2251 DEB
1 34790U 93036AAT 13167.95084368  .00000375  00000-0  19471-3 0  9995
2 34790 074.0581 090.7654 0113566 177.4072 312.6782 14.14775160220437
0 COSMOS 2251 DEB
1 34790U 93036AAT 13172.19228872  .00000844  00000-0  42356-3 0  9996
2 34790 074.0577 083.2528 0113634 168.7322 315.3438 14.14779553221031
0 COSMOS 2251 DEB
1 34790U 93036AAT 13173.80556615  .00000866  00000-0  43424-3 0  9995
2 34790 074.0577 080.3951 0113648 165.4383 252.1560 14.14781892221263
0 COSMOS 2251 DEB
1 34790U 93036AAT 13175.50224950  .00000978  00000-0  48839-3 0  9997
2 34790 074.0579 077.3898 0113653 161.9760 253.7875 14.14785614221506
0 COSMOS 2251 DEB
1 34790U 93036AAT 13176.77531157  .00000943  00000-0  47136-3 0  9998
2 34790 074.0580 075.1348 0113647 159.3872 257.8144 14.14788347221681
0 COSMOS 2251 DEB
1 34790U 93036AAT 13178.13143419  .00000960  00000-0  47978-3 0  9993
2 34790 074.0583 072.7327 0113632 156.6308 324.9018 14.14790909221876
0 COSMOS 2251 DEB
1 34790U 93036AAT 13179.82693097  .00000680  00000-0  34313-3 0  9990
2 34790 074.0585 069.7297 0113622 153.1857 320.5242 14.14795307222116
0 COSMOS 2251 DEB
1 34790U 93036AAT 13181.10703363  .00000623  00000-0  31512-3 0  9997
2 34790 074.0585 067.4623 0113596 150.5895 000.4467 14.14798348222297
0 COSMOS 2251 DEB
1 34790U 93036AAT 13182.79660281  .00000480  00000-0  24584-3 0  9996
2 34790 074.0583 064.4697 0113567 147.1698 325.9082 14.14801901222539
0 COSMOS 2251 DEB
1 34790U 93036AAT 13184.07185509  .00000508  00000-0  25911-3 0  9990
2 34790 074.0580 062.2109 0113505 144.5964 341.1414 14.14803767222710
0 COSMOS 2251 DEB
1 34790U 93036AAT 13185.76669455  .00000387  00000-0  20015-3 0  9999
2 34790 074.0577 059.2086 0113428 141.1799 333.4634 14.14806928222955
0 COSMOS 2251 DEB
1 34790U 93036AAT 13187.12004660  .00000405  00000-0  20901-3 0  9997
2 34790 074.0578 056.8113 0113442 138.4365 026.5172 14.14809152223145
0 COSMOS 2251 DEB
1 34790U 93036AAT 13188.44453913  .00000506  00000-0  25845-3 0  9996
2 34790 074.0576 054.4651 0113437 135.7658 292.5803 14.14811596223335
0 COSMOS 2251 DEB
1 34790U 93036AAT 13189.71665453  .00000476  00000-0  24374-3 0  9993
2 34790 074.0578 052.2116 0113464 133.2067 291.8730 14.14813118223519
0 COSMOS 2251 DEB
1 34790U 93036AAT 13191.07193600  .00000424  00000-0  21801-3 0  9990
2 34790 074.0577 049.8108 0113470 130.4725 354.7728 14.14814851223700
0 COSMOS 2251 DEB
1 34790U 93036AAT 13193.05180969  .00000365  00000-0  18941-3 0  9999
2 34790 074.0576 046.3036 0113570 126.4936 358.9326 14.14817760223983
0 COSMOS 2251 DEB
1 34790U 93036AAT 13194.38174387  .00000396  00000-0  20463-3 0  9999
2 34790 074.0575 043.9477 0113607 123.8171 292.7478 14.14819695224171
0 COSMOS 2251 DEB
1 34790U 93036AAT 13195.73949071  .00000471  00000-0  24080-3 0  9992
2 34790 074.0571 041.5426 0113642 121.0884 008.2281 14.14822159224367
0 COSMOS 2251 DEB
1 34790U 93036AAT 13197.01054359  .00000523  00000-0  26638-3 0  9990
2 34790 074.0568 039.2908 0113683 118.5267 002.1661 14.14822581224547
0 COSMOS 2251 DEB
1 34790U 93036AAT 13198.54678699  .00000646  00000-0  32602-3 0  9992
2 34790 074.0567 036.5690 0113745 115.4439 266.8091 14.14824559224767
0 COSMOS 2251 DEB
1 34790U 93036AAT 13199.98829749  .00000814  00000-0  40775-3 0  9992
2 34790 074.0565 034.0147 0113769 112.5482 048.9535 14.14826643224967
0 COSMOS 2251 DEB
1 34790U 93036AAT 13201.51875263  .00000910  00000-0  45453-3 0  9992
2 34790 074.0566 031.3027 0113777 109.4490 284.1637 14.14828942225184
0 COSMOS 2251 DEB
1 34790U 93036AAT 13202.66855240  .00000961  00000-0  47957-3 0  9999
2 34790 074.0575 029.2666 0113764 107.1195 020.5574 14.14830103225344
0 COSMOS 2251 DEB
1 34790U 93036AAT 13203.94791377  .00001012  00000-0  50430-3 0  9999
2 34790 074.0580 027.0003 0113746 104.5246 056.8678 14.14832252225523
0 COSMOS 2251 DEB
1 34790U 93036AAT 13205.27049214  .00000949  00000-0  47356-3 0  9994
2 34790 074.0584 024.6573 0113722 101.8621 313.2892 14.14834672225710
0 COSMOS 2251 DEB
1 34790U 93036AAT 13207.25023936  .00000878  00000-0  43930-3 0  9992
2 34790 074.0588 021.1502 0113644 097.8518 316.9769 14.14839241225990
0 COSMOS 2251 DEB
1 34790U 93036AAT 13209.50920213  .00000597  00000-0  30220-3 0  9992
2 34790 074.0592 017.1487 0113506 093.2937 302.8475 14.14844710226316
0 COSMOS 2251 DEB
1 34790U 93036AAT 13211.48898902  .00000322  00000-0  16834-3 0  9992
2 34790 074.0594 013.6417 0113372 089.2675 306.8188 14.14848890226595
0 COSMOS 2251 DEB
1 34790U 93036AAT 13214.46339925  .00000187  00000-0  10247-3 0  9999
2 34790 074.0600 008.3729 0113265 083.1641 336.9547 14.14852389227016
0 COSMOS 2251 DEB
1 34790U 93036AAT 13215.60762714  .00000081  00000-0  51144-4 0  9997
2 34790 074.0600 006.3459 0113247 080.8052 045.0963 14.14853358227178
0 COSMOS 2251 DEB
1 34790U 93036AAT 13217.14901858  .00000139  00000-0  79320-4 0  9992
2 34790 074.0599 003.6156 0113211 077.6728 336.1560 14.14854335227391
0 COSMOS 2251 DEB
1 34790U 93036AAT 13218.42357056  .00000121  00000-0  70394-4 0  9992
2 34790 074.0599 001.3581 0113178 075.0933 348.0673 14.14854422227574
0 COSMOS 2251 DEB
1 34790U 93036AAT 13220.11882253  .00000127  00000-0  73472-4 0  9999
2 34790 074.0596 358.3551 0113170 071.6692 342.8060 14.14853986227812
0 COSMOS 2251 DEB
1 34790U 93036AAT 13222.17105863  .00000169  00000-0  93902-4 0  9998
2 34790 074.0592 354.7197 0113152 067.5307 355.8290 14.14854219228103
0 COSMOS 2251 DEB
1 34790U 93036AAT 13223.36712959  .00000144  00000-0  81697-4 0  9991
2 34790 074.0592 352.6010 0113174 065.1113 328.0002 14.14854127228276
0 COSMOS 2251 DEB
1 34790U 93036AAT 13225.14092116  .00000306  00000-0  16085-3 0  9993
2 34790 074.0593 349.4588 0113205 061.5368 002.7737 14.14853440228524
0 COSMOS 2251 DEB
1 34790U 93036AAT 13226.49637462  .00000453  00000-0  23240-3 0  9995
2 34790 074.0594 347.0577 0113222 058.8072 066.7473 14.14853665228714
0 COSMOS 2251 DEB
1 34790U 93036AAT 13227.76816071  .00000595  00000-0  30145-3 0  9990
2 34790 074.0596 344.8049 0113253 056.2385 064.5727 14.14854062228897
0 COSMOS 2251 DEB
1 34790U 93036AAT 13229.09876714  .00000719  00000-0  36204-3 0  9998
2 34790 074.0597 342.4478 0113277 053.5489 002.0029 14.14855275229080
0 COSMOS 2251 DEB
1 34790U 93036AAT 13230.45445323  .00000824  00000-0  41305-3 0  9993
2 34790 074.0598 340.0464 0113334 050.8066 067.1844 14.14856303229276
0 COSMOS 2251 DEB
1 34790U 93036AAT 13231.51705032  .00000869  00000-0  43477-3 0  9998
2 34790 074.0598 338.1643 0113349 048.6456 079.5319 14.14858051229420
0 COSMOS 2251 DEB
1 34790U 93036AAT 13233.13183273  .00000899  00000-0  44947-3 0  9991
2 34790 074.0597 335.3042 0113392 045.3573 024.4528 14.14860987229650
0 COSMOS 2251 DEB
1 34790U 93036AAT 13234.70308228  .00000814  00000-0  40786-3 0  9998
2 34790 074.0598 332.5210 0113430 042.1504 107.6609 14.14865260229876
0 COSMOS 2251 DEB
1 34790U 93036AAT 13236.39253154  .00000652  00000-0  32920-3 0  9993
2 34790 074.0599 329.5285 0113469 038.6883 072.9589 14.14870021230118
0 COSMOS 2251 DEB
1 34790U 93036AAT 13238.00738802  .00000497  00000-0  25373-3 0  9992
2 34790 074.0600 326.6681 0113515 035.3731 018.3466 14.14873410230345
0 COSMOS 2251 DEB
1 34790U 93036AAT 13239.28033296  .00000301  00000-0  15824-3 0  9992
2 34790 074.0600 324.4133 0113543 032.7580 022.1977 14.14875774230522
0 COSMOS 2251 DEB
1 34790U 93036AAT 13240.42526870  .00000202  00000-0  11015-3 0  9993
2 34790 074.0598 322.3854 0113576 030.4094 094.0301 14.14877861230681
0 COSMOS 2251 DEB
1 34790U 93036AAT 13241.90929517  .00000170  00000-0  94572-4 0  9996
2 34790 074.0595 319.7568 0113618 027.3592 093.0688 14.14879201230895
0 COSMOS 2251 DEB
1 34790U 93036AAT 13242.95653252  .00000169  00000-0  93989-4 0  9991
2 34790 074.0591 317.9018 0113633 025.2215 027.2680 14.14880183231047
0 COSMOS 2251 DEB
1 34790U 93036AAT 13244.31188007  .00000109  00000-0  65069-4 0  9996
2 34790 074.0587 315.5011 0113655 022.4429 090.8733 14.14880760231236
0 COSMOS 2251 DEB
1 34790U 93036AAT 13245.50284843  .00000072  00000-0  47229-4 0  9990
2 34790 074.0582 313.3916 0113704 020.0083 037.1926 14.14881275231405
0 COSMOS 2251 DEB
1 34790U 93036AAT 13246.65329721  .00000091  00000-0  56182-4 0  9991
2 34790 074.0578 311.3535 0113719 017.6695 137.1093 14.14881061231568
0 COSMOS 2251 DEB
1 34790U 93036AAT 13247.84830058  .00000090  00000-0  55683-4 0  9997
2 34790 074.0575 309.2365 0113750 015.2534 103.9571 14.14881174231739
0 COSMOS 2251 DEB
1 34790U 93036AAT 13248.96992852  .00000120  00000-0  70167-4 0  9990
2 34790 074.0572 307.2494 0113780 012.9887 057.0604 14.14881323231894
0 COSMOS 2251 DEB
1 34790U 93036AAT 13250.32517919  .00000137  00000-0  78575-4 0  9999
2 34790 074.0570 304.8484 0113830 010.2618 120.1319 14.14881202232086
0 COSMOS 2251 DEB
1 34790U 93036AAT 13251.80656448  .00000255  00000-0  13592-3 0  9992
2 34790 074.0568 302.2239 0113876 007.2909 105.6710 14.14880900232292
0 COSMOS 2251 DEB
1 34790U 93036AAT 13253.49326549  .00000446  00000-0  22897-3 0  9995
2 34790 074.0566 299.2358 0113909 003.9076 057.0022 14.14880303232532
0 COSMOS 2251 DEB
1 34790U 93036AAT 13254.57427360  .00000602  00000-0  30481-3 0  9990
2 34790 074.0564 297.3206 0113942 001.7410 163.1909 14.14880644232683
0 COSMOS 2251 DEB
1 34790U 93036AAT 13255.96994292  .00000784  00000-0  39347-3 0  9998
2 34790 074.0563 294.8479 0113988 358.9399 072.1331 14.14881197232883
0 COSMOS 2251 DEB
1 34790U 93036AAT 13257.17097012  .00000869  00000-0  43466-3 0  9998
2 34790 074.0562 292.7200 0114051 356.5299 069.6530 14.14881996233055
0 COSMOS 2251 DEB
1 34790U 93036AAT 13258.44243292  .00000884  00000-0  44203-3 0  9999
2 34790 074.0561 290.4672 0114116 353.9784 065.9468 14.14883231233237
0 COSMOS 2251 DEB
1 34790U 93036AAT 13259.85545876  .00000982  00000-0  48954-3 0  9994
2 34790 074.0562 287.9635 0114180 351.1481 063.3032 14.14885336233432
0 COSMOS 2251 DEB
1 34790U 93036AAT 13261.41193523  .00000852  00000-0  42640-3 0  9999
2 34790 074.0565 285.2056 0114283 348.0179 071.3590 14.14888694233658
0 COSMOS 2251 DEB
1 34790U 93036AAT 13263.03058145  .00000795  00000-0  39875-3 0  9991
2 34790 074.0567 282.3374 0114393 344.7661 036.0944 14.14892609233889
0 COSMOS 2251 DEB
1 34790U 93036AAT 13264.09772933  .00000752  00000-0  37767-3 0  9997
2 34790 074.0569 280.4465 0114469 342.6245 071.7279 14.14894711234031
0 COSMOS 2251 DEB
1 34790U 93036AAT 13265.37121705  .00000697  00000-0  35102-3 0  9993
2 34790 074.0570 278.1901 0114550 340.0687 078.3865 14.14897760234216
0 COSMOS 2251 DEB
1 34790U 93036AAT 13267.15007603  .00000650  00000-0  32822-3 0  9996
2 34790 074.0570 275.0385 0114715 336.4994 139.2337 14.14902010234464
0 COSMOS 2251 DEB
1 34790U 93036AAT 13268.21246595  .00000605  00000-0  30615-3 0  9997
2 34790 074.0569 273.1562 0114789 334.3713 150.6632 14.14904553234611
0 COSMOS 2251 DEB
1 34790U 93036AAT 13269.75385249  .00000513  00000-0  26162-3 0  9997
2 34790 074.0568 270.4252 0114897 331.2930 081.9337 14.14907689234838
0 COSMOS 2251 DEB
1 34790U 93036AAT 13270.81507593  .00000577  00000-0  29241-3 0  9995
2 34790 074.0568 268.5450 0114939 329.1695 087.4409 14.14908909234980
0 COSMOS 2251 DEB
1 34790U 93036AAT 13272.01759075  .00000502  00000-0  25623-3 0  9991
2 34790 074.0568 266.4143 0115003 326.7849 092.6211 14.14910601235154
0 COSMOS 2251 DEB
1 34790U 93036AAT 13273.78490083  .00000455  00000-0  23323-3 0  9999
2 34790 074.0568 263.2828 0115059 323.2862 094.6752 14.14912907235408
0 COSMOS 2251 DEB
1 34790U 93036AAT 13275.05843488  .00000619  00000-0  31315-3 0  9994
2 34790 074.0569 261.0263 0115079 320.7970 101.5819 14.14914137235580
0 COSMOS 2251 DEB
1 34790U 93036AAT 13276.75552681  .00000433  00000-0  22252-3 0  9998
2 34790 074.0571 258.0193 0115036 317.4212 106.0166 14.14917291235822
0 COSMOS 2251 DEB
1 34790U 93036AAT 13278.02924034  .00000557  00000-0  28304-3 0  9996
2 34790 074.0571 255.7625 0115001 314.8738 113.9198 14.14917493236009
0 COSMOS 2251 DEB
1 34790U 93036AAT 13279.59409785  .00000741  00000-0  37205-3 0  9995
2 34790 074.0570 252.9899 0114927 311.7883 164.7840 14.14918539236227
0 COSMOS 2251 DEB
1 34790U 93036AAT 13280.92066687  .00000824  00000-0  41249-3 0  9999
2 34790 074.0570 250.6395 0114847 309.1627 081.8998 14.14920158236415
0 COSMOS 2251 DEB
1 34790U 93036AAT 13282.97826520  .00001014  00000-0  50471-3 0  9995
2 34790 074.0572 246.9939 0114719 305.0981 122.6521 14.14925787236706
0 COSMOS 2251 DEB
1 34790U 93036AAT 13285.86946042  .00001171  00000-0  58116-3 0  9996
2 34790 074.0577 241.8709 0114581 299.3704 089.5609 14.14931231237110
0 COSMOS 2251 DEB
1 34790U 93036AAT 13287.21892626  .00001314  00000-0  65035-3 0  9992
2 34790 074.0580 239.4797 0114521 296.6916 123.3759 14.14934084237306
0 COSMOS 2251 DEB
1 34790U 93036AAT 13288.29783836  .00001652  00000-0  81473-3 0  9992
2 34790 074.0582 237.5681 0114523 294.5783 219.0438 14.14938374237459
0 COSMOS 2251 DEB
1 34790U 93036AAT 13289.56400612  .00001399  00000-0  69188-3 0  9998
2 34790 074.0585 235.3245 0114431 292.0541 188.6014 14.14943153237639
0 COSMOS 2251 DEB
1 34790U 93036AAT 13291.17855444  .00001286  00000-0  63700-3 0  9994
2 34790 074.0589 232.4646 0114434 288.8621 132.7278 14.14948811237864
0 COSMOS 2251 DEB
1 34790U 93036AAT 13292.53340398  .00001220  00000-0  60476-3 0  9997
2 34790 074.0588 230.0641 0114387 286.1834 194.0341 14.14953183238058
0 COSMOS 2251 DEB
1 34790U 93036AAT 13294.23168700  .00001158  00000-0  57476-3 0  9997
2 34790 074.0586 227.0551 0114344 282.8139 204.7573 14.14959340238299
0 COSMOS 2251 DEB
1 34790U 93036AAT 13295.50309206  .00001070  00000-0  53188-3 0  9995
2 34790 074.0587 224.8029 0114332 280.2949 201.0653 14.14963399238471
0 COSMOS 2251 DEB
1 34790U 93036AAT 13296.62405918  .00000957  00000-0  47701-3 0  9993
2 34790 074.0588 222.8169 0114317 278.0751 151.0840 14.14966913238639
0 COSMOS 2251 DEB
1 34790U 93036AAT 13298.10685304  .00001011  00000-0  50343-3 0  9995
2 34790 074.0588 220.1899 0114281 275.1317 144.2210 14.14968397238842
0 COSMOS 2251 DEB
1 34790U 93036AAT 13300.08664472  .00000810  00000-0  40572-3 0  9998
2 34790 074.0588 216.6824 0114211 271.1855 149.0316 14.14972434239125
0 COSMOS 2251 DEB
1 34790U 93036AAT 13301.85559954  .00000694  00000-0  34938-3 0  9991
2 34790 074.0586 213.5485 0114125 267.6433 159.9011 14.14978151239379
0 COSMOS 2251 DEB
1 34790U 93036AAT 13303.12796593  .00001176  00000-0  58328-3 0  9990
2 34790 074.0584 211.2944 0114041 265.0923 161.2251 14.14978673239556
0 COSMOS 2251 DEB
1 34790U 93036AAT 13304.20584958  .00001186  00000-0  58795-3 0  9999
2 34790 074.0581 209.3848 0113954 262.9294 251.8794 14.14981724239709
0 COSMOS 2251 DEB
1 34790U 93036AAT 13305.81516562  .00000927  00000-0  46267-3 0  9996
2 34790 074.0578 206.5337 0113835 259.6836 169.6463 14.14985258239930
0 COSMOS 2251 DEB
1 34790U 93036AAT 13307.17500359  .00001003  00000-0  49932-3 0  9992
2 34790 074.0576 204.1245 0113677 256.9439 256.5999 14.14988153240123
0 COSMOS 2251 DEB
1 34790U 93036AAT 13309.15447417  .00001074  00000-0  53382-3 0  9999
2 34790 074.0575 200.6173 0113469 252.9531 259.9606 14.14992225240409
0 COSMOS 2251 DEB
1 34790U 93036AAT 13310.84602542  .00001123  00000-0  55794-3 0  9993
2 34790 074.0575 197.6200 0113326 249.5387 236.6973 14.14995422240645
0 COSMOS 2251 DEB
1 34790U 93036AAT 13312.12371432  .00001222  00000-0  60590-3 0  9997
2 34790 074.0573 195.3559 0113250 246.9590 265.2406 14.14998373240825
0 COSMOS 2251 DEB
1 34790U 93036AAT 13313.65494854  .00001208  00000-0  59896-3 0  9991
2 34790 074.0572 192.6429 0113142 243.8816 145.3466 14.15001267241044
0 COSMOS 2251 DEB
1 34790U 93036AAT 13315.09401409  .00001195  00000-0  59281-3 0  9998
2 34790 074.0570 190.0930 0113101 241.0039 275.9509 14.15007138241246
0 COSMOS 2251 DEB
1 34790U 93036AAT 13317.07311565  .00001449  00000-0  71594-3 0  9994
2 34790 074.0567 186.5864 0113043 237.0598 277.5269 14.15013243241524
0 COSMOS 2251 DEB
1 34790U 93036AAT 13320.37633968  .00001456  00000-0  71951-3 0  9990
2 34790 074.0565 180.7333 0112774 230.4477 184.3235 14.15027697241999
0 COSMOS 2251 DEB
1 34790U 93036AAT 13322.72191528  .00001418  00000-0  70091-3 0  9994
2 34790 074.0566 176.5773 0112684 225.7984 252.8713 14.15036584242326
0 COSMOS 2251 DEB
1 34790U 93036AAT 13323.99638544  .00001763  00000-0  86835-3 0  9994
2 34790 074.0567 174.3191 0112630 223.2658 265.1636 14.15038952242501
0 COSMOS 2251 DEB
1 34790U 93036AAT 13325.69096838  .00001744  00000-0  85924-3 0  9994
2 34790 074.0566 171.3165 0112538 219.8792 257.5998 14.15043630242746
0 COSMOS 2251 DEB
1 34790U 93036AAT 13327.37723961  .00001612  00000-0  79515-3 0  9998
2 34790 074.0563 168.3284 0112485 216.5175 207.7126 14.15047237242984
0 COSMOS 2251 DEB
1 34790U 93036AAT 13328.73265493  .00001647  00000-0  81176-3 0  9994
2 34790 074.0561 165.9266 0112429 213.7886 272.4428 14.15049763243173
0 COSMOS 2251 DEB
1 34790U 93036AAT 13330.01226444  .00001213  00000-0  60118-3 0  9993
2 34790 074.0560 163.6592 0112381 211.2061 311.0215 14.15052566243353
0 COSMOS 2251 DEB
1 34790U 93036AAT 13331.33663082  .00001140  00000-0  56558-3 0  9994
2 34790 074.0560 161.3124 0112347 208.5277 217.6172 14.15054744243543
0 COSMOS 2251 DEB
1 34790U 93036AAT 13332.89193583  .00001213  00000-0  60140-3 0  9993
2 34790 074.0560 158.5562 0112287 205.3960 220.6611 14.15057326243769
0 COSMOS 2251 DEB
1 34790U 93036AAT 13333.96952647  .00001247  00000-0  61775-3 0  9998
2 34790 074.0561 156.6466 0112238 203.2205 310.1441 14.15059771243916
0 COSMOS 2251 DEB
1 34790U 93036AAT 13335.16453969  .00001590  00000-0  78394-3 0  9991
2 34790 074.0562 154.5288 0112180 200.8123 277.8094 14.15062886244087
0 COSMOS 2251 DEB
1 34790U 93036AAT 13336.65122483  .00001114  00000-0  55283-3 0  9994
2 34790 074.0564 151.8939 0112114 197.8261 291.3243 14.15066981244297
0 COSMOS 2251 DEB
1 34790U 93036AAT 13337.84071910  .00001384  00000-0  68408-3 0  9996
2 34790 074.0565 149.7859 0112066 195.4239 230.9117 14.15068476244469
0 COSMOS 2251 DEB
1 34790U 93036AAT 13338.90203829  .00001541  00000-0  76029-3 0  9993
2 34790 074.0566 147.9050 0112002 193.3049 237.5261 14.15071277244612
0 COSMOS 2251 DEB
1 34790U 93036AAT 13340.44914160  .00001790  00000-0  88106-3 0  9997
2 34790 074.0567 145.1632 0111926 190.1842 198.8884 14.15077520244830
0 COSMOS 2251 DEB
1 34790U 93036AAT 13341.59843275  .00001997  00000-0  98173-3 0  9996
2 34790 074.0569 143.1264 0111852 187.8852 293.6909 14.15082468244999
0 COSMOS 2251 DEB
1 34790U 93036AAT 13342.87676596  .00002017  00000-0  99141-3 0  9998
2 34790 074.0571 140.8610 0111760 185.3265 325.8924 14.15090555245172
0 COSMOS 2251 DEB
1 34790U 93036AAT 13344.85626051  .00001942  00000-0  95456-3 0  9990
2 34790 074.0576 137.3530 0111621 181.3532 330.0836 14.15101012245450
0 COSMOS 2251 DEB
1 34790U 93036AAT 13346.12327666  .00002461  00000-0  12067-2 0  9995
2 34790 074.0573 135.1091 0111670 178.8125 304.7202 14.15103572245636
0 COSMOS 2251 DEB
1 34790U 93036AAT 13347.52733828  .00002973  00000-0  14547-2 0  9994
2 34790 074.0577 132.6208 0111561 176.0045 257.5339 14.15110473245838
0 COSMOS 2251 DEB
1 34790U 93036AAT 13348.80988162  .00002809  00000-0  13751-2 0  9993
2 34790 074.0582 130.3480 0111425 173.4602 311.2999 14.15119695246016
0 COSMOS 2251 DEB
1 34790U 93036AAT 13350.49541617  .00002114  00000-0  10382-2 0  9997
2 34790 074.0586 127.3611 0111248 170.1153 258.1131 14.15128399246254
0 COSMOS 2251 DEB
1 34790U 93036AAT 13352.11901253  .00001574  00000-0  77601-3 0  9991
2 34790 074.0588 124.4840 0111106 166.8786 249.4436 14.15133837246484
0 COSMOS 2251 DEB
1 34790U 93036AAT 13353.18233728  .00001742  00000-0  85744-3 0  9998
2 34790 074.0588 122.5998 0111028 164.7452 266.5301 14.15137513246630
0 COSMOS 2251 DEB
1 34790U 93036AAT 13354.46331834  .00001524  00000-0  75179-3 0  9996
2 34790 074.0586 120.3298 0110907 162.2070 312.4484 14.15141611246818
0 COSMOS 2251 DEB
1 34790U 93036AAT 13356.15163562  .00001418  00000-0  70048-3 0  9997
2 34790 074.0582 117.3378 0110798 158.8195 273.5996 14.15145497247054
0 COSMOS 2251 DEB
1 34790U 93036AAT 13357.78841412  .00000802  00000-0  40103-3 0  9999
2 34790 074.0580 114.4356 0110655 155.4943 332.2441 14.15150789247285
0 COSMOS 2251 DEB
1 34790U 93036AAT 13359.12015862  .00000762  00000-0  38168-3 0  9994
2 34790 074.0581 112.0753 0110641 152.7892 276.8982 14.15152344247472
0 COSMOS 2251 DEB
1 34790U 93036AAT 13360.40105737  .00000725  00000-0  36363-3 0  9992
2 34790 074.0581 109.8053 0110570 150.2112 322.5015 14.15154416247656
0 COSMOS 2251 DEB
1 34790U 93036AAT 13361.46424709  .00000736  00000-0  36908-3 0  9999
2 34790 074.0582 107.9211 0110549 148.0533 339.0025 14.15154988247805
0 COSMOS 2251 DEB
1 34790U 93036AAT 13362.74122894  .00000805  00000-0  40264-3 0  9998
2 34790 074.0581 105.6579 0110517 145.4541 004.6958 14.15156249247982
0 COSMOS 2251 DEB
1 34790U 93036AAT 13364.43229714  .00000999  00000-0  49661-3 0  9999
2 34790 074.0581 102.6609 0110439 142.0272 339.9820 14.15157990248224
0 COSMOS 2251 DEB
1 34790U 93036AAT 13365.63368249  .00001057  00000-0  52480-3 0  9998
2 34790 074.0580 100.5316 0110378 139.5857 340.5520 14.15160418248399
0 COSMOS 2251 DEB
1 34790U 93036AAT 14001.69463968  .00001068  00000-0  53032-3 0  9992
2 34790 074.0581 098.6514 0110337 137.4236 345.7096 14.15164413248541
0 COSMOS 2251 DEB
1 34790U 93036AAT 14003.09798361  .00001334  00000-0  65919-3 0  9999
2 34790 074.0581 096.1643 0110260 134.5680 295.2052 14.15169316248743
0 COSMOS 2251 DEB
1 34790U 93036AAT 14004.38018744  .00001133  00000-0  56209-3 0  9991
2 34790 074.0582 093.8917 0110153 131.9636 347.5542 14.15172196248920
0 COSMOS 2251 DEB
1 34790U 93036AAT 14005.65325708  .00001033  00000-0  51343-3 0  9996
2 34790 074.0584 091.6355 0110041 129.3705 353.3893 14.15176408249103
0 COSMOS 2251 DEB
1 34790U 93036AAT 14007.05758140  .00001402  00000-0  69236-3 0  9992
2 34790 074.0585 089.1469 0109978 126.5119 307.9390 14.15179217249307
0 COSMOS 2251 DEB
1 34790U 93036AAT 14008.53953823  .00001033  00000-0  51345-3 0  9993
2 34790 074.0584 086.5206 0109850 123.4971 298.0217 14.15182403249519
0 COSMOS 2251 DEB
1 34790U 93036AAT 14009.89444766  .00001056  00000-0  52451-3 0  9998
2 34790 074.0581 084.1194 0109755 120.7392 000.8501 14.15187239249705
0 COSMOS 2251 DEB
1 34790U 93036AAT 14010.94184931  .00000670  00000-0  33705-3 0  9993
2 34790 074.0579 082.2632 0109648 118.5995 297.0495 14.15188233249856
0 COSMOS 2251 DEB
1 34790U 93036AAT 14012.00478701  .00000646  00000-0  32549-3 0  9991
2 34790 074.0576 080.3793 0109580 116.4323 312.4020 14.15190305250005
0 COSMOS 2251 DEB
1 34790U 93036AAT 14013.20554266  .00000480  00000-0  24472-3 0  9997
2 34790 074.0573 078.2512 0109513 113.9860 309.9004 14.15192517250179
0 COSMOS 2251 DEB
1 34790U 93036AAT 14014.55945617  .00000442  00000-0  22617-3 0  9997
2 34790 074.0570 075.8514 0109462 111.2273 007.7083 14.15192711250360
0 COSMOS 2251 DEB
1 34790U 93036AAT 14015.96253306  .00000334  00000-0  17364-3 0  9993
2 34790 074.0568 073.3644 0109426 108.3678 315.9931 14.15194150250567
0 COSMOS 2251 DEB
1 34790U 93036AAT 14017.52866044  .00000269  00000-0  14217-3 0  9997
2 34790 074.0567 070.5883 0109424 105.1805 014.9793 14.15195028250786
0 COSMOS 2251 DEB
1 34790U 93036AAT 14018.92992584  .00000333  00000-0  17349-3 0  9992
2 34790 074.0566 068.1045 0109413 102.3211 314.0526 14.15195349250982
0 COSMOS 2251 DEB
1 34790U 93036AAT 14020.12678517  .00000406  00000-0  20873-3 0  9991
2 34790 074.0565 065.9830 0109431 099.8840 291.7297 14.15195651251158
0 COSMOS 2251 DEB
1 34790U 93036AAT 14021.19475245  .00000549  00000-0  27814-3 0  9992
2 34790 074.0565 064.0900 0109437 097.7068 332.7423 14.15196120251307
0 COSMOS 2251 DEB
1 34790U 93036AAT 14022.54849269  .00000779  00000-0  39011-3 0  9990
2 34790 074.0565 061.6903 0109467 094.9426 029.7017 14.15197313251490
0 COSMOS 2251 DEB
1 34790U 93036AAT 14025.15068056  .00001109  00000-0  55026-3 0  9999
2 34790 074.0564 057.0774 0109575 089.6627 327.1650 14.15199895251864
0 COSMOS 2251 DEB
1 34790U 93036AAT 14026.22453787  .00001182  00000-0  58573-3 0  9998
2 34790 074.0566 055.1737 0109600 087.4692 038.2075 14.15201991252011
0 COSMOS 2251 DEB
1 34790U 93036AAT 14027.50173229  .00001258  00000-0  62241-3 0  9991
2 34790 074.0569 052.9095 0109627 084.8648 065.2069 14.15204644252197
0 COSMOS 2251 DEB
1 34790U 93036AAT 14028.82631714  .00001455  00000-0  71809-3 0  9994
2 34790 074.0573 050.5613 0109646 082.1492 333.6768 14.15208675252388
0 COSMOS 2251 DEB
1 34790U 93036AAT 14030.18180411  .00001333  00000-0  65880-3 0  9996
2 34790 074.0576 048.1583 0109656 079.3640 039.6089 14.15213458252579
0 COSMOS 2251 DEB
1 34790U 93036AAT 14031.45995575  .00001238  00000-0  61248-3 0  9990
2 34790 074.0579 045.8925 0109670 076.7421 071.5470 14.15217198252754
0 COSMOS 2251 DEB
1 34790U 93036AAT 14032.72634380  .00001263  00000-0  62469-3 0  9999
2 34790 074.0581 043.6477 0109683 074.1432 043.5706 14.15220892252939
0 COSMOS 2251 DEB
1 34790U 93036AAT 14034.05743113  .00001083  00000-0  53741-3 0  9995
2 34790 074.0581 041.2882 0109688 071.4105 345.2372 14.15227163253126
0 COSMOS 2251 DEB
1 34790U 93036AAT 14035.12004034  .00001579  00000-0  77772-3 0  9996
2 34790 074.0581 039.4047 0109709 069.2290 359.0760 14.15229894253275
0 COSMOS 2251 DEB
1 34790U 93036AAT 14036.19187678  .00001674  00000-0  82385-3 0  9992
2 34790 074.0580 037.5049 0109725 067.0391 059.9208 14.15236130253422
0 COSMOS 2251 DEB
1 34790U 93036AAT 14037.39263061  .00001864  00000-0  91620-3 0  9999
2 34790 074.0580 035.3765 0109780 064.5748 057.6248 14.15235347253598
0 COSMOS 2251 DEB
1 34790U 93036AAT 14039.16029782  .00001518  00000-0  74797-3 0  9998
2 34790 074.0580 032.2430 0109806 060.9916 063.6639 14.15243239253847
0 COSMOS 2251 DEB
1 34790U 93036AAT 14040.43257120  .00001486  00000-0  73227-3 0  9990
2 34790 074.0581 029.9878 0109862 058.4160 065.7556 14.15248919254024
0 COSMOS 2251 DEB
1 34790U 93036AAT 14042.04583936  .00001431  00000-0  70565-3 0  9998
2 34790 074.0584 027.1280 0109905 055.1670 005.1964 14.15255046254257
0 COSMOS 2251 DEB
1 34790U 93036AAT 14043.40688637  .00002123  00000-0  10411-2 0  9995
2 34790 074.0585 024.7154 0110014 052.4341 099.6154 14.15257986254444
0 COSMOS 2251 DEB
1 34790U 93036AAT 14045.09902988  .00002234  00000-0  10947-2 0  9997
2 34790 074.0589 021.7175 0109975 049.0080 081.0049 14.15260949254681
0 COSMOS 2251 DEB
1 34790U 93036AAT 14046.37529958  .00001964  00000-0  96379-3 0  9994
2 34790 074.0585 019.4533 0110169 046.5121 103.4588 14.15265442254864
0 COSMOS 2251 DEB
1 34790U 93036AAT 14047.70103461  .00001851  00000-0  90895-3 0  9991
2 34790 074.0587 017.1032 0110230 043.8663 018.0080 14.15270196255057
0 COSMOS 2251 DEB
1 34790U 93036AAT 14048.89664050  .00001843  00000-0  90505-3 0  9997
2 34790 074.0588 014.9838 0110320 041.4799 349.5746 14.15272746255224
0 COSMOS 2251 DEB
1 34790U 93036AAT 14050.04470029  .00002138  00000-0  10476-2 0  9994
2 34790 074.0590 012.9485 0110350 039.1818 078.9148 14.15277934255382
0 COSMOS 2251 DEB
1 34790U 93036AAT 14051.31760110  .00002357  00000-0  11532-2 0  9995
2 34790 074.0591 010.6920 0110454 036.6486 084.3256 14.15285323255562
0 COSMOS 2251 DEB
1 34790U 93036AAT 14052.93037549  .00003102  00000-0  15137-2 0  9991
2 34790 074.0590 007.8352 0110448 033.4224 021.4567 14.15293071255797
0 COSMOS 2251 DEB
1 34790U 93036AAT 14054.56749023  .00002865  00000-0  13988-2 0  9996
2 34790 074.0594 004.9327 0110538 030.1428 082.6564 14.15302574256023
0 COSMOS 2251 DEB
1 34790U 93036AAT 14055.61672940  .00002952  00000-0  14407-2 0  9990
2 34790 074.0598 003.0724 0110608 028.0403 028.6273 14.15310508256174
0 COSMOS 2251 DEB
1 34790U 93036AAT 14056.81274066  .00002951  00000-0  14398-2 0  9998
2 34790 074.0608 000.9524 0110623 025.6330 002.4579 14.15319188256340
0 COSMOS 2251 DEB
1 34790U 93036AAT 14058.16224802  .00003828  00000-0  18635-2 0  9993
2 34790 074.0615 358.5604 0110679 022.9152 038.4216 14.15327767256532
0 COSMOS 2251 DEB
1 34790U 93036AAT 14059.23351662  .00003963  00000-0  19285-2 0  9999
2 34790 074.0617 356.6615 0110722 020.7652 096.7418 14.15341059256682
0 COSMOS 2251 DEB
1 34790U 93036AAT 14060.56379505  .00003683  00000-0  17928-2 0  9994
2 34790 074.0619 354.3045 0110722 018.0672 034.8659 14.15353468256876
0 COSMOS 2251 DEB
1 34790U 93036AAT 14061.62623198  .00003335  00000-0  16243-2 0  9995
2 34790 074.0617 352.4215 0110788 015.9231 048.2936 14.15362311257023
0 COSMOS 2251 DEB
1 34790U 93036AAT 14062.89915616  .00002929  00000-0  14275-2 0  9995
2 34790 074.0612 350.1648 0110839 013.3537 054.2542 14.15372304257204
0 COSMOS 2251 DEB
1 34790U 93036AAT 14064.17094885  .00002627  00000-0  12813-2 0  9995
2 34790 074.0608 347.9103 0110897 010.7787 054.5015 14.15380357257385
0 COSMOS 2251 DEB
1 34790U 93036AAT 14066.23190273  .00002189  00000-0  10697-2 0  9993
2 34790 074.0604 344.2564 0110967 006.6315 115.8622 14.15391698257678
0 COSMOS 2251 DEB
1 34790U 93036AAT 14067.84536123  .00001911  00000-0  93490-3 0  9994
2 34790 074.0602 341.3948 0110990 003.4246 057.0740 14.15399666257901
0 COSMOS 2251 DEB
1 34790U 93036AAT 14069.20010301  .00001965  00000-0  96091-3 0  9990
2 34790 074.0601 338.9931 0110988 000.7607 120.0280 14.15404879258096
0 COSMOS 2251 DEB
1 34790U 93036AAT 14070.81478528  .00001553  00000-0  76220-3 0  9993
2 34790 074.0607 336.1315 0111003 357.5694 067.5301 14.15412003258329
0 COSMOS 2251 DEB
1 34790U 93036AAT 14072.16865477  .00001933  00000-0  94571-3 0  9997
2 34790 074.0605 333.7310 0111019 354.8994 126.1023 14.15416401258515
0 COSMOS 2251 DEB
1 34790U 93036AAT 14073.49844998  .00001886  00000-0  92258-3 0  9996
2 34790 074.0597 331.3736 0110991 352.2783 062.0276 14.15422594258706
0 COSMOS 2251 DEB
1 34790U 93036AAT 14074.77083891  .00001718  00000-0  84145-3 0  9995
2 34790 074.0590 329.1178 0110972 349.7776 065.4541 14.15425305258880
0 COSMOS 2251 DEB
1 34790U 93036AAT 14076.13258571  .00001992  00000-0  97382-3 0  9997
2 34790 074.0583 326.7034 0110961 347.1015 164.2249 14.15428355259075
0 COSMOS 2251 DEB
1 34790U 93036AAT 14077.82428738  .00001747  00000-0  85567-3 0  9998
2 34790 074.0582 323.7013 0111003 343.7833 144.2929 14.15436761259316
0 COSMOS 2251 DEB
1 34790U 93036AAT 14080.08451837  .00001819  00000-0  89020-3 0  9994
2 34790 074.0584 319.6934 0111049 339.2569 141.4647 14.15447095259633
0 COSMOS 2251 DEB
1 34790U 93036AAT 14081.41399403  .00001785  00000-0  87353-3 0  9991
2 34790 074.0583 317.3360 0111073 336.6060 075.9327 14.15454139259828
0 COSMOS 2251 DEB
1 34790U 93036AAT 14082.68649997  .00001861  00000-0  90999-3 0  9992
2 34790 074.0582 315.0796 0111092 334.0646 080.1387 14.15459670260009
0 COSMOS 2251 DEB
1 34790U 93036AAT 14083.83139720  .00001714  00000-0  83895-3 0  9992
2 34790 074.0581 313.0495 0111126 331.7626 154.1400 14.15464045260169
0 COSMOS 2251 DEB
1 34790U 93036AAT 14085.10362762  .00001491  00000-0  73131-3 0  9992
2 34790 074.0577 310.7936 0111154 329.2187 156.9910 14.15470280260347
0 COSMOS 2251 DEB
1 34790U 93036AAT 14086.36130544  .00001252  00000-0  61626-3 0  9993
2 34790 074.0574 308.5633 0111173 326.6932 085.7248 14.15474942260525
0 COSMOS 2251 DEB
1 34790U 93036AAT 14087.78900509  .00001163  00000-0  57315-3 0  9997
2 34790 074.0572 306.0315 0111193 323.8200 160.8704 14.15479600260722
0 COSMOS 2251 DEB
1 34790U 93036AAT 14089.40283307  .00000969  00000-0  47959-3 0  9994
2 34790 074.0569 303.1693 0111167 320.5870 104.4839 14.15483609260955
0 COSMOS 2251 DEB
1 34790U 93036AAT 14090.67440818  .00000966  00000-0  47804-3 0  9993
2 34790 074.0569 300.9141 0111127 318.0328 104.0950 14.15487338261138
0 COSMOS 2251 DEB
1 34790U 93036AAT 14092.37076914  .00001088  00000-0  53693-3 0  9993
2 34790 074.0565 297.9047 0111012 314.6036 108.3517 14.15490185261371
0 COSMOS 2251 DEB
1 34790U 93036AAT 14094.34986690  .00001124  00000-0  55451-3 0  9998
2 34790 074.0563 294.3947 0110965 310.6356 113.3610 14.15493824261650
0 COSMOS 2251 DEB
1 34790U 93036AAT 14095.70553626  .00001193  00000-0  58756-3 0  9995
2 34790 074.0562 291.9905 0110975 307.9247 181.5356 14.15496297261847
0 COSMOS 2251 DEB
1 34790U 93036AAT 14096.98184981  .00001259  00000-0  61933-3 0  9994
2 34790 074.0561 289.7267 0110937 305.3673 205.3529 14.15497362262027
0 COSMOS 2251 DEB
1 34790U 93036AAT 14098.51279041  .00001304  00000-0  64139-3 0  9999
2 34790 074.0562 287.0115 0110916 302.3068 086.6972 14.15500774262241
0 COSMOS 2251 DEB
1 34790U 93036AAT 14099.66412020  .00001347  00000-0  66203-3 0  9993
2 34790 074.0564 284.9693 0110905 299.9848 193.6592 14.15503767262405
0 COSMOS 2251 DEB
1 34790U 93036AAT 14100.72294882  .00001387  00000-0  68135-3 0  9997
2 34790 074.0567 283.0913 0110913 297.8393 189.2721 14.15505801262556
0 COSMOS 2251 DEB
1 34790U 93036AAT 14101.92972968  .00001409  00000-0  69153-3 0  9994
2 34790 074.0570 280.9509 0110947 295.4152 218.8112 14.15510135262729
0 COSMOS 2251 DEB
1 34790U 93036AAT 14103.62100538  .00001330  00000-0  65349-3 0  9995
2 34790 074.0574 277.9511 0111013 292.0348 197.2654 14.15516611262969
0 COSMOS 2251 DEB
1 34790U 93036AAT 14105.17368206  .00001116  00000-0  55012-3 0  9993
2 34790 074.0576 275.1972 0111087 288.9333 189.4705 14.15521968263187
0 COSMOS 2251 DEB
1 34790U 93036AAT 14106.50419951  .00000982  00000-0  48571-3 0  9997
2 34790 074.0577 272.8375 0111164 286.2532 129.6282 14.15526542263377
0 COSMOS 2251 DEB
1 34790U 93036AAT 14108.48300132  .00001129  00000-0  55638-3 0  9992
2 34790 074.0577 269.3281 0111284 282.2916 133.3827 14.15534535263658
0 COSMOS 2251 DEB
1 34790U 93036AAT 14111.88948207  .00001389  00000-0  68132-3 0  9992
2 34790 074.0576 263.2864 0111482 275.4685 212.5685 14.15547558264139
0 COSMOS 2251 DEB
1 34790U 93036AAT 14113.86770668  .00001200  00000-0  59025-3 0  9999
2 34790 074.0575 259.7774 0111518 271.5212 213.5200 14.15552045264413
0 COSMOS 2251 DEB
1 34790U 93036AAT 14115.85204344  .00000877  00000-0  43440-3 0  9996
2 34790 074.0577 256.2580 0111612 267.4925 245.7227 14.15557502264691
0 COSMOS 2251 DEB
1 34790U 93036AAT 14119.15674854  .00000974  00000-0  48138-3 0  9997
2 34790 074.0579 250.3969 0111474 260.8893 166.5002 14.15561598265160
0 COSMOS 2251 DEB
1 34790U 93036AAT 14120.35047728  .00001004  00000-0  49564-3 0  9994
2 34790 074.0578 248.2797 0111510 258.4787 129.7815 14.15564756265331
0 COSMOS 2251 DEB
1 34790U 93036AAT 14121.41857462  .00001026  00000-0  50597-3 0  9998
2 34790 074.0578 246.3853 0111495 256.3347 172.8348 14.15566509265488
0 COSMOS 2251 DEB
1 34790U 93036AAT 14122.77218664  .00001037  00000-0  51132-3 0  9991
2 34790 074.0579 243.9847 0111429 253.6226 230.8898 14.15567844265677
0 COSMOS 2251 DEB
1 34790U 93036AAT 14124.10143377  .00001133  00000-0  55764-3 0  9990
2 34790 074.0581 241.6272 0111394 250.9768 164.7684 14.15570663265861
0 COSMOS 2251 DEB
1 34790U 93036AAT 14125.45583828  .00001108  00000-0  54557-3 0  9999
2 34790 074.0584 239.2254 0111492 248.2923 226.8507 14.15575529266051
0 COSMOS 2251 DEB
1 34790U 93036AAT 14127.06947610  .00001181  00000-0  58053-3 0  9997
2 34790 074.0586 236.3635 0111501 245.0982 170.0158 14.15579108266289
0 COSMOS 2251 DEB
1 34790U 93036AAT 14130.03747582  .00001082  00000-0  53260-3 0  9999
2 34790 074.0585 231.0999 0111561 239.2426 175.1107 14.15589206266704
0 COSMOS 2251 DEB
1 34790U 93036AAT 14135.26885161  .00000913  00000-0  45122-3 0  9995
2 34790 074.0577 221.8226 0111489 228.8614 194.7938 14.15603750267449
0 COSMOS 2251 DEB
1 34790U 93036AAT 14136.32985172  .00000872  00000-0  43158-3 0  9997
2 34790 074.0575 219.9409 0111455 226.7418 201.8176 14.15606329267595
0 COSMOS 2251 DEB
1 34790U 93036AAT 14137.68426122  .00000797  00000-0  39545-3 0  9993
2 34790 074.0575 217.5387 0111489 224.0219 264.1294 14.15608944267780
0 COSMOS 2251 DEB
1 34790U 93036AAT 14139.29826088  .00000563  00000-0  28286-3 0  9998
2 34790 074.0571 214.6757 0111432 220.7582 209.3989 14.15611975268016
0 COSMOS 2251 DEB
1 34790U 93036AAT 14140.65738626  .00000549  00000-0  27631-3 0  9997
2 34790 074.0571 212.2652 0111446 218.0148 295.7868 14.15613300268207
0 COSMOS 2251 DEB
1 34790U 93036AAT 14142.63014635  .00000606  00000-0  30357-3 0  9997
2 34790 074.0568 208.7662 0111418 214.0502 269.3811 14.15615022268481
0 COSMOS 2251 DEB
1 34790U 93036AAT 14144.16679584  .00000706  00000-0  35151-3 0  9995
2 34790 074.0567 206.0408 0111390 210.9629 180.4758 14.15617452268700
0 COSMOS 2251 DEB
1 34790U 93036AAT 14145.31660438  .00000739  00000-0  36731-3 0  9992
2 34790 074.0565 204.0013 0111484 208.6962 280.1143 14.15618469268868
0 COSMOS 2251 DEB
1 34790U 93036AAT 14146.59284985  .00000761  00000-0  37783-3 0  9995
2 34790 074.0564 201.7378 0111403 206.1387 304.1429 14.15620249269044
0 COSMOS 2251 DEB
1 34790U 93036AAT 14148.12194365  .00000678  00000-0  33789-3 0  9997
2 34790 074.0563 199.0255 0111398 203.1018 176.7240 14.15623046269263
0 COSMOS 2251 DEB
1 34790U 93036AAT 14149.55630737  .00000608  00000-0  30433-3 0  9999
2 34790 074.0567 196.4817 0111308 200.2408 286.5666 14.15625714269462
0 COSMOS 2251 DEB
1 34790U 93036AAT 14151.16801050  .00000529  00000-0  26631-3 0  9994
2 34790 074.0566 193.6233 0111213 197.0208 220.1873 14.15630059269695
0 COSMOS 2251 DEB
1 34790U 93036AAT 14152.52930199  .00000495  00000-0  24981-3 0  9990
2 34790 074.0564 191.2087 0111163 194.3336 317.6367 14.15631438269883
0 COSMOS 2251 DEB
1 34790U 93036AAT 14154.13607343  .00000451  00000-0  22881-3 0  9990
2 34790 074.0560 188.3587 0111096 191.1420 226.1408 14.15633795270111
0 COSMOS 2251 DEB
1 34790U 93036AAT 14155.49879831  .00000435  00000-0  22103-3 0  9992
2 34790 074.0557 185.9416 0111019 188.4229 330.9472 14.15635345270301
0 COSMOS 2251 DEB
1 34790U 93036AAT 14157.47146376  .00000430  00000-0  21871-3 0  9999
2 34790 074.0559 182.4429 0110988 184.4822 304.1897 14.15637245270583
0 COSMOS 2251 DEB
1 34790U 93036AAT 14158.53153995  .00000399  00000-0  20354-3 0  9991
2 34790 074.0558 180.5626 0110978 182.3465 306.6508 14.15638405270731
0 COSMOS 2251 DEB
1 34790U 93036AAT 14160.14447032  .00000340  00000-0  17552-3 0  9991
2 34790 074.0557 177.7016 0110954 179.0873 246.6366 14.15641554270960
0 COSMOS 2251 DEB
1 34790U 93036AAT 14161.84074405  .00000343  00000-0  17699-3 0  9994
2 34790 074.0557 174.6928 0110949 175.6535 251.3897 14.15642701271204
0 COSMOS 2251 DEB
1 34790U 93036AAT 14163.03571578  .00000469  00000-0  23746-3 0  9999
2 34790 074.0557 172.5731 0110949 173.2265 221.3609 14.15643887271379
0 COSMOS 2251 DEB
1 34790U 93036AAT 14164.18332793  .00000523  00000-0  26309-3 0  9999
2 34790 074.0559 170.5376 0110941 170.8940 309.9802 14.15644769271535
0 COSMOS 2251 DEB
1 34790U 93036AAT 14165.46196933  .00000549  00000-0  27557-3 0  9999
2 34790 074.0559 168.2694 0110919 168.2843 346.3845 14.15646281271713
0 COSMOS 2251 DEB
1 34790U 93036AAT 14167.15408446  .00000798  00000-0  39552-3 0  9996
2 34790 074.0561 165.2679 0110938 164.8297 330.0094 14.15645626271956
0 COSMOS 2251 DEB
1 34790U 93036AAT 14168.42915771  .00000698  00000-0  34728-3 0  9990
2 34790 074.0562 163.0063 0110932 162.2233 348.2422 14.15647087272136
0 COSMOS 2251 DEB
1 34790U 93036AAT 14169.69591498  .00000712  00000-0  35385-3 0  9993
2 34790 074.0563 160.7590 0110882 159.6556 324.0759 14.15648662272313
0 COSMOS 2251 DEB
1 34790U 93036AAT 14170.74304115  .00000692  00000-0  34432-3 0  9998
2 34790 074.0564 158.9015 0110853 157.5303 260.6011 14.15650276272466
0 COSMOS 2251 DEB
1 34790U 93036AAT 14172.09818595  .00000668  00000-0  33307-3 0  9993
2 34790 074.0566 156.4976 0110858 154.7545 326.9294 14.15652805272659
0 COSMOS 2251 DEB
1 34790U 93036AAT 14173.99359422  .00000531  00000-0  26692-3 0  9990
2 34790 074.0570 153.1355 0110807 150.8975 266.6340 14.15656077272924
0 COSMOS 2251 DEB
1 34790U 93036AAT 14175.63110074  .00000352  00000-0  18095-3 0  9990
2 34790 074.0573 150.2309 0110725 147.5736 331.9845 14.15658838273150
0 COSMOS 2251 DEB
1 34790U 93036AAT 14177.11628711  .00000262  00000-0  13775-3 0  9997
2 34790 074.0575 147.5968 0110663 144.5599 341.0667 14.15660344273369
0 COSMOS 2251 DEB
1 34790U 93036AAT 14178.23429517  .00000221  00000-0  11801-3 0  9997
2 34790 074.0575 145.6137 0110633 142.2875 278.8768 14.15661405273521
0 COSMOS 2251 DEB
1 34790U 93036AAT 14180.08425280  .00000212  00000-0  11339-3 0  9992
2 34790 074.0574 142.3325 0110591 138.5303 346.9972 14.15662850273787
0 COSMOS 2251 DEB
1 34790U 93036AAT 14181.35675272  .00000207  00000-0  11123-3 0  9996
2 34790 074.0572 140.0755 0110601 135.9399 352.1747 14.15664297273961
0 COSMOS 2251 DEB
1 34790U 93036AAT 14183.05207231  .00000340  00000-0  17506-3 0  9990
2 34790 074.0573 137.0687 0110602 132.5000 352.2116 14.15666127274208
0 COSMOS 2251 DEB
1 34790U 93036AAT 14184.32440140  .00000548  00000-0  27504-3 0  9998
2 34790 074.0574 134.8119 0110636 129.9137 356.5305 14.15667390274381
0 COSMOS 2251 DEB
1 34790U 93036AAT 14185.86075175  .00000560  00000-0  28076-3 0  9999
2 34790 074.0575 132.0869 0110697 126.7904 266.4199 14.15670067274608
0 COSMOS 2251 DEB
1 34790U 93036AAT 14187.00986831  .00000664  00000-0  33053-3 0  9993
2 34790 074.0577 130.0487 0110744 124.4545 002.8143 14.15671680274763
0 COSMOS 2251 DEB
1 34790U 93036AAT 14188.28101278  .00000951  00000-0  46870-3 0  9998
2 34790 074.0578 127.7940 0110804 121.8724 001.1242 14.15673392274942
0 COSMOS 2251 DEB
1 34790U 93036AAT 14189.81767434  .00001129  00000-0  55402-3 0  9999
2 34790 074.0579 125.0683 0110872 118.7504 272.6375 14.15677269275168
0 COSMOS 2251 DEB
1 34790U 93036AAT 14190.96541861  .00001350  00000-0  65999-3 0  9999
2 34790 074.0580 123.0325 0110894 116.4236 002.0640 14.15679521275323
0 COSMOS 2251 DEB
1 34790U 93036AAT 14192.24360714  .00001341  00000-0  65589-3 0  9993
2 34790 074.0579 120.7652 0110925 113.8207 036.3177 14.15682329275507
0 COSMOS 2251 DEB
1 34790U 93036AAT 14193.85053219  .00001157  00000-0  56737-3 0  9990
2 34790 074.0580 117.9149 0110935 110.5424 305.9893 14.15687245275731
0 COSMOS 2251 DEB
1 34790U 93036AAT 14194.92435134  .00000945  00000-0  46548-3 0  9992
2 34790 074.0580 116.0101 0110933 108.3507 018.7076 14.15690198275883
0 COSMOS 2251 DEB
1 34790U 93036AAT 14196.19560273  .00000838  00000-0  41399-3 0  9996
2 34790 074.0581 113.7550 0110929 105.7564 017.6531 14.15692659276064
0 COSMOS 2251 DEB
1 34790U 93036AAT 14197.52548608  .00000628  00000-0  31292-3 0  9990
2 34790 074.0582 111.3960 0110906 103.0400 315.4308 14.15695947276254
0 COSMOS 2251 DEB
1 34790U 93036AAT 14198.79702581  .00000324  00000-0  16718-3 0  9991
2 34790 074.0583 109.1406 0110912 100.4456 315.8683 14.15698530276435
0 COSMOS 2251 DEB
1 34790U 93036AAT 14199.86880200  .00000266  00000-0  13931-3 0  9994
2 34790 074.0582 107.2395 0110911 098.2611 018.2145 14.15699477276580
0 COSMOS 2251 DEB
1 34790U 93036AAT 14201.76631584  .00000097  00000-0  58083-4 0  9996
2 34790 074.0580 103.8738 0110908 094.4007 328.9652 14.15701317276855
0 COSMOS 2251 DEB
1 34790U 93036AAT 14203.74434366  .00000065  00000-0  42467-4 0  9999
2 34790 074.0575 100.3652 0110955 090.3936 330.0546 14.15701977277134
0 COSMOS 2251 DEB
1 34790U 93036AAT 14205.08861292  .00000075  00000-0  47401-4 0  9994
2 34790 074.0571 097.9807 0110993 087.6748 341.1713 14.15702400277327
0 COSMOS 2251 DEB
1 34790U 93036AAT 14206.78392502  .00000189  00000-0  10237-3 0  9997
2 34790 074.0567 094.9734 0111058 084.2605 341.3780 14.15702418277567
0 COSMOS 2251 DEB
1 34790U 93036AAT 14208.13809608  .00000300  00000-0  15564-3 0  9991
2 34790 074.0565 092.5712 0111114 081.5355 042.9505 14.15703004277752
0 COSMOS 2251 DEB
1 34790U 93036AAT 14209.67504677  .00000558  00000-0  27941-3 0  9996
2 34790 074.0565 089.8446 0111192 078.4547 316.0579 14.15703567277973
0 COSMOS 2251 DEB
1 34790U 93036AAT 14211.11092718  .00000605  00000-0  30213-3 0  9995
2 34790 074.0566 087.2973 0111275 075.5728 074.0687 14.15704357278174
0 COSMOS 2251 DEB
1 34790U 93036AAT 14212.64221177  .00000990  00000-0  48699-3 0  9991
2 34790 074.0567 084.5807 0111338 072.4990 318.3158 14.15706025278393
0 COSMOS 2251 DEB
1 34790U 93036AAT 14213.70904019  .00001251  00000-0  61221-3 0  9999
2 34790 074.0567 082.6880 0111372 070.3497 355.4595 14.15707940278541
0 COSMOS 2251 DEB
1 34790U 93036AAT 14214.77898852  .00001382  00000-0  67494-3 0  9997
2 34790 074.0567 080.7899 0111406 068.1962 048.5081 14.15711757278697
0 COSMOS 2251 DEB
1 34790U 93036AAT 14216.05215406  .00001417  00000-0  69145-3 0  9992
2 34790 074.0567 078.5311 0111448 065.6300 057.2822 14.15714710278877
0 COSMOS 2251 DEB
1 34790U 93036AAT 14217.38212914  .00001338  00000-0  65378-3 0  9996
2 34790 074.0567 076.1713 0111473 062.9262 355.6295 14.15719057279062
0 COSMOS 2251 DEB
1 34790U 93036AAT 14218.44436096  .00001000  00000-0  49121-3 0  9997
2 34790 074.0567 074.2865 0111484 060.7615 009.4099 14.15723825279210
0 COSMOS 2251 DEB
1 34790U 93036AAT 14219.72484758  .00000745  00000-0  36918-3 0  9992
2 34790 074.0567 072.0146 0111494 058.1664 055.5568 14.15727910279395
0 COSMOS 2251 DEB
1 34790U 93036AAT 14221.41229830  .00000706  00000-0  35007-3 0  9994
2 34790 074.0568 069.0205 0111509 054.7203 015.8994 14.15731503279638
0 COSMOS 2251 DEB
1 34790U 93036AAT 14222.69246664  .00000305  00000-0  15805-3 0  9998
2 34790 074.0570 066.7493 0111503 052.1243 060.4613 14.15735088279810
0 COSMOS 2251 DEB
1 34790U 93036AAT 14223.75462920  .00000196  00000-0  10557-3 0  9998
2 34790 074.0570 064.8648 0111504 049.9608 073.9479 14.15736532279961
0 COSMOS 2251 DEB
1 34790U 93036AAT 14225.36860998  .00000111  00000-0  64726-4 0  9999
2 34790 074.0569 062.0011 0111499 046.6900 019.8621 14.15737942280196
0 COSMOS 2251 DEB
1 34790U 93036AAT 14226.72228640  .00000058  00000-0  39628-4 0  9995
2 34790 074.0567 059.5994 0111474 043.9666 079.0815 14.15738295280383
0 COSMOS 2251 DEB
1 34790U 93036AAT 14227.99477561  .00000126  00000-0  72239-4 0  9994
2 34790 074.0566 057.3420 0111510 041.3840 084.5431 14.15737921280569
0 COSMOS 2251 DEB
1 34790U 93036AAT 14229.97296450  .00000168  00000-0  92097-4 0  9990
2 34790 074.0564 053.8322 0111498 037.4111 086.6836 14.15738261280842
0 COSMOS 2251 DEB
1 34790U 93036AAT 14231.30395855  .00000240  00000-0  12669-3 0  9996
2 34790 074.0565 051.4706 0111513 034.7361 030.3009 14.15738488281039
0 COSMOS 2251 DEB
1 34790U 93036AAT 14232.65703924  .00000425  00000-0  21582-3 0  9994
2 34790 074.0567 049.0696 0111543 032.0185 086.4881 14.15738673281227
0 COSMOS 2251 DEB
1 34790U 93036AAT 14234.27088449  .00000619  00000-0  30848-3 0  9992
2 34790 074.0572 046.2065 0111514 028.7721 031.7130 14.15738994281459
0 COSMOS 2251 DEB
1 34790U 93036AAT 14235.62469763  .00000689  00000-0  34224-3 0  9993
2 34790 074.0576 043.8044 0111515 026.0458 091.6458 14.15740049281645
0 COSMOS 2251 DEB
1 34790U 93036AAT 14236.89763361  .00000841  00000-0  41505-3 0  9994
2 34790 074.0579 041.5458 0111534 023.4718 099.3892 14.15741399281829
0 COSMOS 2251 DEB
1 34790U 93036AAT 14240.64383719  .00000867  00000-0  42769-3 0  9998
2 34790 074.0584 034.8987 0111666 015.8558 112.6560 14.15750392282353
0 COSMOS 2251 DEB
1 34790U 93036AAT 14241.84409527  .00000790  00000-0  39073-3 0  9996
2 34790 074.0586 032.7692 0111713 013.3990 110.0493 14.15753922282529
0 COSMOS 2251 DEB
1 34790U 93036AAT 14243.24669662  .00000587  00000-0  29338-3 0  9997
2 34790 074.0587 030.2806 0111770 010.5287 058.7476 14.15757932282727
0 COSMOS 2251 DEB
1 34790U 93036AAT 14245.43693065  .00000313  00000-0  16199-3 0  9992
2 34790 074.0591 026.3948 0111870 006.0465 061.8445 14.15762634283035
0 COSMOS 2251 DEB
1 34790U 93036AAT 14246.49731896  .00000165  00000-0  91022-4 0  9998
2 34790 074.0592 024.5134 0111910 003.8680 066.4113 14.15764223283187
0 COSMOS 2251 DEB
1 34790U 93036AAT 14247.76869336  .00000168  00000-0  92645-4 0  9995
2 34790 074.0593 022.2578 0111961 001.2691 066.3257 14.15765577283366
0 COSMOS 2251 DEB
1 34790U 93036AAT 14249.46532534  .00000293  00000-0  15250-3 0  9996
2 34790 074.0593 019.2479 0112024 357.8224 073.6713 14.15767394283609
0 COSMOS 2251 DEB
1 34790U 93036AAT 14250.73633226  .00000296  00000-0  15405-3 0  9993
2 34790 074.0593 016.9931 0112057 355.2432 071.7113 14.15768282283784
0 COSMOS 2251 DEB
1 34790U 93036AAT 14252.14869126  .00000418  00000-0  21231-3 0  9990
2 34790 074.0591 014.4876 0112081 352.3832 070.1897 14.15769219283987
0 COSMOS 2251 DEB
1 34790U 93036AAT 14253.70556981  .00000719  00000-0  35662-3 0  9992
2 34790 074.0589 011.7255 0112112 349.2396 085.2532 14.15769865284206
0 COSMOS 2251 DEB
1 34790U 93036AAT 14256.31129985  .00000958  00000-0  47096-3 0  9991
2 34790 074.0590 007.1026 0112156 343.9823 046.0926 14.15776057284570
0 COSMOS 2251 DEB
1 34790U 93036AAT 14257.37856973  .00001078  00000-0  52846-3 0  9995
2 34790 074.0592 005.2090 0112183 341.8310 085.7537 14.15776661284726
0 COSMOS 2251 DEB
1 34790U 93036AAT 14258.64889067  .00001115  00000-0  54635-3 0  9996
2 34790 074.0595 002.9556 0112246 339.2508 080.3505 14.15778458284902
0 COSMOS 2251 DEB
1 34790U 93036AAT 14259.72669905  .00001152  00000-0  56396-3 0  9990
2 34790 074.0598 001.0437 0112277 337.0762 173.7361 14.15780344285056
0 COSMOS 2251 DEB
1 34790U 93036AAT 14261.05038010  .00001281  00000-0  62543-3 0  9990
2 34790 074.0599 358.6955 0112348 334.3943 080.3076 14.15782953285248
0 COSMOS 2251 DEB
1 34790U 93036AAT 14263.10233796  .00001246  00000-0  60855-3 0  9991
2 34790 074.0599 355.0553 0112505 330.2318 098.8075 14.15789500285539
0 COSMOS 2251 DEB
1 34790U 93036AAT 14264.38306675  .00001027  00000-0  50384-3 0  9992
2 34790 074.0597 352.7832 0112628 327.6324 146.4996 14.15793373285719
0 COSMOS 2251 DEB
1 34790U 93036AAT 14266.27929741  .00000764  00000-0  37783-3 0  9992
2 34790 074.0594 349.4191 0112816 323.7981 091.3290 14.15798887285981
0 COSMOS 2251 DEB
1 34790U 93036AAT 14266.98507465  .00000696  00000-0  34534-3 0  9990
2 34790 074.0593 348.1670 0112885 322.3728 088.5881 14.15801036286085
0 COSMOS 2251 DEB
1 34790U 93036AAT 14269.32940368  .00000794  00000-0  39192-3 0  9998
2 34790 074.0590 344.0077 0113086 317.6416 157.3775 14.15807159286419
0 COSMOS 2251 DEB
1 34790U 93036AAT 14270.39159832  .00000942  00000-0  46268-3 0  9992
2 34790 074.0589 342.1232 0113162 315.5036 171.2813 14.15810376286568
0 COSMOS 2251 DEB
1 34790U 93036AAT 14272.00334561  .00001035  00000-0  50733-3 0  9992
2 34790 074.0586 339.2635 0113237 312.2784 106.2056 14.15813975286796
0 COSMOS 2251 DEB
1 34790U 93036AAT 14273.98298373  .00001112  00000-0  54384-3 0  9992
2 34790 074.0582 335.7511 0113328 308.3024 116.2824 14.15819350287079
0 COSMOS 2251 DEB
1 34790U 93036AAT 14275.33893565  .00001131  00000-0  55304-3 0  9991
2 34790 074.0578 333.3453 0113371 305.5857 187.4928 14.15822291287268
0 COSMOS 2251 DEB
1 34790U 93036AAT 14276.60931189  .00001210  00000-0  59042-3 0  9998
2 34790 074.0575 331.0912 0113391 303.0480 182.5376 14.15825007287448
0 COSMOS 2251 DEB
1 34790U 93036AAT 14278.14504733  .00001332  00000-0  64868-3 0  9997
2 34790 074.0571 328.3660 0113425 299.9811 090.1246 14.15829564287668
0 COSMOS 2251 DEB
1 34790U 93036AAT 14279.29461738  .00001463  00000-0  71144-3 0  9991
2 34790 074.0570 326.3260 0113419 297.6865 189.4593 14.15832189287820
0 COSMOS 2251 DEB
1 34790U 93036AAT 14280.56525676  .00001539  00000-0  74744-3 0  9998
2 34790 074.0569 324.0712 0113403 295.1531 185.8910 14.15835252288009
0 COSMOS 2251 DEB
1 34790U 93036AAT 14282.10139457  .00001272  00000-0  62000-3 0  9994
2 34790 074.0570 321.3450 0113465 292.1032 095.5662 14.15842447288220
0 COSMOS 2251 DEB
1 34790U 93036AAT 14283.45063836  .00001201  00000-0  58575-3 0  9994
2 34790 074.0571 318.9505 0113490 289.4260 132.6731 14.15847543288417
0 COSMOS 2251 DEB
1 34790U 93036AAT 14284.52274934  .00001167  00000-0  56975-3 0  9999
2 34790 074.0571 317.0479 0113528 287.3011 197.2445 14.15850592288563
0 COSMOS 2251 DEB
1 34790U 93036AAT 14285.79310307  .00001600  00000-0  77626-3 0  9992
2 34790 074.0571 314.7935 0113565 284.7789 192.2835 14.15853904288746
0 COSMOS 2251 DEB
1 34790U 93036AAT 14287.12343485  .00000824  00000-0  40577-3 0  9996
2 34790 074.0570 312.4328 0113635 282.1546 133.0308 14.15859174288931
0 COSMOS 2251 DEB
1 34790U 93036AAT 14288.39552638  .00000632  00000-0  31383-3 0  9990
2 34790 074.0568 310.1754 0113717 279.6565 136.9353 14.15864829289115
0 COSMOS 2251 DEB
1 34790U 93036AAT 14290.09101916  .00000437  00000-0  22092-3 0  9999
2 34790 074.0565 307.1664 0113756 276.3034 138.9901 14.15869946289358
0 COSMOS 2251 DEB
1 34790U 93036AAT 14291.36354170  .00000394  00000-0  20018-3 0  9990
2 34790 074.0564 304.9080 0113762 273.7777 145.1669 14.15873168289538
0 COSMOS 2251 DEB
1 34790U 93036AAT 14293.70730559  .00001755  00000-0  84952-3 0  9998
2 34790 074.0563 300.7483 0113742 269.1159 211.6191 14.15881635289862
0 COSMOS 2251 DEB
1 34790U 93036AAT 14294.75397160  .00001916  00000-0  92658-3 0  9992
2 34790 074.0564 298.8909 0113716 267.0239 146.6425 14.15884232290012
0 COSMOS 2251 DEB
1 34790U 93036AAT 14295.81574747  .00001827  00000-0  88387-3 0  9993
2 34790 074.0565 297.0064 0113678 264.8954 158.7035 14.15886892290163
0 COSMOS 2251 DEB
1 34790U 93036AAT 14297.45286051  .00001491  00000-0  72355-3 0  9998
2 34790 074.0565 294.1008 0113582 261.6400 223.3584 14.15893124290393
0 COSMOS 2251 DEB
1 34790U 93036AAT 14298.78391766  .00002196  00000-0  10600-2 0  9992
2 34790 074.0565 291.7385 0113493 258.9702 168.0433 14.15898071290584
0 COSMOS 2251 DEB
1 34790U 93036AAT 14300.13855619  .00002000  00000-0  96658-3 0  9999
2 34790 074.0572 289.3360 0113527 256.2458 232.9610 14.15902956290772
0 COSMOS 2251 DEB
1 34790U 93036AAT 14301.74962020  .00002145  00000-0  10354-2 0  9990
2 34790 074.0570 286.4769 0113390 253.0080 164.9717 14.15911335291005
0 COSMOS 2251 DEB
1 34790U 93036AAT 14303.10572046  .00002110  00000-0  10187-2 0  9993
2 34790 074.0567 284.0702 0113277 250.2926 237.3885 14.15914477291195
0 COSMOS 2251 DEB
1 34790U 93036AAT 14305.08274007  .00001573  00000-0  76296-3 0  9994
2 34790 074.0565 280.5611 0113102 246.3337 234.8362 14.15921952291471
0 COSMOS 2251 DEB
1 34790U 93036AAT 14306.36057706  .00001316  00000-0  64014-3 0  9991
2 34790 074.0567 278.2928 0113011 243.7814 268.3659 14.15925922291650
0 COSMOS 2251 DEB
1 34790U 93036AAT 14307.68375541  .00001422  00000-0  69074-3 0  9996
2 34790 074.0572 275.9439 0112954 241.1370 173.0347 14.15930190291841
0 COSMOS 2251 DEB
1 34790U 93036AAT 14309.11229734  .00001049  00000-0  51274-3 0  9996
2 34790 074.0576 273.4066 0112767 238.3449 254.7302 14.15938816292045
0 COSMOS 2251 DEB
1 34790U 93036AAT 14310.22872950  .00001088  00000-0  53136-3 0  9996
2 34790 074.0578 271.4254 0112687 236.1158 185.5883 14.15942302292206
0 COSMOS 2251 DEB
1 34790U 93036AAT 14311.30110218  .00001126  00000-0  54960-3 0  9997
2 34790 074.0577 269.5224 0112603 233.9784 251.8721 14.15946392292355
0 COSMOS 2251 DEB
1 34790U 93036AAT 14314.34694025  .00001445  00000-0  70169-3 0  9990
2 34790 074.0575 264.1170 0112392 227.8687 297.7666 14.15958547292782
0 COSMOS 2251 DEB
1 34790U 93036AAT 14317.85304948  .00000927  00000-0  45429-3 0  9996
2 34790 074.0575 257.8947 0112149 220.7696 170.0855 14.15970253293282
0 COSMOS 2251 DEB
1 34790U 93036AAT 14320.19177264  .00001465  00000-0  71104-3 0  9993
2 34790 074.0577 253.7438 0112012 215.9906 211.7983 14.15982586293617
0 COSMOS 2251 DEB
1 34790U 93036AAT 14322.25732073  .00002161  00000-0  10429-2 0  9993
2 34790 074.0582 250.0791 0111996 211.8208 301.0270 14.15986144293903
0 COSMOS 2251 DEB
1 34790U 93036AAT 14323.86584749  .00001824  00000-0  88212-3 0  9997
2 34790 074.0584 247.2243 0111879 208.5226 220.6454 14.15991863294138
0 COSMOS 2251 DEB
1 34790U 93036AAT 14325.22422836  .00001963  00000-0  94850-3 0  9996
2 34790 074.0583 244.8137 0111787 205.7459 305.1394 14.15996939294329
0 COSMOS 2251 DEB
1 34790U 93036AAT 14326.83093709  .00001691  00000-0  81886-3 0  9990
2 34790 074.0580 241.9624 0111680 202.4696 215.5312 14.16002542294552
0 COSMOS 2251 DEB
1 34790U 93036AAT 14328.10341556  .00001303  00000-0  63380-3 0  9997
2 34790 074.0575 239.7024 0111424 199.8485 222.1904 14.16009384294738
0 COSMOS 2251 DEB
1 34790U 93036AAT 14329.58855683  .00001325  00000-0  64426-3 0  9997
2 34790 074.0575 237.0666 0111318 196.8465 232.9092 14.16015000294940
0 COSMOS 2251 DEB
1 34790U 93036AAT 14331.07066093  .00001525  00000-0  73957-3 0  9994
2 34790 074.0575 234.4362 0111210 193.8465 228.1812 14.16020507295151
0 COSMOS 2251 DEB
1 34790U 93036AAT 14332.14287575  .00001278  00000-0  62193-3 0  9998
2 34790 074.0576 232.5333 0111133 191.6726 293.9988 14.16025161295301
0 COSMOS 2251 DEB
1 34790U 93036AAT 14333.83658429  .00001335  00000-0  64870-3 0  9993
2 34790 074.0574 229.5274 0111037 188.2569 288.0114 14.16032486295549
0 COSMOS 2251 DEB
1 34790U 93036AAT 14334.89883823  .00001410  00000-0  68472-3 0  9994
2 34790 074.0572 227.6423 0110969 186.0946 303.1025 14.16036133295699
0 COSMOS 2251 DEB
1 34790U 93036AAT 14336.80448002  .00001236  00000-0  60148-3 0  9991
2 34790 074.0567 224.2603 0110871 182.2071 297.6085 14.16042928295967
0 COSMOS 2251 DEB
1 34790U 93036AAT 14337.86530964  .00000915  00000-0  44840-3 0  9991
2 34790 074.0564 222.3775 0110852 180.0544 305.4699 14.16047358296112
0 COSMOS 2251 DEB
1 34790U 93036AAT 14339.14259258  .00001313  00000-0  63839-3 0  9990
2 34790 074.0561 220.1106 0110814 177.4441 336.8003 14.16050279296299
0 COSMOS 2251 DEB
1 34790U 93036AAT 14340.46745916  .00001041  00000-0  50861-3 0  9997
2 34790 074.0560 217.7591 0110802 174.7191 250.7357 14.16053224296487
0 COSMOS 2251 DEB
1 34790U 93036AAT 14341.82070169  .00001052  00000-0  51382-3 0  9990
2 34790 074.0559 215.3570 0110768 171.9428 309.3355 14.16058184296679
0 COSMOS 2251 DEB
1 34790U 93036AAT 14343.09848862  .00001075  00000-0  52442-3 0  9997
2 34790 074.0559 213.0889 0110753 169.3235 343.2953 14.16059858296858
0 COSMOS 2251 DEB
1 34790U 93036AAT 14344.42288311  .00001172  00000-0  57082-3 0  9995
2 34790 074.0559 210.7379 0110731 166.5957 254.8808 14.16061003297045
0 COSMOS 2251 DEB
1 34790U 93036AAT 14345.61595752  .00001273  00000-0  61917-3 0  9991
2 34790 074.0559 208.6202 0110704 164.1566 217.0024 14.16063666297213
0 COSMOS 2251 DEB
1 34790U 93036AAT 14346.76610454  .00001504  00000-0  72905-3 0  9991
2 34790 074.0559 206.5787 0110656 161.8216 320.2804 14.16067159297371
0 COSMOS 2251 DEB
1 34790U 93036AAT 14348.04332035  .00001504  00000-0  72899-3 0  9992
2 34790 074.0558 204.3116 0110587 159.2135 351.3654 14.16072752297559
0 COSMOS 2251 DEB
1 34790U 93036AAT 14349.36708748  .00001772  00000-0  85685-3 0  9990
2 34790 074.0557 201.9619 0110514 156.5101 259.7888 14.16078314297743
0 COSMOS 2251 DEB
1 34790U 93036AAT 14350.42942271  .00001734  00000-0  83864-3 0  9995
2 34790 074.0557 200.0762 0110438 154.3641 275.4553 14.16084291297893
0 COSMOS 2251 DEB
1 34790U 93036AAT 14351.55163458  .00001720  00000-0  83209-3 0  9990
2 34790 074.0556 198.0844 0110366 152.0903 236.3944 14.16089858298058
0 COSMOS 2251 DEB
1 34790U 93036AAT 14352.97293064  .00001640  00000-0  79391-3 0  9992
2 34790 074.0556 195.5615 0110251 149.2127 282.0733 14.16096064298258
0 COSMOS 2251 DEB
1 34790U 93036AAT 14354.25450351  .00000837  00000-0  41062-3 0  9990
2 34790 074.0555 193.2863 0110134 146.6127 335.4837 14.16103416298436
0 COSMOS 2251 DEB
1 34790U 93036AAT 14355.30102483  .00002999  00000-0  14415-2 0  9999
2 34790 074.0556 191.4300 0110191 144.5119 270.6190 14.16105832298586
0 COSMOS 2251 DEB
1 34790U 93036AAT 14356.49592615  .00002470  00000-0  11892-2 0  9990
2 34790 074.0558 189.3089 0110086 142.0857 242.2353 14.16115057298758
0 COSMOS 2251 DEB
1 34790U 93036AAT 14358.00750078  .00002281  00000-0  10991-2 0  9997
2 34790 074.0562 186.6256 0110006 139.0257 028.2928 14.16120359298965
0 COSMOS 2251 DEB
1 34790U 93036AAT 14359.53265667  .00001676  00000-0  81060-3 0  9994
2 34790 074.0564 183.9182 0109940 135.9249 243.6319 14.16126619299183
0 COSMOS 2251 DEB
1 34790U 93036AAT 14360.97161174  .00001643  00000-0  79475-3 0  9993
2 34790 074.0563 181.3639 0109885 132.9981 019.5442 14.16131021299381
0 COSMOS 2251 DEB
1 34790U 93036AAT 14362.57936704  .00001299  00000-0  63086-3 0  9998
2 34790 074.0558 178.5098 0109935 129.7386 296.0286 14.16135390299618
0 COSMOS 2251 DEB
1 34790U 93036AAT 14363.65112949  .00001424  00000-0  69060-3 0  9993
2 34790 074.0557 176.6058 0109867 127.5108 000.0385 14.16139917299762
0 COSMOS 2251 DEB
1 34790U 93036AAT 14364.92750323  .00001277  00000-0  62043-3 0  9998
2 34790 074.0559 174.3397 0109816 124.9092 027.1619 14.16142140299944
0 COSMOS 2251 DEB
1 34790U 93036AAT 15001.61771466  .00001353  00000-0  65680-3 0  9999
2 34790 074.0564 171.3390 0109749 121.4680 004.0967 14.16146131300183
0 COSMOS 2251 DEB
1 34790U 93036AAT 15002.89404299  .00001441  00000-0  69851-3 0  9999
2 34790 074.0567 169.0731 0109681 118.8646 031.0184 14.16148406300364
0 COSMOS 2251 DEB
1 34790U 93036AAT 15004.42470646  .00001408  00000-0  68281-3 0  9998
2 34790 074.0570 166.3557 0109594 115.7376 274.5971 14.16155329300587
0 COSMOS 2251 DEB
1 34790U 93036AAT 15005.48958757  .00001451  00000-0  70336-3 0  9991
2 34790 074.0571 164.4653 0109506 113.5582 303.5652 14.16160002300732
0 COSMOS 2251 DEB
1 34790U 93036AAT 15007.18461262  .00001250  00000-0  60737-3 0  9991
2 34790 074.0572 161.4562 0109380 110.0834 305.1631 14.16167619300973
0 COSMOS 2251 DEB
1 34790U 93036AAT 15008.45671326  .00001418  00000-0  68755-3 0  9990
2 34790 074.0573 159.1981 0109320 107.4783 310.6302 14.16174561301151
0 COSMOS 2251 DEB
1 34790U 93036AAT 15009.52819647  .00001379  00000-0  66894-3 0  9997
2 34790 074.0573 157.2962 0109217 105.2812 013.3281 14.16179055301306
0 COSMOS 2251 DEB
1 34790U 93036AAT 15011.57800449  .00001104  00000-0  53797-3 0  9999
2 34790 074.0574 153.6573 0109131 101.0902 023.8133 14.16185442301594
0 COSMOS 2251 DEB
1 34790U 93036AAT 15013.19107731  .00000927  00000-0  45321-3 0  9999
2 34790 074.0575 150.7938 0109069 097.7959 327.7362 14.16190402301829
0 COSMOS 2251 DEB
1 34790U 93036AAT 15014.47240228  .00001011  00000-0  49327-3 0  9995
2 34790 074.0575 148.5190 0109026 095.1850 020.3239 14.16193360302005
0 COSMOS 2251 DEB
1 34790U 93036AAT 15015.82184671  .00000734  00000-0  36136-3 0  9999
2 34790 074.0575 146.1233 0108965 092.4298 060.2276 14.16196448302198
0 COSMOS 2251 DEB
1 34790U 93036AAT 15017.14663755  .00000972  00000-0  47482-3 0  9991
2 34790 074.0575 143.7714 0108975 089.7316 334.4466 14.16197960302384
0 COSMOS 2251 DEB
1 34790U 93036AAT 15018.78288296  .00000755  00000-0  37117-3 0  9998
2 34790 074.0574 140.8666 0108956 086.3888 036.5917 14.16198673302612
0 COSMOS 2251 DEB
1 34790U 93036AAT 15020.11262367  .00001042  00000-0  50804-3 0  9997
2 34790 074.0574 138.5059 0108965 083.6779 336.0719 14.16199968302808
0 COSMOS 2251 DEB
1 34790U 93036AAT 15021.75497266  .00001144  00000-0  55674-3 0  9999
2 34790 074.0575 135.5902 0108985 080.3231 069.3540 14.16203393303034
0 COSMOS 2251 DEB
1 34790U 93036AAT 15023.07880991  .00001140  00000-0  55507-3 0  9998
2 34790 074.0576 133.2400 0108982 077.6097 338.7689 14.16207459303224
0 COSMOS 2251 DEB
1 34790U 93036AAT 15024.43352616  .00001047  00000-0  51038-3 0  9998
2 34790 074.0576 130.8349 0108963 074.8217 045.6431 14.16210410303412
0 COSMOS 2251 DEB
1 34790U 93036AAT 15025.71042528  .00000860  00000-0  42138-3 0  9991
2 34790 074.0578 128.5680 0108959 072.1931 075.7878 14.16214198303590
0 COSMOS 2251 DEB
1 34790U 93036AAT 15026.97596330  .00000829  00000-0  40666-3 0  9994
2 34790 074.0581 126.3213 0108953 069.5956 048.0151 14.16219167303771
0 COSMOS 2251 DEB
1 34790U 93036AAT 15028.30591828  .00000777  00000-0  38176-3 0  9995
2 34790 074.0582 123.9604 0108944 066.8641 348.6890 14.16223266303965
0 COSMOS 2251 DEB
1 34790U 93036AAT 15029.37696716  .00000902  00000-0  44116-3 0  9996
2 34790 074.0581 122.0591 0108928 064.6587 049.3701 14.16225918304116
0 COSMOS 2251 DEB
1 34790U 93036AAT 15031.19537255  .00000688  00000-0  33957-3 0  9993
2 34790 074.0576 118.8309 0108919 060.9156 320.4281 14.16231110304376
0 COSMOS 2251 DEB
1 34790U 93036AAT 15032.41778411  .00000605  00000-0  29956-3 0  9993
2 34790 074.0571 116.6605 0108895 058.3900 072.8659 14.16233167304547
0 COSMOS 2251 DEB
1 34790U 93036AAT 15034.10212837  .00000654  00000-0  32314-3 0  9992
2 34790 074.0567 113.6702 0108903 054.9302 020.4548 14.16237043304784
0 COSMOS 2251 DEB
1 34790U 93036AAT 15036.21236052  .00000744  00000-0  36597-3 0  9998
2 34790 074.0563 109.9233 0108936 050.6427 339.4088 14.16239989305081
0 COSMOS 2251 DEB
1 34790U 93036AAT 15037.36016892  .00000797  00000-0  39135-3 0  9992
2 34790 074.0562 107.8851 0108964 048.3165 071.4844 14.16241749305245
0 COSMOS 2251 DEB
1 34790U 93036AAT 15038.63774605  .00000929  00000-0  45416-3 0  9992
2 34790 074.0561 105.6167 0109009 045.7288 105.1904 14.16244252305422
0 COSMOS 2251 DEB
1 34790U 93036AAT 15040.32824711  .00001220  00000-0  59261-3 0  9993
2 34790 074.0561 102.6149 0109067 042.2856 084.2242 14.16247458305665
0 COSMOS 2251 DEB
1 34790U 93036AAT 15042.14597968  .00001487  00000-0  71992-3 0  9996
2 34790 074.0560 099.3872 0109145 038.5990 351.9560 14.16252080305926
0 COSMOS 2251 DEB
1 34790U 93036AAT 15043.21044435  .00001428  00000-0  69148-3 0  9996
2 34790 074.0561 097.4971 0109194 036.4287 019.1665 14.16254735306071
0 COSMOS 2251 DEB
1 34790U 93036AAT 15044.57299603  .00001345  00000-0  65194-3 0  9990
2 34790 074.0563 095.0778 0109272 033.6342 126.2144 14.16258641306263
0 COSMOS 2251 DEB
1 34790U 93036AAT 15047.53814191  .00000969  00000-0  47261-3 0  9990
2 34790 074.0562 089.8124 0109433 027.5471 124.2418 14.16269275306685
0 COSMOS 2251 DEB
1 34790U 93036AAT 15048.86075829  .00000916  00000-0  44773-3 0  9991
2 34790 074.0563 087.4637 0109498 024.8399 027.7298 14.16273560306875
0 COSMOS 2251 DEB
1 34790U 93036AAT 15050.13272392  .00000684  00000-0  33733-3 0  9994
2 34790 074.0562 085.2049 0109573 022.2345 032.9918 14.16277064307055
0 COSMOS 2251 DEB
1 34790U 93036AAT 15051.90059782  .00000816  00000-0  39984-3 0  9997
2 34790 074.0562 082.0654 0109659 018.6415 046.7015 14.16279378307303
0 COSMOS 2251 DEB
1 34790U 93036AAT 15053.54278447  .00000702  00000-0  34576-3 0  9996
2 34790 074.0561 079.1493 0109755 015.3079 139.5924 14.16282268307534
0 COSMOS 2251 DEB
1 34790U 93036AAT 15054.86676213  .00000962  00000-0  46946-3 0  9997
2 34790 074.0558 076.7980 0109807 012.6451 050.0418 14.16283809307724
0 COSMOS 2251 DEB
1 34790U 93036AAT 15056.84440987  .00000859  00000-0  42028-3 0  9996
2 34790 074.0554 073.2858 0109924 008.6551 053.3355 14.16286611308004
0 COSMOS 2251 DEB
1 34790U 93036AAT 15058.48670671  .00000851  00000-0  41656-3 0  9991
2 34790 074.0553 070.3730 0109718 005.3837 146.7709 14.16290072308233
0 COSMOS 2251 DEB
1 34790U 93036AAT 15059.81122262  .00000959  00000-0  46799-3 0  9999
2 34790 074.0550 068.0204 0109777 002.7027 060.0236 14.16292976308426
0 COSMOS 2251 DEB
1 34790U 93036AAT 15061.16443304  .00001305  00000-0  63239-3 0  9997
2 34790 074.0551 065.6172 0109850 359.9785 119.5807 14.16297476308619
0 COSMOS 2251 DEB
1 34790U 93036AAT 15062.44190229  .00001613  00000-0  77861-3 0  9992
2 34790 074.0552 063.3486 0109850 357.4060 152.9814 14.16302206308798
0 COSMOS 2251 DEB
1 34790U 93036AAT 15063.76480670  .00001831  00000-0  88223-3 0  9996
2 34790 074.0555 061.0000 0109961 354.7917 058.0095 14.16306917308983
0 COSMOS 2251 DEB
1 34790U 93036AAT 15064.96078988  .00001848  00000-0  89026-3 0  9994
2 34790 074.0558 058.8756 0110053 352.4215 035.9391 14.16310885309150
0 COSMOS 2251 DEB
1 34790U 93036AAT 15066.02540748  .00002145  00000-0  10310-2 0  9991
2 34790 074.0561 056.9849 0110003 350.2612 064.1526 14.16316628309300
0 COSMOS 2251 DEB
1 34790U 93036AAT 15067.38683024  .00002165  00000-0  10403-2 0  9991
2 34790 074.0563 054.5669 0110067 347.5374 165.6815 14.16322120309492
0 COSMOS 2251 DEB
1 34790U 93036AAT 15068.99394444  .00002173  00000-0  10440-2 0  9994
2 34790 074.0565 051.7126 0110138 344.3190 079.9661 14.16328936309724
0 COSMOS 2251 DEB
1 34790U 93036AAT 15070.42521145  .00002028  00000-0  97514-3 0  9992
2 34790 074.0569 049.1709 0110191 341.4357 177.7001 14.16334410309929
0 COSMOS 2251 DEB
1 34790U 93036AAT 15072.40334167  .00001839  00000-0  88493-3 0  9993
2 34790 074.0571 045.6579 0110292 337.4957 183.7769 14.16341683310202
0 COSMOS 2251 DEB
1 34790U 93036AAT 15073.72598233  .00001657  00000-0  79877-3 0  9999
2 34790 074.0572 043.3089 0110394 334.8713 087.6646 14.16345772310397
0 COSMOS 2251 DEB
1 34790U 93036AAT 15074.99711203  .00001346  00000-0  65117-3 0  9990
2 34790 074.0575 041.0517 0110405 332.3302 088.9420 14.16348346310575
0 COSMOS 2251 DEB
1 34790U 93036AAT 15076.07052698  .00001196  00000-0  57992-3 0  9992
2 34790 074.0576 039.1455 0110426 330.1848 162.1174 14.16350856310726
0 COSMOS 2251 DEB
1 34790U 93036AAT 15077.34581043  .00001876  00000-0  90243-3 0  9995
2 34790 074.0578 036.8808 0110428 327.6418 184.6213 14.16359597310904
0 COSMOS 2251 DEB
1 34790U 93036AAT 15078.67022329  .00002363  00000-0  11331-2 0  9991
2 34790 074.0584 034.5287 0110489 324.9803 097.6636 14.16366374311096
0 COSMOS 2251 DEB
1 34790U 93036AAT 15080.02462740  .00001375  00000-0  66449-3 0  9991
2 34790 074.0582 032.1235 0110449 322.3046 163.5802 14.16365429311287
0 COSMOS 2251 DEB
1 34790U 93036AAT 15081.30101878  .00001368  00000-0  66101-3 0  9992
2 34790 074.0583 029.8568 0110434 319.7713 191.7630 14.16369444311468
0 COSMOS 2251 DEB
1 34790U 93036AAT 15082.83106147  .00001489  00000-0  71875-3 0  9993
2 34790 074.0583 027.1393 0110402 316.7140 073.3292 14.16374730311688
0 COSMOS 2251 DEB
1 34790U 93036AAT 15083.97876205  .00001595  00000-0  76874-3 0  9990
2 34790 074.0584 025.1011 0110386 314.4268 165.3727 14.16378488311848
0 COSMOS 2251 DEB
1 34790U 93036AAT 15085.16824252  .00001884  00000-0  90560-3 0  9997
2 34790 074.0586 022.9889 0110351 312.0673 110.4553 14.16383467312015
0 COSMOS 2251 DEB
1 34790U 93036AAT 15086.24514242  .00002024  00000-0  97202-3 0  9999
2 34790 074.0586 021.0766 0110338 309.9293 201.5140 14.16387623312165
0 COSMOS 2251 DEB
1 34790U 93036AAT 15087.85058686  .00002140  00000-0  10269-2 0  9998
2 34790 074.0588 018.2255 0110290 306.7417 107.6304 14.16394184312391
0 COSMOS 2251 DEB
1 34790U 93036AAT 15089.21215336  .00002236  00000-0  10724-2 0  9999
2 34790 074.0591 015.8079 0110262 304.0325 210.2609 14.16400396312583
0 COSMOS 2251 DEB
1 34790U 93036AAT 15090.81924793  .00002120  00000-0  10173-2 0  9991
2 34790 074.0592 012.9537 0110267 300.8228 124.8941 14.16407124312813
0 COSMOS 2251 DEB
1 34790U 93036AAT 15091.87838736  .00001925  00000-0  92468-3 0  9999
2 34790 074.0605 011.0726 0110269 298.7156 125.4985 14.16412072312964
0 COSMOS 2251 DEB
1 34790U 93036AAT 15092.95057825  .00001926  00000-0  92513-3 0  9993
2 34790 074.0606 009.1688 0110296 296.5740 192.6767 14.16416403313119
0 COSMOS 2251 DEB
1 34790U 93036AAT 15094.15013395  .00001572  00000-0  75753-3 0  9995
2 34790 074.0606 007.0385 0110293 294.1683 189.3225 14.16419610313280
0 COSMOS 2251 DEB
1 34790U 93036AAT 15095.21542843  .00001374  00000-0  66381-3 0  9995
2 34790 074.0593 005.1464 0110241 292.0219 221.3791 14.16421528313430
0 COSMOS 2251 DEB
1 34790U 93036AAT 15096.82226596  .00001103  00000-0  53505-3 0  9991
2 34790 074.0591 002.2928 0110199 288.8081 134.8204 14.16425051313660
0 COSMOS 2251 DEB
1 34790U 93036AAT 15098.17623186  .00000930  00000-0  45319-3 0  9998
2 34790 074.0589 359.8881 0110182 286.0982 198.8549 14.16427452313858
0 COSMOS 2251 DEB
1 34790U 93036AAT 15099.78876573  .00000738  00000-0  36201-3 0  9992
2 34790 074.0586 357.0242 0110091 282.8615 141.3796 14.16429571314089
0 COSMOS 2251 DEB
1 34790U 93036AAT 15101.14220890  .00000794  00000-0  38886-3 0  9994
2 34790 074.0585 354.6205 0110053 280.1570 202.7679 14.16432261314272
0 COSMOS 2251 DEB
1 34790U 93036AAT 15102.47141344  .00000876  00000-0  42734-3 0  9995
2 34790 074.0585 352.2598 0109986 277.4989 140.5717 14.16434857314463
0 COSMOS 2251 DEB
1 34790U 93036AAT 15103.82495951  .00000933  00000-0  45470-3 0  9995
2 34790 074.0583 349.8559 0109936 274.7849 202.5176 14.16437565314658
0 COSMOS 2251 DEB
1 34790U 93036AAT 15105.09717013  .00001194  00000-0  57825-3 0  9999
2 34790 074.0581 347.5962 0109894 272.2355 209.7335 14.16441447314837
0 COSMOS 2251 DEB
1 34790U 93036AAT 15107.62097000  .00001407  00000-0  67916-3 0  9996
2 34790 074.0581 343.1138 0109795 267.1806 119.0696 14.16449213315190
0 COSMOS 2251 DEB
1 34790U 93036AAT 15108.76870825  .00001457  00000-0  70277-3 0  9995
2 34790 074.0580 341.0751 0109767 264.8855 211.6267 14.16452942315358
0 COSMOS 2251 DEB
1 34790U 93036AAT 15110.11868267  .00001528  00000-0  73648-3 0  9998
2 34790 074.0578 338.6774 0109725 262.1622 255.4759 14.16457847315541
0 COSMOS 2251 DEB
1 34790U 93036AAT 15111.44296478  .00001560  00000-0  75166-3 0  9997
2 34790 074.0577 336.3252 0109688 259.5018 168.3223 14.16462547315735
0 COSMOS 2251 DEB
1 34790U 93036AAT 15112.63606816  .00001522  00000-0  73333-3 0  9992
2 34790 074.0575 334.2059 0109662 257.0966 132.2785 14.16466176315906
0 COSMOS 2251 DEB
1 34790U 93036AAT 15114.07337439  .00001327  00000-0  64126-3 0  9997
2 34790 074.0574 331.6529 0109633 254.2077 261.4965 14.16469170316103
0 COSMOS 2251 DEB
1 34790U 93036AAT 15115.39710141  .00001123  00000-0  54444-3 0  9994
2 34790 074.0572 329.3015 0109624 251.5533 171.5533 14.16471555316294
0 COSMOS 2251 DEB
1 34790U 93036AAT 15116.66896319  .00000893  00000-0  43555-3 0  9991
2 34790 074.0569 327.0420 0109639 248.9956 177.1489 14.16473077316473
0 COSMOS 2251 DEB
1 34790U 93036AAT 15117.74119338  .00000773  00000-0  37846-3 0  9993
2 34790 074.0566 325.1372 0109645 246.8130 244.7993 14.16474527316622
0 COSMOS 2251 DEB
1 34790U 93036AAT 15119.55814508  .00000669  00000-0  32926-3 0  9993
2 34790 074.0568 321.9097 0109536 243.1519 150.0002 14.16476907316884
0 COSMOS 2251 DEB
1 34790U 93036AAT 15120.99401023  .00000661  00000-0  32528-3 0  9997
2 34790 074.0566 319.3591 0109504 240.2500 271.9399 14.16478708317081
0 COSMOS 2251 DEB
1 34790U 93036AAT 15122.52367363  .00000664  00000-0  32671-3 0  9998
2 34790 074.0564 316.6417 0109469 237.1726 152.1824 14.16480590317301
0 COSMOS 2251 DEB
1 34790U 93036AAT 15124.50091060  .00000797  00000-0  38993-3 0  9996
2 34790 074.0564 313.1291 0109407 233.1755 154.7849 14.16483930317589
0 COSMOS 2251 DEB
1 34790U 93036AAT 15125.93781240  .00000948  00000-0  46135-3 0  9995
2 34790 074.0564 310.5766 0109402 230.2752 282.0459 14.16486886317784
0 COSMOS 2251 DEB
1 34790U 93036AAT 15127.46688991  .00001032  00000-0  50135-3 0  9994
2 34790 074.0564 307.8602 0109382 227.2120 159.3371 14.16490049318005
0 COSMOS 2251 DEB
1 34790U 93036AAT 15128.53269883  .00001101  00000-0  53396-3 0  9997
2 34790 074.0564 305.9669 0109407 225.0450 194.3091 14.16492707318154
0 COSMOS 2251 DEB
1 34790U 93036AAT 15129.95879888  .00001229  00000-0  59441-3 0  9994
2 34790 074.0564 303.4332 0109417 222.1852 266.5197 14.16496640318350
0 COSMOS 2251 DEB
1 34790U 93036AAT 15131.49297274  .00001449  00000-0  69838-3 0  9994
2 34790 074.0564 300.7078 0109417 219.1171 169.8532 14.16501723318578
0 COSMOS 2251 DEB
1 34790U 93036AAT 15132.93036799  .00001693  00000-0  81367-3 0  9999
2 34790 074.0565 298.1543 0109446 216.2436 299.7000 14.16507095318773
0 COSMOS 2251 DEB
1 34790U 93036AAT 15134.45954206  .00001754  00000-0  84265-3 0  9998
2 34790 074.0566 295.4378 0109454 213.1852 177.5899 14.16511982318990
0 COSMOS 2251 DEB
1 34790U 93036AAT 15135.89054576  .00001511  00000-0  72759-3 0  9994
2 34790 074.0567 292.8958 0109436 210.3339 274.8788 14.16514974319190
0 COSMOS 2251 DEB
1 34790U 93036AAT 15137.50411182  .00001340  00000-0  64642-3 0  9996
2 34790 074.0567 290.0294 0109439 207.1015 223.1712 14.16518808319421
0 COSMOS 2251 DEB
1 34790U 93036AAT 15138.77456285  .00001133  00000-0  54856-3 0  9995
2 34790 074.0569 287.7726 0109440 204.5495 221.7906 14.16521160319605
0 COSMOS 2251 DEB
1 34790U 93036AAT 15140.46770279  .00001112  00000-0  53851-3 0  9997
2 34790 074.0570 284.7649 0109431 201.1438 215.9237 14.16525384319848
0 COSMOS 2251 DEB
1 34790U 93036AAT 15141.82222669  .00001030  00000-0  49958-3 0  9995
2 34790 074.0573 282.3589 0109431 198.4193 283.3032 14.16527865320035
0 COSMOS 2251 DEB
1 34790U 93036AAT 15143.43388411  .00000904  00000-0  43995-3 0  9996
2 34790 074.0571 279.4954 0109420 195.1873 221.9393 14.16530493320267
0 COSMOS 2251 DEB
1 34790U 93036AAT 15144.78863262  .00000900  00000-0  43772-3 0  9996
2 34790 074.0572 277.0885 0109404 192.4678 290.4876 14.16533154320455
0 COSMOS 2251 DEB
1 34790U 93036AAT 15146.76703912  .00000736  00000-0  36003-3 0  9997
2 34790 074.0573 273.5739 0109366 188.5145 299.3837 14.16535885320736
0 COSMOS 2251 DEB
1 34790U 93036AAT 15148.37748508  .00000701  00000-0  34367-3 0  9999
2 34790 074.0574 270.7132 0109316 185.2975 231.8816 14.16538680320962
0 COSMOS 2251 DEB
1 34790U 93036AAT 15149.81106140  .00000668  00000-0  32779-3 0  9996
2 34790 074.0574 268.1665 0109259 182.4406 342.4340 14.16540948321162
0 COSMOS 2251 DEB
1 34790U 93036AAT 15151.41571579  .00000992  00000-0  48127-3 0  9991
2 34790 074.0573 265.3161 0109200 179.2383 245.4192 14.16545200321393
0 COSMOS 2251 DEB
1 34790U 93036AAT 15152.76930714  .00000565  00000-0  27943-3 0  9999
2 34790 074.0574 262.9117 0109133 176.5286 308.1139 14.16544625321584
0 COSMOS 2251 DEB
1 34790U 93036AAT 15154.09927247  .00000393  00000-0  19753-3 0  9993
2 34790 074.0574 260.5493 0109109 173.8770 250.3246 14.16545263321773
0 COSMOS 2251 DEB
1 34790U 93036AAT 15155.29352527  .00000483  00000-0  24052-3 0  9997
2 34790 074.0574 258.4279 0109083 171.4877 220.4756 14.16546904321940
0 COSMOS 2251 DEB
1 34790U 93036AAT 15156.35975506  .00000532  00000-0  26355-3 0  9996
2 34790 074.0574 256.5339 0109051 169.3485 257.7767 14.16548131322098
0 COSMOS 2251 DEB
1 34790U 93036AAT 15157.71814986  .00000618  00000-0  30439-3 0  9994
2 34790 074.0575 254.1211 0109014 166.6250 344.9941 14.16549800322289
0 COSMOS 2251 DEB
1 34790U 93036AAT 15159.47955659  .00000926  00000-0  45024-3 0  9990
2 34790 074.0574 250.9923 0108969 163.0833 327.4218 14.16553463322539
0 COSMOS 2251 DEB
1 34790U 93036AAT 15159.69543291 +.00000961 +00000-0 +46669-3 0  9994
2 34790 074.0574 250.6089 0108962 162.6488 348.3028 14.16554024321133
0 COSMOS 2251 DEB
1 34790U 93036AAT 15160.67900292  .00000982  00000-0  47646-3 0  9991
2 34790 074.0574 248.8619 0108952 160.6764 324.0970 14.16555489322702
0 COSMOS 2251 DEB
1 34790U 93036AAT 15160.95967773 +.00001069 +00000-0 +51762-3 0  9990
2 34790 074.0573 248.3633 0108942 160.1148 315.4225 14.16556492321310
0 COSMOS 2251 DEB
1 34790U 93036AAT 15161.94883194  .00001153  00000-0  55742-3 0  9990
2 34790 074.0573 246.6063 0108911 158.1223 319.7130 14.16558614322888
0 COSMOS 2251 DEB
1 34790U 93036AAT 15161.94883194 +.00001153 +00000-0 +55742-3 0  9990
2 34790 074.0573 246.6063 0108911 158.1223 319.7130 14.16558614321450
0 COSMOS 2251 DEB
1 34790U 93036AAT 15162.93736378 +.00001188 +00000-0 +57388-3 0  9997
2 34790 074.0573 244.8504 0108877 156.1282 320.8413 14.16560725321592
0 COSMOS 2251 DEB
1 34790U 93036AAT 15162.99602608  .00001190  00000-0  57478-3 0  9994
2 34790 074.0572 244.7462 0108877 156.0160 259.9906 14.16560865323032
0 COSMOS 2251 DEB
1 34790U 93036AAT 15163.92632124 +.00001262 +00000-0 +60927-3 0  9997
2 34790 074.0572 243.0936 0108831 154.1456 324.1372 14.16563284321732
0 COSMOS 2251 DEB
1 34790U 93036AAT 15164.19131866  .00001264  00000-0  61022-3 0  9993
2 34790 074.0572 242.6229 0108824 153.6126 235.5241 14.16563942323207
0 COSMOS 2251 DEB
1 34790U 93036AAT 15164.91522082 +.00001234 +00000-0 +59586-3 0  9996
2 34790 074.0571 241.3370 0108786 152.1587 327.1503 14.16565390321870
0 COSMOS 2251 DEB
1 34790U 93036AAT 15165.62260213 +.00001188 +00000-0 +57388-3 0  9996
2 34790 074.0571 240.0804 0108755 150.7368 334.5340 14.16566874321975
0 COSMOS 2251 DEB
1 34790U 93036AAT 15166.03560521 +.00001115 +00000-0 +53927-3 0  9992
2 34790 074.0571 239.3468 0108726 149.9100 280.6958 14.16567504322039
0 COSMOS 2251 DEB
1 34790U 93036AAT 15167.67715233  .00000945  00000-0  45874-3 0  9997
2 34790 074.0570 236.4307 0108642 146.6073 012.0048 14.16570593323690
0 COSMOS 2251 DEB
1 34790U 93036AAT 15168.59575199 +.00000820 +00000-0 +39968-3 0  9993
2 34790 074.0570 234.7989 0108592 144.7571 016.5486 14.16572099322397
0 COSMOS 2251 DEB
1 34790U 93036AAT 15169.28407079  .00000690  00000-0  33839-3 0  9997
2 34790 074.0569 233.5762 0108552 143.3693 286.7430 14.16572925323925
0 COSMOS 2251 DEB
1 34790U 93036AAT 15169.91657697 +.00000590 +00000-0 +29077-3 0  9998
2 34790 074.0569 232.4527 0108509 142.0995 272.3084 14.16573663322582
0 COSMOS 2251 DEB
1 34790U 93036AAT 15171.26007256  .00000435  00000-0  21723-3 0  9997
2 34790 074.0567 230.0662 0108432 139.3919 283.6916 14.16575143324209
0 COSMOS 2251 DEB
1 34790U 93036AAT 15172.61438809  .00000299  00000-0  15303-3 0  9994
2 34790 074.0565 227.6604 0108360 136.6600 350.2609 14.16576167324399
0 COSMOS 2251 DEB
1 34790U 93036AAT 15173.94434870  .00000269  00000-0  13865-3 0  9993
2 34790 074.0563 225.2979 0108300 133.9768 292.6320 14.16577251324580
0 COSMOS 2251 DEB
1 34790U 93036AAT 15175.29841161  .00000367  00000-0  18542-3 0  9994
2 34790 074.0560 222.8925 0108242 131.2545 357.9152 14.16578979324777
0 COSMOS 2251 DEB
1 34790U 93036AAT 15177.56274299  .00000352  00000-0  17803-3 0  9991
2 34790 074.0557 218.8700 0108167 126.6751 025.3042 14.16580334325090
0 COSMOS 2251 DEB
1 34790U 93036AAT 15178.82680649  .00000384  00000-0  19319-3 0  9990
2 34790 074.0556 216.6245 0108134 124.1189 351.6429 14.16581373325279
0 COSMOS 2251 DEB
1 34790U 93036AAT 15180.52850775  .00000444  00000-0  22147-3 0  9999
2 34790 074.0555 213.6014 0108098 120.6673 029.8185 14.16582921325517
0 COSMOS 2251 DEB
1 34790U 93036AAT 15182.13604389  .00000508  00000-0  25185-3 0  9992
2 34790 074.0554 210.7454 0108057 117.4098 307.8460 14.16584607325745
0 COSMOS 2251 DEB
1 34790U 93036AAT 15184.11174751  .00000555  00000-0  27427-3 0  9990
2 34790 074.0554 207.2356 0108010 113.3876 303.3986 14.16587078326026
0 COSMOS 2251 DEB
1 34790U 93036AAT 15186.09043789  .00000664  00000-0  32584-3 0  9996
2 34790 074.0556 203.7206 0107954 109.3550 314.2098 14.16590501326304
0 COSMOS 2251 DEB
1 34790U 93036AAT 15187.52089272  .00000643  00000-0  31609-3 0  9996
2 34790 074.0556 201.1793 0107907 106.4378 049.1792 14.16592767326504
0 COSMOS 2251 DEB
1 34790U 93036AAT 15189.12845528  .00000625  00000-0  30727-3 0  9998
2 34790 074.0555 198.3235 0107860 103.1658 327.3601 14.16595238326735
0 COSMOS 2251 DEB
1 34790U 93036AAT 15190.48117650  .00000641  00000-0  31503-3 0  9998
2 34790 074.0555 195.9203 0107830 100.4089 025.9245 14.16597299326923
0 COSMOS 2251 DEB
1 34790U 93036AAT 15192.09299433  .00000665  00000-0  32648-3 0  9994
2 34790 074.0555 193.0570 0107806 097.1327 325.8231 14.16599594327152
0 COSMOS 2251 DEB
1 34790U 93036AAT 15193.45211459  .00000619  00000-0  30437-3 0  9990
2 34790 074.0555 190.6424 0107802 094.3646 057.0393 14.16601148327345
0 COSMOS 2251 DEB
1 34790U 93036AAT 15195.14051317  .00000617  00000-0  30382-3 0  9990
2 34790 074.0554 187.6429 0107825 090.9444 027.4935 14.16603192327588
0 COSMOS 2251 DEB
1 34790U 93036AAT 15196.41199889  .00000642  00000-0  31539-3 0  9991
2 34790 074.0555 185.3841 0107888 088.3673 031.7930 14.16604739327767
0 COSMOS 2251 DEB
1 34790U 93036AAT 15198.38961610  .00000616  00000-0  30331-3 0  9998
2 34790 074.0555 181.8707 0107915 084.3439 037.2387 14.16606896328041
0 COSMOS 2251 DEB
1 34790U 93036AAT 15199.71859175  .00000689  00000-0  33781-3 0  9990
2 34790 074.0557 179.5098 0107980 081.6474 334.7463 14.16608800328239
0 COSMOS 2251 DEB
1 34790U 93036AAT 15200.98961796  .00000661  00000-0  32448-3 0  9994
2 34790 074.0558 177.2517 0108038 079.0594 336.7405 14.16610175328416
0 COSMOS 2251 DEB
1 34790U 93036AAT 15203.12190380  .00000712  00000-0  34845-3 0  9996
2 34790 074.0561 173.4635 0108092 074.7174 051.0159 14.16613246328713
0 COSMOS 2251 DEB
1 34790U 93036AAT 15204.32247998  .00000700  00000-0  34284-3 0  9991
2 34790 074.0564 171.3307 0108130 072.2757 053.7480 14.16615009328885
0 COSMOS 2251 DEB
1 34790U 93036AAT 15205.65030270  .00000600  00000-0  29557-3 0  9997
2 34790 074.0567 168.9718 0108140 069.5639 345.4378 14.16616701329074
0 COSMOS 2251 DEB
1 34790U 93036AAT 15206.71163449  .00000499  00000-0  24739-3 0  9993
2 34790 074.0569 167.0864 0108162 067.4011 358.0671 14.16617920329220
0 COSMOS 2251 DEB
1 34790U 93036AAT 15207.98263946  .00000343  00000-0  17380-3 0  9998
2 34790 074.0571 164.8286 0108203 064.8139 359.9997 14.16618991329404
0 COSMOS 2251 DEB
1 34790U 93036AAT 15209.05364334  .00000266  00000-0  13741-3 0  9992
2 34790 074.0572 162.9259 0108230 062.6397 061.9556 14.16619962329552
0 COSMOS 2251 DEB
1 34790U 93036AAT 15210.32440475  .00000289  00000-0  14805-3 0  9992
2 34790 074.0573 160.6685 0108265 060.0621 062.6463 14.16621428329736
0 COSMOS 2251 DEB
1 34790U 93036AAT 15212.01849892  .00000308  00000-0  15700-3 0  9993
2 34790 074.0573 157.6591 0108312 056.6334 062.2654 14.16622768329975
0 COSMOS 2251 DEB
1 34790U 93036AAT 15213.28979481  .00000457  00000-0  22753-3 0  9992
2 34790 074.0573 155.4007 0108361 054.0577 065.6861 14.16624368330155
0 COSMOS 2251 DEB
1 34790U 93036AAT 15214.90320833  .00000573  00000-0  28273-3 0  9995
2 34790 074.0574 152.5347 0108435 050.7900 013.8606 14.16626025330385
0 COSMOS 2251 DEB
1 34790U 93036AAT 15216.25633966  .00000676  00000-0  33143-3 0  9995
2 34790 074.0575 150.1309 0108492 048.0615 074.6287 14.16627564330574
0 COSMOS 2251 DEB
1 34790U 93036AAT 15217.86741387  .00000848  00000-0  41270-3 0  9991
2 34790 074.0575 147.2686 0108560 044.8191 010.8742 14.16630185330805
0 COSMOS 2251 DEB
1 34790U 93036AAT 15219.84453762  .00001082  00000-0  52327-3 0  9994
2 34790 074.0575 143.7561 0108657 040.8339 013.9510 14.16634422331081
0 COSMOS 2251 DEB
1 34790U 93036AAT 15221.19957709  .00001192  00000-0  57532-3 0  9990
2 34790 074.0577 141.3493 0108734 038.1127 084.4878 14.16637685331277
0 COSMOS 2251 DEB
1 34790U 93036AAT 15222.52773926  .00001048  00000-0  50720-3 0  9997
2 34790 074.0579 138.9898 0108798 035.4332 017.9794 14.16639783331468
0 COSMOS 2251 DEB
1 34790U 93036AAT 15224.16475786  .00000821  00000-0  39996-3 0  9992
2 34790 074.0579 136.0818 0108872 032.1272 086.6309 14.16642332331693
0 COSMOS 2251 DEB
1 34790U 93036AAT 15225.56632123  .00000610  00000-0  29996-3 0  9992
2 34790 074.0579 133.5919 0108929 029.2942 034.4981 14.16644255331896
0 COSMOS 2251 DEB
1 34790U 93036AAT 15226.83722199  .00000454  00000-0  22620-3 0  9999
2 34790 074.0579 131.3342 0108973 026.7334 035.9951 14.16645746332078
0 COSMOS 2251 DEB
1 34790U 93036AAT 15228.19671787  .00000496  00000-0  24628-3 0  9992
2 34790 074.0578 128.9190 0109002 023.9977 129.3258 14.16648089332268
0 COSMOS 2251 DEB
1 34790U 93036AAT 15229.52074676  .00000415  00000-0  20804-3 0  9997
2 34790 074.0576 126.5668 0109049 021.3292 041.7863 14.16649297332455
0 COSMOS 2251 DEB
1 34790U 93036AAT 15230.87326189 +.00000270 +00000-0 +13944-3 0  9992
2 34790 074.0575 124.1639 0109084 018.6112 099.5184 14.16649695331217
0 COSMOS 2251 DEB
1 34790U 93036AAT 15231.15663206  .00000270  00000-0  13917-3 0  9998
2 34790 074.0574 123.6605 0109095 018.0417 104.6871 14.16649906332685
0 COSMOS 2251 DEB
1 34790U 93036AAT 15231.57086150 +.00000214 +00000-0 +11286-3 0  9996
2 34790 074.0574 122.9246 0109110 017.2082 057.2304 14.16649912331315
0 COSMOS 2251 DEB
1 34790U 93036AAT 15232.69216139  .00000212  00000-0  11179-3 0  9991
2 34790 074.0572 120.9324 0109140 014.9625 015.7782 14.16650630332902
0 COSMOS 2251 DEB
1 34790U 93036AAT 15234.12216431  .00000285  00000-0  14632-3 0  9993
2 34790 074.0571 118.3918 0109174 012.0948 108.6954 14.16651765333101
0 COSMOS 2251 DEB
1 34790U 93036AAT 15234.82753878 +.00000359 +00000-0 +18157-3 0  9999
2 34790 074.0569 117.1385 0109190 010.6809 106.0579 14.16652501331776
0 COSMOS 2251 DEB
1 34790U 93036AAT 15235.45112046  .00000459  00000-0  22876-3 0  9999
2 34790 074.0569 116.0306 0109212 009.4393 046.2757 14.16653361333293
0 COSMOS 2251 DEB
1 34790U 93036AAT 15235.81612242 +.00000505 +00000-0 +25057-3 0  9998
2 34790 074.0567 115.3818 0109217 008.7042 107.7671 14.16653878331917
0 COSMOS 2251 DEB
1 34790U 93036AAT 15236.38063838 +.00000559 +00000-0 +27575-3 0  9998
2 34790 074.0567 114.3788 0109237 007.5752 106.7612 14.16654510331995
0 COSMOS 2251 DEB
1 34790U 93036AAT 15238.78108828  .00000739  00000-0  36106-3 0  9993
2 34790 074.0565 110.1138 0109314 002.7786 108.9112 14.16657710333767
0 COSMOS 2251 DEB
1 34790U 93036AAT 15239.76956498 +.00000818 +00000-0 +39818-3 0  9997
2 34790 074.0564 108.3574 0109340 000.7953 110.1035 14.16659568332471
0 COSMOS 2251 DEB
1 34790U 93036AAT 15240.05379795  .00000831  00000-0  40436-3 0  9993
2 34790 074.0564 107.8523 0109349 000.2252 119.6822 14.16660119333940
0 COSMOS 2251 DEB
1 34790U 93036AAT 15240.46748199 +.00000870 +00000-0 +42284-3 0  9992
2 34790 074.0564 107.1172 0109358 359.3988 069.4545 14.16661069332574
0 COSMOS 2251 DEB
1 34790U 93036AAT 15241.38252502  .00000883  00000-0  42874-3 0  9991
2 34790 074.0563 105.4913 0109393 357.5626 056.1512 14.16662931334135
0 COSMOS 2251 DEB
1 34790U 93036AAT 15241.74712537 +.00000833 +00000-0 +40550-3 0  9994
2 34790 074.0563 104.8434 0109399 356.8298 115.6061 14.16663387332751
0 COSMOS 2251 DEB
1 34790U 93036AAT 15242.73620616  .00000707  00000-0  34579-3 0  9994
2 34790 074.0563 103.0860 0109435 354.8397 119.9071 14.16664732334322
0 COSMOS 2251 DEB
1 34790U 93036AAT 15243.71497535 +.00000608 +00000-0 +29899-3 0  9994
2 34790 074.0563 101.3469 0109466 352.8711 071.6240 14.16666166333032
0 COSMOS 2251 DEB
1 34790U 93036AAT 15244.63195877  .00000502  00000-0  24896-3 0  9995
2 34790  74.0562  99.7175 0109496 351.0254  68.2397 14.16667331334593
0 COSMOS 2251 DEB
1 34790U 93036AAT 15245.69176355 +.00000357 +00000-0 +18061-3 0  9997
2 34790 074.0561 097.8343 0109529 348.8883 073.2520 14.16668283334745
0 COSMOS 2251 DEB
1 34790U 93036AAT 15246.68018464 +.00000253 +00000-0 +13128-3 0  9997
2 34790 074.0560 096.0780 0109520 346.9017 074.2025 14.16668973333453
0 COSMOS 2251 DEB
1 34790U 93036AAT 15247.04572932  .00000223  00000-0  11728-3 0  9994
2 34790  74.0560  95.4284 0109529 346.1633 138.4853 14.16669165334930
0 COSMOS 2251 DEB
1 34790U 93036AAT 15247.95228161 +.00000183 +00000-0 +98291-4 0  9992
2 34790 074.0558 093.8175 0109549 344.3365 081.9116 14.16669749333630
0 COSMOS 2251 DEB
1 34790U 93036AAT 15248.37509544  .00000184  00000-0  98778-4 0  9997
2 34790  74.0558  93.0661 0109557 343.4860  78.2649 14.16670033335125
0 COSMOS 2251 DEB
1 34790U 93036AAT 15248.94084757 +.00000173 +00000-0 +93441-4 0  9994
2 34790 074.0557 092.0607 0109560 342.3472 083.6057 14.16670289333779
0 COSMOS 2251 DEB
1 34790U 93036AAT 15249.64674451  .00000168  00000-0  91268-4 0  9997
2 34790  74.0556  90.8063 0109564 340.9280  83.6852 14.16670628335306
0 COSMOS 2251 DEB
1 34790U 93036AAT 15250.91791963  .00000221  00000-0  11644-3 0  9996
2 34790  74.0555  88.5475 0109589 338.3709  86.6899 14.16671386335485
0 COSMOS 2251 DEB
1 34790U 93036AAT 15250.91791963 +.00000221 +00000-0 +11644-3 0  9996
2 34790 074.0555 088.5475 0109589 338.3709 086.6899 14.16671386334057
0 COSMOS 2251 DEB
1 34790U 93036AAT 15251.62354227 +.00000296 +00000-0 +15156-3 0  9997
2 34790 074.0554 087.2936 0109597 336.9561 085.3689 14.16672096334156
0 COSMOS 2251 DEB
1 34790U 93036AAT 15252.61233002  .00000337  00000-0  17131-3 0  9995
2 34790  74.0554  85.5366 0109605 334.9709  88.1947 14.16672700335720
0 COSMOS 2251 DEB
1 34790U 93036AAT 15253.88311637  .00000441  00000-0  22007-3 0  9990
2 34790  74.0554  83.2784 0109626 332.4215  89.2185 14.16673892335906
0 COSMOS 2251 DEB
1 34790U 93036AAT 15254.95416147  .00000547  00000-0  27027-3 0  9995
2 34790  74.0554  81.3749 0109608 330.2757 151.5620 14.16675202336054
0 COSMOS 2251 DEB
1 34790U 93036AAT 15254.95416147 +.00000547 +00000-0 +27027-3 0  9995
2 34790 074.0554 081.3749 0109608 330.2757 151.5620 14.16675202334625
0 COSMOS 2251 DEB
1 34790U 93036AAT 15255.57656328 +.00000571 +00000-0 +28179-3 0  9997
2 34790 074.0554 080.2688 0109605 329.0281 085.8215 14.16675848334715
0 COSMOS 2251 DEB
1 34790U 93036AAT 15256.22537186  .00000591  00000-0  29117-3 0  9995
2 34790  74.0554  79.1157 0109631 327.7274 154.7574 14.16676482336237
0 COSMOS 2251 DEB
1 34790U 93036AAT 15256.93750372 +.00000640 +00000-0 +31443-3 0  9997
2 34790 074.0554 077.8501 0109631 326.2970 186.6494 14.16677481334909
0 COSMOS 2251 DEB
1 34790U 93036AAT 15257.47776742  .00000652  00000-0  31997-3 0  9993
2 34790  74.0554  76.8900 0109634 325.2127  62.0095 14.16678149336411
0 COSMOS 2251 DEB
1 34790U 93036AAT 15257.92572322 +.00000677 +00000-0 +33190-3 0  9995
2 34790 074.0555 076.0940 0109648 324.3118 186.6003 14.16678833335043
0 COSMOS 2251 DEB
1 34790U 93036AAT 15258.62510427  .00000681  00000-0  33346-3 0  9999
2 34790  74.0556  74.8513 0109675 322.9077 153.4679 14.16679742336574
0 COSMOS 2251 DEB
1 34790U 93036AAT 15258.91444161 +.00000679 +00000-0 +33255-3 0  9998
2 34790 074.0557 074.3371 0109684 322.3255 189.1005 14.16680101335180
0 COSMOS 2251 DEB
1 34790U 93036AAT 15259.90316156  .00000645  00000-0  31648-3 0  9997
2 34790  74.0558  72.5801 0109712 320.3357 191.6179 14.16681308336756
0 COSMOS 2251 DEB
1 34790U 93036AAT 15259.90316156 +.00000645 +00000-0 +31648-3 0  9997
2 34790 074.0558 072.5801 0109712 320.3357 191.6179 14.16681308335328
0 COSMOS 2251 DEB
1 34790U 93036AAT 15260.89178693 +.00000603 +00000-0 +29687-3 0  9993
2 34790 074.0559 070.8232 0109751 318.3514 193.6527 14.16682537335462
0 COSMOS 2251 DEB
1 34790U 93036AAT 15261.43180440  .00000589  00000-0  29008-3 0  9997
2 34790  74.0560  69.8636 0109771 317.2666  67.7697 14.16683282336972
0 COSMOS 2251 DEB
1 34790U 93036AAT 15261.88077581 +.00000574 +00000-0 +28285-3 0  9997
2 34790 074.0560 069.0657 0109790 316.3603 197.5529 14.16683877335604
0 COSMOS 2251 DEB
1 34790U 93036AAT 15262.42012164 +.00000569 +00000-0 +28077-3 0  9997
2 34790 074.0561 068.1073 0109811 315.2748 068.2492 14.16684665335686
0 COSMOS 2251 DEB
1 34790U 93036AAT 15263.40738480  .00000514  00000-0  25463-3 0  9998
2 34790  74.0562  66.3528 0109855 313.2875  63.3543 14.16685775337250
0 COSMOS 2251 DEB
1 34790U 93036AAT 15265.25309947  .00000366  00000-0  18501-3 0  9995
2 34790  74.0564  63.0729 0109933 309.5703 116.6284 14.16687319337513
0 COSMOS 2251 DEB
1 34790U 93036AAT 15266.52485387  .00000299  00000-0  15320-3 0  9990
2 34790  74.0566  60.8130 0109977 307.0044 122.6745 14.16688250337698
0 COSMOS 2251 DEB
1 34790U 93036AAT 15267.88313867  .00000298  00000-0  15274-3 0  9990
2 34790  74.0568  58.3994 0110022 304.2752 210.0258 14.16689393337889
0 COSMOS 2251 DEB
1 34790U 93036AAT 15268.78384410 +.00000314 +00000-0 +16022-3 0  9993
2 34790 074.0569 056.7989 0110040 302.4684 123.6879 14.16690125336589
0 COSMOS 2251 DEB
1 34790U 93036AAT 15269.41032273  .00000323  00000-0  16476-3 0  9994
2 34790  74.0570  55.6857 0110052 301.2089  78.7778 14.16690628338108
0 COSMOS 2251 DEB
1 34790U 93036AAT 15269.86023635 +.00000328 +00000-0 +16678-3 0  9994
2 34790 074.0571 054.8863 0110066 300.3002 213.3764 14.16690903336732
0 COSMOS 2251 DEB
1 34790U 93036AAT 15270.84854061  .00000400  00000-0  20076-3 0  9997
2 34790  74.0571  53.1301 0110093 298.3028 213.8178 14.16691883338302
0 COSMOS 2251 DEB
1 34790U 93036AAT 15271.82175993 +.00000436 +00000-0 +21782-3 0  9990
2 34790 074.0571 051.4005 0110124 296.3515 137.3098 14.16692581337012
0 COSMOS 2251 DEB
1 34790U 93036AAT 15272.17107036  .00000489  00000-0  24264-3 0  9998
2 34790  74.0571  50.7798 0110128 295.6544 118.8171 14.16693082338497
0 COSMOS 2251 DEB
1 34790U 93036AAT 15272.82610755 +.00000542 +00000-0 +26766-3 0  9996
2 34790 074.0573 049.6159 0110130 294.3391 219.5615 14.16693800337158
0 COSMOS 2251 DEB
1 34790U 93036AAT 15273.52565770  .00000612  00000-0  30090-3 0  9993
2 34790  74.0574  48.3729 0110141 292.9343 187.3269 14.16694666338688
0 COSMOS 2251 DEB
1 34790U 93036AAT 15273.81495383 +.00000640 +00000-0 +31426-3 0  9992
2 34790 074.0574 047.8588 0110144 292.3543 222.7617 14.16695030337297
0 COSMOS 2251 DEB
1 34790U 93036AAT 15274.80286075  .00000737  00000-0  35997-3 0  9992
2 34790  74.0576  46.1033 0110149 290.3771 221.1705 14.16696427338868
0 COSMOS 2251 DEB
1 34790U 93036AAT 15275.79147615 +.00000891 +00000-0 +43243-3 0  9991
2 34790 074.0578 044.3466 0110167 288.3940 223.2042 14.16698416337579
0 COSMOS 2251 DEB
1 34790U 93036AAT 15276.19984609  .00000848  00000-0  41191-3 0  9990
2 34790  74.0579  43.6211 0110164 287.5795 145.9257 14.16698639339067
0 COSMOS 2251 DEB
1 34790U 93036AAT 15276.49017334 +.00000854 +00000-0 +41498-3 0  9992
2 34790 074.0580 043.1052 0110180 286.9946 186.6268 14.16699091337678
0 COSMOS 2251 DEB
1 34790U 93036AAT 15277.47996350  .00000839  00000-0  40800-3 0  9994
2 34790  74.0581  41.3464 0110223 285.0076 194.6632 14.16700486339248
0 COSMOS 2251 DEB
1 34790U 93036AAT 15278.75787126  .00000752  00000-0  36663-3 0  9991
2 34790  74.0584  39.0758 0110268 282.4520 232.1298 14.16702149339429
0 COSMOS 2251 DEB
1 34790U 93036AAT 15279.37394161 +.00000716 +00000-0 +34976-3 0  9998
2 34790 074.0585 037.9812 0110288 281.2221 134.1558 14.16703041338088
0 COSMOS 2251 DEB
1 34790U 93036AAT 15281.79495147  .00000547  00000-0  27026-3 0  9993
2 34790  74.0589  33.6797 0110408 276.3820 241.5986 14.16706293339857
0 COSMOS 2251 DEB
1 34790U 93036AAT 15282.78325253 +.00000414 +00000-0 +20724-3 0  9994
2 34790 074.0590 031.9236 0110450 274.4072 242.0584 14.16706979338561
0 COSMOS 2251 DEB
1 34790U 93036AAT 15283.32945847  .00000382  00000-0  19222-3 0  9997
2 34790  74.0590  30.9531 0110469 273.3182 147.7766 14.16707535340079
0 COSMOS 2251 DEB
1 34790U 93036AAT 15283.77169095 +.00000337 +00000-0 +17085-3 0  9994
2 34790 074.0590 030.1674 0110499 272.4329 243.2209 14.16707773338700
0 COSMOS 2251 DEB
1 34790U 93036AAT 15284.76015728  .00000299  00000-0  15304-3 0  9996
2 34790  74.0591  28.4111 0110543 270.4566 244.5302 14.16708583340271
0 COSMOS 2251 DEB
1 34790U 93036AAT 15285.74864029 +.00000281 +00000-0 +14459-3 0  9992
2 34790 074.0591 026.6548 0110594 268.4782 245.9283 14.16709309338983
0 COSMOS 2251 DEB
1 34790U 93036AAT 15286.28915797  .00000293  00000-0  15034-3 0  9994
2 34790  74.0591  25.6944 0110610 267.3969 122.6431 14.16709824340493
0 COSMOS 2251 DEB
1 34790U 93036AAT 15286.73711206 +.00000288 +00000-0 +14784-3 0  9998
2 34790 074.0591 024.8985 0110620 266.4997 247.2719 14.16710079339126
0 COSMOS 2251 DEB
1 34790U 93036AAT 15289.41586741  .00000457  00000-0  22729-3 0  9996
2 34790  74.0591  20.1390 0110659 261.1404 229.3068 14.16712778340939
0 COSMOS 2251 DEB
1 34790U 93036AAT 15290.69157098  .00000553  00000-0  27269-3 0  9998
2 34790  74.0590  17.8723 0110673 258.5897 255.5841 14.16714294341119
0 COSMOS 2251 DEB
1 34790U 93036AAT 15291.67973245 +.00000684 +00000-0 +33426-3 0  9994
2 34790 074.0590 016.1166 0110677 256.6152 255.3599 14.16716042339825
0 COSMOS 2251 DEB
1 34790U 93036AAT 15292.08744345  .00000749  00000-0  36514-3 0  9990
2 34790  74.0590  15.3921 0110695 255.8000 174.7534 14.16717017341311
0 COSMOS 2251 DEB
1 34790U 93036AAT 15292.66831390 +.00000814 +00000-0 +39562-3 0  9990
2 34790 074.0590 014.3601 0110698 254.6387 257.2862 14.16718052339962
0 COSMOS 2251 DEB
1 34790U 93036AAT 15293.56892453  .00000930  00000-0  45033-3 0  9996
2 34790  74.0592  12.7601 0110723 252.8492 170.5415 14.16720048341526
0 COSMOS 2251 DEB
1 34790U 93036AAT 15293.93257095 +.00000955 +00000-0 +46183-3 0  9998
2 34790 074.0592 012.1139 0110715 252.1228 225.2015 14.16720827340143
0 COSMOS 2251 DEB
1 34790U 93036AAT 15294.42874049 +.00001013 +00000-0 +48951-3 0  9998
2 34790 074.0591 011.2322 0110722 251.1323 235.7528 14.16722023340212
0 COSMOS 2251 DEB
1 34790U 93036AAT 15295.41820014  .00001045  00000-0  50453-3 0  9996
2 34790  74.0590   9.4741 0110732 249.1672 242.1663 14.16724147341784
0 COSMOS 2251 DEB
1 34790U 93036AAT 15296.89905406  .00001087  00000-0  52400-3 0  9998
2 34790  74.0589   6.8427 0110741 246.2247 234.7922 14.16727619341995
0 COSMOS 2251 DEB
1 34790U 93036AAT 15297.68334751 +.00001124 +00000-0 +54161-3 0  9993
2 34790 074.0588 005.4490 0110754 244.6681 274.8398 14.16729736340675
0 COSMOS 2251 DEB
1 34790U 93036AAT 15298.30108044  .00001075  00000-0  51823-3 0  9994
2 34790  74.0588   4.3513 0110757 243.4437 185.3976 14.16730962342198
0 COSMOS 2251 DEB
1 34790U 93036AAT 15298.87696936 +.00001022 +00000-0 +49337-3 0  9997
2 34790 074.0587 003.3278 0110758 242.2983 242.5499 14.16732057340841
0 COSMOS 2251 DEB
1 34790U 93036AAT 15299.66032240  .00000907  00000-0  43949-3 0  9991
2 34790  74.0587   1.9359 0110764 240.7415 277.8136 14.16733242342382
0 COSMOS 2251 DEB
1 34790U 93036AAT 15300.57085866 +.00000820 +00000-0 +39841-3 0  9996
2 34790 074.0586 000.3179 0110780 238.9368 241.7393 14.16734815341086
0 COSMOS 2251 DEB
1 34790U 93036AAT 15301.56035488  .00000733  00000-0  35717-3 0  9992
2 34790  74.0585 358.5596 0110788 236.9728 248.3856 14.16736395342658
0 COSMOS 2251 DEB
1 34790U 93036AAT 15302.25435457 +.00000676 +00000-0 +33059-3 0  9992
2 34790 074.0584 357.3264 0110792 235.5945 187.9382 14.16737372341328
0 COSMOS 2251 DEB
1 34790U 93036AAT 15303.16604304  .00000643  00000-0  31483-3 0  9995
2 34790  74.0583 355.7064 0110795 233.7838 157.7572 14.16738797342881
0 COSMOS 2251 DEB
1 34790U 93036AAT 15303.61390499 +.00000629 +00000-0 +30809-3 0  9997
2 34790 074.0583 354.9106 0110792 232.8911 281.9593 14.16739410341513
0 COSMOS 2251 DEB
1 34790U 93036AAT 15304.51474631  .00000599  00000-0  29408-3 0  9997
2 34790  74.0581 353.3098 0110791 231.0952 196.4671 14.16740594343074
0 COSMOS 2251 DEB
1 34790U 93036AAT 15304.60413572 +.00000587 +00000-0 +28864-3 0  9996
2 34790 074.0581 353.1509 0110788 230.9165 292.3749 14.16740638341652
0 COSMOS 2251 DEB
1 34790U 93036AAT 15305.59082713  .00000690  00000-0  33706-3 0  9990
2 34790  74.0579 351.3976 0110780 228.9502 284.7427 14.16742538343225
0 COSMOS 2251 DEB
1 34790U 93036AAT 15306.58127981 +.00000704 +00000-0 +34341-3 0  9999
2 34790 074.0578 349.6375 0110766 226.9826 296.2909 14.16743843341937
0 COSMOS 2251 DEB
1 34790U 93036AAT 15307.19600653  .00000578  00000-0  28408-3 0  9995
2 34790  74.0577 348.5451 0110757 225.7528 191.5565 14.16743941343458
0 COSMOS 2251 DEB
1 34790U 93036AAT 15307.56776495 +.00000660 +00000-0 +32290-3 0  9990
2 34790 074.0576 347.8845 0110748 225.0125 287.6177 14.16744772342078
0 COSMOS 2251 DEB
1 34790U 93036AAT 15308.55628025  .00000693  00000-0  33813-3 0  9993
2 34790  74.0576 346.1279 0110725 223.0415 289.3022 14.16746236343645
0 COSMOS 2251 DEB
1 34790U 93036AAT 15309.53884485 +.00000696 +00000-0 +33958-3 0  9999
2 34790 074.0573 344.3816 0110691 221.0722 260.6506 14.16747496342355
0 COSMOS 2251 DEB
1 34790U 93036AAT 15310.16159419  .00000700  00000-0  34145-3 0  9997
2 34790  74.0573 343.2749 0110664 219.8265 196.8423 14.16748323343871
0 COSMOS 2251 DEB
1 34790U 93036AAT 15310.53331550 +.00000736 +00000-0 +35871-3 0  9992
2 34790 074.0572 342.6143 0110650 219.0844 292.7221 14.16748972342490
0 COSMOS 2251 DEB
1 34790U 93036AAT 15311.52185822  .00000861  00000-0  41754-3 0  9997
2 34790  74.0572 340.8575 0110610 217.1060 294.5695 14.16751073344060
0 COSMOS 2251 DEB
1 34790U 93036AAT 15312.91760668 +.00000858 +00000-0 +41606-3 0  9990
2 34790 074.0570 338.3770 0110544 214.3155 213.2903 14.16753340342839
0 COSMOS 2251 DEB
1 34790U 93036AAT 15313.20094661  .00000853  00000-0  41380-3 0  9990
2 34790  74.0570 337.8734 0110535 213.7473 218.4091 14.16753807344306
0 COSMOS 2251 DEB
1 34790U 93036AAT 15313.83298841 +.00000921 +00000-0 +44583-3 0  9999
2 34790 074.0569 336.7502 0110503 212.4814 202.0138 14.16755340342960
0 COSMOS 2251 DEB
1 34790U 93036AAT 15314.76384524  .00000927  00000-0  44830-3 0  9997
2 34790  74.0569 335.0959 0110460 210.6150 269.6731 14.16757180344529
0 COSMOS 2251 DEB
1 34790U 93036AAT 15314.89524704 +.00000997 +00000-0 +48149-3 0  9991
2 34790 074.0568 334.8624 0110451 210.3579 219.8580 14.16757865343119
0 COSMOS 2251 DEB
1 34790U 93036AAT 15315.81011748  .00000895  00000-0  43354-3 0  9993
2 34790  74.0569 333.2365 0110405 208.5332 205.9789 14.16759169344678
0 COSMOS 2251 DEB
1 34790U 93036AAT 15316.79920552 +.00000850 +00000-0 +41199-3 0  9999
2 34790 074.0568 331.4787 0110361 206.5560 210.6436 14.16760954343380
0 COSMOS 2251 DEB
1 34790U 93036AAT 15317.44690553  .00000769  00000-0  37398-3 0  9992
2 34790  74.0568 330.3276 0110329 205.2643 274.1204 14.16761817344909
0 COSMOS 2251 DEB
1 34790U 93036AAT 15318.43612787 +.00000728 +00000-0 +35483-3 0  9993
2 34790 074.0567 328.5695 0110280 203.2892 279.4789 14.16763591343616
0 COSMOS 2251 DEB
1 34790U 93036AAT 15319.13166734  .00000630  00000-0  30850-3 0  9992
2 34790  74.0567 327.3334 0110248 201.8986 226.9627 14.16764357345144
0 COSMOS 2251 DEB
1 34790U 93036AAT 15319.83692991 +.00000621 +00000-0 +30427-3 0  9998
2 34790 074.0566 326.0800 0110226 200.4850 224.0445 14.16765563343817
0 COSMOS 2251 DEB
1 34790U 93036AAT 15320.20209419  .00000567  00000-0  27885-3 0  9993
2 34790  74.0566 325.4310 0110217 199.7533 286.5084 14.16765883345295
0 COSMOS 2251 DEB
1 34790U 93036AAT 15320.48463874 +.00000641 +00000-0 +31358-3 0  9993
2 34790 074.0566 324.9288 0110194 199.1906 287.5814 14.16766804343907
0 COSMOS 2251 DEB
1 34790U 93036AAT 15321.47331225  .00000656  00000-0  32071-3 0  9996
2 34790  74.0565 323.1716 0110163 197.2048 290.1681 14.16768455345475
0 COSMOS 2251 DEB
1 34790U 93036AAT 15322.46708843 +.00000654 +00000-0 +32001-3 0  9991
2 34790 074.0564 321.4053 0110128 195.2078 318.7856 14.16769904344189
0 COSMOS 2251 DEB
1 34790U 93036AAT 15323.16679693  .00000615  00000-0  30142-3 0  9990
2 34790  74.0564 320.1617 0110081 193.8040 287.5526 14.16770718345714
0 COSMOS 2251 DEB
1 34790U 93036AAT 15323.45553905 +.00000642 +00000-0 +31434-3 0  9994
2 34790 074.0564 319.6485 0110066 193.2234 320.2447 14.16771303344326
0 COSMOS 2251 DEB
1 34790U 93036AAT 15324.43840619  .00000605  00000-0  29656-3 0  9996
2 34790  74.0563 317.9016 0110010 191.2453 293.2335 14.16772391345892
0 COSMOS 2251 DEB
1 34790U 93036AAT 15325.43252603 +.00000612 +00000-0 +29989-3 0  9994
2 34790 074.0563 316.1348 0109942 189.2385 323.6267 14.16773767344602
0 COSMOS 2251 DEB
1 34790U 93036AAT 15326.13395311  .00000558  00000-0  27470-3 0  9998
2 34790  74.0562 314.8882 0109921 187.8228 301.1761 14.16774363346139
0 COSMOS 2251 DEB
1 34790U 93036AAT 15326.42122632 +.00000610 +00000-0 +29896-3 0  9997
2 34790 074.0562 314.3776 0109904 187.2420 326.3822 14.16774981344743
0 COSMOS 2251 DEB
1 34790U 93036AAT 15327.40969185  .00000625  00000-0  30622-3 0  9993
2 34790  74.0562 312.6208 0109841 185.2379 327.9529 14.16776267346310
0 COSMOS 2251 DEB
1 34790U 93036AAT 15327.95049642 +.00000603 +00000-0 +29563-3 0  9998
2 34790 074.0562 311.6596 0109819 184.1411 206.2745 14.16776777344963
0 COSMOS 2251 DEB
1 34790U 93036AAT 15328.93897021 +.00000607 +00000-0 +29771-3 0  9994
2 34790 074.0562 309.9028 0109762 182.1333 207.8966 14.16777934345106
0 COSMOS 2251 DEB
1 34790U 93036AAT 15329.09899611  .00000608  00000-0  29829-3 0  9994
2 34790  74.0562 309.6183 0109763 181.8115 304.0916 14.16778120346553
0 COSMOS 2251 DEB
1 34790U 93036AAT 15329.92744142 +.00000626 +00000-0 +30661-3 0  9990
2 34790 074.0564 308.1460 0109736 180.1333 209.5025 14.16779192345246
0 COSMOS 2251 DEB
1 34790U 93036AAT 15330.37497616  .00000669  00000-0  32673-3 0  9994
2 34790  74.0563 307.3505 0109713 179.2264 332.1141 14.16779881346735
0 COSMOS 2251 DEB
1 34790U 93036AAT 15331.90430598 +.00000664 +00000-0 +32448-3 0  9995
2 34790 074.0565 304.6324 0109639 176.1284 212.3350 14.16781727345520
0 COSMOS 2251 DEB
1 34790U 93036AAT 15331.98062419  .00000658  00000-0  32143-3 0  9991
2 34790  74.0566 304.4968 0109626 175.9671 241.5962 14.16781769346964
0 COSMOS 2251 DEB
1 34790U 93036AAT 15332.96920348 +.00000664 +00000-0 +32439-3 0  9999
2 34790 074.0567 302.7398 0109574 173.9642 243.7703 14.16783082345675
0 COSMOS 2251 DEB
1 34790U 93036AAT 15333.34105501  .00000688  00000-0  33581-3 0  9993
2 34790  74.0567 302.0789 0109553 173.2149 340.3676 14.16783650347153
0 COSMOS 2251 DEB
1 34790U 93036AAT 15333.88115602 +.00000665 +00000-0 +32507-3 0  9997
2 34790 074.0567 301.1190 0109522 172.1192 215.1168 14.16784293345800
0 COSMOS 2251 DEB
1 34790U 93036AAT 15334.86973365  .00000674  00000-0  32928-3 0  9991
2 34790  74.0568 299.3620 0109465 170.1178 217.2918 14.16785817347378
0 COSMOS 2251 DEB
1 34790U 93036AAT 15335.65252147 +.00000595 +00000-0 +29209-3 0  9997
2 34790 074.0570 297.9708 0109432 168.5415 249.8435 14.16786509346059
0 COSMOS 2251 DEB
1 34790U 93036AAT 15336.71330774  .00000502  00000-0  24804-3 0  9992
2 34790  74.0571 296.0856 0109356 166.3839 260.3314 14.16787498347632
0 COSMOS 2251 DEB
1 34790U 93036AAT 15337.00551672 +.00000476 +00000-0 +23575-3 0  9991
2 34790 074.0571 295.5663 0109340 165.7918 310.7275 14.16787777346248
0 COSMOS 2251 DEB
1 34790U 93036AAT 15338.97231067  .00000322  00000-0  16314-3 0  9994
2 34790  74.0572 292.0709 0109231 161.7990 262.2677 14.16789334347954
0 COSMOS 2251 DEB
1 34790U 93036AAT 15338.97231067 +.00000322 +00000-0 +16314-3 0  9994
2 34790 074.0572 292.0709 0109231 161.7990 262.2677 14.16789334346526
0 COSMOS 2251 DEB
1 34790U 93036AAT 15339.96114296 +.00000335 +00000-0 +16927-3 0  9992
2 34790 074.0572 290.3137 0109184 159.7876 265.7690 14.16790423346668
0 COSMOS 2251 DEB
1 34790U 93036AAT 15340.95058523  .00000331  00000-0  16744-3 0  9996
2 34790  74.0573 288.5552 0109149 157.7865 272.3711 14.16791211348235
0 COSMOS 2251 DEB
1 34790U 93036AAT 15340.95058523 +.00000331 +00000-0 +16744-3 0  9996
2 34790 074.0573 288.5552 0109149 157.7865 272.3711 14.16791211346806
0 COSMOS 2251 DEB
1 34790U 93036AAT 15341.93834122 +.00000333 +00000-0 +16845-3 0  9996
2 34790 074.0573 286.7999 0109104 155.7696 270.3944 14.16791968346942
0 COSMOS 2251 DEB
1 34790U 93036AAT 15342.64492010  .00000334  00000-0  16873-3 0  9993
2 34790  74.0573 285.5443 0109082 154.3304 274.2780 14.16792386348475
0 COSMOS 2251 DEB
1 34790U 93036AAT 15343.83791156  .00000362  00000-0  18192-3 0  9995
2 34790  74.0572 283.4241 0109039 151.9084 239.0887 14.16793260348645
0 COSMOS 2251 DEB
1 34790U 93036AAT 15344.82717105 +.00000444 +00000-0 +22086-3 0  9995
2 34790 074.0573 281.6662 0109017 149.8815 244.7936 14.16794328347358
0 COSMOS 2251 DEB
1 34790U 93036AAT 15344.98653170  .00000374  00000-0  18759-3 0  9997
2 34790  74.0573 281.3829 0109009 149.5578 337.6070 14.16794004348807
0 COSMOS 2251 DEB
1 34790U 93036AAT 15345.60872718 +.00000472 +00000-0 +23379-3 0  9991
2 34790 074.0573 280.2772 0108993 148.2854 271.1062 14.16794947347466
0 COSMOS 2251 DEB
1 34790U 93036AAT 15346.80361391  .00000545  00000-0  26838-3 0  9998
2 34790  74.0574 278.1538 0108967 145.8427 245.6115 14.16796232349065
0 COSMOS 2251 DEB
1 34790U 93036AAT 15347.86791655  .00000615  00000-0  30115-3 0  9996
2 34790  74.0574 276.2624 0108947 143.6612 274.0849 14.16797513349210
0 COSMOS 2251 DEB
1 34790U 93036AAT 15348.57371640 +.00000676 +00000-0 +33016-3 0  9993
2 34790 074.0574 275.0081 0108924 142.2159 274.0168 14.16798495347885
0 COSMOS 2251 DEB
1 34790U 93036AAT 15349.50468900  .00000791  00000-0  38432-3 0  9998
2 34790  74.0574 273.3537 0108912 140.3065 342.4527 14.16800322349440
0 COSMOS 2251 DEB
1 34790U 93036AAT 15349.76882179 +.00000783 +00000-0 +38049-3 0  9999
2 34790 074.0574 272.8843 0108912 139.7644 249.6655 14.16800617348052
0 COSMOS 2251 DEB
1 34790U 93036AAT 15350.75750218  .00000765  00000-0  37184-3 0  9997
2 34790  74.0576 271.1274 0108896 137.7470 252.4358 14.16801924349628
0 COSMOS 2251 DEB
1 34790U 93036AAT 15350.91503741 +.00000726 +00000-0 +35349-3 0  9990
2 34790 074.0576 270.8474 0108890 137.4254 335.9459 14.16801956348215
0 COSMOS 2251 DEB
1 34790U 93036AAT 15351.48183192 +.00000719 +00000-0 +35008-3 0  9991
2 34790 074.0576 269.8402 0108871 136.2629 346.8940 14.16802795348292
0 COSMOS 2251 DEB
1 34790U 93036AAT 15352.18877157  .00000691  00000-0  33694-3 0  9998
2 34790  74.0576 268.5840 0108855 134.8157 352.6558 14.16803797349829
0 COSMOS 2251 DEB
1 34790U 93036AAT 15352.89224057 +.00000636 +00000-0 +31107-3 0  9997
2 34790 074.0577 267.3339 0108839 133.3724 340.7215 14.16804710348492
0 COSMOS 2251 DEB
1 34790U 93036AAT 15353.25410147  .00000701  00000-0  34171-3 0  9992
2 34790  74.0577 266.6909 0108824 132.6309  26.4046 14.16805656349976
0 COSMOS 2251 DEB
1 34790U 93036AAT 15353.58960934 +.00000655 +00000-0 +32024-3 0  9995
2 34790 074.0577 266.0947 0108814 131.9426 297.6749 14.16806000348596
0 COSMOS 2251 DEB
1 34790U 93036AAT 15353.95421700 +.00000577 +00000-0 +28347-3 0  9995
2 34790 074.0577 265.4467 0108805 131.2016 357.3629 14.16806190348641
0 COSMOS 2251 DEB
1 34790U 93036AAT 15354.94221689  .00000616  00000-0  30167-3 0  9996
2 34790  74.0576 263.6911 0108776 129.1801 356.6941 14.16808149350210
0 COSMOS 2251 DEB
1 34790U 93036AAT 15355.93141640 +.00000559 +00000-0 +27487-3 0  9991
2 34790 074.0576 261.9332 0108754 127.1557 002.1507 14.16809588348924
0 COSMOS 2251 DEB
1 34790U 93036AAT 15356.21913101  .00000540  00000-0  26571-3 0  9995
2 34790  74.0575 261.4219 0108746 126.5661  29.6531 14.16809932350390
0 COSMOS 2251 DEB
1 34790U 93036AAT 15356.83688926 +.00000520 +00000-0 +25657-3 0  9999
2 34790 074.0575 260.3242 0108733 125.2987 300.5634 14.16810857349051
0 COSMOS 2251 DEB
1 34790U 93036AAT 15357.82510475  .00000450  00000-0  22355-3 0  9996
2 34790  74.0574 258.5681 0108716 123.2796 301.0039 14.16811860350628
0 COSMOS 2251 DEB
1 34790U 93036AAT 15358.89581221 +.00000423 +00000-0 +21074-3 0  9998
2 34790 074.0573 256.6653 0108703 121.0922 002.2031 14.16813083349346
0 COSMOS 2251 DEB
1 34790U 93036AAT 15359.17896068  .00000412  00000-0  20534-3 0  9996
2 34790  74.0572 256.1622 0108696 120.5115   6.4192 14.16813343350812
0 COSMOS 2251 DEB
1 34790U 93036AAT 15359.88604227 +.00000371 +00000-0 +18593-3 0  9994
2 34790 074.0572 254.9056 0108695 119.0731 012.9219 14.16813908349485
0 COSMOS 2251 DEB
1 34790U 93036AAT 15360.79216148  .00000357  00000-0  17970-3 0  9999
2 34790  74.0571 253.2954 0108690 117.2200 314.6365 14.16814716351046
0 COSMOS 2251 DEB
1 34790U 93036AAT 15360.87217877 +.00000362 +00000-0 +18189-3 0  9997
2 34790 074.0571 253.1532 0108697 117.0539 002.7723 14.16814822349629
0 COSMOS 2251 DEB
1 34790U 93036AAT 15361.86065321  .00000357  00000-0  17969-3 0  9991
2 34790  74.0571 251.3966 0108701 115.0268   4.5529 14.16815622351191
0 COSMOS 2251 DEB
1 34790U 93036AAT 15362.69076723 +.00000388 +00000-0 +19417-3 0  9995
2 34790 074.0569 249.9214 0108700 113.3434 278.5883 14.16816381349884
0 COSMOS 2251 DEB
1 34790U 93036AAT 15363.13895279  .00000385  00000-0  19292-3 0  9998
2 34790  74.0569 249.1251 0108704 112.4247  44.5899 14.16816651351378
0 COSMOS 2251 DEB
1 34790U 93036AAT 15363.75496807 +.00000449 +00000-0 +22298-3 0  9991
2 34790 074.0568 248.0304 0108715 111.1680 306.6138 14.16817430350039
0 COSMOS 2251 DEB
1 34790U 93036AAT 15364.53469498  .00000518  00000-0  25530-3 0  9993
2 34790  74.0566 246.6446 0108723 109.5764 323.6620 14.16818355351573
0 COSMOS 2251 DEB
1 34790U 93036AAT 15364.89824759 +.00000468 +00000-0 +23177-3 0  9996
2 34790 074.0566 245.9986 0108733 108.8315 017.9894 14.16818367350195
0 COSMOS 2251 DEB
1 34790U 93036AAT 15365.73192161  .00000620  00000-0  30351-3 0  9997
2 34790  74.0565 244.5171 0108738 107.1310 310.2018 14.16819933351746
0 COSMOS 2251 DEB
1 34790U 93036AAT 15365.88688213 +.00000636 +00000-0 +31089-3 0  9997
2 34790 074.0565 244.2417 0108741 106.8132 020.5911 14.16820175350335
0 COSMOS 2251 DEB
1 34790U 93036AAT 16001.72041432 +.00000669 +00000-0 +32646-3 0  9990
2 34790 074.0564 242.7604 0108754 105.1111 312.0862 14.16821227350454
0 COSMOS 2251 DEB
1 34790U 93036AAT 16002.09186906  .00000647  00000-0  31596-3 0  9996
2 34790  74.0564 242.1003 0108759 104.3482  46.7249 14.16821495351939
0 COSMOS 2251 DEB
1 34790U 93036AAT 16002.36764049 +.00000692 +00000-0 +33724-3 0  9991
2 34790 074.0563 241.6102 0108771 103.7824 013.3230 14.16822101350540
0 COSMOS 2251 DEB
1 34790U 93036AAT 16003.69747439  .00000752  00000-0  36576-3 0  9997
2 34790  74.0562 239.2469 0108791 101.0612 316.2625 14.16824241352166
0 COSMOS 2251 DEB
1 34790U 93036AAT 16004.76793272  .00000721  00000-0  35084-3 0  9991
2 34790  74.0561 237.3445 0108798  98.8685  16.2437 14.16825740352318
0 COSMOS 2251 DEB
1 34790U 93036AAT 16004.96969999 +.00000718 +00000-0 +34945-3 0  9995
2 34790 074.0561 236.9860 0108783 098.4579 325.3765 14.16826051350914
0 COSMOS 2251 DEB
1 34790U 93036AAT 16005.82919362 +.00000654 +00000-0 +31926-3 0  9995
2 34790 074.0560 235.4585 0108789 096.6992 029.3149 14.16827148351035
0 COSMOS 2251 DEB
1 34790U 93036AAT 16006.04063851  .00000641  00000-0  31321-3 0  9998
2 34790  74.0560 235.0827 0108790  96.2645  27.8146 14.16827430352498
0 COSMOS 2251 DEB
1 34790U 93036AAT 16006.81788176 +.00000628 +00000-0 +30731-3 0  9996
2 34790 074.0560 233.7014 0108800 094.6728 032.2332 14.16828743351176
0 COSMOS 2251 DEB
1 34790U 93036AAT 16007.80597793  .00000541  00000-0  26599-3 0  9990
2 34790  74.0559 231.9453 0108798  92.6492  32.1354 14.16829946352746
0 COSMOS 2251 DEB
1 34790U 93036AAT 16008.79455972 +.00000454 +00000-0 +22523-3 0  9997
2 34790 074.0558 230.1884 0108794 090.6290 034.5143 14.16831016351454
0 COSMOS 2251 DEB
1 34790U 93036AAT 16009.08377207  .00000429  00000-0  21337-3 0  9998
2 34790  74.0558 229.6744 0108795  90.0367  69.6780 14.16831286352920
0 COSMOS 2251 DEB
1 34790U 93036AAT 16009.70032326 +.00000365 +00000-0 +18318-3 0  9991
2 34790 074.0557 228.5786 0108786 088.7807 334.4697 14.16831838351580
0 COSMOS 2251 DEB
1 34790U 93036AAT 16010.40688435  .00000333  00000-0  16813-3 0  9991
2 34790  74.0555 227.3229 0108781  87.3402 338.3693 14.16832538353116
0 COSMOS 2251 DEB
1 34790U 93036AAT 16010.61206377 +.00000325 +00000-0 +16430-3 0  9991
2 34790 074.0555 226.9582 0108782 086.9216 304.9126 14.16832777351711
0 COSMOS 2251 DEB
1 34790U 93036AAT 16011.76097853  .00000279  00000-0  14289-3 0  9993
2 34790  74.0554 224.9163 0108795  84.5788  45.0946 14.16833761353309
0 COSMOS 2251 DEB
1 34790U 93036AAT 16011.96074282 +.00000280 +00000-0 +14298-3 0  9998
2 34790 074.0554 224.5613 0108797 084.1690 344.0198 14.16833953351903
0 COSMOS 2251 DEB
1 34790U 93036AAT 16012.94910017 +.00000309 +00000-0 +15664-3 0  9992
2 34790 074.0552 222.8047 0108805 082.1522 345.2632 14.16834972352049
0 COSMOS 2251 DEB
1 34790U 93036AAT 16013.03086664  .00000308  00000-0  15624-3 0  9990
2 34790  74.0552 222.6593 0108805  81.9830  42.3259 14.16835031353488
0 COSMOS 2251 DEB
1 34790U 93036AAT 16013.57762939 +.00000354 +00000-0 +17815-3 0  9990
2 34790 074.0551 221.6876 0108813 080.8691 311.1594 14.16835763352134
0 COSMOS 2251 DEB
1 34790U 93036AAT 16014.56611907  .00000346  00000-0  17422-3 0  9993
2 34790  74.0549 219.9307 0108831  78.8549 313.0772 14.16836341353705
0 COSMOS 2251 DEB
1 34790U 93036AAT 16015.55458709 +.00000376 +00000-0 +18857-3 0  9998
2 34790 074.0549 218.1739 0108857 076.8366 314.8911 14.16837095352416
0 COSMOS 2251 DEB
1 34790U 93036AAT 16015.99536933  .00000404  00000-0  20168-3 0  9992
2 34790  74.0548 217.3905 0108864  75.9386  43.1583 14.16837449353906
0 COSMOS 2251 DEB
1 34790U 93036AAT 16016.54303032 +.00000444 +00000-0 +22068-3 0  9991
2 34790 074.0548 216.4171 0108883 074.8216 316.5770 14.16837995352553
0 COSMOS 2251 DEB
1 34790U 93036AAT 16017.53146557  .00000552  00000-0  27135-3 0  9998
2 34790  74.0548 214.6603 0108909  72.8053 318.2274 14.16839218354122
0 COSMOS 2251 DEB
1 34790U 93036AAT 16017.97219337 +.00000574 +00000-0 +28173-3 0  9990
2 34790 074.0548 213.8770 0108922 071.9060 046.2220 14.16839646352752
0 COSMOS 2251 DEB
1 34790U 93036AAT 16018.96680970  .00000670  00000-0  32677-3 0  9996
2 34790  74.0549 212.1092 0108955  69.8761  79.4071 14.16840995354328
0 COSMOS 2251 DEB
1 34790U 93036AAT 16018.96680970 +.00000670 +00000-0 +32677-3 0  9996
2 34790 074.0549 212.1092 0108955 069.8761 079.4071 14.16840995352898
0 COSMOS 2251 DEB
1 34790U 93036AAT 16019.94932557 +.00000765 +00000-0 +37160-3 0  9993
2 34790 074.0550 210.3630 0108971 067.8737 050.8760 14.16842603353030
0 COSMOS 2251 DEB
1 34790U 93036AAT 16020.49712815  .00000832  00000-0  40335-3 0  9991
2 34790  74.0552 209.3894 0108987  66.7585 325.0264 14.16843698354546
0 COSMOS 2251 DEB
1 34790U 93036AAT 16020.94384487 +.00000931 +00000-0 +44981-3 0  9992
2 34790 074.0552 208.5955 0108995 065.8459 083.5795 14.16844953353172
0 COSMOS 2251 DEB
1 34790U 93036AAT 16021.93245054  .00000911  00000-0  44009-3 0  9997
2 34790  74.0554 206.8384 0109021  63.8283  86.1279 14.16846509354744
0 COSMOS 2251 DEB
1 34790U 93036AAT 16021.93245054 +.00000911 +00000-0 +44009-3 0  9997
2 34790 074.0554 206.8384 0109021 063.8283 086.1279 14.16846509353316
0 COSMOS 2251 DEB
1 34790U 93036AAT 16023.53795024  .00000847  00000-0  41009-3 0  9997
2 34790  74.0554 203.9848 0109052  60.5425 355.2742 14.16849403354979
0 COSMOS 2251 DEB
1 34790U 93036AAT 16024.68116310  .00000735  00000-0  35721-3 0  9999
2 34790  74.0556 201.9529 0109052  58.1930  66.4621 14.16851189355139
0 COSMOS 2251 DEB
1 34790U 93036AAT 16024.96991072 +.00000705 +00000-0 +34351-3 0  9991
2 34790 074.0556 201.4397 0109052 057.5958 099.2824 14.16851621353745
0 COSMOS 2251 DEB
1 34790U 93036AAT 16025.95934495  .00000542  00000-0  26672-3 0  9993
2 34790  74.0557 199.6811 0109061  55.5687 106.0926 14.16852710355317
0 COSMOS 2251 DEB
1 34790U 93036AAT 16025.95934495 +.00000542 +00000-0 +26672-3 0  9993
2 34790 074.0557 199.6811 0109061 055.5687 106.0926 14.16852710353887
0 COSMOS 2251 DEB
1 34790U 93036AAT 16026.50692900 +.00000508 +00000-0 +25056-3 0  9994
2 34790 074.0557 198.7080 0109066 054.4467 019.1581 14.16853527353961
0 COSMOS 2251 DEB
1 34790U 93036AAT 16027.28176142  .00000433  00000-0  21533-3 0  9998
2 34790  74.0558 197.3308 0109066  52.8524  11.3592 14.16854367355507
0 COSMOS 2251 DEB
1 34790U 93036AAT 16028.47565459  .00000289  00000-0  14738-3 0  9991
2 34790  74.0558 195.2089 0109072  50.4072 341.0625 14.16855183355674
0 COSMOS 2251 DEB
1 34790U 93036AAT 16029.54075074  .00000236  00000-0  12263-3 0  9992
2 34790  74.0559 193.3159 0109080  48.2285  13.8091 14.16855962355825
0 COSMOS 2251 DEB
1 34790U 93036AAT 16029.91158895 +.00000239 +00000-0 +12374-3 0  9992
2 34790 074.0559 192.6569 0109081 047.4733 105.3444 14.16856271354442
0 COSMOS 2251 DEB
1 34790U 93036AAT 16030.89986716  .00000229  00000-0  11912-3 0  9998
2 34790  74.0560 190.9004 0109084  45.4425 106.2749 14.16856835356017
0 COSMOS 2251 DEB
1 34790U 93036AAT 16031.88241755 +.00000264 +00000-0 +13563-3 0  9998
2 34790 074.0560 189.1541 0109089 043.4343 077.9808 14.16857550354726
0 COSMOS 2251 DEB
1 34790U 93036AAT 16032.50653373  .00000345  00000-0  17393-3 0  9996
2 34790  74.0561 188.0449 0109091  42.1636  21.4136 14.16858329356248
0 COSMOS 2251 DEB
1 34790U 93036AAT 16032.87661905 +.00000366 +00000-0 +18370-3 0  9995
2 34790 074.0561 187.3872 0109097 041.4064 109.1135 14.16858589354860
0 COSMOS 2251 DEB
1 34790U 93036AAT 16033.86506016  .00000405  00000-0  20223-3 0  9990
2 34790  74.0562 185.6305 0109113  39.3896 110.8654 14.16859213356436
0 COSMOS 2251 DEB
1 34790U 93036AAT 16034.85386318 +.00000491 +00000-0 +24254-3 0  9994
2 34790 074.0563 183.8731 0109124 037.3739 114.4656 14.16860228355143
0 COSMOS 2251 DEB
1 34790U 93036AAT 16035.18783284  .00000479  00000-0  23681-3 0  9993
2 34790  74.0564 183.2795 0109131  36.6925  17.9494 14.16860337356627
0 COSMOS 2251 DEB
1 34790U 93036AAT 16035.84235659 +.00000558 +00000-0 +27425-3 0  9992
2 34790 074.0565 182.1164 0109141 035.3563 116.4918 14.16861222355282
0 COSMOS 2251 DEB
1 34790U 93036AAT 16036.45886182  .00000617  00000-0  30210-3 0  9995
2 34790  74.0566 181.0206 0109158  34.1028  21.1091 14.16862073356807
0 COSMOS 2251 DEB
1 34790U 93036AAT 16036.83079873 +.00000664 +00000-0 +32395-3 0  9996
2 34790 074.0566 180.3596 0109167 033.3417 118.2591 14.16862652355427
0 COSMOS 2251 DEB
1 34790U 93036AAT 16037.82052266  .00000777  00000-0  37734-3 0  9990
2 34790  74.0567 178.6006 0109194  31.3186 126.5761 14.16864350356996
0 COSMOS 2251 DEB
1 34790U 93036AAT 16038.80724992 +.00000869 +00000-0 +42045-3 0  9994
2 34790 074.0568 176.8468 0109221 029.3068 119.6091 14.16866158355701
0 COSMOS 2251 DEB
1 34790U 93036AAT 16039.14192825  .00000894  00000-0  43216-3 0  9995
2 34790  74.0568 176.2519 0109229  28.6230  26.7179 14.16866841357181
0 COSMOS 2251 DEB
1 34790U 93036AAT 16039.34841623 +.00000978 +00000-0 +47190-3 0  9992
2 34790 074.0568 175.8849 0109234 028.2031 359.9594 14.16867683355784
0 COSMOS 2251 DEB
1 34790U 93036AAT 16040.33673131  .00000957  00000-0  46204-3 0  9992
2 34790  74.0569 174.1285 0109263  26.1816   1.1095 14.16869277357359
0 COSMOS 2251 DEB
1 34790U 93036AAT 16040.77949225 +.00000939 +00000-0 +45352-3 0  9993
2 34790 074.0569 173.3414 0109277 025.2687 099.5323 14.16869956355981
0 COSMOS 2251 DEB
1 34790U 93036AAT 16041.32558404 +.00000965 +00000-0 +46584-3 0  9997
2 34790 074.0569 172.3708 0109297 024.1493 005.0196 14.16871232356061
0 COSMOS 2251 DEB
1 34790U 93036AAT 16042.10663576  .00000832  00000-0  40326-3 0  9992
2 34790  74.0570 170.9827 0109324  22.5452  28.9883 14.16872089357606
0 COSMOS 2251 DEB
1 34790U 93036AAT 16042.31351740 +.00000885 +00000-0 +42781-3 0  9997
2 34790 074.0570 170.6150 0109334 022.1254 004.2413 14.16872842356207
0 COSMOS 2251 DEB
1 34790U 93036AAT 16043.30169984  .00000837  00000-0  40550-3 0  9993
2 34790  74.0572 168.8588 0109366  20.0947   4.7478 14.16874724357774
0 COSMOS 2251 DEB
1 34790U 93036AAT 16043.81589091 +.00000803 +00000-0 +38941-3 0  9998
2 34790 074.0574 167.9453 0109391 019.0658 107.5029 14.16875742356417
0 COSMOS 2251 DEB
1 34790U 93036AAT 16045.07293692  .00000676  00000-0  32945-3 0  9993
2 34790  74.0576 165.7112 0109441  16.5000  39.4180 14.16877495358023
0 COSMOS 2251 DEB
1 34790U 93036AAT 16047.04911900  .00000421  00000-0  20992-3 0  9998
2 34790  74.0577 162.1992 0109497  12.4385  39.5310 14.16879364358307
0 COSMOS 2251 DEB
1 34790U 93036AAT 16047.76961368 +.00000493 +00000-0 +24370-3 0  9993
2 34790 074.0577 160.9187 0109509 010.9485 114.6448 14.16880730356974
0 COSMOS 2251 DEB
1 34790U 93036AAT 16048.11027291  .00000539  00000-0  26542-3 0  9995
2 34790  74.0577 160.3132 0109517  10.2555  52.2772 14.16881519358456
0 COSMOS 2251 DEB
1 34790U 93036AAT 16048.76326021 +.00000486 +00000-0 +24020-3 0  9999
2 34790 074.0578 159.1528 0109530 008.9194 143.0355 14.16881987357117
0 COSMOS 2251 DEB
1 34790U 93036AAT 16049.46497051  .00000482  00000-0  23851-3 0  9996
2 34790  74.0578 157.9058 0109549   7.4843 122.3202 14.16882663358648
0 COSMOS 2251 DEB
1 34790U 93036AAT 16049.74635564 +.00000458 +00000-0 +22734-3 0  9992
2 34790 074.0577 157.4057 0109566 006.9055 117.6127 14.16882744357258
0 COSMOS 2251 DEB
1 34790U 93036AAT 16050.45295735 +.00000437 +00000-0 +21728-3 0  9993
2 34790 074.0577 156.1500 0109587 005.4658 121.8430 14.16883175357357
0 COSMOS 2251 DEB
1 34790U 93036AAT 16051.72295123  .00000394  00000-0  19715-3 0  9990
2 34790  74.0576 153.8929 0109638   2.8744 119.8270 14.16883750358965
0 COSMOS 2251 DEB
1 34790U 93036AAT 16052.71687544 +.00000436 +00000-0 +21670-3 0  9992
2 34790 074.0576 152.1265 0109686 000.8564 149.6268 14.16884510357671
0 COSMOS 2251 DEB
1 34790U 93036AAT 16053.05119880  .00000440  00000-0  21852-3 0  9990
2 34790  74.0576 151.5323 0109698   0.1743  54.9451 14.16884768359156
0 COSMOS 2251 DEB
1 34790U 93036AAT 16053.25803213 +.00000478 +00000-0 +23661-3 0  9993
2 34790 074.0575 151.1647 0109704 359.7540 029.9599 14.16885110357757
0 COSMOS 2251 DEB
1 34790U 93036AAT 16054.32213755  .00000566  00000-0  27798-3 0  9991
2 34790  74.0574 149.2736 0109764 357.5833  57.7550 14.16886233359339
0 COSMOS 2251 DEB
1 34790U 93036AAT 16055.39367822  .00000671  00000-0  32747-3 0  9991
2 34790  74.0572 147.3686 0109818 355.3929 123.4853 14.16887564359483
0 COSMOS 2251 DEB
1 34790U 93036AAT 16056.29895060 +.00000710 +00000-0 +34570-3 0  9991
2 34790 074.0572 145.7598 0109862 353.5570 061.1009 14.16888556358187
0 COSMOS 2251 DEB
1 34790U 93036AAT 16057.21143409  .00000715  00000-0  34770-3 0  9994
2 34790  74.0572 144.1378 0109912 351.7067  35.5040 14.16889587359741
0 COSMOS 2251 DEB
1 34790U 93036AAT 16057.36968899 +.00000750 +00000-0 +36434-3 0  9996
2 34790 074.0572 143.8566 0109919 351.3834 122.7352 14.16889992358330
0 COSMOS 2251 DEB
1 34790U 93036AAT 16058.35838122  .00000716  00000-0  34856-3 0  9999
2 34790  74.0573 142.0994 0109980 349.3707 125.8781 14.16891100359909
0 COSMOS 2251 DEB
1 34790U 93036AAT 16058.92401943 +.00000690 +00000-0 +33602-3 0  9998
2 34790 074.0572 141.0941 0110013 348.2245 131.0957 14.16891788358559
0 COSMOS 2251 DEB
1 34790U 93036AAT 16059.63195880  .00000670  00000-0  32663-3 0  9991
2 34790  74.0572 139.8358 0110048 346.7852 142.1720 14.16892711360080
0 COSMOS 2251 DEB
1 34790U 93036AAT 16060.61957532 +.00000575 +00000-0 +28187-3 0  9991
2 34790 074.0572 138.0804 0110108 344.7741 139.8418 14.16893771358798
0 COSMOS 2251 DEB
1 34790U 93036AAT 16061.16509900  .00000504  00000-0  24886-3 0  9998
2 34790  74.0572 137.1109 0110141 343.6631  42.4708 14.16894273360308
0 COSMOS 2251 DEB
1 34790U 93036AAT 16062.02048275 +.00000451 +00000-0 +22391-3 0  9997
2 34790 074.0572 135.5905 0110195 341.9212 085.6486 14.16895259358998
0 COSMOS 2251 DEB
1 34790U 93036AAT 16063.29132475  .00000337  00000-0  17016-3 0  9994
2 34790  74.0570 133.3317 0110280 339.3297  88.0197 14.16896252360609
0 COSMOS 2251 DEB
1 34790U 93036AAT 16063.58501795 +.00000308 +00000-0 +15682-3 0  9996
2 34790 074.0570 132.8097 0110292 338.7365 146.0992 14.16896433359214
0 COSMOS 2251 DEB
1 34790U 93036AAT 16064.57397775  .00000290  00000-0  14801-3 0  9999
2 34790  74.0568 131.0518 0110358 336.7175 150.6391 14.16897345360781
0 COSMOS 2251 DEB
1 34790U 93036AAT 16065.55062595 +.00000248 +00000-0 +12855-3 0  9997
2 34790 074.0566 129.3158 0110412 334.7390 092.3645 14.16897867359496
0 COSMOS 2251 DEB
1 34790U 93036AAT 16065.97382865  .00000216  00000-0  11337-3 0  9997
2 34790  74.0565 128.5635 0110435 333.8813  91.0547 14.16898000360984
0 COSMOS 2251 DEB
1 34790U 93036AAT 16066.25613567 +.00000237 +00000-0 +12307-3 0  9996
2 34790 074.0565 128.0617 0110445 333.3070 091.0600 14.16898275359599
0 COSMOS 2251 DEB
1 34790U 93036AAT 16067.94761388  .00000295  00000-0  15067-3 0  9998
2 34790  74.0562 125.0551 0110528 329.8841  79.0227 14.16899577361262
0 COSMOS 2251 DEB
1 34790U 93036AAT 16067.94761388 +.00000295 +00000-0 +15067-3 0  9998
2 34790 074.0562 125.0551 0110528 329.8841 079.0227 14.16899577359832
0 COSMOS 2251 DEB
1 34790U 93036AAT 16069.92604591 +.00000377 +00000-0 +18886-3 0  9993
2 34790 074.0560 121.5383 0110624 325.8872 090.6911 14.16901046360118
0 COSMOS 2251 DEB
1 34790U 93036AAT 16070.13254902  .00000387  00000-0  19394-3 0  9991
2 34790  74.0560 121.1712 0110626 325.4720  64.0293 14.16901238361572
0 COSMOS 2251 DEB
1 34790U 93036AAT 16070.91424058 +.00000446 +00000-0 +22135-3 0  9991
2 34790 074.0559 119.7817 0110664 323.8934 091.3169 14.16902010360258
0 COSMOS 2251 DEB
1 34790U 93036AAT 16071.90256808  .00000588  00000-0  28789-3 0  9995
2 34790  74.0558 118.0248 0110703 321.9028  92.6210 14.16903507361821
0 COSMOS 2251 DEB
1 34790U 93036AAT 16071.90256808 +.00000588 +00000-0 +28789-3 0  9995
2 34790 074.0558 118.0248 0110703 321.9028 092.6210 14.16903507360392
0 COSMOS 2251 DEB
1 34790U 93036AAT 16072.55152838 +.00000600 +00000-0 +29386-3 0  9994
2 34790 074.0556 116.8710 0110751 320.5924 162.8710 14.16904093360489
0 COSMOS 2251 DEB
1 34790U 93036AAT 16074.80970175  .00000647  00000-0  31575-3 0  9990
2 34790  74.0551 112.8563 0110854 316.0767 161.4472 14.16906524362231
0 COSMOS 2251 DEB
1 34790U 93036AAT 16075.79825411 +.00000713 +00000-0 +34690-3 0  9996
2 34790 074.0555 111.0996 0110907 314.0788 163.9236 14.16908130360942
0 COSMOS 2251 DEB
1 34790U 93036AAT 16076.50569304  .00000754  00000-0  36612-3 0  9993
2 34790  74.0555 109.8422 0110961 312.6566 172.4736 14.16909387362474
0 COSMOS 2251 DEB
1 34790U 93036AAT 16077.49376520 +.00000714 +00000-0 +34711-3 0  9992
2 34790 074.0555 108.0857 0111028 310.6748 172.4950 14.16910666361189
0 COSMOS 2251 DEB
1 34790U 93036AAT 16078.03984883  .00000620  00000-0  30300-3 0  9996
2 34790  74.0555 107.1150 0111056 309.5826  77.9914 14.16910978362692
0 COSMOS 2251 DEB
1 34790U 93036AAT 16078.76462071 +.00000591 +00000-0 +28958-3 0  9999
2 34790 074.0555 105.8267 0111079 308.1312 174.9568 14.16911944361366
0 COSMOS 2251 DEB
1 34790U 93036AAT 16081.85970199 +.00000338 +00000-0 +17061-3 0  9990
2 34790 074.0554 100.3244 0111256 301.9344 122.5831 14.16915072361800
0 COSMOS 2251 DEB
1 34790U 93036AAT 16082.84835404  .00000242  00000-0  12553-3 0  9994
2 34790  74.0554  98.5669 0111294 299.9543 125.5810 14.16915621363372
0 COSMOS 2251 DEB
1 34790U 93036AAT 16084.04161439  .00000173  00000-0  93412-4 0  9995
2 34790  74.0554  96.4455 0111329 297.5650  92.2631 14.16916251363544
0 COSMOS 2251 DEB
1 34790U 93036AAT 16084.48955838 +.00000207 +00000-0 +10922-3 0  9999
2 34790 074.0554 095.6492 0111341 296.6675 217.1744 14.16916715362173
0 COSMOS 2251 DEB
1 34790U 93036AAT 16085.47802291  .00000159  00000-0  86563-4 0  9994
2 34790  74.0553  93.8919 0111362 294.6924 219.2137 14.16916959363747
0 COSMOS 2251 DEB
1 34790U 93036AAT 16086.01858796 +.00000153 +00000-0 +84011-4 0  9996
2 34790 074.0553 092.9309 0111369 293.6130 096.5712 14.16917175362391
0 COSMOS 2251 DEB
1 34790U 93036AAT 16087.45463078  .00000212  00000-0  11147-3 0  9995
2 34790  74.0554  90.3779 0111378 290.7466 221.6537 14.16917958364022
0 COSMOS 2251 DEB
1 34790U 93036AAT 16088.07111966 +.00000256 +00000-0 +13231-3 0  9994
2 34790 074.0554 089.2819 0111371 289.5123 126.2953 14.16918462362686
0 COSMOS 2251 DEB
1 34790U 93036AAT 16089.05954647  .00000341  00000-0  17216-3 0  9996
2 34790  74.0554  87.5248 0111360 287.5367 128.1492 14.16919334364252
0 COSMOS 2251 DEB
1 34790U 93036AAT 16089.42596866 +.00000381 +00000-0 +19072-3 0  9998
2 34790 074.0554 086.8733 0111355 286.8015 197.2316 14.16919724362870
0 COSMOS 2251 DEB
1 34790U 93036AAT 16090.41413419  .00000457  00000-0  22662-3 0  9994
2 34790  74.0553  85.1164 0111340 284.8284 197.7547 14.16920669364445
0 COSMOS 2251 DEB
1 34790U 93036AAT 16091.68488575  .00000576  00000-0  28237-3 0  9995
2 34790  74.0556  82.8575 0111313 282.3014 199.7149 14.16922336364625
0 COSMOS 2251 DEB
1 34790U 93036AAT 16092.39115655 +.00000601 +00000-0 +29392-3 0  9992
2 34790 074.0556 081.6018 0111299 280.8992 202.3222 14.16923085363292
0 COSMOS 2251 DEB
1 34790U 93036AAT 16093.01337330  .00000612  00000-0  29932-3 0  9990
2 34790  74.0557  80.4957 0111281 279.6572 136.1888 14.16923838364810
0 COSMOS 2251 DEB
1 34790U 93036AAT 16093.71904647 +.00000621 +00000-0 +30360-3 0  9995
2 34790 074.0557 079.2410 0111266 278.2551 135.7549 14.16924752363482
0 COSMOS 2251 DEB
1 34790U 93036AAT 16094.08404456  .00000632  00000-0  30867-3 0  9993
2 34790  74.0558  78.5921 0111254 277.5288 197.5753 14.16925341364960
0 COSMOS 2251 DEB
1 34790U 93036AAT 16094.78154095 +.00000619 +00000-0 +30224-3 0  9993
2 34790 074.0560 077.3522 0111248 276.1364 155.4433 14.16926243363633
0 COSMOS 2251 DEB
1 34790U 93036AAT 16095.35602376  .00000604  00000-0  29529-3 0  9997
2 34790  74.0561  76.3309 0111243 274.9919 205.8293 14.16927002365149
0 COSMOS 2251 DEB
1 34790U 93036AAT 16095.69622718 +.00000574 +00000-0 +28138-3 0  9997
2 34790 074.0561 075.7261 0111240 274.3120 141.1795 14.16927336363769
0 COSMOS 2251 DEB
1 34790U 93036AAT 16096.75846089  .00000522  00000-0  25698-3 0  9995
2 34790  74.0564  73.8377 0111226 272.1821 159.5604 14.16928684365342
0 COSMOS 2251 DEB
1 34790U 93036AAT 16097.74542991 +.00000452 +00000-0 +22403-3 0  9993
2 34790 074.0565 072.0833 0111210 270.2167 154.0114 14.16929740364053
0 COSMOS 2251 DEB
1 34790U 93036AAT 16098.02803186  .00000420  00000-0  20912-3 0  9999
2 34790  74.0565  71.5809 0111204 269.6512 155.5452 14.16929984365523
0 COSMOS 2251 DEB
1 34790U 93036AAT 16098.73387994 +.00000389 +00000-0 +19467-3 0  9998
2 34790 074.0566 070.3262 0111183 268.2504 156.0186 14.16930743364193
0 COSMOS 2251 DEB
1 34790U 93036AAT 16099.30985435  .00000392  00000-0  19606-3 0  9995
2 34790  74.0566  69.3023 0111169 267.1018 214.0248 14.16931526365700
0 COSMOS 2251 DEB
1 34790U 93036AAT 16100.99430821  .00000263  00000-0  13566-3 0  9993
2 34790  74.0568  66.3078 0111119 263.7330 166.3197 14.16932544365942
0 COSMOS 2251 DEB
1 34790U 93036AAT 16101.90425784 +.00000244 +00000-0 +12676-3 0  9997
2 34790 074.0569 064.6902 0111072 261.9152 127.9175 14.16933188364640
0 COSMOS 2251 DEB
1 34790U 93036AAT 16102.35223725  .00000254  00000-0  13130-3 0  9995
2 34790  74.0570  63.8938 0111055 261.0175 253.0364 14.16933530366137
0 COSMOS 2251 DEB
1 34790U 93036AAT 16102.97051086 +.00000276 +00000-0 +14134-3 0  9991
2 34790 074.0571 062.7947 0111042 259.7695 166.8281 14.16934156364797
0 COSMOS 2251 DEB
1 34790U 93036AAT 16103.34065333 +.00000312 +00000-0 +15832-3 0  9990
2 34790 074.0571 062.1367 0111030 259.0286 254.9046 14.16934535364848
0 COSMOS 2251 DEB
1 34790U 93036AAT 16104.04172536  .00000343  00000-0  17299-3 0  9995
2 34790  74.0572  60.8905 0110993 257.6183 231.0438 14.16935175366371
0 COSMOS 2251 DEB
1 34790U 93036AAT 16104.94548200 +.00000394 +00000-0 +19694-3 0  9996
2 34790 074.0573 059.2839 0110951 255.7998 161.0716 14.16936077365076
0 COSMOS 2251 DEB
1 34790U 93036AAT 16105.31759082  .00000405  00000-0  20220-3 0  9990
2 34790  74.0574  58.6225 0110915 255.0486 259.1876 14.16936388366559
0 COSMOS 2251 DEB
1 34790U 93036AAT 16105.85793233 +.00000403 +00000-0 +20095-3 0  9993
2 34790 074.0574 057.6620 0110878 253.9589 135.4524 14.16936750365206
0 COSMOS 2251 DEB
1 34790U 93036AAT 16106.30565610 +.00000429 +00000-0 +21334-3 0  9995
2 34790 074.0575 056.8661 0110850 253.0585 259.2758 14.16937214365266
0 COSMOS 2251 DEB
1 34790U 93036AAT 16107.56925065  .00000466  00000-0  23083-3 0  9992
2 34790  74.0577  54.6201 0110762 250.5132 224.8340 14.16938374366877
0 COSMOS 2251 DEB
1 34790U 93036AAT 16108.61683060  .00000553  00000-0  27149-3 0  9999
2 34790  74.0579  52.7580 0110708 248.4026 168.5147 14.16939811367020
0 COSMOS 2251 DEB
1 34790U 93036AAT 16108.89913795 +.00000576 +00000-0 +28213-3 0  9998
2 34790 074.0578 052.2561 0110683 247.8312 168.5610 14.16940213365634
0 COSMOS 2251 DEB
1 34790U 93036AAT 16109.60478199 +.00000590 +00000-0 +28880-3 0  9998
2 34790 074.0579 051.0019 0110638 246.4121 168.0350 14.16940982365733
0 COSMOS 2251 DEB
1 34790U 93036AAT 16109.97286700  .00000600  00000-0  29360-3 0  9999
2 34790  74.0581  50.3477 0110623 245.6706 245.6302 14.16941433367216
0 COSMOS 2251 DEB
1 34790U 93036AAT 16110.87759744 +.00000587 +00000-0 +28765-3 0  9995
2 34790 074.0581 048.7393 0110565 243.8449 180.6508 14.16942382365918
0 COSMOS 2251 DEB
1 34790U 93036AAT 16111.24258867  .00000564  00000-0  27682-3 0  9999
2 34790  74.0581  48.0905 0110541 243.1093 242.4667 14.16942619367392
0 COSMOS 2251 DEB
1 34790U 93036AAT 16111.52389067 +.00000565 +00000-0 +27711-3 0  9991
2 34790 074.0582 047.5905 0110514 242.5371 237.3914 14.16942976366000
0 COSMOS 2251 DEB
1 34790U 93036AAT 16112.51252464  .00000560  00000-0  27486-3 0  9995
2 34790  74.0584  45.8332 0110458 240.5444 240.4080 14.16944177367570
0 COSMOS 2251 DEB
1 34790U 93036AAT 16113.91413876  .00000499  00000-0  24606-3 0  9998
2 34790  74.0585  43.3419 0110381 237.7207 190.0403 14.16945661367770
0 COSMOS 2251 DEB
1 34790U 93036AAT 16113.91413876 +.00000499 +00000-0 +24606-3 0  9998
2 34790 074.0585 043.3419 0110381 237.7207 190.0403 14.16945661366342
0 COSMOS 2251 DEB
1 34790U 93036AAT 16114.61922751 +.00000474 +00000-0 +23441-3 0  9992
2 34790 074.0586 042.0885 0110343 236.3030 186.6973 14.16946393366440
0 COSMOS 2251 DEB
1 34790U 93036AAT 16115.89035440  .00000403  00000-0  20122-3 0  9998
2 34790  74.0586  39.8291 0110283 233.7382 190.7290 14.16947603368051
0 COSMOS 2251 DEB
1 34790U 93036AAT 16116.87856362 +.00000369 +00000-0 +18496-3 0  9993
2 34790 074.0587 038.0726 0110239 231.7445 191.5983 14.16948564366766
0 COSMOS 2251 DEB
1 34790U 93036AAT 16117.24423873  .00000355  00000-0  17882-3 0  9995
2 34790  74.0587  37.4227 0110222 231.0062 256.9130 14.16948844368241
0 COSMOS 2251 DEB
1 34790U 93036AAT 16117.86706366 +.00000308 +00000-0 +15659-3 0  9992
2 34790 074.0587 036.3156 0110183 229.7391 193.9634 14.16949196366906
0 COSMOS 2251 DEB
1 34790U 93036AAT 16118.85572105  .00000296  00000-0  15071-3 0  9998
2 34790  74.0587  34.5583 0110131 227.7331 197.1355 14.16950053368479
0 COSMOS 2251 DEB
1 34790U 93036AAT 16119.92762359  .00000288  00000-0  14690-3 0  9996
2 34790  74.0587  32.6530 0110086 225.5620 264.9413 14.16950829368622
0 COSMOS 2251 DEB
1 34790U 93036AAT 16119.92762359 +.00000288 +00000-0 +14690-3 0  9996
2 34790 074.0587 032.6530 0110086 225.5620 264.9413 14.16950829367193
0 COSMOS 2251 DEB
1 34790U 93036AAT 16120.21517461 +.00000300 +00000-0 +15267-3 0  9998
2 34790 074.0587 032.1419 0110073 224.9787 291.7485 14.16951081367230
0 COSMOS 2251 DEB
1 34790U 93036AAT 16121.20315053  .00000319  00000-0  16156-3 0  9999
2 34790  74.0587  30.3858 0110027 222.9753 291.4483 14.16951915368802
0 COSMOS 2251 DEB
1 34790U 93036AAT 16122.80800013  .00000353  00000-0  17784-3 0  9997
2 34790  74.0586  27.5331 0109960 219.7131 197.8542 14.16953185369035
0 COSMOS 2251 DEB
1 34790U 93036AAT 16122.89164782 +.00000380 +00000-0 +19015-3 0  9991
2 34790 074.0586 027.3844 0109959 219.5472 264.5407 14.16953369367614
0 COSMOS 2251 DEB
1 34790U 93036AAT 16123.88159426 +.00000435 +00000-0 +21620-3 0  9996
2 34790 074.0585 025.6248 0109916 217.5301 274.3088 14.16954385367752
0 COSMOS 2251 DEB
1 34790U 93036AAT 16124.16795002  .00000449  00000-0  22268-3 0  9998
2 34790  74.0586  25.1158 0109896 216.9473 295.0241 14.16954653369221
0 COSMOS 2251 DEB
1 34790U 93036AAT 16125.85493784  .00000509  00000-0  25099-3 0  9999
2 34790  74.0585  22.1170 0109821 213.5122 260.4428 14.16956324369469
0 COSMOS 2251 DEB
1 34790U 93036AAT 16126.76160541 +.00000561 +00000-0 +27536-3 0  9998
2 34790 074.0585 020.5053 0109781 211.6652 205.4104 14.16957445368164
0 COSMOS 2251 DEB
1 34790U 93036AAT 16127.13349677  .00000586  00000-0  28712-3 0  9993
2 34790  74.0585  19.8443 0109765 210.9094 302.4507 14.16957928369647
0 COSMOS 2251 DEB
1 34790U 93036AAT 16127.83396104 +.00000613 +00000-0 +29981-3 0  9997
2 34790 074.0585 018.5992 0109732 209.4842 275.5646 14.16958843368314
0 COSMOS 2251 DEB
1 34790U 93036AAT 16128.73846159  .00000654  00000-0  31882-3 0  9995
2 34790  74.0585  16.9914 0109694 207.6428 209.4865 14.16960174369878
0 COSMOS 2251 DEB
1 34790U 93036AAT 16128.89422772 +.00000656 +00000-0 +31993-3 0  9998
2 34790 074.0585 016.7144 0109689 207.3290 284.0578 14.16960370368461
0 COSMOS 2251 DEB
1 34790U 93036AAT 16129.88234529  .00000638  00000-0  31123-3 0  9994
2 34790  74.0585  14.9580 0109650 205.3125 284.5276 14.16961661370038
0 COSMOS 2251 DEB
1 34790U 93036AAT 16129.88234529 +.00000638 +00000-0 +31123-3 0  9994
2 34790 074.0585 014.9580 0109650 205.3125 284.5276 14.16961661368608
0 COSMOS 2251 DEB
1 34790U 93036AAT 16130.79753845 +.00000613 +00000-0 +29942-3 0  9992
2 34790 074.0585 013.3312 0109619 203.4521 273.0017 14.16962906368731
0 COSMOS 2251 DEB
1 34790U 93036AAT 16131.08728590  .00000677  00000-0  32983-3 0  9993
2 34790  74.0585  12.8161 0109608 202.8676 311.0241 14.16963731370203
0 COSMOS 2251 DEB
1 34790U 93036AAT 16131.78582515 +.00000648 +00000-0 +31624-3 0  9994
2 34790 074.0584 011.5744 0109587 201.4556 274.3257 14.16964709368877
0 COSMOS 2251 DEB
1 34790U 93036AAT 16132.07063310 +.00000618 +00000-0 +30214-3 0  9995
2 34790 074.0584 011.0681 0109579 200.8768 287.1561 14.16964968368913
0 COSMOS 2251 DEB
1 34790U 93036AAT 16133.13694157 +.00000538 +00000-0 +26416-3 0  9992
2 34790 074.0583 009.1726 0109548 198.7151 326.4883 14.16966205370493
0 COSMOS 2251 DEB
1 34790U 93036AAT 16135.02434296  .00000417  00000-0  20757-3 0  9996
2 34790  74.0582   5.8175 0109503 194.8916 234.2939 14.16968099370761
0 COSMOS 2251 DEB
1 34790U 93036AAT 16135.81186175 +.00000393 +00000-0 +19641-3 0  9996
2 34790 074.0581 004.4175 0109486 193.2996 291.4988 14.16968882369448
0 COSMOS 2251 DEB
1 34790U 93036AAT 16137.42225140  .00000439  00000-0  21795-3 0  9995
2 34790  74.0579   1.5548 0109460 190.0335 226.2600 14.16970723371101
0 COSMOS 2251 DEB
1 34790U 93036AAT 16137.78970157 +.00000438 +00000-0 +21726-3 0  9992
2 34790 074.0578 000.9015 0109457 189.2892 300.6605 14.16971038369723
0 COSMOS 2251 DEB
1 34790U 93036AAT 16138.77796578  .00000466  00000-0  23023-3 0  9998
2 34790  74.0577 359.1446 0109438 187.2888 301.8968 14.16972007371298
0 COSMOS 2251 DEB
1 34790U 93036AAT 16139.96568678 +.00000451 +00000-0 +22317-3 0  9997
2 34790 074.0575 357.0332 0109422 184.8747 240.5954 14.16972838370034
0 COSMOS 2251 DEB
1 34790U 93036AAT 16140.05347932  .00000453  00000-0  22415-3 0  9998
2 34790  74.0575 356.8772 0109421 184.6957 328.4357 14.16972923371476
0 COSMOS 2251 DEB
1 34790U 93036AAT 16141.65862586  .00000484  00000-0  23870-3 0  9992
2 34790  74.0573 354.0236 0109413 181.4307 236.4790 14.16974398371707
0 COSMOS 2251 DEB
1 34790U 93036AAT 16142.64703380 +.00000534 +00000-0 +26228-3 0  9994
2 34790 074.0572 352.2664 0109405 179.4197 238.4707 14.16975522370413
0 COSMOS 2251 DEB
1 34790U 93036AAT 16143.01866324  .00000542  00000-0  26606-3 0  9993
2 34790  74.0572 351.6057 0109403 178.6640 334.1990 14.16975862371892
0 COSMOS 2251 DEB
1 34790U 93036AAT 16143.63535609 +.00000576 +00000-0 +28180-3 0  9996
2 34790 074.0571 350.5093 0109399 177.4076 240.0300 14.16976611370558
0 COSMOS 2251 DEB
1 34790U 93036AAT 16144.62377032  .00000601  00000-0  29371-3 0  9992
2 34790  74.0571 348.7521 0109382 175.3992 242.0582 14.16977671372125
0 COSMOS 2251 DEB
1 34790U 93036AAT 16145.61214686 +.00000581 +00000-0 +28439-3 0  9998
2 34790 074.0571 346.9951 0109374 173.3913 243.8974 14.16978539370838
0 COSMOS 2251 DEB
1 34790U 93036AAT 16146.60054853  .00000588  00000-0  28748-3 0  9996
2 34790  74.0570 345.2380 0109362 171.3878 245.8642 14.16979595372402
0 COSMOS 2251 DEB
1 34790U 93036AAT 16146.96789009 +.00000590 +00000-0 +28841-3 0  9990
2 34790 074.0570 344.5849 0109360 170.6448 319.7217 14.16980012371029
0 COSMOS 2251 DEB
1 34790U 93036AAT 16147.95627066  .00000566  00000-0  27713-3 0  9994
2 34790  74.0570 342.8277 0109366 168.6408 321.5893 14.16981106372593
0 COSMOS 2251 DEB
1 34790U 93036AAT 16147.95627066 +.00000566 +00000-0 +27713-3 0  9994
2 34790 074.0570 342.8277 0109366 168.6408 321.5893 14.16981106371165
0 COSMOS 2251 DEB
1 34790U 93036AAT 16148.57737473 +.00000527 +00000-0 +25874-3 0  9990
2 34790 074.0570 341.7236 0109353 167.3842 249.9258 14.16981620371251
0 COSMOS 2251 DEB
1 34790U 93036AAT 16149.22571907  .00000513  00000-0  25223-3 0  9994
2 34790  74.0569 340.5708 0109306 166.0817 317.2119 14.16982310372776
0 COSMOS 2251 DEB
1 34790U 93036AAT 16149.93294565 +.00000495 +00000-0 +24376-3 0  9991
2 34790 074.0569 339.3134 0109295 164.6545 324.8728 14.16983102371447
0 COSMOS 2251 DEB
1 34790U 93036AAT 16150.27127502  .00000484  00000-0  23879-3 0  9991
2 34790  74.0569 338.7119 0109281 163.9717 250.7391 14.16983498372926
0 COSMOS 2251 DEB
1 34790U 93036AAT 16150.63673302 +.00000460 +00000-0 +22752-3 0  9998
2 34790 074.0569 338.0621 0109279 163.2352 314.9912 14.16983830371541
0 COSMOS 2251 DEB
1 34790U 93036AAT 16151.62484294  .00000410  00000-0  20400-3 0  9991
2 34790  74.0569 336.3054 0109256 161.2443 315.4794 14.16984732373117
0 COSMOS 2251 DEB
1 34790U 93036AAT 16152.24799939 +.00000366 +00000-0 +18330-3 0  9994
2 34790 074.0569 335.1975 0109240 159.9885 254.2900 14.16985165371773
0 COSMOS 2251 DEB
1 34790U 93036AAT 16153.30925072  .00000318  00000-0  16066-3 0  9992
2 34790  74.0568 333.3107 0109212 157.8494 267.8886 14.16985968373351
0 COSMOS 2251 DEB
1 34790U 93036AAT 16153.60122235 +.00000298 +00000-0 +15130-3 0  9993
2 34790 074.0568 332.7916 0109211 157.2615 317.2786 14.16986152371960
0 COSMOS 2251 DEB
1 34790U 93036AAT 16154.66302998  .00000273  00000-0  13960-3 0  9998
2 34790  74.0568 330.9038 0109181 155.1216 333.7176 14.16986885373540
0 COSMOS 2251 DEB
1 34790U 93036AAT 16155.93847122  .00000283  00000-0  14415-3 0  9999
2 34790  74.0567 328.6363 0109154 152.5467 359.9406 14.16987805373722
0 COSMOS 2251 DEB
1 34790U 93036AAT 16155.93847122 +.00000283 +00000-0 +14415-3 0  9999
2 34790 074.0567 328.6363 0109154 152.5467 359.9406 14.16987805372293
0 COSMOS 2251 DEB
1 34790U 93036AAT 16156.92743707 +.00000281 +00000-0 +14351-3 0  9990
2 34790 074.0567 326.8781 0109141 150.5501 004.8095 14.16988323372432
0 COSMOS 2251 DEB
1 34790U 93036AAT 16157.46807718  .00000275  00000-0  14042-3 0  9993
2 34790  74.0566 325.9170 0109141 149.4607 242.6973 14.16988547373949
0 COSMOS 2251 DEB
1 34790U 93036AAT 16157.62774036 +.00000269 +00000-0 +13767-3 0  9993
2 34790 074.0567 325.6331 0109137 149.1384 337.1639 14.16988564372532
0 COSMOS 2251 DEB
1 34790U 93036AAT 16158.45640330 +.00000311 +00000-0 +15745-3 0  9990
2 34790 074.0567 324.1599 0109122 147.4579 244.3123 14.16989165372651
0 COSMOS 2251 DEB
1 34790U 93036AAT 16159.18040775  .00000303  00000-0  15375-3 0  9998
2 34790  74.0567 322.8727 0109113 145.9989 337.5716 14.16989409374181
0 COSMOS 2251 DEB
1 34790U 93036AAT 16159.88645079 +.00000352 +00000-0 +17658-3 0  9993
2 34790 074.0568 321.6174 0109106 144.5657 339.2181 14.16989939372859
0 COSMOS 2251 DEB
1 34790U 93036AAT 16160.59292581  .00000370  00000-0  18496-3 0  9990
2 34790  74.0568 320.3614 0109102 143.1388 343.0623 14.16990350374389
0 COSMOS 2251 DEB
1 34790U 93036AAT 16161.86881213  .00000437  00000-0  21674-3 0  9993
2 34790  74.0569 318.0931 0109080 140.5609  11.5710 14.16991369374563
0 COSMOS 2251 DEB
1 34790U 93036AAT 16162.85685568 +.00000465 +00000-0 +22987-3 0  9997
2 34790 074.0570 316.3365 0109061 138.5654 011.7487 14.16992171373275
0 COSMOS 2251 DEB
1 34790U 93036AAT 16163.47397652  .00000504  00000-0  24779-3 0  9995
2 34790  74.0570 315.2394 0109047 137.3137 279.7939 14.16992872374796
0 COSMOS 2251 DEB
1 34790U 93036AAT 16163.84551441 +.00000495 +00000-0 +24381-3 0  9992
2 34790 074.0571 314.5788 0109033 136.5646 015.0721 14.16993108373418
0 COSMOS 2251 DEB
1 34790U 93036AAT 16164.46240644 +.00000500 +00000-0 +24599-3 0  9999
2 34790 074.0571 313.4821 0109016 135.3147 281.9518 14.16993747373505
0 COSMOS 2251 DEB
1 34790U 93036AAT 16165.45076959  .00000470  00000-0  23218-3 0  9998
2 34790  74.0572 311.7249 0108982 133.3169 283.7722 14.16994591375073
0 COSMOS 2251 DEB
1 34790U 93036AAT 16166.43915127 +.00000439 +00000-0 +21740-3 0  9999
2 34790 074.0573 309.9679 0108942 131.3158 285.6948 14.16995538373781
0 COSMOS 2251 DEB
1 34790U 93036AAT 16167.42905331  .00000380  00000-0  18957-3 0  9996
2 34790  74.0574 308.2081 0108895 129.3167 295.3717 14.16996386375354
0 COSMOS 2251 DEB
1 34790U 93036AAT 16167.80062480 +.00000356 +00000-0 +17861-3 0  9993
2 34790 074.0574 307.5475 0108874 128.5720 030.8231 14.16996667373977
0 COSMOS 2251 DEB
1 34790U 93036AAT 16168.57143376  .00000305  00000-0  15473-3 0  9993
2 34790  74.0575 306.1773 0108839 127.0186   2.8648 14.16997274375513
0 COSMOS 2251 DEB
1 34790U 93036AAT 16168.85341884 +.00000269 +00000-0 +13761-3 0  9995
2 34790 074.0575 305.6760 0108823 126.4504 001.3240 14.16997373374121
0 COSMOS 2251 DEB
1 34790U 93036AAT 16170.18270428  .00000139  00000-0  76622-4 0  9991
2 34790  74.0576 303.3129 0108772 123.7525 302.2799 14.16997792375748
0 COSMOS 2251 DEB
1 34790U 93036AAT 16170.54745713 +.00000119 +00000-0 +66953-4 0  9999
2 34790 074.0576 302.6645 0108762 123.0143 002.9573 14.16997970374360
0 COSMOS 2251 DEB
1 34790U 93036AAT 16171.45400315  .00000072  00000-0  45210-4 0  9997
2 34790  74.0577 301.0531 0108721 121.1784 307.4312 14.16998271375925
0 COSMOS 2251 DEB
1 34790U 93036AAT 16172.15951439 +.00000032 +00000-0 +26404-4 0  9993
2 34790 074.0577 299.7989 0108696 119.7524 306.3826 14.16998287374598
0 COSMOS 2251 DEB
1 34790U 93036AAT 16173.14848556  .00000008  00000-0  15144-4 0  9990
2 34790  74.0577 298.0408 0108661 117.7545 311.3178 14.16998356376167
0 COSMOS 2251 DEB
1 34790U 93036AAT 16174.50171877  .00000005  00000-0  13598-4 0  9994
2 34790  74.0577 295.6352 0108621 115.0257  14.4186 14.16998367376358
0 COSMOS 2251 DEB
1 34790U 93036AAT 16175.12427831 +.00000030 +00000-0 +25490-4 0  9999
2 34790 074.0578 294.5285 0108604 113.7638 310.2197 14.16998446375010
0 COSMOS 2251 DEB
1 34790U 93036AAT 16176.11128707  .00000080  00000-0  48630-4 0  9995
2 34790  74.0579 292.7741 0108573 111.7676 305.1451 14.16998625376581
0 COSMOS 2251 DEB
1 34790U 93036AAT 16177.53686251  .00000167  00000-0  89753-4 0  9992
2 34790  74.0578 290.2398 0108529 108.8827  17.2880 14.16999035376782
0 COSMOS 2251 DEB
1 34790U 93036AAT 16178.45418480 +.00000235 +00000-0 +12162-3 0  9996
2 34790 074.0578 288.6090 0108521 107.0266 016.7323 14.16999495375484
0 COSMOS 2251 DEB
1 34790U 93036AAT 16179.07665760  .00000275  00000-0  14026-3 0  9995
2 34790  74.0577 287.5024 0108508 105.7617 312.0965 14.16999811377004
0 COSMOS 2251 DEB
1 34790U 93036AAT 16179.51356791 +.00000296 +00000-0 +15030-3 0  9994
2 34790 074.0577 286.7258 0108497 104.8756 020.8665 14.17000049375630
0 COSMOS 2251 DEB
1 34790U 93036AAT 16180.13802032  .00000324  00000-0  16349-3 0  9994
2 34790  74.0577 285.6158 0108481 103.6027 326.3349 14.17000424377157
0 COSMOS 2251 DEB
1 34790U 93036AAT 16180.43021171 +.00000335 +00000-0 +16872-3 0  9997
2 34790 074.0577 285.0964 0108474 103.0103 016.8645 14.17000641375763
0 COSMOS 2251 DEB
1 34790U 93036AAT 16181.61922603  .00000346  00000-0  17364-3 0  9997
2 34790  74.0577 282.9827 0108435 100.5994 322.2781 14.17001335377368
0 COSMOS 2251 DEB
1 34790U 93036AAT 16182.32403780 +.00000334 +00000-0 +16827-3 0  9996
2 34790 074.0577 281.7298 0108416 099.1648 317.6795 14.17001770376034
0 COSMOS 2251 DEB
1 34790U 93036AAT 16183.02925416  .00000320  00000-0  16142-3 0  9994
2 34790  74.0577 280.4763 0108388  97.7258 315.1506 14.17002250377562
0 COSMOS 2251 DEB
1 34790U 93036AAT 16183.59568522 +.00000304 +00000-0 +15423-3 0  9990
2 34790 074.0577 279.4694 0108361 096.5730 324.6439 14.17002632376211
0 COSMOS 2251 DEB
1 34790U 93036AAT 16184.09091293  .00000272  00000-0  13889-3 0  9990
2 34790  74.0577 278.5891 0108341  95.5629 330.9156 14.17002879377719
0 COSMOS 2251 DEB
1 34790U 93036AAT 16184.45540050 +.00000251 +00000-0 +12899-3 0  9997
2 34790 074.0577 277.9411 0108328 094.8224 030.2490 14.17003085376336
0 COSMOS 2251 DEB
1 34790U 93036AAT 16185.37105150  .00000184  00000-0  97573-4 0  9995
2 34790  74.0576 276.3134 0108294  92.9556  21.1994 14.17003501377892
0 COSMOS 2251 DEB
1 34790U 93036AAT 16185.65536478 +.00000154 +00000-0 +83798-4 0  9998
2 34790 074.0576 275.8080 0108280 092.3764 031.5475 14.17003531376505
0 COSMOS 2251 DEB
1 34790U 93036AAT 16186.43206905  .00000086  00000-0  51828-4 0  9997
2 34790  74.0576 274.4273 0108248  90.7940  33.6982 14.17003744378049
0 COSMOS 2251 DEB
1 34790U 93036AAT 16187.42038514 +.00000012 +00000-0 +16719-4 0  9995
2 34790 074.0576 272.6704 0108223 088.7769 035.3347 14.17003942376757
0 COSMOS 2251 DEB
1 34790U 93036AAT 16188.40889216 -.00000055  00000-0 -14659-4 0  9997
2 34790  74.0575 270.9132 0108198  86.7608  37.9434 14.17003972378326
0 COSMOS 2251 DEB
1 34790U 93036AAT 16188.69172102 -.00000067 +00000-0 -20212-4 0  9992
2 34790 074.0575 270.4105 0108188 086.1830 040.7213 14.17003976376937
0 COSMOS 2251 DEB
1 34790U 93036AAT 16189.59811640 -.00000094  00000-0 -32713-4 0  9998
2 34790  74.0574 268.7992 0108151  84.3375 344.4559 14.17004010378494
0 COSMOS 2251 DEB
1 34790U 93036AAT 16190.58597519 -.00000094 +00000-0 -32780-4 0  9999
2 34790 074.0573 267.0431 0108133 082.3269 343.7533 14.17004071377202
0 COSMOS 2251 DEB
1 34790U 93036AAT 16191.00958772 -.00000076  00000-0 -24668-4 0  9995
2 34790  74.0572 266.2901 0108118  81.4648 344.6996 14.17004192378699
0 COSMOS 2251 DEB
1 34790U 93036AAT 16191.37521328 -.00000061 +00000-0 -17179-4 0  9991
2 34790 074.0571 265.6401 0108111 080.7212 049.8396 14.17004256377315
0 COSMOS 2251 DEB
1 34790U 93036AAT 16192.56222383 -.00000010  00000-0  66442-5 0  9993
2 34790  74.0569 263.5301 0108095  78.3042 345.0557 14.17004364378910
0 COSMOS 2251 DEB
1 34790U 93036AAT 16192.65008942 -.00000005 +00000-0 +89489-5 0  9996
2 34790 074.0569 263.3739 0108094 078.1261 073.2776 14.17004379377494
0 COSMOS 2251 DEB
1 34790U 93036AAT 16193.42182061 +.00000052 +00000-0 +35577-4 0  9996
2 34790 074.0568 262.0021 0108086 076.5559 050.0563 14.17004592377603
0 COSMOS 2251 DEB
1 34790U 93036AAT 16194.17982309  .00000120  00000-0  67748-4 0  9993
2 34790  74.0567 260.6547 0108069  75.0184 316.7975 14.17004923379146
0 COSMOS 2251 DEB
1 34790U 93036AAT 16194.62652068 +.00000176 +00000-0 +94042-4 0  9997
2 34790 074.0566 259.8606 0108065 074.1081 075.5064 14.17005172377776
0 COSMOS 2251 DEB
1 34790U 93036AAT 16195.52701655  .00000264  00000-0  13546-3 0  9991
2 34790  74.0566 258.2598 0108056  72.2734 349.1477 14.17005675379333
0 COSMOS 2251 DEB
1 34790U 93036AAT 16195.61530929 +.00000271 +00000-0 +13887-3 0  9991
2 34790 074.0566 258.1029 0108057 072.0926 079.5506 14.17005725377918
0 COSMOS 2251 DEB
1 34790U 93036AAT 16196.60324692  .00000392  00000-0  19543-3 0  9998
2 34790  74.0565 256.3467 0108049  70.0817  79.2536 14.17006585379480
0 COSMOS 2251 DEB
1 34790U 93036AAT 16197.92705779 +.00000458 +00000-0 +22640-3 0  9998
2 34790 074.0564 253.9933 0108049 067.3811 352.3367 14.17007580378249
0 COSMOS 2251 DEB
1 34790U 93036AAT 16198.20878955  .00000498  00000-0  24510-3 0  9999
2 34790  74.0564 253.4925 0108049  66.8069 349.5197 14.17007993379714
0 COSMOS 2251 DEB
1 34790U 93036AAT 16198.29375898 +.00000505 +00000-0 +24854-3 0  9996
2 34790 074.0564 253.3415 0108052 066.6356 062.9681 14.17008097378290
0 COSMOS 2251 DEB
1 34790U 93036AAT 16199.84475990  .00000510  00000-0  25108-3 0  9991
2 34790  74.0563 250.5842 0108059  63.4675  55.0178 14.17009400379944
0 COSMOS 2251 DEB
1 34790U 93036AAT 16200.55174612 +.00000498 +00000-0 +24544-3 0  9997
2 34790 074.0562 249.3274 0108060 062.0233 061.5385 14.17010090378617
0 COSMOS 2251 DEB
1 34790U 93036AAT 16200.96421050  .00000448  00000-0  22173-3 0  9994
2 34790  74.0562 248.5941 0108063  61.1761   5.6327 14.17010331380108
0 COSMOS 2251 DEB
1 34790U 93036AAT 16201.45732787 +.00000430 +00000-0 +21339-3 0  9995
2 34790 074.0562 247.7175 0108062 060.1676 001.1560 14.17010814378744
0 COSMOS 2251 DEB
1 34790U 93036AAT 16202.08548162  .00000375  00000-0  18759-3 0  9997
2 34790  74.0561 246.6008 0108065  58.8811 325.5393 14.17011307380269
0 COSMOS 2251 DEB
1 34790U 93036AAT 16202.31735522 +.00000376 +00000-0 +18782-3 0  9998
2 34790 074.0561 246.1886 0108060 058.4078 068.3889 14.17011616378862
0 COSMOS 2251 DEB
1 34790U 93036AAT 16203.92905193  .00000230  00000-0  11967-3 0  9996
2 34790  74.0560 243.3234 0108063  55.1077  10.0999 14.17012759380524
0 COSMOS 2251 DEB
1 34790U 93036AAT 16203.92905193 +.00000230 +00000-0 +11967-3 0  9996
2 34790 074.0560 243.3234 0108063 055.1077 010.0999 14.17012759379094
0 COSMOS 2251 DEB
1 34790U 93036AAT 16204.91743242 +.00000128 +00000-0 +71347-4 0  9996
2 34790 074.0558 241.5663 0108069 053.0863 012.1022 14.17013164379230
0 COSMOS 2251 DEB
1 34790U 93036AAT 16205.19968162  .00000094  00000-0  55741-4 0  9999
2 34790  74.0558 241.0645 0108067  52.5110  11.9316 14.17013227380709
0 COSMOS 2251 DEB
1 34790U 93036AAT 16205.90626277 +.00000042 +00000-0 +31349-4 0  9997
2 34790 074.0557 239.8084 0108073 051.0650 016.3992 14.17013443379370
0 COSMOS 2251 DEB
1 34790U 93036AAT 16206.55821064 -.00000013  00000-0  51122-5 0  9991
2 34790  74.0555 238.6493 0108075  49.7358 102.1619 14.17013479380898
0 COSMOS 2251 DEB
1 34790U 93036AAT 16206.89405721 -.00000029 +00000-0 -20780-5 0  9990
2 34790 074.0555 238.0523 0108076 049.0492 015.4084 14.17013544379511
0 COSMOS 2251 DEB
1 34790U 93036AAT 16207.09940013 -.00000040 +00000-0 -71612-5 0  9994
2 34790 074.0554 237.6872 0108077 048.6322 342.9166 14.17013569379549
0 COSMOS 2251 DEB
1 34790U 93036AAT 16208.08776866 -.00000015  00000-0  44875-5 0  9999
2 34790  74.0553 235.9301 0108087  46.6191 344.8508 14.17013959381119
0 COSMOS 2251 DEB
1 34790U 93036AAT 16208.53486554 -.00000044 +00000-0 -90603-5 0  9994
2 34790 074.0552 235.1352 0108097 045.7086 105.6107 14.17013758379741
0 COSMOS 2251 DEB
1 34790U 93036AAT 16209.23612936 -.00000019  00000-0  27505-5 0  9999
2 34790  74.0551 233.8884 0108103  44.2820  82.9434 14.17013887381277
0 COSMOS 2251 DEB
1 34790U 93036AAT 16210.51168709  .00000060  00000-0  39502-4 0  9990
2 34790  74.0550 231.6206 0108120  41.6881 109.8991 14.17014104381457
0 COSMOS 2251 DEB
1 34790U 93036AAT 16211.50007442 +.00000135 +00000-0 +74931-4 0  9994
2 34790 074.0550 229.8634 0108142 039.6825 111.9187 14.17014367380169
0 COSMOS 2251 DEB
1 34790U 93036AAT 16212.11665873  .00000191  00000-0  10130-3 0  9992
2 34790  74.0549 228.7672 0108164  38.4344  17.2723 14.17014633381682
0 COSMOS 2251 DEB
1 34790U 93036AAT 16212.82263172 +.00000267 +00000-0 +13686-3 0  9999
2 34790 074.0549 227.5121 0108181 037.0057 018.6215 14.17015060380352
0 COSMOS 2251 DEB
1 34790U 93036AAT 16213.18810630  .00000300  00000-0  15224-3 0  9994
2 34790  74.0550 226.8623 0108192  36.2678  82.9992 14.17015275381833
0 COSMOS 2251 DEB
1 34790U 93036AAT 16213.81091411 +.00000361 +00000-0 +18118-3 0  9994
2 34790 074.0550 225.7551 0108217 035.0053 020.1046 14.17015725380498
0 COSMOS 2251 DEB
1 34790U 93036AAT 16214.46520803  .00000426  00000-0  21176-3 0  9998
2 34790  74.0550 224.5918 0108244  33.6793 117.8298 14.17016291382019
0 COSMOS 2251 DEB
1 34790U 93036AAT 16214.79937664 +.00000457 +00000-0 +22616-3 0  9995
2 34790 074.0550 223.9977 0108258 033.0020 022.5126 14.17016622380635
0 COSMOS 2251 DEB
1 34790U 93036AAT 16215.45321877 +.00000494 +00000-0 +24341-3 0  9990
2 34790 074.0551 222.8353 0108282 031.6772 117.9353 14.17017195380724
0 COSMOS 2251 DEB
1 34790U 93036AAT 16217.43008242  .00000579  00000-0  28359-3 0  9995
2 34790  74.0553 219.3208 0108362  27.6709 122.4582 14.17019538382438
0 COSMOS 2251 DEB
1 34790U 93036AAT 16218.49214661  .00000526  00000-0  25872-3 0  9995
2 34790  74.0553 217.4326 0108408  25.5154 140.3492 14.17020549382589
0 COSMOS 2251 DEB
1 34790U 93036AAT 16219.74117127  .00000460  00000-0  22778-3 0  9992
2 34790  74.0554 215.2119 0108465  22.9744  31.9922 14.17021869382764
0 COSMOS 2251 DEB
1 34790U 93036AAT 16220.72962284 +.00000376 +00000-0 +18793-3 0  9992
2 34790 074.0555 213.4546 0108504 020.9729 034.3703 14.17022746381470
0 COSMOS 2251 DEB
1 34790U 93036AAT 16221.09389748  .00000336  00000-0  16957-3 0  9997
2 34790  74.0555 212.8069 0108515  20.2347  92.6425 14.17023034382957
0 COSMOS 2251 DEB
1 34790U 93036AAT 16221.71816713 +.00000292 +00000-0 +14863-3 0  9998
2 34790 074.0555 211.6971 0108543 018.9699 037.2257 14.17023527381618
0 COSMOS 2251 DEB
1 34790U 93036AAT 16222.70576392  .00000227  00000-0  11824-3 0  9996
2 34790  74.0557 209.9413 0108582  16.9837  35.2348 14.17024224383184
0 COSMOS 2251 DEB
1 34790U 93036AAT 16223.76680809  .00000196  00000-0  10353-3 0  9993
2 34790  74.0557 208.0549 0108618  14.8429  47.9285 14.17024955383336
0 COSMOS 2251 DEB
1 34790U 93036AAT 16224.41984815 +.00000166 +00000-0 +89509-4 0  9997
2 34790 074.0558 206.8939 0108641 013.5212 139.2795 14.17025229381994
0 COSMOS 2251 DEB
1 34790U 93036AAT 16225.12149906  .00000146  00000-0  80445-4 0  9998
2 34790  74.0558 205.6465 0108664  12.1032 118.6077 14.17025534383529
0 COSMOS 2251 DEB
1 34790U 93036AAT 16225.94900757 +.00000153 +00000-0 +83459-4 0  9993
2 34790 074.0559 204.1754 0108690 010.4395 019.9636 14.17025914382218
0 COSMOS 2251 DEB
1 34790U 93036AAT 16226.73263547  .00000192  00000-0  10198-3 0  9992
2 34790  74.0560 202.7822 0108715   8.8654  57.4710 14.17026341383752
0 COSMOS 2251 DEB
1 34790U 93036AAT 16226.93741631 +.00000187 +00000-0 +99679-4 0  9995
2 34790 074.0560 202.4181 0108719 008.4551 022.1151 14.17026394382354
0 COSMOS 2251 DEB
1 34790U 93036AAT 16227.71919818 +.00000192 +00000-0 +10183-3 0  9994
2 34790 074.0561 201.0283 0108750 006.8847 050.2058 14.17026577382461
0 COSMOS 2251 DEB
1 34790U 93036AAT 16228.08566874  .00000214  00000-0  11230-3 0  9994
2 34790  74.0561 200.3768 0108756   6.1516 119.6733 14.17026796383940
0 COSMOS 2251 DEB
1 34790U 93036AAT 16228.91406183 +.00000266 +00000-0 +13668-3 0  9996
2 34790 074.0562 198.9041 0108783 004.4937 025.5360 14.17027252382639
0 COSMOS 2251 DEB
1 34790U 93036AAT 16229.36327206  .00000291  00000-0  14811-3 0  9993
2 34790  74.0562 198.1055 0108801   3.5971 157.0796 14.17027452384127
0 COSMOS 2251 DEB
1 34790U 93036AAT 16229.90109072 +.00000349 +00000-0 +17536-3 0  9993
2 34790 074.0563 197.1493 0108815 002.5230 020.6410 14.17027954382779
0 COSMOS 2251 DEB
1 34790U 93036AAT 16230.68364902  .00000400  00000-0  19948-3 0  9992
2 34790  74.0564 195.7582 0108838   0.9614  52.6865 14.17028513384319
0 COSMOS 2251 DEB
1 34790U 93036AAT 16230.96634177 +.00000426 +00000-0 +21167-3 0  9991
2 34790 074.0564 195.2557 0108843 000.3968 054.7807 14.17028767382923
0 COSMOS 2251 DEB
1 34790U 93036AAT 16231.87920883  .00000506  00000-0  24938-3 0  9992
2 34790  74.0565 193.6328 0108878 358.5748  31.5708 14.17029686384481
0 COSMOS 2251 DEB
1 34790U 93036AAT 16231.95469291 +.00000508 +00000-0 +25010-3 0  9996
2 34790 074.0565 193.4986 0108879 358.4250 056.6354 14.17029741383067
0 COSMOS 2251 DEB
1 34790U 93036AAT 16232.94300633  .00000565  00000-0  27697-3 0  9996
2 34790  74.0567 191.7417 0108914 356.4505  58.3044 14.17030760384632
0 COSMOS 2251 DEB
1 34790U 93036AAT 16232.94300633 +.00000565 +00000-0 +27697-3 0  9996
2 34790 074.0567 191.7417 0108914 356.4505 058.3044 14.17030760383204
0 COSMOS 2251 DEB
1 34790U 93036AAT 16233.93133976 +.00000615 +00000-0 +30035-3 0  9996
2 34790 074.0568 189.9847 0108955 354.4766 060.0800 14.17031982383345
0 COSMOS 2251 DEB
1 34790U 93036AAT 16234.01333397  .00000617  00000-0  30114-3 0  9995
2 34790  74.0568 189.8389 0108959 354.3130 118.3565 14.17032083384780
0 COSMOS 2251 DEB
1 34790U 93036AAT 16234.91978828 +.00000618 +00000-0 +30179-3 0  9990
2 34790 074.0569 188.2275 0108993 352.5040 062.4463 14.17033144383487
0 COSMOS 2251 DEB
1 34790U 93036AAT 16235.29156466  .00000604  00000-0  29540-3 0  9993
2 34790  74.0570 187.5666 0109009 351.7588 158.9912 14.17033506384968
0 COSMOS 2251 DEB
1 34790U 93036AAT 16235.62462442 +.00000589 +00000-0 +28832-3 0  9999
2 34790 074.0571 186.9745 0109023 351.0927 058.0304 14.17033882383585
0 COSMOS 2251 DEB
1 34790U 93036AAT 16236.61330488  .00000542  00000-0  26597-3 0  9998
2 34790  74.0573 185.2169 0109060 349.1132  61.5955 14.17035024385152
0 COSMOS 2251 DEB
1 34790U 93036AAT 16237.80842980  .00000449  00000-0  22265-3 0  9999
2 34790  74.0575 183.0923 0109101 346.7224  38.3024 14.17036313385329
0 COSMOS 2251 DEB
1 34790U 93036AAT 16238.79647297 +.00000354 +00000-0 +17771-3 0  9993
2 34790 074.0576 181.3359 0109133 344.7449 038.6257 14.17037201384031
0 COSMOS 2251 DEB
1 34790U 93036AAT 16240.63961899  .00000182  00000-0  97187-4 0  9995
2 34790  74.0578 178.0594 0109183 341.0576  81.1061 14.17038421385721
0 COSMOS 2251 DEB
1 34790U 93036AAT 16241.83351542  .00000115  00000-0  65973-4 0  9990
2 34790  74.0578 175.9370 0109200 338.6723  51.5546 14.17039015385892
0 COSMOS 2251 DEB
1 34790U 93036AAT 16242.61710635 +.00000132 +00000-0 +73858-4 0  9999
2 34790 074.0578 174.5440 0109213 337.1046 088.9056 14.17039514384579
0 COSMOS 2251 DEB
1 34790U 93036AAT 16243.81023644  .00000108  00000-0  62484-4 0  9995
2 34790  74.0577 172.4230 0109223 334.7208  55.4457 14.17039817386174
0 COSMOS 2251 DEB
1 34790U 93036AAT 16244.79907200 +.00000159 +00000-0 +86432-4 0  9997
2 34790 074.0577 170.6651 0109212 332.7564 059.8030 14.17040283384882
0 COSMOS 2251 DEB
1 34790U 93036AAT 16245.78674975  .00000257  00000-0  13273-3 0  9998
2 34790  74.0577 168.9094 0109203 330.7876  58.2621 14.17041005386454
0 COSMOS 2251 DEB
1 34790U 93036AAT 16246.56820398 +.00000352 +00000-0 +17729-3 0  9993
2 34790 074.0577 167.5201 0109204 329.2330 084.7066 14.17041648385132
0 COSMOS 2251 DEB
1 34790U 93036AAT 16247.76351168  .00000454  00000-0  22500-3 0  9996
2 34790  74.0577 165.3952 0109187 326.8577  62.3491 14.17042607386734
0 COSMOS 2251 DEB
1 34790U 93036AAT 16247.92227069 +.00000461 +00000-0 +22813-3 0  9991
2 34790 074.0577 165.1130 0109184 326.5407 152.2308 14.17042713385324
0 COSMOS 2251 DEB
1 34790U 93036AAT 16248.91063321 +.00000546 +00000-0 +26807-3 0  9991
2 34790 074.0577 163.3559 0109177 324.5763 154.1853 14.17043746385462
0 COSMOS 2251 DEB
1 34790U 93036AAT 16249.19932897  .00000567  00000-0  27787-3 0  9996
2 34790  74.0577 162.8427 0109177 324.0032 186.9153 14.17044052386934
0 COSMOS 2251 DEB
1 34790U 93036AAT 16249.90066516 +.00000594 +00000-0 +29038-3 0  9992
2 34790 074.0578 161.5959 0109169 322.6080 164.6609 14.17044769385606
0 COSMOS 2251 DEB
1 34790U 93036AAT 16250.80423803  .00000596  00000-0  29169-3 0  9996
2 34790  74.0579 159.9897 0109153 320.8198  94.0759 14.17045641387167
0 COSMOS 2251 DEB
1 34790U 93036AAT 16250.88696420 +.00000601 +00000-0 +29395-3 0  9999
2 34790 074.0579 159.8426 0109153 320.6564 156.0888 14.17045766385741
0 COSMOS 2251 DEB
1 34790U 93036AAT 16251.50986669 +.00000597 +00000-0 +29194-3 0  9997
2 34790 074.0579 158.7352 0109152 319.4194 093.7215 14.17046434385835
0 COSMOS 2251 DEB
1 34790U 93036AAT 16252.49737488  .00000598  00000-0  29265-3 0  9999
2 34790  74.0579 156.9797 0109147 317.4550  91.3369 14.17047693387403
0 COSMOS 2251 DEB
1 34790U 93036AAT 16252.86372657 +.00000572 +00000-0 +28008-3 0  9999
2 34790 074.0579 156.3284 0109144 316.7240 160.2250 14.17048051386024
0 COSMOS 2251 DEB
1 34790U 93036AAT 16253.48605343 +.00000550 +00000-0 +26975-3 0  9996
2 34790 074.0579 155.2221 0109144 315.4879 094.9277 14.17048762386118
0 COSMOS 2251 DEB
1 34790U 93036AAT 16254.47482625  .00000490  00000-0  24183-3 0  9994
2 34790  74.0578 153.4643 0109146 313.5165  99.0083 14.17049807387689
0 COSMOS 2251 DEB
1 34790U 93036AAT 16254.91269119 +.00000427 +00000-0 +21227-3 0  9990
2 34790 074.0579 152.6860 0109137 312.6419 172.7151 14.17050048386317
0 COSMOS 2251 DEB
1 34790U 93036AAT 16255.46305481 +.00000397 +00000-0 +19841-3 0  9999
2 34790 074.0578 151.7076 0109140 311.5470 100.3149 14.17050598386396
0 COSMOS 2251 DEB
1 34790U 93036AAT 16256.52319133  .00000307  00000-0  15604-3 0  9990
2 34790  74.0577 149.8229 0109135 309.4349 108.4523 14.17051368387974
0 COSMOS 2251 DEB
1 34790U 93036AAT 16256.80789425 +.00000273 +00000-0 +13993-3 0  9997
2 34790 074.0576 149.3167 0109130 308.8691 120.8230 14.17051492386584
0 COSMOS 2251 DEB
1 34790U 93036AAT 16257.44006641 +.00000208 +00000-0 +10945-3 0  9992
2 34790 074.0575 148.1928 0109132 307.6082 105.7629 14.17051725386671
0 COSMOS 2251 DEB
1 34790U 93036AAT 16258.86800626  .00000123  00000-0  69709-4 0  9993
2 34790  74.0574 145.6542 0109120 304.7509 190.2143 14.17052333388301
0 COSMOS 2251 DEB
1 34790U 93036AAT 16259.85646159 +.00000094 +00000-0 +56019-4 0  9999
2 34790 074.0572 143.8969 0109099 302.7750 192.6908 14.17052665387013
0 COSMOS 2251 DEB
1 34790U 93036AAT 16260.84450547  .00000076  00000-0  47668-4 0  9994
2 34790  74.0571 142.1403 0109066 300.8010 193.0674 14.17052875388580
0 COSMOS 2251 DEB
1 34790U 93036AAT 16261.83277450 +.00000082 +00000-0 +50374-4 0  9999
2 34790 074.0570 140.3833 0109038 298.8250 194.5940 14.17053091387297
0 COSMOS 2251 DEB
1 34790U 93036AAT 16262.11920328  .00000092  00000-0  55343-4 0  9992
2 34790  74.0570 139.8741 0109031 298.2534 215.7722 14.17053176388761
0 COSMOS 2251 DEB
1 34790U 93036AAT 16262.82082706 +.00000107 +00000-0 +62248-4 0  9998
2 34790 074.0569 138.6267 0109006 296.8483 195.0178 14.17053354387434
0 COSMOS 2251 DEB
1 34790U 93036AAT 16263.80825168  .00000163  00000-0  88390-4 0  9992
2 34790  74.0568 136.8711 0108966 294.8721 192.2396 14.17053757389007
0 COSMOS 2251 DEB
1 34790U 93036AAT 16264.79502515 +.00000245 +00000-0 +12706-3 0  9997
2 34790 074.0567 135.1167 0108927 292.8987 186.1396 14.17054365387716
0 COSMOS 2251 DEB
1 34790U 93036AAT 16265.78540519  .00000289  00000-0  14789-3 0  9994
2 34790  74.0566 133.3559 0108890 290.9175 198.4392 14.17054773389286
0 COSMOS 2251 DEB
1 34790U 93036AAT 16266.77353738 +.00000349 +00000-0 +17584-3 0  9992
2 34790 074.0565 131.5990 0108854 288.9430 199.2719 14.17055383387991
0 COSMOS 2251 DEB
1 34790U 93036AAT 16267.39443910 +.00000378 +00000-0 +18921-3 0  9991
2 34790 074.0564 130.4951 0108827 287.7055 126.7222 14.17055772388082
0 COSMOS 2251 DEB
1 34790U 93036AAT 16268.04344428  .00000402  00000-0  20064-3 0  9997
2 34790  74.0563 129.3410 0108810 286.4053 197.5468 14.17056202389600
0 COSMOS 2251 DEB
1 34790U 93036AAT 16269.37025983  .00000457  00000-0  22646-3 0  9994
2 34790  74.0561 126.9818 0108770 283.7549 126.1390 14.17057333389796
0 COSMOS 2251 DEB
1 34790U 93036AAT 16270.56448030  .00000438  00000-0  21779-3 0  9994
2 34790  74.0560 124.8584 0108742 281.3651  98.3233 14.17058224389964
0 COSMOS 2251 DEB
1 34790U 93036AAT 16270.72458853 +.00000453 +00000-0 +22475-3 0  9997
2 34790 074.0560 124.5737 0108747 281.0429 195.0999 14.17058444388558
0 COSMOS 2251 DEB
1 34790U 93036AAT 16272.40980994  .00000421  00000-0  20983-3 0  9997
2 34790  74.0559 121.5773 0108720 277.6745 152.0784 14.17059960390222
0 COSMOS 2251 DEB
1 34790U 93036AAT 16273.68028821  .00000360  00000-0  18124-3 0  9996
2 34790  74.0556 119.3182 0108695 275.1333 153.2975 14.17061005390403
0 COSMOS 2251 DEB
1 34790U 93036AAT 16274.96180940  .00000277  00000-0  14191-3 0  9996
2 34790  74.0557 117.0395 0108679 272.5593 210.8662 14.17061821390584
0 COSMOS 2251 DEB
1 34790U 93036AAT 16274.96180940 +.00000277 +00000-0 +14191-3 0  9996
2 34790 074.0557 117.0395 0108679 272.5593 210.8662 14.17061821389155
0 COSMOS 2251 DEB
1 34790U 93036AAT 16277.55562375  .00000139  00000-0  77333-4 0  9995
2 34790  74.0556 112.4275 0108639 267.3412 123.0005 14.17062975390955
0 COSMOS 2251 DEB
1 34790U 93036AAT 16278.00343131 +.00000129 +00000-0 +72768-4 0  9999
2 34790 074.0555 111.6312 0108635 266.4420 247.4532 14.17063105389581
0 COSMOS 2251 DEB
1 34790U 93036AAT 16278.99180712  .00000126  00000-0  71188-4 0  9993
2 34790  74.0555 109.8737 0108622 264.4562 249.5718 14.17063474391156
0 COSMOS 2251 DEB
1 34790U 93036AAT 16279.60991838 +.00000137 +00000-0 +76339-4 0  9996
2 34790 074.0554 108.7746 0108611 263.2148 162.8154 14.17063716389818
0 COSMOS 2251 DEB
1 34790U 93036AAT 16280.96853775  .00000193  00000-0  10245-3 0  9999
2 34790  74.0553 106.3587 0108587 260.4850 253.7031 14.17064326391438
0 COSMOS 2251 DEB
1 34790U 93036AAT 16280.96853775 +.00000193 +00000-0 +10245-3 0  9999
2 34790 074.0553 106.3587 0108587 260.4850 253.7031 14.17064326390000
0 COSMOS 2251 DEB
1 34790U 93036AAT 16282.94518066  .00000351  00000-0  17664-3 0  9998
2 34790  74.0552 102.8438 0108550 256.5058 257.4011 14.17065737391716
0 COSMOS 2251 DEB
1 34790U 93036AAT 16282.94518066 +.00000351 +00000-0 +17664-3 0  9998
2 34790 074.0552 102.8438 0108550 256.5058 257.4011 14.17065737390287
0 COSMOS 2251 DEB
1 34790U 93036AAT 16283.93398551 +.00000416 +00000-0 +20706-3 0  9996
2 34790 074.0553 101.0856 0108528 254.5174 261.7175 14.17066510390420
0 COSMOS 2251 DEB
1 34790U 93036AAT 16284.47363999  .00000468  00000-0  23152-3 0  9999
2 34790  74.0552 100.1259 0108537 253.4377 134.7224 14.17067135391934
0 COSMOS 2251 DEB
1 34790U 93036AAT 16284.92148464 +.00000491 +00000-0 +24253-3 0  9996
2 34790 074.0552 099.3295 0108539 252.5401 259.3685 14.17067516390569
0 COSMOS 2251 DEB
1 34790U 93036AAT 16285.90985848  .00000529  00000-0  26031-3 0  9998
2 34790  74.0554  97.5720 0108534 250.5610 261.4855 14.17068480392138
0 COSMOS 2251 DEB
1 34790U 93036AAT 16287.23256880  .00000566  00000-0  27777-3 0  9992
2 34790  74.0555  95.2199 0108533 247.9178 169.1966 14.17069939392320
0 COSMOS 2251 DEB
1 34790U 93036AAT 16288.65840682  .00000596  00000-0  29169-3 0  9998
2 34790  74.0558  92.6849 0108535 245.0734 243.0138 14.17071945392520
0 COSMOS 2251 DEB
1 34790U 93036AAT 16288.94761315 +.00000562 +00000-0 +27586-3 0  9999
2 34790 074.0558 092.1705 0108553 244.4941 278.3843 14.17072159391137
0 COSMOS 2251 DEB
1 34790U 93036AAT 16289.93515795 +.00000509 +00000-0 +25071-3 0  9996
2 34790 074.0560 090.4145 0108596 242.5270 276.2828 14.17073298391270
0 COSMOS 2251 DEB
1 34790U 93036AAT 16290.19716973  .00000500  00000-0  24674-3 0  9996
2 34790  74.0561  89.9486 0108601 242.0059 172.9194 14.17073621392740
0 COSMOS 2251 DEB
1 34790U 93036AAT 16290.56260575 +.00000475 +00000-0 +23465-3 0  9997
2 34790 074.0561 089.2989 0108590 241.2783 237.1694 14.17074008391369
0 COSMOS 2251 DEB
1 34790U 93036AAT 16291.46336395  .00000444  00000-0  22030-3 0  9994
2 34790  74.0562  87.6972 0108611 239.4840 152.3369 14.17075072392923
0 COSMOS 2251 DEB
1 34790U 93036AAT 16292.82358395  .00000328  00000-0  16579-3 0  9991
2 34790  74.0564  85.2786 0108641 236.7706 251.4301 14.17075981393114
0 COSMOS 2251 DEB
1 34790U 93036AAT 16293.88777296  .00000252  00000-0  13036-3 0  9994
2 34790  74.0565  83.3864 0108629 234.6549 280.3308 14.17076504393265
0 COSMOS 2251 DEB
1 34790U 93036AAT 16294.87596650 +.00000235 +00000-0 +12213-3 0  9994
2 34790 074.0566 081.6293 0108639 232.6844 281.5531 14.17077107391977
0 COSMOS 2251 DEB
1 34790U 93036AAT 16295.41649314  .00000227  00000-0  11834-3 0  9990
2 34790  74.0567  80.6682 0108643 231.6053 159.0257 14.17077392393483
0 COSMOS 2251 DEB
1 34790U 93036AAT 16295.86418289 +.00000243 +00000-0 +12598-3 0  9990
2 34790 074.0567 079.8722 0108649 230.7142 282.8922 14.17077663392117
0 COSMOS 2251 DEB
1 34790U 93036AAT 16297.18899595  .00000275  00000-0  14086-3 0  9999
2 34790  74.0569  77.5166 0108659 228.0768 201.3609 14.17078377393731
0 COSMOS 2251 DEB
1 34790U 93036AAT 16297.84168733 +.00000295 +00000-0 +15020-3 0  9996
2 34790 074.0569 076.3562 0108669 226.7786 291.0341 14.17078756392395
0 COSMOS 2251 DEB
1 34790U 93036AAT 16298.54065054  .00000320  00000-0  16198-3 0  9992
2 34790  74.0570  75.1134 0108673 225.3825 256.7670 14.17079173393920
0 COSMOS 2251 DEB
1 34790U 93036AAT 16299.81164093  .00000427  00000-0  21233-3 0  9990
2 34790  74.0572  72.8536 0108681 222.8487 260.6731 14.17080371394102
0 COSMOS 2251 DEB
1 34790U 93036AAT 16301.14044655  .00000495  00000-0  24382-3 0  9994
2 34790  74.0574  70.4910 0108665 220.2025 199.5245 14.17081618394291
0 COSMOS 2251 DEB
1 34790U 93036AAT 16302.41065877  .00000524  00000-0  25763-3 0  9991
2 34790  74.0575  68.2326 0108650 217.6717 199.4701 14.17082756394470
0 COSMOS 2251 DEB
1 34790U 93036AAT 16303.39902001 +.00000567 +00000-0 +27795-3 0  9992
2 34790 074.0577 066.4753 0108638 215.7092 201.5616 14.17083975393188
0 COSMOS 2251 DEB
1 34790U 93036AAT 16304.10418737  .00000574  00000-0  28100-3 0  9999
2 34790  74.0578  65.2215 0108624 214.3101 198.9503 14.17084752394718
0 COSMOS 2251 DEB
1 34790U 93036AAT 16304.75913890 +.00000564 +00000-0 +27650-3 0  9998
2 34790 074.0578 064.0569 0108617 213.0085 300.1688 14.17085432393374
0 COSMOS 2251 DEB
1 34790U 93036AAT 16305.53045161 +.00000539 +00000-0 +26445-3 0  9995
2 34790 074.0579 062.6857 0108602 211.4717 275.0077 14.17086256394915
0 COSMOS 2251 DEB
1 34790U 93036AAT 16306.73070922  .00000483  00000-0  23840-3 0  9995
2 34790  74.0581  60.5516 0108589 209.0979 278.0891 14.17087449395085
0 COSMOS 2251 DEB
1 34790U 93036AAT 16307.50719203 +.00000454 +00000-0 +22453-3 0  9990
2 34790 074.0583 059.1711 0108584 207.5595 279.3017 14.17088315393760
0 COSMOS 2251 DEB
1 34790U 93036AAT 16308.49558616  .00000418  00000-0  20790-3 0  9990
2 34790  74.0584  57.4138 0108567 205.6032 281.5772 14.17089385395337
0 COSMOS 2251 DEB
1 34790U 93036AAT 16308.78516243 +.00000401 +00000-0 +19958-3 0  9998
2 34790 074.0584 056.8991 0108551 205.0324 318.8434 14.17089616393949
0 COSMOS 2251 DEB
1 34790U 93036AAT 16310.47202595  .00000305  00000-0  15477-3 0  9994
2 34790  74.0586  53.9001 0108515 201.6902 284.3594 14.17090930395616
0 COSMOS 2251 DEB
1 34790U 93036AAT 16311.30053525 +.00000262 +00000-0 +13439-3 0  9992
2 34790 074.0586 052.4269 0108508 200.0418 190.9997 14.17091428394300
0 COSMOS 2251 DEB
1 34790U 93036AAT 16312.08402265  .00000224  00000-0  11671-3 0  9991
2 34790  74.0587  51.0340 0108484 198.4877 227.9575 14.17091839395847
0 COSMOS 2251 DEB
1 34790U 93036AAT 16312.44772605 +.00000233 +00000-0 +12085-3 0  9999
2 34790 074.0587 050.3874 0108476 197.7637 283.3919 14.17092156394466
0 COSMOS 2251 DEB
1 34790U 93036AAT 16313.43843602  .00000216  00000-0  11285-3 0  9997
2 34790  74.0587  48.6261 0108443 195.7961 297.4989 14.17092697396036
0 COSMOS 2251 DEB
1 34790U 93036AAT 16313.72465152 +.00000223 +00000-0 +11633-3 0  9994
2 34790 074.0587 048.1172 0108432 195.2277 317.6274 14.17092885394641
0 COSMOS 2251 DEB
1 34790U 93036AAT 16314.71402029  .00000216  00000-0  11293-3 0  9992
2 34790  74.0586  46.3583 0108387 193.2547 324.9014 14.17093311396216
0 COSMOS 2251 DEB
1 34790U 93036AAT 16315.70141060 +.00000266 +00000-0 +13654-3 0  9995
2 34790 074.0586 044.6029 0108351 191.2884 322.0822 14.17094062394921
0 COSMOS 2251 DEB
1 34790U 93036AAT 16316.32040081  .00000354  00000-0  17768-3 0  9993
2 34790  74.0586  43.5024 0108326 190.0522 239.8705 14.17094821396449
0 COSMOS 2251 DEB
1 34790U 93036AAT 16316.68974564 +.00000364 +00000-0 +18231-3 0  9991
2 34790 074.0585 042.8457 0108310 189.3145 324.0896 14.17095034395067
0 COSMOS 2251 DEB
1 34790U 93036AAT 16317.67805652  .00000421  00000-0  20929-3 0  9993
2 34790  74.0586  41.0886 0108259 187.3404 325.9777 14.17095908396635
0 COSMOS 2251 DEB
1 34790U 93036AAT 16318.37775527 +.00000502 +00000-0 +24725-3 0  9996
2 34790 074.0586 039.8446 0108230 185.9413 295.5088 14.17096820395309
0 COSMOS 2251 DEB
1 34790U 93036AAT 16319.36619709  .00000501  00000-0  24682-3 0  9996
2 34790  74.0586  38.0873 0108178 183.9620 298.0754 14.17097551396876
0 COSMOS 2251 DEB
1 34790U 93036AAT 16320.55451817  .00000524  00000-0  25725-3 0  9997
2 34790  74.0586  35.9745 0108108 181.5892 240.3311 14.17098724397040
0 COSMOS 2251 DEB
1 34790U 93036AAT 16321.54289443 +.00000511 +00000-0 +25118-3 0  9993
2 34790 074.0587 034.2173 0108054 179.6109 242.5722 14.17099698395754
0 COSMOS 2251 DEB
1 34790U 93036AAT 16322.61378912 +.00000480 +00000-0 +23687-3 0  9996
2 34790 074.0587 032.3133 0107986 177.4705 305.7862 14.17100781395900
0 COSMOS 2251 DEB
1 34790U 93036AAT 16323.39133405  .00000458  00000-0  22630-3 0  9990
2 34790  74.0587  30.9310 0107942 175.9152 312.4684 14.17101601397442
0 COSMOS 2251 DEB
1 34790U 93036AAT 16323.60308150 +.00000433 +00000-0 +21462-3 0  9990
2 34790 074.0586 030.5544 0107927 175.4922 312.7073 14.17101676396041
0 COSMOS 2251 DEB
1 34790U 93036AAT 16324.37928639 +.00000421 +00000-0 +20917-3 0  9996
2 34790 074.0586 029.1744 0107880 173.9402 312.5570 14.17102641396156
0 COSMOS 2251 DEB
1 34790U 93036AAT 16325.20779700  .00000339  00000-0  17076-3 0  9992
2 34790  74.0586  27.7014 0107818 172.2833 219.2482 14.17103191397709
0 COSMOS 2251 DEB
1 34790U 93036AAT 16325.36753921 +.00000355 +00000-0 +17795-3 0  9992
2 34790 074.0585 027.4174 0107816 171.9632 314.1826 14.17103443396293
0 COSMOS 2251 DEB
1 34790U 93036AAT 16326.90688572 +.00000235 +00000-0 +12181-3 0  9993
2 34790 074.0584 024.6805 0107706 168.8822 247.2491 14.17104367396511
0 COSMOS 2251 DEB
1 34790U 93036AAT 16327.18451922  .00000214  00000-0  11198-3 0  9995
2 34790  74.0584  24.1869 0107690 168.3255 223.6141 14.17104499397981
0 COSMOS 2251 DEB
1 34790U 93036AAT 16327.63199932 +.00000230 +00000-0 +11959-3 0  9998
2 34790 074.0584 023.3913 0107657 167.4318 346.4586 14.17104898396614
0 COSMOS 2251 DEB
1 34790U 93036AAT 16328.53304579  .00000205  00000-0  10757-3 0  9990
2 34790  74.0583  21.7892 0107595 165.6261 263.2049 14.17105369398176
0 COSMOS 2251 DEB
1 34790U 93036AAT 16329.60846403  .00000178  00000-0  94847-4 0  9998
2 34790  74.0582  19.8771 0107531 163.4616 349.5306 14.17105796398324
0 COSMOS 2251 DEB
1 34790U 93036AAT 16330.59671744 +.00000212 +00000-0 +11095-3 0  9994
2 34790 074.0581 018.1200 0107469 161.4755 351.1779 14.17106465397038
0 COSMOS 2251 DEB
1 34790U 93036AAT 16331.13779369  .00000220  00000-0  11447-3 0  9997
2 34790  74.0580  17.1580 0107438 160.3849 231.5215 14.17106750398545
0 COSMOS 2251 DEB
1 34790U 93036AAT 16331.58500557 +.00000227 +00000-0 +11802-3 0  9999
2 34790 074.0579 016.3628 0107414 159.4828 353.0095 14.17106949397171
0 COSMOS 2251 DEB
1 34790U 93036AAT 16332.57418047  .00000258  00000-0  13243-3 0  9996
2 34790  74.0578  14.6040 0107360 157.4858 359.3692 14.17107517398748
0 COSMOS 2251 DEB
1 34790U 93036AAT 16333.56132704 +.00000291 +00000-0 +14782-3 0  9995
2 34790 074.0577 012.8487 0107314 155.4867 355.3890 14.17108109397450
0 COSMOS 2251 DEB
1 34790U 93036AAT 16334.17856352  .00000311  00000-0  15716-3 0  9996
2 34790  74.0576  11.7513 0107280 154.2347 264.2815 14.17108533398973
0 COSMOS 2251 DEB
1 34790U 93036AAT 16334.54959145 +.00000343 +00000-0 +17231-3 0  9990
2 34790 074.0576 011.0917 0107254 153.4807 357.1188 14.17108893397598
0 COSMOS 2251 DEB
1 34790U 93036AAT 16335.53257214  .00000405  00000-0  20174-3 0  9997
2 34790  74.0575   9.3438 0107199 151.4891 331.8931 14.17109826399161
0 COSMOS 2251 DEB
1 34790U 93036AAT 16335.87261630 +.00000409 +00000-0 +20321-3 0  9999
2 34790 074.0575 008.7392 0107177 150.7983 266.6647 14.17110071397782
0 COSMOS 2251 DEB
1 34790U 93036AAT 16336.52648822 +.00000447 +00000-0 +22118-3 0  9992
2 34790 074.0574 007.5765 0107132 149.4712 002.4620 14.17110716397871
0 COSMOS 2251 DEB
1 34790U 93036AAT 16337.50923243  .00000472  00000-0  23288-3 0  9991
2 34790  74.0573   5.8291 0107068 147.4734 336.0425 14.17111598399448
0 COSMOS 2251 DEB
1 34790U 93036AAT 16337.92266466 +.00000474 +00000-0 +23399-3 0  9999
2 34790 074.0573 005.0939 0107038 146.6313 285.2167 14.17111982398073
0 COSMOS 2251 DEB
1 34790U 93036AAT 16338.13161481 +.00000469 +00000-0 +23162-3 0  9996
2 34790 074.0573 004.7224 0107029 146.2063 271.2006 14.17112160398104
0 COSMOS 2251 DEB
1 34790U 93036AAT 16339.11999821  .00000464  00000-0  22901-3 0  9997
2 34790  74.0572   2.9649 0106959 144.1942 273.5592 14.17113061399677
0 COSMOS 2251 DEB
1 34790U 93036AAT 16339.82574067 +.00000455 +00000-0 +22485-3 0  9993
2 34790 074.0572 001.7101 0106904 142.7572 273.9933 14.17113720398348
0 COSMOS 2251 DEB
1 34790U 93036AAT 16340.47493262  .00000426  00000-0  21120-3 0  9996
2 34790  74.0572   0.5557 0106857 141.4365 345.9281 14.17114233399867
0 COSMOS 2251 DEB
1 34790U 93036AAT 16341.53969869  .00000378  00000-0  18868-3 0  9996
2 34790  74.0572 358.6624 0106795 139.2676  17.9732 14.17115113400015
0 COSMOS 2251 DEB
1 34790U 93036AAT 16342.52781235 +.00000333 +00000-0 +16781-3 0  9998
2 34790 074.0571 356.9053 0106724 137.2533 018.9705 14.17115899398729
0 COSMOS 2251 DEB
1 34790U 93036AAT 16343.22856338  .00000296  00000-0  15040-3 0  9998
2 34790  74.0571 355.6592 0106677 135.8234 353.9509 14.17116385400259
0 COSMOS 2251 DEB
1 34790U 93036AAT 16343.85183337 +.00000259 +00000-0 +13294-3 0  9997
2 34790 074.0570 354.5509 0106637 134.5511 293.6523 14.17116750398915
0 COSMOS 2251 DEB
1 34790U 93036AAT 16344.83980916  .00000188  00000-0  99687-4 0  9996
2 34790  74.0570 352.7941 0106583 132.5394 293.9484 14.17117101400488
0 COSMOS 2251 DEB
1 34790U 93036AAT 16345.82802697 +.00000140 +00000-0 +77268-4 0  9994
2 34790 074.0569 351.0368 0106536 130.5252 295.4822 14.17117433399196
0 COSMOS 2251 DEB
1 34790U 93036AAT 16347.46888668  .00000090  00000-0  53385-4 0  9996
2 34790  74.0568 348.1190 0106460 127.1726  26.5705 14.17117788400851
0 COSMOS 2251 DEB
1 34790U 93036AAT 16348.16957534 +.00000077 +00000-0 +47468-4 0  9993
2 34790 074.0568 346.8730 0106436 125.7399 001.2384 14.17117889399525
0 COSMOS 2251 DEB
1 34790U 93036AAT 16349.15822112  .00000096  00000-0  56447-4 0  9994
2 34790  74.0567 345.1151 0106401 123.7144   4.9665 14.17118137401096
0 COSMOS 2251 DEB
1 34790U 93036AAT 16350.63834698  .00000162  00000-0  87373-4 0  9997
2 34790  74.0568 342.4832 0106356 120.6700 356.0677 14.17118599401306
0 COSMOS 2251 DEB
1 34790U 93036AAT 16351.75651888  .00000234  00000-0  12112-3 0  9997
2 34790  74.0568 340.4949 0106354 118.3837 300.5901 14.17119079401461
0 COSMOS 2251 DEB
1 34790U 93036AAT 16351.96284756 +.00000247 +00000-0 +12718-3 0  9992
2 34790 074.0568 340.1280 0106356 117.9641 273.2050 14.17119192400068
0 COSMOS 2251 DEB
1 34790U 93036AAT 16352.95105356 +.00000316 +00000-0 +15969-3 0  9998
2 34790 074.0568 338.3707 0106346 115.9373 274.6948 14.17119722400206
0 COSMOS 2251 DEB
1 34790U 93036AAT 16353.18182204  .00000330  00000-0  16640-3 0  9994
2 34790  74.0568 337.9603 0106334 115.4615  11.9993 14.17119834401664
0 COSMOS 2251 DEB
1 34790U 93036AAT 16353.73265725 +.00000375 +00000-0 +18761-3 0  9990
2 34790 074.0569 336.9808 0106328 114.3299 302.1756 14.17120237400312
0 COSMOS 2251 DEB
1 34790U 93036AAT 16354.72099887  .00000433  00000-0  21488-3 0  9999
2 34790  74.0569 335.2234 0106317 112.2823 304.3820 14.17120950401886
0 COSMOS 2251 DEB
1 34790U 93036AAT 16355.91613075 +.00000441 +00000-0 +21860-3 0  9995
2 34790 074.0570 333.0982 0106309 109.8209 281.5574 14.17121770400629
0 COSMOS 2251 DEB
1 34790U 93036AAT 16356.14644001  .00000442  00000-0  21874-3 0  9990
2 34790  74.0570 332.6886 0106305 109.3479  16.5201 14.17121952402084
0 COSMOS 2251 DEB
1 34790U 93036AAT 16356.64000206 +.00000452 +00000-0 +22372-3 0  9993
2 34790 074.0571 331.8110 0106299 108.3292 014.5179 14.17122410400721
0 COSMOS 2251 DEB
1 34790U 93036AAT 16357.13475692 +.00000450 +00000-0 +22270-3 0  9998
2 34790 074.0571 330.9312 0106299 107.3073 018.6033 14.17122875400797
0 COSMOS 2251 DEB
1 34790U 93036AAT 16358.33404432  .00000384  00000-0  19157-3 0  9991
2 34790  74.0572 328.7988 0106294 104.8256  17.0025 14.17123764402392
0 COSMOS 2251 DEB
1 34790U 93036AAT 16359.94699468  .00000259  00000-0  13308-3 0  9997
2 34790  74.0573 325.9307 0106295 101.4968 325.7838 14.17124894402623
0 COSMOS 2251 DEB
1 34790U 93036AAT 16359.94699468 +.00000259 +00000-0 +13308-3 0  9997
2 34790 074.0573 325.9307 0106295 101.4968 325.7838 14.17124894401194
0 COSMOS 2251 DEB
1 34790U 93036AAT 16360.93431921 +.00000201 +00000-0 +10587-3 0  9999
2 34790 074.0574 324.1752 0106293 099.4701 322.8061 14.17125620401339
0 COSMOS 2251 DEB
1 34790U 93036AAT 16361.00526828  .00000194  00000-0  10254-3 0  9991
2 34790  74.0574 324.0490 0106293  99.3228 324.7678 14.17125650402777
0 COSMOS 2251 DEB
1 34790U 93036AAT 16361.91666429 +.00000126 +00000-0 +70658-4 0  9993
2 34790 074.0574 322.4285 0106296 097.4495 294.4296 14.17126050401479
0 COSMOS 2251 DEB
1 34790U 93036AAT 16362.07603832  .00000115  00000-0  65163-4 0  9993
2 34790  74.0574 322.1451 0106299  97.1218  27.5070 14.17126094402928
0 COSMOS 2251 DEB
1 34790U 93036AAT 16362.90510839 +.00000071 +00000-0 +44557-4 0  9994
2 34790 074.0574 320.6710 0106313 095.4149 297.1707 14.17126393401619
0 COSMOS 2251 DEB
1 34790U 93036AAT 16363.35212397  .00000069  00000-0  43852-4 0  9996
2 34790  74.0575 319.8762 0106323  94.4958  57.7077 14.17126612403105
0 COSMOS 2251 DEB
1 34790U 93036AAT 16364.34080429 +.00000067 +00000-0 +42665-4 0  9994
2 34790 074.0575 318.1182 0106348 092.4655 061.6501 14.17126983401815
0 COSMOS 2251 DEB
1 34790U 93036AAT 16365.32317972  .00000097  00000-0  56784-4 0  9999
2 34790  74.0575 316.3715 0106380  90.4499  33.4256 14.17127392403380
0 COSMOS 2251 DEB
1 34790U 93036AAT 16365.94696095 +.00000107 +00000-0 +61392-4 0  9996
2 34790 074.0575 315.2624 0106404 089.1736 335.7610 14.17127575402040
0 COSMOS 2251 DEB
1 34790U 93036AAT 16366.85868832  .00000192  00000-0  10140-3 0  9995
2 34790  74.0576 313.6412 0106444  87.3051 307.1104 14.17128159403605
0 COSMOS 2251 DEB
1 34790U 93036AAT 16366.93370221 +.00000190 +00000-0 +10034-3 0  9994
2 34790 074.0576 313.5078 0106445 087.1532 329.8062 14.17128165402188
0 COSMOS 2251 DEB
1 34790U 93036AAT 17001.92193709  .00000290  00000-0  14749-3 0  9992
2 34790  74.0576 311.7507 0106491  85.1323 331.5306 14.17128958403757
0 COSMOS 2251 DEB
1 34790U 93036AAT 17001.92193709 +.00000290 +00000-0 +14749-3 0  9992
2 34790 074.0576 311.7507 0106491 085.1323 331.5306 14.17128958402329
0 COSMOS 2251 DEB
1 34790U 93036AAT 17002.91017000 +.00000402 +00000-0 +19998-3 0  9997
2 34790 074.0576 309.9936 0106545 083.1095 333.1895 14.17129879402467
0 COSMOS 2251 DEB
1 34790U 93036AAT 17003.28140562  .00000446  00000-0  22080-3 0  9992
2 34790  74.0577 309.3335 0106563  82.3471  67.1218 14.17130238403942
0 COSMOS 2251 DEB
1 34790U 93036AAT 17003.89843690 +.00000514 +00000-0 +25258-3 0  9997
2 34790 074.0577 308.2364 0106594 081.0868 335.0251 14.17130990402603
0 COSMOS 2251 DEB
1 34790U 93036AAT 17004.88673288  .00000603  00000-0  29453-3 0  9991
2 34790  74.0578 306.4792 0106646  79.0622 337.0153 14.17132195404178
0 COSMOS 2251 DEB
1 34790U 93036AAT 17005.25797688 +.00000631 +00000-0 +30740-3 0  9996
2 34790 074.0578 305.8191 0106665 078.2999 070.9939 14.17132644402793
0 COSMOS 2251 DEB
1 34790U 93036AAT 17006.24070524  .00000654  00000-0  31848-3 0  9994
2 34790  74.0578 304.0718 0106711  76.2886  44.5853 14.17133827404365
0 COSMOS 2251 DEB
1 34790U 93036AAT 17006.78774876 +.00000666 +00000-0 +32367-3 0  9994
2 34790 074.0579 303.0992 0106731 075.1700 315.4421 14.17134585403018
0 COSMOS 2251 DEB
1 34790U 93036AAT 17007.21915778 +.00000646 +00000-0 +31438-3 0  9997
2 34790 074.0580 302.3322 0106739 074.2894 356.3644 14.17135019403071
0 COSMOS 2251 DEB
1 34790U 93036AAT 17008.49970084  .00000603  00000-0  29408-3 0  9996
2 34790  74.0580 300.0555 0106802  71.6671  49.3362 14.17136672404689
0 COSMOS 2251 DEB
1 34790U 93036AAT 17008.83996723 +.00000579 +00000-0 +28325-3 0  9991
2 34790 074.0580 299.4505 0106827 070.9730 345.2784 14.17137069403305
0 COSMOS 2251 DEB
1 34790U 93036AAT 17009.61843590  .00000534  00000-0  26181-3 0  9990
2 34790  74.0580 298.0663 0106855  69.3746 356.8173 14.17138035404849
0 COSMOS 2251 DEB
1 34790U 93036AAT 17010.60654273 +.00000439 +00000-0 +21717-3 0  9993
2 34790 074.0580 296.3094 0106896 067.3535 357.8697 14.17139001403550
0 COSMOS 2251 DEB
1 34790U 93036AAT 17010.97120101  .00000397  00000-0  19755-3 0  9993
2 34790  74.0579 295.6611 0106901  66.6129  58.2528 14.17139303405038
0 COSMOS 2251 DEB
1 34790U 93036AAT 17011.79985816 +.00000324 +00000-0 +16322-3 0  9993
2 34790 074.0579 294.1878 0106938 064.9191 325.8386 14.17140009403721
0 COSMOS 2251 DEB
1 34790U 93036AAT 17012.58293324  .00000257  00000-0  13176-3 0  9996
2 34790  74.0579 292.7955 0106968  63.3187   0.8779 14.17140517405263
0 COSMOS 2251 DEB
1 34790U 93036AAT 17013.77661499  .00000170  00000-0  91143-4 0  9995
2 34790  74.0578 290.6730 0107015  60.8881 330.7154 14.17141130405430
0 COSMOS 2251 DEB
1 34790U 93036AAT 17014.55957635 +.00000141 +00000-0 +77360-4 0  9995
2 34790 074.0577 289.2808 0107050 059.2926 005.1717 14.17141471404110
0 COSMOS 2251 DEB
1 34790U 93036AAT 17015.20623792  .00000112  00000-0  64126-4 0  9996
2 34790  74.0577 288.1311 0107079  57.9778  64.2607 14.17141637405634
0 COSMOS 2251 DEB
1 34790U 93036AAT 17015.91410469 +.00000112 +00000-0 +64039-4 0  9992
2 34790 074.0576 286.8724 0107114 056.5397 075.6013 14.17141935404309
0 COSMOS 2251 DEB
1 34790U 93036AAT 17016.53600431  .00000137  00000-0  75830-4 0  9999
2 34790  74.0575 285.7667 0107146  55.2747   8.3623 14.17142231405820
0 COSMOS 2251 DEB
1 34790U 93036AAT 17017.73017420  .00000203  00000-0  10640-3 0  9993
2 34790  74.0574 283.6434 0107207  52.8548 340.6812 14.17142848405992
0 COSMOS 2251 DEB
1 34790U 93036AAT 17017.88802435 +.00000191 +00000-0 +10076-3 0  9996
2 34790 074.0574 283.3628 0107214 052.5350 065.9883 14.17142811404589
0 COSMOS 2251 DEB
1 34790U 93036AAT 17018.71798500 +.00000280 +00000-0 +14283-3 0  9999
2 34790 074.0573 281.8870 0107259 050.8519 340.2163 14.17143465404707
0 COSMOS 2251 DEB
1 34790U 93036AAT 17019.15922008  .00000320  00000-0  16168-3 0  9999
2 34790  74.0572 281.1025 0107284  49.9590  71.2738 14.17143791406193
0 COSMOS 2251 DEB
1 34790U 93036AAT 17019.70624250 +.00000381 +00000-0 +19002-3 0  9995
2 34790 074.0571 280.1298 0107311 048.8539 342.0273 14.17144309404844
0 COSMOS 2251 DEB
1 34790U 93036AAT 17020.48738821  .00000456  00000-0  22515-3 0  9998
2 34790  74.0570 278.7410 0107357  47.2729   7.2156 14.17145005406381
0 COSMOS 2251 DEB
1 34790U 93036AAT 17020.85266718 +.00000489 +00000-0 +24089-3 0  9994
2 34790 074.0570 278.0915 0107381 046.5362 070.7659 14.17145393405007
0 COSMOS 2251 DEB
1 34790U 93036AAT 17021.84070962  .00000558  00000-0  27292-3 0  9994
2 34790  74.0569 276.3348 0107447  44.5395  71.4854 14.17146364406570
0 COSMOS 2251 DEB
1 34790U 93036AAT 17022.83114008 +.00000633 +00000-0 +30807-3 0  9994
2 34790 074.0568 274.5737 0107507 042.5351 084.3964 14.17147636405283
0 COSMOS 2251 DEB
1 34790U 93036AAT 17023.65943010 +.00000665 +00000-0 +32326-3 0  9991
2 34790 074.0567 273.1008 0107565 040.8572 350.1157 14.17148700405403
0 COSMOS 2251 DEB
1 34790U 93036AAT 17024.44078057 +.00000663 +00000-0 +32241-3 0  9993
2 34790 074.0566 271.7115 0107621 039.2730 016.3664 14.17149643406947
0 COSMOS 2251 DEB
1 34790U 93036AAT 17026.41658843  .00000586  00000-0  28631-3 0  9991
2 34790  74.0565 268.1982 0107742  35.2714  16.4465 14.17152139407226
0 COSMOS 2251 DEB
1 34790U 93036AAT 17026.78175885 +.00000555 +00000-0 +27182-3 0  9997
2 34790 074.0564 267.5489 0107758 034.5323 079.4574 14.17152577405847
0 COSMOS 2251 DEB
1 34790U 93036AAT 17027.84370123 +.00000496 +00000-0 +24408-3 0  9999
2 34790 074.0564 265.6606 0107813 032.3870 097.2286 14.17153919405997
0 COSMOS 2251 DEB
1 34790U 93036AAT 17028.74858781 +.00000378 +00000-0 +18865-3 0  9999
2 34790 074.0563 264.0516 0107870 030.5566 033.7438 14.17154541406126
0 COSMOS 2251 DEB
1 34790U 93036AAT 17029.74723612 +.00000265 +00000-0 +13576-3 0  9993
2 34790 074.0561 262.2757 0107929 028.5374 088.6113 14.17155173406266
0 COSMOS 2251 DEB
1 34790U 93036AAT 17030.72512847 +.00000156 +00000-0 +84569-4 0  9999
2 34790 074.0560 260.5369 0107983 026.5666 037.5811 14.17155512407836
0 COSMOS 2251 DEB
1 34790U 93036AAT 17031.71281538 +.00000098 +00000-0 +57497-4 0  9994
2 34790 074.0558 258.7805 0108035 024.5745 036.5230 14.17155894406546
0 COSMOS 2251 DEB
1 34790U 93036AAT 17032.41957892  .00000083  00000-0  50639-4 0  9990
2 34790  74.0557 257.5237 0108072  23.1478  42.2621 14.17156117408077
0 COSMOS 2251 DEB
1 34790U 93036AAT 17033.61280160  .00000060  00000-0  39559-4 0  9993
2 34790  74.0554 255.4019 0108132  20.7515   9.7866 14.17156266408244
0 COSMOS 2251 DEB
1 34790U 93036AAT 17034.67849559  .00000089  00000-0  53098-4 0  9998
2 34790  74.0552 253.5068 0108184  18.6128  46.6895 14.17156456408397
0 COSMOS 2251 DEB
1 34790U 93036AAT 17035.94904115 +.00000167 +00000-0 +89846-4 0  9996
2 34790 074.0551 251.2473 0108244 016.0622 048.6942 14.17156780407146
0 COSMOS 2251 DEB
1 34790U 93036AAT 17036.03638512  .00000175  00000-0  93454-4 0  9991
2 34790  74.0550 251.0920 0108249  15.8881 134.3000 14.17156820408581
0 COSMOS 2251 DEB
1 34790U 93036AAT 17036.65314892 +.00000243 +00000-0 +12559-3 0  9993
2 34790 074.0550 249.9952 0108274 014.6543 040.8712 14.17157234407245
0 COSMOS 2251 DEB
1 34790U 93036AAT 17037.56557229  .00000335  00000-0  16837-3 0  9992
2 34790  74.0549 248.3726 0108312  12.8321  15.8195 14.17157813408805
0 COSMOS 2251 DEB
1 34790U 93036AAT 17038.62955792  .00000421  00000-0  20900-3 0  9999
2 34790  74.0549 246.4804 0108359  10.6978  44.0113 14.17158566408952
0 COSMOS 2251 DEB
1 34790U 93036AAT 17039.98404539  .00000507  00000-0  24924-3 0  9992
2 34790  74.0549 244.0716 0108424   7.9750 114.2841 14.17159765409140
0 COSMOS 2251 DEB
1 34790U 93036AAT 17040.97227543 +.00000523 +00000-0 +25652-3 0  9998
2 34790 074.0549 242.3142 0108476 005.9856 116.0063 14.17160668407852
0 COSMOS 2251 DEB
1 34790U 93036AAT 17041.51840333  .00000517  00000-0  25374-3 0  9991
2 34790  74.0549 241.3430 0108501   4.8866  22.2269 14.17161198409362
0 COSMOS 2251 DEB
1 34790U 93036AAT 17041.96110090 +.00000513 +00000-0 +25173-3 0  9993
2 34790 074.0550 240.5557 0108522 003.9906 120.7757 14.17161658407997
0 COSMOS 2251 DEB
1 34790U 93036AAT 17042.86649397  .00000451  00000-0  22290-3 0  9998
2 34790  74.0550 238.9458 0108563   2.1616  59.8970 14.17162366409552
0 COSMOS 2251 DEB
1 34790U 93036AAT 17042.94845425 +.00000447 +00000-0 +22098-3 0  9998
2 34790 074.0550 238.8001 0108574 001.9960 118.0410 14.17162451408131
0 COSMOS 2251 DEB
1 34790U 93036AAT 17043.93814012  .00000360  00000-0  18030-3 0  9991
2 34790  74.0550 237.0400 0108606 359.9955 127.2116 14.17163171409700
0 COSMOS 2251 DEB
1 34790U 93036AAT 17043.93814012 +.00000360 +00000-0 +18030-3 0  9991
2 34790 074.0550 237.0400 0108606 359.9955 127.2116 14.17163171408271
0 COSMOS 2251 DEB
1 34790U 93036AAT 17044.92610891 +.00000273 +00000-0 +13937-3 0  9994
2 34790 074.0550 235.2830 0108653 357.9956 127.6282 14.17163868408416
0 COSMOS 2251 DEB
1 34790U 93036AAT 17045.00254910  .00000265  00000-0  13605-3 0  9993
2 34790  74.0550 235.1471 0108658 357.8405 157.6111 14.17163917409857
0 COSMOS 2251 DEB
1 34790U 93036AAT 17045.62950839 +.00000203 +00000-0 +10698-3 0  9995
2 34790 074.0550 234.0321 0108683 356.5705 116.2323 14.17164248408512
0 COSMOS 2251 DEB
1 34790U 93036AAT 17046.53111465  .00000128  00000-0  71630-4 0  9990
2 34790  74.0551 232.4287 0108720 354.7464  36.0464 14.17164656410072
0 COSMOS 2251 DEB
1 34790U 93036AAT 17046.69098230 +.00000111 +00000-0 +63640-4 0  9995
2 34790 074.0551 232.1443 0108727 354.4192 131.6628 14.17164673408660
0 COSMOS 2251 DEB
1 34790U 93036AAT 17047.59571727  .00000042  00000-0  31650-4 0  9991
2 34790  74.0551 230.5353 0108764 352.5875  67.4403 14.17164877410228
0 COSMOS 2251 DEB
1 34790U 93036AAT 17048.86779203 -.00000001  00000-0  11472-4 0  9997
2 34790  74.0551 228.2731 0108825 350.0206  77.3034 14.17165071410408
0 COSMOS 2251 DEB
1 34790U 93036AAT 17050.92564497  .00000015  00000-0  19008-4 0  9991
2 34790  74.0552 224.6135 0108896 345.8232 136.0873 14.17165253410693
0 COSMOS 2251 DEB
1 34790U 93036AAT 17050.92564497 +.00000015 +00000-0 +19008-4 0  9991
2 34790 074.0552 224.6135 0108896 345.8232 136.0873 14.17165253409264
0 COSMOS 2251 DEB
1 34790U 93036AAT 17051.91955170 +.00000065 +00000-0 +42221-4 0  9991
2 34790 074.0553 222.8460 0108919 343.8292 166.7803 14.17165373409408
0 COSMOS 2251 DEB
1 34790U 93036AAT 17052.45892204  .00000109  00000-0  62940-4 0  9998
2 34790  74.0553 221.8868 0108931 342.7329  38.5434 14.17165565410919
0 COSMOS 2251 DEB
1 34790U 93036AAT 17052.91036384 +.00000141 +00000-0 +77862-4 0  9993
2 34790 074.0554 221.0840 0108936 341.8200 181.7076 14.17165676409548
0 COSMOS 2251 DEB
1 34790U 93036AAT 17053.52447633  .00000201  00000-0  10611-3 0  9999
2 34790  74.0554 219.9919 0108951 340.5782  74.7851 14.17166019411063
0 COSMOS 2251 DEB
1 34790U 93036AAT 17053.89061814 +.00000245 +00000-0 +12659-3 0  9994
2 34790 074.0555 219.3408 0108960 339.8426 142.7621 14.17166264409685
0 COSMOS 2251 DEB
1 34790U 93036AAT 17054.51260986 +.00000290 +00000-0 +14758-3 0  9997
2 34790 074.0556 218.2347 0108970 338.5904 076.0337 14.17166613409775
0 COSMOS 2251 DEB
1 34790U 93036AAT 17055.42546031  .00000389  00000-0  19399-3 0  9991
2 34790  74.0556 216.6111 0109013 336.7481  53.2121 14.17167409411332
0 COSMOS 2251 DEB
1 34790U 93036AAT 17055.58573359 +.00000406 +00000-0 +20202-3 0  9996
2 34790 074.0556 216.3262 0109019 336.4214 150.8978 14.17167586409925
0 COSMOS 2251 DEB
1 34790U 93036AAT 17056.48911453  .00000467  00000-0  23048-3 0  9995
2 34790  74.0558 214.7198 0109051 334.5942  79.7719 14.17168381411480
0 COSMOS 2251 DEB
1 34790U 93036AAT 17056.86095986 +.00000486 +00000-0 +23953-3 0  9997
2 34790 074.0558 214.0585 0109066 333.8422 176.8553 14.17168693410103
0 COSMOS 2251 DEB
1 34790U 93036AAT 17057.47750323 +.00000498 +00000-0 +24510-3 0  9991
2 34790 074.0559 212.9621 0109088 332.6002 082.3372 14.17169212410194
0 COSMOS 2251 DEB
1 34790U 93036AAT 17058.12574253  .00000501  00000-0  24616-3 0  9992
2 34790  74.0560 211.8094 0109117 331.2936 149.5284 14.17169772411710
0 COSMOS 2251 DEB
1 34790U 93036AAT 17059.37771310  .00000535  00000-0  26218-3 0  9990
2 34790  74.0562 209.5830 0109168 328.7644  56.8509 14.17171267411898
0 COSMOS 2251 DEB
1 34790U 93036AAT 17060.81563890  .00000484  00000-0  23831-3 0  9994
2 34790  74.0563 207.0258 0109248 325.8569 192.8943 14.17172722412092
0 COSMOS 2251 DEB
1 34790U 93036AAT 17061.79798316 +.00000413 +00000-0 +20512-3 0  9990
2 34790 074.0564 205.2789 0109300 323.8717 164.6450 14.17173566410808
0 COSMOS 2251 DEB
1 34790U 93036AAT 17062.20846927  .00000414  00000-0  20544-3 0  9995
2 34790  74.0565 204.5490 0109327 323.0307  98.8876 14.17174128412296
0 COSMOS 2251 DEB
1 34790U 93036AAT 17062.77421679 +.00000370 +00000-0 +18494-3 0  9992
2 34790 074.0567 203.5429 0109358 321.8817 105.2420 14.17174575410949
0 COSMOS 2251 DEB
1 34790U 93036AAT 17063.48011411  .00000289  00000-0  14700-3 0  9995
2 34790  74.0568 202.2877 0109399 320.4491 106.6176 14.17174900412476
0 COSMOS 2251 DEB
1 34790U 93036AAT 17063.85064251 +.00000261 +00000-0 +13402-3 0  9994
2 34790 074.0568 201.6288 0109427 319.6967 196.9955 14.17175116411099
0 COSMOS 2251 DEB
1 34790U 93036AAT 17064.84018569  .00000184  00000-0  97840-4 0  9998
2 34790  74.0570 199.8692 0109480 317.6899 205.4896 14.17175637412662
0 COSMOS 2251 DEB
1 34790U 93036AAT 17065.82856685 +.00000123 +00000-0 +69694-4 0  9995
2 34790 074.0571 198.1117 0109525 315.6901 208.0509 14.17176021411374
0 COSMOS 2251 DEB
1 34790U 93036AAT 17068.50384149  .00000103  00000-0  60097-4 0  9990
2 34790  74.0572 193.3546 0109646 310.2778 176.8725 14.17176936413183
0 COSMOS 2251 DEB
1 34790U 93036AAT 17069.49161913 +.00000147 +00000-0 +80662-4 0  9999
2 34790 074.0573 191.5981 0109695 308.2864 176.3487 14.17177316411893
0 COSMOS 2251 DEB
1 34790U 93036AAT 17070.11309562  .00000186  00000-0  99080-4 0  9991
2 34790  74.0573 190.4930 0109725 307.0358 107.0156 14.17177585413416
0 COSMOS 2251 DEB
1 34790U 93036AAT 17071.46717166  .00000292  00000-0  14853-3 0  9995
2 34790  74.0573 188.0852 0109762 304.3083 175.2854 14.17178387413602
0 COSMOS 2251 DEB
1 34790U 93036AAT 17072.74449611  .00000398  00000-0  19814-3 0  9993
2 34790  74.0574 185.8139 0109808 301.7429 211.9773 14.17179318413784
0 COSMOS 2251 DEB
1 34790U 93036AAT 17073.72626705 +.00000456 +00000-0 +22512-3 0  9997
2 34790 074.0574 184.0682 0109843 299.7716 180.8084 14.17180094412491
0 COSMOS 2251 DEB
1 34790U 93036AAT 17074.27294321 +.00000480 +00000-0 +23631-3 0  9993
2 34790 074.0575 183.0961 0109862 298.6745 089.8599 14.17180588414008
0 COSMOS 2251 DEB
1 34790U 93036AAT 17075.70396588 +.00000503 +00000-0 +24734-3 0  9991
2 34790 074.0574 180.5514 0109943 295.8036 190.7061 14.17181880412779
0 COSMOS 2251 DEB
1 34790U 93036AAT 17076.69270910 +.00000490 +00000-0 +24111-3 0  9994
2 34790 074.0574 178.7930 0110003 293.8186 195.1211 14.17182836412917
0 COSMOS 2251 DEB
1 34790U 93036AAT 17077.96213227 +.00000421 +00000-0 +20873-3 0  9998
2 34790 074.0575 176.5360 0110013 291.2867 191.5118 14.17183971413097
0 COSMOS 2251 DEB
1 34790U 93036AAT 17078.66798471 +.00000375 +00000-0 +18738-3 0  9990
2 34790 074.0576 175.2808 0110052 289.8662 192.6714 14.17184557413196
0 COSMOS 2251 DEB
1 34790U 93036AAT 17079.36268118 +.00000328 +00000-0 +16519-3 0  9991
2 34790 074.0575 174.0455 0110087 288.4731 136.9119 14.17185152414722
0 COSMOS 2251 DEB
1 34790U 93036AAT 17080.71633449 +.00000246 +00000-0 +12722-3 0  9996
2 34790 074.0574 171.6384 0110149 285.7606 203.0548 14.17186087414916
0 COSMOS 2251 DEB
1 34790U 93036AAT 17081.71060221 +.00000188 +00000-0 +99784-4 0  9998
2 34790 074.0574 169.8705 0110201 283.7586 235.6749 14.17186522413621
0 COSMOS 2251 DEB
1 34790U 93036AAT 17082.69202931 +.00000157 +00000-0 +85313-4 0  9991
2 34790 074.0573 168.1254 0110257 281.7812 202.7881 14.17187017413769
0 COSMOS 2251 DEB
1 34790U 93036AAT 17084.22640887 +.00000153 +00000-0 +83655-4 0  9991
2 34790 074.0571 165.3969 0110321 278.6978 110.9856 14.17187716415411
0 COSMOS 2251 DEB
1 34790U 93036AAT 17085.58547486 +.00000195 +00000-0 +10304-3 0  9998
2 34790 074.0568 162.9798 0110382 275.9693 204.7556 14.17188312414175
0 COSMOS 2251 DEB
1 34790U 93036AAT 17086.20278009 +.00000220 +00000-0 +11468-3 0  9991
2 34790 074.0567 161.8821 0110393 274.7318 114.1624 14.17188664414262
0 COSMOS 2251 DEB
1 34790U 93036AAT 17087.19111378 +.00000316 +00000-0 +15957-3 0  9998
2 34790 074.0566 160.1245 0110416 272.7504 116.5076 14.17189551415831
0 COSMOS 2251 DEB
1 34790U 93036AAT 17088.62122243 +.00000434 +00000-0 +21461-3 0  9998
2 34790 074.0565 157.5814 0110453 269.8836 212.7328 14.17190826416037
0 COSMOS 2251 DEB
1 34790U 93036AAT 17089.89068469 +.00000517 +00000-0 +25333-3 0  9991
2 34790 074.0565 155.3241 0110499 267.3447 209.3629 14.17192186416215
0 COSMOS 2251 DEB
1 34790U 93036AAT 17090.59763384 +.00000534 +00000-0 +26153-3 0  9998
2 34790 074.0565 154.0670 0110509 265.9302 216.1274 14.17192835414887
0 COSMOS 2251 DEB
1 34790U 93036AAT 17091.92532464 +.00000556 +00000-0 +27164-3 0  9996
2 34790 074.0563 151.7059 0110572 263.2816 149.8361 14.17194290415079
0 COSMOS 2251 DEB
1 34790U 93036AAT 17092.57448646 +.00000545 +00000-0 +26669-3 0  9993
2 34790 074.0563 150.5515 0110589 261.9878 221.7781 14.17194944415166
0 COSMOS 2251 DEB
1 34790U 93036AAT 17093.90199476 +.00000529 +00000-0 +25926-3 0  9992
2 34790 074.0562 148.1910 0110608 259.3418 154.5662 14.17196531415356
0 COSMOS 2251 DEB
1 34790U 93036AAT 17094.55080078 +.00000532 +00000-0 +26050-3 0  9994
2 34790 074.0562 147.0372 0110628 258.0502 224.6988 14.17197425416879
0 COSMOS 2251 DEB
1 34790U 93036AAT 17095.53862906 +.00000509 +00000-0 +24966-3 0  9999
2 34790 074.0560 145.2804 0110656 256.0805 224.4905 14.17198666415584
0 COSMOS 2251 DEB
1 34790U 93036AAT 17096.59903635 +.00000406 +00000-0 +20148-3 0  9995
2 34790 074.0559 143.3946 0110663 253.9589 234.5820 14.17199427415732
0 COSMOS 2251 DEB
1 34790U 93036AAT 17097.92736538 +.00000342 +00000-0 +17172-3 0  9991
2 34790 074.0558 141.0323 0110694 251.3102 171.5813 14.17200686415925
0 COSMOS 2251 DEB
1 34790U 93036AAT 17098.91566608 +.00000290 +00000-0 +14732-3 0  9991
2 34790 074.0556 139.2746 0110711 249.3391 173.7934 14.17201393416068
0 COSMOS 2251 DEB
1 34790U 93036AAT 17098.91566608 +.00000290 +00000-0 +14732-3 0  9991
2 34790 074.0556 139.2746 0110711 249.3391 173.7934 14.17201393417496
0 COSMOS 2251 DEB
1 34790U 93036AAT 17100.55707660 +.00000242 +00000-0 +12497-3 0  9993
2 34790 074.0554 136.3553 0110738 246.0626 268.1151 14.17202501416291
0 COSMOS 2251 DEB
1 34790U 93036AAT 17101.18468227 +.00000221 +00000-0 +11538-3 0  9998
2 34790 074.0553 135.2391 0110743 244.8072 230.1039 14.17202840416385
0 COSMOS 2251 DEB
1 34790U 93036AAT 17102.53361706 +.00000227 +00000-0 +11804-3 0  9994
2 34790 074.0552 132.8400 0110740 242.1070 272.2537 14.17203619418000
0 COSMOS 2251 DEB
1 34790U 93036AAT 17103.85548666 +.00000247 +00000-0 +12719-3 0  9990
2 34790 074.0551 130.4890 0110731 239.4577 176.3248 14.17204343418195
0 COSMOS 2251 DEB
1 34790U 93036AAT 17104.84357269 +.00000286 +00000-0 +14534-3 0  9997
2 34790 074.0550 128.7317 0110719 237.4768 177.4621 14.17205003416902
0 COSMOS 2251 DEB
1 34790U 93036AAT 17105.90498823 +.00000335 +00000-0 +16839-3 0  9992
2 34790 074.0549 126.8439 0110704 235.3598 192.7121 14.17205769417057
0 COSMOS 2251 DEB
1 34790U 93036AAT 17106.82030443 +.00000386 +00000-0 +19223-3 0  9990
2 34790 074.0548 125.2158 0110684 233.5297 182.5830 14.17206535417180
0 COSMOS 2251 DEB
1 34790U 93036AAT 17107.88129891 +.00000461 +00000-0 +22701-3 0  9992
2 34790 074.0547 123.3287 0110657 231.4069 195.6981 14.17207618417337
0 COSMOS 2251 DEB
1 34790U 93036AAT 17108.46268229 +.00000487 +00000-0 +23918-3 0  9995
2 34790 074.0547 122.2946 0110642 230.2443 281.8740 14.17208174417412
0 COSMOS 2251 DEB
1 34790U 93036AAT 17109.78436160 +.00000516 +00000-0 +25298-3 0  9998
2 34790 074.0547 119.9438 0110601 227.5974 184.9955 14.17209502417602
0 COSMOS 2251 DEB
1 34790U 93036AAT 17110.43928447 +.00000525 +00000-0 +25697-3 0  9999
2 34790 074.0547 118.7789 0110583 226.2884 286.3696 14.17210216419125
0 COSMOS 2251 DEB
1 34790U 93036AAT 17111.76101163 +.00000510 +00000-0 +24998-3 0  9991
2 34790 074.0547 116.4281 0110544 223.6415 189.7470 14.17211634417887
0 COSMOS 2251 DEB
1 34790U 93036AAT 17112.48867862 +.00000556 +00000-0 +27158-3 0  9997
2 34790 074.0548 115.1338 0110525 222.1854 302.2660 14.17212817417985
0 COSMOS 2251 DEB
1 34790U 93036AAT 17113.47592497 +.00000517 +00000-0 +25340-3 0  9994
2 34790 074.0549 113.3779 0110501 220.2078 299.1509 14.17213888418128
0 COSMOS 2251 DEB
1 34790U 93036AAT 17115.45165142 +.00000394 +00000-0 +19556-3 0  9992
2 34790 074.0551 109.8639 0110440 216.2442 299.2306 14.17215581419835
0 COSMOS 2251 DEB
1 34790U 93036AAT 17116.77486716 +.00000282 +00000-0 +14361-3 0  9996
2 34790 074.0552 107.5104 0110370 213.5697 210.2501 14.17216206420020
0 COSMOS 2251 DEB
1 34790U 93036AAT 17117.42968056 +.00000250 +00000-0 +12829-3 0  9993
2 34790 074.0552 106.3458 0110358 212.2576 311.0845 14.17216541418689
0 COSMOS 2251 DEB
1 34790U 93036AAT 17118.41644663 +.00000202 +00000-0 +10594-3 0  9992
2 34790 074.0552 104.5907 0110319 210.2639 305.5476 14.17216959420250
0 COSMOS 2251 DEB
1 34790U 93036AAT 17119.94488528 +.00000224 +00000-0 +11621-3 0  9993
2 34790 074.0553 101.8722 0110262 207.1716 183.6226 14.17217971419042
0 COSMOS 2251 DEB
1 34790U 93036AAT 17120.39253353 +.00000242 +00000-0 +12484-3 0  9998
2 34790 074.0553 101.0761 0110241 206.2692 307.5158 14.17218276419104
0 COSMOS 2251 DEB
1 34790U 93036AAT 17121.38079420 +.00000288 +00000-0 +14620-3 0  9993
2 34790 074.0554 099.3183 0110201 204.2594 309.6228 14.17219005420673
0 COSMOS 2251 DEB
1 34790U 93036AAT 17122.36899340 +.00000344 +00000-0 +17221-3 0  9996
2 34790 074.0556 097.5607 0110173 202.2733 311.3953 14.17219840419385
0 COSMOS 2251 DEB
1 34790U 93036AAT 17123.97353347 +.00000412 +00000-0 +20408-3 0  9993
2 34790 074.0557 094.7070 0110098 199.0177 217.7626 14.17221196419619
0 COSMOS 2251 DEB
1 34790U 93036AAT 17124.33955878 +.00000437 +00000-0 +21584-3 0  9994
2 34790 074.0557 094.0559 0110075 198.2690 285.2330 14.17221627419666
0 COSMOS 2251 DEB
1 34790U 93036AAT 17125.32838878 +.00000467 +00000-0 +22954-3 0  9999
2 34790 074.0559 092.2972 0110033 196.2605 290.2544 14.17222574421236
0 COSMOS 2251 DEB
1 34790U 93036AAT 17126.32159164 +.00000475 +00000-0 +23341-3 0  9994
2 34790 074.0560 090.5308 0109995 194.2389 317.5944 14.17223522419940
0 COSMOS 2251 DEB
1 34790U 93036AAT 17126.93837671 +.00000456 +00000-0 +22466-3 0  9993
2 34790 074.0561 089.4339 0109964 192.9814 224.4471 14.17224029420032
0 COSMOS 2251 DEB
1 34790U 93036AAT 17127.58622865 +.00000446 +00000-0 +22007-3 0  9992
2 34790 074.0563 088.2818 0109934 191.6666 289.7994 14.17224615420126
0 COSMOS 2251 DEB
1 34790U 93036AAT 17127.92692203 +.00000442 +00000-0 +21801-3 0  9990
2 34790 074.0563 087.6758 0109927 190.9874 228.0124 14.17224995420174
0 COSMOS 2251 DEB
1 34790U 93036AAT 17128.08131714 +.00000434 +00000-0 +21425-3 0  9996
2 34790 074.0564 087.4013 0109925 190.6752 295.7383 14.17225098421621
0 COSMOS 2251 DEB
1 34790U 93036AAT 17128.63194720 +.00000410 +00000-0 +20332-3 0  9993
2 34790 074.0565 086.4221 0109895 189.5548 225.0679 14.17225543420277
0 COSMOS 2251 DEB
1 34790U 93036AAT 17129.28759792 +.00000373 +00000-0 +18597-3 0  9999
2 34790 074.0566 085.2560 0109872 188.2241 330.2135 14.17226006421791
0 COSMOS 2251 DEB
1 34790U 93036AAT 17129.62002674 +.00000357 +00000-0 +17842-3 0  9991
2 34790 074.0566 084.6648 0109854 187.5536 226.2700 14.17226280420414
0 COSMOS 2251 DEB
1 34790U 93036AAT 17129.97567766 +.00000332 +00000-0 +16645-3 0  9990
2 34790 074.0567 084.0323 0109844 186.8307 240.8116 14.17226514420464
0 COSMOS 2251 DEB
1 34790U 93036AAT 17131.25714601 +.00000263 +00000-0 +13464-3 0  9995
2 34790 074.0569 081.7534 0109789 184.2312 298.8979 14.17227294420646
0 COSMOS 2251 DEB
1 34790U 93036AAT 17131.66966194 +.00000248 +00000-0 +12728-3 0  9991
2 34790 074.0569 081.0198 0109772 183.3934 243.5673 14.17227553420700
0 COSMOS 2251 DEB
1 34790U 93036AAT 17131.88096049 +.00000230 +00000-0 +11896-3 0  9994
2 34790 074.0569 080.6440 0109768 182.9642 241.6191 14.17227628420731
0 COSMOS 2251 DEB
1 34790U 93036AAT 17132.94081957 +.00000183 +00000-0 +96848-4 0  9992
2 34790 074.0570 078.7591 0109739 180.8129 249.0535 14.17228079420884
0 COSMOS 2251 DEB
1 34790U 93036AAT 17133.30406230 +.00000183 +00000-0 +96828-4 0  9996
2 34790 074.0571 078.1131 0109727 180.0685 302.3370 14.17228289420934
0 COSMOS 2251 DEB
1 34790U 93036AAT 17134.29838104 +.00000170 +00000-0 +90926-4 0  9993
2 34790 074.0571 076.3448 0109704 178.0449 335.3896 14.17228710422508
0 COSMOS 2251 DEB
1 34790U 93036AAT 17134.83923260 +.00000166 +00000-0 +89148-4 0  9990
2 34790 074.0572 075.3830 0109690 176.9401 214.8395 14.17228922421152
0 COSMOS 2251 DEB
1 34790U 93036AAT 17135.28652116 +.00000173 +00000-0 +92426-4 0  9990
2 34790 074.0572 074.5875 0109678 176.0309 336.9221 14.17229100421216
0 COSMOS 2251 DEB
1 34790U 93036AAT 17135.62189064 +.00000180 +00000-0 +95370-4 0  9994
2 34790 074.0572 073.9911 0109669 175.3448 247.9942 14.17229252422698
0 COSMOS 2251 DEB
1 34790U 93036AAT 17136.27477186 +.00000208 +00000-0 +10875-3 0  9998
2 34790 074.0572 072.8300 0109657 174.0124 339.0246 14.17229633421357
0 COSMOS 2251 DEB
1 34790U 93036AAT 17137.25679177 +.00000244 +00000-0 +12536-3 0  9997
2 34790 074.0573 071.0836 0109636 172.0061 309.3393 14.17230172421496
0 COSMOS 2251 DEB
1 34790U 93036AAT 17137.87980065 +.00000267 +00000-0 +13625-3 0  9991
2 34790 074.0574 069.9757 0109629 170.7308 247.9651 14.17230552421582
0 COSMOS 2251 DEB
1 34790U 93036AAT 17138.24528220 +.00000285 +00000-0 +14449-3 0  9999
2 34790 074.0574 069.3258 0109626 169.9818 312.6731 14.17230756423065
0 COSMOS 2251 DEB
1 34790U 93036AAT 17138.87055141 +.00000328 +00000-0 +16465-3 0  9993
2 34790 074.0574 068.2138 0109620 168.7019 262.8332 14.17231310421725
0 COSMOS 2251 DEB
1 34790U 93036AAT 17139.51453885 +.00000362 +00000-0 +18034-3 0  9994
2 34790 074.0575 067.0686 0109594 167.3870 308.4917 14.17231783423240
0 COSMOS 2251 DEB
1 34790U 93036AAT 17139.85605174 +.00000383 +00000-0 +19018-3 0  9997
2 34790 074.0575 066.4612 0109591 166.6874 250.9118 14.17232103421862
0 COSMOS 2251 DEB
1 34790U 93036AAT 17140.22758310 +.00000417 +00000-0 +20624-3 0  9994
2 34790 074.0576 065.8005 0109581 165.9285 346.4865 14.17232498421912
0 COSMOS 2251 DEB
1 34790U 93036AAT 17140.84417552 +.00000454 +00000-0 +22352-3 0  9993
2 34790 074.0576 064.7039 0109574 164.6630 252.3841 14.17233142423434
0 COSMOS 2251 DEB
1 34790U 93036AAT 17141.21582605 +.00000465 +00000-0 +22871-3 0  9995
2 34790 074.0577 064.0430 0109559 163.9071 348.5639 14.17233408422052
0 COSMOS 2251 DEB
1 34790U 93036AAT 17141.91511498 +.00000487 +00000-0 +23904-3 0  9996
2 34790 074.0578 062.7995 0109543 162.4792 316.3800 14.17234098422151
0 COSMOS 2251 DEB
1 34790U 93036AAT 17142.90238681 +.00000507 +00000-0 +24832-3 0  9990
2 34790 074.0578 061.0438 0109522 160.4598 313.5096 14.17235077422293
0 COSMOS 2251 DEB
1 34790U 93036AAT 17143.10438750 +.00000512 +00000-0 +25065-3 0  9997
2 34790 074.0578 060.6846 0109515 160.0481 264.1301 14.17235276422325
0 COSMOS 2251 DEB
1 34790U 93036AAT 17144.18111618 +.00000503 +00000-0 +24635-3 0  9999
2 34790 074.0578 058.7697 0109494 157.8463 357.6800 14.17236346422474
0 COSMOS 2251 DEB
1 34790U 93036AAT 17144.45673875 +.00000510 +00000-0 +24956-3 0  9991
2 34790 074.0579 058.2796 0109492 157.2810 323.9299 14.17236718422514
0 COSMOS 2251 DEB
1 34790U 93036AAT 17144.87014917 +.00000477 +00000-0 +23440-3 0  9992
2 34790 074.0579 057.5444 0109497 156.4325 273.1852 14.17237001424006
0 COSMOS 2251 DEB
1 34790U 93036AAT 17145.44537214 +.00000474 +00000-0 +23260-3 0  9993
2 34790 074.0579 056.5214 0109488 155.2569 328.0192 14.17237662422656
0 COSMOS 2251 DEB
1 34790U 93036AAT 17145.85903644 +.00000459 +00000-0 +22560-3 0  9997
2 34790 074.0579 055.7857 0109483 154.4146 278.5656 14.17238105422711
0 COSMOS 2251 DEB
1 34790U 93036AAT 17146.56386171 +.00000428 +00000-0 +21118-3 0  9990
2 34790 074.0579 054.5323 0109470 152.9787 274.6388 14.17238757422819
0 COSMOS 2251 DEB
1 34790U 93036AAT 17146.85528172 +.00000398 +00000-0 +19714-3 0  9996
2 34790 074.0580 054.0141 0109463 152.3884 321.4833 14.17238943422855
0 COSMOS 2251 DEB
1 34790U 93036AAT 17147.47884028 +.00000359 +00000-0 +17907-3 0  9999
2 34790 074.0580 052.9052 0109453 151.1169 262.9304 14.17239416424372
0 COSMOS 2251 DEB
1 34790U 93036AAT 17147.91636075 +.00000312 +00000-0 +15727-3 0  9992
2 34790 074.0580 052.1271 0109448 150.2255 335.1952 14.17239606423009
0 COSMOS 2251 DEB
1 34790U 93036AAT 17148.82194667 +.00000279 +00000-0 +14174-3 0  9996
2 34790 074.0580 050.5166 0109440 148.3767 275.5749 14.17240377424562
0 COSMOS 2251 DEB
1 34790U 93036AAT 17149.19256984 +.00000267 +00000-0 +13585-3 0  9990
2 34790 074.0580 049.8575 0109435 147.6208 006.5270 14.17240647423181
0 COSMOS 2251 DEB
1 34790U 93036AAT 17149.81009462 +.00000243 +00000-0 +12461-3 0  9992
2 34790 074.0580 048.7593 0109435 146.3607 277.1944 14.17241094423279
0 COSMOS 2251 DEB
1 34790U 93036AAT 17150.10424875 +.00000256 +00000-0 +13089-3 0  9996
2 34790 074.0580 048.2362 0109434 145.7613 337.9953 14.17241423424741
0 COSMOS 2251 DEB
1 34790U 93036AAT 17150.79869618 +.00000223 +00000-0 +11564-3 0  9999
2 34790 074.0580 047.0012 0109438 144.3457 281.1283 14.17241776423415
0 COSMOS 2251 DEB
1 34790U 93036AAT 17151.16310944 +.00000214 +00000-0 +11126-3 0  9998
2 34790 074.0580 046.3532 0109432 143.6031 340.3974 14.17241962424893
0 COSMOS 2251 DEB
1 34790U 93036AAT 17152.85776804 +.00000179 +00000-0 +95113-4 0  9995
2 34790 074.0579 043.3395 0109445 140.1472 346.7007 14.17242622423700
0 COSMOS 2251 DEB
1 34790U 93036AAT 17153.13947075 +.00000184 +00000-0 +97425-4 0  9991
2 34790 074.0579 042.8385 0109443 139.5723 343.9742 14.17242746423748
0 COSMOS 2251 DEB
1 34790U 93036AAT 17153.84625806 +.00000201 +00000-0 +10523-3 0  9997
2 34790 074.0578 041.5816 0109456 138.1285 350.0712 14.17243103425278
0 COSMOS 2251 DEB
1 34790U 93036AAT 17154.46764382 +.00000234 +00000-0 +12045-3 0  9996
2 34790 074.0578 040.4765 0109446 136.8655 280.4360 14.17243504423935
0 COSMOS 2251 DEB
1 34790U 93036AAT 17154.75013602 +.00000247 +00000-0 +12669-3 0  9996
2 34790 074.0578 039.9741 0109454 136.2911 281.7366 14.17243699423979
0 COSMOS 2251 DEB
1 34790U 93036AAT 17155.45565868 +.00000299 +00000-0 +15083-3 0  9990
2 34790 074.0577 038.7194 0109474 134.8512 281.3824 14.17244222424070
0 COSMOS 2251 DEB
1 34790U 93036AAT 17155.73823157 +.00000320 +00000-0 +16049-3 0  9997
2 34790 074.0577 038.2168 0109479 134.2749 283.0966 14.17244443424113
0 COSMOS 2251 DEB
1 34790U 93036AAT 17156.10979567 +.00000344 +00000-0 +17214-3 0  9997
2 34790 074.0577 037.5560 0109481 133.5174 018.8523 14.17244672424160
0 COSMOS 2251 DEB
1 34790U 93036AAT 17157.63879278 +.00000433 +00000-0 +21340-3 0  9998
2 34790 074.0576 034.8367 0109495 130.3984 259.9484 14.17245787424389
0 COSMOS 2251 DEB
1 34790U 93036AAT 17157.79769007 +.00000432 +00000-0 +21291-3 0  9997
2 34790 074.0576 034.5540 0109493 130.0765 350.6563 14.17245854424406
0 COSMOS 2251 DEB
1 34790U 93036AAT 17158.62688734 +.00000467 +00000-0 +22941-3 0  9998
2 34790 074.0575 033.0793 0109502 128.3814 261.3109 14.17246541424526
0 COSMOS 2251 DEB
1 34790U 93036AAT 17159.61500086 +.00000472 +00000-0 +23170-3 0  9992
2 34790 074.0575 031.3220 0109508 126.3689 262.7692 14.17247275424668
0 COSMOS 2251 DEB
1 34790U 93036AAT 17159.61500086 +.00000472 +00000-0 +23170-3 0  9992
2 34790 074.0575 031.3220 0109508 126.3689 262.7692 14.17247275426097
0 COSMOS 2251 DEB
1 34790U 93036AAT 17160.39577758 +.00000463 +00000-0 +22750-3 0  9992
2 34790 074.0574 029.9334 0109512 124.7767 286.3782 14.17247879424774
0 COSMOS 2251 DEB
1 34790U 93036AAT 17161.38442545 +.00000435 +00000-0 +21426-3 0  9995
2 34790 074.0574 028.1751 0109513 122.7628 290.5701 14.17248679426345
0 COSMOS 2251 DEB
1 34790U 93036AAT 17161.82189841 +.00000411 +00000-0 +20298-3 0  9991
2 34790 074.0573 027.3970 0109517 121.8752 002.6040 14.17249013424978
0 COSMOS 2251 DEB
1 34790U 93036AAT 17162.37293686 +.00000369 +00000-0 +18362-3 0  9996
2 34790 074.0572 026.4168 0109520 120.7526 294.0660 14.17249336425050
0 COSMOS 2251 DEB
1 34790U 93036AAT 17162.72933227 +.00000350 +00000-0 +17487-3 0  9994
2 34790 074.0572 025.7829 0109516 120.0282 312.4362 14.17249653426533
0 COSMOS 2251 DEB
1 34790U 93036AAT 17163.56726924 +.00000279 +00000-0 +14154-3 0  9999
2 34790 074.0572 024.2927 0109508 118.3239 267.6876 14.17250101425225
0 COSMOS 2251 DEB
1 34790U 93036AAT 17163.79837498 +.00000245 +00000-0 +12546-3 0  9999
2 34790 074.0572 023.8817 0109509 117.8567 006.8130 14.17250117426681
0 COSMOS 2251 DEB
1 34790U 93036AAT 17164.42260515 +.00000193 +00000-0 +10135-3 0  9994
2 34790 074.0571 022.7714 0109512 116.5871 311.7087 14.17250398425344
0 COSMOS 2251 DEB
1 34790U 93036AAT 17164.78671997 +.00000158 +00000-0 +84941-4 0  9991
2 34790 074.0571 022.1238 0109515 115.8498 009.4627 14.17250533425396
0 COSMOS 2251 DEB
1 34790U 93036AAT 17165.62169097 +.00000103 +00000-0 +59205-4 0  9993
2 34790 074.0570 020.6388 0109520 114.1546 309.5814 14.17250874425510
0 COSMOS 2251 DEB
1 34790U 93036AAT 17166.38590932  .00000493  00000-0  22993-3 0  9998
2 34790  74.0612  19.2817 0109663 112.7632 248.5666 14.17253699427052
0 COSMOS 2251 DEB
1 34790U 93036AAT 17166.97468868 +.00000028 +00000-0 +24050-4 0  9996
2 34790 074.0569 018.2323 0109526 111.4125 012.7288 14.17251192425702
0 COSMOS 2251 DEB
1 34790U 93036AAT 17167.38648450 +.00000034 +00000-0 +27187-4 0  9990
2 34790 074.0568 017.4999 0109527 110.5762 313.7598 14.17251401425766
0 COSMOS 2251 DEB
1 34790U 93036AAT 17167.95192396 +.00000039 +00000-0 +29613-4 0  9997
2 34790 074.0567 016.4942 0109524 109.4289 318.6974 14.17251596425846
0 COSMOS 2251 DEB
1 34790U 93036AAT 17169.36315941 +.00000058 +00000-0 +38305-4 0  9996
2 34790 074.0566 013.9841 0109533 106.5662 318.9832 14.17251934426043
0 COSMOS 2251 DEB
1 34790U 93036AAT 17169.93910896 +.00000069 +00000-0 +43413-4 0  9997
2 34790 074.0565 012.9595 0109538 105.4030 017.5387 14.17252009426129
0 COSMOS 2251 DEB
1 34790U 93036AAT 17170.00882865 +.00000077 +00000-0 +46906-4 0  9990
2 34790 074.0565 012.8355 0109541 105.2641 013.2542 14.17252064427568
0 COSMOS 2251 DEB
1 34790U 93036AAT 17170.55656422 +.00000102 +00000-0 +58998-4 0  9991
2 34790 074.0564 011.8612 0109549 104.1540 287.8633 14.17252245426218
0 COSMOS 2251 DEB
1 34790U 93036AAT 17170.91628653 +.00000124 +00000-0 +68982-4 0  9994
2 34790 074.0564 011.2214 0109551 103.4273 323.2050 14.17252355426263
0 COSMOS 2251 DEB
1 34790U 93036AAT 17171.54476899 +.00000168 +00000-0 +89766-4 0  9998
2 34790 074.0564 010.1035 0109566 102.1576 289.7906 14.17252672426358
0 COSMOS 2251 DEB
1 34790U 93036AAT 17171.54476899 +.00000168 +00000-0 +89766-4 0  9998
2 34790 074.0564 010.1035 0109566 102.1576 289.7906 14.17252672427786
0 COSMOS 2251 DEB
1 34790U 93036AAT 17172.32592104 +.00000231 +00000-0 +11901-3 0  9999
2 34790 074.0563 008.7139 0109562 100.5607 315.3317 14.17253049426461
0 COSMOS 2251 DEB
1 34790U 93036AAT 17172.69134228 +.00000260 +00000-0 +13263-3 0  9993
2 34790 074.0563 008.0640 0109560 099.8150 019.7586 14.17253289427945
0 COSMOS 2251 DEB
1 34790U 93036AAT 17172.97962392 +.00000285 +00000-0 +14442-3 0  9992
2 34790 074.0563 007.5513 0109561 099.2284 050.6074 14.17253468426552
0 COSMOS 2251 DEB
1 34790U 93036AAT 17173.96924087 +.00000361 +00000-0 +17969-3 0  9993
2 34790 074.0563 005.7911 0109568 097.2173 059.7562 14.17254189426694
0 COSMOS 2251 DEB
1 34790U 93036AAT 17174.95003546 +.00000414 +00000-0 +20441-3 0  9999
2 34790 074.0563 004.0466 0109576 095.2280 023.8910 14.17254940426837
0 COSMOS 2251 DEB
1 34790U 93036AAT 17175.49765918 +.00000427 +00000-0 +21050-3 0  9998
2 34790 074.0563 003.0726 0109584 094.1177 297.9356 14.17255348426917
0 COSMOS 2251 DEB
1 34790U 93036AAT 17175.94422670 +.00000436 +00000-0 +21479-3 0  9998
2 34790 074.0564 002.2783 0109579 093.2096 056.3824 14.17255688426976
0 COSMOS 2251 DEB
1 34790U 93036AAT 17176.48579495 +.00000439 +00000-0 +21627-3 0  9994
2 34790 074.0564 001.3151 0109586 092.1123 299.5329 14.17256146428481
0 COSMOS 2251 DEB
1 34790U 93036AAT 17176.93265703 +.00000424 +00000-0 +20901-3 0  9996
2 34790 074.0565 000.5205 0109589 091.2168 059.4707 14.17256408427118
0 COSMOS 2251 DEB
1 34790U 93036AAT 17177.20868234 +.00000421 +00000-0 +20765-3 0  9990
2 34790 074.0566 000.0296 0109591 090.6594 027.7863 14.17256652427159
0 COSMOS 2251 DEB
1 34790U 93036AAT 17179.44944590 +.00000292 +00000-0 +14754-3 0  9995
2 34790 074.0566 356.0441 0109572 086.1173 300.4664 14.17258135428909
0 COSMOS 2251 DEB
1 34790U 93036AAT 17180.58617000 +.00000186 +00000-0 +98236-4 0  9995
2 34790 074.0567 354.0222 0109557 083.8053 340.2002 14.17258644427631
0 COSMOS 2251 DEB
1 34790U 93036AAT 17180.58617000 +.00000186 +00000-0 +98236-4 0  9995
2 34790 074.0567 354.0222 0109557 083.8053 340.2002 14.17258644429060
0 COSMOS 2251 DEB
1 34790U 93036AAT 17181.94492146 +.00000058 +00000-0 +38168-4 0  9994
2 34790 074.0568 351.6054 0109525 081.0479 072.7464 14.17258978427825
0 COSMOS 2251 DEB
1 34790U 93036AAT 17182.57230675 +.00000005 +00000-0 +13439-4 0  9997
2 34790 074.0568 350.4895 0109518 079.7683 033.7630 14.17259048427919
0 COSMOS 2251 DEB
1 34790U 93036AAT 17182.93304767 -.00000019 +00000-0 +22906-5 0  9997
2 34790 074.0568 349.8479 0109512 079.0337 074.3178 14.17259069427968
0 COSMOS 2251 DEB
1 34790U 93036AAT 17183.55028677 -.00000050 +00000-0 -12230-4 0  9993
2 34790 074.0568 348.7501 0109505 077.7773 343.5647 14.17259131428056
0 COSMOS 2251 DEB
1 34790U 93036AAT 17183.92109828 -.00000064 +00000-0 -18690-4 0  9993
2 34790 074.0569 348.0906 0109501 077.0278 075.4956 14.17259140428108
0 COSMOS 2251 DEB
1 34790U 93036AAT 17184.46216852 -.00000086 +00000-0 -28872-4 0  9996
2 34790 074.0569 347.1282 0109493 075.9302 316.1134 14.17259120429618
0 COSMOS 2251 DEB
1 34790U 93036AAT 17184.90911833 -.00000097 +00000-0 -33897-4 0  9991
2 34790 074.0569 346.3333 0109485 075.0226 076.5157 14.17259057428242
0 COSMOS 2251 DEB
1 34790U 93036AAT 17185.45023247 -.00000109 +00000-0 -39910-4 0  9991
2 34790 074.0569 345.3709 0109478 073.9263 317.3552 14.17258977428322
0 COSMOS 2251 DEB
1 34790U 93036AAT 17185.89732341 -.00000102 +00000-0 -36448-4 0  9997
2 34790 074.0569 344.5757 0109472 073.0189 078.4768 14.17258950429818
0 COSMOS 2251 DEB
1 34790U 93036AAT 17186.51552951 -.00000097 +00000-0 -34039-4 0  9991
2 34790 074.0569 343.4762 0109471 071.7629 352.6527 14.17258863428479
0 COSMOS 2251 DEB
1 34790U 93036AAT 17187.42674951 -.00000064 +00000-0 -18640-4 0  9991
2 34790 074.0569 341.8555 0109462 069.9142 321.8240 14.17258786430039
0 COSMOS 2251 DEB
1 34790U 93036AAT 17187.86817737 -.00000027 +00000-0 -13203-5 0  9990
2 34790 074.0570 341.0704 0109463 069.0146 054.0545 14.17258862428669
0 COSMOS 2251 DEB
1 34790U 93036AAT 17188.49156868 +.00000012 +00000-0 +16841-4 0  9993
2 34790 074.0570 339.9617 0109451 067.7550 354.6783 14.17258910430186
0 COSMOS 2251 DEB
1 34790U 93036AAT 17188.85626865 +.00000046 +00000-0 +32765-4 0  9992
2 34790 074.0570 339.3131 0109448 067.0133 055.4298 14.17258977428803
0 COSMOS 2251 DEB
1 34790U 93036AAT 17189.47851024 +.00000113 +00000-0 +63922-4 0  9992
2 34790 074.0570 338.2064 0109430 065.7540 350.1905 14.17259258428896
0 COSMOS 2251 DEB
1 34790U 93036AAT 17189.84412661 +.00000140 +00000-0 +76769-4 0  9996
2 34790 074.0570 337.5561 0109419 065.0094 055.6184 14.17259302430376
0 COSMOS 2251 DEB
1 34790U 93036AAT 17190.54954958 +.00000200 +00000-0 +10455-3 0  9991
2 34790 074.0571 336.3015 0109416 063.5809 054.7823 14.17259552429041
0 COSMOS 2251 DEB
1 34790U 93036AAT 17190.82275559 +.00000227 +00000-0 +11739-3 0  9990
2 34790 074.0571 335.8156 0109413 063.0243 008.7200 14.17259675429083
0 COSMOS 2251 DEB
1 34790U 93036AAT 17191.53760584 +.00000293 +00000-0 +14799-3 0  9998
2 34790 074.0572 334.5442 0109412 061.5726 055.9894 14.17260131429189
0 COSMOS 2251 DEB
1 34790U 93036AAT 17191.82029031 +.00000319 +00000-0 +16038-3 0  9992
2 34790 074.0572 334.0414 0109411 060.9964 058.2888 14.17260319429221
0 COSMOS 2251 DEB
1 34790U 93036AAT 17192.16056163 +.00000340 +00000-0 +16986-3 0  9992
2 34790 074.0573 333.4362 0109416 060.3028 354.4055 14.17260533429277
0 COSMOS 2251 DEB
1 34790U 93036AAT 17192.52742503 +.00000358 +00000-0 +17860-3 0  9993
2 34790 074.0573 332.7837 0109407 059.5577 066.1969 14.17260778430752
0 COSMOS 2251 DEB
1 34790U 93036AAT 17193.43120427 +.00000369 +00000-0 +18353-3 0  9999
2 34790 074.0574 331.1763 0109410 057.7163 357.4196 14.17261286429457
0 COSMOS 2251 DEB
1 34790U 93036AAT 17194.41934812 +.00000359 +00000-0 +17894-3 0  9997
2 34790 074.0575 329.4189 0109415 055.6995 359.0905 14.17261900429599
0 COSMOS 2251 DEB
1 34790U 93036AAT 17195.48945836 +.00000314 +00000-0 +15773-3 0  9998
2 34790 074.0576 327.5157 0109407 053.5157 058.9715 14.17262589431177
0 COSMOS 2251 DEB
1 34790U 93036AAT 17196.55053339 +.00000240 +00000-0 +12318-3 0  9995
2 34790 074.0577 325.6286 0109399 051.3451 072.7619 14.17263171429894
0 COSMOS 2251 DEB
1 34790U 93036AAT 17196.55053339 +.00000240 +00000-0 +12318-3 0  9995
2 34790 074.0577 325.6286 0109399 051.3451 072.7619 14.17263171431325
0 COSMOS 2251 DEB
1 34790U 93036AAT 17197.37853782 +.00000156 +00000-0 +84401-4 0  9995
2 34790 074.0577 324.1560 0109404 049.6516 337.3864 14.17263468430019
0 COSMOS 2251 DEB
1 34790U 93036AAT 17197.82713007 +.00000120 +00000-0 +67255-4 0  9999
2 34790 074.0577 323.3581 0109399 048.7328 106.1852 14.17263639431501
0 COSMOS 2251 DEB
1 34790U 93036AAT 17198.52712338 +.00000069 +00000-0 +43569-4 0  9997
2 34790 074.0578 322.1132 0109395 047.3024 077.6759 14.17263978430171
0 COSMOS 2251 DEB
1 34790U 93036AAT 17199.80316639 -.00000041 +00000-0 -78332-5 0  9992
2 34790 074.0578 319.8438 0109392 044.6948 108.2740 14.17264142430350
0 COSMOS 2251 DEB
1 34790U 93036AAT 17200.42037341 -.00000089 +00000-0 -30067-4 0  9997
2 34790 074.0577 318.7462 0109405 043.4366 017.3706 14.17264143430443
0 COSMOS 2251 DEB
1 34790U 93036AAT 17200.79156882 -.00000106 +00000-0 -38225-4 0  9993
2 34790 074.0577 318.0860 0109409 042.6780 111.2751 14.17264121431927
0 COSMOS 2251 DEB
1 34790U 93036AAT 17201.40853895 -.00000119 +00000-0 -44410-4 0  9997
2 34790 074.0577 316.9888 0109384 041.4172 019.1666 14.17264220430580
0 COSMOS 2251 DEB
1 34790U 93036AAT 17201.78135521 -.00000134 +00000-0 -51059-4 0  9991
2 34790 074.0577 316.3258 0109360 040.6527 121.3429 14.17264107430637
0 COSMOS 2251 DEB
1 34790U 93036AAT 17202.11514619 -.00000136 +00000-0 -51896-4 0  9999
2 34790 074.0577 315.7321 0109357 039.9702 024.4033 14.17264089432111
0 COSMOS 2251 DEB
1 34790U 93036AAT 17202.48039288 -.00000147 +00000-0 -57400-4 0  9992
2 34790 074.0576 315.0826 0109351 039.2263 087.9531 14.17263984430738
0 COSMOS 2251 DEB
1 34790U 93036AAT 17202.76740178 -.00000126 +00000-0 -47611-4 0  9990
2 34790 074.0576 314.5721 0109344 038.6395 112.3227 14.17264041430771
0 COSMOS 2251 DEB
1 34790U 93036AAT 17203.46890216 -.00000104 +00000-0 -36996-4 0  9997
2 34790 074.0576 313.3244 0109335 037.2174 091.4880 14.17264001432307
0 COSMOS 2251 DEB
1 34790U 93036AAT 17203.75646986 -.00000085 +00000-0 -28410-4 0  9992
2 34790 074.0576 312.8130 0109337 036.6299 118.7076 14.17263995430914
0 COSMOS 2251 DEB
1 34790U 93036AAT 17204.29677418 -.00000052 +00000-0 -12757-4 0  9997
2 34790 074.0575 311.8521 0109335 035.5307 355.4281 14.17264002430998
0 COSMOS 2251 DEB
1 34790U 93036AAT 17204.74365351 -.00000016 +00000-0 +38146-5 0  9997
2 34790 074.0575 311.0573 0109335 034.6180 115.4824 14.17264005432482
0 COSMOS 2251 DEB
1 34790U 93036AAT 17205.36032146 +.00000036 +00000-0 +28450-4 0  9996
2 34790 074.0575 309.9606 0109334 033.3631 021.8227 14.17264089431142
0 COSMOS 2251 DEB
1 34790U 93036AAT 17205.73181992 +.00000076 +00000-0 +46895-4 0  9998
2 34790 074.0575 309.2999 0109337 032.6049 117.2703 14.17264150431191
0 COSMOS 2251 DEB
1 34790U 93036AAT 17206.27303931 +.00000130 +00000-0 +72067-4 0  9998
2 34790 074.0575 308.3373 0109341 031.5052 358.6580 14.17264303431277
0 COSMOS 2251 DEB
1 34790U 93036AAT 17206.50344933 +.00000150 +00000-0 +81697-4 0  9992
2 34790 074.0575 307.9275 0109343 031.0358 094.2481 14.17264348431305
0 COSMOS 2251 DEB
1 34790U 93036AAT 17206.71452767 +.00000175 +00000-0 +93351-4 0  9997
2 34790 074.0575 307.5521 0109348 030.6062 091.2043 14.17264436431339
0 COSMOS 2251 DEB
1 34790U 93036AAT 17207.26136575 +.00000234 +00000-0 +12094-3 0  9994
2 34790 074.0575 306.5795 0109349 029.4941 001.2615 14.17264718431412
0 COSMOS 2251 DEB
1 34790U 93036AAT 17207.26136575 +.00000234 +00000-0 +12094-3 0  9994
2 34790 074.0575 306.5795 0109349 029.4941 001.2615 14.17264718432840
0 COSMOS 2251 DEB
1 34790U 93036AAT 17208.60836984 +.00000351 +00000-0 +17547-3 0  9992
2 34790 074.0575 304.1839 0109363 026.7440 033.9107 14.17265538433034
0 COSMOS 2251 DEB
1 34790U 93036AAT 17209.39520141 +.00000382 +00000-0 +18978-3 0  9997
2 34790 074.0575 302.7846 0109370 025.1329 088.4690 14.17266026431711
0 COSMOS 2251 DEB
1 34790U 93036AAT 17210.58487361 +.00000400 +00000-0 +19821-3 0  9995
2 34790 074.0575 300.6690 0109401 022.6996 038.3963 14.17266905431883
0 COSMOS 2251 DEB
1 34790U 93036AAT 17211.65673494 +.00000363 +00000-0 +18105-3 0  9990
2 34790 074.0575 298.7628 0109426 020.5090 107.2333 14.17267629433467
0 COSMOS 2251 DEB
1 34790U 93036AAT 17212.43254826 +.00000315 +00000-0 +15853-3 0  9995
2 34790 074.0574 297.3829 0109437 018.9220 105.5823 14.17268138432147
0 COSMOS 2251 DEB
1 34790U 93036AAT 17212.64442028 +.00000302 +00000-0 +15265-3 0  9994
2 34790 074.0574 297.0061 0109445 018.4871 106.5958 14.17268266432173
0 COSMOS 2251 DEB
1 34790U 93036AAT 17213.63208064 +.00000227 +00000-0 +11744-3 0  9998
2 34790 074.0573 295.2495 0109463 016.4666 105.8331 14.17268873432310
0 COSMOS 2251 DEB
1 34790U 93036AAT 17214.69120179 +.00000129 +00000-0 +71738-4 0  9996
2 34790 074.0573 293.3661 0109503 014.2978 109.6810 14.17269308433893
0 COSMOS 2251 DEB
1 34790U 93036AAT 17215.59773358 +.00000050 +00000-0 +35008-4 0  9992
2 34790 074.0572 291.7539 0109518 012.4350 054.9953 14.17269566432590
0 COSMOS 2251 DEB
1 34790U 93036AAT 17215.67935187 +.00000042 +00000-0 +31189-4 0  9998
2 34790 074.0572 291.6087 0109520 012.2676 111.4285 14.17269573432606
0 COSMOS 2251 DEB
1 34790U 93036AAT 17216.30366841 +.00000006 +00000-0 +14637-4 0  9993
2 34790 074.0571 290.4984 0109532 010.9900 056.8166 14.17269766432699
0 COSMOS 2251 DEB
1 34790U 93036AAT 17216.66730950 +.00000001 +00000-0 +12098-4 0  9992
2 34790 074.0571 289.8516 0109545 010.2500 112.1827 14.17269914432746
0 COSMOS 2251 DEB
1 34790U 93036AAT 17217.21434623 -.00000033 +00000-0 -36672-5 0  9994
2 34790 074.0570 288.8787 0109557 009.1334 023.2706 14.17269939434252
0 COSMOS 2251 DEB
1 34790U 93036AAT 17218.20224236 -.00000063 +00000-0 -17986-4 0  9990
2 34790 074.0569 287.1217 0109579 007.1166 023.7090 14.17269957432962
0 COSMOS 2251 DEB
1 34790U 93036AAT 17219.19043924 -.00000058 +00000-0 -15368-4 0  9998
2 34790 074.0567 285.3642 0109600 005.0993 025.6812 14.17270016434538
0 COSMOS 2251 DEB
1 34790U 93036AAT 17219.97281339 -.00000024 +00000-0 +67398-6 0  9992
2 34790 074.0566 283.9727 0109622 003.5040 057.5037 14.17270118433215
0 COSMOS 2251 DEB
1 34790U 93036AAT 17220.61899925 -.00000000 +00000-0 +11643-4 0  9995
2 34790 074.0565 282.8234 0109635 002.1850 114.4678 14.17270122433302
0 COSMOS 2251 DEB
1 34790U 93036AAT 17220.61899925 -.00000000 +00000-0 +11643-4 0  9995
2 34790 074.0565 282.8234 0109635 002.1850 114.4678 14.17270122434730
0 COSMOS 2251 DEB
1 34790U 93036AAT 17221.16648531 +.00000043 +00000-0 +31833-4 0  9990
2 34790 074.0565 281.8497 0109651 001.0718 027.8434 14.17270323433389
0 COSMOS 2251 DEB
1 34790U 93036AAT 17221.60843574 +.00000082 +00000-0 +50182-4 0  9994
2 34790 074.0564 281.0636 0109661 000.1699 122.7593 14.17270449433441
0 COSMOS 2251 DEB
1 34790U 93036AAT 17222.23033187  .00000125  00000-0  69840-4 0  9994
2 34790  74.0563 279.9575 0109682 358.9120  55.7816 14.17270609434963
0 COSMOS 2251 DEB
1 34790U 93036AAT 17222.60205934 +.00000159 +00000-0 +85770-4 0  9993
2 34790 074.0562 279.2960 0109678 358.1601 152.4002 14.17270727433584
0 COSMOS 2251 DEB
1 34790U 93036AAT 17223.58463744  .00000260  00000-0  13330-3 0  9991
2 34790  74.0561 277.5488 0109715 356.1686 125.6902 14.17271283435156
0 COSMOS 2251 DEB
1 34790U 93036AAT 17223.58463744 +.00000260 +00000-0 +13330-3 0  9991
2 34790 074.0561 277.5488 0109715 356.1686 125.6902 14.17271283433727
0 COSMOS 2251 DEB
1 34790U 93036AAT 17224.57969670 +.00000341 +00000-0 +17069-3 0  9993
2 34790 074.0559 275.7787 0109747 354.1540 162.6611 14.17271849433869
0 COSMOS 2251 DEB
1 34790U 93036AAT 17225.19484997  .00000387  00000-0  19256-3 0  9996
2 34790  74.0558 274.6847 0109769 352.9131  61.2807 14.17272330435385
0 COSMOS 2251 DEB
1 34790U 93036AAT 17225.56664209 +.00000411 +00000-0 +20348-3 0  9995
2 34790 074.0559 274.0236 0109791 352.1575 158.2349 14.17272581434005
0 COSMOS 2251 DEB
1 34790U 93036AAT 17226.18455882 +.00000430 +00000-0 +21264-3 0  9998
2 34790 074.0558 272.9246 0109818 350.9066 070.9603 14.17273023434097
0 COSMOS 2251 DEB
1 34790U 93036AAT 17226.54945279  .00000450  00000-0  22165-3 0  9995
2 34790  74.0557 272.2755 0109830 350.1694 132.7160 14.17273325435571
0 COSMOS 2251 DEB
1 34790U 93036AAT 17226.88873633 +.00000465 +00000-0 +22867-3 0  9991
2 34790 074.0557 271.6720 0109847 349.4810 063.8065 14.17273668434190
0 COSMOS 2251 DEB
1 34790U 93036AAT 17227.53725437 +.00000477 +00000-0 +23438-3 0  9990
2 34790 074.0556 270.5185 0109880 348.1657 132.6714 14.17274244434281
0 COSMOS 2251 DEB
1 34790U 93036AAT 17227.87647354 +.00000471 +00000-0 +23140-3 0  9992
2 34790 074.0555 269.9151 0109903 347.4797 063.4323 14.17274524434332
0 COSMOS 2251 DEB
1 34790U 93036AAT 17228.16047406  .00000460  00000-0  22630-3 0  9998
2 34790  74.0555 269.4099 0109913 346.9042  72.4587 14.17274749435800
0 COSMOS 2251 DEB
1 34790U 93036AAT 17228.53252096 +.00000455 +00000-0 +22428-3 0  9991
2 34790 074.0554 268.7481 0109935 346.1493 170.7161 14.17275061434427
0 COSMOS 2251 DEB
1 34790U 93036AAT 17229.92620240 +.00000401 +00000-0 +19870-3 0  9993
2 34790 074.0553 266.2691 0110006 343.3260 081.5587 14.17276319434624
0 COSMOS 2251 DEB
1 34790U 93036AAT 17230.05934837  .00000390  00000-0  19392-3 0  9995
2 34790  74.0553 266.0322 0110012 343.0563  40.8966 14.17276428436074
0 COSMOS 2251 DEB
1 34790U 93036AAT 17230.21848459 +.00000384 +00000-0 +19096-3 0  9991
2 34790 074.0553 265.7492 0110019 342.7334 132.8427 14.17276585434668
0 COSMOS 2251 DEB
1 34790U 93036AAT 17231.56881546  .00000278  00000-0  14149-3 0  9990
2 34790  74.0552 263.3473 0110081 339.9974 182.5101 14.17277491436285
0 COSMOS 2251 DEB
1 34790U 93036AAT 17231.82948950 +.00000259 +00000-0 +13249-3 0  9991
2 34790 074.0552 262.8837 0110099 339.4687 072.5243 14.17277680434898
0 COSMOS 2251 DEB
1 34790U 93036AAT 17232.19433778 +.00000244 +00000-0 +12579-3 0  9998
2 34790 074.0552 262.2347 0110111 338.7295 134.0568 14.17277980434943
0 COSMOS 2251 DEB
1 34790U 93036AAT 17232.55523418 +.00000207 +00000-0 +10862-3 0  9991
2 34790 074.0552 261.5927 0110123 337.9980 175.4264 14.17278100434996
0 COSMOS 2251 DEB
1 34790U 93036AAT 17233.53717257  .00000142  00000-0  77973-4 0  9991
2 34790  74.0551 259.8461 0110164 336.0122 145.4794 14.17278537436565
0 COSMOS 2251 DEB
1 34790U 93036AAT 17233.80568424 +.00000119 +00000-0 +67277-4 0  9991
2 34790 074.0551 259.3685 0110178 335.4731 075.4776 14.17278594435173
0 COSMOS 2251 DEB
1 34790U 93036AAT 17234.24166399 +.00000097 +00000-0 +57264-4 0  9995
2 34790 074.0550 258.5930 0110189 334.5916 139.9373 14.17278774435239
0 COSMOS 2251 DEB
1 34790U 93036AAT 17235.07210458  .00000048  00000-0  34260-4 0  9990
2 34790  74.0549 257.1158 0110220 332.9138  57.0165 14.17278926436787
0 COSMOS 2251 DEB
1 34790U 93036AAT 17235.23018274 +.00000055 +00000-0 +37356-4 0  9997
2 34790 074.0549 256.8346 0110226 332.5956 143.5627 14.17279012435377
0 COSMOS 2251 DEB
1 34790U 93036AAT 17235.85323383 +.00000045 +00000-0 +32890-4 0  9992
2 34790 074.0548 255.7263 0110252 331.3392 082.4956 14.17279166435468
0 COSMOS 2251 DEB
1 34790U 93036AAT 17236.21913685  .00000062  00000-0  40622-4 0  9994
2 34790  74.0548 255.0755 0110258 330.6001 149.4084 14.17279367436945
0 COSMOS 2251 DEB
1 34790U 93036AAT 17236.84341053 +.00000069 +00000-0 +43909-4 0  9995
2 34790 074.0547 253.9650 0110282 329.3431 094.5772 14.17279502435601
0 COSMOS 2251 DEB
1 34790U 93036AAT 17237.49606200  .00000089  00000-0  53474-4 0  9995
2 34790  74.0546 252.8041 0110300 328.0316 184.5325 14.17279674437124
0 COSMOS 2251 DEB
1 34790U 93036AAT 17238.48490757 +.00000137 +00000-0 +75762-4 0  9991
2 34790 074.0545 251.0451 0110327 326.0461 189.8138 14.17279952435832
0 COSMOS 2251 DEB
1 34790U 93036AAT 17238.81872924 +.00000167 +00000-0 +89606-4 0  9993
2 34790 074.0545 250.4513 0110334 325.3746 093.0384 14.17280144437319
0 COSMOS 2251 DEB
1 34790U 93036AAT 17239.47260595 +.00000224 +00000-0 +11642-3 0  9999
2 34790 074.0545 249.2882 0110347 324.0620 189.2445 14.17280495435970
0 COSMOS 2251 DEB
1 34790U 93036AAT 17239.80646414 +.00000256 +00000-0 +13153-3 0  9998
2 34790 074.0545 248.6943 0110356 323.3934 092.6528 14.17280715436022
0 COSMOS 2251 DEB
1 34790U 93036AAT 17240.08846983  .00000275  00000-0  14026-3 0  9994
2 34790  74.0545 248.1927 0110359 322.8276  91.5009 14.17280883437495
0 COSMOS 2251 DEB
1 34790U 93036AAT 17240.46036854 +.00000331 +00000-0 +16629-3 0  9998
2 34790 074.0545 247.5311 0110366 322.0809 189.0015 14.17281234436116
0 COSMOS 2251 DEB
1 34790U 93036AAT 17240.79482664 +.00000363 +00000-0 +18125-3 0  9996
2 34790 074.0545 246.9362 0110376 321.4131 095.4695 14.17281506436168
0 COSMOS 2251 DEB
1 34790U 93036AAT 17241.16151806  .00000394  00000-0  19579-3 0  9997
2 34790  74.0545 246.2839 0110382 320.6782 166.4013 14.17281828437644
0 COSMOS 2251 DEB
1 34790U 93036AAT 17241.36094016 +.00000427 +00000-0 +21105-3 0  9993
2 34790 074.0546 245.9292 0110387 320.2775 103.8930 14.17282053436246
0 COSMOS 2251 DEB
1 34790U 93036AAT 17242.06481253 +.00000478 +00000-0 +23484-3 0  9992
2 34790 074.0546 244.6771 0110401 318.8711 095.1856 14.17282705436349
0 COSMOS 2251 DEB
1 34790U 93036AAT 17242.43718811  .00000541  00000-0  26428-3 0  9998
2 34790  74.0546 244.0145 0110418 318.1273 195.1182 14.17283247437821
0 COSMOS 2251 DEB
1 34790U 93036AAT 17243.96544187  .00000589  00000-0  28678-3 0  9991
2 34790  74.0548 241.2962 0110451 315.0757  72.5706 14.17284745438048
0 COSMOS 2251 DEB
1 34790U 93036AAT 17243.96544187 +.00000589 +00000-0 +28678-3 0  9991
2 34790 074.0548 241.2962 0110451 315.0757 072.5706 14.17284745436619
0 COSMOS 2251 DEB
1 34790U 93036AAT 17245.02959637  .00000581  00000-0  28292-3 0  9994
2 34790  74.0549 239.4033 0110478 312.9446 102.1112 14.17285934438195
0 COSMOS 2251 DEB
1 34790U 93036AAT 17245.38525760 +.00000575 +00000-0 +27984-3 0  9999
2 34790 074.0549 238.7706 0110492 312.2346 116.7688 14.17286330436819
0 COSMOS 2251 DEB
1 34790U 93036AAT 17245.73536279 +.00000566 +00000-0 +27579-3 0  9995
2 34790 074.0550 238.1479 0110500 311.5334 103.0817 14.17286772436869
0 COSMOS 2251 DEB
1 34790U 93036AAT 17246.46367347  .00000521  00000-0  25480-3 0  9994
2 34790  74.0550 236.8522 0110520 310.0755 219.0814 14.17287512438394
0 COSMOS 2251 DEB
1 34790U 93036AAT 17246.79581567 +.00000495 +00000-0 +24276-3 0  9994
2 34790 074.0550 236.2614 0110525 309.4174 113.7373 14.17287835437018
0 COSMOS 2251 DEB
1 34790U 93036AAT 17247.36166847 +.00000452 +00000-0 +22266-3 0  9998
2 34790 074.0551 235.2549 0110543 308.2800 120.8488 14.17288383437091
0 COSMOS 2251 DEB
1 34790U 93036AAT 17247.71122317 +.00000413 +00000-0 +20452-3 0  9993
2 34790 074.0551 234.6331 0110548 307.5821 104.3534 14.17288653438576
0 COSMOS 2251 DEB
1 34790U 93036AAT 17248.70026722 +.00000344 +00000-0 +17243-3 0  9993
2 34790 074.0551 232.8735 0110584 305.5951 110.6876 14.17289600437285
0 COSMOS 2251 DEB
1 34790U 93036AAT 17249.42557507  .00000374  00000-0  18616-3 0  9991
2 34790  74.0552 231.5835 0110582 304.1450 211.3733 14.17290647438814
0 COSMOS 2251 DEB
1 34790U 93036AAT 17249.97172528 +.00000306 +00000-0 +15479-3 0  9996
2 34790 074.0552 230.6120 0110592 303.0521 117.9576 14.17290921437460
0 COSMOS 2251 DEB
1 34790U 93036AAT 17250.41361628 +.00000297 +00000-0 +15030-3 0  9990
2 34790 074.0553 229.8261 0110585 302.1715 212.5839 14.17291284437528
0 COSMOS 2251 DEB
1 34790U 93036AAT 17250.74820368  .00000320  00000-0  16137-3 0  9993
2 34790  74.0553 229.2309 0110586 301.5055 119.7235 14.17291756439003
0 COSMOS 2251 DEB
1 34790U 93036AAT 17251.73703463 +.00000344 +00000-0 +17244-3 0  9995
2 34790 074.0554 227.4720 0110590 299.5287 124.9694 14.17292787437717
0 COSMOS 2251 DEB
1 34790U 93036AAT 17252.38975965  .00000337  00000-0  16926-3 0  9993
2 34790  74.0554 226.3109 0110582 298.2238 215.3265 14.17293315439235
0 COSMOS 2251 DEB
1 34790U 93036AAT 17252.72312573 +.00000499 +00000-0 +24482-3 0  9996
2 34790 074.0554 225.7180 0110577 297.5589 116.2379 14.17294468437853
0 COSMOS 2251 DEB
1 34790U 93036AAT 17253.37797205 +.00000296 +00000-0 +14982-3 0  9996
2 34790 074.0554 224.5530 0110572 296.2540 217.4125 14.17293713437942
0 COSMOS 2251 DEB
1 34790U 93036AAT 17253.78506576  .00000280  00000-0  14245-3 0  9995
2 34790  74.0555 223.8289 0110573 295.4385 134.5029 14.17293892439431
0 COSMOS 2251 DEB
1 34790U 93036AAT 17254.36665687 +.00000315 +00000-0 +15887-3 0  9991
2 34790 074.0555 222.7943 0110560 294.2806 221.9140 14.17294406438084
0 COSMOS 2251 DEB
1 34790U 93036AAT 17254.90646236 +.00000297 +00000-0 +15030-3 0  9999
2 34790 074.0556 221.8342 0110551 293.2022 096.1292 14.17294593438163
0 COSMOS 2251 DEB
1 34790U 93036AAT 17254.98213090  .00000296  00000-0  15014-3 0  9996
2 34790  74.0556 221.6996 0110548 293.0513 122.2078 14.17294635439605
0 COSMOS 2251 DEB
1 34790U 93036AAT 17255.35389062 +.00000361 +00000-0 +18015-3 0  9998
2 34790 074.0557 221.0383 0110544 292.3101 219.0129 14.17295151438224
0 COSMOS 2251 DEB
1 34790U 93036AAT 17255.97063953 +.00000356 +00000-0 +17814-3 0  9994
2 34790 074.0558 219.9413 0110529 291.0736 125.8184 14.17295516438318
0 COSMOS 2251 DEB
1 34790U 93036AAT 17256.34217076  .00000425  00000-0  20991-3 0  9990
2 34790  74.0558 219.2804 0110518 290.3324 221.4596 14.17296093439792
0 COSMOS 2251 DEB
1 34790U 93036AAT 17256.88266939 +.00000376 +00000-0 +18718-3 0  9990
2 34790 074.0559 218.3190 0110502 289.2538 099.2118 14.17296086438442
0 COSMOS 2251 DEB
1 34790U 93036AAT 17257.33048813 +.00000392 +00000-0 +19464-3 0  9997
2 34790 074.0560 217.5225 0110496 288.3628 224.0876 14.17296388438507
0 COSMOS 2251 DEB
1 34790U 93036AAT 17257.66403212  .00000412  00000-0  20405-3 0  9991
2 34790  74.0561 216.9292 0110486 287.6948 125.9124 14.17296710439988
0 COSMOS 2251 DEB
1 34790U 93036AAT 17257.94677909 +.00000433 +00000-0 +21389-3 0  9993
2 34790 074.0561 216.4262 0110468 287.1282 128.5587 14.17297024438593
0 COSMOS 2251 DEB
1 34790U 93036AAT 17258.31892571 +.00000463 +00000-0 +22764-3 0  9990
2 34790 074.0562 215.7643 0110465 286.3903 227.3368 14.17297408438644
0 COSMOS 2251 DEB
1 34790U 93036AAT 17258.93495459  .00000469  00000-0  23063-3 0  9991
2 34790  74.0562 214.6686 0110443 285.1602 130.4684 14.17297885440162
0 COSMOS 2251 DEB
1 34790U 93036AAT 17258.93495459 +.00000469 +00000-0 +23063-3 0  9991
2 34790 074.0562 214.6686 0110443 285.1602 130.4684 14.17297885438732
0 COSMOS 2251 DEB
1 34790U 93036AAT 17259.92447797 +.00000507 +00000-0 +24840-3 0  9990
2 34790 074.0565 212.9088 0110425 283.1916 139.2570 14.17298900438873
0 COSMOS 2251 DEB
1 34790U 93036AAT 17260.29464035  .00000512  00000-0  25087-3 0  9996
2 34790  74.0565 212.2504 0110418 282.4544 227.9170 14.17299233440357
0 COSMOS 2251 DEB
1 34790U 93036AAT 17260.91371808 +.00000500 +00000-0 +24506-3 0  9992
2 34790 074.0566 211.1494 0110412 281.2170 146.6106 14.17299790439015
0 COSMOS 2251 DEB
1 34790U 93036AAT 17261.28362209 +.00000488 +00000-0 +23938-3 0  9991
2 34790 074.0567 210.4917 0110408 280.4871 233.9468 14.17300071439063
0 COSMOS 2251 DEB
1 34790U 93036AAT 17261.89933779  .00000459  00000-0  22597-3 0  9992
2 34790  74.0568 209.3966 0110386 279.2601 135.4854 14.17300599440586
0 COSMOS 2251 DEB
1 34790U 93036AAT 17262.25507097 +.00000448 +00000-0 +22099-3 0  9998
2 34790 074.0568 208.7639 0110380 278.5520 150.5267 14.17300913439205
0 COSMOS 2251 DEB
1 34790U 93036AAT 17262.88750928 +.00000429 +00000-0 +21212-3 0  9995
2 34790 074.0568 207.6389 0110371 277.2900 137.3935 14.17301610439292
0 COSMOS 2251 DEB
1 34790U 93036AAT 17263.59392966 +.00000378 +00000-0 +18828-3 0  9990
2 34790 074.0569 206.3826 0110355 275.8812 141.7358 14.17302101439398
0 COSMOS 2251 DEB
1 34790U 93036AAT 17263.87772113 +.00000358 +00000-0 +17894-3 0  9997
2 34790 074.0570 205.8779 0110342 275.3141 149.7160 14.17302321439435
0 COSMOS 2251 DEB
1 34790U 93036AAT 17263.95789404 +.00000355 +00000-0 +17733-3 0  9996
2 34790 074.0570 205.7353 0110336 275.1538 198.7800 14.17302401439448
0 COSMOS 2251 DEB
1 34790U 93036AAT 17264.93608499  .00000278  00000-0  14172-3 0  9997
2 34790  74.0571 203.9955 0110305 273.2013 149.7722 14.17302988441015
0 COSMOS 2251 DEB
1 34790U 93036AAT 17264.93608499 +.00000278 +00000-0 +14172-3 0  9997
2 34790 074.0571 203.9955 0110305 273.2013 149.7722 14.17302988439584
0 COSMOS 2251 DEB
1 34790U 93036AAT 17265.85302245 +.00000216 +00000-0 +11290-3 0  9999
2 34790 074.0572 202.3646 0110290 271.3695 148.2359 14.17303476439711
0 COSMOS 2251 DEB
1 34790U 93036AAT 17266.29539663  .00000217  00000-0  11329-3 0  9998
2 34790  74.0572 201.5778 0110274 270.4897 245.3461 14.17303844441203
0 COSMOS 2251 DEB
1 34790U 93036AAT 17266.83533351 +.00000203 +00000-0 +10683-3 0  9993
2 34790 074.0573 200.6175 0110262 269.4062 120.2580 14.17304255439852
0 COSMOS 2251 DEB
1 34790U 93036AAT 17267.28347333 +.00000194 +00000-0 +10260-3 0  9996
2 34790 074.0573 199.8204 0110248 268.5117 246.7898 14.17304494439917
0 COSMOS 2251 DEB
1 34790U 93036AAT 17267.82377215  .00000175  00000-0  93617-4 0  9995
2 34790  74.0573 198.8595 0110228 267.4289 123.5467 14.17304745441427
0 COSMOS 2251 DEB
1 34790U 93036AAT 17267.91094146 +.00000172 +00000-0 +92100-4 0  9997
2 34790 074.0573 198.7044 0110227 267.2537 208.3095 14.17304770440008
0 COSMOS 2251 DEB
1 34790U 93036AAT 17268.27278535 +.00000181 +00000-0 +96650-4 0  9997
2 34790 074.0574 198.0609 0110215 266.5283 254.5392 14.17304988440055
0 COSMOS 2251 DEB
1 34790U 93036AAT 17268.88889299  .00000152  00000-0  82886-4 0  9993
2 34790  74.0574 196.9651 0110186 265.2932 158.0949 14.17305135441572
0 COSMOS 2251 DEB
1 34790U 93036AAT 17269.59286191 +.00000166 +00000-0 +89595-4 0  9993
2 34790 074.0575 195.7131 0110155 263.8812 149.9442 14.17305441440240
0 COSMOS 2251 DEB
1 34790U 93036AAT 17269.96057543  .00000169  00000-0  90607-4 0  9990
2 34790  74.0575 195.0591 0110139 263.1408 226.1264 14.17305596441724
0 COSMOS 2251 DEB
1 34790U 93036AAT 17270.58387949 +.00000209 +00000-0 +10966-3 0  9990
2 34790 074.0575 193.9505 0110116 261.8925 166.4005 14.17306045440380
0 COSMOS 2251 DEB
1 34790U 93036AAT 17270.78806576 +.00000210 +00000-0 +10996-3 0  9999
2 34790 074.0575 193.5873 0110106 261.4816 128.2188 14.17306138440413
0 COSMOS 2251 DEB
1 34790U 93036AAT 17271.23572234  .00000296  00000-0  14990-3 0  9993
2 34790  74.0575 192.7911 0110086 260.5839 252.2920 14.17306791441901
0 COSMOS 2251 DEB
1 34790U 93036AAT 17272.84026615  .00000319  00000-0  16053-3 0  9996
2 34790  74.0575 189.9374 0110001 257.3597 159.1452 14.17307594442137
0 COSMOS 2251 DEB
1 34790U 93036AAT 17273.54569344 +.00000366 +00000-0 +18275-3 0  9995
2 34790 074.0575 188.6827 0109962 255.9418 158.4446 14.17308177440801
0 COSMOS 2251 DEB
1 34790U 93036AAT 17273.75239473 +.00000375 +00000-0 +18708-3 0  9996
2 34790 074.0575 188.3152 0109952 255.5248 133.0978 14.17308351440831
0 COSMOS 2251 DEB
1 34790U 93036AAT 17274.19373630  .00000394  00000-0  19564-3 0  9991
2 34790  74.0575 187.5302 0109936 254.6407 224.9513 14.17308679442322
0 COSMOS 2251 DEB
1 34790U 93036AAT 17274.47539677 +.00000397 +00000-0 +19718-3 0  9991
2 34790 074.0575 187.0293 0109919 254.0757 222.0661 14.17308848440935
0 COSMOS 2251 DEB
1 34790U 93036AAT 17274.89891368 +.00000415 +00000-0 +20540-3 0  9991
2 34790 074.0575 186.2760 0109899 253.2234 222.9781 14.17309227440993
0 COSMOS 2251 DEB
1 34790U 93036AAT 17275.52206578  .00000432  00000-0  21325-3 0  9996
2 34790  74.0575 185.1677 0109869 251.9712 162.4882 14.17309707442514
0 COSMOS 2251 DEB
1 34790U 93036AAT 17276.45282587 +.00000440 +00000-0 +21700-3 0  9999
2 34790 074.0574 183.5123 0109823 250.1039 231.5066 14.17310423441219
0 COSMOS 2251 DEB
1 34790U 93036AAT 17277.86344172 +.00000448 +00000-0 +22096-3 0  9991
2 34790 074.0574 181.0035 0109743 247.2702 228.9036 14.17311665441417
0 COSMOS 2251 DEB
1 34790U 93036AAT 17278.76915802 +.00000448 +00000-0 +22106-3 0  9997
2 34790 074.0574 179.3927 0109690 245.4517 170.1504 14.17312514441548
0 COSMOS 2251 DEB
1 34790U 93036AAT 17279.41767451  .00000440  00000-0  21729-3 0  9997
2 34790  74.0574 178.2393 0109657 244.1511 239.0842 14.17313104443061
0 COSMOS 2251 DEB
1 34790U 93036AAT 17280.53654515  .00000405  00000-0  20105-3 0  9996
2 34790  74.0573 176.2493 0109606 241.9057 187.9172 14.17314091443224
0 COSMOS 2251 DEB
1 34790U 93036AAT 17281.19031049 +.00000357 +00000-0 +17867-3 0  9997
2 34790 074.0574 175.0866 0109589 240.5953 283.6353 14.17314498441882
0 COSMOS 2251 DEB
1 34790U 93036AAT 17282.79414271  .00000213  00000-0  11116-3 0  9998
2 34790  74.0573 172.2340 0109523 237.3692 186.9096 14.17315104443548
0 COSMOS 2251 DEB
1 34790U 93036AAT 17283.78201920 +.00000170 +00000-0 +91293-4 0  9990
2 34790 074.0572 170.4770 0109485 235.3833 187.3788 14.17315587442251
0 COSMOS 2251 DEB
1 34790U 93036AAT 17284.15304310  .00000162  00000-0  87556-4 0  9997
2 34790  74.0571 169.8171 0109460 234.6393 280.4627 14.17315774443732
0 COSMOS 2251 DEB
1 34790U 93036AAT 17284.77033666 +.00000190 +00000-0 +10061-3 0  9995
2 34790 074.0570 168.7192 0109443 233.3930 190.1058 14.17316455442399
0 COSMOS 2251 DEB
1 34790U 93036AAT 17285.34602117  .00000160  00000-0  86360-4 0  9995
2 34790  74.0569 167.6952 0109426 232.2382 247.4330 14.17316419443906
0 COSMOS 2251 DEB
1 34790U 93036AAT 17285.68142154 +.00000148 +00000-0 +81001-4 0  9995
2 34790 074.0569 167.0987 0109411 231.5575 158.7627 14.17316506442525
0 COSMOS 2251 DEB
1 34790U 93036AAT 17286.33397372 +.00000141 +00000-0 +77835-4 0  9995
2 34790 074.0567 165.9380 0109382 230.2442 248.3003 14.17316665442613
0 COSMOS 2251 DEB
1 34790U 93036AAT 17288.10523966  .00000185  00000-0  98153-4 0  9996
2 34790  74.0564 162.7875 0109301 226.6648 285.9039 14.17317378444296
0 COSMOS 2251 DEB
1 34790U 93036AAT 17288.64589969 +.00000193 +00000-0 +10177-3 0  9998
2 34790 074.0563 161.8259 0109277 225.5698 164.5383 14.17317535442945
0 COSMOS 2251 DEB
1 34790U 93036AAT 17289.09334973 +.00000217 +00000-0 +11327-3 0  9996
2 34790 074.0562 161.0299 0109317 224.6787 287.5696 14.17317781443008
0 COSMOS 2251 DEB
1 34790U 93036AAT 17289.79263817  .00000255  00000-0  13099-3 0  9991
2 34790  74.0563 159.7862 0109217 223.2493 255.5957 14.17318194444530
0 COSMOS 2251 DEB
1 34790U 93036AAT 17290.62214726 +.00000297 +00000-0 +15062-3 0  9998
2 34790 074.0561 158.3107 0109190 221.5714 168.0392 14.17318674443221
0 COSMOS 2251 DEB
1 34790U 93036AAT 17291.61015764  .00000348  00000-0  17411-3 0  9996
2 34790  74.0559 156.5533 0109148 219.5760 169.2107 14.17319346444799
0 COSMOS 2251 DEB
1 34790U 93036AAT 17291.61015764 +.00000348 +00000-0 +17411-3 0  9996
2 34790 074.0559 156.5533 0109148 219.5760 169.2107 14.17319346443361
0 COSMOS 2251 DEB
1 34790U 93036AAT 17292.75903244  .00000409  00000-0  20264-3 0  9999
2 34790  74.0558 154.5098 0109108 217.2542 271.1756 14.17320414444950
0 COSMOS 2251 DEB
1 34790U 93036AAT 17293.04595542 +.00000424 +00000-0 +20946-3 0  9994
2 34790 074.0558 153.9994 0109089 216.6743 295.1582 14.17320668443562
0 COSMOS 2251 DEB
1 34790U 93036AAT 17294.03443451  .00000454  00000-0  22340-3 0  9998
2 34790  74.0555 152.2410 0109049 214.6778 298.7311 14.17321630445130
0 COSMOS 2251 DEB
1 34790U 93036AAT 17294.65063848 +.00000455 +00000-0 +22418-3 0  9991
2 34790 074.0557 151.1452 0108901 213.4015 202.8549 14.17322179443791
0 COSMOS 2251 DEB
1 34790U 93036AAT 17295.56234806  .00000455  00000-0  22403-3 0  9990
2 34790  74.0559 149.5234 0108895 211.5780 174.7106 14.17323127445356
0 COSMOS 2251 DEB
1 34790U 93036AAT 17295.72082748 +.00000447 +00000-0 +22054-3 0  9997
2 34790 074.0559 149.2414 0108890 211.2581 263.3304 14.17323261443941
0 COSMOS 2251 DEB
1 34790U 93036AAT 17296.28713227 +.00000431 +00000-0 +21312-3 0  9991
2 34790 074.0558 148.2339 0108898 210.1088 272.8299 14.17323712444022
0 COSMOS 2251 DEB
1 34790U 93036AAT 17296.99328896  .00000411  00000-0  20339-3 0  9999
2 34790  74.0554 146.9779 0108887 208.7033 275.8810 14.17324369445552
0 COSMOS 2251 DEB
1 34790U 93036AAT 17297.61030091 +.00000416 +00000-0 +20580-3 0  9999
2 34790 074.0554 145.8804 0108903 207.4441 184.1178 14.17325052444218
0 COSMOS 2251 DEB
1 34790U 93036AAT 17297.76995712 +.00000406 +00000-0 +20131-3 0  9996
2 34790 074.0554 145.5963 0108895 207.1243 278.7404 14.17325156444237
0 COSMOS 2251 DEB
1 34790U 93036AAT 17298.39314743  .00000400  00000-0  19828-3 0  9990
2 34790  74.0553 144.4878 0108855 205.8731 218.4824 14.17325789445759
0 COSMOS 2251 DEB
1 34790U 93036AAT 17298.96961714 +.00000364 +00000-0 +18156-3 0  9991
2 34790 074.0553 143.4624 0108828 204.7136 279.8421 14.17326179444403
0 COSMOS 2251 DEB
1 34790U 93036AAT 17299.04088260 +.00000366 +00000-0 +18250-3 0  9994
2 34790 074.0553 143.3356 0108826 204.5679 283.4671 14.17326273444416
0 COSMOS 2251 DEB
1 34790U 93036AAT 17300.65164271  .00000282  00000-0  14343-3 0  9997
2 34790  74.0552 140.4703 0108724 201.3221 222.1647 14.17327239446074
0 COSMOS 2251 DEB
1 34790U 93036AAT 17300.93496679 +.00000267 +00000-0 +13647-3 0  9997
2 34790 074.0551 139.9663 0108713 200.7505 227.7906 14.17327324444686
0 COSMOS 2251 DEB
1 34790U 93036AAT 17301.56922896 +.00000240 +00000-0 +12386-3 0  9992
2 34790 074.0551 138.8380 0108689 199.4681 224.0381 14.17327621444778
0 COSMOS 2251 DEB
1 34790U 93036AAT 17302.00448506  .00000241  00000-0  12429-3 0  9992
2 34790  74.0551 138.0637 0108667 198.5856 284.8840 14.17327903446268
0 COSMOS 2251 DEB
1 34790U 93036AAT 17302.62819534 +.00000238 +00000-0 +12287-3 0  9991
2 34790 074.0550 136.9543 0108644 197.3255 227.2924 14.17328287444926
0 COSMOS 2251 DEB
1 34790U 93036AAT 17302.70996666 +.00000242 +00000-0 +12441-3 0  9999
2 34790 074.0550 136.8088 0108638 197.1598 284.5217 14.17328351444934
0 COSMOS 2251 DEB
1 34790U 93036AAT 17303.33215042  .00000246  00000-0  12649-3 0  9995
2 34790  74.0549 135.7020 0108619 195.9041 219.1404 14.17328705446458
0 COSMOS 2251 DEB
1 34790U 93036AAT 17303.61745713 +.00000238 +00000-0 +12281-3 0  9992
2 34790 074.0549 135.1944 0108599 195.3227 234.8893 14.17328804445066
0 COSMOS 2251 DEB
1 34790U 93036AAT 17304.32328559 +.00000264 +00000-0 +13506-3 0  9996
2 34790 074.0548 133.9389 0108590 193.9003 236.2948 14.17329311445163
0 COSMOS 2251 DEB
1 34790U 93036AAT 17304.88749167  .00000276  00000-0  14026-3 0  9990
2 34790  74.0548 132.9353 0108574 192.7612 235.0910 14.17329636446671
0 COSMOS 2251 DEB
1 34790U 93036AAT 17305.59116097 +.00000294 +00000-0 +14901-3 0  9991
2 34790 074.0548 131.6835 0108555 191.3385 225.4855 14.17330103445348
0 COSMOS 2251 DEB
1 34790U 93036AAT 17305.95722249  .00000314  00000-0  15808-3 0  9993
2 34790  74.0547 131.0323 0108562 190.5991 293.2735 14.17330364446828
0 COSMOS 2251 DEB
1 34790U 93036AAT 17305.95722249 +.00000314 +00000-0 +15808-3 0  9993
2 34790 074.0547 131.0323 0108562 190.5991 293.2735 14.17330364445399
0 COSMOS 2251 DEB
1 34790U 93036AAT 17306.57921196 +.00000336 +00000-0 +16833-3 0  9997
2 34790 074.0547 129.9259 0108544 189.3405 226.9082 14.17330832445487
0 COSMOS 2251 DEB
1 34790U 93036AAT 17306.94511587 +.00000358 +00000-0 +17891-3 0  9996
2 34790 074.0547 129.2750 0108527 188.6022 293.8921 14.17331131445538
0 COSMOS 2251 DEB
1 34790U 93036AAT 17307.56916940 +.00000392 +00000-0 +19458-3 0  9996
2 34790 074.0547 128.1649 0108504 187.3403 238.0596 14.17331723447052
0 COSMOS 2251 DEB
1 34790U 93036AAT 17307.93900388 +.00000413 +00000-0 +20431-3 0  9993
2 34790 074.0548 127.5070 0108488 186.5943 325.0998 14.17332047445674
0 COSMOS 2251 DEB
1 34790U 93036AAT 17308.63044145 +.00000449 +00000-0 +22115-3 0  9991
2 34790 074.0548 126.2771 0108456 185.1969 253.0892 14.17332772445775
0 COSMOS 2251 DEB
1 34790U 93036AAT 17308.83957441  .00000459  00000-0  22606-3 0  9991
2 34790  74.0549 125.9051 0108446 184.7760 240.1669 14.17332958447234
0 COSMOS 2251 DEB
1 34790U 93036AAT 17308.92149675 +.00000471 +00000-0 +23161-3 0  9994
2 34790 074.0549 125.7594 0108439 184.6103 298.1677 14.17333096445814
0 COSMOS 2251 DEB
1 34790U 93036AAT 17309.54368024 +.00000487 +00000-0 +23883-3 0  9992
2 34790 074.0549 124.6525 0108412 183.3488 232.8009 14.17333681445903
0 COSMOS 2251 DEB
1 34790U 93036AAT 17309.62546181 +.00000489 +00000-0 +23966-3 0  9997
2 34790 074.0549 124.5071 0108408 183.1860 290.0807 14.17333744445918
0 COSMOS 2251 DEB
1 34790U 93036AAT 17310.53192200  .00000530  00000-0  25892-3 0  9995
2 34790  74.0549 122.8946 0108367 181.3539 235.2066 14.17334769447476
0 COSMOS 2251 DEB
1 34790U 93036AAT 17310.89788873 +.00000492 +00000-0 +24122-3 0  9993
2 34790 074.0549 122.2435 0108353 180.6157 302.5160 14.17334886446096
0 COSMOS 2251 DEB
1 34790U 93036AAT 17311.88589291  .00000562  00000-0  27376-3 0  9998
2 34790  74.0549 120.4859 0108305 178.6188 303.7184 14.17336299447667
0 COSMOS 2251 DEB
1 34790U 93036AAT 17312.22558766 +.00000590 +00000-0 +28679-3 0  9998
2 34790 074.0549 119.8815 0108282 177.9350 236.9779 14.17336789446286
0 COSMOS 2251 DEB
1 34790U 93036AAT 17312.66426281 +.00000559 +00000-0 +27256-3 0  9997
2 34790 074.0549 119.1012 0108267 177.0592 315.2696 14.17337140446348
0 COSMOS 2251 DEB
1 34790U 93036AAT 17313.49734979 +.00000528 +00000-0 +25781-3 0  9992
2 34790 074.0550 117.6192 0108219 175.4031 245.9992 14.17337966446466
0 COSMOS 2251 DEB
1 34790U 93036AAT 17313.65113480  .00000517  00000-0  25281-3 0  9991
2 34790  74.0550 117.3457 0108214 175.0904 310.6767 14.17338086447912
0 COSMOS 2251 DEB
1 34790U 93036AAT 17314.55780737 +.00000450 +00000-0 +22163-3 0  9998
2 34790 074.0551 115.7329 0108170 173.2770 256.8824 14.17338784446611
0 COSMOS 2251 DEB
1 34790U 93036AAT 17314.92141848  .00000416  00000-0  20579-3 0  9994
2 34790  74.0552 115.0860 0108153 172.5272 312.1955 14.17339038448093
0 COSMOS 2251 DEB
1 34790U 93036AAT 17314.92141848 +.00000416 +00000-0 +20579-3 0  9994
2 34790 074.0552 115.0860 0108153 172.5272 312.1955 14.17339038446664
0 COSMOS 2251 DEB
1 34790U 93036AAT 17315.91555705 +.00000450 +00000-0 +22153-3 0  9993
2 34790 074.0552 113.3175 0108105 170.5237 344.7057 14.17340199446800
0 COSMOS 2251 DEB
1 34790U 93036AAT 17316.53265634  .00000311  00000-0  15677-3 0  9990
2 34790  74.0554 112.2197 0108080 169.2965 253.3919 14.17340230448326
0 COSMOS 2251 DEB
1 34790U 93036AAT 17316.90443316 +.00000301 +00000-0 +15193-3 0  9998
2 34790 074.0554 111.5584 0108062 168.5428 350.3590 14.17340529446944
0 COSMOS 2251 DEB
1 34790U 93036AAT 17317.52191029 +.00000267 +00000-0 +13601-3 0  9991
2 34790 074.0555 110.4600 0108038 167.3053 260.9826 14.17340946447038
0 COSMOS 2251 DEB
1 34790U 93036AAT 17318.43232296  .00000248  00000-0  12729-3 0  9993
2 34790  74.0556 108.8406 0107990 165.4760 226.2898 14.17341573448597
0 COSMOS 2251 DEB
1 34790U 93036AAT 17318.51876812 +.00000244 +00000-0 +12527-3 0  9992
2 34790 074.0556 108.6869 0107982 165.3047 307.3669 14.17341607447174
0 COSMOS 2251 DEB
1 34790U 93036AAT 17318.87379955 +.00000242 +00000-0 +12446-3 0  9995
2 34790 074.0557 108.0553 0107963 164.5899 318.8880 14.17341833447223
0 COSMOS 2251 DEB
1 34790U 93036AAT 17319.49760549  .00000245  00000-0  12561-3 0  9998
2 34790  74.0558 106.9457 0107943 163.3325 261.8127 14.17342259448745
0 COSMOS 2251 DEB
1 34790U 93036AAT 17320.56932410 +.00000268 +00000-0 +13661-3 0  9993
2 34790 074.0559 105.0393 0107899 161.1742 330.1793 14.17342992447465
0 COSMOS 2251 DEB
1 34790U 93036AAT 17320.84962314  .00000281  00000-0  14284-3 0  9997
2 34790  74.0559 104.5407 0107880 160.6113 320.3834 14.17343202448936
0 COSMOS 2251 DEB
1 34790U 93036AAT 17321.47235676 +.00000298 +00000-0 +15052-3 0  9993
2 34790 074.0560 103.4330 0107853 159.3589 257.8360 14.17343623447599
0 COSMOS 2251 DEB
1 34790U 93036AAT 17321.83755080 +.00000320 +00000-0 +16082-3 0  9999
2 34790 074.0560 102.7835 0107837 158.6196 321.2170 14.17343915447644
0 COSMOS 2251 DEB
1 34790U 93036AAT 17322.17825799  .00000336  00000-0  16824-3 0  9993
2 34790  74.0561 102.1774 0107817 157.9342 259.6516 14.17344195449128
0 COSMOS 2251 DEB
1 34790U 93036AAT 17322.54451512 +.00000360 +00000-0 +17941-3 0  9990
2 34790 074.0561 101.5259 0107800 157.2015 328.4488 14.17344525447747
0 COSMOS 2251 DEB
1 34790U 93036AAT 17323.53229515  .00000417  00000-0  20611-3 0  9997
2 34790  74.0562  99.7689 0107744 155.2099 328.5331 14.17345369449310
0 COSMOS 2251 DEB
1 34790U 93036AAT 17323.73248934 +.00000435 +00000-0 +21432-3 0  9997
2 34790 074.0563 099.4128 0107732 154.8065 270.0114 14.17345570447919
0 COSMOS 2251 DEB
1 34790U 93036AAT 17324.15431654 +.00000407 +00000-0 +20167-3 0  9990
2 34790 074.0563 098.6625 0107706 153.9538 262.3608 14.17345684447972
0 COSMOS 2251 DEB
1 34790U 93036AAT 17325.50766061  .00000542  00000-0  26453-3 0  9997
2 34790  74.0565  96.2552 0107635 151.2217 327.7249 14.17347428449598
0 COSMOS 2251 DEB
1 34790U 93036AAT 17325.79075083 +.00000561 +00000-0 +27314-3 0  9993
2 34790 074.0566 095.7516 0107619 150.6483 332.1802 14.17347765448209
0 COSMOS 2251 DEB
1 34790U 93036AAT 17326.48647307 +.00000583 +00000-0 +28375-3 0  9996
2 34790 074.0567 094.5141 0107568 149.2414 282.0715 14.17348571448305
0 COSMOS 2251 DEB
1 34790U 93036AAT 17326.77862708  .00000587  00000-0  28572-3 0  9995
2 34790  74.0567  93.9944 0107550 148.6509 332.7742 14.17348858449771
0 COSMOS 2251 DEB
1 34790U 93036AAT 17327.40124803 +.00000546 +00000-0 +26618-3 0  9997
2 34790 074.0567 092.8870 0107530 147.3840 269.6782 14.17349213448439
0 COSMOS 2251 DEB
1 34790U 93036AAT 17328.18099203  .00000558  00000-0  27184-3 0  9990
2 34790  74.0569  91.5000 0107468 145.8101 288.2907 14.17350239449971
0 COSMOS 2251 DEB
1 34790U 93036AAT 17328.38928950 +.00000549 +00000-0 +26767-3 0  9998
2 34790 074.0569 091.1295 0107462 145.3849 271.1253 14.17350469448576
0 COSMOS 2251 DEB
1 34790U 93036AAT 17329.53239819  .00000506  00000-0  24760-3 0  9999
2 34790  74.0571  89.0963 0107385 143.0780 343.7968 14.17351750450161
0 COSMOS 2251 DEB
1 34790U 93036AAT 17330.52038699 +.00000439 +00000-0 +21637-3 0  9998
2 34790 074.0573 087.3389 0107320 141.0758 344.9877 14.17352751448877
0 COSMOS 2251 DEB
1 34790U 93036AAT 17330.73262215  .00000438  00000-0  21588-3 0  9998
2 34790  74.0572  86.9613 0107307 140.6444 347.9142 14.17352992450332
0 COSMOS 2251 DEB
1 34790U 93036AAT 17331.79683338  .00000362  00000-0  18062-3 0  9997
2 34790  74.0574  85.0684 0107239 138.4906  18.0309 14.17354012450486
0 COSMOS 2251 DEB
1 34790U 93036AAT 17332.49702977 +.00000322 +00000-0 +16185-3 0  9996
2 34790 074.0574 083.8230 0107198 137.0718 350.7728 14.17354665449156
0 COSMOS 2251 DEB
1 34790U 93036AAT 17333.40321700  .00000243  00000-0  12461-3 0  9994
2 34790  74.0575  82.2112 0107146 135.2330 294.5830 14.17355164450710
0 COSMOS 2251 DEB
1 34790U 93036AAT 17333.76653801 +.00000225 +00000-0 +11641-3 0  9992
2 34790 074.0575 081.5650 0107110 134.4989 348.4213 14.17355363449332
0 COSMOS 2251 DEB
1 34790U 93036AAT 17334.39016375 +.00000197 +00000-0 +10327-3 0  9999
2 34790 074.0576 080.4557 0107065 133.2528 290.4471 14.17355735449427
0 COSMOS 2251 DEB
1 34790U 93036AAT 17334.75458160  .00000173  00000-0  92195-4 0  9999
2 34790  74.0577  79.8076 0107030 132.5180 349.8807 14.17355810450905
0 COSMOS 2251 DEB
1 34790U 93036AAT 17335.45985551 +.00000148 +00000-0 +80355-4 0  9993
2 34790 074.0577 078.5531 0106975 131.0896 348.5319 14.17356074449570
0 COSMOS 2251 DEB
1 34790U 93036AAT 17335.74259035 +.00000146 +00000-0 +79632-4 0  9990
2 34790 074.0577 078.0502 0106956 130.5169 351.1828 14.17356177449613
0 COSMOS 2251 DEB
1 34790U 93036AAT 17336.08428160  .00000154  00000-0  83354-4 0  9990
2 34790  74.0577  77.4424 0106932 129.8244 294.6589 14.17356370451093
0 COSMOS 2251 DEB
1 34790U 93036AAT 17336.44950980 +.00000155 +00000-0 +83819-4 0  9997
2 34790 074.0577 076.7928 0106900 129.0843 358.2318 14.17356516449711
0 COSMOS 2251 DEB
1 34790U 93036AAT 17336.73657333 +.00000151 +00000-0 +81595-4 0  9990
2 34790 074.0576 076.2821 0106877 128.5025 022.9701 14.17356549449757
0 COSMOS 2251 DEB
1 34790U 93036AAT 17337.72490427  .00000176  00000-0  93678-4 0  9991
2 34790  74.0577  74.5242 0106817 126.4957  25.9224 14.17356944451329
0 COSMOS 2251 DEB
1 34790U 93036AAT 17338.49634503 +.00000221 +00000-0 +11464-3 0  9994
2 34790 074.0577 073.1522 0106776 124.9313 002.1929 14.17357376450001
0 COSMOS 2251 DEB
1 34790U 93036AAT 17339.33111642  .00000283  00000-0  14349-3 0  9995
2 34790  74.0577  71.6674 0106730 123.2330 301.6139 14.17357947451558
0 COSMOS 2251 DEB
1 34790U 93036AAT 17339.69496309 +.00000309 +00000-0 +15572-3 0  9998
2 34790 074.0578 071.0203 0106694 122.4895 358.1450 14.17358178450174
0 COSMOS 2251 DEB
1 34790U 93036AAT 17340.47305535  .00000371  00000-0  18482-3 0  9998
2 34790  74.0578  69.6364 0106663 120.9031   8.3669 14.17358845451714
0 COSMOS 2251 DEB
1 34790U 93036AAT 17340.68884690 +.00000381 +00000-0 +18936-3 0  9990
2 34790 074.0579 069.2526 0106657 120.4618 029.4463 14.17358987450318
0 COSMOS 2251 DEB
1 34790U 93036AAT 17341.30591309 +.00000432 +00000-0 +21307-3 0  9995
2 34790 074.0579 068.1551 0106611 119.2007 298.0366 14.17359647450402
0 COSMOS 2251 DEB
1 34790U 93036AAT 17341.38143137 +.00000441 +00000-0 +21749-3 0  9995
2 34790 074.0580 068.0208 0106613 119.0487 323.3677 14.17359745450411
0 COSMOS 2251 DEB
1 34790U 93036AAT 17341.67694738 +.00000457 +00000-0 +22505-3 0  9993
2 34790 074.0580 067.4952 0106592 118.4447 031.2431 14.17359984450457
0 COSMOS 2251 DEB
1 34790U 93036AAT 17342.29386928 +.00000490 +00000-0 +24026-3 0  9998
2 34790 074.0580 066.3979 0106565 117.1855 299.0981 14.17360652450541
0 COSMOS 2251 DEB
1 34790U 93036AAT 17342.44994293  .00000494  00000-0  24215-3 0  9999
2 34790  74.0581  66.1203 0106551 116.8676  15.4659 14.17360777451992
0 COSMOS 2251 DEB
1 34790U 93036AAT 17342.65995453 +.00000498 +00000-0 +24410-3 0  9992
2 34790 074.0581 065.7468 0106543 116.4378 007.0553 14.17360967450592
0 COSMOS 2251 DEB
1 34790U 93036AAT 17343.28198628 +.00000504 +00000-0 +24672-3 0  9999
2 34790 074.0581 064.6404 0106520 115.1658 300.9878 14.17361566450683
0 COSMOS 2251 DEB
1 34790U 93036AAT 17343.65329678  .00000496  00000-0  24329-3 0  9990
2 34790  74.0581  63.9799 0106491 114.4077  35.6082 14.17361849452164
0 COSMOS 2251 DEB
1 34790U 93036AAT 17343.92951654 +.00000490 +00000-0 +24047-3 0  9996
2 34790 074.0581 063.4886 0106482 113.8418 005.0287 14.17362122450776
0 COSMOS 2251 DEB
1 34790U 93036AAT 17344.63649547 +.00000479 +00000-0 +23513-3 0  9994
2 34790 074.0582 062.2311 0106453 112.3972 012.4091 14.17362801450874
0 COSMOS 2251 DEB
1 34790U 93036AAT 17344.91797775 +.00000453 +00000-0 +22306-3 0  9993
2 34790 074.0582 061.7305 0106443 111.8214 008.6818 14.17362983450913
0 COSMOS 2251 DEB
1 34790U 93036AAT 17345.18228382  .00000441  00000-0  21733-3 0  9996
2 34790  74.0581  61.2603 0106426 111.2830 277.3104 14.17363227452385
0 COSMOS 2251 DEB
1 34790U 93036AAT 17345.41302435 +.00000444 +00000-0 +21875-3 0  9994
2 34790 074.0582 060.8499 0106412 110.8125 014.6707 14.17363502450982
0 COSMOS 2251 DEB
1 34790U 93036AAT 17345.90628649 +.00000427 +00000-0 +21098-3 0  9994
2 34790 074.0582 059.9726 0106382 109.8009 011.5619 14.17364004451054
0 COSMOS 2251 DEB
1 34790U 93036AAT 17346.03716073 +.00000408 +00000-0 +20186-3 0  9994
2 34790 074.0582 059.7398 0106372 109.5321 319.3537 14.17364050451071
0 COSMOS 2251 DEB
1 34790U 93036AAT 17346.68358738  .00000385  00000-0  19100-3 0  9993
2 34790  74.0581  58.5900 0106333 108.2094  17.7721 14.17364707452597
0 COSMOS 2251 DEB
1 34790U 93036AAT 17347.30817463 +.00000330 +00000-0 +16551-3 0  9995
2 34790 074.0581 057.4790 0106302 106.9317 324.7547 14.17365138451259
0 COSMOS 2251 DEB
1 34790U 93036AAT 17347.94005640  .00000280  00000-0  14227-3 0  9993
2 34790  74.0581  56.3551 0106267 105.6385 308.9594 14.17365531452774
0 COSMOS 2251 DEB
1 34790U 93036AAT 17348.30519823 +.00000244 +00000-0 +12536-3 0  9998
2 34790 074.0580 055.7055 0106248 104.8945 012.1088 14.17365704451398
0 COSMOS 2251 DEB
1 34790U 93036AAT 17348.92805243 +.00000200 +00000-0 +10479-3 0  9996
2 34790 074.0580 054.5976 0106211 103.6188 310.2524 14.17366046451480
0 COSMOS 2251 DEB
1 34790U 93036AAT 17349.21204424  .00000178  00000-0  94635-4 0  9994
2 34790  74.0579  54.0925 0106197 103.0387 319.3329 14.17366188452958
0 COSMOS 2251 DEB
1 34790U 93036AAT 17349.65369782 +.00000163 +00000-0 +87538-4 0  9999
2 34790 074.0579 053.3069 0106169 102.1346 052.8915 14.17366436451587
0 COSMOS 2251 DEB
1 34790U 93036AAT 17350.56418928  .00000124  00000-0  69121-4 0  9993
2 34790  74.0579  51.6873 0106122 100.2749  18.7145 14.17366826453149
0 COSMOS 2251 DEB
1 34790U 93036AAT 17350.64133375 +.00000124 +00000-0 +69298-4 0  9997
2 34790 074.0579 051.5501 0106118 100.1169 052.3480 14.17366873451726
0 COSMOS 2251 DEB
1 34790U 93036AAT 17351.63114398  .00000116  00000-0  65612-4 0  9998
2 34790  74.0577  49.7895 0106071  98.0899  62.9042 14.17367289453299
0 COSMOS 2251 DEB
1 34790U 93036AAT 17351.63114398 +.00000116 +00000-0 +65612-4 0  9998
2 34790 074.0577 049.7895 0106071 098.0899 062.9042 14.17367289451860
0 COSMOS 2251 DEB
1 34790U 93036AAT 17352.17054924 +.00000112 +00000-0 +63583-4 0  9997
2 34790 074.0577 048.8300 0106050 096.9825 295.2497 14.17367481451942
0 COSMOS 2251 DEB
1 34790U 93036AAT 17353.15866847  .00000147  00000-0  79799-4 0  9995
2 34790  74.0575  47.0724 0106014  94.9573 297.1799 14.17367923453511
0 COSMOS 2251 DEB
1 34790U 93036AAT 17354.14676681 +.00000171 +00000-0 +91293-4 0  9990
2 34790 074.0574 045.3148 0105973 092.9271 299.0081 14.17368181452226
0 COSMOS 2251 DEB
1 34790U 93036AAT 17354.59347760  .00000185  00000-0  97555-4 0  9994
2 34790  74.0574  44.5202 0105959  92.0101  58.3745 14.17368267453718
0 COSMOS 2251 DEB
1 34790U 93036AAT 17354.59347760 +.00000185 +00000-0 +97555-4 0  9994
2 34790 074.0574 044.5202 0105959 092.0101 058.3745 14.17368267452289
0 COSMOS 2251 DEB
1 34790U 93036AAT 17355.91594417 +.00000271 +00000-0 +13807-3 0  9997
2 34790 074.0573 042.1678 0105940 089.2988 326.3320 14.17368928452472
0 COSMOS 2251 DEB
1 34790U 93036AAT 17356.12277687  .00000287  00000-0  14530-3 0  9999
2 34790  74.0573  41.7999 0105938  88.8754 301.7068 14.17369069453931
0 COSMOS 2251 DEB
1 34790U 93036AAT 17356.90390069 +.00000347 +00000-0 +17339-3 0  9992
2 34790 074.0572 040.4104 0105923 087.2682 327.4413 14.17369582452614
0 COSMOS 2251 DEB
1 34790U 93036AAT 17357.55798189  .00000391  00000-0  19427-3 0  9998
2 34790  74.0572  39.2469 0105916  85.9244  64.9315 14.17370032454130
0 COSMOS 2251 DEB
1 34790U 93036AAT 17357.89206359 +.00000429 +00000-0 +21172-3 0  9990
2 34790 074.0572 038.6527 0105909 085.2349 329.6084 14.17370401452759
0 COSMOS 2251 DEB
1 34790U 93036AAT 17358.54581288 +.00000475 +00000-0 +23333-3 0  9992
2 34790 074.0571 037.4897 0105906 083.8929 065.4066 14.17370996452844
0 COSMOS 2251 DEB
1 34790U 93036AAT 17358.88099170 +.00000502 +00000-0 +24616-3 0  9999
2 34790 074.0571 036.8934 0105906 083.2027 335.6815 14.17371380452899
0 COSMOS 2251 DEB
1 34790U 93036AAT 17359.16266492  .00000509  00000-0  24929-3 0  9998
2 34790  74.0571  36.3924 0105907  82.6259 332.9370 14.17371635454367
0 COSMOS 2251 DEB
1 34790U 93036AAT 17359.52856256 +.00000524 +00000-0 +25630-3 0  9998
2 34790 074.0571 035.7415 0105902 081.8723 039.9576 14.17371971452988
0 COSMOS 2251 DEB
1 34790U 93036AAT 17360.50797781  .00000572  00000-0  27892-3 0  9990
2 34790  74.0572  33.9993 0105900  79.8511 357.5078 14.17373223454553
0 COSMOS 2251 DEB
1 34790U 93036AAT 17361.50483449 +.00000523 +00000-0 +25569-3 0  9999
2 34790 074.0569 032.2257 0105899 077.8104 044.0388 14.17373901453269
0 COSMOS 2251 DEB
1 34790U 93036AAT 17362.12708237  .00000494  00000-0  24208-3 0  9999
2 34790  74.0569  31.1187 0105897  76.5258 339.1168 14.17374520454783
0 COSMOS 2251 DEB
1 34790U 93036AAT 17362.90556793 +.00000443 +00000-0 +21848-3 0  9994
2 34790 074.0569 029.7338 0105896 074.9189 351.4147 14.17375241453467
0 COSMOS 2251 DEB
1 34790U 93036AAT 17363.48143594  .00000393  00000-0  19495-3 0  9998
2 34790  74.0568  28.7093 0105897  73.7427  49.8255 14.17375683454971
0 COSMOS 2251 DEB
1 34790U 93036AAT 17364.54683576  .00000308  00000-0  15544-3 0  9992
2 34790  74.0568  26.8139 0105897  71.5483  86.1317 14.17376538455120
0 COSMOS 2251 DEB
1 34790U 93036AAT 17365.08702861 +.00000268 +00000-0 +13641-3 0  9992
2 34790 074.0568 025.8530 0105900 070.4336 322.5217 14.17376965453773
0 COSMOS 2251 DEB
1 34790U 93036AAT 17365.86932942  .00000213  00000-0  11097-3 0  9996
2 34790  74.0567  24.4613 0105903  68.8212 354.2915 14.17377458455313
0 COSMOS 2251 DEB
1 34790U 93036AAT 18001.07486595 +.00000196 +00000-0 +10303-3 0  9994
2 34790 074.0567 024.0957 0105905 068.4007 323.0598 14.17377576453916
0 COSMOS 2251 DEB
1 34790U 93036AAT 18001.51647372 +.00000165 +00000-0 +88396-4 0  9999
2 34790 074.0567 023.3101 0105906 067.4933 056.4060 14.17377752453970
0 COSMOS 2251 DEB
1 34790U 93036AAT 18003.12763875  .00000092  00000-0  54203-4 0  9994
2 34790  74.0566  20.4439 0105931  64.1875 357.5278 14.17378345455638
0 COSMOS 2251 DEB
1 34790U 93036AAT 18003.49267052 +.00000076 +00000-0 +46806-4 0  9992
2 34790 074.0567 019.7945 0105938 063.4320 060.1424 14.17378328454254
0 COSMOS 2251 DEB
1 34790U 93036AAT 18003.83432459 +.00000080 +00000-0 +48489-4 0  9999
2 34790 074.0566 019.1867 0105941 062.7334 003.4622 14.17378461454305
0 COSMOS 2251 DEB
1 34790U 93036AAT 18004.19745324  .00000082  00000-0  49489-4 0  9990
2 34790  74.0566  18.5407 0105951  61.9878  56.3607 14.17378562455788
0 COSMOS 2251 DEB
1 34790U 93036AAT 18004.82197793 +.00000102 +00000-0 +58917-4 0  9990
2 34790 074.0566 017.4297 0105967 060.7103 003.0526 14.17378753454441
0 COSMOS 2251 DEB
1 34790U 93036AAT 18005.47632587  .00000135  00000-0  74295-4 0  9990
2 34790  74.0565  16.2657 0105991  59.3673 101.9243 14.17378940455960
0 COSMOS 2251 DEB
1 34790U 93036AAT 18006.46221118 +.00000208 +00000-0 +10872-3 0  9995
2 34790 074.0565 014.5118 0106026 057.3518 092.4892 14.17379370454678
0 COSMOS 2251 DEB
1 34790U 93036AAT 18007.16163358  .00000263  00000-0  13413-3 0  9999
2 34790  74.0565  13.2675 0106058  55.9207  61.3541 14.17379701456201
0 COSMOS 2251 DEB
1 34790U 93036AAT 18007.45028806 +.00000292 +00000-0 +14765-3 0  9992
2 34790 074.0565 012.7539 0106067 055.3321 094.2373 14.17379863454817
0 COSMOS 2251 DEB
1 34790U 93036AAT 18007.78460451 +.00000325 +00000-0 +16323-3 0  9993
2 34790 074.0565 012.1592 0106082 054.6497 000.1157 14.17380092454860
0 COSMOS 2251 DEB
1 34790U 93036AAT 18008.43838458  .00000396  00000-0  19658-3 0  9994
2 34790  74.0566  10.9962 0106110  53.3147  96.0857 14.17380605456388
0 COSMOS 2251 DEB
1 34790U 93036AAT 18009.42912378 +.00000499 +00000-0 +24442-3 0  9999
2 34790 074.0566 009.2335 0106174 051.2843 111.4293 14.17381515455097
0 COSMOS 2251 DEB
1 34790U 93036AAT 18009.76074675 +.00000521 +00000-0 +25478-3 0  9991
2 34790 074.0567 008.6437 0106179 050.6139 003.5598 14.17381829456571
0 COSMOS 2251 DEB
1 34790U 93036AAT 18010.41521481 +.00000561 +00000-0 +27353-3 0  9995
2 34790 074.0569 007.4795 0106194 049.2838 103.0391 14.17382471455237
0 COSMOS 2251 DEB
1 34790U 93036AAT 18011.40543889 +.00000587 +00000-0 +28564-3 0  9994
2 34790 074.0570 005.7180 0106245 047.2643 115.7526 14.17383432455370
0 COSMOS 2251 DEB
1 34790U 93036AAT 18011.67917917 +.00000596 +00000-0 +28979-3 0  9990
2 34790 074.0570 005.2310 0106257 046.7079 072.5381 14.17383779455418
0 COSMOS 2251 DEB
1 34790U 93036AAT 18012.02073045 +.00000597 +00000-0 +29046-3 0  9992
2 34790 074.0570 004.6234 0106281 046.0103 015.3394 14.17384179455463
0 COSMOS 2251 DEB
1 34790U 93036AAT 18013.00755708  .00000581  00000-0  28276-3 0  9991
2 34790  74.0571   2.8679 0106346  43.9911  10.7329 14.17385309457030
0 COSMOS 2251 DEB
1 34790U 93036AAT 18013.37299500 +.00000557 +00000-0 +27182-3 0  9992
2 34790 074.0570 002.2176 0106371 043.2401 075.4250 14.17385633455657
0 COSMOS 2251 DEB
1 34790U 93036AAT 18014.36200434 +.00000498 +00000-0 +24421-3 0  9997
2 34790 074.0571 000.4582 0106424 041.2202 081.9590 14.17386705457220
0 COSMOS 2251 DEB
1 34790U 93036AAT 18015.42136747  .00000376  00000-0  18693-3 0  9999
2 34790  74.0574 358.5739 0106436  39.0745  87.4671 14.17387469457379
0 COSMOS 2251 DEB
1 34790U 93036AAT 18015.97282167 +.00000306 +00000-0 +15452-3 0  9990
2 34790 074.0574 357.5929 0106487 037.9474 021.3294 14.17387794456021
0 COSMOS 2251 DEB
1 34790U 93036AAT 18016.04504307 +.00000301 +00000-0 +15228-3 0  9998
2 34790 074.0575 357.4645 0106490 037.8057 029.8424 14.17387872456032
0 COSMOS 2251 DEB
1 34790U 93036AAT 18017.39696250  .00000178  00000-0  94553-4 0  9997
2 34790  74.0577 355.0595 0106580  35.0514  88.1703 14.17388601457658
0 COSMOS 2251 DEB
1 34790U 93036AAT 18017.94978792 +.00000131 +00000-0 +72588-4 0  9995
2 34790 074.0577 354.0761 0106622 033.9281 029.0249 14.17388824456304
0 COSMOS 2251 DEB
1 34790U 93036AAT 18018.38519852 +.00000105 +00000-0 +60604-4 0  9999
2 34790 074.0577 353.3015 0106640 033.0411 090.7590 14.17388950456364
0 COSMOS 2251 DEB
1 34790U 93036AAT 18018.72659122  .00000081  00000-0  49357-4 0  9997
2 34790  74.0578 352.6943 0106669  32.3493  32.7520 14.17389010457841
0 COSMOS 2251 DEB
1 34790U 93036AAT 18018.92977284 +.00000071 +00000-0 +44770-4 0  9994
2 34790 074.0578 352.3328 0106679 031.9383 349.5075 14.17389073456447
0 COSMOS 2251 DEB
1 34790U 93036AAT 18019.91978556  .00000060  00000-0  39437-4 0  9999
2 34790  74.0578 350.5717 0106734  29.9331   1.1534 14.17389374458011
0 COSMOS 2251 DEB
1 34790U 93036AAT 18019.91978556 +.00000060 +00000-0 +39437-4 0  9999
2 34790 074.0578 350.5717 0106734 029.9331 001.1534 14.17389374456581
0 COSMOS 2251 DEB
1 34790U 93036AAT 18020.70286865 +.00000085 +00000-0 +50997-4 0  9994
2 34790 074.0578 349.1786 0106772 028.3506 036.9151 14.17389648456697
0 COSMOS 2251 DEB
1 34790U 93036AAT 18021.35505178  .00000108  00000-0  61995-4 0  9993
2 34790  74.0579 348.0184 0106811  27.0353 124.7433 14.17389815458213
0 COSMOS 2251 DEB
1 34790U 93036AAT 18021.89647297 +.00000142 +00000-0 +77961-4 0  9999
2 34790 074.0579 347.0553 0106845 025.9456 007.3960 14.17390044456866
0 COSMOS 2251 DEB
1 34790U 93036AAT 18022.61779233 +.00000185 +00000-0 +98132-4 0  9996
2 34790 074.0580 345.7722 0106895 024.4795 088.0096 14.17390263456966
0 COSMOS 2251 DEB
1 34790U 93036AAT 18022.67704265  .00000197  00000-0  10345-3 0  9997
2 34790  74.0580 345.6666 0106893  24.3532  30.3474 14.17390342458407
0 COSMOS 2251 DEB
1 34790U 93036AAT 18022.95966358 +.00000212 +00000-0 +11037-3 0  9998
2 34790 074.0580 345.1639 0106914 023.7859 032.4458 14.17390444457015
0 COSMOS 2251 DEB
1 34790U 93036AAT 18023.32556637 +.00000264 +00000-0 +13505-3 0  9994
2 34790 074.0580 344.5131 0106943 023.0453 099.5041 14.17390759457066
0 COSMOS 2251 DEB
1 34790U 93036AAT 18023.94915609  .00000310  00000-0  15631-3 0  9994
2 34790  74.0580 343.4037 0106983  21.7860  41.4349 14.17391100458586
0 COSMOS 2251 DEB
1 34790U 93036AAT 18023.94915609 +.00000310 +00000-0 +15631-3 0  9994
2 34790 074.0580 343.4037 0106983 021.7860 041.4349 14.17391100457158
0 COSMOS 2251 DEB
1 34790U 93036AAT 18024.31903069 +.00000343 +00000-0 +17173-3 0  9992
2 34790 074.0581 342.7458 0107006 021.0398 128.7577 14.17391319457204
0 COSMOS 2251 DEB
1 34790U 93036AAT 18025.30761194  .00000438  00000-0  21589-3 0  9994
2 34790  74.0582 340.9873 0107076  19.0539 133.0883 14.17392165458779
0 COSMOS 2251 DEB
1 34790U 93036AAT 18025.92391854 +.00000484 +00000-0 +23776-3 0  9995
2 34790 074.0582 339.8911 0107116 017.8157 037.8543 14.17392780457435
0 COSMOS 2251 DEB
1 34790U 93036AAT 18026.57080042  .00000528  00000-0  25787-3 0  9994
2 34790  74.0583 338.7404 0107160  16.5131  98.6376 14.17393410458956
0 COSMOS 2251 DEB
1 34790U 93036AAT 18026.83608323 +.00000543 +00000-0 +26507-3 0  9999
2 34790 074.0582 338.2684 0107178 015.9799 012.2712 14.17393714457561
0 COSMOS 2251 DEB
1 34790U 93036AAT 18027.27802537 +.00000566 +00000-0 +27560-3 0  9996
2 34790 074.0582 337.4823 0107215 015.0905 107.3292 14.17394196457620
0 COSMOS 2251 DEB
1 34790U 93036AAT 18027.89993545  .00000565  00000-0  27521-3 0  9990
2 34790  74.0582 336.3760 0107261  13.8462  40.6874 14.17394798459145
0 COSMOS 2251 DEB
1 34790U 93036AAT 18028.54756110 +.00000554 +00000-0 +27006-3 0  9994
2 34790 074.0583 335.2240 0107305 012.5433 105.2707 14.17395405457800
0 COSMOS 2251 DEB
1 34790U 93036AAT 18028.88819050 +.00000546 +00000-0 +26634-3 0  9991
2 34790 074.0583 334.6181 0107327 011.8632 043.3668 14.17395768457859
0 COSMOS 2251 DEB
1 34790U 93036AAT 18029.53597314  .00000516  00000-0  25232-3 0  9990
2 34790  74.0582 333.4658 0107375  10.5612 108.7531 14.17396365459379
0 COSMOS 2251 DEB
1 34790U 93036AAT 18029.87635544 +.00000488 +00000-0 +23927-3 0  9992
2 34790 074.0582 332.8603 0107405 009.8854 045.5857 14.17396642457998
0 COSMOS 2251 DEB
1 34790U 93036AAT 18030.52452868 +.00000438 +00000-0 +21617-3 0  9991
2 34790 074.0583 331.7073 0107448 008.5802 112.9702 14.17397179458089
0 COSMOS 2251 DEB
1 34790U 93036AAT 18030.86681562  .00000415  00000-0  20551-3 0  9994
2 34790  74.0583 331.0984 0107469   7.8943  59.5295 14.17397516459566
0 COSMOS 2251 DEB
1 34790U 93036AAT 18030.93700965 +.00000411 +00000-0 +20342-3 0  9995
2 34790 074.0584 330.9736 0107457 007.7467 057.7101 14.17397597458145
0 COSMOS 2251 DEB
1 34790U 93036AAT 18031.22946528 +.00000386 +00000-0 +19194-3 0  9999
2 34790 074.0584 330.4533 0107475 007.1571 110.0029 14.17397807458185
0 COSMOS 2251 DEB
1 34790U 93036AAT 18031.92512120 +.00000313 +00000-0 +15776-3 0  9995
2 34790 074.0584 329.2159 0107522 005.7626 059.6709 14.17398271458283
0 COSMOS 2251 DEB
1 34790U 93036AAT 18032.21825530  .00000290  00000-0  14721-3 0  9993
2 34790  74.0585 328.6945 0107540   5.1713 115.4268 14.17398467459752
0 COSMOS 2251 DEB
1 34790U 93036AAT 18032.28974206 +.00000285 +00000-0 +14450-3 0  9998
2 34790 074.0585 328.5673 0107534 005.0264 120.1983 14.17398513458334
0 COSMOS 2251 DEB
1 34790U 93036AAT 18032.91242403 +.00000216 +00000-0 +11228-3 0  9999
2 34790 074.0585 327.4597 0107568 003.7774 057.5101 14.17398811458421
0 COSMOS 2251 DEB
1 34790U 93036AAT 18033.20538766 +.00000195 +00000-0 +10266-3 0  9999
2 34790 074.0585 326.9385 0107598 003.1905 112.3928 14.17398964458463
0 COSMOS 2251 DEB
1 34790U 93036AAT 18033.83126391  .00000128  00000-0  71458-4 0  9992
2 34790  74.0585 325.8251 0107623   1.9365  66.0028 14.17399134459982
0 COSMOS 2251 DEB
1 34790U 93036AAT 18034.27154936 +.00000091 +00000-0 +54289-4 0  9999
2 34790 074.0585 325.0419 0107641 001.0535 152.6141 14.17399227458610
0 COSMOS 2251 DEB
1 34790U 93036AAT 18034.88831356  .00000053  00000-0  36337-4 0  9996
2 34790  74.0585 323.9448 0107665 359.8159  59.7316 14.17399425460132
0 COSMOS 2251 DEB
1 34790U 93036AAT 18035.59515365 +.00000033 +00000-0 +27175-4 0  9992
2 34790 074.0585 322.6874 0107698 358.4019 066.4682 14.17399630458807
0 COSMOS 2251 DEB
1 34790U 93036AAT 18035.87705875 +.00000019 +00000-0 +20790-4 0  9990
2 34790 074.0584 322.1860 0107708 357.8369 064.9238 14.17399666458842
0 COSMOS 2251 DEB
1 34790U 93036AAT 18036.17229050  .00000006  00000-0  14386-4 0  9990
2 34790  74.0584 321.6607 0107721 357.2373 131.3875 14.17399624460314
0 COSMOS 2251 DEB
1 34790U 93036AAT 18036.24162427 +.00000009 +00000-0 +15933-4 0  9994
2 34790 074.0584 321.5374 0107719 357.1047 125.1656 14.17399672458899
0 COSMOS 2251 DEB
1 34790U 93036AAT 18036.86539964 +.00000005 +00000-0 +14174-4 0  9998
2 34790 074.0584 320.4278 0107751 355.8550 068.0559 14.17399787458984
0 COSMOS 2251 DEB
1 34790U 93036AAT 18037.23564858 +.00000011 +00000-0 +16957-4 0  9998
2 34790 074.0584 319.7692 0107769 355.1145 157.2947 14.17399823460466
0 COSMOS 2251 DEB
1 34790U 93036AAT 18037.85319878 +.00000028 +00000-0 +24612-4 0  9991
2 34790 074.0583 318.6707 0107787 353.8792 068.4182 14.17399956459125
0 COSMOS 2251 DEB
1 34790U 93036AAT 18038.76441399  .00000082  00000-0  49826-4 0  9990
2 34790  74.0582 317.0499 0107819 352.0624  37.9960 14.17400219460689
0 COSMOS 2251 DEB
1 34790U 93036AAT 18039.82793463  .00000166  00000-0  89184-4 0  9994
2 34790  74.0581 315.1582 0107847 349.9479  64.7240 14.17400647460835
0 COSMOS 2251 DEB
1 34790U 93036AAT 18040.81624924 +.00000246 +00000-0 +12656-3 0  9998
2 34790 074.0579 313.4002 0107872 347.9835 067.7056 14.17401109459540
0 COSMOS 2251 DEB
1 34790U 93036AAT 18041.52172569 +.00000314 +00000-0 +15811-3 0  9992
2 34790 074.0578 312.1453 0107899 346.5766 067.4807 14.17401543459646
0 COSMOS 2251 DEB
1 34790U 93036AAT 18041.88677983 +.00000343 +00000-0 +17184-3 0  9998
2 34790 074.0578 311.4960 0107914 345.8465 130.2143 14.17401801459691
0 COSMOS 2251 DEB
1 34790U 93036AAT 18042.79218705  .00000415  00000-0  20539-3 0  9990
2 34790  74.0578 309.8854 0107943 344.0458  70.1576 14.17402513461257
0 COSMOS 2251 DEB
1 34790U 93036AAT 18042.87415101 +.00000425 +00000-0 +20982-3 0  9991
2 34790 074.0578 309.7395 0107944 343.8808 128.3904 14.17402610459833
0 COSMOS 2251 DEB
1 34790U 93036AAT 18043.57108427 +.00000470 +00000-0 +23085-3 0  9996
2 34790 074.0577 308.4998 0107972 342.4934 084.5753 14.17403227459934
0 COSMOS 2251 DEB
1 34790U 93036AAT 18043.78036767 +.00000472 +00000-0 +23206-3 0  9993
2 34790 074.0577 308.1275 0107977 342.0787 072.4673 14.17403401459960
0 COSMOS 2251 DEB
1 34790U 93036AAT 18044.48590385  .00000493  00000-0  24182-3 0  9999
2 34790  74.0577 306.8725 0108003 340.6733  72.5531 14.17404015461498
0 COSMOS 2251 DEB
1 34790U 93036AAT 18044.69281407 +.00000501 +00000-0 +24544-3 0  9996
2 34790 074.0576 306.5044 0108010 340.2609 048.3388 14.17404245460095
0 COSMOS 2251 DEB
1 34790U 93036AAT 18045.54742088  .00000510  00000-0  24987-3 0  9999
2 34790  74.0576 304.9842 0108041 338.5571  89.0816 14.17405118461645
0 COSMOS 2251 DEB
1 34790U 93036AAT 18045.91159708 +.00000495 +00000-0 +24255-3 0  9991
2 34790 074.0576 304.3364 0108045 337.8321 147.3383 14.17405434460262
0 COSMOS 2251 DEB
1 34790U 93036AAT 18046.81754014  .00000437  00000-0  21583-3 0  9999
2 34790  74.0575 302.7249 0108076 336.0262  90.0354 14.17406160461826
0 COSMOS 2251 DEB
1 34790U 93036AAT 18047.52295302 +.00000401 +00000-0 +19880-3 0  9996
2 34790 074.0575 301.4700 0108102 334.6173 089.5058 14.17406812460499
0 COSMOS 2251 DEB
1 34790U 93036AAT 18047.73365000 +.00000372 +00000-0 +18518-3 0  9996
2 34790 074.0574 301.0952 0108104 334.1970 084.6170 14.17406920460520
0 COSMOS 2251 DEB
1 34790U 93036AAT 18047.88763972  .00000360  00000-0  17967-3 0  9996
2 34790  74.0574 300.8213 0108108 333.8886 150.3728 14.17407035461971
0 COSMOS 2251 DEB
1 34790U 93036AAT 18048.79349792 +.00000278 +00000-0 +14140-3 0  9995
2 34790 074.0573 299.2098 0108132 332.0813 092.6453 14.17407642460673
0 COSMOS 2251 DEB
1 34790U 93036AAT 18049.15856369 +.00000251 +00000-0 +12882-3 0  9991
2 34790 074.0573 298.5604 0108142 331.3548 155.4450 14.17407884462154
0 COSMOS 2251 DEB
1 34790U 93036AAT 18049.70988934 +.00000199 +00000-0 +10454-3 0  9990
2 34790 074.0572 297.5796 0108151 330.2550 088.6650 14.17408174460807
0 COSMOS 2251 DEB
1 34790U 93036AAT 18050.06441066 +.00000171 +00000-0 +91559-4 0  9997
2 34790 074.0571 296.9489 0108163 329.5468 097.6634 14.17408338460859
0 COSMOS 2251 DEB
1 34790U 93036AAT 18050.76892403 +.00000113 +00000-0 +64443-4 0  9997
2 34790 074.0570 295.6956 0108172 328.1441 092.5449 14.17408640462383
0 COSMOS 2251 DEB
1 34790U 93036AAT 18051.68881405 +.00000045 +00000-0 +33014-4 0  9993
2 34790 074.0568 294.0592 0108184 326.3031 106.4255 14.17408802461083
0 COSMOS 2251 DEB
1 34790U 93036AAT 18052.12813250  .00000029  00000-0  25504-4 0  9993
2 34790  74.0568 293.2777 0108183 325.4259 188.1136 14.17408886462572
0 COSMOS 2251 DEB
1 34790U 93036AAT 18052.74681480 +.00000004 +00000-0 +13957-4 0  9991
2 34790 074.0566 292.1771 0108188 324.1899 105.0334 14.17408960461236
0 COSMOS 2251 DEB
1 34790U 93036AAT 18053.11011892 +.00000007 +00000-0 +15158-4 0  9995
2 34790 074.0566 291.5308 0108185 323.4680 158.8435 14.17409036461280
0 COSMOS 2251 DEB
1 34790U 93036AAT 18055.08657476  .00000068  00000-0  43801-4 0  9990
2 34790  74.0562 288.0146 0108181 319.5247 164.0000 14.17409408462997
0 COSMOS 2251 DEB
1 34790U 93036AAT 18055.42588567 +.00000096 +00000-0 +56901-4 0  9998
2 34790 074.0561 287.4109 0108187 318.8385 095.3934 14.17409554461611
0 COSMOS 2251 DEB
1 34790U 93036AAT 18055.79274333 +.00000120 +00000-0 +67931-4 0  9994
2 34790 074.0560 286.7583 0108185 318.1038 167.3414 14.17409668461668
0 COSMOS 2251 DEB
1 34790U 93036AAT 18056.08018068 +.00000145 +00000-0 +79529-4 0  9991
2 34790 074.0560 286.2469 0108184 317.5302 194.0326 14.17409756461704
0 COSMOS 2251 DEB
1 34790U 93036AAT 18056.69658406  .00000188  00000-0  99799-4 0  9992
2 34790  74.0559 285.1503 0108178 316.3022  99.3198 14.17409960463228
0 COSMOS 2251 DEB
1 34790U 93036AAT 18057.34326685 +.00000258 +00000-0 +13237-3 0  9996
2 34790 074.0558 283.9997 0108168 315.0130 159.1142 14.17410353461887
0 COSMOS 2251 DEB
1 34790U 93036AAT 18057.96849630  .00000320  00000-0  16136-3 0  9995
2 34790  74.0557 282.8873 0108172 313.7547 109.4525 14.17410772463407
0 COSMOS 2251 DEB
1 34790U 93036AAT 18057.96849630 +.00000320 +00000-0 +16136-3 0  9995
2 34790 074.0557 282.8873 0108172 313.7547 109.4525 14.17410772461977
0 COSMOS 2251 DEB
1 34790U 93036AAT 18058.67262956 +.00000376 +00000-0 +18721-3 0  9997
2 34790 074.0556 281.6346 0108165 312.3498 102.3997 14.17411277462078
0 COSMOS 2251 DEB
1 34790U 93036AAT 18058.95589183 +.00000396 +00000-0 +19643-3 0  9998
2 34790 074.0556 281.1306 0108167 311.7809 107.7924 14.17411443462119
0 COSMOS 2251 DEB
1 34790U 93036AAT 18059.94407500 +.00000451 +00000-0 +22239-3 0  9997
2 34790 074.0555 279.3723 0108164 309.8085 110.1520 14.17412238462259
0 COSMOS 2251 DEB
1 34790U 93036AAT 18060.03255759  .00000451  00000-0  22221-3 0  9997
2 34790  74.0555 279.2149 0108171 309.6322 201.6480 14.17412284463691
0 COSMOS 2251 DEB
1 34790U 93036AAT 18061.02077924 +.00000470 +00000-0 +23093-3 0  9992
2 34790 074.0554 277.4567 0108175 307.6564 204.2115 14.17413117462402
0 COSMOS 2251 DEB
1 34790U 93036AAT 18062.01016852  .00000455  00000-0  22411-3 0  9991
2 34790  74.0553 275.6965 0108185 305.6791 212.7362 14.17413951463971
0 COSMOS 2251 DEB
1 34790U 93036AAT 18062.62611748 +.00000430 +00000-0 +21245-3 0  9990
2 34790 074.0553 274.6007 0108195 304.4463 115.7232 14.17414491462631
0 COSMOS 2251 DEB
1 34790U 93036AAT 18063.27327927  .00000401  00000-0  19903-3 0  9991
2 34790  74.0552 273.4493 0108198 303.1527 177.9791 14.17415043464159
0 COSMOS 2251 DEB
1 34790U 93036AAT 18063.98649465 +.00000348 +00000-0 +17424-3 0  9999
2 34790 074.0551 272.1803 0108201 301.7243 217.2889 14.17415527462828
0 COSMOS 2251 DEB
1 34790U 93036AAT 18065.03889426  .00000274  00000-0  13962-3 0  9991
2 34790  74.0550 270.3078 0108221 299.6183 187.3488 14.17416271464406
0 COSMOS 2251 DEB
1 34790U 93036AAT 18065.58432594 +.00000231 +00000-0 +11960-3 0  9990
2 34790 074.0549 269.3373 0108230 298.5256 090.5152 14.17416602463050
0 COSMOS 2251 DEB
1 34790U 93036AAT 18065.66227354 +.00000220 +00000-0 +11458-3 0  9995
2 34790 074.0550 269.1987 0108223 298.3691 128.2573 14.17416595463062
0 COSMOS 2251 DEB
1 34790U 93036AAT 18066.57249865  .00000163  00000-0  88188-4 0  9998
2 34790  74.0549 267.5793 0108237 296.5432  92.8529 14.17417053464625
0 COSMOS 2251 DEB
1 34790U 93036AAT 18067.01502424 +.00000139 +00000-0 +76902-4 0  9995
2 34790 074.0549 266.7920 0108246 295.6551 190.9238 14.17417207463256
0 COSMOS 2251 DEB
1 34790U 93036AAT 18067.92087015 +.00000099 +00000-0 +58249-4 0  9998
2 34790 074.0549 265.1803 0108254 293.8354 133.1770 14.17417483463389
0 COSMOS 2251 DEB
1 34790U 93036AAT 18068.00858866  .00000096  00000-0  56910-4 0  9998
2 34790  74.0548 265.0243 0108254 293.6564 220.7804 14.17417507464824
0 COSMOS 2251 DEB
1 34790U 93036AAT 18068.54901039 +.00000081 +00000-0 +50012-4 0  9999
2 34790 074.0548 264.0627 0108257 292.5711 098.3864 14.17417664463473
0 COSMOS 2251 DEB
1 34790U 93036AAT 18069.53693991 +.00000076 +00000-0 +47413-4 0  9999
2 34790 074.0548 262.3049 0108268 290.5912 099.4821 14.17417883465048
0 COSMOS 2251 DEB
1 34790U 93036AAT 18069.96909818 +.00000077 +00000-0 +48148-4 0  9991
2 34790 074.0548 261.5359 0108271 289.7188 144.6573 14.17417937463676
0 COSMOS 2251 DEB
1 34790U 93036AAT 18070.52494510 +.00000094 +00000-0 +55991-4 0  9996
2 34790 074.0547 260.5470 0108274 288.6030 100.9728 14.17418131463758
0 COSMOS 2251 DEB
1 34790U 93036AAT 18070.68366178  .00000097  00000-0  57478-4 0  9996
2 34790  74.0548 260.2646 0108286 288.2862 190.8531 14.17418154465200
0 COSMOS 2251 DEB
1 34790U 93036AAT 18070.97255487 +.00000112 +00000-0 +64053-4 0  9993
2 34790 074.0548 259.7506 0108288 287.7068 224.9848 14.17418243463816
0 COSMOS 2251 DEB
1 34790U 93036AAT 18071.51300991 +.00000135 +00000-0 +75034-4 0  9991
2 34790 074.0548 258.7890 0108289 286.6227 102.7596 14.17418447463894
0 COSMOS 2251 DEB
1 34790U 93036AAT 18071.87287219  .00000153  00000-0  83456-4 0  9994
2 34790  74.0548 258.1487 0108294 285.9047 139.0216 14.17418551465371
0 COSMOS 2251 DEB
1 34790U 93036AAT 18071.96060319 +.00000158 +00000-0 +85773-4 0  9993
2 34790 074.0548 257.9926 0108293 285.7275 226.6871 14.17418588463958
0 COSMOS 2251 DEB
1 34790U 93036AAT 18072.57676671 +.00000196 +00000-0 +10321-3 0  9993
2 34790 074.0548 256.8963 0108290 284.4900 130.7808 14.17418876464041
0 COSMOS 2251 DEB
1 34790U 93036AAT 18072.94862462  .00000224  00000-0  11651-3 0  9998
2 34790  74.0548 256.2346 0108292 283.7413 228.2600 14.17419067465523
0 COSMOS 2251 DEB
1 34790U 93036AAT 18072.94862462 +.00000224 +00000-0 +11651-3 0  9998
2 34790 074.0548 256.2346 0108292 283.7413 228.2600 14.17419067464094
0 COSMOS 2251 DEB
1 34790U 93036AAT 18073.93048405 +.00000292 +00000-0 +14834-3 0  9992
2 34790 074.0548 254.4877 0108297 281.7696 198.3900 14.17419660464234
0 COSMOS 2251 DEB
1 34790U 93036AAT 18074.47707207  .00000332  00000-0  16671-3 0  9990
2 34790  74.0549 253.5152 0108300 280.6713 107.4642 14.17420075465747
0 COSMOS 2251 DEB
1 34790U 93036AAT 18075.54340073  .00000386  00000-0  19177-3 0  9996
2 34790  74.0549 251.6179 0108297 278.5373 148.6116 14.17420809465892
0 COSMOS 2251 DEB
1 34790U 93036AAT 18075.61428241 +.00000388 +00000-0 +19291-3 0  9997
2 34790 074.0549 251.4917 0108298 278.3946 150.3000 14.17420854464470
0 COSMOS 2251 DEB
1 34790U 93036AAT 18076.60300164 +.00000430 +00000-0 +21255-3 0  9991
2 34790 074.0550 249.7326 0108309 276.4086 155.4419 14.17421696464614
0 COSMOS 2251 DEB
1 34790U 93036AAT 18076.89524017  .00000437  00000-0  21576-3 0  9990
2 34790  74.0550 249.2126 0108318 275.8218 206.6488 14.17421907466080
0 COSMOS 2251 DEB
1 34790U 93036AAT 18077.44104160 +.00000447 +00000-0 +22050-3 0  9994
2 34790 074.0550 248.2414 0108325 274.7266 111.7131 14.17422400464738
0 COSMOS 2251 DEB
1 34790U 93036AAT 18078.42915959  .00000461  00000-0  22699-3 0  9994
2 34790  74.0551 246.4833 0108343 272.7463 113.7894 14.17423359466308
0 COSMOS 2251 DEB
1 34790U 93036AAT 18078.87043983 +.00000447 +00000-0 +22051-3 0  9998
2 34790 074.0552 245.6981 0108360 271.8600 205.5159 14.17423687464931
0 COSMOS 2251 DEB
1 34790U 93036AAT 18079.84921478  .00000422  00000-0  20872-3 0  9992
2 34790  74.0553 243.9567 0108388 269.8939 159.9274 14.17424560466501
0 COSMOS 2251 DEB
1 34790U 93036AAT 18080.55401281 +.00000381 +00000-0 +18938-3 0  9991
2 34790 074.0554 242.7027 0108400 268.4818 156.3098 14.17425057465175
0 COSMOS 2251 DEB
1 34790U 93036AAT 18081.46453285  .00000347  00000-0  17358-3 0  9990
2 34790  74.0555 241.0827 0108421 266.6602 122.4336 14.17425845466737
0 COSMOS 2251 DEB
1 34790U 93036AAT 18082.52974477  .00000292  00000-0  14809-3 0  9996
2 34790  74.0557 239.1875 0108447 264.5247 157.9125 14.17426575466886
0 COSMOS 2251 DEB
1 34790U 93036AAT 18083.51860347 +.00000256 +00000-0 +13126-3 0  9997
2 34790 074.0558 237.4281 0108473 262.5430 163.7840 14.17427234465599
0 COSMOS 2251 DEB
1 34790U 93036AAT 18084.42901628 +.00000217 +00000-0 +11318-3 0  9994
2 34790 074.0559 235.8084 0108502 260.7183 129.3690 14.17427666467155
0 COSMOS 2251 DEB
1 34790U 93036AAT 18085.41707852 +.00000193 +00000-0 +10171-3 0  9996
2 34790 074.0560 234.0505 0108526 258.7375 131.1797 14.17428140465865
0 COSMOS 2251 DEB
1 34790U 93036AAT 18087.46905656  .00000198  00000-0  10415-3 0  9991
2 34790  74.0563 230.3999 0108570 254.6172 161.8713 14.17429112467582
0 COSMOS 2251 DEB
1 34790U 93036AAT 18088.54166455  .00000229  00000-0  11867-3 0  9994
2 34790  74.0564 228.4917 0108604 252.4630 235.1028 14.17429641467732
0 COSMOS 2251 DEB
1 34790U 93036AAT 18088.54166455 +.00000229 +00000-0 +11867-3 0  9994
2 34790 074.0564 228.4917 0108604 252.4630 235.1028 14.17429641466304
0 COSMOS 2251 DEB
1 34790U 93036AAT 18089.36932127 +.00000267 +00000-0 +13639-3 0  9993
2 34790 074.0564 227.0193 0108607 250.8058 138.4099 14.17430140466426
0 COSMOS 2251 DEB
1 34790U 93036AAT 18089.81058906  .00000288  00000-0  14597-3 0  9994
2 34790  74.0565 226.2343 0108617 249.9202 230.0818 14.17430379467913
0 COSMOS 2251 DEB
1 34790U 93036AAT 18090.43322672 +.00000315 +00000-0 +15890-3 0  9996
2 34790 074.0566 225.1267 0108614 248.6754 167.2319 14.17430789466575
0 COSMOS 2251 DEB
1 34790U 93036AAT 18090.71745463 +.00000334 +00000-0 +16745-3 0  9995
2 34790 074.0566 224.6210 0108622 248.1071 177.5695 14.17430969466619
0 COSMOS 2251 DEB
1 34790U 93036AAT 18091.49542684  .00000377  00000-0  18747-3 0  9992
2 34790  74.0567 223.2370 0108627 246.5494 187.3539 14.17431582468157
0 COSMOS 2251 DEB
1 34790U 93036AAT 18091.78753655 +.00000398 +00000-0 +19730-3 0  9992
2 34790 074.0568 222.7174 0108631 245.9672 237.9093 14.17431827466764
0 COSMOS 2251 DEB
1 34790U 93036AAT 18092.48311028 +.00000407 +00000-0 +20172-3 0  9997
2 34790 074.0569 221.4801 0108626 244.5678 187.2442 14.17432240466869
0 COSMOS 2251 DEB
1 34790U 93036AAT 18093.84209723  .00000454  00000-0  22348-3 0  9995
2 34790  74.0570 219.0624 0108636 241.8529 281.7939 14.17433409468482
0 COSMOS 2251 DEB
1 34790U 93036AAT 18094.45862435 +.00000462 +00000-0 +22724-3 0  9995
2 34790 074.0572 217.9657 0108643 240.6193 187.7731 14.17434018467143
0 COSMOS 2251 DEB
1 34790U 93036AAT 18094.75773083 +.00000457 +00000-0 +22475-3 0  9995
2 34790 074.0572 217.4335 0108647 240.0231 274.0340 14.17434208467183
0 COSMOS 2251 DEB
1 34790U 93036AAT 18095.37362110  .00000452  00000-0  22257-3 0  9992
2 34790  74.0572 216.3379 0108659 238.7914 176.7651 14.17434822468708
0 COSMOS 2251 DEB
1 34790U 93036AAT 18095.74558884 +.00000440 +00000-0 +21670-3 0  9993
2 34790 074.0573 215.6761 0108672 238.0502 274.8191 14.17435083467323
0 COSMOS 2251 DEB
1 34790U 93036AAT 18097.78729799  .00000342  00000-0  17106-3 0  9994
2 34790  74.0575 212.0441 0108691 233.9753 253.1436 14.17436732469049
0 COSMOS 2251 DEB
1 34790U 93036AAT 18098.78111684 +.00000276 +00000-0 +14044-3 0  9997
2 34790 074.0576 210.2763 0108701 231.9914 284.3536 14.17437342467757
0 COSMOS 2251 DEB
1 34790U 93036AAT 18099.39823514  .00000244  00000-0  12544-3 0  9995
2 34790  74.0576 209.1785 0108707 230.7589 193.3567 14.17437755469279
0 COSMOS 2251 DEB
1 34790U 93036AAT 18099.77056892 +.00000225 +00000-0 +11684-3 0  9997
2 34790 074.0576 208.5161 0108716 230.0186 293.2811 14.17437932467891
0 COSMOS 2251 DEB
1 34790U 93036AAT 18100.75696944  .00000196  00000-0  10315-3 0  9993
2 34790  74.0576 206.7615 0108728 228.0504 286.6407 14.17438508469461
0 COSMOS 2251 DEB
1 34790U 93036AAT 18101.29723679 +.00000193 +00000-0 +10189-3 0  9995
2 34790 074.0576 205.8003 0108720 226.9616 163.5038 14.17438858468117
0 COSMOS 2251 DEB
1 34790U 93036AAT 18102.73300576  .00000182  00000-0  96489-4 0  9998
2 34790  74.0576 203.2462 0108743 224.0937 289.8861 14.17439498469745
0 COSMOS 2251 DEB
1 34790U 93036AAT 18103.27340963 +.00000189 +00000-0 +10005-3 0  9998
2 34790 074.0575 202.2849 0108748 223.0107 167.4410 14.17439799468390
0 COSMOS 2251 DEB
1 34790U 93036AAT 18103.72112067 +.00000196 +00000-0 +10315-3 0  9992
2 34790 074.0574 201.4883 0108760 222.1136 292.0056 14.17439962468454
0 COSMOS 2251 DEB
1 34790U 93036AAT 18105.32528894  .00000264  00000-0  13485-3 0  9996
2 34790  74.0573 198.6346 0108778 218.9020 197.7026 14.17441008470116
0 COSMOS 2251 DEB
1 34790U 93036AAT 18105.69722119 +.00000281 +00000-0 +14272-3 0  9996
2 34790 074.0573 197.9730 0108778 218.1596 295.5843 14.17441210468739
0 COSMOS 2251 DEB
1 34790U 93036AAT 18106.39669670  .00000310  00000-0  15594-3 0  9997
2 34790  74.0573 196.7287 0108782 216.7702 264.8356 14.17441680470261
0 COSMOS 2251 DEB
1 34790U 93036AAT 18107.58529028  .00000384  00000-0  19050-3 0  9993
2 34790  74.0573 194.6143 0108768 214.4004 209.9484 14.17442698470434
0 COSMOS 2251 DEB
1 34790U 93036AAT 18107.67297272 +.00000388 +00000-0 +19233-3 0  9993
2 34790 074.0572 194.4583 0108773 214.2301 297.3668 14.17442768469018
0 COSMOS 2251 DEB
1 34790U 93036AAT 18108.28945941 +.00000413 +00000-0 +20391-3 0  9990
2 34790 074.0572 193.3615 0108759 212.9959 203.1600 14.17443314469109
0 COSMOS 2251 DEB
1 34790U 93036AAT 18108.66088156  .00000427  00000-0  21064-3 0  9991
2 34790  74.0572 192.7008 0108752 212.2557 298.4411 14.17443625470584
0 COSMOS 2251 DEB
1 34790U 93036AAT 18109.64323955 +.00000443 +00000-0 +21808-3 0  9993
2 34790 074.0571 190.9532 0108742 210.2991 271.1877 14.17444475469298
0 COSMOS 2251 DEB
1 34790U 93036AAT 18110.63734795  .00000459  00000-0  22531-3 0  9993
2 34790  74.0571 189.1848 0108727 208.3169 303.9009 14.17445499470869
0 COSMOS 2251 DEB
1 34790U 93036AAT 18111.62569809 +.00000459 +00000-0 +22547-3 0  9992
2 34790 074.0569 187.4265 0108707 206.3513 307.2301 14.17446552469578
0 COSMOS 2251 DEB
1 34790U 93036AAT 18112.24173424  .00000432  00000-0  21264-3 0  9991
2 34790  74.0568 186.3305 0108689 205.1248 210.7275 14.17447108471097
0 COSMOS 2251 DEB
1 34790U 93036AAT 18112.61525681 +.00000428 +00000-0 +21107-3 0  9999
2 34790 074.0568 185.6662 0108685 204.3667 316.7470 14.17447516469710
0 COSMOS 2251 DEB
1 34790U 93036AAT 18112.68531316 +.00000423 +00000-0 +20868-3 0  9996
2 34790 074.0569 185.5416 0108686 204.2273 314.2292 14.17447569469724
0 COSMOS 2251 DEB
1 34790U 93036AAT 18113.38494618  .00000390  00000-0  19306-3 0  9995
2 34790  74.0568 184.2970 0108673 202.8254 284.3158 14.17448228471255
0 COSMOS 2251 DEB
1 34790U 93036AAT 18113.59588334 +.00000376 +00000-0 +18688-3 0  9993
2 34790 074.0567 183.9218 0108669 202.4049 280.6835 14.17448372469852
0 COSMOS 2251 DEB
1 34790U 93036AAT 18113.93521347 +.00000366 +00000-0 +18205-3 0  9996
2 34790 074.0567 183.3182 0108664 201.7276 212.2156 14.17448745469902
0 COSMOS 2251 DEB
1 34790U 93036AAT 18114.37331656 +.00000344 +00000-0 +17169-3 0  9991
2 34790 074.0567 182.5388 0108661 200.8524 287.7664 14.17449127469966
0 COSMOS 2251 DEB
1 34790U 93036AAT 18114.66120918  .00000325  00000-0  16281-3 0  9993
2 34790  74.0567 182.0267 0108653 200.2797 316.8213 14.17449313471430
0 COSMOS 2251 DEB
1 34790U 93036AAT 18115.64907912 +.00000281 +00000-0 +14244-3 0  9997
2 34790 074.0566 180.2695 0108636 198.3183 317.7104 14.17450067470145
0 COSMOS 2251 DEB
1 34790U 93036AAT 18116.18917762  .00000247  00000-0  12649-3 0  9990
2 34790  74.0565 179.3086 0108627 197.2385 193.7257 14.17450371471655
0 COSMOS 2251 DEB
1 34790U 93036AAT 18116.63131209 +.00000230 +00000-0 +11871-3 0  9992
2 34790 074.0565 178.5221 0108616 196.3583 289.8466 14.17450601470288
0 COSMOS 2251 DEB
1 34790U 93036AAT 18117.53704029  .00000208  00000-0  10856-3 0  9995
2 34790  74.0563 176.9108 0108607 194.5529 231.5939 14.17451094471841
0 COSMOS 2251 DEB
1 34790U 93036AAT 18117.61886567 +.00000211 +00000-0 +10988-3 0  9992
2 34790 074.0563 176.7652 0108605 194.3867 289.1357 14.17451172470427
0 COSMOS 2251 DEB
1 34790U 93036AAT 18118.61275815  .00000201  00000-0  10528-3 0  9990
2 34790  74.0562 174.9970 0108585 192.4006 320.7738 14.17451657471996
0 COSMOS 2251 DEB
1 34790U 93036AAT 18118.61275815 +.00000201 +00000-0 +10528-3 0  9990
2 34790 074.0562 174.9970 0108585 192.4006 320.7738 14.17451657470568
0 COSMOS 2251 DEB
1 34790U 93036AAT 18119.59480206 +.00000210 +00000-0 +10952-3 0  9991
2 34790 074.0561 173.2500 0108557 190.4386 291.9517 14.17452146470700
0 COSMOS 2251 DEB
1 34790U 93036AAT 18120.21901722  .00000214  00000-0  11122-3 0  9997
2 34790  74.0561 172.1395 0108542 189.1856 237.2059 14.17452424472223
0 COSMOS 2251 DEB
1 34790U 93036AAT 18120.58871682 +.00000225 +00000-0 +11653-3 0  9999
2 34790 074.0560 171.4818 0108532 188.4465 323.7114 14.17452602470848
0 COSMOS 2251 DEB
1 34790U 93036AAT 18121.57667785  .00000260  00000-0  13280-3 0  9993
2 34790  74.0559 169.7242 0108501 186.4705 325.0883 14.17453188472411
0 COSMOS 2251 DEB
1 34790U 93036AAT 18122.56472042 +.00000301 +00000-0 +15168-3 0  9996
2 34790 074.0558 167.9664 0108474 184.4885 326.8889 14.17453827471126
0 COSMOS 2251 DEB
1 34790U 93036AAT 18122.89939543 +.00000309 +00000-0 +15555-3 0  9994
2 34790 074.0558 167.3710 0108458 183.8130 234.6787 14.17454016471179
0 COSMOS 2251 DEB
1 34790U 93036AAT 18123.10562387  .00000318  00000-0  15951-3 0  9997
2 34790  74.0557 167.0041 0108453 183.3979 207.0265 14.17454174472635
0 COSMOS 2251 DEB
1 34790U 93036AAT 18123.88696890 +.00000356 +00000-0 +17747-3 0  9996
2 34790 074.0557 165.6140 0108424 181.8252 234.0955 14.17454770471316
0 COSMOS 2251 DEB
1 34790U 93036AAT 18124.16940502  .00000362  00000-0  18026-3 0  9998
2 34790  74.0556 165.1115 0108415 181.2553 235.3201 14.17454972472784
0 COSMOS 2251 DEB
1 34790U 93036AAT 18124.45332267 +.00000374 +00000-0 +18556-3 0  9994
2 34790 074.0556 164.6064 0108404 180.6873 244.0996 14.17455145471394
0 COSMOS 2251 DEB
1 34790U 93036AAT 18124.87514689 +.00000384 +00000-0 +19034-3 0  9993
2 34790 074.0555 163.8559 0108383 179.8377 236.5978 14.17455460471451
0 COSMOS 2251 DEB
1 34790U 93036AAT 18125.52892208  .00000402  00000-0  19875-3 0  9996
2 34790  74.0555 162.6928 0108358 178.5246 332.6999 14.17455956472970
0 COSMOS 2251 DEB
1 34790U 93036AAT 18126.51014252 +.00000429 +00000-0 +21145-3 0  9993
2 34790 074.0554 160.9470 0108315 176.5508 299.7049 14.17456819471689
0 COSMOS 2251 DEB
1 34790U 93036AAT 18127.13359117  .00000419  00000-0  20652-3 0  9995
2 34790  74.0553 159.8378 0108288 175.2927 241.0654 14.17457283473200
0 COSMOS 2251 DEB
1 34790U 93036AAT 18127.50532920 +.00000422 +00000-0 +20814-3 0  9995
2 34790 074.0552 159.1764 0108273 174.5454 337.9840 14.17457589471829
0 COSMOS 2251 DEB
1 34790U 93036AAT 18127.91253027 +.00000407 +00000-0 +20114-3 0  9994
2 34790 074.0552 158.4519 0108254 173.7241 255.8679 14.17457866471885
0 COSMOS 2251 DEB
1 34790U 93036AAT 18128.20353733  .00000400  00000-0  19756-3 0  9995
2 34790  74.0552 157.9341 0108245 173.1376 300.8319 14.17458114473358
0 COSMOS 2251 DEB
1 34790U 93036AAT 18128.49514184 +.00000396 +00000-0 +19576-3 0  9999
2 34790 074.0551 157.4153 0108231 172.5512 348.8435 14.17458344471964
0 COSMOS 2251 DEB
1 34790U 93036AAT 18129.26449047  .00000369  00000-0  18353-3 0  9992
2 34790  74.0551 156.0465 0108194 171.0022 314.7113 14.17458979473504
0 COSMOS 2251 DEB
1 34790U 93036AAT 18129.88785376 +.00000347 +00000-0 +17316-3 0  9992
2 34790 074.0550 154.9374 0108162 169.7504 255.6367 14.17459489472165
0 COSMOS 2251 DEB
1 34790U 93036AAT 18130.25354576 +.00000338 +00000-0 +16892-3 0  9997
2 34790 074.0550 154.2868 0108150 169.0116 321.7110 14.17459833472215
0 COSMOS 2251 DEB
1 34790U 93036AAT 18130.87657361 +.00000312 +00000-0 +15664-3 0  9991
2 34790 074.0549 153.1783 0108120 167.7564 260.9307 14.17460317472307
0 COSMOS 2251 DEB
1 34790U 93036AAT 18131.08705054  .00000296  00000-0  14920-3 0  9993
2 34790  74.0549 152.8038 0108114 167.3315 254.9647 14.17460453473761
0 COSMOS 2251 DEB
1 34790U 93036AAT 18131.86374417 +.00000264 +00000-0 +13446-3 0  9991
2 34790 074.0549 151.4219 0108080 165.7667 258.3201 14.17461003472441
0 COSMOS 2251 DEB
1 34790U 93036AAT 18132.14589869  .00000244  00000-0  12506-3 0  9996
2 34790  74.0548 150.9199 0108073 165.1979 258.1146 14.17461160473916
0 COSMOS 2251 DEB
1 34790U 93036AAT 18132.51126244 +.00000246 +00000-0 +12604-3 0  9992
2 34790 074.0549 150.2699 0108056 164.4597 322.5161 14.17461485472534
0 COSMOS 2251 DEB
1 34790U 93036AAT 18133.42856301  .00000199  00000-0  10414-3 0  9991
2 34790  74.0548 148.6378 0108026 162.6095 323.3729 14.17461908474090
0 COSMOS 2251 DEB
1 34790U 93036AAT 18133.83975632 +.00000192 +00000-0 +10061-3 0  9996
2 34790 074.0548 147.9062 0108012 161.7799 261.6360 14.17462164472726
0 COSMOS 2251 DEB
1 34790U 93036AAT 18134.49247723  .00000174  00000-0  92656-4 0  9993
2 34790  74.0548 146.7449 0107997 160.4633 352.3806 14.17462437474241
0 COSMOS 2251 DEB
1 34790U 93036AAT 18135.47446583 +.00000163 +00000-0 +87316-4 0  9992
2 34790 074.0547 144.9977 0107966 158.4759 323.3404 14.17462838472951
0 COSMOS 2251 DEB
1 34790U 93036AAT 18136.09890345  .00000163  00000-0  87393-4 0  9995
2 34790  74.0547 143.8868 0107955 157.2104 269.7663 14.17463102474471
0 COSMOS 2251 DEB
1 34790U 93036AAT 18136.46835994 +.00000175 +00000-0 +92988-4 0  9994
2 34790 074.0547 143.2294 0107943 156.4622 355.0552 14.17463258473096
0 COSMOS 2251 DEB
1 34790U 93036AAT 18137.45013466  .00000210  00000-0  10915-3 0  9995
2 34790  74.0546 141.4826 0107916 154.4690 324.9313 14.17463738474666
0 COSMOS 2251 DEB
1 34790U 93036AAT 18137.45013466 +.00000210 +00000-0 +10915-3 0  9995
2 34790 074.0546 141.4826 0107916 154.4690 324.9313 14.17463738473238
0 COSMOS 2251 DEB
1 34790U 93036AAT 18138.43841583 +.00000254 +00000-0 +12969-3 0  9992
2 34790 074.0546 139.7243 0107890 152.4607 328.0121 14.17464266473372
0 COSMOS 2251 DEB
1 34790U 93036AAT 18139.14401933  .00000294  00000-0  14810-3 0  9993
2 34790  74.0546 138.4688 0107881 151.0258 328.6250 14.17464728474900
0 COSMOS 2251 DEB
1 34790U 93036AAT 18139.43235968 +.00000308 +00000-0 +15468-3 0  9994
2 34790 074.0546 137.9558 0107874 150.4387 359.9930 14.17464876473510
0 COSMOS 2251 DEB
1 34790U 93036AAT 18139.97366311 +.00000335 +00000-0 +16754-3 0  9999
2 34790 074.0546 136.9927 0107871 149.3341 242.2065 14.17465249473599
0 COSMOS 2251 DEB
1 34790U 93036AAT 18140.42048203  .00000368  00000-0  18271-3 0  9990
2 34790  74.0546 136.1977 0107858 148.4274   2.2716 14.17465633475086
0 COSMOS 2251 DEB
1 34790U 93036AAT 18141.03747105 +.00000394 +00000-0 +19501-3 0  9991
2 34790 074.0546 135.1000 0107854 147.1681 270.7030 14.17466123473743
0 COSMOS 2251 DEB
1 34790U 93036AAT 18142.67329017  .00000446  00000-0  21901-3 0  9995
2 34790  74.0547 132.1895 0107778 143.8444 338.1106 14.17467509475405
0 COSMOS 2251 DEB
1 34790U 93036AAT 18143.08726442 +.00000445 +00000-0 +21878-3 0  9996
2 34790 074.0548 131.4529 0107825 142.9819 290.5989 14.17467851474039
0 COSMOS 2251 DEB
1 34790U 93036AAT 18143.92578899 +.00000438 +00000-0 +21530-3 0  9997
2 34790 074.0549 129.9610 0107805 141.2687 249.5136 14.17468578474154
0 COSMOS 2251 DEB
1 34790U 93036AAT 18144.35700558 +.00000420 +00000-0 +20709-3 0  9992
2 34790 074.0550 129.1938 0107798 140.3888 289.9723 14.17468882474210
0 COSMOS 2251 DEB
1 34790U 93036AAT 18145.35459067  .00000367  00000-0  18214-3 0  9997
2 34790  74.0552 127.4190 0107758 138.3574 340.5558 14.17469592475780
0 COSMOS 2251 DEB
1 34790U 93036AAT 18146.42082881  .00000291  00000-0  14705-3 0  9999
2 34790  74.0553 125.5221 0107726 136.1854  21.4735 14.17470243475931
0 COSMOS 2251 DEB
1 34790U 93036AAT 18146.68300515 +.00000270 +00000-0 +13699-3 0  9992
2 34790 074.0553 125.0556 0107726 135.6486 279.3389 14.17470369474546
0 COSMOS 2251 DEB
1 34790U 93036AAT 18147.40843854 +.00000212 +00000-0 +10982-3 0  9999
2 34790 074.0553 123.7648 0107714 134.1712 021.1612 14.17470649474640
0 COSMOS 2251 DEB
1 34790U 93036AAT 18148.02567644  .00000163  00000-0  86968-4 0  9991
2 34790  74.0553 122.6665 0107727 132.9080 290.8786 14.17470868476164
0 COSMOS 2251 DEB
1 34790U 93036AAT 18148.39623516 +.00000141 +00000-0 +77083-4 0  9996
2 34790 074.0554 122.0072 0107719 132.1513 021.8095 14.17470982474783
0 COSMOS 2251 DEB
1 34790U 93036AAT 18148.93694454 +.00000113 +00000-0 +64069-4 0  9994
2 34790 074.0554 121.0452 0107716 131.0499 261.0033 14.17471189474861
0 COSMOS 2251 DEB
1 34790U 93036AAT 18149.09683260  .00000101  00000-0  58306-4 0  9999
2 34790  74.0554 120.7607 0107709 130.7266 356.8959 14.17471190476313
0 COSMOS 2251 DEB
1 34790U 93036AAT 18149.38414785 +.00000087 +00000-0 +51671-4 0  9996
2 34790 074.0554 120.2496 0107706 130.1404 023.0417 14.17471234474925
0 COSMOS 2251 DEB
1 34790U 93036AAT 18149.92504346 +.00000070 +00000-0 +43935-4 0  9995
2 34790 074.0555 119.2872 0107709 129.0360 263.1885 14.17471390475002
0 COSMOS 2251 DEB
1 34790U 93036AAT 18150.36641215  .00000061  00000-0  39598-4 0  9992
2 34790  74.0555 118.5020 0107709 128.1323 355.4588 14.17471414476494
0 COSMOS 2251 DEB
1 34790U 93036AAT 18150.91316822 +.00000059 +00000-0 +38771-4 0  9995
2 34790 074.0555 117.5293 0107714 127.0184 265.5082 14.17471540475145
0 COSMOS 2251 DEB
1 34790U 93036AAT 18151.35400512 +.00000055 +00000-0 +36796-4 0  9995
2 34790 074.0556 116.7449 0107700 126.1186 355.0622 14.17471542475201
0 COSMOS 2251 DEB
1 34790U 93036AAT 18151.90118406 +.00000075 +00000-0 +46313-4 0  9992
2 34790 074.0556 115.7714 0107709 125.0019 267.2711 14.17471713475288
0 COSMOS 2251 DEB
1 34790U 93036AAT 18152.34791825 +.00000099 +00000-0 +57545-4 0  9998
2 34790 074.0557 114.9767 0107699 124.0894 026.9193 14.17471835475342
0 COSMOS 2251 DEB
1 34790U 93036AAT 18153.33589149  .00000172  00000-0  91221-4 0  9993
2 34790  74.0558 113.2189 0107717 122.0697  28.4696 14.17472302476912
0 COSMOS 2251 DEB
1 34790U 93036AAT 18153.95275911 +.00000220 +00000-0 +11354-3 0  9992
2 34790 074.0558 112.1215 0107729 120.8103 296.2960 14.17472662475570
0 COSMOS 2251 DEB
1 34790U 93036AAT 18154.32386148 +.00000255 +00000-0 +12987-3 0  9990
2 34790 074.0559 111.4612 0107734 120.0517 030.0029 14.17472883475622
0 COSMOS 2251 DEB
1 34790U 93036AAT 18155.31228718  .00000356  00000-0  17696-3 0  9992
2 34790  74.0560 109.7027 0107757 118.0315  33.8663 14.17473741477195
0 COSMOS 2251 DEB
1 34790U 93036AAT 18155.85383375 +.00000414 +00000-0 +20396-3 0  9998
2 34790 074.0560 108.7392 0107765 116.9289 277.3365 14.17474369475846
0 COSMOS 2251 DEB
1 34790U 93036AAT 18156.29994834 +.00000446 +00000-0 +21895-3 0  9995
2 34790 074.0561 107.9455 0107772 116.0174 033.8279 14.17474767475908
0 COSMOS 2251 DEB
1 34790U 93036AAT 18156.91682872 +.00000479 +00000-0 +23413-3 0  9994
2 34790 074.0561 106.8480 0107789 114.7561 301.7271 14.17475362475997
0 COSMOS 2251 DEB
1 34790U 93036AAT 18156.91682872 +.00000479 +00000-0 +23413-3 0  9994
2 34790 074.0561 106.8480 0107789 114.7561 301.7271 14.17475362477427
0 COSMOS 2251 DEB
1 34790U 93036AAT 18157.90487288 +.00000518 +00000-0 +25261-3 0  9995
2 34790 074.0563 105.0903 0107796 112.7313 303.6584 14.17476384476131
0 COSMOS 2251 DEB
1 34790U 93036AAT 18158.27609434  .00000535  00000-0  26021-3 0  9999
2 34790  74.0564 104.4298 0107800 111.9722  37.9791 14.17476802477619
0 COSMOS 2251 DEB
1 34790U 93036AAT 18159.26582420 +.00000525 +00000-0 +25559-3 0  9998
2 34790 074.0565 102.6690 0107815 109.9478 048.5147 14.17477783476326
0 COSMOS 2251 DEB
1 34790U 93036AAT 18159.67188441 +.00000506 +00000-0 +24697-3 0  9999
2 34790 074.0565 101.9465 0107827 109.1156 320.6197 14.17478129477815
0 COSMOS 2251 DEB
1 34790U 93036AAT 18160.86905958  .00000445  00000-0  21819-3 0  9997
2 34790  74.0567  99.8166 0107852 106.6691 309.7428 14.17479238477989
0 COSMOS 2251 DEB
1 34790U 93036AAT 18161.85909587 +.00000359 +00000-0 +17832-3 0  9993
2 34790 074.0568 098.0552 0107867 104.6455 321.8502 14.17479914476698
0 COSMOS 2251 DEB
1 34790U 93036AAT 18162.01146486  .00000355  00000-0  17633-3 0  9998
2 34790  74.0568  97.7841 0107873 104.3344  19.3822 14.17480081478149
0 COSMOS 2251 DEB
1 34790U 93036AAT 18162.63504590 +.00000302 +00000-0 +15193-3 0  9991
2 34790 074.0568 096.6747 0107888 103.0582 321.4896 14.17480468476806
0 COSMOS 2251 DEB
1 34790U 93036AAT 18163.28158853  .00000247  00000-0  12615-3 0  9994
2 34790  74.0569  95.5244 0107901 101.7401  20.7651 14.17480835478323
0 COSMOS 2251 DEB
1 34790U 93036AAT 18163.83525782 +.00000180 +00000-0 +95159-4 0  9995
2 34790 074.0569 094.5394 0107914 100.6108 326.1129 14.17480964476979
0 COSMOS 2251 DEB
1 34790U 93036AAT 18164.18854319 +.00000154 +00000-0 +83095-4 0  9992
2 34790 074.0569 093.9109 0107917 099.8909 328.9108 14.17481081477022
0 COSMOS 2251 DEB
1 34790U 93036AAT 18164.89429189  .00000109  00000-0  62120-4 0  9999
2 34790  74.0569  92.6552 0107945  98.4515 330.3141 14.17481377478550
0 COSMOS 2251 DEB
1 34790U 93036AAT 18165.26364170 +.00000095 +00000-0 +55171-4 0  9991
2 34790 074.0569 091.9981 0107957 097.7006 055.0868 14.17481492477170
0 COSMOS 2251 DEB
1 34790U 93036AAT 18165.88085221 +.00000061 +00000-0 +39767-4 0  9992
2 34790 074.0569 090.9000 0107981 096.4446 324.6805 14.17481607477266
0 COSMOS 2251 DEB
1 34790U 93036AAT 18166.25156028  .00000053  00000-0  35977-4 0  9998
2 34790  74.0570  90.2405 0107990  95.6901  56.3846 14.17481655478748
0 COSMOS 2251 DEB
1 34790U 93036AAT 18166.79066480 +.00000062 +00000-0 +39847-4 0  9999
2 34790 074.0570 089.2814 0108005 094.5933 287.4084 14.17481917477393
0 COSMOS 2251 DEB
1 34790U 93036AAT 18167.23347986 +.00000066 +00000-0 +42087-4 0  9996
2 34790 074.0570 088.4936 0108023 093.6946 027.0688 14.17482024477458
0 COSMOS 2251 DEB
1 34790U 93036AAT 18167.85783181 +.00000077 +00000-0 +47215-4 0  9995
2 34790 074.0570 087.3828 0108043 092.4273 333.1023 14.17482206478972
0 COSMOS 2251 DEB
1 34790U 93036AAT 18168.22120448 +.00000092 +00000-0 +53778-4 0  9996
2 34790 074.0570 086.7363 0108056 091.6877 027.3746 14.17482295477593
0 COSMOS 2251 DEB
1 34790U 93036AAT 18168.92674029 +.00000117 +00000-0 +65621-4 0  9990
2 34790 074.0571 085.4812 0108085 090.2549 027.6854 14.17482496477699
0 COSMOS 2251 DEB
1 34790U 93036AAT 18169.21518568  .00000144  00000-0  78230-4 0  9998
2 34790  74.0571  84.9680 0108097  89.6673  59.6084 14.17482653479168
0 COSMOS 2251 DEB
1 34790U 93036AAT 18170.20336243 +.00000224 +00000-0 +11527-3 0  9991
2 34790 074.0571 083.2100 0108141 087.6624 062.2205 14.17483228477871
0 COSMOS 2251 DEB
1 34790U 93036AAT 18170.74310716 +.00000279 +00000-0 +14107-3 0  9994
2 34790 074.0571 082.2497 0108166 086.5673 296.5094 14.17483669479383
0 COSMOS 2251 DEB
1 34790U 93036AAT 18171.19136211 +.00000312 +00000-0 +15650-3 0  9992
2 34790 074.0572 081.4523 0108184 085.6568 063.9317 14.17483937478019
0 COSMOS 2251 DEB
1 34790U 93036AAT 18171.73284382 +.00000358 +00000-0 +17778-3 0  9998
2 34790 074.0572 080.4889 0108209 084.5577 307.0859 14.17484377478099
0 COSMOS 2251 DEB
1 34790U 93036AAT 18172.72071789  .00000436  00000-0  21405-3 0  9992
2 34790  74.0572  78.7314 0108257  82.5549 308.1583 14.17485264479668
0 COSMOS 2251 DEB
1 34790U 93036AAT 18173.15213058 +.00000454 +00000-0 +22247-3 0  9992
2 34790 074.0572 077.9638 0108274 081.6783 349.6381 14.17485564478294
0 COSMOS 2251 DEB
1 34790U 93036AAT 18174.14010801  .00000503  00000-0  24513-3 0  9996
2 34790  74.0573  76.2062 0108318  79.6748 351.2435 14.17486536479868
0 COSMOS 2251 DEB
1 34790U 93036AAT 18174.48972545 +.00000511 +00000-0 +24905-3 0  9999
2 34790 074.0573 075.5842 0108332 078.9638 335.3286 14.17486863478489
0 COSMOS 2251 DEB
1 34790U 93036AAT 18174.69647147 +.00000520 +00000-0 +25317-3 0  9997
2 34790 074.0572 075.2164 0108343 078.5456 310.3444 14.17487117478514
0 COSMOS 2251 DEB
1 34790U 93036AAT 18175.47774942  .00000545  00000-0  26506-3 0  9996
2 34790  74.0573  73.8264 0108370  76.9570 337.1816 14.17488064480053
0 COSMOS 2251 DEB
1 34790U 93036AAT 18176.67252531  .00000496  00000-0  24195-3 0  9991
2 34790  74.0572  71.7007 0108416  74.5289 314.0889 14.17489149480224
0 COSMOS 2251 DEB
1 34790U 93036AAT 18177.39645924 +.00000478 +00000-0 +23342-3 0  9996
2 34790 074.0573 070.4128 0108446 073.0612 048.3032 14.17489958478897
0 COSMOS 2251 DEB
1 34790U 93036AAT 18177.73758197  .00000441  00000-0  21633-3 0  9992
2 34790  74.0572  69.8059 0108460  72.3708 349.0423 14.17490198480374
0 COSMOS 2251 DEB
1 34790U 93036AAT 18178.17988417 +.00000406 +00000-0 +20010-3 0  9990
2 34790 074.0573 069.0190 0108471 071.4709 086.1023 14.17490548479008
0 COSMOS 2251 DEB
1 34790U 93036AAT 18178.79657663 +.00000343 +00000-0 +17090-3 0  9998
2 34790 074.0572 067.9217 0108495 070.2220 353.0682 14.17490976480526
0 COSMOS 2251 DEB
1 34790U 93036AAT 18179.16153874 +.00000322 +00000-0 +16105-3 0  9998
2 34790 074.0572 067.2724 0108510 069.4807 055.4634 14.17491303479142
0 COSMOS 2251 DEB
1 34790U 93036AAT 18179.79447740 +.00000226 +00000-0 +11645-3 0  9992
2 34790 074.0573 066.1466 0108528 068.1913 045.3415 14.17491466479232
0 COSMOS 2251 DEB
1 34790U 93036AAT 18180.07819350  .00000202  00000-0  10498-3 0  9994
2 34790  74.0573  65.6418 0108535  67.6162  53.1389 14.17491602480704
0 COSMOS 2251 DEB
1 34790U 93036AAT 18180.78241775 +.00000116 +00000-0 +65003-4 0  9999
2 34790 074.0572 064.3889 0108558 066.1907 046.7781 14.17491734479378
0 COSMOS 2251 DEB
1 34790U 93036AAT 18181.76074677  .00000020  00000-0  20536-4 0  9999
2 34790  74.0571  62.6483 0108594  64.2111 359.1662 14.17491781480940
0 COSMOS 2251 DEB
1 34790U 93036AAT 18182.83174684 -.00000030  00000-0 -25850-5 0  9995
2 34790  74.0570  60.7428 0108622  62.0453  64.4512 14.17491858481096
0 COSMOS 2251 DEB
1 34790U 93036AAT 18183.45495340 -.00000038 +00000-0 -64028-5 0  9997
2 34790 074.0569 059.6340 0108643 060.7835 004.6588 14.17491878479757
0 COSMOS 2251 DEB
1 34790U 93036AAT 18184.10685721 -.00000037  00000-0 -58810-5 0  9995
2 34790  74.0569  58.4741 0108663  59.4679  91.3030 14.17491879481278
0 COSMOS 2251 DEB
1 34790U 93036AAT 18184.38317340 -.00000045 +00000-0 -96535-5 0  9999
2 34790 074.0568 057.9824 0108661 058.9014 061.3435 14.17491759479885
0 COSMOS 2251 DEB
1 34790U 93036AAT 18184.80613127 -.00000028 +00000-0 -16295-5 0  9994
2 34790 074.0568 057.2298 0108673 058.0483 059.6832 14.17491804479946
0 COSMOS 2251 DEB
1 34790U 93036AAT 18185.09479671 -.00000010 +00000-0 +65008-5 0  9996
2 34790 074.0567 056.7162 0108677 057.4663 092.7327 14.17491834479980
0 COSMOS 2251 DEB
1 34790U 93036AAT 18186.41738209 +.00000079 +00000-0 +47882-4 0  9991
2 34790 074.0567 054.3630 0108723 054.7974 001.8404 14.17492016480174
0 COSMOS 2251 DEB
1 34790U 93036AAT 18186.78214958 +.00000106 +00000-0 +60580-4 0  9992
2 34790 074.0566 053.7140 0108732 054.0614 063.2365 14.17492109480223
0 COSMOS 2251 DEB
1 34790U 93036AAT 18187.40540543 +.00000188 +00000-0 +98608-4 0  9996
2 34790 074.0566 052.6050 0108755 052.8006 003.6938 14.17492482481743
0 COSMOS 2251 DEB
1 34790U 93036AAT 18188.05862487 +.00000236 +00000-0 +12108-3 0  9996
2 34790 074.0566 051.4427 0108776 051.4833 097.0503 14.17492698480400
0 COSMOS 2251 DEB
1 34790U 93036AAT 18189.74643944 +.00000394 +00000-0 +19477-3 0  9999
2 34790 074.0565 048.4395 0108828 048.0779 069.9197 14.17493987480643
0 COSMOS 2251 DEB
1 34790U 93036AAT 18190.02892159 +.00000422 +00000-0 +20740-3 0  9993
2 34790 074.0565 047.9368 0108836 047.5112 071.4156 14.17494259480681
0 COSMOS 2251 DEB
1 34790U 93036AAT 18190.73328062  .00000438  00000-0  21514-3 0  9995
2 34790  74.0565  46.6835 0108858  46.0912  65.7421 14.17494784482217
0 COSMOS 2251 DEB
1 34790U 93036AAT 18191.63962285 +.00000446 +00000-0 +21881-3 0  9992
2 34790 074.0564 045.0707 0108888 044.2575 010.7933 14.17495552480912
0 COSMOS 2251 DEB
1 34790U 93036AAT 18192.00662500  .00000435  00000-0  21355-3 0  9995
2 34790  74.0564  44.4177 0108895  43.5130  83.6026 14.17495793482396
0 COSMOS 2251 DEB
1 34790U 93036AAT 18192.55061906 +.00000414 +00000-0 +20380-3 0  9992
2 34790 074.0564 043.4496 0108913 042.4099 339.6019 14.17496260481049
0 COSMOS 2251 DEB
1 34790U 93036AAT 18194.05959431  .00000311  00000-0  15622-3 0  9997
2 34790  74.0564  40.7646 0108942  39.3552 119.8963 14.17497408482689
0 COSMOS 2251 DEB
1 34790U 93036AAT 18194.39313760 +.00000283 +00000-0 +14279-3 0  9998
2 34790 074.0564 040.1711 0108954 038.6785 021.9688 14.17497629481309
0 COSMOS 2251 DEB
1 34790U 93036AAT 18194.75830789 +.00000245 +00000-0 +12549-3 0  9999
2 34790 074.0564 039.5213 0108958 037.9392 085.4331 14.17497861481351
0 COSMOS 2251 DEB
1 34790U 93036AAT 18197.63977975 -.00000033  00000-0 -39422-5 0  9996
2 34790  74.0563  34.3940 0108992  32.1088  29.5860 14.17498716483197
0 COSMOS 2251 DEB
1 34790U 93036AAT 18197.63977975 -.00000033 +00000-0 -39422-5 0  9996
2 34790 074.0563 034.3940 0108992 032.1088 029.5860 14.17498716481768
0 COSMOS 2251 DEB
1 34790U 93036AAT 18197.93371431 -.00000047 +00000-0 -10213-4 0  9995
2 34790 074.0564 033.8711 0109000 031.5102 089.5382 14.17498755481803
0 COSMOS 2251 DEB
1 34790U 93036AAT 18198.62832537 -.00000074 +00000-0 -23133-4 0  9996
2 34790 074.0563 032.6350 0108996 030.1143 034.1300 14.17498860481905
0 COSMOS 2251 DEB
1 34790U 93036AAT 18198.99268804 -.00000089  00000-0 -29815-4 0  9995
2 34790  74.0564  31.9867 0109000  29.3783  93.4712 14.17498802483383
0 COSMOS 2251 DEB
1 34790U 93036AAT 18199.53741913 -.00000086 +00000-0 -28328-4 0  9998
2 34790 074.0564 031.0175 0109011 028.2752 353.2344 14.17498851482035
0 COSMOS 2251 DEB
1 34790U 93036AAT 18200.60388935 -.00000071  00000-0 -21324-4 0  9993
2 34790  74.0564  29.1198 0109022  26.1181  35.4283 14.17498759483616
0 COSMOS 2251 DEB
1 34790U 93036AAT 18200.60388935 -.00000071 +00000-0 -21324-4 0  9993
2 34790 074.0564 029.1198 0109022 026.1181 035.4283 14.17498759482187
0 COSMOS 2251 DEB
1 34790U 93036AAT 18201.51573519 -.00000003 +00000-0 +99202-5 0  9993
2 34790 074.0564 027.4972 0109031 024.2745 008.5734 14.17498895482311
0 COSMOS 2251 DEB
1 34790U 93036AAT 18201.96219894  .00000037  00000-0  28496-4 0  9997
2 34790  74.0564  26.7028 0109032  23.3725 126.8751 14.17498980483807
0 COSMOS 2251 DEB
1 34790U 93036AAT 18201.96219894 +.00000037 +00000-0 +28496-4 0  9997
2 34790 074.0564 026.7028 0109032 023.3725 126.8751 14.17498980482378
0 COSMOS 2251 DEB
1 34790U 93036AAT 18202.58037404 +.00000088 +00000-0 +52329-4 0  9999
2 34790 074.0564 025.6028 0109046 022.1235 041.4187 14.17499118482463
0 COSMOS 2251 DEB
1 34790U 93036AAT 18202.95021955 +.00000128 +00000-0 +70995-4 0  9998
2 34790 074.0564 024.9446 0109047 021.3757 128.7385 14.17499232482512
0 COSMOS 2251 DEB
1 34790U 93036AAT 18203.28488604  .00000164  00000-0  87743-4 0  9992
2 34790  74.0565  24.3492 0109053  20.6988  36.5405 14.17499383483992
0 COSMOS 2251 DEB
1 34790U 93036AAT 18203.56673677 +.00000189 +00000-0 +99510-4 0  9991
2 34790 074.0565 023.8477 0109054 020.1303 034.8223 14.17499497482608
0 COSMOS 2251 DEB
1 34790U 93036AAT 18203.93944951 +.00000224 +00000-0 +11570-3 0  9997
2 34790 074.0564 023.1844 0109064 019.3732 136.7772 14.17499612482650
0 COSMOS 2251 DEB
1 34790U 93036AAT 18204.47939510 +.00000278 +00000-0 +14099-3 0  9990
2 34790 074.0565 022.2236 0109078 018.2815 012.1182 14.17499932484166
0 COSMOS 2251 DEB
1 34790U 93036AAT 18205.46722490 +.00000364 +00000-0 +18061-3 0  9996
2 34790 074.0565 020.4660 0109100 016.2820 013.0157 14.17500598482876
0 COSMOS 2251 DEB
1 34790U 93036AAT 18205.91430153 +.00000382 +00000-0 +18909-3 0  9999
2 34790 074.0565 019.6704 0109102 015.3762 134.4502 14.17500821482930
0 COSMOS 2251 DEB
1 34790U 93036AAT 18206.90236271 +.00000405 +00000-0 +19987-3 0  9997
2 34790 074.0564 017.9122 0109131 013.3731 136.5356 14.17501437483070
0 COSMOS 2251 DEB
1 34790U 93036AAT 18207.44291472 +.00000405 +00000-0 +19982-3 0  9996
2 34790 074.0564 016.9503 0109144 012.2798 014.9769 14.17501834484582
0 COSMOS 2251 DEB
1 34790U 93036AAT 18208.95243500  .00000352  00000-0  17517-3 0  9995
2 34790  74.0567  14.2644 0109168   9.2151 158.0882 14.17502859484794
0 COSMOS 2251 DEB
1 34790U 93036AAT 18208.95243500 +.00000352 +00000-0 +17517-3 0  9995
2 34790 074.0567 014.2644 0109168 009.2151 158.0882 14.17502859483366
0 COSMOS 2251 DEB
1 34790U 93036AAT 18209.65045763 +.00000299 +00000-0 +15064-3 0  9999
2 34790 074.0569 013.0225 0109147 007.7958 120.1162 14.17503273483468
0 COSMOS 2251 DEB
1 34790U 93036AAT 18210.20022773  .00000254  00000-0  12955-3 0  9995
2 34790  74.0569  12.0441 0109177   6.6833  45.6027 14.17503541484976
0 COSMOS 2251 DEB
1 34790U 93036AAT 18210.56585712 +.00000221 +00000-0 +11459-3 0  9993
2 34790 074.0570 011.3936 0109185 005.9389 111.4213 14.17503751483595
0 COSMOS 2251 DEB
1 34790U 93036AAT 18211.46613457  .00000143  00000-0  78313-4 0  9997
2 34790  74.0571   9.7917 0109196   4.1076  25.5654 14.17504164485159
0 COSMOS 2251 DEB
1 34790U 93036AAT 18211.82638028 +.00000109 +00000-0 +62194-4 0  9990
2 34790 074.0571 009.1507 0109208 003.3719 063.9133 14.17504233483778
0 COSMOS 2251 DEB
1 34790U 93036AAT 18212.90191417  .00000012  00000-0  17044-4 0  9993
2 34790  74.0572   7.2369 0109231   1.1830 152.3985 14.17504429485351
0 COSMOS 2251 DEB
1 34790U 93036AAT 18213.88991314 -.00000049 +00000-0 -11327-4 0  9995
2 34790 074.0573 005.4789 0109246 359.1741 154.1883 14.17504532484060
0 COSMOS 2251 DEB
1 34790U 93036AAT 18214.22546331 -.00000066  00000-0 -19071-4 0  9992
2 34790  74.0573   4.8819 0109257 358.4927  66.5102 14.17504526485544
0 COSMOS 2251 DEB
1 34790U 93036AAT 18214.87806958 -.00000089 +00000-0 -29502-4 0  9992
2 34790 074.0573 003.7206 0109263 357.1646 156.7806 14.17504491484209
0 COSMOS 2251 DEB
1 34790U 93036AAT 18215.41886057 -.00000095  00000-0 -32560-4 0  9996
2 34790  74.0573   2.7584 0109271 356.0655  36.4524 14.17504480485710
0 COSMOS 2251 DEB
1 34790U 93036AAT 18216.40649355 -.00000079 +00000-0 -25216-4 0  9996
2 34790 074.0574 001.0011 0109290 354.0608 036.3682 14.17504452484425
0 COSMOS 2251 DEB
1 34790U 93036AAT 18216.76615833 -.00000066  00000-0 -18941-4 0  9992
2 34790  74.0574   0.3612 0109293 353.3270  71.7498 14.17504418485908
0 COSMOS 2251 DEB
1 34790U 93036AAT 18217.55295793 -.00000019 +00000-0 +29539-5 0  9992
2 34790 074.0575 358.9612 0109315 351.7348 126.8022 14.17504521484587
0 COSMOS 2251 DEB
1 34790U 93036AAT 18217.84396477  .00000001  00000-0  12166-4 0  9992
2 34790  74.0575 358.4435 0109319 351.1413 171.8195 14.17504533486054
0 COSMOS 2251 DEB
1 34790U 93036AAT 18218.82961215 +.00000076 +00000-0 +46914-4 0  9999
2 34790 074.0576 356.6898 0109336 349.1422 161.5991 14.17504684484767
0 COSMOS 2251 DEB
1 34790U 93036AAT 18219.16347394  .00000107  00000-0  61367-4 0  9997
2 34790  74.0576 356.0957 0109344 348.4652  65.3033 14.17504807486243
0 COSMOS 2251 DEB
1 34790U 93036AAT 18219.81746681 +.00000166 +00000-0 +89021-4 0  9993
2 34790 074.0576 354.9321 0109358 347.1385 162.6436 14.17505027484903
0 COSMOS 2251 DEB
1 34790U 93036AAT 18220.35919657  .00000214  00000-0  11111-3 0  9997
2 34790  74.0577 353.9682 0109375 346.0458  47.0970 14.17505269486416
0 COSMOS 2251 DEB
1 34790U 93036AAT 18220.80547896 +.00000246 +00000-0 +12627-3 0  9997
2 34790 074.0577 353.1742 0109387 345.1373 164.4895 14.17505413485043
0 COSMOS 2251 DEB
1 34790U 93036AAT 18221.57714229  .00000305  00000-0  15369-3 0  9990
2 34790  74.0578 351.8012 0109407 343.5739 142.3055 14.17505854486582
0 COSMOS 2251 DEB
1 34790U 93036AAT 18222.78190875  .00000358  00000-0  17832-3 0  9994
2 34790  74.0578 349.6576 0109447 341.1379 170.2538 14.17506482486753
0 COSMOS 2251 DEB
1 34790U 93036AAT 18223.32206465 +.00000375 +00000-0 +18624-3 0  9997
2 34790 074.0579 348.6966 0109467 340.0446 046.6837 14.17506871485402
0 COSMOS 2251 DEB
1 34790U 93036AAT 18223.76377263 +.00000379 +00000-0 +18793-3 0  9991
2 34790 074.0579 347.9107 0109485 339.1477 140.7346 14.17507134485464
0 COSMOS 2251 DEB
1 34790U 93036AAT 18224.38610215 +.00000377 +00000-0 +18684-3 0  9994
2 34790 074.0580 346.8033 0109509 337.8908 076.4982 14.17507589486986
0 COSMOS 2251 DEB
1 34790U 93036AAT 18224.75092126 +.00000374 +00000-0 +18549-3 0  9997
2 34790 074.0580 346.1542 0109527 337.1517 138.1825 14.17507845485608
0 COSMOS 2251 DEB
1 34790U 93036AAT 18225.74022986 +.00000336 +00000-0 +16803-3 0  9993
2 34790 074.0581 344.3940 0109582 335.1398 146.6680 14.17508542485740
0 COSMOS 2251 DEB
1 34790U 93036AAT 18226.72846108  .00000279  00000-0  14134-3 0  9993
2 34790  74.0582 342.6357 0109625 333.1336 149.6557 14.17509207487312
0 COSMOS 2251 DEB
1 34790U 93036AAT 18227.78790463  .00000200  00000-0  10458-3 0  9991
2 34790  74.0582 340.7507 0109677 330.9835 156.0453 14.17509818487465
0 COSMOS 2251 DEB
1 34790U 93036AAT 18228.78144808 +.00000130 +00000-0 +72339-4 0  9997
2 34790 074.0582 338.9829 0109723 328.9661 186.1473 14.17510343486175
0 COSMOS 2251 DEB
1 34790U 93036AAT 18229.32865775  .00000088  00000-0  52803-4 0  9997
2 34790  74.0582 338.0094 0109745 327.8580  98.5829 14.17510545487684
0 COSMOS 2251 DEB
1 34790U 93036AAT 18230.38690535  .00000035  00000-0  28062-4 0  9997
2 34790  74.0582 336.1265 0109788 325.7055  98.8782 14.17510897487832
0 COSMOS 2251 DEB
1 34790U 93036AAT 18230.75723941 +.00000024 +00000-0 +22876-4 0  9991
2 34790 074.0581 335.4676 0109810 324.9537 188.7114 14.17510972486450
0 COSMOS 2251 DEB
1 34790U 93036AAT 18231.37494264 +.00000003 +00000-0 +13290-4 0  9990
2 34790 074.0581 334.3686 0109836 323.6992 100.8823 14.17511064486543
0 COSMOS 2251 DEB
1 34790U 93036AAT 18231.74514257  .00000001  00000-0  12336-4 0  9994
2 34790  74.0581 333.7100 0109853 322.9468 190.0317 14.17511105488026
0 COSMOS 2251 DEB
1 34790U 93036AAT 18232.36266206 +.00000012 +00000-0 +17407-4 0  9997
2 34790 074.0580 332.6113 0109891 321.6892 101.2688 14.17511294486680
0 COSMOS 2251 DEB
1 34790U 93036AAT 18232.73376403 +.00000029 +00000-0 +25279-4 0  9993
2 34790 074.0580 331.9510 0109910 320.9318 195.0245 14.17511386486738
0 COSMOS 2251 DEB
1 34790U 93036AAT 18234.70897361  .00000109  00000-0  62651-4 0  9997
2 34790  74.0579 328.4366 0109972 316.9459 194.5903 14.17511645488448
0 COSMOS 2251 DEB
1 34790U 93036AAT 18235.32525279 +.00000155 +00000-0 +84042-4 0  9991
2 34790 074.0579 327.3401 0110000 315.6946 099.4934 14.17511876487102
0 COSMOS 2251 DEB
1 34790U 93036AAT 18235.69695925 +.00000193 +00000-0 +10170-3 0  9999
2 34790 074.0579 326.6787 0110016 314.9459 196.3240 14.17512049487154
0 COSMOS 2251 DEB
1 34790U 93036AAT 18236.23750837  .00000244  00000-0  12515-3 0  9996
2 34790  74.0578 325.7170 0110035 313.8550  74.7671 14.17512357488666
0 COSMOS 2251 DEB
1 34790U 93036AAT 18236.31567285 +.00000257 +00000-0 +13122-3 0  9997
2 34790 074.0578 325.5779 0110036 313.6952 113.6462 14.17512473487247
0 COSMOS 2251 DEB
1 34790U 93036AAT 18237.30146528  .00000356  00000-0  17736-3 0  9995
2 34790  74.0577 323.8240 0110070 311.7031 104.1885 14.17513221488815
0 COSMOS 2251 DEB
1 34790U 93036AAT 18239.27724861  .00000507  00000-0  24751-3 0  9998
2 34790  74.0575 320.3084 0110116 307.7250 106.6960 14.17515222489095
0 COSMOS 2251 DEB
1 34790U 93036AAT 18240.26531252 +.00000525 +00000-0 +25570-3 0  9999
2 34790 074.0574 318.5503 0110152 305.7403 108.8313 14.17516301487809
0 COSMOS 2251 DEB
1 34790U 93036AAT 18241.25323729  .00000508  00000-0  24798-3 0  9999
2 34790  74.0572 316.7923 0110168 303.7571 110.2601 14.17517361489372
0 COSMOS 2251 DEB
1 34790U 93036AAT 18241.62062097 +.00000483 +00000-0 +23618-3 0  9990
2 34790 074.0571 316.1385 0110134 303.0327 185.0258 14.17517671487990
0 COSMOS 2251 DEB
1 34790U 93036AAT 18242.24256250 +.00000419 +00000-0 +20634-3 0  9999
2 34790 074.0572 315.0322 0110190 301.7698 118.8393 14.17518038488081
0 COSMOS 2251 DEB
1 34790U 93036AAT 18243.59575208  .00000299  00000-0  15075-3 0  9994
2 34790  74.0572 312.6246 0110291 299.0372 184.2575 14.17518965489707
0 COSMOS 2251 DEB
1 34790U 93036AAT 18244.58302751 +.00000224 +00000-0 +11594-3 0  9995
2 34790 074.0571 310.8681 0110420 297.0183 182.4189 14.17519602488418
0 COSMOS 2251 DEB
1 34790U 93036AAT 18245.57265425  .00000154  00000-0  83500-4 0  9990
2 34790  74.0568 309.1072 0110481 295.0252 192.5506 14.17520058489986
0 COSMOS 2251 DEB
1 34790U 93036AAT 18246.84142743  .00000087  00000-0  52274-4 0  9997
2 34790  74.0567 306.8496 0110516 292.4660 187.1897 14.17520382490167
0 COSMOS 2251 DEB
1 34790U 93036AAT 18247.61826323 +.00000081 +00000-0 +49497-4 0  9993
2 34790 074.0566 305.4673 0110558 290.9024 191.4346 14.17520628488843
0 COSMOS 2251 DEB
1 34790U 93036AAT 18248.16467944  .00000085  00000-0  51417-4 0  9993
2 34790  74.0565 304.4950 0110588 289.8002  99.8357 14.17520833490355
0 COSMOS 2251 DEB
1 34790U 93036AAT 18249.51253565  .00000130  00000-0  72336-4 0  9999
2 34790  74.0562 302.0966 0110642 287.0916 138.0323 14.17521280490545
0 COSMOS 2251 DEB
1 34790U 93036AAT 18249.51253565 +.00000130 +00000-0 +72336-4 0  9999
2 34790 074.0562 302.0966 0110642 287.0916 138.0323 14.17521280489116
0 COSMOS 2251 DEB
1 34790U 93036AAT 18250.21649064 +.00000153 +00000-0 +82793-4 0  9994
2 34790 074.0561 300.8439 0110668 285.6807 130.3559 14.17521488489214
0 COSMOS 2251 DEB
1 34790U 93036AAT 18251.20457248  .00000199  00000-0  10453-3 0  9998
2 34790  74.0559 299.0856 0110704 283.6956 132.6006 14.17521817490789
0 COSMOS 2251 DEB
1 34790U 93036AAT 18251.91060345 +.00000253 +00000-0 +12938-3 0  9995
2 34790 074.0559 297.8293 0110725 282.2803 135.5202 14.17522228489458
0 COSMOS 2251 DEB
1 34790U 93036AAT 18252.55857937  .00000288  00000-0  14560-3 0  9998
2 34790  74.0558 296.6762 0110741 280.9815 202.1817 14.17522559490970
0 COSMOS 2251 DEB
1 34790U 93036AAT 18253.82769942  .00000345  00000-0  17203-3 0  9998
2 34790  74.0555 294.4175 0110764 278.4338 198.5873 14.17523296491158
0 COSMOS 2251 DEB
1 34790U 93036AAT 18254.09251644 +.00000355 +00000-0 +17693-3 0  9997
2 34790 074.0554 293.9462 0110768 277.9036 109.9656 14.17523485489762
0 COSMOS 2251 DEB
1 34790U 93036AAT 18255.15646825  .00000401  00000-0  19824-3 0  9994
2 34790  74.0552 292.0529 0110793 275.7720 139.3854 14.17524400491340
0 COSMOS 2251 DEB
1 34790U 93036AAT 18255.23904463 +.00000391 +00000-0 +19361-3 0  9992
2 34790 074.0554 291.9062 0110818 275.6156 200.7688 14.17524374489921
0 COSMOS 2251 DEB
1 34790U 93036AAT 18255.86225758 +.00000404 +00000-0 +19948-3 0  9990
2 34790 074.0553 290.7972 0110835 274.3758 141.0604 14.17524891490011
0 COSMOS 2251 DEB
1 34790U 93036AAT 18256.51057234  .00000394  00000-0  19462-3 0  9994
2 34790  74.0553 289.6436 0110858 273.0816 209.4537 14.17525351491533
0 COSMOS 2251 DEB
1 34790U 93036AAT 18256.79307961 +.00000391 +00000-0 +19326-3 0  9995
2 34790 074.0552 289.1408 0110864 272.5181 211.1074 14.17525597490146
0 COSMOS 2251 DEB
1 34790U 93036AAT 18257.50481303 +.00000381 +00000-0 +18850-3 0  9998
2 34790 074.0551 287.8743 0110886 271.0998 243.1308 14.17526201490245
0 COSMOS 2251 DEB
1 34790U 93036AAT 18257.90968410 +.00000359 +00000-0 +17846-3 0  9990
2 34790 074.0551 287.1538 0110896 270.2958 149.2129 14.17526473490303
0 COSMOS 2251 DEB
1 34790U 93036AAT 18258.19428535  .00000337  00000-0  16851-3 0  9992
2 34790  74.0551 286.6473 0110902 269.7263 161.5552 14.17526647491777
0 COSMOS 2251 DEB
1 34790U 93036AAT 18259.47418997  .00000282  00000-0  14302-3 0  9993
2 34790  74.0550 284.3697 0110936 267.1750 213.0017 14.17527565491958
0 COSMOS 2251 DEB
1 34790U 93036AAT 18260.46218274 +.00000210 +00000-0 +10960-3 0  9997
2 34790 074.0549 282.6114 0110957 265.2070 214.8013 14.17528013490669
0 COSMOS 2251 DEB
1 34790U 93036AAT 18261.15662900  .00000171  00000-0  91269-4 0  9991
2 34790  74.0548 281.3756 0110968 263.8213 158.6153 14.17528357492192
0 COSMOS 2251 DEB
1 34790U 93036AAT 18261.45136052 +.00000148 +00000-0 +80499-4 0  9995
2 34790 074.0548 280.8510 0110976 263.2339 222.6523 14.17528381490802
0 COSMOS 2251 DEB
1 34790U 93036AAT 18262.51565608  .00000105  00000-0  60693-4 0  9993
2 34790  74.0547 278.9569 0110990 261.1113 253.8356 14.17528721492389
0 COSMOS 2251 DEB
1 34790U 93036AAT 18263.50440279 +.00000097 +00000-0 +56865-4 0  9995
2 34790 074.0546 277.1973 0110988 259.1316 259.4969 14.17529120491090
0 COSMOS 2251 DEB
1 34790U 93036AAT 18265.03185066 +.00000104 +00000-0 +60143-4 0  9998
2 34790 074.0545 274.4790 0110980 256.0768 134.1942 14.17529614492746
0 COSMOS 2251 DEB
1 34790U 93036AAT 18266.46769428 +.00000159 +00000-0 +85795-4 0  9996
2 34790 074.0545 271.9236 0110962 253.2094 261.4238 14.17530161492947
0 COSMOS 2251 DEB
1 34790U 93036AAT 18267.45602826 +.00000184 +00000-0 +97082-4 0  9994
2 34790 074.0545 270.1647 0110933 251.2394 264.9706 14.17530429491655
0 COSMOS 2251 DEB
1 34790U 93036AAT 18268.43778654 +.00000238 +00000-0 +12249-3 0  9997
2 34790 074.0545 268.4175 0110905 249.2688 234.9779 14.17530981491798
0 COSMOS 2251 DEB
1 34790U 93036AAT 18269.05973260 +.00000267 +00000-0 +13591-3 0  9999
2 34790 074.0545 267.3107 0110881 248.0284 168.8215 14.17531347491880
0 COSMOS 2251 DEB
1 34790U 93036AAT 18270.04757345  .00000306  00000-0  15371-3 0  9996
2 34790  74.0545 265.5526 0110838 246.0595 169.8570 14.17531890493453
0 COSMOS 2251 DEB
1 34790U 93036AAT 18271.40095924  .00000353  00000-0  17568-3 0  9997
2 34790  74.0545 263.1441 0110819 243.3378 236.3283 14.17532781493643
0 COSMOS 2251 DEB
1 34790U 93036AAT 18272.67198123  .00000363  00000-0  18018-3 0  9994
2 34790  74.0547 260.8820 0110774 240.7872 242.4881 14.17533666493825
0 COSMOS 2251 DEB
1 34790U 93036AAT 18273.65995547 +.00000352 +00000-0 +17528-3 0  9991
2 34790 074.0548 259.1239 0110732 238.8206 244.2129 14.17534375492534
0 COSMOS 2251 DEB
1 34790U 93036AAT 18274.15469449  .00000339  00000-0  16897-3 0  9997
2 34790  74.0548 258.2434 0110697 237.8400 248.9093 14.17534726494034
0 COSMOS 2251 DEB
1 34790U 93036AAT 18275.43168116  .00000292  00000-0  14721-3 0  9998
2 34790  74.0549 255.9709 0110590 235.2968 285.4987 14.17535559494210
0 COSMOS 2251 DEB
1 34790U 93036AAT 18276.33133167 +.00000254 +00000-0 +12975-3 0  9993
2 34790 074.0551 254.3699 0110587 233.4913 196.5218 14.17536177492911
0 COSMOS 2251 DEB
1 34790U 93036AAT 18276.95925115 +.00000212 +00000-0 +11041-3 0  9990
2 34790 074.0552 253.2525 0110563 232.2336 160.8674 14.17536485493001
0 COSMOS 2251 DEB
1 34790U 93036AAT 18277.03573483  .00000206  00000-0  10744-3 0  9999
2 34790  74.0552 253.1165 0110560 232.0816 191.1712 14.17536508494443
0 COSMOS 2251 DEB
1 34790U 93036AAT 18277.40829135 +.00000187 +00000-0 +98670-4 0  9991
2 34790 074.0553 252.4535 0110546 231.3379 292.3676 14.17536652493067
0 COSMOS 2251 DEB
1 34790U 93036AAT 18278.31715437  .00000144  00000-0  78425-4 0  9990
2 34790  74.0553 250.8360 0110515 229.5044 250.4153 14.17537029494626
0 COSMOS 2251 DEB
1 34790U 93036AAT 18278.38877164 +.00000140 +00000-0 +76653-4 0  9990
2 34790 074.0553 250.7085 0110511 229.3608 255.8867 14.17537050493207
0 COSMOS 2251 DEB
1 34790U 93036AAT 18279.38249500  .00000107  00000-0  61309-4 0  9993
2 34790  74.0554 248.9401 0110467 227.3594 286.9848 14.17537364494776
0 COSMOS 2251 DEB
1 34790U 93036AAT 18279.92281344 +.00000095 +00000-0 +56117-4 0  9992
2 34790 074.0553 247.9786 0110446 226.2699 164.3012 14.17537553493424
0 COSMOS 2251 DEB
1 34790U 93036AAT 18280.36430253 +.00000103 +00000-0 +59382-4 0  9994
2 34790 074.0554 247.1930 0110446 225.3863 257.2717 14.17537724493481
0 COSMOS 2251 DEB
1 34790U 93036AAT 18280.98870788  .00000104  00000-0  59906-4 0  9996
2 34790  74.0554 246.0818 0110409 224.1275 203.6945 14.17537943495008
0 COSMOS 2251 DEB
1 34790U 93036AAT 18281.97454747 +.00000119 +00000-0 +66896-4 0  9991
2 34790 074.0554 244.3276 0110366 222.1411 194.5628 14.17538225493715
0 COSMOS 2251 DEB
1 34790U 93036AAT 18282.05748747  .00000115  00000-0  64943-4 0  9994
2 34790  74.0555 244.1800 0110371 221.9768 257.8132 14.17538186495154
0 COSMOS 2251 DEB
1 34790U 93036AAT 18282.96257074 +.00000146 +00000-0 +79390-4 0  9998
2 34790 074.0556 242.5695 0110317 220.1552 196.5698 14.17538514493857
0 COSMOS 2251 DEB
1 34790U 93036AAT 18283.60942310 +.00000176 +00000-0 +93365-4 0  9995
2 34790 074.0557 241.4185 0110278 218.8553 257.5391 14.17538764493946
0 COSMOS 2251 DEB
1 34790U 93036AAT 18283.87525101  .00000192  00000-0  10076-3 0  9994
2 34790  74.0557 240.9455 0110268 218.3169 174.0970 14.17538912495412
0 COSMOS 2251 DEB
1 34790U 93036AAT 18283.95302196 +.00000195 +00000-0 +10237-3 0  9992
2 34790 074.0557 240.8071 0110267 218.1597 210.9731 14.17538955493990
0 COSMOS 2251 DEB
1 34790U 93036AAT 18284.32209709 +.00000226 +00000-0 +11643-3 0  9997
2 34790 074.0558 240.1503 0110249 217.4156 294.4132 14.17539180494047
0 COSMOS 2251 DEB
1 34790U 93036AAT 18285.31058997  .00000274  00000-0  13907-3 0  9996
2 34790  74.0560 238.3913 0110193 215.4179 298.8309 14.17539680495618
0 COSMOS 2251 DEB
1 34790U 93036AAT 18286.29808970 +.00000328 +00000-0 +16407-3 0  9996
2 34790 074.0561 236.6342 0110134 213.4170 298.1885 14.17540324494326
0 COSMOS 2251 DEB
1 34790U 93036AAT 18287.28615515  .00000385  00000-0  19033-3 0  9998
2 34790  74.0562 234.8759 0110074 211.4191 300.4323 14.17541159495897
0 COSMOS 2251 DEB
1 34790U 93036AAT 18288.89066520  .00000377  00000-0  18680-3 0  9990
2 34790  74.0563 232.0210 0109962 208.1719 208.4918 14.17542206496121
0 COSMOS 2251 DEB
1 34790U 93036AAT 18289.87867910 +.00000349 +00000-0 +17382-3 0  9998
2 34790 074.0564 230.2630 0109909 206.1757 210.4782 14.17542850494832
0 COSMOS 2251 DEB
1 34790U 93036AAT 18290.24396578  .00000339  00000-0  16916-3 0  9999
2 34790  74.0565 229.6131 0109883 205.4376 274.5931 14.17543099496319
0 COSMOS 2251 DEB
1 34790U 93036AAT 18290.86783778 +.00000323 +00000-0 +16155-3 0  9997
2 34790 074.0567 228.5030 0109840 204.1700 218.3182 14.17543650494974
0 COSMOS 2251 DEB
1 34790U 93036AAT 18291.30357451  .00000312  00000-0  15660-3 0  9990
2 34790  74.0568 227.7278 0109813 203.2846 281.9575 14.17543996496462
0 COSMOS 2251 DEB
1 34790U 93036AAT 18291.85668753 +.00000266 +00000-0 +13515-3 0  9995
2 34790 074.0569 226.7437 0109779 202.1575 224.5910 14.17544229495114
0 COSMOS 2251 DEB
1 34790U 93036AAT 18292.29142062 +.00000239 +00000-0 +12250-3 0  9999
2 34790 074.0569 225.9701 0109759 201.2832 283.0997 14.17544414495170
0 COSMOS 2251 DEB
1 34790U 93036AAT 18292.84454437  .00000218  00000-0  11286-3 0  9997
2 34790  74.0570 224.9860 0109733 200.1648 225.7813 14.17544806496684
0 COSMOS 2251 DEB
1 34790U 93036AAT 18293.27934584 +.00000183 +00000-0 +96507-4 0  9992
2 34790 074.0570 224.2123 0109718 199.2922 284.6373 14.17544878495318
0 COSMOS 2251 DEB
1 34790U 93036AAT 18294.19704861  .00000123  00000-0  68566-4 0  9995
2 34790  74.0568 222.5794 0109659 197.4231 287.8382 14.17545046496872
0 COSMOS 2251 DEB
1 34790U 93036AAT 18294.26748938 +.00000128 +00000-0 +71100-4 0  9999
2 34790 074.0569 222.4541 0109661 197.2836 287.3068 14.17545163495453
0 COSMOS 2251 DEB
1 34790U 93036AAT 18294.89165597 +.00000113 +00000-0 +64036-4 0  9996
2 34790 074.0568 221.3435 0109631 196.0154 232.5387 14.17545423495544
0 COSMOS 2251 DEB
1 34790U 93036AAT 18295.79958821  .00000105  00000-0  60171-4 0  9993
2 34790  74.0572 219.7282 0109634 194.1818 185.8656 14.17545739497102
0 COSMOS 2251 DEB
1 34790U 93036AAT 18296.24392233 +.00000107 +00000-0 +61452-4 0  9998
2 34790 074.0572 218.9376 0109623 193.2819 293.3777 14.17545860495737
0 COSMOS 2251 DEB
1 34790U 93036AAT 18296.78969167 +.00000116 +00000-0 +65220-4 0  9990
2 34790 074.0571 217.9665 0109626 192.1789 198.5294 14.17546071495817
0 COSMOS 2251 DEB
1 34790U 93036AAT 18297.23758222 +.00000126 +00000-0 +70177-4 0  9997
2 34790 074.0571 217.1696 0109602 191.2705 324.1922 14.17546201495871
0 COSMOS 2251 DEB
1 34790U 93036AAT 18297.77769179 +.00000140 +00000-0 +76778-4 0  9998
2 34790 074.0571 216.2086 0109577 190.1763 200.4637 14.17546404495950
0 COSMOS 2251 DEB
1 34790U 93036AAT 18298.92458248  .00000184  00000-0  97097-4 0  9993
2 34790  74.0571 214.1680 0109494 187.8249 293.2705 14.17546799497547
0 COSMOS 2251 DEB
1 34790U 93036AAT 18298.92458248 +.00000184 +00000-0 +97097-4 0  9993
2 34790 074.0571 214.1680 0109494 187.8249 293.2705 14.17546799496119
0 COSMOS 2251 DEB
1 34790U 93036AAT 18299.91252403 +.00000238 +00000-0 +12200-3 0  9990
2 34790 074.0572 212.4102 0109445 185.8078 294.9224 14.17547300496252
0 COSMOS 2251 DEB
1 34790U 93036AAT 18300.19553951  .00000253  00000-0  12895-3 0  9992
2 34790  74.0573 211.9068 0109423 185.2210 299.2127 14.17547423497725
0 COSMOS 2251 DEB
1 34790U 93036AAT 18300.90040663 +.00000290 +00000-0 +14601-3 0  9990
2 34790 074.0573 210.6527 0109394 183.7816 296.2845 14.17547863496397
0 COSMOS 2251 DEB
1 34790U 93036AAT 18301.18263449 +.00000307 +00000-0 +15422-3 0  9991
2 34790 074.0574 210.1505 0109378 183.2017 296.5507 14.17548024496432
0 COSMOS 2251 DEB
1 34790U 93036AAT 18301.80546576  .00000337  00000-0  16790-3 0  9997
2 34790  74.0573 209.0424 0109348 181.9312 234.9781 14.17548471497952
0 COSMOS 2251 DEB
1 34790U 93036AAT 18302.17095962 +.00000359 +00000-0 +17807-3 0  9990
2 34790 074.0574 208.3921 0109330 181.1855 300.1638 14.17548741496576
0 COSMOS 2251 DEB
1 34790U 93036AAT 18302.86673896  .00000366  00000-0  18140-3 0  9993
2 34790  74.0573 207.1541 0109296 179.7603 250.8666 14.17549158498101
0 COSMOS 2251 DEB
1 34790U 93036AAT 18303.15930044 +.00000381 +00000-0 +18850-3 0  9992
2 34790 074.0573 206.6336 0109279 179.1631 303.8654 14.17549391496713
0 COSMOS 2251 DEB
1 34790U 93036AAT 18303.85495903 +.00000367 +00000-0 +18210-3 0  9993
2 34790 074.0573 205.3959 0109252 177.7415 253.9503 14.17549757496810
0 COSMOS 2251 DEB
1 34790U 93036AAT 18304.14723265  .00000376  00000-0  18592-3 0  9994
2 34790  74.0573 204.8759 0109234 177.1442 305.4819 14.17549996498287
0 COSMOS 2251 DEB
1 34790U 93036AAT 18304.84271647 +.00000362 +00000-0 +17940-3 0  9994
2 34790 074.0572 203.6385 0109202 175.7295 254.6710 14.17550451496958
0 COSMOS 2251 DEB
1 34790U 93036AAT 18305.41746910  .00000348  00000-0  17304-3 0  9996
2 34790  74.0571 202.6157 0109168 174.5556 307.7514 14.17550826498467
0 COSMOS 2251 DEB
1 34790U 93036AAT 18306.81847921  .00000309  00000-0  15510-3 0  9999
2 34790  74.0568 200.1229 0109106 171.6999 257.3922 14.17551872498664
0 COSMOS 2251 DEB
1 34790U 93036AAT 18306.90037453 +.00000296 +00000-0 +14871-3 0  9994
2 34790 074.0568 199.9772 0109106 171.5357 315.3176 14.17551826497247
0 COSMOS 2251 DEB
1 34790U 93036AAT 18307.80576693 +.00000249 +00000-0 +12716-3 0  9992
2 34790 074.0568 198.3663 0109056 169.6947 255.7178 14.17552358497370
0 COSMOS 2251 DEB
1 34790U 93036AAT 18308.17649734  .00000229  00000-0  11762-3 0  9998
2 34790  74.0568 197.7068 0109039 168.9439 347.6270 14.17552503498851
0 COSMOS 2251 DEB
1 34790U 93036AAT 18308.87615862 +.00000187 +00000-0 +98317-4 0  9995
2 34790 074.0568 196.4619 0109014 167.5215 318.1410 14.17552804497525
0 COSMOS 2251 DEB
1 34790U 93036AAT 18309.42707728  .00000168  00000-0  89585-4 0  9996
2 34790  74.0567 195.4817 0108991 166.4000 249.5930 14.17553067499030
0 COSMOS 2251 DEB
1 34790U 93036AAT 18309.79204984 +.00000147 +00000-0 +79741-4 0  9992
2 34790 074.0566 194.8323 0108985 165.6567 312.1240 14.17553179497657
0 COSMOS 2251 DEB
1 34790U 93036AAT 18310.35731688 +.00000142 +00000-0 +77273-4 0  9995
2 34790 074.0566 193.8265 0108966 164.5057 316.8001 14.17553474497735
0 COSMOS 2251 DEB
1 34790U 93036AAT 18310.77979513  .00000137  00000-0  74894-4 0  9992
2 34790  74.0565 193.0747 0108955 163.6495 312.7915 14.17553688499227
0 COSMOS 2251 DEB
1 34790U 93036AAT 18311.47543208 +.00000140 +00000-0 +76395-4 0  9990
2 34790 074.0565 191.8369 0108940 162.2417 262.7650 14.17554031497890
0 COSMOS 2251 DEB
1 34790U 93036AAT 18312.12208292  .00000150  00000-0  81219-4 0  9996
2 34790  74.0564 190.6864 0108918 160.9210 322.7650 14.17554361499410
0 COSMOS 2251 DEB
1 34790U 93036AAT 18312.46161456 +.00000157 +00000-0 +84445-4 0  9994
2 34790 074.0564 190.0823 0108897 160.2231 255.4736 14.17554545498039
0 COSMOS 2251 DEB
1 34790U 93036AAT 18312.82916043 +.00000159 +00000-0 +85005-4 0  9999
2 34790 074.0563 189.4283 0108892 159.4747 331.1383 14.17554696498089
0 COSMOS 2251 DEB
1 34790U 93036AAT 18313.45121120  .00000172  00000-0  91267-4 0  9995
2 34790  74.0563 188.3215 0108872 158.2000 265.6036 14.17554966499604
0 COSMOS 2251 DEB
1 34790U 93036AAT 18313.81519698 +.00000185 +00000-0 +97295-4 0  9997
2 34790 074.0562 187.6739 0108872 157.4554 323.1044 14.17555186498222
0 COSMOS 2251 DEB
1 34790U 93036AAT 18314.80323840  .00000235  00000-0  12054-3 0  9994
2 34790  74.0561 185.9159 0108848 155.4343 325.3016 14.17555837499794
0 COSMOS 2251 DEB
1 34790U 93036AAT 18315.79143502 +.00000289 +00000-0 +14554-3 0  9994
2 34790 074.0560 184.1576 0108831 153.4090 328.2963 14.17556529498506
0 COSMOS 2251 DEB
1 34790U 93036AAT 18316.07938701  .00000307  00000-0  15371-3 0  9998
2 34790  74.0560 183.6452 0108823 152.8199 357.7807 14.17556727499973
0 COSMOS 2251 DEB
1 34790U 93036AAT 18316.77922038 +.00000349 +00000-0 +17341-3 0  9996
2 34790 074.0559 182.4000 0108812 151.3872 329.1920 14.17557307498644
0 COSMOS 2251 DEB
1 34790U 93036AAT 18317.34438924  .00000377  00000-0  18664-3 0  9996
2 34790  74.0558 181.3944 0108794 150.2284 333.3814 14.17557737500158
0 COSMOS 2251 DEB
1 34790U 93036AAT 18317.75768382 +.00000381 +00000-0 +18816-3 0  9999
2 34790 074.0558 180.6591 0108795 149.3625 282.5389 14.17557937498786
0 COSMOS 2251 DEB
1 34790U 93036AAT 18318.75509619  .00000423  00000-0  20791-3 0  9998
2 34790  74.0557 178.8843 0108775 147.3154 332.5746 14.17558790500355
0 COSMOS 2251 DEB
1 34790U 93036AAT 18319.03757414 +.00000443 +00000-0 +21728-3 0  9991
2 34790 074.0557 178.3817 0108764 146.7339 334.1298 14.17559069498960
0 COSMOS 2251 DEB
1 34790U 93036AAT 18319.66278935 +.00000462 +00000-0 +22590-3 0  9995
2 34790 074.0556 177.2692 0108752 145.4528 284.7544 14.17559685499050
0 COSMOS 2251 DEB
1 34790U 93036AAT 18320.30765427  .00000430  00000-0  21124-3 0  9992
2 34790  74.0554 176.1217 0108722 144.1440 335.6430 14.17559925500572
0 COSMOS 2251 DEB
1 34790U 93036AAT 18320.64815244 +.00000424 +00000-0 +20816-3 0  9992
2 34790 074.0554 175.5158 0108717 143.4393 273.2955 14.17560181499192
0 COSMOS 2251 DEB
1 34790U 93036AAT 18321.55973757  .00000409  00000-0  20121-3 0  9999
2 34790  74.0551 173.8939 0108691 141.5727 245.3380 14.17560883500754
0 COSMOS 2251 DEB
1 34790U 93036AAT 18321.63620448 +.00000400 +00000-0 +19724-3 0  9992
2 34790 074.0551 173.7578 0108689 141.4114 275.5720 14.17560901499333
0 COSMOS 2251 DEB
1 34790U 93036AAT 18321.70968854 +.00000403 +00000-0 +19840-3 0  9998
2 34790 074.0551 173.6270 0108687 141.2617 290.5789 14.17560996499342
0 COSMOS 2251 DEB
1 34790U 93036AAT 18322.69753277 +.00000356 +00000-0 +17675-3 0  9999
2 34790 074.0550 171.8692 0108658 139.2394 291.7934 14.17561653500918
0 COSMOS 2251 DEB
1 34790U 93036AAT 18323.76715538  .00000303  00000-0  15178-3 0  9994
2 34790  74.0550 169.9659 0108628 137.0476 350.3491 14.17562384501062
0 COSMOS 2251 DEB
1 34790U 93036AAT 18324.96689622 +.00000218 +00000-0 +11236-3 0  9997
2 34790 074.0549 167.8308 0108601 134.5962 352.9270 14.17562960499802
0 COSMOS 2251 DEB
1 34790U 93036AAT 18325.04337844  .00000214  00000-0  11080-3 0  9996
2 34790  74.0548 167.6947 0108601 134.4405  23.2346 14.17563011501241
0 COSMOS 2251 DEB
1 34790U 93036AAT 18325.66091760 +.00000178 +00000-0 +93996-4 0  9994
2 34790 074.0548 166.5958 0108585 133.1821 294.6899 14.17563341499902
0 COSMOS 2251 DEB
1 34790U 93036AAT 18326.36684955  .00000141  00000-0  76882-4 0  9991
2 34790  74.0548 165.3396 0108563 131.7400 297.2391 14.17563613501438
0 COSMOS 2251 DEB
1 34790U 93036AAT 18326.94124661 +.00000115 +00000-0 +64805-4 0  9991
2 34790 074.0547 164.3175 0108550 130.5681 348.5314 14.17563807500085
0 COSMOS 2251 DEB
1 34790U 93036AAT 18327.63784104  .00000086  00000-0  51356-4 0  9996
2 34790  74.0546 163.0779 0108537 129.1484 303.4261 14.17563996501610
0 COSMOS 2251 DEB
1 34790U 93036AAT 18328.34237635 +.00000083 +00000-0 +49897-4 0  9991
2 34790 074.0546 161.8242 0108531 127.7079 298.8500 14.17564217500281
0 COSMOS 2251 DEB
1 34790U 93036AAT 18328.91840476 +.00000083 +00000-0 +49977-4 0  9996
2 34790 074.0546 160.7992 0108516 126.5316 358.4685 14.17564365500365
0 COSMOS 2251 DEB
1 34790U 93036AAT 18328.99580097  .00000085  00000-0  50906-4 0  9990
2 34790  74.0548 160.6613 0108532 126.3754  33.4394 14.17564403501808
0 COSMOS 2251 DEB
1 34790U 93036AAT 18329.61214514 +.00000099 +00000-0 +57098-4 0  9992
2 34790 074.0547 159.5646 0108524 125.1154 298.8012 14.17564617500464
0 COSMOS 2251 DEB
1 34790U 93036AAT 18330.39008278  .00000134  00000-0  73507-4 0  9990
2 34790  74.0546 158.1803 0108505 123.5253 308.8152 14.17564879502003
0 COSMOS 2251 DEB
1 34790U 93036AAT 18330.96976851 +.00000168 +00000-0 +89268-4 0  9992
2 34790 074.0545 157.1488 0108495 122.3448 027.0955 14.17565130500652
0 COSMOS 2251 DEB
1 34790U 93036AAT 18331.95771414  .00000233  00000-0  11946-3 0  9990
2 34790  74.0545 155.3907 0108480 120.3252  28.8355 14.17565589502229
0 COSMOS 2251 DEB
1 34790U 93036AAT 18331.95771414 +.00000233 +00000-0 +11946-3 0  9990
2 34790 074.0545 155.3907 0108480 120.3252 028.8355 14.17565589500799
0 COSMOS 2251 DEB
1 34790U 93036AAT 18332.93979079 +.00000311 +00000-0 +15572-3 0  9992
2 34790 074.0544 153.6431 0108467 118.3194 000.6249 14.17566208500933
0 COSMOS 2251 DEB
1 34790U 93036AAT 18333.56282767  .00000354  00000-0  17580-3 0  9991
2 34790  74.0544 152.5344 0108460 117.0447 300.1455 14.17566643502453
0 COSMOS 2251 DEB
1 34790U 93036AAT 18333.92857509 +.00000380 +00000-0 +18774-3 0  9998
2 34790 074.0544 151.8834 0108450 116.2986 006.6484 14.17566878501074
0 COSMOS 2251 DEB
1 34790U 93036AAT 18334.63356317  .00000427  00000-0  20961-3 0  9991
2 34790  74.0544 150.6290 0108427 114.8516   4.3947 14.17567499502603
0 COSMOS 2251 DEB
1 34790U 93036AAT 18334.91694309 +.00000444 +00000-0 +21735-3 0  9997
2 34790 074.0544 150.1247 0108413 114.2680 010.5618 14.17567728501216
0 COSMOS 2251 DEB
1 34790U 93036AAT 18335.90462272  .00000472  00000-0  23059-3 0  9991
2 34790  74.0546 148.3674 0108395 112.2455  10.9592 14.17568571502783
0 COSMOS 2251 DEB
1 34790U 93036AAT 18336.89233106 +.00000459 +00000-0 +22446-3 0  9996
2 34790 074.0547 146.6097 0108365 110.2236 011.5068 14.17569386501493
0 COSMOS 2251 DEB
1 34790U 93036AAT 18337.17428447  .00000447  00000-0  21877-3 0  9996
2 34790  74.0547 146.1080 0108364 109.6480  10.3920 14.17569612502961
0 COSMOS 2251 DEB
1 34790U 93036AAT 18337.87989291 +.00000413 +00000-0 +20328-3 0  9995
2 34790 074.0548 144.8524 0108333 108.2027 011.3101 14.17570166501639
0 COSMOS 2251 DEB
1 34790U 93036AAT 18338.50394984  .00000374  00000-0  18486-3 0  9993
2 34790  74.0548 143.7419 0108286 106.9223 316.0523 14.17570687503150
0 COSMOS 2251 DEB
1 34790U 93036AAT 18339.28101855 +.00000318 +00000-0 +15888-3 0  9993
2 34790 074.0549 142.3591 0108245 105.3291 321.6581 14.17571265501832
0 COSMOS 2251 DEB
1 34790U 93036AAT 18340.47400271  .00000204  00000-0  10601-3 0  9992
2 34790  74.0550 140.2363 0108193 102.8872 289.7996 14.17571959503439
0 COSMOS 2251 DEB
1 34790U 93036AAT 18340.84379206 +.00000178 +00000-0 +93749-4 0  9991
2 34790 074.0550 139.5782 0108206 102.1350 016.9370 14.17572158502059
0 COSMOS 2251 DEB
1 34790U 93036AAT 18341.54198196  .00000118  00000-0  66192-4 0  9992
2 34790  74.0551 138.3357 0108177 100.7085 340.0001 14.17572476503585
0 COSMOS 2251 DEB
1 34790U 93036AAT 18341.90346847 +.00000101 +00000-0 +58184-4 0  9994
2 34790 074.0552 137.6924 0108202 099.9764 024.7634 14.17572657502207
0 COSMOS 2251 DEB
1 34790U 93036AAT 18342.89154118  .00000055  00000-0  36772-4 0  9998
2 34790  74.0552 135.9342 0108161  97.9562  27.1837 14.17573013503772
0 COSMOS 2251 DEB
1 34790U 93036AAT 18343.23259851 +.00000046 +00000-0 +32614-4 0  9998
2 34790 074.0552 135.3273 0108138 097.2582 327.6985 14.17573130502397
0 COSMOS 2251 DEB
1 34790U 93036AAT 18344.50373542  .00000043  00000-0  31353-4 0  9999
2 34790  74.0553 133.0654 0108097  94.6631 334.6736 14.17573527504008
0 COSMOS 2251 DEB
1 34790U 93036AAT 18344.87258260 +.00000050 +00000-0 +34321-4 0  9994
2 34790 074.0553 132.4091 0108084 093.9098 057.0062 14.17573586502620
0 COSMOS 2251 DEB
1 34790U 93036AAT 18345.49068740 +.00000063 +00000-0 +40351-4 0  9999
2 34790 074.0553 131.3092 0108060 092.6548 331.3644 14.17573719502711
0 COSMOS 2251 DEB
1 34790U 93036AAT 18346.19626899  .00000110  00000-0  62274-4 0  9993
2 34790  74.0553 130.0536 0108055  91.2171 332.1463 14.17574009504242
0 COSMOS 2251 DEB
1 34790U 93036AAT 18347.46522420  .00000180  00000-0  95019-4 0  9999
2 34790  74.0554 127.7955 0107993  88.6119 328.0012 14.17574406504428
0 COSMOS 2251 DEB
1 34790U 93036AAT 18348.53596653  .00000268  00000-0  13554-3 0  9997
2 34790  74.0556 125.8903 0107960  86.4177  32.3151 14.17574980504578
0 COSMOS 2251 DEB
1 34790U 93036AAT 18349.52411833 +.00000352 +00000-0 +17473-3 0  9991
2 34790 074.0557 124.1318 0107929 084.3885 035.1519 14.17575688503281
0 COSMOS 2251 DEB
1 34790U 93036AAT 18350.14666611  .00000399  00000-0  19676-3 0  9995
2 34790  74.0559 123.0243 0107931  83.1168 332.1962 14.17576202504806
0 COSMOS 2251 DEB
1 34790U 93036AAT 18350.58487928 +.00000408 +00000-0 +20083-3 0  9990
2 34790 074.0560 122.2445 0107924 082.2199 048.5290 14.17576462503437
0 COSMOS 2251 DEB
1 34790U 93036AAT 18351.41708757  .00000436  00000-0  21376-3 0  9996
2 34790  74.0561 120.7637 0107910  80.5105 335.5452 14.17577172504986
0 COSMOS 2251 DEB
1 34790U 93036AAT 18351.78331044 +.00000443 +00000-0 +21713-3 0  9990
2 34790 074.0561 120.1121 0107902 079.7579 044.4948 14.17577464503602
0 COSMOS 2251 DEB
1 34790U 93036AAT 18352.77032003  .00000429  00000-0  21062-3 0  9994
2 34790  74.0563 118.3558 0107901  77.7301  41.5159 14.17578293505174
0 COSMOS 2251 DEB
1 34790U 93036AAT 18353.47466830 +.00000391 +00000-0 +19289-3 0  9997
2 34790 074.0563 117.1025 0107900 076.2835 036.0287 14.17578816503849
0 COSMOS 2251 DEB
1 34790U 93036AAT 18353.75925927 +.00000373 +00000-0 +18469-3 0  9994
2 34790 074.0563 116.5960 0107897 075.7005 048.3855 14.17578985503886
0 COSMOS 2251 DEB
1 34790U 93036AAT 18354.53596848 +.00000324 +00000-0 +16195-3 0  9997
2 34790 074.0564 115.2140 0107884 074.1059 052.1823 14.17579609503995
0 COSMOS 2251 DEB
1 34790U 93036AAT 18355.15957427  .00000280  00000-0  14149-3 0  9998
2 34790  74.0565 114.1043 0107870  72.8225 354.6474 14.17580058505513
0 COSMOS 2251 DEB
1 34790U 93036AAT 18355.73588688 +.00000216 +00000-0 +11170-3 0  9991
2 34790 074.0565 113.0787 0107853 071.6392 055.7569 14.17580262504160
0 COSMOS 2251 DEB
1 34790U 93036AAT 18356.35884699  .00000166  00000-0  88289-4 0  9991
2 34790  74.0566 111.9703 0107848  70.3576 354.9281 14.17580629505680
0 COSMOS 2251 DEB
1 34790U 93036AAT 18356.72312264 +.00000143 +00000-0 +77843-4 0  9995
2 34790 074.0566 111.3221 0107844 069.6108 053.9447 14.17580824504302
0 COSMOS 2251 DEB
1 34790U 93036AAT 18357.78178056  .00000048  00000-0  33477-4 0  9990
2 34790  74.0567 109.4384 0107826  67.4365  56.6216 14.17581019505887
0 COSMOS 2251 DEB
1 34790U 93036AAT 18358.48745265 -.00000009 +00000-0 +70391-5 0  9995
2 34790 074.0567 108.1826 0107803 065.9898 057.8939 14.17581023504556
0 COSMOS 2251 DEB
1 34790U 93036AAT 18359.47466163 -.00000049  00000-0 -11408-4 0  9990
2 34790  74.0567 106.4260 0107787  63.9638  55.9413 14.17581036506125
0 COSMOS 2251 DEB
1 34790U 93036AAT 18360.74561546 -.00000037  00000-0 -57747-5 0  9997
2 34790  74.0567 104.1643 0107773  61.3635  62.0215 14.17581098506306
0 COSMOS 2251 DEB
1 34790U 93036AAT 18361.36898890 -.00000050 +00000-0 -12128-4 0  9999
2 34790 074.0568 103.0551 0107796 060.0896 003.2897 14.17580857504968
0 COSMOS 2251 DEB
1 34790U 93036AAT 18362.07587024  .00000027  00000-0  23600-4 0  9991
2 34790  74.0568 101.7973 0107789  58.6372  10.7358 14.17581215506499
0 COSMOS 2251 DEB
1 34790U 93036AAT 18362.63995753 +.00000082 +00000-0 +49310-4 0  9992
2 34790 074.0568 100.7936 0107806 057.4871 009.4476 14.17581437505141
0 COSMOS 2251 DEB
1 34790U 93036AAT 18363.26811788  .00000135  00000-0  74210-4 0  9993
2 34790  74.0568  99.6759 0107812  56.2057 335.1446 14.17581660506662
0 COSMOS 2251 DEB
1 34790U 93036AAT 18363.71552535 +.00000168 +00000-0 +89359-4 0  9991
2 34790 074.0569 098.8798 0107807 055.2866 098.4095 14.17581743505297
0 COSMOS 2251 DEB
1 34790U 93036AAT 18364.41429941  .00000223  00000-0  11480-3 0  9994
2 34790  74.0570  97.6365 0107811  53.8498  64.4820 14.17582026506820
0 COSMOS 2251 DEB
1 34790U 93036AAT 18364.61487476 +.00000251 +00000-0 +12785-3 0  9993
2 34790 074.0570 097.2796 0107809 053.4354 008.0859 14.17582180505420
0 COSMOS 2251 DEB
1 34790U 93036AAT 18364.70282479 +.00000255 +00000-0 +12995-3 0  9996
2 34790 074.0570 097.1230 0107810 053.2478 096.9305 14.17582211505437
0 COSMOS 2251 DEB
1 34790U 93036AAT 18365.60353073  .00000330  00000-0  16492-3 0  9995
2 34790  74.0571  95.5206 0107830  51.4026  13.5230 14.17582777506995
0 COSMOS 2251 DEB
1 34790U 93036AAT 18365.60353073 +.00000330 +00000-0 +16492-3 0  9995
2 34790 074.0571 095.5206 0107830 051.4026 013.5230 14.17582777505567
0 COSMOS 2251 DEB
1 34790U 93036AAT 18365.96629809 +.00000358 +00000-0 +17766-3 0  9992
2 34790 074.0571 094.8751 0107842 050.6601 064.8419 14.17583059505615
0 COSMOS 2251 DEB
1 34790U 93036AAT 19001.67863767  .00000397  00000-0  19571-3 0  9990
2 34790  74.0572  93.6076 0107854  49.2025 100.1410 14.17583554507145
0 COSMOS 2251 DEB
1 34790U 93036AAT 19001.95449340 +.00000400 +00000-0 +19711-3 0  9999
2 34790 074.0572 093.1168 0107862 048.6373 067.9231 14.17583710505750
0 COSMOS 2251 DEB
1 34790U 93036AAT 19002.29543830 +.00000413 +00000-0 +20340-3 0  9990
2 34790 074.0572 092.5102 0107868 047.9386 007.8772 14.17584002505807
0 COSMOS 2251 DEB
1 34790U 93036AAT 19004.19530030  .00000401  00000-0  19781-3 0  9993
2 34790  74.0572  89.1295 0107911  44.0384 343.5139 14.17585448507508
0 COSMOS 2251 DEB
1 34790U 93036AAT 19004.27122163 +.00000389 +00000-0 +19191-3 0  9996
2 34790 074.0572 088.9944 0107914 043.8837 010.9646 14.17585424506083
0 COSMOS 2251 DEB
1 34790U 93036AAT 19005.96451931  .00000289  00000-0  14574-3 0  9990
2 34790  74.0571  85.9812 0107953  40.4037  12.4493 14.17586580507757
0 COSMOS 2251 DEB
1 34790U 93036AAT 19006.32943437 +.00000249 +00000-0 +12688-3 0  9998
2 34790 074.0571 085.3318 0107957 039.6531 074.7387 14.17586713506373
0 COSMOS 2251 DEB
1 34790U 93036AAT 19006.95268331 +.00000205 +00000-0 +10655-3 0  9994
2 34790 074.0571 084.2228 0107971 038.3669 015.4020 14.17587086506465
0 COSMOS 2251 DEB
1 34790U 93036AAT 19007.94039831  .00000114  00000-0  64305-4 0  9996
2 34790  74.0570  82.4652 0107991  36.3356  16.0603 14.17587443508034
0 COSMOS 2251 DEB
1 34790U 93036AAT 19008.30547782 +.00000079 +00000-0 +48337-4 0  9993
2 34790 074.0570 081.8155 0107997 035.5863 079.1888 14.17587542506656
0 COSMOS 2251 DEB
1 34790U 93036AAT 19009.36578841 -.00000009  00000-0  74539-5 0  9998
2 34790  74.0569  79.9287 0108024  33.4036  90.3304 14.17587643508235
0 COSMOS 2251 DEB
1 34790U 93036AAT 19009.65401392 -.00000021 +00000-0 +14427-5 0  9990
2 34790 074.0568 079.4158 0108034 032.8118 121.2460 14.17587679506842
0 COSMOS 2251 DEB
1 34790U 93036AAT 19010.64151233 -.00000056  00000-0 -14771-4 0  9997
2 34790  74.0567  77.6584 0108059  30.7787 120.8013 14.17587750508414
0 COSMOS 2251 DEB
1 34790U 93036AAT 19010.64151233 -.00000056 +00000-0 -14771-4 0  9997
2 34790 074.0567 077.6584 0108059 030.7787 120.8013 14.17587750506984
0 COSMOS 2251 DEB
1 34790U 93036AAT 19010.97761312 -.00000056 +00000-0 -14575-4 0  9990
2 34790 074.0567 077.0604 0108071 030.0948 036.0352 14.17587809507033
0 COSMOS 2251 DEB
1 34790U 93036AAT 19011.96505623 -.00000049  00000-0 -11361-4 0  9993
2 34790  74.0566  75.3032 0108103  28.0741  35.2942 14.17587808508601
0 COSMOS 2251 DEB
1 34790U 93036AAT 19012.82211984 -.00000019 +00000-0 +25428-5 0  9999
2 34790 074.0565 073.7780 0108132 026.3179 089.1833 14.17587803507296
0 COSMOS 2251 DEB
1 34790U 93036AAT 19013.23384700  .00000005  00000-0  13592-4 0  9994
2 34790  74.0564  73.0453 0108144  25.4800  30.3621 14.17587843508781
0 COSMOS 2251 DEB
1 34790U 93036AAT 19013.51790602 +.00000026 +00000-0 +23400-4 0  9999
2 34790 074.0564 072.5398 0108152 024.8985 040.0117 14.17587851507392
0 COSMOS 2251 DEB
1 34790U 93036AAT 19014.92769758 +.00000163 +00000-0 +87009-4 0  9990
2 34790 074.0563 070.0308 0108214 022.0201 034.6500 14.17588278507596
0 COSMOS 2251 DEB
1 34790U 93036AAT 19015.13426372  .00000185  00000-0  97226-4 0  9992
2 34790  74.0563  69.6632 0108222  21.5993   8.8253 14.17588381509057
0 COSMOS 2251 DEB
1 34790U 93036AAT 19016.19766980  .00000292  00000-0  14697-3 0  9990
2 34790  74.0562  67.7707 0108268  19.4347  35.7380 14.17588921509204
0 COSMOS 2251 DEB
1 34790U 93036AAT 19016.90339392 +.00000355 +00000-0 +17658-3 0  9992
2 34790 074.0561 066.5147 0108307 017.9926 037.2884 14.17589346507877
0 COSMOS 2251 DEB
1 34790U 93036AAT 19017.18562528 +.00000375 +00000-0 +18566-3 0  9993
2 34790 074.0561 066.0125 0108319 017.4189 037.6086 14.17589547507913
0 COSMOS 2251 DEB
1 34790U 93036AAT 19018.17352666  .00000428  00000-0  21055-3 0  9999
2 34790  74.0561  64.2543 0108374  15.4068  39.2028 14.17590250509483
0 COSMOS 2251 DEB
1 34790U 93036AAT 19019.52822861  .00000447  00000-0  21928-3 0  9998
2 34790  74.0561  61.8434 0108460  12.6393 112.7189 14.17591303509677
0 COSMOS 2251 DEB
1 34790U 93036AAT 19020.14942278 +.00000434 +00000-0 +21321-3 0  9996
2 34790 074.0561 060.7379 0108497 011.3756 042.8873 14.17591877508333
0 COSMOS 2251 DEB
1 34790U 93036AAT 19021.06133035 +.00000388 +00000-0 +19171-3 0  9999
2 34790 074.0560 059.1150 0108553 009.5182 016.6714 14.17592603509899
0 COSMOS 2251 DEB
1 34790U 93036AAT 19022.49085185  .00000269  00000-0  13652-3 0  9995
2 34790  74.0560  56.5708 0108644   6.6026 112.0305 14.17593564510093
0 COSMOS 2251 DEB
1 34790U 93036AAT 19022.90378687 +.00000252 +00000-0 +12869-3 0  9994
2 34790 074.0561 055.8360 0108702 005.7422 059.4063 14.17594027508722
0 COSMOS 2251 DEB
1 34790U 93036AAT 19023.89148003  .00000147  00000-0  79764-4 0  9991
2 34790  74.0561  54.0782 0108770   3.7294  59.9599 14.17594444510298
0 COSMOS 2251 DEB
1 34790U 93036AAT 19024.53875206 +.00000091 +00000-0 +53972-4 0  9996
2 34790 074.0561 052.9265 0108813 002.4117 123.2211 14.17594684508951
0 COSMOS 2251 DEB
1 34790U 93036AAT 19024.88010480 +.00000058 +00000-0 +38475-4 0  9993
2 34790 074.0561 052.3190 0108838 001.7183 065.2648 14.17594725509006
0 COSMOS 2251 DEB
1 34790U 93036AAT 19025.53297946  .00000014  00000-0  18037-4 0  9994
2 34790  74.0562  51.1572 0108879   0.3907 157.1165 14.17594840510524
0 COSMOS 2251 DEB
1 34790U 93036AAT 19026.44395572 -.00000054 +00000-0 -13446-4 0  9994
2 34790 074.0560 049.5353 0108946 358.5411 126.1477 14.17594647509225
0 COSMOS 2251 DEB
1 34790U 93036AAT 19027.06083056 -.00000040  00000-0 -69155-5 0  9998
2 34790  74.0559  48.4375 0108992 357.2912  34.2749 14.17594852510746
0 COSMOS 2251 DEB
1 34790U 93036AAT 19027.84338306 -.00000003 +00000-0 +10240-4 0  9993
2 34790 074.0558 047.0446 0109058 355.7056 067.9125 14.17595074509426
0 COSMOS 2251 DEB
1 34790U 93036AAT 19028.12684042 -.00000004 +00000-0 +99799-5 0  9994
2 34790 074.0557 046.5401 0109073 355.1327 074.4919 14.17595044510896
0 COSMOS 2251 DEB
1 34790U 93036AAT 19029.11207959 +.00000059 +00000-0 +38858-4 0  9999
2 34790 074.0557 044.7865 0109139 353.1438 062.5008 14.17595230509605
0 COSMOS 2251 DEB
1 34790U 93036AAT 19030.02441431  .00000142  00000-0  77629-4 0  9998
2 34790  74.0558  43.1628 0109185 351.3064  38.4494 14.17595543511164
0 COSMOS 2251 DEB
1 34790U 93036AAT 19031.45396157  .00000289  00000-0  14599-3 0  9998
2 34790  74.0556  40.6185 0109210 348.4312 133.9055 14.17596306511368
0 COSMOS 2251 DEB
1 34790U 93036AAT 19032.44743428 +.00000380 +00000-0 +18811-3 0  9998
2 34790 074.0557 038.8504 0109300 346.4361 163.9274 14.17597026510078
0 COSMOS 2251 DEB
1 34790U 93036AAT 19033.06607012  .00000407  00000-0  20063-3 0  9997
2 34790  74.0558  37.7494 0109332 345.1977  81.0294 14.17597422511599
0 COSMOS 2251 DEB
1 34790U 93036AAT 19033.34754924 +.00000444 +00000-0 +21777-3 0  9997
2 34790 074.0558 037.2483 0109363 344.6324 077.5125 14.17597761510202
0 COSMOS 2251 DEB
1 34790U 93036AAT 19034.75743976  .00000487  00000-0  23754-3 0  9992
2 34790  74.0558  34.7391 0109450 341.8103  72.6556 14.17599028511835
0 COSMOS 2251 DEB
1 34790U 93036AAT 19035.74452462 +.00000466 +00000-0 +22779-3 0  9992
2 34790 074.0561 032.9828 0109536 339.8384 070.0808 14.17599882510544
0 COSMOS 2251 DEB
1 34790U 93036AAT 19036.10979618  .00000454  00000-0  22233-3 0  9992
2 34790  74.0563  32.3329 0109551 339.1094 134.1850 14.17600251512021
0 COSMOS 2251 DEB
1 34790U 93036AAT 19036.73266150 +.00000429 +00000-0 +21085-3 0  9997
2 34790 074.0568 031.2251 0109534 337.8620 072.8831 14.17600873510686
0 COSMOS 2251 DEB
1 34790U 93036AAT 19037.72089168  .00000353  00000-0  17560-3 0  9998
2 34790  74.0568  29.4663 0109607 335.8833  76.1661 14.17601628512259
0 COSMOS 2251 DEB
1 34790U 93036AAT 19038.44056694 +.00000278 +00000-0 +14060-3 0  9994
2 34790 074.0568 028.1854 0109653 334.4469 148.9168 14.17602023510920
0 COSMOS 2251 DEB
1 34790U 93036AAT 19038.78221771  .00000262  00000-0  13311-3 0  9992
2 34790  74.0569  27.5775 0109664 333.7610  92.4832 14.17602327512401
0 COSMOS 2251 DEB
1 34790U 93036AAT 19039.77000899 +.00000163 +00000-0 +87487-4 0  9994
2 34790 074.0571 025.8195 0109711 331.7796 093.5348 14.17602741511118
0 COSMOS 2251 DEB
1 34790U 93036AAT 19040.96921841  .00000080  00000-0  48904-4 0  9995
2 34790  74.0571  23.6853 0109762 329.3833  93.5212 14.17603199512711
0 COSMOS 2251 DEB
1 34790U 93036AAT 19040.96921841 +.00000080 +00000-0 +48904-4 0  9995
2 34790 074.0571 023.6853 0109762 329.3833 093.5212 14.17603199511282
0 COSMOS 2251 DEB
1 34790U 93036AAT 19041.74531756 +.00000030 +00000-0 +25955-4 0  9990
2 34790 074.0572 022.3041 0109789 327.8224 094.2364 14.17603247511396
0 COSMOS 2251 DEB
1 34790U 93036AAT 19043.01730425 -.00000003  00000-0  10407-4 0  9993
2 34790  74.0573  20.0403 0109824 325.2802 105.6298 14.17603377513005
0 COSMOS 2251 DEB
1 34790U 93036AAT 19043.92673772 +.00000013 +00000-0 +17779-4 0  9993
2 34790 074.0574 018.4219 0109847 323.4634 066.7858 14.17603493511703
0 COSMOS 2251 DEB
1 34790U 93036AAT 19044.57871590  .00000027  00000-0  24303-4 0  9999
2 34790  74.0575  17.2616 0109868 322.1651 154.0526 14.17603494513223
0 COSMOS 2251 DEB
1 34790U 93036AAT 19044.91457223 +.00000044 +00000-0 +32086-4 0  9996
2 34790 074.0575 016.6639 0109870 321.4956 068.0428 14.17603564511843
0 COSMOS 2251 DEB
1 34790U 93036AAT 19045.35601431 +.00000076 +00000-0 +46934-4 0  9999
2 34790 074.0575 015.8784 0109881 320.6041 160.8850 14.17603694511904
0 COSMOS 2251 DEB
1 34790U 93036AAT 19045.97966277  .00000104  00000-0  60185-4 0  9995
2 34790  74.0576  14.7685 0109886 319.3609 103.5772 14.17603800513428
0 COSMOS 2251 DEB
1 34790U 93036AAT 19046.89047765 +.00000172 +00000-0 +91458-4 0  9991
2 34790 074.0577 013.1476 0109898 317.5456 071.7787 14.17604117512123
0 COSMOS 2251 DEB
1 34790U 93036AAT 19047.33221583  .00000209  00000-0  10875-3 0  9997
2 34790  74.0578  12.3615 0109906 316.6626 166.1237 14.17604331513611
0 COSMOS 2251 DEB
1 34790U 93036AAT 19047.95653980 +.00000249 +00000-0 +12715-3 0  9994
2 34790 074.0578 011.2505 0109908 315.4187 112.2643 14.17604624512277
0 COSMOS 2251 DEB
1 34790U 93036AAT 19048.94192135  .00000305  00000-0  15353-3 0  9998
2 34790  74.0579   9.4969 0109922 313.4538 101.0096 14.17605147513848
0 COSMOS 2251 DEB
1 34790U 93036AAT 19048.94192135 +.00000305 +00000-0 +15353-3 0  9998
2 34790 074.0579 009.4969 0109922 313.4538 101.0096 14.17605147512410
0 COSMOS 2251 DEB
1 34790U 93036AAT 19049.85392066 +.00000345 +00000-0 +17171-3 0  9998
2 34790 074.0580 007.8740 0109934 311.6342 075.2628 14.17605680512546
0 COSMOS 2251 DEB
1 34790U 93036AAT 19050.21400844  .00000357  00000-0  17727-3 0  9994
2 34790  74.0581   7.2331 0109946 310.9172 112.9167 14.17605914514025
0 COSMOS 2251 DEB
1 34790U 93036AAT 19050.91963508 +.00000358 +00000-0 +17778-3 0  9999
2 34790 074.0582 005.9775 0109952 309.5122 113.9775 14.17606351512692
0 COSMOS 2251 DEB
1 34790U 93036AAT 19051.56600786  .00000355  00000-0  17665-3 0  9999
2 34790  74.0583   4.8272 0109956 308.2236 172.6481 14.17606770514210
0 COSMOS 2251 DEB
1 34790U 93036AAT 19051.82956560 +.00000351 +00000-0 +17480-3 0  9993
2 34790 074.0583 004.3582 0109956 307.6998 077.6761 14.17606956512823
0 COSMOS 2251 DEB
1 34790U 93036AAT 19052.27141118 +.00000339 +00000-0 +16929-3 0  9991
2 34790 074.0583 003.5718 0109961 306.8191 172.5725 14.17607227512880
0 COSMOS 2251 DEB
1 34790U 93036AAT 19052.89392778  .00000311  00000-0  15622-3 0  9998
2 34790  74.0584   2.4640 0109964 305.5789 109.4986 14.17607630514401
0 COSMOS 2251 DEB
1 34790U 93036AAT 19052.96785015 +.00000306 +00000-0 +15380-3 0  9991
2 34790 074.0584 002.3325 0109965 305.4315 126.7513 14.17607668512985
0 COSMOS 2251 DEB
1 34790U 93036AAT 19053.25973288 +.00000292 +00000-0 +14746-3 0  9994
2 34790 074.0584 001.8130 0109970 304.8501 176.3341 14.17607823513028
0 COSMOS 2251 DEB
1 34790U 93036AAT 19054.24696777  .00000235  00000-0  12081-3 0  9996
2 34790  74.0586   0.0562 0109978 302.8839 174.5515 14.17608409514597
0 COSMOS 2251 DEB
1 34790U 93036AAT 19055.31307836  .00000152  00000-0  82633-4 0  9999
2 34790  74.0586 358.1589 0109983 300.7611 215.3017 14.17608844514745
0 COSMOS 2251 DEB
1 34790U 93036AAT 19055.85289353 +.00000115 +00000-0 +65200-4 0  9991
2 34790 074.0587 357.1984 0109982 299.6836 090.1788 14.17609090513396
0 COSMOS 2251 DEB
1 34790U 93036AAT 19056.84097986  .00000043  00000-0  31918-4 0  9999
2 34790  74.0587 355.4401 0109965 297.7129  92.7476 14.17609297514961
0 COSMOS 2251 DEB
1 34790U 93036AAT 19057.28322764 +.00000024 +00000-0 +23072-4 0  9994
2 34790 074.0586 354.6531 0109942 296.8374 189.6942 14.17609355513599
0 COSMOS 2251 DEB
1 34790U 93036AAT 19058.27658167 -.00000015  00000-0  50589-5 0  9998
2 34790  74.0586 352.8855 0109925 294.8588 219.1432 14.17609465515164
0 COSMOS 2251 DEB
1 34790U 93036AAT 19059.26441863 -.00000021 +00000-0 +22423-5 0  9994
2 34790 074.0586 351.1277 0109896 292.8903 220.4374 14.17609585513879
0 COSMOS 2251 DEB
1 34790U 93036AAT 19060.25445274 -.00000001  00000-0  11755-4 0  9998
2 34790  74.0586 349.3660 0109867 290.9091 232.9528 14.17609743515449
0 COSMOS 2251 DEB
1 34790U 93036AAT 19060.86833740 +.00000028 +00000-0 +25007-4 0  9997
2 34790 074.0586 348.2736 0109859 289.6744 125.8427 14.17609914514102
0 COSMOS 2251 DEB
1 34790U 93036AAT 19061.24130227 +.00000049 +00000-0 +34532-4 0  9996
2 34790 074.0586 347.6099 0109846 288.9308 229.2190 14.17609968514151
0 COSMOS 2251 DEB
1 34790U 93036AAT 19061.85627473  .00000081  00000-0  49432-4 0  9998
2 34790  74.0585 346.5156 0109823 287.7011 127.6530 14.17610122515676
0 COSMOS 2251 DEB
1 34790U 93036AAT 19062.84420525 +.00000144 +00000-0 +78648-4 0  9998
2 34790 074.0585 344.7576 0109786 285.7249 129.4318 14.17610409514380
0 COSMOS 2251 DEB
1 34790U 93036AAT 19063.21644141  .00000181  00000-0  96001-4 0  9996
2 34790  74.0585 344.0952 0109765 284.9881 229.0850 14.17610633515862
0 COSMOS 2251 DEB
1 34790U 93036AAT 19063.83213517 +.00000229 +00000-0 +11832-3 0  9994
2 34790 074.0585 342.9996 0109728 283.7543 131.2047 14.17611007514528
0 COSMOS 2251 DEB
1 34790U 93036AAT 19064.82013876  .00000285  00000-0  14403-3 0  9999
2 34790  74.0584 341.2415 0109687 281.7832 133.3550 14.17611511516094
0 COSMOS 2251 DEB
1 34790U 93036AAT 19065.73199944 +.00000330 +00000-0 +16513-3 0  9996
2 34790 074.0584 339.6189 0109652 279.9645 106.9216 14.17612092514791
0 COSMOS 2251 DEB
1 34790U 93036AAT 19066.45568466  .00000349  00000-0  17393-3 0  9992
2 34790  74.0584 338.3311 0109627 278.5209 200.1603 14.17612559516323
0 COSMOS 2251 DEB
1 34790U 93036AAT 19067.70787608  .00000355  00000-0  17668-3 0  9994
2 34790  74.0583 336.1029 0109615 276.0223 110.5711 14.17613475516502
0 COSMOS 2251 DEB
1 34790U 93036AAT 19068.15038215 +.00000341 +00000-0 +17011-3 0  9994
2 34790 074.0584 335.3156 0109612 275.1398 208.8489 14.17613725515134
0 COSMOS 2251 DEB
1 34790U 93036AAT 19069.42059321  .00000293  00000-0  14770-3 0  9991
2 34790  74.0584 333.0553 0109564 272.5949 211.2381 14.17614589516745
0 COSMOS 2251 DEB
1 34790U 93036AAT 19071.18512361  .00000173  00000-0  92445-4 0  9998
2 34790  74.0584 329.9157 0109495 269.0681 216.3316 14.17615436516999
0 COSMOS 2251 DEB
1 34790U 93036AAT 19071.73825289 +.00000130 +00000-0 +72447-4 0  9998
2 34790 074.0584 328.9314 0109461 267.9598 159.1716 14.17615600515642
0 COSMOS 2251 DEB
1 34790U 93036AAT 19072.71908201  .00000087  00000-0  52256-4 0  9990
2 34790  74.0582 327.1861 0109422 265.9931 124.7381 14.17615984517210
0 COSMOS 2251 DEB
1 34790U 93036AAT 19073.71343285 +.00000039 +00000-0 +29981-4 0  9992
2 34790 074.0580 325.4166 0109386 263.9974 159.3127 14.17616123515925
0 COSMOS 2251 DEB
1 34790U 93036AAT 19074.14902705  .00000033  00000-0  27322-4 0  9999
2 34790  74.0580 324.6415 0109371 263.1224 222.3270 14.17616204517413
0 COSMOS 2251 DEB
1 34790U 93036AAT 19074.77338844 +.00000027 +00000-0 +24461-4 0  9999
2 34790 074.0578 323.5304 0109346 261.8666 168.6989 14.17616335516077
0 COSMOS 2251 DEB
1 34790U 93036AAT 19075.76024205  .00000038  00000-0  29760-4 0  9991
2 34790  74.0577 321.7743 0109317 259.8791 165.0192 14.17616506517648
0 COSMOS 2251 DEB
1 34790U 93036AAT 19076.67072667 +.00000086 +00000-0 +51893-4 0  9992
2 34790 074.0576 320.1539 0109274 258.0459 131.5970 14.17616820516344
0 COSMOS 2251 DEB
1 34790U 93036AAT 19077.65914597  .00000140  00000-0  77027-4 0  9996
2 34790  74.0574 318.3949 0109236 256.0547 135.9092 14.17617158517912
0 COSMOS 2251 DEB
1 34790U 93036AAT 19078.10615142 +.00000165 +00000-0 +88597-4 0  9992
2 34790 074.0574 317.5994 0109220 255.1551 257.1617 14.17617289516544
0 COSMOS 2251 DEB
1 34790U 93036AAT 19081.06996988  .00000312  00000-0  15670-3 0  9996
2 34790  74.0570 312.3249 0109075 249.1862 262.7595 14.17618727518392
0 COSMOS 2251 DEB
1 34790U 93036AAT 19081.96977233 +.00000354 +00000-0 +17595-3 0  9991
2 34790 074.0568 310.7235 0109114 247.4013 174.8037 14.17619441517093
0 COSMOS 2251 DEB
1 34790U 93036AAT 19082.83025529  .00000342  00000-0  17055-3 0  9998
2 34790  74.0564 309.1915 0109085 245.6855 246.1958 14.17619925518641
0 COSMOS 2251 DEB
1 34790U 93036AAT 19082.95788373 +.00000347 +00000-0 +17271-3 0  9999
2 34790 074.0564 308.9644 0109083 245.4314 177.5351 14.17620032517232
0 COSMOS 2251 DEB
1 34790U 93036AAT 19083.81725418 +.00000329 +00000-0 +16439-3 0  9991
2 34790 074.0562 307.4349 0109058 243.7009 243.2692 14.17620575517354
0 COSMOS 2251 DEB
1 34790U 93036AAT 19084.31048906  .00000318  00000-0  15924-3 0  9993
2 34790  74.0561 306.5569 0109042 242.7006 240.4655 14.17620886518855
0 COSMOS 2251 DEB
1 34790U 93036AAT 19084.80517231 +.00000312 +00000-0 +15650-3 0  9999
2 34790 074.0559 305.6766 0109041 241.7046 245.0471 14.17621271517498
0 COSMOS 2251 DEB
1 34790U 93036AAT 19086.78115684  .00000230  00000-0  11839-3 0  9998
2 34790  74.0557 302.1597 0108995 237.7365 249.3416 14.17622456519209
0 COSMOS 2251 DEB
1 34790U 93036AAT 19086.99274052 +.00000219 +00000-0 +11339-3 0  9998
2 34790 074.0556 301.7829 0108992 237.3015 249.1539 14.17622519517804
0 COSMOS 2251 DEB
1 34790U 93036AAT 19087.96931924  .00000176  00000-0  93658-4 0  9991
2 34790  74.0555 300.0447 0108971 235.3378 193.0585 14.17622959519378
0 COSMOS 2251 DEB
1 34790U 93036AAT 19087.96931924 +.00000176 +00000-0 +93658-4 0  9991
2 34790 074.0555 300.0447 0108971 235.3378 193.0585 14.17622959517949
0 COSMOS 2251 DEB
1 34790U 93036AAT 19088.95698097 +.00000145 +00000-0 +79052-4 0  9990
2 34790 074.0553 298.2869 0108956 233.3550 193.5229 14.17623375518085
0 COSMOS 2251 DEB
1 34790U 93036AAT 19089.38014347  .00000137  00000-0  75417-4 0  9990
2 34790  74.0553 297.5337 0108943 232.5023 193.1075 14.17623561519576
0 COSMOS 2251 DEB
1 34790U 93036AAT 19089.66233604 +.00000129 +00000-0 +71714-4 0  9997
2 34790 074.0553 297.0315 0108938 231.9343 193.2598 14.17623663518189
0 COSMOS 2251 DEB
1 34790U 93036AAT 19090.57283560  .00000126  00000-0  70105-4 0  9995
2 34790  74.0551 295.4109 0108922 230.0971 159.9428 14.17623994519741
0 COSMOS 2251 DEB
1 34790U 93036AAT 19090.93273473 +.00000125 +00000-0 +70052-4 0  9997
2 34790 074.0550 294.7702 0108924 229.3677 196.6708 14.17624073518362
0 COSMOS 2251 DEB
1 34790U 93036AAT 19091.63858883  .00000127  00000-0  70821-4 0  9995
2 34790  74.0550 293.5139 0108908 227.9479 198.9529 14.17624284519898
0 COSMOS 2251 DEB
1 34790U 93036AAT 19092.62462605 +.00000156 +00000-0 +84415-4 0  9994
2 34790 074.0548 291.7588 0108895 225.9565 191.1414 14.17624697520036
0 COSMOS 2251 DEB
1 34790U 93036AAT 19093.27297662 +.00000193 +00000-0 +10130-3 0  9998
2 34790 074.0548 290.6048 0108874 224.6355 259.9771 14.17625098518699
0 COSMOS 2251 DEB
1 34790U 93036AAT 19093.98403816  .00000224  00000-0  11567-3 0  9996
2 34790  74.0548 289.3391 0108863 223.2005 288.8423 14.17625461520221
0 COSMOS 2251 DEB
1 34790U 93036AAT 19094.97233407 +.00000274 +00000-0 +13880-3 0  9998
2 34790 074.0547 287.5801 0108842 221.2099 292.5561 14.17626063518933
0 COSMOS 2251 DEB
1 34790U 93036AAT 19095.51242400  .00000296  00000-0  14894-3 0  9992
2 34790  74.0547 286.6188 0108829 220.1188 168.8795 14.17626405520446
0 COSMOS 2251 DEB
1 34790U 93036AAT 19095.58840554 +.00000300 +00000-0 +15102-3 0  9992
2 34790 074.0546 286.4835 0108833 219.9587 196.6546 14.17626475519028
0 COSMOS 2251 DEB
1 34790U 93036AAT 19096.57635201  .00000342  00000-0  17046-3 0  9998
2 34790  74.0546 284.7250 0108817 217.9635 198.5944 14.17627166520599
0 COSMOS 2251 DEB
1 34790U 93036AAT 19096.94197097 +.00000356 +00000-0 +17674-3 0  9997
2 34790 074.0546 284.0742 0108810 217.2285 264.5112 14.17627405519219
0 COSMOS 2251 DEB
1 34790U 93036AAT 19098.21173789  .00000389  00000-0  19245-3 0  9993
2 34790  74.0546 281.8141 0108783 214.6678 264.7114 14.17628435520820
0 COSMOS 2251 DEB
1 34790U 93036AAT 19098.55224104 +.00000395 +00000-0 +19491-3 0  9998
2 34790 074.0546 281.2082 0108774 213.9862 202.4502 14.17628738519447
0 COSMOS 2251 DEB
1 34790U 93036AAT 19099.46374671  .00000408  00000-0  20104-3 0  9992
2 34790  74.0546 279.5858 0108763 212.1500 174.2823 14.17629543521008
0 COSMOS 2251 DEB
1 34790U 93036AAT 19099.90585868 +.00000403 +00000-0 +19884-3 0  9991
2 34790 074.0547 278.7990 0108734 211.2726 270.5702 14.17629890519632
0 COSMOS 2251 DEB
1 34790U 93036AAT 19100.18878562 +.00000404 +00000-0 +19922-3 0  9994
2 34790 074.0547 278.2954 0108729 210.7033 274.4769 14.17630170519679
0 COSMOS 2251 DEB
1 34790U 93036AAT 19101.17664442  .00000391  00000-0  19294-3 0  9991
2 34790  74.0549 276.5373 0108715 208.7258 275.9677 14.17631074521242
0 COSMOS 2251 DEB
1 34790U 93036AAT 19101.58854706 +.00000383 +00000-0 +18934-3 0  9991
2 34790 074.0549 275.8043 0108688 207.9023 218.0933 14.17631464519870
0 COSMOS 2251 DEB
1 34790U 93036AAT 19102.65966497  .00000340  00000-0  16931-3 0  9999
2 34790  74.0550 273.8978 0108658 205.7536 284.5024 14.17632273521454
0 COSMOS 2251 DEB
1 34790U 93036AAT 19103.92960330  .00000280  00000-0  14175-3 0  9991
2 34790  74.0551 271.6373 0108627 203.2016 285.5922 14.17633096521634
0 COSMOS 2251 DEB
1 34790U 93036AAT 19103.92960330 +.00000280 +00000-0 +14175-3 0  9991
2 34790 074.0551 271.6373 0108627 203.2016 285.5922 14.17633096520206
0 COSMOS 2251 DEB
1 34790U 93036AAT 19104.91682490 +.00000237 +00000-0 +12177-3 0  9991
2 34790 074.0551 269.8800 0108612 201.2153 283.8510 14.17633650520349
0 COSMOS 2251 DEB
1 34790U 93036AAT 19105.54119486  .00000213  00000-0  11059-3 0  9993
2 34790  74.0552 268.7687 0108594 199.9580 230.3081 14.17633979521869
0 COSMOS 2251 DEB
1 34790U 93036AAT 19107.88026118 +.00000189 +00000-0 +99227-4 0  9997
2 34790 074.0554 264.6059 0108507 195.2547 287.6724 14.17635006520765
0 COSMOS 2251 DEB
1 34790U 93036AAT 19108.50269466 +.00000202 +00000-0 +10516-3 0  9991
2 34790 074.0551 263.4979 0108597 194.0143 224.2365 14.17635344520851
0 COSMOS 2251 DEB
1 34790U 93036AAT 19108.86865257  .00000211  00000-0  10953-3 0  9995
2 34790  74.0552 262.8466 0108592 193.2832 291.8887 14.17635477522338
0 COSMOS 2251 DEB
1 34790U 93036AAT 19109.57358484 +.00000223 +00000-0 +11494-3 0  9997
2 34790 074.0553 261.5922 0108567 191.8639 289.4953 14.17635740521006
0 COSMOS 2251 DEB
1 34790U 93036AAT 19110.47845773  .00000266  00000-0  13497-3 0  9992
2 34790  74.0554 259.9817 0108546 190.0430 227.4955 14.17636268522560
0 COSMOS 2251 DEB
1 34790U 93036AAT 19110.84967747 +.00000285 +00000-0 +14399-3 0  9992
2 34790 074.0554 259.3211 0108538 189.2989 322.0049 14.17636458521186
0 COSMOS 2251 DEB
1 34790U 93036AAT 19111.83796354  .00000338  00000-0  16827-3 0  9993
2 34790  74.0555 257.5622 0108527 187.3147 325.7009 14.17637121522754
0 COSMOS 2251 DEB
1 34790U 93036AAT 19112.37872757 +.00000360 +00000-0 +17853-3 0  9990
2 34790 074.0556 256.5998 0108518 186.2260 205.4820 14.17637497521406
0 COSMOS 2251 DEB
1 34790U 93036AAT 19114.43010778  .00000412  00000-0  20271-3 0  9992
2 34790  74.0558 252.9489 0108460 182.1009 234.6730 14.17638986523124
0 COSMOS 2251 DEB
1 34790U 93036AAT 19115.41815094 +.00000393 +00000-0 +19382-3 0  9994
2 34790 074.0562 251.1902 0108446 180.1406 237.1169 14.17639697521833
0 COSMOS 2251 DEB
1 34790U 93036AAT 19115.78475346  .00000398  00000-0  19607-3 0  9991
2 34790  74.0565 250.5381 0108427 179.3865 308.0882 14.17640061523310
0 COSMOS 2251 DEB
1 34790U 93036AAT 19116.77260372 +.00000345 +00000-0 +17163-3 0  9999
2 34790 074.0565 248.7802 0108390 177.3986 309.5800 14.17640687522025
0 COSMOS 2251 DEB
1 34790U 93036AAT 19117.46715970  .00000310  00000-0  15543-3 0  9997
2 34790  74.0567 247.5441 0108374 176.0033 254.2455 14.17641236523556
0 COSMOS 2251 DEB
1 34790U 93036AAT 19117.75959703 +.00000297 +00000-0 +14942-3 0  9999
2 34790 074.0566 247.0235 0108367 175.4257 306.6890 14.17641416522165
0 COSMOS 2251 DEB
1 34790U 93036AAT 19118.53728628  .00000243  00000-0  12401-3 0  9995
2 34790  74.0567 245.6395 0108344 173.8678 315.6218 14.17641858523706
0 COSMOS 2251 DEB
1 34790U 93036AAT 19118.81897688 +.00000235 +00000-0 +12062-3 0  9993
2 34790 074.0567 245.1382 0108334 173.3023 313.2299 14.17642070522311
0 COSMOS 2251 DEB
1 34790U 93036AAT 19119.44309692 +.00000187 +00000-0 +98255-4 0  9991
2 34790 074.0568 244.0276 0108316 172.0477 258.4286 14.17642342522409
0 COSMOS 2251 DEB
1 34790U 93036AAT 19120.43071588  .00000143  00000-0  77747-4 0  9997
2 34790  74.0569 242.2701 0108282 170.0666 258.7425 14.17642833523979
0 COSMOS 2251 DEB
1 34790U 93036AAT 19120.79526334 +.00000130 +00000-0 +71867-4 0  9993
2 34790 074.0569 241.6214 0108268 169.3388 319.2072 14.17642961522597
0 COSMOS 2251 DEB
1 34790U 93036AAT 19121.78825513  .00000098  00000-0  56865-4 0  9998
2 34790  74.0569 239.8542 0108237 167.3465 346.9421 14.17643241524162
0 COSMOS 2251 DEB
1 34790U 93036AAT 19122.32880221 +.00000096 +00000-0 +56134-4 0  9993
2 34790 074.0569 238.8923 0108225 166.2597 225.6274 14.17643446522811
0 COSMOS 2251 DEB
1 34790U 93036AAT 19123.39589153  .00000109  00000-0  62143-4 0  9993
2 34790  74.0569 236.9933 0108212 164.1316 271.5078 14.17643819524394
0 COSMOS 2251 DEB
1 34790U 93036AAT 19124.38038698 +.00000140 +00000-0 +76421-4 0  9995
2 34790 074.0570 235.2414 0108186 162.1644 255.8749 14.17644166523108
0 COSMOS 2251 DEB
1 34790U 93036AAT 19125.36833003  .00000193  00000-0  10080-3 0  9993
2 34790  74.0570 233.4834 0108154 160.1790 257.8490 14.17644623524675
0 COSMOS 2251 DEB
1 34790U 93036AAT 19125.74069243 +.00000209 +00000-0 +10851-3 0  9996
2 34790 074.0571 232.8208 0108139 159.4368 358.1968 14.17644738523298
0 COSMOS 2251 DEB
1 34790U 93036AAT 19126.72203764  .00000276  00000-0  13953-3 0  9993
2 34790  74.0571 231.0745 0108103 157.4649 326.5008 14.17645350524865
0 COSMOS 2251 DEB
1 34790U 93036AAT 19127.41790123 +.00000320 +00000-0 +15992-3 0  9995
2 34790 074.0572 229.8361 0108080 156.0652 277.8501 14.17645868523531
0 COSMOS 2251 DEB
1 34790U 93036AAT 19128.33196391  .00000359  00000-0  17793-3 0  9997
2 34790  74.0572 228.2096 0108044 154.2269 262.7826 14.17646500525093
0 COSMOS 2251 DEB
1 34790U 93036AAT 19129.68559899  .00000388  00000-0  19145-3 0  9997
2 34790  74.0572 225.8007 0107972 151.5165 331.0725 14.17647471525289
